Timestamp,SystemLatency
1777263215430,0.0000
1777263215495,107.2510
1777263215548,83.9475
1777263215589,82.4808
1777263215633,83.4599
1777263215669,77.9036
1777263215697,72.4384
1777263215730,68.6393
1777263215762,65.5311
1777263215799,62.8058
1777263215826,60.2505
1777263215854,57.7363
1777263215881,55.4437
1777263215932,52.7503
1777263215970,51.9917
1777263216004,51.4120
1777263216051,52.0896
1777263216084,52.4074
1777263216128,51.7932
1777263216155,50.8554
1777263216186,49.9136
1777263216222,49.1425
1777263216257,48.4353
1777263216293,47.8035
1777263216331,47.3027
1777263216365,46.8958
1777263216400,46.7043
1777263216436,46.6168
1777263216483,46.4927
1777263216520,45.5725
1777263216562,44.4213
1777263216597,42.1615
1777263216632,40.4039
1777263216663,39.5812
1777263216691,39.3815
1777263216719,39.5419
1777263216752,39.1568
1777263216788,38.8676
1777263216816,39.0248
1777263216845,38.6554
1777263216873,38.9354
1777263216922,39.0109
1777263216965,39.1107
1777263216993,38.9038
1777263217020,38.4871
1777263217065,37.0051
1777263217094,36.0179
1777263217121,35.5905
1777263217168,34.9153
1777263217193,34.9536
1777263217220,34.7170
1777263217268,34.3074
1777263217296,34.3472
1777263217322,34.5115
1777263217388,34.3377
1777263217421,35.0811
1777263217447,34.7554
1777263217493,34.1101
1777263217526,33.4287
1777263217553,32.5504
1777263217582,31.6131
1777263217633,31.0410
1777263217664,30.9344
1777263217695,30.9332
1777263217726,31.0000
1777263217760,31.3375
1777263217790,31.6482
1777263217821,31.6761
1777263217852,31.8642
1777263217883,32.0156
1777263217913,32.2138
1777263217947,31.8769
1777263217979,31.2711
1777263218008,30.8931
1777263218067,30.5121
1777263218116,32.0400
1777263218152,33.4261
1777263218182,33.4162
1777263218211,33.4679
1777263218264,33.5223
1777263218298,33.8622
1777263218333,34.0185
1777263218365,34.4601
1777263218398,34.7208
1777263218434,34.4629
1777263218471,34.8578
1777263218506,35.8489
1777263218541,36.7721
1777263218577,37.7519
1777263218610,38.4993
1777263218649,38.9415
1777263218682,39.4723
1777263218718,39.2923
1777263218753,39.0401
1777263218792,38.9494
1777263218830,39.0486
1777263218867,40.0711
1777263218903,40.8740
1777263218937,41.6149
1777263218973,42.4967
1777263219011,43.0069
1777263219047,44.3589
1777263219083,44.3244
1777263219118,43.6880
1777263219156,43.1652
1777263219191,42.9762
1777263219228,44.6500
1777263219271,44.7172
1777263219296,45.4386
1777263219322,45.1025
1777263219350,44.6536
1777263219381,44.1499
1777263219420,43.7208
1777263219450,43.1090
1777263219479,42.4212
1777263219509,41.2071
1777263219560,39.9261
1777263219590,38.9819
1777263219620,38.3785
1777263219649,38.0481
1777263219679,37.1616
1777263219710,36.7862
1777263219739,36.3807
1777263219790,35.7348
1777263219819,35.5883
1777263219849,35.5665
1777263219879,34.9547
1777263219914,33.9222
1777263219942,33.4476
1777263219993,32.5399
1777263220022,32.3750
1777263220053,32.2952
1777263220082,32.1063
1777263220112,32.4795
1777263220148,32.2899
1777263220180,32.2845
1777263220212,31.8179
1777263220242,31.5802
1777263220273,31.0186
1777263220325,29.5769
1777263220359,29.6753
1777263220402,30.6810
1777263220431,31.2764
1777263220462,32.0116
1777263220497,32.8538
1777263220527,33.7846
1777263220558,34.7637
1777263220602,35.0278
1777263220631,35.2243
1777263220663,36.0639
1777263220697,37.7405
1777263220732,38.6916
1777263220767,39.8748
1777263220822,40.4522
1777263220854,41.9458
1777263220892,43.5061
1777263220960,46.4842
1777263220994,46.6901
1777263221027,47.6715
1777263221059,47.4582
1777263221090,47.3635
1777263221122,47.0244
1777263221153,46.8972
1777263221186,46.6639
1777263221217,46.3380
1777263221247,46.0365
1777263221298,45.7435
1777263221329,46.3836
1777263221361,46.3375
1777263221391,45.8327
1777263221421,45.1790
1777263221455,44.5805
1777263221486,43.8998
1777263221517,43.2735
1777263221547,42.4210
1777263221599,41.6191
1777263221630,41.5202
1777263221663,41.0804
1777263221695,40.6277
1777263221731,40.2262
1777263221768,39.8027
1777263221806,39.8350
1777263221844,39.9318
1777263221887,39.0669
1777263221925,38.9595
1777263221958,38.4023
1777263221992,37.5022
1777263222023,36.5676
1777263222062,36.6563
1777263222098,36.8423
1777263222136,38.3003
1777263222176,39.2273
1777263222214,40.1613
1777263222257,42.1026
1777263222296,43.2075
1777263222330,43.3508
1777263222368,43.5349
1777263222406,45.0985
1777263222444,45.7860
1777263222474,45.6352
1777263222540,47.0565
1777263222570,47.2818
1777263222597,47.8115
1777263222653,48.0003
1777263222786,51.9450
1777263222843,56.2086
1777263222878,55.6190
1777263222909,55.8529
1777263222943,55.6735
1777263222977,55.9351
1777263223011,56.1889
1777263223045,55.8816
1777263223080,56.1252
1777263223112,56.1896
1777263223147,56.2241
1777263223182,56.1907
1777263223216,56.0508
1777263223249,56.3375
1777263223285,56.0631
1777263223318,55.9335
1777263223356,56.3690
1777263223395,56.3351
1777263223429,56.1629
1777263223466,55.9216
1777263223503,55.3552
1777263223537,54.8142
1777263223569,54.2742
1777263223604,55.2057
1777263223639,54.8964
1777263223673,54.6028
1777263223706,54.1684
1777263223741,53.6565
1777263223775,53.2754
1777263223811,51.4795
1777263223846,46.6379
1777263223880,46.8933
1777263223916,46.9872
1777263223952,47.0793
1777263223984,47.0904
1777263224015,47.4975
1777263224053,47.9138
1777263224095,48.2600
1777263224131,47.8452
1777263224167,47.2013
1777263224205,46.7069
1777263224242,46.4301
1777263224278,46.2097
1777263224316,46.0709
1777263224354,46.2837
1777263224395,46.3299
1777263224430,45.8121
1777263224505,45.5583
1777263224532,48.4800
1777263224560,48.3934
1777263224595,48.2979
1777263224628,48.1247
1777263224662,47.9344
1777263224692,47.4138
1777263224723,47.0896
1777263224756,46.8558
1777263224788,46.5203
1777263224819,45.7075
1777263224851,44.8372
1777263224882,44.1629
1777263224913,43.3559
1777263224969,42.7597
1777263224999,42.5657
1777263225027,41.8275
1777263225059,40.9776
1777263225100,40.3837
1777263225132,40.6327
1777263225165,41.0439
1777263225196,40.9569
1777263225226,40.7238
1777263225260,40.3808
1777263225295,40.0736
1777263225328,39.6413
1777263225363,39.3073
1777263225400,38.3020
1777263225435,38.8185
1777263225470,39.2552
1777263225506,39.5665
1777263225540,38.5094
1777263225577,38.2408
1777263225619,39.4768
1777263225687,39.2800
1777263225716,40.4234
1777263225752,41.2032
1777263225788,41.0202
1777263225837,41.8879
1777263225866,42.5126
1777263225897,42.8847
1777263225929,43.1262
1777263225963,43.3736
1777263226000,43.3561
1777263226034,44.1923
1777263226070,44.7413
1777263226102,45.1168
1777263226134,45.0865
1777263226170,45.1118
1777263226208,45.2605
1777263226245,46.6257
1777263226288,47.3348
1777263226331,47.0811
1777263226370,48.1813
1777263226407,48.4823
1777263226445,48.7476
1777263226488,49.0456
1777263226558,48.7276
1777263226584,49.7500
1777263226614,49.2382
1777263226648,48.6479
1777263226681,48.3774
1777263226711,47.5964
1777263226747,47.0264
1777263226781,46.8743
1777263226816,47.6439
1777263226853,47.4393
1777263226888,47.3512
1777263226923,47.4516
1777263226959,48.0307
1777263226993,49.0255
1777263227029,49.1595
1777263227069,48.7101
1777263227107,48.3549
1777263227140,47.8956
1777263227175,47.5120
1777263227214,47.1439
1777263227251,46.3197
1777263227285,45.7604
1777263227322,45.4907
1777263227358,46.0085
1777263227395,46.0381
1777263227431,46.0818
1777263227470,45.4658
1777263227505,45.4129
1777263227540,44.9748
1777263227579,44.1616
1777263227616,43.2349
1777263227655,43.8501
1777263227693,44.7913
1777263227729,45.4283
1777263227767,45.8636
1777263227807,46.8545
1777263227844,46.6054
1777263227880,46.2465
1777263227920,46.2252
1777263227955,46.3952
1777263227992,46.1988
1777263228029,46.0463
1777263228069,45.9503
1777263228151,49.1934
1777263228205,52.1853
1777263228238,52.7782
1777263228270,53.1600
1777263228309,53.4258
1777263228348,53.6142
1777263228386,52.9845
1777263228425,52.2637
1777263228464,52.6204
1777263228501,52.6011
1777263228539,53.2639
1777263228582,53.3323
1777263228621,53.8960
1777263228661,53.6216
1777263228699,53.3838
1777263228740,53.8056
1777263228780,54.0508
1777263228858,55.3014
1777263228883,55.0668
1777263228909,54.2199
1777263228959,53.3659
1777263228988,52.6206
1777263229021,51.8089
1777263229049,50.7740
1777263229082,50.0892
1777263229110,48.9880
1777263229142,48.3192
1777263229195,43.1585
1777263229228,42.9432
1777263229258,42.2723
1777263229293,41.7479
1777263229325,41.3543
1777263229361,41.0087
1777263229391,40.7452
1777263229421,40.7898
1777263229459,40.6135
1777263229491,40.1245
1777263229524,39.4860
1777263229556,38.9888
1777263229590,38.6976
1777263229624,37.7212
1777263229658,37.4672
1777263229692,37.6763
1777263229727,37.0836
1777263229761,36.4113
1777263229798,35.8937
1777263229833,36.1077
1777263229868,34.7035
1777263229905,36.3814
1777263229937,37.4420
1777263229992,38.2565
1777263230023,39.8737
1777263230063,41.6426
1777263230103,42.1393
1777263230157,43.5454
1777263230188,44.8644
1777263230225,45.7813
1777263230259,45.4746
1777263230293,45.8099
1777263230330,46.6750
1777263230366,46.6877
1777263230404,46.8650
1777263230442,47.2885
1777263230483,48.6782
1777263230518,48.4967
1777263230555,48.5373
1777263230593,48.3565
1777263230632,49.6877
1777263230664,49.9784
1777263230696,50.1233
1777263230729,50.2041
1777263230762,50.2463
1777263230853,49.9794
1777263230879,52.5464
1777263230910,54.0171
1777263230939,53.3330
1777263230966,52.2506
1777263231014,50.8276
1777263231043,49.5125
1777263231073,48.9651
1777263231102,48.0532
1777263231130,47.3177
1777263231180,46.0368
1777263231211,44.8828
1777263231243,43.7322
1777263231274,43.6129
1777263231306,43.3520
1777263231337,42.9779
1777263231369,42.5198
1777263231400,41.9020
1777263231430,41.4152
1777263231460,40.6676
1777263231513,39.2385
1777263231544,39.0245
1777263231575,39.2572
1777263231606,39.3754
1777263231638,38.9094
1777263231670,38.4590
1777263231705,38.0368
1777263231738,37.5884
1777263231770,37.1573
1777263231802,36.8498
1777263231834,36.5405
1777263231866,36.2298
1777263231899,33.6364
1777263231933,30.2341
1777263231966,30.1253
1777263231999,30.9634
1777263232032,31.4503
1777263232065,31.3407
1777263232098,31.2258
1777263232131,31.3145
1777263232164,31.4670
1777263232198,31.1993
1777263232232,30.9806
1777263232266,30.8285
1777263232303,30.8589
1777263232340,30.9755
1777263232377,31.1761
1777263232416,31.5123
1777263232454,32.6682
1777263232491,33.7303
1777263232528,34.1012
1777263232563,33.8851
1777263232599,33.4067
1777263232636,33.4506
1777263232676,33.5349
1777263232712,33.6745
1777263232747,33.8058
1777263232825,34.3332
1777263232855,37.2346
1777263232888,39.6580
1777263232919,39.5139
1777263232950,39.6405
1777263232980,39.5669
1777263233010,39.2385
1777263233041,38.8053
1777263233073,38.4418
1777263233124,38.7017
1777263233155,38.9887
1777263233187,39.3537
1777263233219,39.2155
1777263233250,39.4751
1777263233281,39.6126
1777263233314,39.6151
1777263233346,39.6444
1777263233377,39.4461
1777263233410,39.2255
1777263233443,38.9419
1777263233474,38.0518
1777263233507,37.4881
1777263233540,36.7421
1777263233572,36.7669
1777263233605,36.7135
1777263233638,36.2235
1777263233670,35.6064
1777263233704,34.9480
1777263233737,34.4583
1777263233769,34.0914
1777263233801,33.7054
1777263233833,32.6669
1777263233888,30.6294
1777263233920,28.5525
1777263233956,29.5677
1777263233988,30.2052
1777263234021,30.9248
1777263234054,31.6946
1777263234088,32.4508
1777263234120,33.0962
1777263234153,33.1131
1777263234186,33.0598
1777263234220,33.4961
1777263234253,34.5523
1777263234286,35.1406
1777263234320,35.6510
1777263234352,35.8608
1777263234387,36.0786
1777263234421,36.2984
1777263234454,36.6208
1777263234488,36.9048
1777263234522,38.4411
1777263234559,39.2778
1777263234594,40.1854
1777263234629,41.1427
1777263234663,42.1892
1777263234701,42.1107
1777263234740,43.6581
1777263234777,43.8328
1777263234813,44.1075
1777263234849,44.4110
1777263234884,45.6280
1777263234918,45.8468
1777263234958,45.8646
1777263234994,45.9051
1777263235030,45.9834
1777263235069,46.0707
1777263235104,46.2948
1777263235141,45.9994
1777263235179,45.7865
1777263235252,45.1126
1777263235279,47.1648
1777263235307,46.9411
1777263235337,46.6410
1777263235366,46.2060
1777263235396,45.5075
1777263235446,44.8868
1777263235478,44.7111
1777263235507,44.7990
1777263235537,44.4283
1777263235566,43.9743
1777263235595,43.2741
1777263235625,42.4316
1777263235676,41.2972
1777263235706,41.3540
1777263235737,40.7476
1777263235769,40.5991
1777263235800,40.1128
1777263235831,39.7685
1777263235864,39.3313
1777263235895,38.4986
1777263235927,37.9252
1777263235959,37.2079
1777263235991,36.4192
1777263236043,35.5974
1777263236076,34.9134
1777263236109,34.5408
1777263236142,35.2801
1777263236175,35.6133
1777263236207,35.8083
1777263236239,35.9302
1777263236271,34.3439
1777263236304,33.7599
1777263236336,33.7309
1777263236368,33.7039
1777263236403,33.8128
1777263236437,34.0427
1777263236470,33.9384
1777263236506,34.1070
1777263236539,34.1241
1777263236573,34.1429
1777263236608,34.2902
1777263236642,34.5541
1777263236676,34.8930
1777263236711,34.8669
1777263236747,35.2868
1777263236782,36.1907
1777263236816,36.8220
1777263236851,37.5154
1777263236886,38.2997
1777263236922,38.8784
1777263237021,42.2239
1777263237118,50.8179
1777263237153,53.8873
1777263237194,53.8785
1777263237229,55.0085
1777263237264,55.0526
1777263237298,55.1619
1777263237331,55.2778
1777263237365,55.4124
1777263237402,56.3185
1777263237436,57.0037
1777263237472,57.3942
1777263237542,59.0807
1777263237567,60.6397
1777263237596,60.4004
1777263237623,59.3763
1777263237651,58.9330
1777263237681,58.3649
1777263237732,57.4352
1777263237763,57.4115
1777263237792,57.0276
1777263237822,56.1373
1777263237851,55.6444
1777263237881,54.8533
1777263237932,53.8992
1777263237963,52.8715
1777263237993,52.1234
1777263238025,50.2462
1777263238056,47.7101
1777263238086,45.4420
1777263238117,42.2423
1777263238149,40.0609
1777263238179,38.5782
1777263238232,37.0687
1777263238264,36.9039
1777263238296,36.7004
1777263238327,36.8665
1777263238359,36.9231
1777263238390,36.9621
1777263238425,36.7057
1777263238455,36.1457
1777263238484,35.4570
1777263238515,35.2075
1777263238546,34.8955
1777263238599,32.0851
1777263238633,32.3071
1777263238666,33.7982
1777263238699,34.6269
1777263238731,34.9932
1777263238762,35.2952
1777263238794,35.3508
1777263238826,35.4753
1777263238857,35.6134
1777263238889,35.7905
1777263238920,35.9863
1777263238953,35.6859
1777263238985,35.5460
1777263239017,35.7548
1777263239050,35.9236
1777263239083,35.9771
1777263239115,35.9415
1777263239147,35.9228
1777263239180,35.9264
1777263239216,35.9459
1777263239249,35.6452
1777263239280,35.3451
1777263239317,35.0725
1777263239394,34.4696
1777263239424,36.1970
1777263239451,36.2257
1777263239480,36.3349
1777263239508,36.4221
1777263239536,36.4387
1777263239564,36.4123
1777263239614,35.8403
1777263239643,35.6953
1777263239672,35.2518
1777263239701,35.2774
1777263239730,34.6711
1777263239780,33.7482
1777263239810,33.3650
1777263239839,33.0965
1777263239868,32.8654
1777263239897,32.5425
1777263239948,32.2120
1777263239979,32.3591
1777263240009,32.7576
1777263240039,32.7445
1777263240071,32.7825
1777263240103,32.5621
1777263240133,32.6824
1777263240164,32.5762
1777263240194,32.3819
1777263240245,32.1150
1777263240276,32.1540
1777263240306,32.5651
1777263240337,32.9747
1777263240368,33.2011
1777263240399,33.1257
1777263240430,30.8979
1777263240462,30.4877
1777263240515,30.1799
1777263240548,30.3326
1777263240581,31.7940
1777263240614,32.1569
1777263240647,32.5247
1777263240680,32.4181
1777263240713,32.1180
1777263240744,32.7792
1777263240776,33.4423
1777263240807,33.5090
1777263240838,33.4412
1777263240871,33.4263
1777263240904,33.5338
1777263240936,33.7707
1777263240967,34.0221
1777263240998,33.8362
1777263241031,33.7853
1777263241114,34.2016
1777263241139,34.1236
1777263241167,34.4733
1777263241217,34.2942
1777263241248,34.8776
1777263241277,35.0695
1777263241306,34.8471
1777263241335,34.6238
1777263241364,34.4065
1777263241415,34.0980
1777263241445,34.2720
1777263241474,34.8059
1777263241505,35.2679
1777263241536,35.2253
1777263241567,35.0275
1777263241597,34.6849
1777263241648,34.2564
1777263241679,34.1041
1777263241708,33.9516
1777263241738,33.6117
1777263241768,33.3451
1777263241797,33.0338
1777263241847,32.5132
1777263241878,33.0834
1777263241907,33.4582
1777263241938,33.6359
1777263241969,33.4420
1777263242000,33.3009
1777263242031,33.1430
1777263242060,32.8411
1777263242112,32.3961
1777263242144,32.2879
1777263242177,32.6660
1777263242209,33.1235
1777263242240,33.2663
1777263242270,33.1338
1777263242304,33.0888
1777263242335,33.0756
1777263242366,33.1117
1777263242399,33.2492
1777263242429,32.9501
1777263242461,32.5803
1777263242493,31.9098
1777263242526,31.4744
1777263242559,31.2796
1777263242591,30.9438
1777263242624,30.7073
1777263242658,30.7157
1777263242691,30.3482
1777263242724,29.9848
1777263242758,29.7690
1777263242793,29.5679
1777263242827,29.7919
1777263242863,29.8627
1777263242897,29.6181
1777263242931,29.5078
1777263242965,29.3748
1777263242999,29.2988
1777263243035,29.4009
1777263243073,30.3241
1777263243107,30.7943
1777263243142,31.1611
1777263243177,31.2049
1777263243212,31.2653
1777263243248,31.4739
1777263243283,32.0192
1777263243318,32.7622
1777263243354,33.4845
1777263243391,34.4342
1777263243453,34.8857
1777263243478,34.9402
1777263243506,34.9383
1777263243554,34.6276
1777263243583,35.0123
1777263243612,35.1192
1777263243641,35.0467
1777263243695,34.9627
1777263243723,35.3128
1777263243752,35.9786
1777263243780,36.4302
1777263243809,36.1540
1777263243839,36.0348
1777263243888,35.5898
1777263243917,35.7213
1777263243946,35.7106
1777263243974,35.4589
1777263244024,35.1192
1777263244053,35.1468
1777263244082,35.3687
1777263244110,35.0408
1777263244139,34.4378
1777263244189,33.4870
1777263244219,33.0125
1777263244249,32.5623
1777263244278,32.2069
1777263244307,31.2266
1777263244339,30.1048
1777263244368,29.4063
1777263244417,28.0703
1777263244446,28.1458
1777263244473,28.0580
1777263244521,28.5816
1777263244549,29.2799
1777263244576,29.3453
1777263244603,29.1542
1777263244654,28.9219
1777263244683,29.1538
1777263244711,29.4881
1777263244738,29.2437
1777263244789,28.4668
1777263244823,28.6437
1777263244856,29.3246
1777263244889,30.1193
1777263244922,30.4054
1777263244954,30.6482
1777263244987,30.8290
1777263245021,31.8915
1777263245052,32.2995
1777263245084,32.3026
1777263245117,32.1827
1777263245148,32.8584
1777263245180,33.5326
1777263245211,33.6214
1777263245242,33.5904
1777263245274,33.5468
1777263245306,33.5594
1777263245340,33.6131
1777263245374,33.7596
1777263245408,34.0440
1777263245442,34.5087
1777263245476,34.4702
1777263245511,34.4738
1777263245546,34.5722
1777263245580,34.6742
1777263245617,34.9144
1777263245653,35.6692
1777263245744,36.1226
1777263245769,39.3267
1777263245795,39.0169
1777263245822,39.5438
1777263245870,38.9842
1777263245897,38.7640
1777263245925,38.4059
1777263245973,37.8675
1777263246003,37.8140
1777263246032,37.6438
1777263246060,37.4847
1777263246088,36.9634
1777263246139,36.1517
1777263246167,36.0119
1777263246195,35.9602
1777263246225,35.8301
1777263246254,35.6644
1777263246305,35.3910
1777263246335,35.6500
1777263246364,35.8811
1777263246394,36.8128
1777263246425,37.0987
1777263246452,37.2824
1777263246502,36.8533
1777263246532,37.0724
1777263246562,36.7863
1777263246593,36.5974
1777263246622,36.3580
1777263246653,35.9542
1777263246684,35.0861
1777263246737,34.2430
1777263246768,33.2006
1777263246799,32.4369
1777263246830,31.8529
1777263246862,31.9974
1777263246893,32.0826
1777263246925,32.1092
1777263246957,32.2114
1777263246989,31.8884
1777263247022,31.6436
1777263247054,31.1243
1777263247085,30.3381
1777263247139,31.5479
1777263247173,31.8236
1777263247208,31.9011
1777263247241,32.6582
1777263247275,34.2995
1777263247309,34.8048
1777263247342,35.2818
1777263247378,35.4771
1777263247413,35.6185
1777263247446,35.5649
1777263247480,36.3653
1777263247516,37.8577
1777263247553,38.7509
1777263247591,39.5116
1777263247626,39.5619
1777263247663,39.8337
1777263247700,41.5481
1777263247735,41.7344
1777263247772,41.9629
1777263247807,42.1165
1777263247843,42.3273
1777263247880,43.4612
1777263247916,44.7596
1777263247997,47.1288
1777263248023,47.3720
1777263248050,47.4853
1777263248099,47.2479
1777263248127,46.9721
1777263248155,46.3743
1777263248184,45.8163
1777263248233,45.0578
1777263248262,44.2591
1777263248291,43.8731
1777263248320,43.1020
1777263248350,42.5883
1777263248379,41.8152
1777263248429,40.8102
1777263248458,40.3694
1777263248488,39.3003
1777263248518,38.1674
1777263248547,36.9135
1777263248577,35.9165
1777263248629,34.5699
1777263248659,34.9664
1777263248691,34.6661
1777263248740,34.4616
1777263248771,34.4991
1777263248804,35.0253
1777263248836,35.2750
1777263248870,34.9164
1777263248903,34.4358
1777263248936,34.1308
1777263248973,34.6500
1777263249007,33.5217
1777263249039,34.4878
1777263249072,36.2714
1777263249105,36.8418
1777263249136,37.8656
1777263249168,38.5332
1777263249200,39.6544
1777263249233,40.0367
1777263249266,40.4049
1777263249301,40.7068
1777263249335,41.1039
1777263249371,42.5000
1777263249405,43.6255
1777263249437,44.0111
1777263249472,44.7521
1777263249503,45.4912
1777263249536,46.8783
1777263249569,47.9791
1777263249601,48.2668
1777263249634,49.2760
1777263249666,49.5474
1777263249698,50.1885
1777263249731,50.5949
1777263249767,51.1463
1777263249800,51.1252
1777263249834,51.1606
1777263249866,51.2084
1777263249897,51.2021
1777263249930,51.0608
1777263249964,51.0586
1777263250000,50.9961
1777263250034,51.3434
1777263250069,51.3489
1777263250105,51.3641
1777263250144,50.6457
1777263250227,51.8274
1777263250255,51.2590
1777263250285,50.5686
1777263250314,49.9020
1777263250345,49.1661
1777263250396,48.2857
1777263250427,47.5446
1777263250458,47.0243
1777263250489,46.4662
1777263250520,45.9171
1777263250551,45.2491
1777263250582,44.5428
1777263250613,43.8224
1777263250644,43.1438
1777263250694,42.4064
1777263250726,41.5552
1777263250758,41.0713
1777263250789,40.5213
1777263250820,39.8977
1777263250853,39.4134
1777263250886,38.9228
1777263250917,38.4154
1777263250948,37.9744
1777263250980,37.3238
1777263251012,36.7292
1777263251044,35.7053
1777263251076,34.9913
1777263251109,34.1879
1777263251142,33.5693
1777263251175,33.0895
1777263251208,32.8226
1777263251240,31.0440
1777263251294,30.8505
1777263251330,31.7035
1777263251365,32.5459
1777263251400,33.0067
1777263251436,33.4168
1777263251470,33.4568
1777263251505,34.6607
1777263251540,35.4091
1777263251576,36.3321
1777263251615,37.2219
1777263251649,37.3240
1777263251682,37.7944
1777263251718,38.2135
1777263251755,38.0867
1777263251794,38.1065
1777263251831,38.1533
1777263251866,39.1738
1777263251901,39.9204
1777263251937,40.3092
1777263251975,41.0759
1777263252008,41.4711
1777263252041,42.4140
1777263252073,42.8021
1777263252107,42.3481
1777263252142,42.7951
1777263252172,42.7011
1777263252204,42.6439
1777263252242,42.6030
1777263252279,42.7401
1777263252316,42.5155
1777263252354,42.7149
1777263252391,42.5676
1777263252429,42.5069
1777263252467,42.8126
1777263252503,42.7791
1777263252542,42.4150
1777263252579,41.8496
1777263252619,41.3411
1777263252661,41.8499
1777263252697,42.2148
1777263252738,42.4816
1777263252779,43.8973
1777263252817,43.6205
1777263252854,43.6002
1777263252891,43.5249
1777263252928,43.4069
1777263252967,43.5186
1777263253009,44.2207
1777263253047,43.7526
1777263253086,44.0650
1777263253125,45.1562
1777263253166,46.1510
1777263253209,47.0092
1777263253248,47.7842
1777263253286,48.4011
1777263253326,48.7844
1777263253364,48.9529
1777263253405,49.8989
1777263253495,48.9539
1777263253521,51.7064
1777263253546,50.9119
1777263253575,51.0383
1777263253604,50.7252
1777263253633,49.9103
1777263253683,48.8957
1777263253713,48.5190
1777263253743,48.1073
1777263253772,46.9959
1777263253802,46.0652
1777263253833,45.2367
1777263253863,44.7413
1777263253914,43.6329
1777263253946,42.7748
1777263253977,41.9253
1777263254008,41.5569
1777263254040,40.4939
1777263254071,39.8589
1777263254103,39.3587
1777263254135,38.9238
1777263254167,38.1449
1777263254199,37.2489
1777263254232,36.6920
1777263254265,35.9749
1777263254297,35.2175
1777263254329,34.6059
1777263254363,33.8486
1777263254397,32.4244
1777263254429,31.1917
1777263254462,30.8118
1777263254495,30.3999
1777263254527,27.8668
1777263254580,26.8818
1777263254613,27.0991
1777263254650,27.3440
1777263254683,28.5229
1777263254718,29.0751
1777263254751,29.0769
1777263254786,29.6710
1777263254821,30.3308
1777263254855,31.1793
1777263254891,31.8132
1777263254925,33.4794
1777263254960,34.1777
1777263254993,34.8081
1777263255030,35.4754
1777263255063,35.4191
1777263255098,35.1918
1777263255133,35.4429
1777263255167,35.9417
1777263255202,35.9536
1777263255237,36.0469
1777263255272,36.2371
1777263255307,36.4762
1777263255344,36.8036
1777263255380,38.4180
1777263255416,38.7726
1777263255452,39.6703
1777263255488,41.2358
1777263255524,42.6550
1777263255563,43.4948
1777263255598,43.0493
1777263255635,42.8279
1777263255675,42.7170
1777263255712,42.8422
1777263255750,42.9127
1777263255787,43.0567
1777263255826,43.5235
1777263255867,43.9512
1777263255906,43.7937
1777263255945,43.1388
1777263255982,42.9873
1777263256020,43.3844
1777263256058,43.5674
1777263256103,44.1348
1777263256142,45.7434
1777263256180,46.0125
1777263256298,47.1675
1777263256327,50.1196
1777263256356,53.0174
1777263256385,53.9354
1777263256414,53.4218
1777263256465,52.6778
1777263256496,52.2341
1777263256527,51.7819
1777263256558,51.3946
1777263256587,50.8963
1777263256619,50.1887
1777263256651,49.9208
1777263256680,49.3499
1777263256732,48.2186
1777263256764,47.7438
1777263256795,47.3267
1777263256825,46.8186
1777263256856,46.0213
1777263256886,44.9774
1777263256919,44.5459
1777263256951,44.1053
1777263256982,43.1774
1777263257015,42.1052
1777263257047,41.3689
1777263257080,40.6078
1777263257113,39.2608
1777263257145,38.7064
1777263257179,38.1789
1777263257213,37.6102
1777263257246,36.7263
1777263257279,36.3256
1777263257313,35.9436
1777263257347,33.7674
1777263257381,30.6228
1777263257415,29.1723
1777263257448,29.2507
1777263257482,29.0519
1777263257517,28.8160
1777263257551,28.5923
1777263257585,28.6318
1777263257620,28.5699
1777263257654,29.6303
1777263257688,30.2756
1777263257723,31.0255
1777263257758,31.2799
1777263257793,31.3597
1777263257828,31.3937
1777263257864,32.6030
1777263257900,33.2283
1777263257937,34.1190
1777263257973,35.0261
1777263258017,37.1737
1777263258053,37.5554
1777263258091,37.8210
1777263258127,38.1619
1777263258301,44.1001
1777263258439,65.4935
1777263258475,71.3727
1777263258510,71.2272
1777263258544,69.9441
1777263258580,71.8398
1777263258614,70.4221
1777263258649,71.2824
1777263258686,71.1416
1777263258722,71.1226
1777263258758,71.1646
1777263258793,71.8042
1777263258832,71.7747
1777263258867,71.8072
1777263258904,69.9543
1777263258940,68.9936
1777263258977,68.0682
1777263259013,67.9662
1777263259083,66.5910
1777263259110,69.5395
1777263259137,69.4568
1777263259163,67.6234
1777263259190,65.7111
1777263259239,63.7416
1777263259266,62.6023
1777263259293,61.3036
1777263259322,52.1371
1777263259372,50.8328
1777263259398,50.2445
1777263259426,46.1768
1777263259456,35.9408
1777263259485,34.9145
1777263259536,34.5297
1777263259562,34.3747
1777263259591,34.4772
1777263259621,33.9233
1777263259672,33.2203
1777263259700,32.8858
1777263259728,32.8167
1777263259758,32.3404
1777263259789,31.7993
1777263259819,30.9141
1777263259871,29.7489
1777263259900,29.0697
1777263259929,29.2005
1777263259959,29.4912
1777263259992,29.5285
1777263260023,29.4920
1777263260055,29.4592
1777263260087,29.3796
1777263260119,27.7037
1777263260172,27.1269
1777263260205,28.4336
1777263260237,28.9599
1777263260268,29.4690
1777263260299,29.9278
1777263260332,30.4075
1777263260367,31.1109
1777263260400,31.3542
1777263260434,31.5481
1777263260469,31.8003
1777263260500,32.5872
1777263260535,33.7219
1777263260569,34.6050
1777263260601,34.5755
1777263260632,35.2711
1777263260667,35.9749
1777263260702,36.1676
1777263260734,36.3090
1777263260771,36.5267
1777263260804,38.1669
1777263260838,39.1126
1777263260872,39.4929
1777263260904,39.8933
1777263260935,40.0396
1777263260968,40.1666
1777263261004,40.5015
1777263261039,40.7632
1777263261074,42.3859
1777263261110,43.2428
1777263261146,44.2062
1777263261182,44.5773
1777263261220,44.4463
1777263261258,44.3145
1777263261293,44.1175
1777263261330,43.9652
1777263261415,43.8702
1777263261442,45.8637
1777263261471,45.8410
1777263261502,45.4988
1777263261532,45.1220
1777263261561,44.5533
1777263261592,43.8952
1777263261622,43.2759
1777263261673,42.6095
1777263261701,42.4578
1777263261730,42.4384
1777263261759,42.1476
1777263261791,41.8935
1777263261821,41.1273
1777263261874,40.0746
1777263261906,39.7082
1777263261934,39.7005
1777263261962,39.6186
1777263261992,39.4637
1777263262023,38.9072
1777263262053,38.6183
1777263262087,37.8373
1777263262117,37.0223
1777263262168,35.5086
1777263262201,35.2020
1777263262234,34.6130
1777263262266,34.7691
1777263262298,35.0411
1777263262332,35.3680
1777263262363,35.2571
1777263262394,35.4968
1777263262428,34.4379
1777263262461,33.6972
1777263262494,33.6069
1777263262527,33.5726
1777263262561,33.6140
1777263262596,33.8100
1777263262630,34.0448
1777263262663,35.0631
1777263262698,35.3785
1777263262731,35.3976
1777263262766,35.6130
1777263262801,35.8675
1777263262834,36.1536
1777263262866,36.4969
1777263262899,36.8537
1777263262931,37.2367
1777263262964,37.4251
1777263262998,37.5346
1777263263031,37.9998
1777263263063,38.3373
1777263263093,38.6067
1777263263124,38.9271
1777263263156,39.1578
1777263263189,38.7945
1777263263222,38.6384
1777263263257,38.4569
1777263263293,38.4532
1777263263325,38.4469
1777263263358,38.4331
1777263263393,38.4133
1777263263426,38.4085
1777263263458,38.4734
1777263263492,38.4914
1777263263525,38.5296
1777263263563,38.9865
1777263263598,39.4427
1777263263635,39.8796
1777263263670,40.0650
1777263263705,40.2672
1777263263741,40.3283
1777263263777,41.3623
1777263263816,41.8798
1777263263852,41.3902
1777263263888,41.1369
1777263263925,40.6122
1777263263961,40.5722
1777263263999,40.5869
1777263264035,40.6450
1777263264072,40.7549
1777263264109,41.9665
1777263264148,42.5382
1777263264185,42.5998
1777263264223,43.0599
1777263264260,43.5735
1777263264298,43.9375
1777263264336,44.1474
1777263264374,44.3844
1777263264416,45.6948
1777263264455,45.5858
1777263264495,46.0304
1777263264533,46.5323
1777263264570,46.9727
1777263264610,47.1571
1777263264680,47.2031
1777263264705,49.2618
1777263264731,48.9695
1777263264760,48.4713
1777263264790,47.4727
1777263264820,46.9247
1777263264851,46.4260
1777263264901,46.2559
1777263264931,46.0965
1777263264961,45.5704
1777263264991,44.8728
1777263265021,44.1659
1777263265052,43.4197
1777263265083,42.5814
1777263265136,41.1642
1777263265168,40.8633
1777263265198,40.6783
1777263265226,40.6142
1777263265256,40.0521
1777263265289,39.4178
1777263265317,38.6681
1777263265366,37.7278
1777263265395,36.7300
1777263265424,36.5099
1777263265456,35.9984
1777263265489,35.8214
1777263265522,35.0805
1777263265554,34.2385
1777263265587,33.6592
1777263265618,32.6122
1777263265651,31.8492
1777263265684,31.5628
1777263265720,28.8796
1777263265755,28.5914
1777263265792,28.7061
1777263265826,28.8363
1777263265861,29.4512
1777263265895,29.5593
1777263265929,29.4982
1777263265964,30.3294
1777263265998,30.8753
1777263266033,31.4348
1777263266067,32.5748
1777263266101,33.0123
1777263266136,33.7056
1777263266170,33.7293
1777263266206,34.7773
1777263266241,35.5809
1777263266277,36.5114
1777263266312,37.5319
1777263266352,38.2458
1777263266389,39.3666
1777263266424,39.4305
1777263266466,39.6901
1777263266503,40.7077
1777263266539,41.5734
1777263266575,42.4987
1777263266612,43.0423
1777263266652,43.5581
1777263266691,45.6284
1777263266730,45.9522
1777263266766,46.1499
1777263266804,47.1436
1777263266842,47.5510
1777263266881,47.6606
1777263266916,47.5190
1777263266954,47.6809
1777263266991,47.5811
1777263267027,47.4837
1777263267066,47.4392
1777263267106,47.4443
1777263267143,48.4083
1777263267182,48.3886
1777263267217,47.5400
1777263267254,46.8167
1777263267290,46.3765
1777263267327,46.0715
1777263267363,46.3212
1777263267398,45.9600
1777263267435,46.5517
1777263267473,47.0508
1777263267516,47.2284
1777263267557,46.6199
1777263267594,46.2818
1777263267720,46.1377
1777263267745,49.1196
1777263267775,51.6999
1777263267803,51.0259
1777263267832,49.7975
1777263267884,48.9206
1777263267914,49.1752
1777263267944,49.2870
1777263267974,49.0283
1777263268004,48.6629
1777263268034,47.9761
1777263268063,47.3491
1777263268112,46.5155
1777263268139,45.3570
1777263268167,44.5488
1777263268198,43.5208
1777263268228,43.2212
1777263268276,42.5765
1777263268306,42.3341
1777263268335,41.7488
1777263268366,41.2196
1777263268397,40.5345
1777263268425,39.8477
1777263268474,38.4936
1777263268503,37.8238
1777263268532,37.0913
1777263268563,36.6996
1777263268593,35.7837
1777263268626,34.9022
1777263268657,34.3642
1777263268710,34.1686
1777263268743,34.2158
1777263268776,30.9813
1777263268809,28.1893
1777263268843,29.6086
1777263268876,30.0708
1777263268909,30.4154
1777263268943,30.4775
1777263268977,30.6205
1777263269010,30.9117
1777263269044,31.1613
1777263269078,31.4754
1777263269112,32.3211
1777263269146,33.3877
1777263269181,34.1461
1777263269215,35.3930
1777263269250,36.4609
1777263269284,36.9588
1777263269319,37.3079
1777263269354,38.8892
1777263269394,39.6911
1777263269429,39.8572
1777263269464,40.1128
1777263269499,39.9331
1777263269534,40.5401
1777263269570,41.0830
1777263269606,41.7328
1777263269641,42.2992
1777263269676,42.7784
1777263269713,43.3214
1777263269749,44.2968
1777263269787,44.8795
1777263269824,45.2098
1777263269867,45.9561
1777263269905,45.8567
1777263269942,45.8666
1777263269981,45.7220
1777263270019,46.8352
1777263270060,47.4031
1777263270098,46.8675
1777263270135,46.5861
1777263270171,46.4436
1777263270209,46.3373
1777263270246,46.2373
1777263270286,46.6025
1777263270326,46.7624
1777263270364,45.9337
1777263270404,46.1178
1777263270503,46.2602
1777263270529,49.6993
1777263270558,51.5659
1777263270586,51.1701
1777263270616,50.3182
1777263270667,49.6625
1777263270698,49.5946
1777263270729,49.5965
1777263270760,48.9348
1777263270791,48.5709
1777263270822,47.8318
1777263270854,47.3161
1777263270884,46.3406
1777263270916,45.8226
1777263270947,45.0983
1777263270999,44.3862
1777263271030,43.6830
1777263271062,43.0997
1777263271111,43.8831
1777263271138,43.9624
1777263271166,43.6525
1777263271193,43.0863
1777263271220,42.3744
1777263271267,41.5540
1777263271296,41.1494
1777263271324,40.6153
1777263271351,40.0825
1777263271400,39.6195
1777263271428,39.2539
1777263271456,38.6786
1777263271486,38.3210
1777263271518,36.5656
1777263271551,33.9867
1777263271584,32.6935
1777263271617,32.4795
1777263271652,32.4029
1777263271685,31.9704
1777263271720,31.6990
1777263271755,31.1968
1777263271790,31.0245
1777263271825,30.8531
1777263271861,30.7494
1777263271896,30.7528
1777263271933,31.3887
1777263271967,32.0665
1777263272002,32.4687
1777263272037,32.7788
1777263272072,32.7511
1777263272120,32.8680
1777263272151,32.8583
1777263272187,33.7479
1777263272225,34.8613
1777263272260,35.0431
1777263272295,35.4557
1777263272329,35.4202
1777263272370,35.5521
1777263272408,35.9993
1777263272445,36.9507
1777263272482,37.8236
1777263272520,38.8500
1777263272560,39.8186
1777263272597,40.8995
1777263272632,41.6018
1777263272670,41.7954
1777263272706,42.4797
1777263272743,43.7020
1777263272778,44.4524
1777263272815,45.1708
1777263272851,46.1053
1777263272890,46.4816
1777263272927,46.5634
1777263272962,46.2996
1777263273002,46.0837
1777263273038,45.9590
1777263273137,47.0618
1777263273165,49.0078
1777263273191,48.5365
1777263273292,50.1786
1777263273324,52.7652
1777263273355,53.0813
1777263273386,52.7782
1777263273416,52.7537
1777263273447,52.3446
1777263273477,51.5456
1777263273508,50.6109
1777263273539,49.6681
1777263273569,49.0333
1777263273600,48.5068
1777263273631,47.7538
1777263273662,46.8068
1777263273714,45.8692
1777263273745,45.6364
1777263273777,44.9136
1777263273808,44.0050
1777263273840,42.9890
1777263273873,42.0742
1777263273906,41.4745
1777263273939,41.7138
1777263273971,41.7391
1777263274004,41.6284
1777263274037,41.2997
1777263274070,40.8877
1777263274103,40.5351
1777263274137,40.1512
1777263274172,37.1317
1777263274206,35.8100
1777263274241,35.5360
1777263274274,35.9609
1777263274309,33.6421
1777263274343,32.6605
1777263274377,32.4469
1777263274413,32.3075
1777263274447,32.1616
1777263274483,32.7082
1777263274517,33.6026
1777263274549,34.2136
1777263274583,35.2384
1777263274614,35.6364
1777263274646,36.3438
1777263274679,37.0388
1777263274710,37.6976
1777263274742,37.7075
1777263274777,37.4824
1777263274808,38.0339
1777263274844,38.8919
1777263274878,39.4349
1777263274925,39.8413
1777263274959,40.0810
1777263274997,40.5678
1777263275034,41.3550
1777263275071,41.3423
1777263275108,41.4195
1777263275144,41.8773
1777263275181,42.4602
1777263275215,43.0888
1777263275251,43.5394
1777263275288,43.8092
1777263275324,44.5942
1777263275364,45.0303
1777263275403,44.8285
1777263275445,45.1587
1777263275483,45.0732
1777263275519,45.0561
1777263275555,45.1430
1777263275591,45.1818
1777263275630,45.3749
1777263275667,45.8645
1777263275705,45.4827
1777263275744,46.1934
1777263275781,46.6711
1777263275820,46.9190
1777263275858,47.3051
1777263275901,48.0147
1777263275939,47.6748
1777263275977,47.4693
1777263276015,47.3741
1777263276051,48.5929
1777263276092,48.9105
1777263276130,48.4439
1777263276168,48.5943
1777263276207,48.4343
1777263276246,48.3896
1777263276283,48.7117
1777263276323,48.7409
1777263276364,48.2738
1777263276404,48.3841
1777263276444,48.7671
1777263276483,48.9107
1777263276525,48.5466
1777263276566,48.7293
1777263276606,48.5279
1777263276646,48.6289
1777263276685,49.5039
1777263276729,49.7481
1777263276771,49.8753
1777263276812,49.8461
1777263276852,49.8312
1777263276895,50.2970
1777263276936,49.7379
1777263276977,50.1715
1777263277017,50.6111
1777263277060,50.2191
1777263277101,50.0908
1777263277140,50.8386
1777263277180,51.2997
1777263277223,51.7433
1777263277271,51.2827
1777263277305,51.2541
1777263277398,52.1328
1777263277425,55.8567
1777263277452,55.2235
1777263277482,54.6189
1777263277511,53.7581
1777263277541,53.1510
1777263277591,52.4176
1777263277622,51.8275
1777263277652,51.2631
1777263277683,50.1048
1777263277715,49.2308
1777263277746,48.6379
1777263277778,48.4065
1777263277809,47.6834
1777263277841,46.9327
1777263277873,46.0471
1777263277904,45.4178
1777263277956,44.0339
1777263277988,43.8008
1777263278021,43.2813
1777263278053,42.6614
1777263278084,42.7049
1777263278115,42.0902
1777263278147,41.6425
1777263278180,40.9869
1777263278211,40.5560
1777263278244,39.6007
1777263278274,39.0705
1777263278307,38.4119
1777263278339,37.1524
1777263278370,36.2548
1777263278402,35.7060
1777263278436,32.9507
1777263278469,30.9921
1777263278503,30.6877
1777263278535,30.7169
1777263278588,30.6664
1777263278621,30.6551
1777263278655,31.4280
1777263278689,31.9645
1777263278724,32.5186
1777263278759,32.7718
1777263278791,33.1122
1777263278824,33.4238
1777263278859,33.6579
1777263278891,34.4743
1777263278925,36.0346
1777263278958,36.4486
1777263278992,36.9648
1777263279026,37.0770
1777263279060,37.2526
1777263279095,37.4788
1777263279128,37.6388
1777263279163,38.3949
1777263279202,39.6671
1777263279238,39.5682
1777263279275,39.5393
1777263279313,39.7303
1777263279350,40.7168
1777263279387,42.0268
1777263279423,42.3533
1777263279459,42.9558
1777263279493,44.8911
1777263279531,45.8875
1777263279569,47.0128
1777263279608,47.0751
1777263279649,47.2364
1777263279684,47.1525
1777263279721,47.1461
1777263279759,47.1895
1777263279795,47.1151
1777263279833,48.2206
1777263279872,48.3792
1777263279910,47.7106
1777263279946,47.3497
1777263279985,47.1705
1777263280024,47.0924
1777263280063,47.3978
1777263280107,47.5744
1777263280145,47.1730
1777263280182,46.5586
1777263280218,47.1365
1777263280255,47.8845
1777263280294,48.1414
1777263280333,49.3049
1777263280376,49.7345
1777263280420,49.5097
1777263280458,49.3275
1777263280495,49.8305
1777263280535,49.2703
1777263280574,48.4273
1777263280614,48.3673
1777263280655,48.6286
1777263280698,49.3953
1777263280740,49.7096
1777263280781,49.3181
1777263280820,49.0492
1777263280859,49.3045
1777263280898,49.4531
1777263280938,50.8791
1777263280977,50.7426
1777263281071,50.6317
1777263281096,52.4363
1777263281124,51.4284
1777263281153,51.3153
1777263281182,50.8024
1777263281211,49.8798
1777263281262,48.7974
1777263281292,48.2821
1777263281322,47.8357
1777263281352,47.0695
1777263281381,46.1737
1777263281409,45.5260
1777263281460,44.6899
1777263281490,43.7309
1777263281521,43.1940
1777263281551,42.3422
1777263281582,42.0749
1777263281613,41.3456
1777263281644,40.3751
1777263281675,39.5749
1777263281727,38.1178
1777263281759,37.3554
1777263281791,37.1940
1777263281823,36.8890
1777263281855,36.0244
1777263281886,35.6695
1777263281918,34.8998
1777263281951,33.5905
1777263281983,33.2315
1777263282017,32.9458
1777263282050,32.8352
1777263282082,32.7057
1777263282115,30.3015
1777263282147,30.1590
1777263282179,30.0553
1777263282211,29.9905
1777263282244,30.0079
1777263282276,29.7567
1777263282309,29.7061
1777263282342,29.3357
1777263282376,29.2271
1777263282409,29.1434
1777263282443,29.1865
1777263282477,28.8866
1777263282512,28.5876
1777263282546,28.3231
1777263282581,28.2617
1777263282614,29.0453
1777263282650,29.5364
1777263282684,29.9458
1777263282718,30.1876
1777263282754,30.0532
1777263282791,29.9396
1777263282828,30.7166
1777263282863,31.3073
1777263282897,31.5541
1777263282932,31.8776
1777263282966,32.1915
1777263283006,32.9786
1777263283044,33.9270
1777263283083,33.9147
1777263283123,34.6648
1777263283164,35.0314
1777263283199,36.2380
1777263283237,36.8415
1777263283272,38.6325
1777263283311,39.5294
1777263283349,39.6858
1777263283386,39.7913
1777263283427,41.0722
1777263283463,41.9684
1777263283500,42.4130
1777263283538,43.4479
1777263283577,45.1168
1777263283614,45.2289
1777263283653,45.3802
1777263283691,45.6179
1777263283729,46.3012
1777263283766,47.0136
1777263283804,47.5574
1777263283848,48.2682
1777263283887,48.0594
1777263283925,47.8343
1777263283964,48.1925
1777263284003,48.5548
1777263284042,48.6119
1777263284082,48.5862
1777263284120,48.9040
1777263284160,48.8692
1777263284203,48.9564
1777263284241,48.5044
1777263284283,48.7414
1777263284322,48.5257
1777263284361,49.2409
1777263284402,49.5784
1777263284442,49.6962
1777263284559,50.4050
1777263284587,51.9066
1777263284614,52.7313
1777263284643,52.7093
1777263284670,52.0644
1777263284701,51.4225
1777263284731,50.4805
1777263284783,49.1645
1777263284813,48.2553
1777263284844,47.7927
1777263284875,46.7641
1777263284906,46.1967
1777263284938,45.4691
1777263284969,44.7678
1777263285001,43.4156
1777263285032,42.2657
1777263285064,40.7505
1777263285098,40.5191
1777263285131,39.9111
1777263285184,39.1447
1777263285217,38.6243
1777263285274,38.7432
1777263285309,38.6088
1777263285342,39.3945
1777263285374,38.6846
1777263285407,38.2620
1777263285440,37.4530
1777263285474,37.4676
1777263285506,37.3977
1777263285540,37.2010
1777263285573,36.9946
1777263285606,33.9152
1777263285639,32.8623
1777263285674,32.8863
1777263285707,33.8423
1777263285741,34.1205
1777263285775,34.8020
1777263285810,34.9192
1777263285846,35.0461
1777263285880,35.1792
1777263285917,36.4657
1777263285950,37.2354
1777263285983,38.2526
1777263286018,39.2501
1777263286053,40.1803
1777263286089,40.9655
1777263286128,42.4945
1777263286165,45.5355
1777263286206,46.0054
1777263286244,46.1927
1777263286282,45.9178
1777263286319,46.4078
1777263286356,46.2482
1777263286392,46.4959
1777263286429,48.7232
1777263286469,49.5459
1777263286506,49.3715
1777263286544,49.6134
1777263286582,50.9974
1777263286619,51.4177
1777263286658,51.7067
1777263286696,53.1291
1777263286738,53.9379
1777263286776,53.9480
1777263286815,54.6655
1777263286854,55.2153
1777263286892,55.6537
1777263286933,55.2620
1777263286972,54.9988
1777263287011,54.9768
1777263287050,54.6452
1777263287089,55.3087
1777263287129,55.1940
1777263287174,54.5593
1777263287216,54.3478
1777263287256,54.6074
1777263287294,55.3451
1777263287332,55.8878
1777263287374,55.4084
1777263287422,55.1928
1777263287462,55.2928
1777263287503,55.0131
1777263287543,55.4998
1777263287586,55.1077
1777263287632,55.6604
1777263287675,56.1552
1777263287718,56.0883
1777263287758,56.0204
1777263287800,56.4970
1777263287900,56.5785
1777263287932,63.3215
1777263287961,63.1255
1777263288049,65.1853
1777263288076,66.5499
1777263288106,65.7230
1777263288135,64.7637
1777263288164,64.5250
1777263288193,63.7234
1777263288222,62.6356
1777263288271,61.6202
1777263288301,60.6537
1777263288331,59.3190
1777263288361,57.9259
1777263288392,57.0288
1777263288425,55.9774
1777263288456,55.2471
1777263288487,54.7953
1777263288539,54.0894
1777263288571,53.6149
1777263288603,52.9992
1777263288636,52.7417
1777263288667,52.1856
1777263288699,51.6880
1777263288732,51.5326
1777263288764,50.4516
1777263288797,49.7632
1777263288830,49.3633
1777263288863,48.9593
1777263288896,48.5883
1777263288930,42.9335
1777263288962,40.8950
1777263288997,40.4507
1777263289031,40.3234
1777263289066,38.8351
1777263289099,37.9806
1777263289133,38.0009
1777263289168,38.0712
1777263289204,38.2308
1777263289239,38.4234
1777263289274,40.1349
1777263289310,41.3413
1777263289347,42.0598
1777263289382,42.9636
1777263289417,43.8248
1777263289452,44.3361
1777263289489,44.1341
1777263289526,44.2357
1777263289562,43.9495
1777263289599,43.8224
1777263289637,44.4634
1777263289673,44.4556
1777263289710,44.3845
1777263289747,44.5827
1777263289785,45.4272
1777263289825,46.3175
1777263289860,46.2616
1777263289897,46.2064
1777263289933,46.3619
1777263289971,47.8906
1777263290008,48.6027
1777263290044,48.9259
1777263290081,48.9374
1777263290121,50.3418
1777263290158,50.2667
1777263290198,49.9013
1777263290236,50.5585
1777263290276,50.4292
1777263290316,50.2624
1777263290359,49.7237
1777263290397,51.1389
1777263290438,51.1234
1777263290474,52.3334
1777263290511,53.1984
1777263290551,53.9626
1777263290603,56.2909
1777263290644,56.3870
1777263290685,57.1465
1777263290726,57.3169
1777263290764,56.8799
1777263290806,56.8826
1777263290846,56.9547
1777263290885,57.3833
1777263290925,57.8814
1777263290965,58.8211
1777263291051,59.4498
1777263291084,62.5516
1777263291115,62.0997
1777263291144,61.6080
1777263291175,61.2215
1777263291206,61.2703
1777263291238,60.6767
1777263291271,59.8894
1777263291304,59.1070
1777263291339,58.8593
1777263291371,58.9242
1777263291405,57.6440
1777263291438,57.6632
1777263291472,57.4238
1777263291506,56.5638
1777263291540,55.6991
1777263291574,54.8474
1777263291608,54.6487
1777263291642,53.6127
1777263291676,53.6286
1777263291712,53.0908
1777263291745,52.5413
1777263291780,52.5603
1777263291813,52.5285
1777263291846,52.0580
1777263291882,52.1074
1777263292217,62.4545
1777263292538,169.4763
1777263292612,200.8967
1777263292648,193.2994
1777263292679,191.3792
1777263292711,189.1785
1777263292744,187.2715
1777263292777,188.8389
1777263292809,188.0356
1777263292841,187.1082
1777263292874,182.0431
1777263292909,171.6285
1777263292940,162.6886
1777263292974,154.5679
1777263293010,147.2280
1777263293044,140.6940
1777263293079,138.1060
1777263293111,133.3153
1777263293147,128.9095
1777263293182,122.9328
1777263293218,108.0960
1777263293254,96.7247
1777263293291,95.6129
1777263293326,93.1918
1777263293362,91.7060
1777263293397,90.2186
1777263293433,88.8188
1777263293469,88.2182
1777263293504,74.2300
1777263293541,51.4647
1777263293575,46.8973
1777263293612,40.3623
1777263293650,40.0553
1777263293689,40.2875
1777263293727,41.0299
1777263293766,41.8182
1777263293805,43.1640
1777263293845,44.2025
1777263293881,44.2547
1777263293920,44.3787
1777263293959,45.5846
1777263293994,46.5865
1777263294032,47.0920
1777263294070,48.0054
1777263294108,49.2814
1777263294149,50.0362
1777263294188,49.8777
1777263294231,50.7960
1777263294271,51.4232
1777263294313,51.3660
1777263294353,50.9748
1777263294394,50.6173
1777263294439,50.9742
1777263294478,51.2059
1777263294516,50.1309
1777263294557,49.9645
1777263294597,50.3793
1777263294637,51.3932
1777263294679,52.7159
1777263294722,53.3428
1777263294761,53.0405
1777263294799,53.3841
1777263294834,53.5932
1777263294878,53.1997
1777263294925,54.1055
1777263294964,54.3010
1777263295003,54.2410
1777263295042,54.7732
1777263295084,55.6956
1777263295121,55.4526
1777263295159,55.2664
1777263295199,55.9030
1777263295241,56.1027
1777263295283,56.2608
1777263295322,56.4792
1777263295362,56.4737
1777263295402,57.1721
1777263295443,57.0309
1777263295494,57.0855
1777263295535,57.6043
1777263295578,58.3842
1777263295617,58.0595
1777263295656,57.5584
1777263295704,57.5633
1777263295749,57.2885
1777263295789,57.6260
1777263295829,57.4672
1777263295870,57.5097
1777263295910,58.6313
1777263295958,58.2216
1777263296003,58.6806
1777263296049,58.2099
1777263296092,57.6565
1777263296134,58.2769
1777263296178,58.8546
1777263296225,58.5169
1777263296269,59.3198
1777263296311,59.7952
1777263296357,59.3077
1777263296401,60.0766
1777263296445,59.9742
1777263296488,60.0280
1777263296534,60.0974
1777263296580,60.8347
1777263296622,60.2189
1777263296662,61.0523
1777263296704,60.9057
1777263296752,60.7286
1777263296794,60.9579
1777263296840,61.3221
1777263296882,60.9166
1777263296921,60.9609
1777263296965,60.5233
1777263297005,59.9638
1777263297044,59.5608
1777263297084,59.7378
1777263297129,59.3552
1777263297177,60.1518
1777263297221,59.2683
1777263297265,59.7535
1777263297311,59.7254
1777263297353,59.0661
1777263297400,59.8376
1777263297443,59.5702
1777263297484,59.6314
1777263297524,59.9254
1777263297569,59.6811
1777263297614,60.1916
1777263297659,60.7214
1777263297705,60.5526
1777263297749,60.4722
1777263297788,60.5902
1777263297831,61.5592
1777263297876,61.4003
1777263297920,62.0612
1777263297962,62.8960
1777263298005,63.9651
1777263298046,64.1415
1777263298089,64.1751
1777263298134,64.4197
1777263298177,64.2822
1777263298233,64.4807
1777263298281,65.6969
1777263298324,65.5738
1777263298369,66.3483
1777263298407,66.8233
1777263298449,66.5283
1777263298494,66.6426
1777263298535,66.1433
1777263298579,65.4622
1777263298623,65.9480
1777263298673,67.0546
1777263298716,67.0182
1777263298762,67.5494
1777263298804,66.8484
1777263298856,67.0244
1777263298904,66.5637
1777263298947,66.5283
1777263298993,65.6905
1777263299045,64.9657
1777263299089,66.3044
1777263299133,66.9799
1777263299177,67.1255
1777263299222,66.7093
1777263299264,66.0150
1777263299306,64.8282
1777263299351,63.9068
1777263299395,63.0371
1777263299437,62.6353
1777263299486,63.6015
1777263299531,63.8434
1777263299574,64.4272
1777263299619,63.7279
1777263299662,63.0929
1777263299710,62.7869
1777263299755,63.4809
1777263299798,62.6950
1777263299840,63.0980
1777263299883,63.0170
1777263299928,62.1557
1777263299971,62.2526
1777263300019,62.0386
1777263300062,62.0402
1777263300105,60.9800
1777263300148,60.5130
1777263300190,60.1750
1777263300231,59.9343
1777263300276,59.9017
1777263300328,60.0398
1777263300372,60.2933
1777263300420,61.2828
1777263300463,61.0657
1777263300509,61.2010
1777263300555,60.8896
1777263300598,61.0751
1777263300644,60.5828
1777263300686,60.2123
1777263300726,60.0621
1777263300773,60.2386
1777263300822,60.5828
1777263300865,60.8198
1777263300910,59.7482
1777263300958,60.3698
1777263301003,60.1890
1777263301048,61.5396
1777263301097,62.3117
1777263301141,62.8767
1777263301190,63.3017
1777263301234,63.8432
1777263301283,64.8012
1777263301325,64.8906
1777263301383,65.2952
1777263301428,65.2475
1777263301470,64.8221
1777263301510,64.2298
1777263301552,63.5066
1777263301603,64.3011
1777263301651,65.5532
1777263301696,65.6864
1777263301741,65.9707
1777263301780,65.7066
1777263301826,65.3950
1777263301872,65.0309
1777263301915,65.3237
1777263301958,65.4308
1777263302009,65.7417
1777263302052,65.3209
1777263302093,64.6254
1777263302136,64.4602
1777263302178,63.5487
1777263302226,64.1106
1777263302269,64.8016
1777263302310,63.7908
1777263302352,63.5499
1777263302399,63.2793
1777263302440,63.3808
1777263302481,63.7866
1777263302524,63.5664
1777263302567,63.5077
1777263302611,62.9284
1777263302656,62.8106
1777263302701,62.4035
1777263302741,62.2437
1777263302790,62.2761
1777263302834,62.3965
1777263302875,62.7331
1777263302918,62.9995
1777263302963,63.3948
1777263303004,63.2699
1777263303053,63.3493
1777263303097,63.4034
1777263303138,63.1032
1777263303179,63.4324
1777263303224,62.3996
1777263303264,62.1921
1777263303306,61.2781
1777263303348,61.8658
1777263303393,62.4104
1777263303436,62.1729
1777263303482,62.5042
1777263303531,63.9335
1777263303574,63.7980
1777263303617,64.1213
1777263303661,64.0268
1777263303703,65.0212
1777263303744,65.1759
1777263303789,64.9377
1777263303832,64.3601
1777263303871,64.6768
1777263303916,63.8192
1777263303958,63.6217
1777263303998,62.8110
1777263304039,63.2117
1777263304085,63.1568
1777263304128,63.1127
1777263304169,62.9964
1777263304213,62.4702
1777263304253,62.5853
1777263304293,62.6226
1777263304335,62.4131
1777263304380,62.1403
1777263304420,61.1364
1777263304461,60.8866
1777263304505,61.1694
1777263304546,60.8776
1777263304587,60.6857
1777263304628,60.5039
1777263304668,60.5307
1777263304708,59.1876
1777263304751,59.7471
1777263304791,59.4724
1777263304829,59.8195
1777263304871,59.0141
1777263304911,58.5574
1777263304950,59.1711
1777263304987,59.1348
1777263305024,59.5765
1777263305067,59.1430
1777263305108,57.8029
1777263305152,57.7694
1777263305193,57.5844
1777263305236,58.6695
1777263305281,58.4957
1777263305322,58.0997
1777263305363,58.4101
1777263305404,57.3778
1777263305455,57.9535
1777263305612,57.8506
1777263305730,64.5621
1777263305755,66.8696
1777263305782,65.9832
1777263305810,64.6908
1777263305838,63.2144
1777263305888,62.7302
1777263305917,62.6303
1777263305945,62.0077
1777263305974,61.7821
1777263306003,61.1133
1777263306053,60.1736
1777263306082,59.3999
1777263306111,58.9005
1777263306140,58.0760
1777263306170,56.7751
1777263306219,55.3087
1777263306249,55.2486
1777263306278,54.1061
1777263306309,53.5618
1777263306339,52.9272
1777263306370,52.5182
1777263306420,51.1869
1777263306450,50.7156
1777263306481,49.5032
1777263306511,48.2419
1777263306543,47.3410
1777263306573,46.4975
1777263306604,46.0796
1777263306637,36.8224
1777263306689,36.9313
1777263306723,36.9427
1777263306754,36.9212
1777263306787,34.7688
1777263306818,35.3711
1777263306850,35.9827
1777263306891,36.6453
1777263306922,37.6285
1777263306955,37.5420
1777263306988,37.3822
1777263307021,37.3292
1777263307054,37.2873
1777263307088,37.0874
1777263307121,37.7851
1777263307154,39.2200
1777263307188,39.9362
1777263307222,40.4118
1777263307255,40.7791
1777263307288,40.7191
1777263307323,40.8812
1777263307357,41.0087
1777263307392,42.4907
1777263307426,43.4865
1777263307461,44.2227
1777263307496,44.9547
1777263307531,46.1645
1777263307567,46.8015
1777263307599,48.6486
1777263307638,49.2437
1777263307673,49.1760
1777263307712,48.5915
1777263307746,48.7183
1777263307782,48.5278
1777263307820,48.4061
1777263307855,48.3875
1777263307891,48.4105
1777263307927,48.1862
1777263307965,49.0961
1777263308002,49.8099
1777263308037,50.4758
1777263308077,50.8922
1777263308113,50.8251
1777263308148,50.8042
1777263308183,50.6685
1777263308218,50.5320
1777263308252,50.2958
1777263308288,50.1243
1777263308323,50.6645
1777263308360,51.2484
1777263308396,51.1430
1777263308432,51.0745
1777263308470,50.6425
1777263308506,51.0816
1777263308540,50.5260
1777263308573,50.2735
1777263308610,49.7875
1777263308648,49.0055
1777263308686,49.5410
1777263308727,49.9732
1777263308765,50.4968
1777263308811,51.5328
1777263308855,52.2535
1777263308894,52.6982
1777263308933,53.1890
1777263308972,53.5267
1777263309013,53.1287
1777263309054,52.7149
1777263309095,52.8309
1777263309138,53.7679
1777263309183,54.0150
1777263309222,54.3721
1777263309262,55.0559
1777263309304,55.7362
1777263309348,56.6554
1777263309387,56.2149
1777263309424,56.0922
1777263309461,56.7655
1777263309498,56.6979
1777263309539,56.9951
1777263309577,56.8647
1777263309629,58.7291
1777263309669,58.6765
1777263309714,59.4221
1777263309759,59.2454
1777263309800,59.7256
1777263309839,59.4422
1777263309880,58.7262
1777263309918,58.7505
1777263309958,58.5648
1777263310001,58.3993
1777263310048,58.0804
1777263310090,59.6760
1777263310128,60.2155
1777263310173,59.8309
1777263310213,59.0522
1777263310255,59.3775
1777263310298,59.5078
1777263310343,60.0856
1777263310386,59.0783
1777263310426,59.5074
1777263310472,59.8547
1777263310519,59.2655
1777263310562,59.2118
1777263310605,59.4554
1777263310648,59.2377
1777263310688,59.2931
1777263310732,59.2445
1777263310778,58.8462
1777263310821,58.9894
1777263310864,58.6165
1777263310919,60.6091
1777263310964,60.5682
1777263311008,60.8638
1777263311054,60.7338
1777263311100,59.5903
1777263311150,60.7359
1777263311195,60.7495
1777263311242,62.2193
1777263311287,61.7225
1777263311345,62.5968
1777263311391,64.0895
1777263311435,63.8086
1777263311480,63.0027
1777263311520,63.8389
1777263311565,63.0816
1777263311610,63.4085
1777263311654,63.3926
1777263311697,63.3720
1777263311737,63.4180
1777263311785,63.6780
1777263311828,63.8973
1777263311873,64.1976
1777263311913,64.0094
1777263311973,63.5009
1777263312015,63.3976
1777263312057,62.8892
1777263312100,62.1652
1777263312145,61.2127
1777263312190,61.7211
1777263312235,62.3320
1777263312276,61.3965
1777263312318,61.5738
1777263312361,60.9385
1777263312405,60.4725
1777263312446,59.1173
1777263312490,58.9230
1777263312531,58.2930
1777263312576,58.9924
1777263312619,59.8961
1777263312666,60.4365
1777263312709,60.9350
1777263312750,61.2766
1777263312795,61.2837
1777263312837,61.0520
1777263312880,61.1742
1777263312923,60.6930
1777263312968,60.4607
1777263313021,60.6719
1777263313065,61.2435
1777263313106,61.9164
1777263313152,61.3392
1777263313195,60.5439
1777263313241,60.9565
1777263313282,60.5531
1777263313324,60.1130
1777263313366,59.5900
1777263313409,60.5265
1777263313456,60.3032
1777263313499,60.4618
1777263313541,60.6578
1777263313586,60.8257
1777263313624,60.5858
1777263313669,59.8365
1777263313712,60.3647
1777263313758,59.9598
1777263313802,59.5415
1777263313846,59.3324
1777263313890,58.9480
1777263313932,59.0193
1777263313976,58.5182
1777263314019,57.9536
1777263314071,57.4087
1777263314116,57.2232
1777263314157,57.4352
1777263314199,57.6817
1777263314245,57.0075
1777263314289,57.9032
1777263314335,58.6653
1777263314382,58.7201
1777263314425,57.8909
1777263314465,58.3773
1777263314511,58.9654
1777263314554,58.6050
1777263314595,58.7195
1777263314639,58.0428
1777263314680,57.4307
1777263314724,57.0731
1777263314768,57.1060
1777263314814,57.7297
1777263314858,57.7093
1777263314909,58.6171
1777263314957,59.2050
1777263315002,60.0485
1777263315049,60.1736
1777263315089,60.8547
1777263315132,60.9091
1777263315178,61.4752
1777263315218,61.0788
1777263315258,61.9000
1777263315309,61.3254
1777263315351,61.3145
1777263315393,61.2103
1777263315437,60.6911
1777263315481,60.0474
1777263315519,60.2966
1777263315562,59.7809
1777263315606,59.3517
1777263315651,59.6265
1777263315694,60.1877
1777263315753,61.4167
1777263315794,61.2829
1777263315841,61.3155
1777263315889,61.0830
1777263315936,60.7006
1777263315981,60.5065
1777263316023,60.3294
1777263316067,60.0132
1777263316109,59.5468
1777263316147,59.4215
1777263316192,59.2075
1777263316234,58.8052
1777263316277,59.0383
1777263316319,59.1883
1777263316359,58.0401
1777263316461,57.5587
1777263316486,61.5733
1777263316511,60.9826
1777263316535,60.3907
1777263316584,59.8035
1777263316612,59.1725
1777263316641,58.4177
1777263316671,57.1646
1777263316700,55.8498
1777263316752,54.5372
1777263316782,52.8215
1777263316812,52.3527
1777263316840,51.9350
1777263316866,50.4361
1777263316916,49.6773
1777263316946,48.2004
1777263316976,47.6621
1777263317006,46.3334
1777263317037,45.1132
1777263317089,43.7388
1777263317118,43.3673
1777263317149,42.7591
1777263317181,42.7300
1777263317212,41.5107
1777263317244,41.0711
1777263317276,40.7007
1777263317305,39.4163
1777263317337,38.1944
1777263317369,36.7278
1777263317421,36.2110
1777263317452,36.4781
1777263317483,33.8996
1777263317517,32.5974
1777263317550,32.6143
1777263317580,32.6280
1777263317612,32.6399
1777263317644,32.6620
1777263317677,32.7570
1777263317711,34.3609
1777263317742,34.8039
1777263317776,35.0945
1777263317810,35.0516
1777263317843,35.0856
1777263317877,35.1407
1777263317911,35.2008
1777263317946,35.1954
1777263317984,36.0296
1777263318015,37.0858
1777263318050,38.0194
1777263318086,38.6208
1777263318119,38.9368
1777263318154,39.0197
1777263318188,39.0058
1777263318222,39.8572
1777263318256,41.8012
1777263318292,42.7973
1777263318327,43.6870
1777263318363,44.4595
1777263318394,44.0801
1777263318449,44.8694
1777263318486,44.9479
1777263318522,45.6852
1777263318559,46.5430
1777263318594,47.3887
1777263318633,47.6123
1777263318675,48.3585
1777263318713,48.2940
1777263318751,48.3236
1777263318790,48.4131
1777263318828,49.3969
1777263318867,50.4284
1777263318904,50.0667
1777263318940,50.1173
1777263318978,51.0950
1777263319016,50.9976
1777263319056,50.8200
1777263319100,51.6221
1777263319141,52.2199
1777263319181,51.9096
1777263319221,51.8182
1777263319261,51.5383
1777263319299,51.5966
1777263319344,51.9488
1777263319389,52.3483
1777263319429,54.2983
1777263319477,54.7166
1777263319524,55.2834
1777263319562,55.2468
1777263319604,54.7915
1777263319644,56.2796
1777263319683,56.3238
1777263319722,56.5048
1777263319763,57.2653
1777263319805,57.6106
1777263319843,57.7334
1777263319882,57.6407
1777263319920,58.5280
1777263319963,58.7024
1777263320005,59.5074
1777263320045,59.3378
1777263320084,59.7870
1777263320126,60.0949
1777263320168,59.8852
1777263320206,60.3320
1777263320242,59.9991
1777263320281,59.6776
1777263320319,59.3341
1777263320360,59.3778
1777263320400,58.9351
1777263320439,58.4312
1777263320478,58.0890
1777263320518,58.1903
1777263320555,58.0879
1777263320598,58.6863
1777263320641,57.5423
1777263320681,57.4498
1777263320722,57.9820
1777263320763,57.9593
1777263320808,57.7339
1777263320848,57.7356
1777263320890,57.7208
1777263320934,58.0215
1777263320972,57.7463
1777263321014,57.6697
1777263321055,57.7317
1777263321100,57.8060
1777263321143,56.9778
1777263321189,57.2125
1777263321234,58.4184
1777263321281,59.3537
1777263321324,60.1457
1777263321369,60.3729
1777263321416,60.7940
1777263321460,61.2635
1777263321506,61.8718
1777263321550,61.5998
1777263321594,61.4814
1777263321646,62.8353
1777263321690,63.4187
1777263321735,62.9664
1777263321778,62.3947
1777263321816,63.1455
1777263321863,63.4018
1777263321908,62.9368
1777263321951,63.2215
1777263321997,62.8503
1777263322050,63.4714
1777263322095,62.7434
1777263322138,62.7481
1777263322181,62.6064
1777263322234,62.4493
1777263322280,62.1064
1777263322328,61.9008
1777263322372,61.7116
1777263322415,61.9634
1777263322476,62.6676
1777263322522,63.0347
1777263322570,63.3640
1777263322614,63.6993
1777263322659,62.4604
1777263322704,62.1968
1777263322748,62.6933
1777263322795,63.4475
1777263322839,62.9186
1777263322887,63.7289
1777263322932,63.8827
1777263322975,64.2209
1777263323022,63.6251
1777263323065,63.4958
1777263323108,64.4121
1777263323154,64.9246
1777263323198,64.4640
1777263323242,65.0886
1777263323288,63.7852
1777263323337,64.0319
1777263323383,64.3471
1777263323429,64.6416
1777263323474,64.4446
1777263323519,63.2361
1777263323564,62.9072
1777263323608,62.7595
1777263323654,62.4016
1777263323704,62.4749
1777263323749,63.0637
1777263323797,63.8145
1777263323842,63.7577
1777263323888,63.6491
1777263323941,63.3759
1777263323987,63.0212
1777263324031,63.1610
1777263324077,63.3438
1777263324125,64.4520
1777263324169,64.5065
1777263324218,64.3601
1777263324262,64.6269
1777263324306,64.3392
1777263324367,65.5509
1777263324413,66.2157
1777263324459,66.1232
1777263324504,67.0296
1777263324549,67.1265
1777263324595,67.1813
1777263324640,66.2121
1777263324684,66.6358
1777263324728,66.3165
1777263324781,65.9430
1777263324825,64.9821
1777263324872,64.6467
1777263324917,63.8029
1777263324962,64.4781
1777263325009,63.9756
1777263325053,63.8956
1777263325096,63.8076
1777263325143,62.7053
1777263325186,62.2410
1777263325230,62.5939
1777263325277,62.2389
1777263325321,61.7439
1777263325365,61.5815
1777263325411,60.9699
1777263325454,60.0748
1777263325498,59.8660
1777263325542,59.6527
1777263325591,59.2585
1777263325633,59.8603
1777263325678,61.1522
1777263325719,60.9231
1777263325763,61.2182
1777263325810,60.4620
1777263325855,61.1315
1777263325902,60.5595
1777263325949,60.9957
1777263325998,60.4736
1777263326042,61.3623
1777263326086,61.2481
1777263326128,61.9367
1777263326175,61.3671
1777263326216,61.6064
1777263326257,61.5893
1777263326301,62.6140
1777263326345,62.1378
1777263326387,62.6477
1777263326432,62.3695
1777263326477,61.7194
1777263326519,61.4325
1777263326562,60.9067
1777263326730,60.2524
1777263326756,64.1038
1777263326782,66.7737
1777263326807,65.3367
1777263326855,63.9821
1777263326883,63.4533
1777263326912,63.3952
1777263326941,61.8358
1777263326991,60.3595
1777263327021,59.6080
1777263327050,58.0489
1777263327078,57.1630
1777263327107,56.0869
1777263327157,54.5013
1777263327185,53.8993
1777263327214,53.6268
1777263327243,52.3938
1777263327272,52.0788
1777263327322,49.8106
1777263327352,49.3731
1777263327380,48.8706
1777263327410,47.6600
1777263327440,45.8383
1777263327471,45.2128
1777263327522,44.2896
1777263327554,43.2261
1777263327585,43.3802
1777263327616,42.8992
1777263327647,42.6687
1777263327678,42.3778
1777263327710,42.0114
1777263327742,41.6240
1777263327773,36.4144
1777263327804,32.6907
1777263327836,32.7304
1777263327888,32.4198
1777263327919,32.5513
1777263327951,32.6160
1777263327983,33.3486
1777263328015,33.6025
1777263328048,33.5462
1777263328080,33.5645
1777263328114,33.6695
1777263328147,33.8983
1777263328180,34.4518
1777263328213,34.9314
1777263328247,35.3811
1777263328280,35.3927
1777263328314,35.6807
1777263328347,35.7780
1777263328382,35.7486
1777263328417,35.7501
1777263328451,36.3464
1777263328485,37.8394
1777263328520,38.4430
1777263328555,38.8077
1777263328591,38.8699
1777263328626,38.9214
1777263328663,39.9436
1777263328699,40.9742
1777263328735,42.0354
1777263328773,42.8207
1777263328809,42.8595
1777263328846,43.2710
1777263328881,44.9364
1777263328918,45.1020
1777263328955,45.0523
1777263328991,45.9888
1777263329027,46.8135
1777263329063,47.8369
1777263329102,47.9161
1777263329139,47.7951
1777263329177,47.9227
1777263329213,47.8227
1777263329251,47.4327
1777263329289,47.5400
1777263329328,48.5604
1777263329364,49.2122
1777263329405,49.5630
1777263329444,50.2335
1777263329482,50.3363
1777263329523,50.2877
1777263329562,50.2501
1777263329603,50.7574
1777263329642,50.5019
1777263329682,50.1361
1777263329719,49.3896
1777263329756,49.2175
1777263329795,49.4780
1777263329838,51.2543
1777263329879,50.8132
1777263329921,50.8484
1777263329962,51.6154
1777263330002,52.1517
1777263330043,51.9351
1777263330081,51.1140
1777263330117,51.6653
1777263330159,52.5392
1777263330200,53.6098
1777263330241,54.2165
1777263330281,53.9008
1777263330321,53.9521
1777263330363,54.6390
1777263330406,54.3519
1777263330445,55.9781
1777263330483,55.8628
1777263330521,55.5297
1777263330560,56.2878
1777263330606,56.5307
1777263330646,56.8069
1777263330687,57.4596
1777263330728,57.6858
1777263330774,58.1954
1777263330816,57.8943
1777263330858,58.3018
1777263330907,58.7898
1777263330950,58.7499
1777263330993,59.4601
1777263331037,60.2704
1777263331079,60.1680
1777263331120,60.0884
1777263331160,60.1139
1777263331203,60.7814
1777263331244,60.0135
1777263331284,60.4495
1777263331326,60.6381
1777263331369,59.8259
1777263331412,60.9808
1777263331453,59.9747
1777263331496,60.3612
1777263331539,60.0837
1777263331584,59.9536
1777263331628,60.5876
1777263331672,61.4100
1777263331715,61.0793
1777263331758,61.7237
1777263331800,62.0413
1777263331847,61.4837
1777263331892,61.6989
1777263331938,61.2092
1777263331982,60.7906
1777263332027,61.1754
1777263332076,60.9969
1777263332129,61.6443
1777263332172,61.8185
1777263332219,62.3677
1777263332265,61.9439
1777263332305,61.9362
1777263332344,61.6648
1777263332384,61.4947
1777263332427,61.1133
1777263332468,60.6228
1777263332507,61.1907
1777263332547,61.5890
1777263332588,61.2739
1777263332626,60.5105
1777263332666,60.3592
1777263332704,59.5636
1777263332743,60.1098
1777263332787,59.8434
1777263332827,58.3407
1777263332878,59.0459
1777263332923,58.6966
1777263332964,58.7325
1777263333006,58.4957
1777263333048,58.1176
1777263333091,58.8402
1777263333134,58.5684
1777263333177,58.1391
1777263333221,57.9577
1777263333261,57.4017
1777263333304,57.9271
1777263333345,58.5338
1777263333390,59.5099
1777263333430,58.8801
1777263333468,58.9259
1777263333512,59.7027
1777263333551,58.7174
1777263333590,58.7293
1777263333627,58.9088
1777263333669,58.8228
1777263333711,59.5855
1777263333756,60.0331
1777263333797,59.7150
1777263333849,60.6021
1777263333902,62.1297
1777263333947,62.4222
1777263333989,63.2440
1777263334032,62.9644
1777263334074,62.7655
1777263334118,62.8738
1777263334163,62.8968
1777263334205,62.6594
1777263334246,62.9038
1777263334289,63.3966
1777263334332,63.2683
1777263334379,62.8254
1777263334421,61.7846
1777263334462,62.4264
1777263334504,62.2820
1777263334556,64.0951
1777263334597,64.1898
1777263334637,65.0189
1777263334681,65.3181
1777263334724,64.7997
1777263334765,64.4152
1777263334820,64.2852
1777263334864,63.9216
1777263334910,63.0221
1777263334975,63.4128
1777263335013,63.4089
1777263335052,63.5930
1777263335090,64.0854
1777263335130,63.4533
1777263335173,63.5760
1777263335214,63.8211
1777263335259,63.7978
1777263335304,63.2937
1777263335342,63.4959
1777263335382,63.3701
1777263335422,63.2432
1777263335463,63.0098
1777263335505,62.5290
1777263335547,62.0782
1777263335587,60.6393
1777263335630,60.2712
1777263335674,59.8976
1777263335719,60.1511
1777263335764,59.8830
1777263335815,60.1596
1777263335869,60.4189
1777263335917,60.8657
1777263335962,61.1295
1777263335999,60.3411
1777263336041,59.7303
1777263336084,59.1004
1777263336135,58.9097
1777263336179,59.0578
1777263336224,58.8531
1777263336271,58.8745
1777263336311,59.1232
1777263336354,59.2355
1777263336399,59.2164
1777263336445,60.2495
1777263336490,60.2059
1777263336537,61.0626
1777263336581,61.3557
1777263336630,63.0780
1777263336673,63.0856
1777263336714,63.3986
1777263336873,62.5173
1777263336899,66.0611
1777263336926,67.8791
1777263336950,66.6414
1777263336998,64.3862
1777263337026,63.8862
1777263337054,63.6051
1777263337104,62.3010
1777263337134,61.6956
1777263337164,60.8135
1777263337193,59.4942
1777263337223,58.2568
1777263337253,57.2918
1777263337303,55.9256
1777263337334,55.5317
1777263337364,54.2781
1777263337395,53.7489
1777263337426,53.0477
1777263337457,51.6825
1777263337488,50.4817
1777263337519,49.7786
1777263337571,48.3065
1777263337603,47.6913
1777263337634,45.6868
1777263337665,45.1592
1777263337697,44.9127
1777263337727,43.7316
1777263337759,43.2843
1777263337791,42.9457
1777263337822,42.5347
1777263337854,42.0767
1777263337885,41.5809
1777263337916,36.6369
1777263337947,33.2218
1777263338000,33.2206
1777263338033,33.8325
1777263338065,33.9290
1777263338098,33.9691
1777263338129,33.8492
1777263338161,33.8869
1777263338194,33.8996
1777263338226,34.0041
1777263338259,34.7464
1777263338292,36.0933
1777263338326,36.3681
1777263338358,36.3480
1777263338391,36.3337
1777263338425,36.3028
1777263338459,36.3785
1777263338494,36.4461
1777263338528,36.6510
1777263338571,37.4833
1777263338605,38.9960
1777263338639,39.0463
1777263338675,39.2160
1777263338710,39.1767
1777263338747,40.9794
1777263338785,42.2694
1777263338822,42.2632
1777263338857,42.3667
1777263338894,43.7522
1777263338932,44.6492
1777263338967,45.2735
1777263339004,46.2987
1777263339042,46.5858
1777263339077,48.2028
1777263339118,48.9798
1777263339155,48.6572
1777263339191,48.8626
1777263339227,50.1917
1777263339263,50.2711
1777263339299,50.3839
1777263339338,50.4935
1777263339379,51.6594
1777263339419,53.0420
1777263339455,52.6863
1777263339492,52.7910
1777263339530,53.9298
1777263339567,53.9202
1777263339603,53.4895
1777263339644,53.5309
1777263339689,54.7372
1777263339728,54.3918
1777263339766,53.8659
1777263339804,54.0145
1777263339841,54.6990
1777263339884,55.2393
1777263339925,56.3621
1777263339964,56.2895
1777263340010,56.8310
1777263340050,57.4862
1777263340093,57.0549
1777263340130,57.1966
1777263340170,57.9806
1777263340208,58.2187
1777263340252,58.0473
1777263340294,58.8627
1777263340334,59.1520
1777263340374,59.8540
1777263340419,59.2520
1777263340456,58.7899
1777263340495,59.6888
1777263340535,59.5776
1777263340576,60.2767
1777263340619,60.2281
1777263340660,59.6124
1777263340706,59.4838
1777263340744,59.9712
1777263340786,59.8555
1777263340826,60.3307
1777263340863,59.8119
1777263340897,59.8671
1777263340936,59.7902
1777263340975,60.2667
1777263341016,59.9180
1777263341053,58.8578
1777263341092,58.5303
1777263341131,58.5682
1777263341171,58.3081
1777263341212,58.7260
1777263341260,59.1714
1777263341299,58.2797
1777263341343,59.2601
1777263341382,58.9271
1777263341426,60.5290
1777263341466,60.4701
1777263341505,60.3157
1777263341549,60.8920
1777263341590,60.2042
1777263341628,59.8080
1777263341669,60.4902
1777263341721,60.5833
1777263341761,61.0137
1777263341800,60.8010
1777263341837,60.7011
1777263341881,60.3011
1777263341924,59.7981
1777263341965,59.6856
1777263342008,59.6380
1777263342055,60.7328
1777263342099,60.6550
1777263342141,60.6277
1777263342196,61.6280
1777263342239,61.4642
1777263342288,60.8248
1777263342328,60.5218
1777263342378,60.2718
1777263342426,60.0756
1777263342469,59.8956
1777263342516,59.9675
1777263342562,59.8285
1777263342612,61.0470
1777263342655,61.9712
1777263342696,61.6177
1777263342735,62.2356
1777263342775,61.8215
1777263342815,61.6261
1777263342852,61.9235
1777263342892,61.9339
1777263342933,62.7806
1777263342978,62.5481
1777263343018,63.1209
1777263343059,63.0578
1777263343099,63.0339
1777263343148,62.9085
1777263343192,62.5049
1777263343234,62.8309
1777263343278,63.8467
1777263343319,63.7952
1777263343362,63.6276
1777263343409,63.8500
1777263343452,63.2732
1777263343494,63.6144
1777263343541,62.9617
1777263343582,62.5527
1777263343623,62.2377
1777263343668,61.9612
1777263343712,61.5035
1777263343753,61.1227
1777263343795,60.7579
1777263343838,61.1385
1777263343881,60.9080
1777263343924,60.6750
1777263343966,61.0059
1777263344011,59.7151
1777263344051,59.9025
1777263344095,60.2396
1777263344139,59.9347
1777263344183,59.7767
1777263344227,59.2973
1777263344282,59.9802
1777263344328,59.1048
1777263344374,59.2931
1777263344419,58.8316
1777263344459,59.2465
1777263344505,59.7491
1777263344547,59.7059
1777263344589,59.9214
1777263344636,60.0154
1777263344676,59.7422
1777263344719,60.5221
1777263344764,60.6693
1777263344806,60.7987
1777263344847,60.4883
1777263344886,60.9401
1777263344931,61.4465
1777263344976,61.5929
1777263345020,61.8188
1777263345066,61.8382
1777263345124,62.1756
1777263345169,63.3274
1777263345211,63.2236
1777263345257,62.2454
1777263345300,61.8289
1777263345342,61.4917
1777263345386,61.7613
1777263345432,61.8858
1777263345474,61.3326
1777263345516,61.7823
1777263345564,62.5546
1777263345607,62.2812
1777263345650,62.8142
1777263345694,62.7217
1777263345749,63.1929
1777263345794,62.8654
1777263345837,63.0870
1777263345879,62.9442
1777263345923,62.2811
1777263345970,63.4302
1777263346012,63.9170
1777263346058,63.6438
1777263346101,63.4307
1777263346146,63.5483
1777263346195,63.2210
1777263346242,62.8352
1777263346285,64.6221
1777263346438,64.5300
1777263346464,68.6383
1777263346499,68.7276
1777263346531,65.9218
1777263346565,65.5664
1777263346602,66.5033
1777263346640,67.2939
1777263346674,66.9986
1777263346713,66.5227
1777263346759,66.2326
1777263346802,69.8379
1777263346842,69.7726
1777263346885,72.5143
1777263346926,75.5134
1777263346975,75.4110
1777263347020,78.2935
1777263347065,81.8217
1777263347110,87.8063
1777263347152,88.1180
1777263347193,93.4454
1777263347246,95.5242
1777263347293,102.1490
1777263347342,106.5852
1777263347397,106.8265
1777263347446,113.1346
1777263347492,113.6313
1777263347544,115.3611
1777263347590,117.3213
1777263347633,120.0468
1777263347680,120.7910
1777263347724,124.8944
1777263347770,123.7591
1777263347821,127.2313
1777263347866,125.0040
1777263347910,126.5046
1777263347958,126.5935
1777263348003,125.2657
1777263348045,123.7954
1777263348090,121.2926
1777263348136,118.7943
1777263348184,115.1553
1777263348232,114.8406
1777263348282,108.5244
1777263348330,102.5688
1777263348380,96.2234
1777263348434,87.9786
1777263348488,81.8489
1777263348538,78.9133
1777263348587,76.1695
1777263348638,76.3963
1777263348701,77.1790
1777263348750,78.5860
1777263348801,78.4981
1777263348853,78.5475
1777263348914,80.0796
1777263348966,81.2250
1777263349021,83.1309
1777263349073,82.9315
1777263349135,83.8541
1777263349193,85.9251
1777263349247,86.7957
1777263349303,88.2812
1777263349358,89.5061
1777263349412,91.1794
1777263349466,90.7071
1777263349531,91.2996
1777263349590,91.0020
1777263349645,91.7215
1777263349701,91.8576
1777263349756,92.1934
1777263349815,93.3781
1777263349871,93.7974
1777263349939,95.3928
1777263349997,95.3747
1777263350056,95.8670
1777263350116,97.4434
1777263350182,97.9602
1777263350243,98.4006
1777263350302,98.1912
1777263350373,98.1305
1777263350436,100.0809
1777263350502,102.0319
1777263350576,105.1250
1777263350639,105.6309
1777263350702,106.2643
1777263350767,107.9248
1777263350839,109.7631
1777263350904,110.0248
1777263350969,110.4606
1777263351044,109.3358
1777263351110,111.4691
1777263351176,111.6853
1777263351247,111.8472
1777263351315,113.9247
1777263351384,113.7867
1777263351463,113.9403
1777263351533,113.8375
1777263351602,113.7904
1777263351674,112.2742
1777263351745,113.7755
1777263351819,113.1620
1777263351892,114.1397
1777263351961,114.9308
1777263352032,115.3862
1777263352110,116.1170
1777263352178,116.0731
1777263352258,115.1367
1777263352327,119.9943
1777263352393,120.5523
1777263352474,123.1347
1777263352540,123.6290
1777263352607,123.9791
1777263352676,124.3163
1777263352742,125.8552
1777263352807,125.3359
1777263352888,125.2695
1777263352954,127.8002
1777263353019,128.7070
1777263353098,131.5923
1777263353162,130.6756
1777263353223,129.5903
1777263353289,129.1279
1777263353358,128.9986
1777263353425,127.5291
1777263353490,127.3325
1777263353555,123.6731
1777263353620,122.5353
1777263353683,122.8578
1777263353766,121.6139
1777263353831,123.9884
1777263353891,123.7492
1777263353976,120.3654
1777263354043,120.9400
1777263354106,120.9123
1777263354191,118.0482
1777263354259,120.2688
1777263354324,119.9498
1777263354397,116.8603
1777263354460,118.2492
1777263354527,118.9809
1777263354605,119.1607
1777263354670,120.2198
1777263354735,120.7247
1777263354819,120.4093
1777263354886,120.2426
1777263354950,120.3602
1777263355219,128.3861
1777263355255,138.1372
1777263355291,146.8233
1777263355331,146.1506
1777263355372,144.4762
1777263355417,139.7365
1777263355462,136.4479
1777263355508,131.3486
1777263355546,130.8412
1777263355585,127.9468
1777263355625,125.9998
1777263355671,124.8020
1777263355711,121.5158
1777263355749,118.6328
1777263355789,118.6221
1777263355830,115.7892
1777263355871,113.8837
1777263355911,110.9854
1777263355950,108.0959
1777263355989,106.5249
1777263356034,105.2525
1777263356075,103.6939
1777263356118,102.6966
1777263356163,101.2822
1777263356206,100.8400
1777263356247,86.2709
1777263356289,73.9917
1777263356332,73.8994
1777263356376,72.7008
1777263356416,71.7602
1777263356459,71.9903
1777263356500,69.6943
1777263356542,68.1968
1777263356585,67.8609
1777263356629,68.3150
1777263356672,68.5677
1777263356715,67.7836
1777263356758,68.1039
1777263356801,67.9368
1777263356844,67.6896
1777263357479,76.7862
1777263358039,1045.2189
1777263358458,1099.4565
1777263358514,906.5880
1777263358552,806.9442
1777263358586,544.5223
1777263358618,466.1937
1777263358653,353.5772
1777263358688,348.6957
1777263358723,304.6298
1777263358758,274.5452
1777263358793,234.8896
1777263358828,230.2518
1777263358864,205.6346
1777263358902,204.3897
1777263358939,193.7798
1777263358980,177.0472
1777263359023,144.0865
1777263359061,140.4427
1777263359101,132.6163
1777263359142,87.6314
1777263359183,87.5762
1777263359226,87.6874
1777263359275,87.9782
1777263359329,89.6930
1777263359375,91.6787
1777263359420,91.7216
1777263359465,81.2505
1777263359508,81.0987
1777263359553,81.3655
1777263359597,83.3570
1777263359643,83.6632
1777263359701,85.0851
1777263359747,84.8165
1777263359791,85.4166
1777263359836,85.8100
1777263359880,86.5737
1777263359924,87.4527
1777263359966,88.0863
1777263360010,88.1870
1777263360053,88.8674
1777263360094,88.3593
1777263360144,89.4763
1777263360196,88.9933
1777263360244,88.8382
1777263360290,88.7636
1777263360338,85.7266
1777263360384,85.4055
1777263360432,81.5344
1777263360477,74.5060
1777263360523,75.3830
1777263360572,75.4160
1777263360619,75.2337
1777263360667,75.2158
1777263360715,75.1502
1777263360768,76.3159
1777263360818,77.2555
1777263360866,78.8468
1777263360915,78.3755
1777263360972,79.7024
1777263361024,82.1826
1777263361075,83.6569
1777263361125,84.3251
1777263361185,84.3520
1777263361242,85.3532
1777263361293,86.1508
1777263361346,85.1084
1777263361411,88.4940
1777263361475,89.1927
1777263361545,90.5986
1777263361612,92.7598
1777263361669,94.3590
1777263361728,95.6065
1777263361787,97.6955
1777263361846,98.0435
1777263361902,99.1876
1777263361962,100.7185
1777263362033,101.6034
1777263362096,101.7516
1777263362160,101.7840
1777263362221,104.0992
1777263362290,105.0185
1777263362351,106.2503
1777263362424,108.4374
1777263362490,110.0152
1777263362557,110.3458
1777263362638,110.1422
1777263362707,113.9940
1777263362774,116.5950
1777263362846,116.4550
1777263362920,120.5597
1777263362989,122.6699
1777263363061,122.7131
1777263363134,125.8686
1777263363215,128.4122
1777263363328,133.3989
1777263363412,138.3983
1777263363501,143.3122
1777263363579,148.1002
1777263363655,148.5769
1777263363742,153.9138
1777263363821,155.6467
1777263363902,155.6719
1777263364081,180.2696
1777263364115,189.4605
1777263364147,186.2940
1777263364177,182.5028
1777263364211,181.0418
1777263364248,173.7036
1777263364292,169.6408
1777263364338,164.4675
1777263364378,157.3125
1777263364418,146.9568
1777263364452,146.0002
1777263364486,143.0609
1777263364523,134.9389
1777263364557,129.6325
1777263364595,127.4706
1777263364634,126.8955
1777263364674,119.4675
1777263364712,117.7498
1777263364751,113.4706
1777263364791,107.1134
1777263364829,105.9338
1777263364870,103.8997
1777263364914,102.5647
1777263364957,100.9115
1777263365002,99.7796
1777263365041,98.5676
1777263365084,90.0408
1777263365129,67.5180
1777263365176,67.2930
1777263365216,66.2983
1777263365255,66.5129
1777263365294,66.5767
1777263365333,66.3773
1777263365371,64.2210
1777263365409,62.1355
1777263365448,60.9911
1777263365490,62.0129
1777263365533,62.3271
1777263365583,63.5215
1777263365630,64.8313
1777263365680,65.1361
1777263365730,66.2557
1777263365781,67.3982
1777263365826,68.0806
1777263365871,68.1462
1777263365919,69.9936
1777263365974,69.9999
1777263366020,71.8746
1777263366076,74.3982
1777263366120,75.8182
1777263366168,75.3337
1777263366215,76.2877
1777263366260,76.1583
1777263366304,77.7749
1777263366347,78.4196
1777263366391,78.0854
1777263366447,79.4347
1777263366505,79.5961
1777263366554,81.2052
1777263366606,82.6262
1777263366657,83.3816
1777263366706,82.7372
1777263366754,82.8165
1777263366805,82.7577
1777263366853,84.3050
1777263366902,84.1387
1777263366951,83.9552
1777263366999,83.4651
1777263367061,82.5398
1777263367111,83.1636
1777263367161,82.8311
1777263367210,83.5150
1777263367280,84.1918
1777263367335,86.1391
1777263367388,86.6949
1777263367440,86.4222
1777263367497,89.4607
1777263367551,89.4266
1777263367605,89.6390
1777263367664,88.6035
1777263367719,91.3730
1777263367776,92.4762
1777263367832,93.1142
1777263367892,92.2958
1777263367953,94.4848
1777263368008,94.5761
1777263368065,94.9104
1777263368121,94.8673
1777263368175,95.6170
1777263368232,96.9768
1777263368302,96.7348
1777263368362,98.5088
1777263368423,99.2375
1777263368484,99.2067
1777263368553,98.7028
1777263368616,100.9667
1777263368773,100.9896
1777263368804,114.4694
1777263368837,112.9287
1777263368879,112.2343
1777263368921,108.1274
1777263368959,107.1385
1777263368996,104.4413
1777263369032,103.0920
1777263369092,103.6257
1777263369133,103.8128
1777263369173,102.7984
1777263369212,101.3899
1777263369253,100.5213
1777263369293,98.7062
1777263369334,94.8566
1777263369374,93.8695
1777263369415,92.1444
1777263369454,91.0863
1777263369492,90.7171
1777263369529,88.8848
1777263369564,87.5352
1777263369604,86.3040
1777263369649,83.4843
1777263369689,82.4167
1777263369726,81.5961
1777263369761,81.3236
1777263369798,72.1035
1777263369835,66.7762
1777263369873,66.8962
1777263369909,65.9785
1777263369945,65.4647
1777263369983,64.7824
1777263370024,64.3961
1777263370069,64.8381
1777263370110,63.4033
1777263370148,63.1999
1777263370190,62.1338
1777263370231,62.2304
1777263370273,62.2517
1777263370319,62.6718
1777263370364,63.0041
1777263370406,63.4688
1777263370447,63.3641
1777263370495,64.3122
1777263370538,64.5062
1777263370578,64.6599
1777263370621,66.7000
1777263370663,66.3678
1777263370707,66.6953
1777263370749,66.6231
1777263370789,66.6780
1777263370833,67.4842
1777263370877,66.9608
1777263370922,69.1653
1777263370968,68.8505
1777263371015,69.0764
1777263371060,70.2929
1777263371105,71.8401
1777263371153,71.6541
1777263371202,73.1178
1777263371248,73.6613
1777263371294,74.2064
1777263371346,74.2575
1777263371394,75.3933
1777263371442,75.2719
1777263371488,76.0150
1777263371537,75.9411
1777263371585,75.9190
1777263371635,76.3390
1777263371690,76.7737
1777263371744,78.2076
1777263371795,79.7363
1777263371845,81.1045
1777263371895,81.0161
1777263371952,83.1073
1777263372003,84.6144
1777263372052,84.7021
1777263372104,84.4955
1777263372163,85.1239
1777263372214,86.2792
1777263372266,87.5840
1777263372318,87.1457
1777263372374,87.5284
1777263372430,89.4536
1777263372485,90.6545
1777263372538,91.9780
1777263372591,91.7016
1777263372646,92.1799
1777263372700,93.0200
1777263372756,93.4351
1777263372835,94.1020
1777263373011,93.9673
1777263373047,103.3274
1777263373088,107.5736
1777263373130,105.5653
1777263373171,103.0008
1777263373208,99.8658
1777263373239,98.9930
1777263373273,97.4751
1777263373310,95.9796
1777263373348,95.1985
1777263373384,93.5985
1777263373419,92.2553
1777263373454,91.0037
1777263373493,88.9765
1777263373532,88.0045
1777263373572,85.8792
1777263373612,85.0871
1777263373652,83.2525
1777263373690,82.5771
1777263373730,81.5433
1777263373769,79.6099
1777263373808,78.7245
1777263373849,77.1301
1777263373887,75.5484
1777263373929,74.8985
1777263373970,74.6619
1777263374011,74.6827
1777263374059,71.9228
1777263374101,65.5910
1777263374143,62.4427
1777263374185,59.6450
1777263374225,59.6272
1777263374263,59.7116
1777263374303,60.0360
1777263374343,61.1161
1777263374382,60.8983
1777263374421,62.0963
1777263374466,62.1502
1777263374508,62.0945
1777263374554,63.8011
1777263374600,64.1005
1777263374644,66.6784
1777263374688,66.8590
1777263374736,68.7252
1777263374781,69.0613
1777263374824,70.4411
1777263374871,70.9074
1777263374929,71.0425
1777263374981,72.4907
1777263375030,73.7552
1777263375079,74.2511
1777263375125,74.1928
1777263375180,75.5743
1777263375225,75.9510
1777263375269,77.3046
1777263375313,76.8385
1777263375362,77.9582
1777263375412,77.3371
1777263375459,77.8329
1777263375505,78.3859
1777263375552,77.9048
1777263375607,77.9709
1777263375656,77.7588
1777263375707,77.8589
1777263375757,77.7130
1777263375820,78.3019
1777263375870,79.7965
1777263375919,79.7494
1777263375969,80.1087
1777263376031,80.1360
1777263376081,80.6899
1777263376133,80.8125
1777263376184,81.1445
1777263376244,81.5122
1777263376294,82.5158
1777263376345,84.4256
1777263376397,84.2044
1777263376461,85.1724
1777263376514,86.3133
1777263376568,87.5087
1777263376703,87.5921
1777263376733,97.2783
1777263376772,94.6837
1777263376812,94.4452
1777263376850,93.2807
1777263376885,90.7757
1777263376919,90.3979
1777263376958,89.1732
1777263376995,88.8493
1777263377031,87.1465
1777263377069,85.9848
1777263377106,84.0713
1777263377145,83.9158
1777263377181,82.7554
1777263377218,81.9872
1777263377258,80.2168
1777263377313,78.8300
1777263377348,78.4163
1777263377389,76.9439
1777263377429,76.5166
1777263377466,75.3029
1777263377504,75.1467
1777263377543,73.6158
1777263377581,71.6760
1777263377621,71.0267
1777263377660,70.6045
1777263377698,70.1696
1777263377736,64.7714
1777263377777,60.7963
1777263377818,62.9523
1777263377859,61.1440
1777263377899,60.8589
1777263377940,61.2780
1777263377982,61.6301
1777263378021,62.0118
1777263378060,62.1880
1777263378100,62.0583
1777263378142,63.1165
1777263378186,62.3471
1777263378233,63.6244
1777263378275,64.0160
1777263378318,64.1525
1777263378360,64.9941
1777263378405,64.8330
1777263378449,64.3968
1777263378492,64.5117
1777263378535,64.7540
1777263378579,64.8137
1777263378621,64.8428
1777263378664,66.7211
1777263378708,67.4290
1777263378753,68.1723
1777263378797,67.7576
1777263378843,67.0030
1777263378890,68.1417
1777263378936,68.4647
1777263378981,69.0216
1777263379027,69.6841
1777263379088,70.9129
1777263379133,72.9262
1777263379179,73.3014
1777263379225,74.2870
1777263379267,74.2177
1777263379315,74.7678
1777263379362,74.2914
1777263379408,75.5909
1777263379455,76.1356
1777263379508,76.8394
1777263379566,77.9082
1777263379615,79.6540
1777263379667,79.5567
1777263379721,81.5537
1777263379772,83.5689
1777263379823,84.2185
1777263379879,86.5348
1777263380003,86.1038
1777263380034,94.9602
1777263380070,93.2968
1777263380110,90.6997
1777263380152,90.2687
1777263380189,88.3253
1777263380226,86.9983
1777263380262,86.9865
1777263380299,86.5861
1777263380335,85.7255
1777263380374,84.8414
1777263380412,84.6496
1777263380452,83.7958
1777263380491,83.1280
1777263380527,82.1083
1777263380566,81.9651
1777263380606,80.1796
1777263380643,78.1090
1777263380681,77.8340
1777263380722,76.1860
1777263380763,75.6750
1777263380802,73.7473
1777263380842,72.0354
1777263380881,71.0350
1777263380922,70.4027
1777263380962,70.1489
1777263381005,69.5856
1777263381045,66.0949
1777263381087,63.3055
1777263381127,63.1511
1777263381174,62.3506
1777263381217,62.3626
1777263381261,62.6813
1777263381308,63.7331
1777263381350,63.5715
1777263381391,65.4614
1777263381432,64.9343
1777263381471,64.8046
1777263381511,64.7839
1777263381553,65.0534
1777263381595,64.9529
1777263381639,64.9256
1777263381683,65.7522
1777263381726,65.1863
1777263381769,65.0168
1777263381814,65.7607
1777263381854,65.8169
1777263381898,67.2731
1777263381942,66.9469
1777263381986,66.9754
1777263382032,67.6332
1777263382075,67.7667
1777263382118,67.0010
1777263382161,67.7206
1777263382207,67.7562
1777263382250,68.6146
1777263382295,68.1660
1777263382339,67.9894
1777263382384,68.4019
1777263382445,69.6535
1777263382494,69.8578
1777263382540,72.5139
1777263382586,73.7606
1777263382636,74.6642
1777263382684,75.0388
1777263382731,74.7516
1777263382800,76.3052
1777263382936,83.4961
1777263382976,84.2244
1777263383016,89.4922
1777263383055,88.3638
1777263383089,88.4090
1777263383120,88.2676
1777263383154,87.6389
1777263383190,86.5497
1777263383222,85.8252
1777263383258,85.6259
1777263383294,85.7140
1777263383332,84.5314
1777263383367,83.4028
1777263383403,82.2404
1777263383435,81.2775
1777263383470,80.6173
1777263383508,80.3634
1777263383545,78.0152
1777263383584,77.4041
1777263383620,76.8223
1777263383656,76.5040
1777263383691,75.5681
1777263383727,74.8441
1777263383761,73.0864
1777263383799,71.7971
1777263383840,71.4570
1777263383882,71.0695
1777263383923,70.3095
1777263383967,64.4960
1777263384007,59.7335
1777263384046,59.5610
1777263384086,56.2182
1777263384125,56.3877
1777263384163,56.2975
1777263384202,57.7553
1777263384245,58.3438
1777263384284,58.3253
1777263384327,58.9704
1777263384371,58.6730
1777263384412,59.6489
1777263384458,61.0027
1777263384501,61.4500
1777263384545,62.1208
1777263384585,62.0190
1777263384629,63.6889
1777263384670,62.9630
1777263384710,63.6099
1777263384752,63.9850
1777263384794,64.8139
1777263384838,65.1667
1777263384885,66.3638
1777263384931,67.3160
1777263384975,67.4819
1777263385020,67.4264
1777263385063,69.0348
1777263385106,69.4806
1777263385149,69.8696
1777263385191,69.8477
1777263385236,71.2235
1777263385279,70.9591
1777263385323,71.6702
1777263385461,71.4173
1777263385494,75.8597
1777263385530,77.6093
1777263385564,76.5046
1777263385594,75.7392
1777263385626,75.0561
1777263385661,75.5040
1777263385700,74.8932
1777263385736,74.4855
1777263385775,73.7527
1777263385811,73.5423
1777263385850,73.4267
1777263385886,72.7504
1777263385925,72.2336
1777263385960,71.6981
1777263385997,71.7181
1777263386036,70.4402
1777263386072,69.7108
1777263386113,69.6355
1777263386154,69.9041
1777263386195,69.4494
1777263386234,68.3674
1777263386275,68.5701
1777263386331,67.7418
1777263386367,68.1621
1777263386409,68.3649
1777263386444,68.1932
1777263386482,67.7761
1777263386521,64.4079
1777263386571,62.5076
1777263386614,62.9981
1777263386659,62.7064
1777263386703,64.2934
1777263386752,64.1221
1777263386799,66.5405
1777263386855,67.8843
1777263386899,67.6296
1777263386941,70.6509
1777263386982,70.3823
1777263387024,70.8461
1777263387068,71.3478
1777263387138,71.9972
1777263387184,73.1731
1777263387232,73.5240
1777263387280,75.8808
1777263387322,76.6075
1777263387364,75.9439
1777263387428,76.2400
1777263387485,78.3152
1777263387538,81.0751
1777263387591,81.4422
1777263387640,82.3514
1777263387688,82.8086
1777263387739,82.6794
1777263387853,82.6653
1777263387881,86.2391
1777263387918,88.9216
1777263387957,87.7855
1777263387994,86.0980
1777263388034,85.9084
1777263388077,85.6812
1777263388115,85.0059
1777263388157,84.8042
1777263388198,83.0626
1777263388237,82.4859
1777263388279,80.7455
1777263388321,81.0269
1777263388361,80.3066
1777263388405,80.4050
1777263388447,79.3037
1777263388491,79.0526
1777263388538,77.4196
1777263388578,75.4048
1777263388617,75.0265
1777263388655,73.9117
1777263388705,73.7694
1777263388746,73.4025
1777263388788,73.3422
1777263388829,73.4478
1777263388870,72.6628
1777263388911,68.6760
1777263388955,65.5209
1777263388997,65.2085
1777263389040,66.2981
1777263389080,65.5504
1777263389118,65.4301
1777263389159,66.2811
1777263389202,65.7355
1777263389243,66.3546
1777263389284,66.1172
1777263389324,65.2762
1777263389364,66.1336
1777263389402,66.0311
1777263389444,65.5801
1777263389484,65.7671
1777263389524,64.9032
1777263389576,65.2547
1777263389622,64.9076
1777263389665,65.0657
1777263389708,65.1364
1777263389751,63.9851
1777263389793,65.1726
1777263389838,65.1943
1777263389943,65.2376
1777263389972,71.8515
1777263390010,71.8401
1777263390044,72.6066
1777263390081,73.1732
1777263390116,72.7808
1777263390155,71.4677
1777263390194,71.6041
1777263390230,71.8088
1777263390267,71.0461
1777263390304,70.6714
1777263390342,70.6631
1777263390379,70.3762
1777263390419,70.8814
1777263390457,70.8179
1777263390496,70.9179
1777263390534,71.6178
1777263390572,71.0099
1777263390617,70.9051
1777263390656,71.1935
1777263390694,70.6412
1777263390734,70.3837
1777263390773,69.5217
1777263390816,69.4667
1777263390856,69.1964
1777263390900,68.6569
1777263390947,68.0486
1777263390991,62.9025
1777263391030,63.0783
1777263391071,61.5193
1777263391110,61.7683
1777263391148,61.8228
1777263391190,62.2076
1777263391233,63.3113
1777263391274,62.9308
1777263391316,63.4669
1777263391360,63.4725
1777263391404,63.8749
1777263391447,64.0120
1777263391491,64.8079
1777263391534,64.3963
1777263391575,64.4898
1777263391616,65.7392
1777263391658,65.0581
1777263391698,65.5166
1777263391741,66.2494
1777263391869,70.1569
1777263391907,70.2179
1777263391945,74.9246
1777263391984,74.6016
1777263392019,74.4935
1777263392061,74.4701
1777263392096,74.1514
1777263392134,73.9150
1777263392170,74.0908
1777263392208,74.0439
1777263392248,73.3606
1777263392285,73.3929
1777263392323,73.3862
1777263392359,74.0692
1777263392401,73.6142
1777263392439,72.6744
1777263392479,72.4380
1777263392521,72.5215
1777263392560,72.3417
1777263392601,72.3910
1777263392642,72.1612
1777263392683,72.1454
1777263392724,72.3601
1777263392763,71.5349
1777263392805,71.2585
1777263392846,71.3894
1777263392885,68.2396
1777263392930,64.9620
1777263392973,64.7091
1777263393015,64.7995
1777263393058,65.8980
1777263393100,65.3150
1777263393144,65.9196
1777263393188,65.8938
1777263393229,66.3280
1777263393272,67.2755
1777263393312,67.3189
1777263393353,67.0130
1777263393395,66.7900
1777263393524,66.7110
1777263393557,70.3876
1777263393595,74.9493
1777263393636,74.6754
1777263393671,73.7024
1777263393705,74.1389
1777263393743,73.8733
1777263393780,73.4604
1777263393817,73.0111
1777263393851,72.5476
1777263393888,72.6225
1777263393925,72.2432
1777263393964,71.3623
1777263394003,70.6291
1777263394039,70.2062
1777263394080,69.9666
1777263394117,69.8167
1777263394157,69.8011
1777263394195,70.3347
1777263394232,69.5841
1777263394266,68.7030
1777263394304,67.9160
1777263394343,68.7574
1777263394383,68.6694
1777263394423,68.7280
1777263394462,69.1641
1777263394504,69.0875
1777263394544,68.9405
1777263394588,63.1680
1777263394627,63.0010
1777263394666,62.4354
1777263394707,62.9667
1777263394747,62.7871
1777263394787,62.6742
1777263394828,64.2741
1777263394868,64.0970
1777263394910,64.6546
1777263395017,65.1299
1777263395046,65.9075
1777263395086,67.8660
1777263395125,71.6947
1777263395162,70.8838
1777263395197,69.8267
1777263395236,69.8973
1777263395271,70.9779
1777263395309,70.5914
1777263395347,69.4839
1777263395382,69.5431
1777263395420,69.4298
1777263395455,68.7978
1777263395493,68.3521
1777263395530,68.0216
1777263395569,68.1082
1777263395607,67.1881
1777263395642,66.6626
1777263395686,66.6501
1777263395726,66.4153
1777263395766,65.9227
1777263395805,65.9179
1777263395846,65.6288
1777263395888,65.2174
1777263395927,64.7431
1777263395969,64.9927
1777263396009,64.4392
1777263396051,64.1860
1777263396088,62.4734
1777263396125,58.8724
1777263396163,58.1330
1777263396201,59.7484
1777263396240,59.6331
1777263396278,58.9341
1777263396367,59.7582
1777263396397,61.4795
1777263396434,63.3136
1777263396471,64.9193
1777263396505,65.3802
1777263396540,64.7476
1777263396578,63.9623
1777263396616,64.0162
1777263396652,64.2629
1777263396687,64.1037
1777263396724,63.4993
1777263396761,63.3975
1777263396801,64.3891
1777263396840,63.8022
1777263396879,63.2002
1777263396922,63.3368
1777263396963,63.8753
1777263397004,63.2857
1777263397044,64.4660
1777263397083,64.2168
1777263397125,64.0934
1777263397160,65.6643
1777263397196,64.5941
1777263397235,64.1945
1777263397278,64.3188
1777263397317,65.1651
1777263397358,65.4096
1777263397401,64.0538
1777263397441,62.7180
1777263397482,61.2752
1777263397558,60.8037
1777263397588,65.3983
1777263397628,67.5182
1777263397666,67.1727
1777263397704,68.1309
1777263397739,68.0165
1777263397777,67.5688
1777263397814,67.4200
1777263397851,67.9396
1777263397890,67.9882
1777263397926,67.6015
1777263397966,67.0351
1777263398006,67.7384
1777263398041,66.9537
1777263398077,66.3968
1777263398115,66.3310
1777263398156,65.4971
1777263398192,65.4704
1777263398231,66.2038
1777263398267,66.3258
1777263398307,66.1437
1777263398350,65.6682
1777263398391,65.6017
1777263398434,65.5113
1777263398472,65.0865
1777263398509,65.8708
1777263398549,65.5978
1777263398588,63.1314
1777263398633,62.4464
1777263398674,62.3922
1777263398717,61.9120
1777263398757,63.9833
1777263398795,63.5985
1777263398834,63.6889
1777263398875,64.3832
1777263398918,64.4147
1777263398962,64.5786
1777263399006,65.9429
1777263399051,66.0817
1777263399094,69.5786
1777263399135,69.3849
1777263399179,70.1663
1777263399226,70.1070
1777263399269,70.9087
1777263399313,70.5611
1777263399353,71.4924
1777263399399,71.8123
1777263399441,72.2371
1777263399484,73.3008
1777263399528,73.1615
1777263399572,73.8267
1777263399617,73.9201
1777263399667,73.6711
1777263399730,74.4726
1777263399780,75.3201
1777263399831,76.9928
1777263399879,77.4667
1777263399934,79.8248
1777263399988,80.0304
1777263400039,80.4162
1777263400092,80.1667
1777263400148,80.7532
1777263400198,82.6299
1777263400250,82.9871
1777263400376,83.0742
1777263400411,93.1954
1777263400448,93.1142
1777263400488,92.8625
1777263400527,91.1051
1777263400563,90.5166
1777263400601,90.6789
1777263400640,90.5106
1777263400678,89.3080
1777263400719,88.1406
1777263400760,87.2937
1777263400798,85.0741
1777263400834,83.9094
1777263400875,83.7443
1777263400915,82.5663
1777263400952,80.5403
1777263400992,79.7355
1777263401031,77.9157
1777263401070,77.4082
1777263401110,76.0604
1777263401154,75.9932
1777263401195,75.3122
1777263401235,73.8529
1777263401275,73.6494
1777263401315,73.1542
1777263401358,72.9483
1777263401399,68.2722
1777263401440,64.7431
1777263401478,63.9600
1777263401516,62.6271
1777263401555,62.1957
1777263401594,62.1846
1777263401634,62.3312
1777263401678,62.6302
1777263401722,63.9632
1777263401764,64.4940
1777263401807,64.4831
1777263401849,65.9661
1777263401893,66.5908
1777263401933,66.8531
1777263401973,66.8212
1777263402012,66.4917
1777263402051,66.7323
1777263402091,67.0114
1777263402134,66.3739
1777263402174,65.6264
1777263402217,65.6504
1777263402260,65.5574
1777263402307,65.7679
1777263402350,65.7781
1777263402396,66.1380
1777263402438,67.1500
1777263402483,68.0467
1777263402526,68.0571
1777263402571,68.7920
1777263402616,68.5823
1777263402661,69.4726
1777263402707,68.9614
1777263402845,71.9768
1777263402876,72.7030
1777263402914,77.2162
1777263402959,77.2117
1777263403000,77.9632
1777263403038,78.4002
1777263403079,78.1519
1777263403118,77.4862
1777263403160,78.2753
1777263403200,78.2745
1777263403240,77.7960
1777263403281,78.0401
1777263403323,77.9280
1777263403369,77.8143
1777263403408,77.3665
1777263403449,76.4344
1777263403488,76.1512
1777263403525,75.8523
1777263403565,75.5431
1777263403606,75.3231
1777263403649,76.1069
1777263403692,74.9482
1777263403737,75.2214
1777263403779,74.6981
1777263403822,74.6093
1777263403863,70.6236
1777263403903,70.0833
1777263403943,66.3751
1777263403985,65.7644
1777263404027,65.2440
1777263404070,65.8541
1777263404114,65.7141
1777263404158,66.4513
1777263404200,65.9010
1777263404244,66.7543
1777263404288,66.6416
1777263404332,66.4597
1777263404377,66.5582
1777263404426,67.0094
1777263404472,67.4143
1777263404519,68.0900
1777263404566,68.2860
1777263404617,69.2003
1777263404667,70.0092
1777263404715,70.3057
1777263404761,71.0424
1777263404806,71.4582
1777263404852,71.7264
1777263404965,71.7077
1777263404995,73.4390
1777263405033,76.1574
1777263405075,75.2316
1777263405113,76.9121
1777263405149,76.1457
1777263405186,75.4825
1777263405227,75.5081
1777263405266,75.3674
1777263405302,74.9220
1777263405339,74.8831
1777263405378,74.7249
1777263405417,74.3532
1777263405458,73.4723
1777263405498,73.1276
1777263405538,72.1365
1777263405574,71.6898
1777263405614,71.6165
1777263405654,71.4124
1777263405690,69.7883
1777263405728,69.3349
1777263405767,69.2163
1777263405806,68.4109
1777263405844,68.1183
1777263405890,67.5714
1777263405930,68.0286
1777263405969,67.5590
1777263406007,67.0603
1777263406044,63.1788
1777263406089,63.3764
1777263406129,61.9787
1777263406171,63.0704
1777263406212,63.2620
1777263406250,63.1167
1777263406289,63.1659
1777263406330,63.1153
1777263406374,63.4217
1777263406417,63.4809
1777263406458,63.4433
1777263406500,64.6643
1777263406546,64.2178
1777263406589,64.8753
1777263406630,64.8210
1777263406673,64.4416
1777263406713,64.6899
1777263406843,64.6361
1777263406879,68.8218
1777263406919,73.2196
1777263406957,75.9357
1777263406987,76.4560
1777263407042,75.9005
1777263407074,75.5425
1777263407107,75.4008
1777263407139,74.9708
1777263407172,74.0774
1777263407205,74.1419
1777263407237,73.7012
1777263407268,73.3584
1777263407300,72.8472
1777263407331,72.7713
1777263407364,72.1636
1777263407397,70.8664
1777263407430,70.1938
1777263407463,69.6403
1777263407496,68.4138
1777263407529,67.4407
1777263407563,67.6101
1777263407595,66.5155
1777263407629,66.0533
1777263407663,65.4369
1777263407697,64.4344
1777263407731,63.2718
1777263407763,62.5850
1777263407797,61.8538
1777263407830,61.0962
1777263407864,55.1415
1777263407899,47.2640
1777263407931,46.7644
1777263407965,39.5020
1777263407999,34.7774
1777263408033,33.0683
1777263408068,31.1659
1777263408100,31.3523
1777263408133,31.4490
1777263408167,31.2756
1777263408200,31.6958
1777263408232,31.7697
1777263408265,31.8254
1777263408298,31.9240
1777263408329,32.0647
1777263408358,32.0963
1777263408387,32.1870
1777263408416,31.9640
1777263408469,31.7081
1777263408500,32.5005
1777263408529,32.9534
1777263408559,33.1576
1777263408587,33.3144
1777263408696,33.3173
1777263408722,35.2254
1777263408747,36.3308
1777263408772,36.1670
1777263408821,35.8534
1777263408852,36.2186
1777263408882,36.2690
1777263408913,36.1177
1777263408943,35.7841
1777263408974,35.3566
1777263409004,35.0290
1777263409056,34.6164
1777263409087,34.6290
1777263409117,34.8728
1777263409148,34.7358
1777263409178,34.5577
1777263409209,34.2060
1777263409239,33.9673
1777263409269,33.6354
1777263409320,33.2774
1777263409351,33.2889
1777263409381,33.3891
1777263409412,33.3831
1777263409442,33.9470
1777263409472,33.6297
1777263409504,32.9975
1777263409556,32.4398
1777263409587,32.6102
1777263409619,32.7093
1777263409650,32.7117
1777263409681,32.6873
1777263409713,32.5977
1777263409741,31.1591
1777263409769,30.3167
1777263409796,30.3998
1777263409847,29.9002
1777263409877,29.9544
1777263409904,29.9284
1777263409934,29.8528
1777263409965,29.7486
1777263410018,29.6745
1777263410051,29.9863
1777263410084,30.7867
1777263410115,30.8033
1777263410147,30.8240
1777263410179,30.8739
1777263410211,30.9820
1777263410245,31.0850
1777263410277,31.3392
1777263410307,31.5687
1777263410338,31.3848
1777263410417,31.7458
1777263410445,31.9517
1777263410472,32.1812
1777263410520,32.3968
1777263410548,32.6653
1777263410577,32.3005
1777263410606,31.7843
1777263410634,31.2662
1777263410683,30.6201
1777263410713,30.7895
1777263410742,30.8865
1777263410771,30.6773
1777263410821,31.1749
1777263410850,31.6443
1777263410879,31.6571
1777263410909,31.5488
1777263410937,31.3827
1777263410967,31.1793
1777263411017,30.9010
1777263411047,30.9595
1777263411077,30.4685
1777263411106,30.1264
1777263411135,29.6680
1777263411186,29.1691
1777263411216,29.0200
1777263411245,29.2413
1777263411276,29.4401
1777263411306,29.4913
1777263411336,29.5801
1777263411367,29.6712
1777263411397,29.6236
1777263411449,29.0777
1777263411479,29.2514
1777263411510,29.4310
1777263411539,29.3669
1777263411570,29.1890
1777263411600,29.0204
1777263411631,28.9442
1777263411683,28.8922
1777263411714,29.6193
1777263411744,29.7596
1777263411775,29.8487
1777263411806,29.9196
1777263411837,29.6981
1777263411870,29.4083
1777263411901,29.1718
1777263411929,28.8828
1777263411981,28.9809
1777263412013,29.8387
1777263412044,30.0563
1777263412119,30.0049
1777263412143,30.7922
1777263412169,31.9225
1777263412197,31.6241
1777263412225,31.1508
1777263412274,30.2467
1777263412303,29.8556
1777263412331,29.7346
1777263412360,29.2225
1777263412410,29.4436
1777263412439,29.6172
1777263412468,29.4445
1777263412498,29.0871
1777263412526,28.7850
1777263412576,28.3383
1777263412605,28.9951
1777263412635,29.4317
1777263412665,29.8528
1777263412694,29.6414
1777263412745,29.1637
1777263412774,28.9944
1777263412805,29.4510
1777263412834,29.8298
1777263412864,30.3517
1777263412894,30.8762
1777263412923,31.5316
1777263412974,32.2455
1777263413003,32.3620
1777263413030,32.1052
1777263413057,31.6792
1777263413107,31.1835
1777263413136,31.1816
1777263413164,30.7100
1777263413193,30.5000
1777263413227,31.3348
1777263413259,31.7576
1777263413293,32.1010
1777263413328,32.0746
1777263413362,32.1768
1777263413397,32.3578
1777263413430,32.1808
1777263413463,32.1039
1777263413495,32.2648
1777263413527,32.4325
1777263413557,33.0968
1777263413590,33.1099
1777263413623,32.9890
1777263413657,33.0138
1777263413692,32.9310
1777263413725,32.9643
1777263413760,32.6963
1777263413795,32.4948
1777263413829,32.0086
1777263413861,32.0211
1777263413938,32.1067
1777263413962,32.9399
1777263413988,32.7488
1777263414015,32.5352
1777263414063,32.4588
1777263414091,32.8142
1777263414119,33.3305
1777263414147,32.9713
1777263414195,32.2312
1777263414224,31.7419
1777263414252,31.4299
1777263414280,31.6005
1777263414330,31.3802
1777263414360,31.4490
1777263414389,31.3007
1777263414416,31.1644
1777263414444,30.9192
1777263414492,30.5523
1777263414520,31.0341
1777263414549,30.8615
1777263414579,30.7363
1777263414629,30.7419
1777263414659,30.8977
1777263414688,31.1472
1777263414718,31.2052
1777263414749,31.0137
1777263414779,30.8627
1777263414810,30.6494
1777263414861,30.3261
1777263414892,29.9350
1777263414921,29.9063
1777263414952,30.0115
1777263414984,28.8405
1777263415015,28.8738
1777263415046,28.9760
1777263415078,28.7120
1777263415108,28.5074
1777263415162,27.6031
1777263415194,28.5954
1777263415227,29.0236
1777263415259,29.2422
1777263415292,29.4561
1777263415324,29.9819
1777263415356,29.9647
1777263415389,30.3241
1777263415422,31.2328
1777263415453,32.2960
1777263415485,32.5505
1777263415517,32.7742
1777263415550,32.8085
1777263415582,32.8897
1777263415617,33.0309
1777263415699,33.3725
1777263415731,34.1275
1777263415759,34.0126
1777263415786,34.0911
1777263415835,34.0851
1777263415863,34.5240
1777263415891,34.7405
1777263415919,34.8540
1777263415970,34.4166
1777263415999,34.6585
1777263416027,34.7628
1777263416055,34.6763
1777263416084,34.6724
1777263416133,34.5365
1777263416163,34.9106
1777263416192,35.0362
1777263416221,35.0180
1777263416250,34.4832
1777263416300,33.6271
1777263416329,33.2723
1777263416358,33.2190
1777263416387,32.6982
1777263416416,32.0991
1777263416466,31.3951
1777263416496,31.1195
1777263416526,31.2212
1777263416556,31.0159
1777263416586,31.3249
1777263416617,31.3171
1777263416648,31.2110
1777263416699,30.5094
1777263416729,30.5830
1777263416761,30.2336
1777263416791,30.4175
1777263416822,30.6201
1777263416852,30.3852
1777263416883,30.1075
1777263416914,29.4584
1777263416966,29.7143
1777263416996,29.9603
1777263417025,29.9892
1777263417053,29.9802
1777263417082,30.0203
1777263417112,30.0945
1777263417164,29.6904
1777263417193,29.5587
1777263417223,29.4586
1777263417255,29.8293
1777263417333,31.8930
1777263417361,31.7947
1777263417388,32.2291
1777263417416,32.1025
1777263417465,31.8924
1777263417493,32.0038
1777263417522,31.6508
1777263417550,31.2835
1777263417599,30.7009
1777263417628,30.5283
1777263417657,30.5480
1777263417686,30.4388
1777263417736,29.9203
1777263417766,30.0709
1777263417794,30.1682
1777263417823,30.3828
1777263417851,30.5269
1777263417901,30.5819
1777263417930,30.9825
1777263417960,30.8375
1777263417989,30.4791
1777263418019,29.9955
1777263418048,29.6519
1777263418100,29.3327
1777263418130,30.1465
1777263418160,30.3455
1777263418190,30.3498
1777263418220,30.0091
1777263418250,29.7490
1777263418280,29.3087
1777263418332,29.0080
1777263418362,27.9042
1777263418394,27.5997
1777263418425,28.1389
1777263418454,28.7786
1777263418487,28.8492
1777263418518,28.7418
1777263418550,28.7411
1777263418581,28.8070
1777263418612,28.5110
1777263418664,28.1444
1777263418695,28.8323
1777263418726,29.4536
1777263418758,29.5473
1777263418788,29.4894
1777263418820,29.4534
1777263418853,29.4198
1777263418939,31.3159
1777263418968,31.5203
1777263418997,31.7021
1777263419025,31.8767
1777263419054,32.0061
1777263419105,32.1504
1777263419133,32.1132
1777263419164,32.2740
1777263419193,32.6130
1777263419222,33.0635
1777263419252,33.3866
1777263419303,33.0548
1777263419332,33.5478
1777263419361,33.4955
1777263419390,33.0960
1777263419418,32.6189
1777263419468,32.0940
1777263419498,32.0284
1777263419529,32.7891
1777263419559,32.6122
1777263419590,33.4646
1777263419621,33.7623
1777263419652,33.6120
1777263419703,33.2444
1777263419735,33.0638
1777263419766,33.4042
1777263419797,33.7533
1777263419828,34.0278
1777263419859,34.4307
1777263419891,34.3945
1777263419922,33.2893
1777263419953,32.4653
1777263419986,32.2847
1777263420019,32.1663
1777263420052,32.1126
1777263420084,32.1494
1777263420116,31.7662
1777263420150,31.4339
1777263420183,30.7592
1777263420215,30.0130
1777263420249,29.3519
1777263420282,29.7413
1777263420336,29.6296
1777263420370,29.8356
1777263420403,30.3790
1777263420495,32.0490
1777263420525,34.4772
1777263420557,35.6113
1777263420585,35.6584
1777263420614,35.7136
1777263420643,35.6773
1777263420672,35.6242
1777263420722,35.0915
1777263420752,34.9853
1777263420781,34.3484
1777263420811,33.7012
1777263420841,33.1363
1777263420870,32.4516
1777263420921,31.7956
1777263420950,31.9986
1777263420979,32.1208
1777263421009,32.1407
1777263421038,32.1378
1777263421089,32.0320
1777263421120,32.7370
1777263421150,33.3665
1777263421179,33.5256
1777263421210,34.2162
1777263421243,34.1135
1777263421273,34.7158
1777263421305,34.6931
1777263421357,34.2638
1777263421389,34.2308
1777263421421,33.8620
1777263421454,33.8433
1777263421487,34.1027
1777263421519,32.9576
1777263421551,31.9406
1777263421584,31.0498
1777263421617,31.1456
1777263421649,31.3010
1777263421679,31.5768
1777263421713,31.8130
1777263421746,31.6431
1777263421779,31.5514
1777263421811,32.4183
1777263421844,32.7491
1777263421878,33.5664
1777263421910,34.0026
1777263421996,35.2381
1777263422024,35.8385
1777263422053,36.0212
1777263422082,35.7585
1777263422133,35.3968
1777263422163,35.1759
1777263422193,35.3628
1777263422223,35.9367
1777263422253,36.3583
1777263422283,36.8443
1777263422316,37.3713
1777263422347,37.0823
1777263422399,36.7826
1777263422431,36.4636
1777263422461,36.1433
1777263422492,35.6734
1777263422522,35.3714
1777263422552,34.9394
1777263422584,34.4395
1777263422615,34.0582
1777263422646,33.8403
1777263422677,33.6629
1777263422729,33.7002
1777263422761,33.9559
1777263422793,34.0605
1777263422823,33.8750
1777263422854,34.0846
1777263422885,34.4980
1777263422917,34.4514
1777263422948,34.8303
1777263422981,33.6904
1777263423014,33.6669
1777263423047,33.6236
1777263423080,33.6524
1777263423112,33.6941
1777263423145,33.4297
1777263423179,33.1151
1777263423212,32.4862
1777263423245,31.8073
1777263423279,31.0909
1777263423312,30.7473
1777263423390,32.2531
1777263423418,32.0793
1777263423447,31.8488
1777263423476,31.5382
1777263423506,31.1694
1777263423555,30.6776
1777263423584,31.3906
1777263423612,31.6702
1777263423640,31.5999
1777263423689,31.4717
1777263423718,31.7237
1777263423746,31.4724
1777263423774,31.1125
1777263423802,30.7283
1777263423852,30.2813
1777263423880,29.7643
1777263423909,29.4061
1777263423938,29.1943
1777263423968,28.7010
1777263424018,28.4197
1777263424046,28.5227
1777263424073,28.4747
1777263424100,28.3092
1777263424149,27.9665
1777263424179,28.0520
1777263424208,28.4593
1777263424239,28.8948
1777263424269,29.2723
1777263424300,28.9856
1777263424351,28.6768
1777263424382,28.7893
1777263424413,27.4373
1777263424446,27.3656
1777263424476,27.7933
1777263424507,28.3193
1777263424539,29.0384
1777263424570,28.9583
1777263424602,28.6955
1777263424654,28.5306
1777263424740,29.9369
1777263424771,32.0768
1777263424801,32.2656
1777263424830,32.3861
1777263424860,32.1168
1777263424911,31.6619
1777263424941,31.8888
1777263424971,32.1727
1777263425000,32.4246
1777263425030,32.1533
1777263425060,32.1149
1777263425090,32.0461
1777263425142,32.0734
1777263425173,32.5013
1777263425203,32.5282
1777263425232,32.4893
1777263425262,32.2593
1777263425295,32.5566
1777263425326,32.5701
1777263425378,32.1749
1777263425409,32.2147
1777263425441,33.0231
1777263425474,32.8491
1777263425505,33.2254
1777263425536,33.3562
1777263425568,33.5275
1777263425600,33.7105
1777263425632,33.8605
1777263425665,33.5847
1777263425712,34.0315
1777263425746,33.1524
1777263425778,31.8151
1777263425809,32.3405
1777263425841,32.9531
1777263425874,33.5349
1777263425904,34.2808
1777263425934,34.2820
1777263425967,34.1265
1777263426057,34.0742
1777263426082,36.7699
1777263426111,37.3090
1777263426138,37.1449
1777263426166,36.8267
1777263426214,36.1595
1777263426242,36.0527
1777263426269,36.7671
1777263426296,36.1633
1777263426343,35.7462
1777263426370,36.0672
1777263426399,35.7088
1777263426448,35.1951
1777263426477,34.9576
1777263426504,34.5486
1777263426532,34.1240
1777263426581,33.6265
1777263426610,33.9899
1777263426639,33.7722
1777263426668,33.8508
1777263426698,33.6427
1777263426748,32.8714
1777263426778,32.5300
1777263426808,32.1564
1777263426838,31.7567
1777263426868,31.1705
1777263426898,30.6357
1777263426949,30.0520
1777263426979,30.1875
1777263427010,30.4578
1777263427042,30.5951
1777263427072,30.6798
1777263427103,28.9168
1777263427133,28.8190
1777263427211,30.6839
1777263427240,30.9734
1777263427268,30.9298
1777263427297,30.6400
1777263427347,31.3473
1777263427376,31.5929
1777263427404,31.7321
1777263427432,31.8192
1777263427461,31.4278
1777263427511,30.9623
1777263427540,31.9779
1777263427570,31.8784
1777263427599,31.9969
1777263427628,31.9472
1777263427659,31.8098
1777263427710,31.7971
1777263427740,32.1058
1777263427768,31.9390
1777263427796,31.6664
1777263427825,31.4582
1777263427875,30.9531
1777263427906,31.7827
1777263427936,32.3823
1777263427968,32.4104
1777263427998,32.1766
1777263428029,31.9558
1777263428060,31.6855
1777263428092,31.4260
1777263428124,31.1460
1777263428157,30.7775
1777263428237,30.4168
1777263428262,28.8761
1777263428289,28.6501
1777263428337,28.5071
1777263428365,28.3462
1777263428393,28.0281
1777263428441,27.6905
1777263428469,27.8958
1777263428497,28.4511
1777263428526,28.5987
1777263428554,28.2334
1777263428603,28.2541
1777263428633,28.2397
1777263428662,28.2971
1777263428691,28.3030
1777263428720,27.9207
1777263428770,27.3927
1777263428800,27.7030
1777263428830,28.2556
1777263428862,28.3378
1777263428892,28.7079
1777263428922,28.4317
1777263428953,28.1136
1777263428984,27.7713
1777263429035,27.4793
1777263429066,27.5471
1777263429096,28.0845
1777263429127,28.5487
1777263429158,28.9678
1777263429189,29.3079
1777263429257,29.6966
1777263429282,29.9986
1777263429309,29.7462
1777263429357,29.7689
1777263429385,29.9119
1777263429413,30.1224
1777263429440,29.8508
1777263429491,29.3878
1777263429519,29.2460
1777263429547,29.1307
1777263429576,29.1784
1777263429625,29.1412
1777263429654,29.3045
1777263429683,29.4237
1777263429711,29.6081
1777263429740,29.7700
1777263429790,29.4491
1777263429819,29.4688
1777263429848,29.4522
1777263429877,29.4592
1777263429907,29.3486
1777263429937,29.3752
1777263429987,29.4724
1777263430017,29.7864
1777263430047,29.6258
1777263430076,29.4657
1777263430106,28.8464
1777263430135,28.2969
1777263430186,27.7115
1777263430215,27.8983
1777263430285,28.9413
1777263430313,29.0957
1777263430341,29.3311
1777263430368,29.1074
1777263430417,28.8399
1777263430445,29.0947
1777263430474,29.7650
1777263430503,30.2162
1777263430533,30.3746
1777263430586,30.7317
1777263430615,31.0184
1777263430643,30.9156
1777263430670,30.7478
1777263430698,30.5930
1777263430747,30.3680
1777263430776,30.6832
1777263430806,30.9027
1777263430835,30.8171
1777263430864,30.6870
1777263430914,30.9586
1777263430945,31.1927
1777263430973,31.5028
1777263431001,31.2222
1777263431031,30.9497
1777263431082,30.6734
1777263431113,31.5080
1777263431143,32.3809
1777263431174,32.5930
1777263431205,32.9402
1777263431236,32.6888
1777263431266,32.5677
1777263431340,31.6303
1777263431367,31.6942
1777263431396,31.8272
1777263431424,31.4327
1777263431474,31.0076
1777263431503,30.8107
1777263431532,30.6008
1777263431560,30.3470
1777263431610,29.9187
1777263431639,29.9144
1777263431669,30.0003
1777263431698,30.1335
1777263431727,30.2527
1777263431756,29.9210
1777263431806,29.5308
1777263431836,29.4134
1777263431867,29.5996
1777263431897,29.5391
1777263431928,29.3067
1777263431958,29.0669
1777263431989,28.8847
1777263432041,28.8498
1777263432072,29.6287
1777263432102,29.9190
1777263432133,29.7986
1777263432163,29.6910
1777263432194,29.5207
1777263432227,29.4855
1777263432258,29.3586
1777263432289,29.3000
1777263432358,29.0657
1777263432382,29.3617
1777263432408,29.6380
1777263432436,30.2758
1777263432464,30.1284
1777263432512,29.7781
1777263432541,29.5840
1777263432569,29.3530
1777263432597,29.1331
1777263432646,28.5420
1777263432674,28.4968
1777263432704,28.6073
1777263432732,28.7221
1777263432782,28.7773
1777263432811,29.2821
1777263432838,29.1998
1777263432864,28.7618
1777263432912,28.2497
1777263432940,28.5821
1777263432969,28.4445
1777263432999,28.8796
1777263433029,28.8231
1777263433080,28.6755
1777263433110,28.3998
1777263433140,28.0772
1777263433170,27.7555
1777263433200,27.4293
1777263433231,27.0497
1777263433282,26.6453
1777263433314,27.1812
1777263433383,27.3938
1777263433408,27.8987
1777263433434,27.9968
1777263433461,28.0720
1777263433489,28.1703
1777263433538,27.7263
1777263433566,27.7431
1777263433594,28.0740
1777263433622,29.1228
1777263433671,29.2277
1777263433700,29.3825
1777263433728,29.4337
1777263433757,29.4802
1777263433807,29.0998
1777263433836,29.0070
1777263433864,29.6046
1777263433893,30.4162
1777263433924,30.7809
1777263433975,31.0456
1777263434005,31.2244
1777263434034,31.3917
1777263434064,31.5459
1777263434094,31.2055
1777263434123,30.9274
1777263434174,30.6410
1777263434204,31.5035
1777263434234,32.1342
1777263434264,32.7078
1777263434294,32.6423
1777263434324,32.2073
1777263434355,32.0057
1777263434445,31.6898
1777263434469,32.6063
1777263434496,32.4996
1777263434523,33.1194
1777263434552,33.4272
1777263434601,33.2715
1777263434629,33.1767
1777263434658,33.0135
1777263434686,32.7623
1777263434736,32.3321
1777263434764,32.4703
1777263434793,33.0028
1777263434822,33.3822
1777263434850,33.3332
1777263434900,32.7098
1777263434929,32.3582
1777263434958,32.0822
1777263434988,31.7121
1777263435017,31.3212
1777263435067,30.9953
1777263435097,31.1849
1777263435127,31.6520
1777263435156,32.0879
1777263435186,32.5260
1777263435216,32.2386
1777263435267,32.0777
1777263435298,32.2135
1777263435328,32.3602
1777263435358,32.4600
1777263435388,32.6886
1777263435419,32.3808
1777263435483,32.0416
1777263435507,31.1689
1777263435534,31.0645
1777263435561,30.7519
1777263435589,30.4339
1777263435638,30.0147
1777263435666,29.9554
1777263435694,30.3077
1777263435723,30.6599
1777263435773,30.8689
1777263435801,30.7382
1777263435830,30.3785
1777263435859,29.8102
1777263435909,29.9478
1777263435938,29.9513
1777263435966,30.1693
1777263435996,30.3863
1777263436024,31.2410
1777263436074,31.5069
1777263436104,31.6242
1777263436133,31.3984
1777263436164,31.1797
1777263436193,30.7555
1777263436222,30.3592
1777263436273,30.1245
1777263436304,30.0777
1777263436334,30.2048
1777263436364,30.2960
1777263436394,30.3539
1777263436425,30.5389
1777263436456,30.6663
1777263436546,30.3416
1777263436573,30.8668
1777263436601,31.2527
1777263436650,31.1321
1777263436679,31.3062
1777263436707,31.1843
1777263436737,30.9750
1777263436766,30.5848
1777263436795,30.0199
1777263436844,29.5047
1777263436873,30.1088
1777263436903,30.1118
1777263436932,30.0356
1777263436962,29.5299
1777263437012,29.0462
1777263437042,28.9371
1777263437073,28.7112
1777263437103,28.3764
1777263437132,28.6067
1777263437163,28.9647
1777263437194,28.8139
1777263437245,29.5769
1777263437275,29.8544
1777263437304,29.8486
1777263437332,29.4766
1777263437361,29.0876
1777263437412,28.6684
1777263437442,29.0404
1777263437474,29.0329
1777263437504,29.7638
1777263437536,29.2012
1777263437598,29.9630
1777263437623,30.1484
1777263437649,29.7589
1777263437698,29.2868
1777263437725,29.1923
1777263437751,29.0037
1777263437800,29.0733
1777263437828,29.6060
1777263437856,29.8081
1777263437884,29.8536
1777263437933,30.2488
1777263437960,30.5232
1777263437988,30.7122
1777263438017,30.3919
1777263438066,29.9552
1777263438095,29.8556
1777263438124,30.2914
1777263438153,30.2635
1777263438183,30.7735
1777263438233,30.9759
1777263438262,30.8637
1777263438291,30.6609
1777263438321,30.6465
1777263438351,30.6140
1777263438402,30.5194
1777263438432,30.8976
1777263438461,30.8776
1777263438491,30.6979
1777263438521,30.5316
1777263438601,30.1730
1777263438631,30.5345
1777263438658,30.4241
1777263438705,30.2877
1777263438732,30.7666
1777263438759,30.5352
1777263438808,31.0170
1777263438836,31.1904
1777263438864,31.1105
1777263438892,30.9877
1777263438921,30.5267
1777263438970,29.9848
1777263438998,30.0295
1777263439025,30.3278
1777263439053,30.6453
1777263439103,30.9462
1777263439132,30.7204
1777263439162,30.3336
1777263439192,29.9193
1777263439221,29.5189
1777263439271,29.0179
1777263439299,29.3112
1777263439330,29.7790
1777263439362,29.6433
1777263439392,30.3494
1777263439422,30.2092
1777263439452,29.7150
1777263439503,29.2770
1777263439534,29.2372
1777263439593,29.5341
1777263439619,30.3800
1777263439647,30.2884
1777263439675,30.5396
1777263439702,30.8822
1777263439730,30.6920
1777263439779,30.2490
1777263439805,30.2991
1777263439833,30.4219
1777263439882,30.9098
1777263439910,31.4327
1777263439940,31.9066
1777263439969,31.8317
1777263439998,31.6499
1777263440047,31.2655
1777263440077,31.3111
1777263440107,31.4754
1777263440136,31.5190
1777263440174,32.0330
1777263440205,32.3281
1777263440235,32.7788
1777263440262,32.6110
1777263440312,32.3309
1777263440342,32.1475
1777263440373,32.0270
1777263440405,31.8194
1777263440437,32.3667
1777263440467,33.2192
1777263440498,33.1480
1777263440530,32.9633
1777263440582,32.6286
1777263440631,31.8607
1777263440656,32.6213
1777263440683,33.0658
1777263440711,33.4237
1777263440739,33.0837
1777263440788,33.4402
1777263440817,33.4968
1777263440853,33.1213
1777263440883,32.7938
1777263440912,32.7718
1777263440941,32.8759
1777263440990,32.6596
1777263441016,33.3221
1777263441043,33.1998
1777263441091,32.9890
1777263441120,32.7963
1777263441148,32.6247
1777263441177,32.2880
1777263441208,31.9159
1777263441236,31.4617
1777263441286,31.0371
1777263441316,31.3280
1777263441345,31.3753
1777263441375,31.3696
1777263441406,31.3180
1777263441456,30.8459
1777263441483,30.5646
1777263441509,30.8240
1777263441536,30.5430
1777263441586,30.2149
1777263441641,29.6156
1777263441666,30.0560
1777263441690,30.2068
1777263441716,30.3826
1777263441762,29.9509
1777263441788,30.0263
1777263441813,29.8731
1777263441860,29.8421
1777263441885,29.9256
1777263441932,29.5548
1777263441960,29.3624
1777263441985,29.5663
1777263442032,29.2876
1777263442058,29.2678
1777263442083,29.5253
1777263442130,29.4847
1777263442158,29.6447
1777263442184,29.7913
1777263442210,29.8550
1777263442259,29.8792
1777263442288,30.2509
1777263442316,30.1177
1777263442364,29.6502
1777263442392,30.0237
1777263442419,30.3671
1777263442450,30.3002
1777263442480,30.0285
1777263442531,29.4647
1777263442560,30.3791
1777263442587,30.4625
1777263442614,30.2720
1777263442679,29.9485
1777263442704,28.9711
1777263442730,28.8038
1777263442757,29.2287
1777263442783,29.0878
1777263442830,28.6657
1777263442859,28.6043
1777263442887,28.4471
1777263442938,28.2316
1777263442965,28.3098
1777263442991,28.6671
1777263443020,28.6833
1777263443069,28.4943
1777263443098,28.4843
1777263443124,28.2100
1777263443150,27.9495
1777263443198,27.4865
1777263443227,27.5477
1777263443255,27.8907
1777263443285,27.8764
1777263443336,28.4112
1777263443366,28.6221
1777263443395,28.6608
1777263443425,28.4664
1777263443454,28.2716
1777263443482,28.0898
1777263443532,27.7767
1777263443561,27.7064
1777263443590,27.7062
1777263443621,28.5075
1777263443651,28.5606
1777263443723,28.0506
1777263443749,28.0828
1777263443774,28.0623
1777263443820,28.0435
1777263443846,27.9059
1777263443871,27.6843
1777263443919,27.4107
1777263443946,27.6529
1777263443974,27.5691
1777263444038,27.9226
1777263444068,28.2136
1777263444097,28.2403
1777263444126,28.3287
1777263444154,28.5076
1777263444203,29.1985
1777263444233,29.3636
1777263444263,29.2397
1777263444294,29.1377
1777263444325,29.0601
1777263444356,28.6731
1777263444388,28.1552
1777263444439,27.6850
1777263444470,28.2761
1777263444502,28.9160
1777263444534,29.1814
1777263444565,29.2236
1777263444597,28.9797
1777263444627,28.6826
1777263444655,28.4231
1777263444706,28.1364
1777263444737,28.1859
1777263444766,28.6103
1777263444798,29.1651
1777263444831,29.2169
1777263444861,29.7936
1777263444893,30.2324
1777263444925,30.2393
1777263444957,30.1984
1777263444990,29.9993
1777263445024,29.6912
1777263445057,28.9357
1777263445090,28.8928
1777263445124,29.0885
1777263445156,29.1044
1777263445189,28.9881
1777263445222,28.7392
1777263445254,28.5279
1777263445345,29.2296
1777263445372,30.0733
1777263445398,30.1163
1777263445446,30.0334
1777263445476,29.8457
1777263445505,29.5044
1777263445535,29.3090
1777263445586,29.2932
1777263445616,29.5048
1777263445646,29.6844
1777263445676,29.8930
1777263445706,30.1581
1777263445736,29.8418
1777263445766,29.2762
1777263445796,28.6809
1777263445848,28.0911
1777263445879,28.1851
1777263445908,28.3967
1777263445938,28.3713
1777263445969,28.4463
1777263446000,28.5147
1777263446031,28.4869
1777263446082,28.3247
1777263446113,28.4557
1777263446143,28.6730
1777263446175,28.8965
1777263446206,29.0601
1777263446238,29.2584
1777263446270,29.3729
1777263446302,29.3436
1777263446334,29.2804
1777263446366,28.2995
1777263446397,27.7294
1777263446449,27.7882
1777263446481,28.2371
1777263446513,28.3210
1777263446543,28.5305
1777263446576,28.6567
1777263446609,28.5919
1777263446638,28.3473
1777263446672,28.1563
1777263446705,28.0632
1777263446739,28.2459
1777263446773,29.0998
1777263446806,29.7238
1777263446839,30.3715
1777263446870,30.4230
1777263446901,30.3085
1777263446931,30.1071
1777263446984,30.0567
1777263447019,31.0359
1777263447054,32.0045
1777263447089,32.6763
1777263447125,33.2383
1777263447158,33.3848
1777263447191,34.6865
1777263447223,35.4996
1777263447256,36.2787
1777263447289,37.0555
1777263447322,37.7761
1777263447354,38.5096
1777263447384,39.5050
1777263447415,39.8458
1777263447446,40.6636
1777263447479,40.8096
1777263447513,40.8058
1777263447546,40.8445
1777263447579,41.4649
1777263447613,42.3791
1777263447650,43.0138
1777263447683,43.7365
1777263447715,44.3952
1777263447748,44.7846
1777263447781,44.9417
1777263447814,45.1520
1777263447847,45.2842
1777263447880,45.8448
1777263447917,47.3172
1777263447954,48.1280
1777263447989,48.3568
1777263448021,48.6630
1777263448057,48.6251
1777263448091,48.5629
1777263448125,49.1206
1777263448160,49.4398
1777263448195,48.7279
1777263448228,47.7517
1777263448262,46.7291
1777263448299,45.8045
1777263448336,45.1510
1777263448372,44.7657
1777263448411,44.4695
1777263448447,44.4173
1777263448482,44.7507
1777263448517,45.2088
1777263448554,45.6304
1777263448589,45.7410
1777263448624,45.8557
1777263448670,46.4079
1777263448710,47.1134
1777263448748,46.9018
1777263448784,47.2451
1777263448821,47.6337
1777263448864,48.2453
1777263448902,48.9448
1777263448943,49.6465
1777263448983,49.4166
1777263449024,49.5885
1777263449065,50.3400
1777263449107,50.6804
1777263449147,50.0511
1777263449186,50.3881
1777263449228,51.1355
1777263449269,52.1991
1777263449306,53.7428
1777263449344,53.9779
1777263449383,55.1634
1777263449423,55.3798
1777263449467,55.3826
1777263449519,55.6574
1777263449560,55.7700
1777263449601,55.9897
1777263449640,55.5468
1777263449678,55.1354
1777263449722,54.8123
1777263449761,55.5576
1777263449802,55.6987
1777263449841,55.4115
1777263449880,55.0389
1777263449917,54.9499
1777263449961,54.3232
1777263450001,53.8114
1777263450042,53.5789
1777263450083,52.8814
1777263450121,53.0826
1777263450163,53.0993
1777263450202,52.7160
1777263450241,52.4056
1777263450283,52.4824
1777263450329,52.0199
1777263450376,53.4423
1777263450417,53.5855
1777263450458,53.7377
1777263450501,54.8395
1777263450544,54.5178
1777263450587,55.5056
1777263450630,55.6354
1777263450670,55.3116
1777263450708,55.7848
1777263450744,55.4627
1777263450788,55.0185
1777263450829,55.1158
1777263450870,54.9898
1777263450912,54.9417
1777263450959,54.8697
1777263451006,56.7883
1777263451049,57.3853
1777263451094,57.3259
1777263451137,56.7363
1777263451176,57.3334
1777263451219,57.2480
1777263451260,57.7591
1777263451299,57.6200
1777263451339,57.1604
1777263451377,57.1693
1777263451419,56.8854
1777263451458,56.2309
1777263451498,56.0563
1777263451537,55.5998
1777263451576,55.5477
1777263451621,55.9467
1777263451665,56.3830
1777263451705,56.6925
1777263451749,56.1211
1777263451790,55.9744
1777263451831,56.5213
1777263451871,56.6197
1777263451910,57.0267
1777263451952,56.9042
1777263451991,55.8638
1777263452038,55.3762
1777263452084,55.1513
1777263452128,55.0602
1777263452173,54.9403
1777263452216,54.5128
1777263452257,54.9887
1777263452298,55.4407
1777263452340,55.8456
1777263452385,55.5477
1777263452425,56.0233
1777263452464,55.9617
1777263452506,55.6016
1777263452546,55.7054
1777263452585,55.4087
1777263452624,54.5753
1777263452662,54.1438
1777263452705,53.7512
1777263452744,53.7778
1777263452784,53.9586
1777263452824,53.7960
1777263452876,54.3212
1777263452921,54.8387
1777263452965,54.6368
1777263453010,55.0918
1777263453051,54.9035
1777263453095,55.2874
1777263453141,55.7881
1777263453182,55.3865
1777263453225,55.4884
1777263453266,55.7568
1777263453309,55.7355
1777263453350,55.0507
1777263453389,55.0055
1777263453427,55.3402
1777263453468,54.7271
1777263453507,55.5730
1777263453546,55.0798
1777263453585,55.5454
1777263453627,55.9702
1777263453671,55.5303
1777263453710,55.4614
1777263453749,55.8133
1777263453788,55.9961
1777263453829,55.9394
1777263453868,55.3170
1777263453906,54.4790
1777263453949,54.1922
1777263453990,54.1771
1777263454032,53.8923
1777263454071,53.6755
1777263454106,53.4457
1777263454147,53.6420
1777263454188,53.5985
1777263454232,53.7764
1777263454274,53.3291
1777263454315,52.9190
1777263454357,53.4635
1777263454402,53.7933
1777263454444,53.4614
1777263454484,53.6925
1777263454525,54.0956
1777263454567,53.5941
1777263454609,53.4231
1777263454652,53.5423
1777263454699,53.6534
1777263454741,53.5350
1777263454781,53.4566
1777263454822,54.3025
1777263454866,54.4501
1777263454907,54.7910
1777263454945,54.9738
1777263454987,55.1041
1777263455029,54.6330
1777263455070,55.7851
1777263455111,55.7977
1777263455150,55.8895
1777263455194,56.2842
1777263455234,55.7609
1777263455374,56.1171
1777263455399,60.2443
1777263455428,62.5974
1777263455455,61.1628
1777263455503,59.7977
1777263455532,59.5549
1777263455561,58.7841
1777263455591,58.0386
1777263455621,57.3916
1777263455649,56.2262
1777263455700,54.7371
1777263455729,54.1980
1777263455757,53.0656
1777263455804,51.9490
1777263455831,51.3678
1777263455859,50.4108
1777263455889,49.2640
1777263455920,48.7560
1777263455950,47.6512
1777263456002,45.9368
1777263456033,45.4340
1777263456064,44.0721
1777263456095,43.4979
1777263456126,43.1129
1777263456158,42.6400
1777263456191,41.5575
1777263456223,40.6065
1777263456254,39.7948
1777263456283,39.3501
1777263456334,38.8384
1777263456365,38.7039
1777263456397,38.8741
1777263456430,33.4598
1777263456462,32.2577
1777263456494,32.5127
1777263456698,32.4329
1777263456724,40.0741
1777263456751,42.8674
1777263456779,43.9886
1777263456809,43.3670
1777263456838,42.7265
1777263456888,41.9589
1777263456917,42.5960
1777263456946,42.7804
1777263456976,42.9178
1777263457005,42.2639
1777263457056,41.7256
1777263457085,41.8327
1777263457116,42.1568
1777263457146,42.1614
1777263457176,42.0667
1777263457206,41.9342
1777263457236,41.7601
1777263457288,42.0904
1777263457318,42.5096
1777263457349,42.2236
1777263457389,42.0040
1777263457420,41.7230
1777263457451,41.6989
1777263457482,41.9276
1777263457514,41.8959
1777263457545,41.6997
1777263457576,41.3736
1777263457608,41.0084
1777263457640,40.6140
1777263457672,40.1645
1777263457704,39.7071
1777263457736,33.7932
1777263457768,31.2914
1777263457801,30.5817
1777263457834,30.5173
1777263457867,30.6371
1777263457901,31.0731
1777263457936,31.0843
1777263457968,30.9783
1777263458004,30.9086
1777263458038,31.0351
1777263458072,30.8238
1777263458107,30.6417
1777263458141,30.1894
1777263458176,30.2641
1777263458211,30.3036
1777263458245,30.4946
1777263458280,30.7678
1777263458316,30.7361
1777263458350,30.6911
1777263458388,31.1541
1777263458482,31.7257
1777263458507,34.5531
1777263458535,34.5886
1777263458564,34.5316
1777263458593,34.2628
1777263458622,34.3353
1777263458671,34.1290
1777263458702,34.3549
1777263458731,34.4768
1777263458762,34.6160
1777263458791,34.6783
1777263458821,34.2768
1777263458870,34.0955
1777263458899,34.6995
1777263458929,34.8123
1777263458959,34.8566
1777263458989,34.8070
1777263459040,34.6400
1777263459071,34.9271
1777263459102,35.2036
1777263459132,36.1934
1777263459164,36.1393
1777263459195,36.0724
1777263459225,35.9355
1777263459258,35.6496
1777263459289,35.2555
1777263459319,34.9181
1777263459350,34.4737
1777263459403,33.5514
1777263459436,33.1661
1777263459469,33.5288
1777263459501,31.1795
1777263459534,30.4179
1777263459567,30.4701
1777263459600,30.5836
1777263459633,30.7886
1777263459665,31.1681
1777263459699,31.0917
1777263459733,31.8288
1777263459766,32.2513
1777263459800,32.6918
1777263459835,33.2680
1777263459869,34.0404
1777263459903,34.2102
1777263459936,34.2520
1777263459970,34.8176
1777263460005,36.2315
1777263460039,36.4951
1777263460073,36.8716
1777263460107,36.8592
1777263460142,36.9503
1777263460177,37.1955
1777263460213,37.7058
1777263460249,38.9056
1777263460284,39.9466
1777263460319,40.9586
1777263460358,41.7756
1777263460392,42.3148
1777263460429,42.2629
1777263460464,41.9460
1777263460499,41.8378
1777263460534,41.7029
1777263460571,41.7260
1777263460607,42.4121
1777263460644,42.8962
1777263460681,43.4008
1777263460717,43.9988
1777263460756,43.7914
1777263460792,44.3139
1777263460830,44.1123
1777263460867,43.9811
1777263460903,43.7531
1777263460940,44.6479
1777263460977,44.6669
1777263461014,44.7643
1777263461052,45.2833
1777263461090,45.5369
1777263461127,45.2907
1777263461163,44.8590
1777263461202,44.6222
1777263461240,44.5625
1777263461278,44.2600
1777263461317,44.0027
1777263461359,44.1877
1777263461399,44.3648
1777263461437,44.4655
1777263461474,45.3575
1777263461512,45.5421
1777263461548,46.2859
1777263461589,46.8227
1777263461629,47.4122
1777263461670,47.0407
1777263461709,46.8238
1777263461749,46.6263
1777263461793,47.5339
1777263461833,47.5702
1777263461872,48.1212
1777263461912,48.4644
1777263461952,48.6072
1777263461995,49.0477
1777263462035,48.6915
1777263462074,48.8729
1777263462115,49.1648
1777263462158,49.4138
1777263462202,49.7804
1777263462240,49.8600
1777263462278,49.9427
1777263462318,49.8218
1777263462356,49.7312
1777263462396,49.3852
1777263462437,49.8123
1777263462474,50.1443
1777263462516,50.1957
1777263462559,50.2053
1777263462598,49.9314
1777263462637,49.9264
1777263462677,49.9126
1777263462718,50.0498
1777263462754,49.5182
1777263462791,49.0069
1777263462830,49.3568
1777263462869,49.5498
1777263462907,49.5159
1777263462945,49.6892
1777263462986,50.0149
1777263463022,49.5082
1777263463059,49.1008
1777263463097,49.0000
1777263463134,49.1250
1777263463172,49.0918
1777263463212,48.9387
1777263463249,48.2977
1777263463291,47.9023
1777263463330,48.1901
1777263463370,48.7474
1777263463410,49.0697
1777263463452,49.4838
1777263463496,49.1280
1777263463536,49.0148
1777263463575,49.2678
1777263463616,49.5101
1777263463653,49.3086
1777263463695,49.0106
1777263463736,48.8232
1777263463776,49.7371
1777263463817,50.7384
1777263463859,50.5742
1777263463901,50.5669
1777263463942,50.9021
1777263463982,51.4654
1777263464024,51.9755
1777263464068,52.9065
1777263464112,53.1827
1777263464154,53.7669
1777263464196,53.5097
1777263464238,55.2211
1777263464279,54.8931
1777263464320,55.6015
1777263464359,56.1405
1777263464400,56.0115
1777263464441,55.9932
1777263464491,55.8589
1777263464532,57.4480
1777263464572,57.8515
1777263464611,58.5442
1777263464653,58.9476
1777263464698,59.5883
1777263464745,59.2725
1777263464784,58.7289
1777263464823,58.9499
1777263464863,58.7288
1777263464906,58.2525
1777263464948,58.3052
1777263464991,57.6069
1777263465034,57.5682
1777263465076,58.1377
1777263465119,58.8945
1777263465161,58.9026
1777263465200,59.0246
1777263465241,58.9609
1777263465280,58.5981
1777263465321,58.1413
1777263465361,59.0172
1777263465404,58.4793
1777263465447,57.8194
1777263465489,57.8241
1777263465532,57.7870
1777263465575,57.3427
1777263465615,56.5097
1777263465655,56.2825
1777263465694,56.5866
1777263465736,55.8708
1777263465775,57.1198
1777263465815,57.0392
1777263465855,57.2382
1777263465895,58.0491
1777263465937,57.6870
1777263465981,57.9158
1777263466022,57.6876
1777263466064,56.7047
1777263466110,55.6982
1777263466153,54.5730
1777263466193,54.9466
1777263466239,54.9044
1777263466283,55.0527
1777263466325,55.4842
1777263466378,54.9742
1777263466424,56.2180
1777263466467,57.1224
1777263466506,56.6898
1777263466546,56.4817
1777263466587,56.7994
1777263466632,56.5231
1777263466670,56.0641
1777263466708,55.7481
1777263466747,55.9686
1777263466789,54.8498
1777263466829,55.2252
1777263466868,54.8558
1777263466907,54.4730
1777263466945,54.1986
1777263466983,54.5228
1777263467031,54.1521
1777263467069,54.9460
1777263467107,55.0946
1777263467145,55.3272
1777263467184,55.4440
1777263467227,55.0231
1777263467266,54.6114
1777263467304,54.1022
1777263467344,53.7542
1777263467382,53.0951
1777263467424,53.0816
1777263467466,52.7707
1777263467504,52.4510
