Timestamp,Profit,CurrentTPS,CurrentTokens,TokensUsed,TransactionsUpgraded
1777321123476,9200.00,0.00,260000.00,339.30,0
1777321123526,18510.00,0.00,260000.00,678.60,0
1777321123558,8710.00,144.00,260000.00,339.30,0
1777321123583,8940.00,192.00,260000.00,339.30,0
1777321123609,9260.00,262.00,260000.00,339.30,0
1777321123635,8870.00,335.00,260000.00,339.30,0
1777321123701,17940.00,410.00,260000.00,678.60,0
1777321123748,8910.00,537.00,260000.00,339.30,0
1777321123775,8810.00,600.00,260000.00,339.30,0
1777321123827,8850.00,660.00,260000.00,339.30,0
1777321123852,9030.00,720.00,260000.00,339.30,0
1777321123878,9030.00,780.00,260000.00,339.30,0
1777321123902,9060.00,837.00,260000.00,339.30,0
1777321123947,9110.00,900.00,260000.00,339.30,0
1777321123992,9150.00,960.00,260000.00,339.30,0
1777321124016,8860.00,1020.00,260000.00,339.30,0
1777321124049,9120.00,1080.00,260000.00,339.30,0
1777321124080,8830.00,1140.00,260000.00,339.30,0
1777321124126,9070.00,1200.00,260000.00,339.30,0
1777321124158,9040.00,1260.00,260000.00,339.30,0
1777321124191,9010.00,1320.00,260000.00,339.30,0
1777321124251,17990.00,1380.00,260000.00,678.60,0
1777321124285,9000.00,1500.00,260000.00,339.30,0
1777321124313,9220.00,1560.00,260000.00,339.30,0
1777321124341,9110.00,1620.00,260000.00,339.30,0
1777321124370,8860.00,1677.00,260000.00,339.30,0
1777321124399,9400.00,1737.00,260000.00,339.30,0
1777321124433,21070.00,1797.00,260000.00,432.72,173
1777321124460,23380.00,1857.00,260000.00,468.90,240
1777321124511,22310.00,1920.00,260000.00,468.90,240
1777321124542,23240.00,1980.00,260000.00,468.90,240
1777321124572,23100.00,2040.00,260000.00,468.90,240
1777321124603,23480.00,2100.00,260000.00,468.90,240
1777321124634,23280.00,2160.00,260000.00,468.90,240
1777321124685,23420.00,2220.00,260000.00,468.90,240
1777321124712,23490.00,2280.00,260000.00,468.90,240
1777321124739,23520.00,2340.00,260000.00,468.90,240
1777321124785,23280.00,2397.00,260000.00,468.90,240
1777321124812,23920.00,2457.00,260000.00,468.90,240
1777321124860,23420.00,2520.00,260000.00,468.90,240
1777321124884,23740.00,2580.00,260000.00,468.90,240
1777321124909,23640.00,2640.00,260000.00,468.90,240
1777321124935,23730.00,2641.00,260000.00,468.90,240
1777321124981,23670.00,2757.00,260000.00,468.90,240
1777321125006,23060.00,2820.00,260000.00,468.90,240
1777321125052,22930.00,2877.00,260000.00,468.90,240
1777321125077,24150.00,2937.00,260000.00,468.90,240
1777321125101,23220.00,2997.00,260000.00,468.90,240
1777321125145,23540.00,3057.00,260000.00,468.90,240
1777321125168,23760.00,3117.00,260000.00,468.90,240
1777321125212,23640.00,3180.00,260000.00,468.90,240
1777321125258,22930.00,3240.00,260000.00,468.90,240
1777321125281,23890.00,3300.00,260000.00,468.90,240
1777321125325,23270.00,3357.00,260000.00,468.90,240
1777321125348,23310.00,3417.00,260000.00,468.90,240
1777321125393,23000.00,3480.00,260000.00,468.90,240
1777321125417,23820.00,3540.00,260000.00,468.90,240
1777321125464,23250.00,3597.00,260000.00,468.90,240
1777321125492,23710.00,3657.00,260000.00,468.90,240
1777321125521,24120.00,3717.00,260000.00,468.90,240
1777321125548,23550.00,3777.00,260000.00,468.90,240
1777321125597,23530.00,3840.00,260000.00,468.90,240
1777321125624,22800.00,3897.00,260000.00,468.90,240
1777321125649,22770.00,3960.00,260000.00,468.90,240
1777321125677,23750.00,4017.00,260000.00,468.90,240
1777321125724,22920.00,4080.00,260000.00,468.90,240
1777321125748,23040.00,4137.00,260000.00,468.90,240
1777321125773,22730.00,4197.00,260000.00,468.90,240
1777321125818,23650.00,4257.00,260000.00,468.90,240
1777321125843,23040.00,4317.00,260000.00,468.90,240
1777321125888,22690.00,4377.00,260000.00,468.90,240
1777321125913,23670.00,4437.00,260000.00,468.90,240
1777321125957,23850.00,4497.00,260000.00,468.90,240
1777321125982,24090.00,4557.00,260000.00,468.90,240
1777321126028,22900.00,4620.00,260000.00,468.90,240
1777321126053,23160.00,4680.00,260000.00,468.90,240
1777321126079,23030.00,4740.00,260000.00,468.90,240
1777321126107,23170.00,4797.00,260000.00,468.90,240
1777321126158,23540.00,4857.00,260000.00,468.90,240
1777321126187,23890.00,4920.00,260000.00,468.90,240
1777321126216,23770.00,4980.00,260000.00,468.90,240
1777321126245,23330.00,5040.00,260000.00,468.90,240
1777321126277,23350.00,5097.00,260000.00,468.90,240
1777321126307,23170.00,5157.00,260000.00,468.90,240
1777321126357,23300.00,5220.00,260000.00,468.90,240
1777321126383,23900.00,5280.00,260000.00,468.90,240
1777321126414,22890.00,5340.00,260000.00,468.90,240
1777321126447,23770.00,5400.00,260000.00,468.90,240
1777321126477,39680.00,5460.00,260000.00,489.60,493
1777321126507,39960.00,5508.00,260000.00,489.60,493
1777321126539,23230.00,5568.00,260000.00,468.90,240
1777321126587,24290.00,5637.00,260000.00,468.90,240
1777321126614,23620.00,5697.00,260000.00,468.90,240
1777321126641,23450.00,5757.00,260000.00,468.90,240
1777321126667,22930.00,5817.00,260000.00,468.90,240
1777321126718,23250.00,5880.00,260000.00,468.90,240
1777321126749,22940.00,5940.00,260000.00,468.90,240
1777321126779,39210.00,6000.00,260000.00,489.60,493
1777321126808,40010.00,6060.00,260000.00,489.60,505
1777321126859,41090.00,6120.00,260000.00,489.60,518
1777321126890,41080.00,6180.00,260000.00,489.60,518
1777321126917,41080.00,6240.00,260000.00,489.60,525
1777321126946,40340.00,6300.00,260000.00,489.60,525
1777321126976,40840.00,6360.00,260000.00,489.60,525
1777321127005,39630.00,6413.00,260000.00,489.60,525
1777321127057,41170.00,6480.00,260000.00,489.60,525
1777321127090,40770.00,6540.00,260000.00,489.60,525
1777321127122,40200.00,6600.00,260000.00,489.60,525
1777321127153,40660.00,6660.00,260000.00,489.60,525
1777321127184,40770.00,6720.00,260000.00,489.60,525
1777321127214,40680.00,6780.00,260000.00,489.60,525
1777321127243,39560.00,6840.00,260000.00,489.60,525
1777321127275,41240.00,6900.00,260000.00,489.60,525
1777321127336,41180.00,6960.00,260000.00,489.60,525
1777321127361,40300.00,7020.00,260000.00,489.60,525
1777321127387,41780.00,7079.00,260000.00,489.60,525
1777321127436,40330.00,7140.00,260000.00,489.60,525
1777321127467,41070.00,7200.00,260000.00,489.60,525
1777321127497,40680.00,7260.00,260000.00,489.60,525
1777321127525,40000.00,7320.00,260000.00,489.60,525
1777321127551,40230.00,7380.00,260000.00,489.60,525
1777321127601,40130.00,7440.00,260000.00,489.60,525
1777321127630,40250.00,7500.00,260000.00,489.60,525
1777321127660,40900.00,7557.00,260000.00,489.60,525
1777321127691,40230.00,7615.00,260000.00,489.60,525
1777321127720,40840.00,7673.00,260000.00,489.60,525
1777321127768,39450.00,7740.00,260000.00,489.60,525
1777321127797,40640.00,7800.00,260000.00,489.60,525
1777321127827,40740.00,7848.00,260000.00,489.60,525
1777321127852,39890.00,7902.00,260000.00,489.60,525
1777321127899,40350.00,7980.00,260000.00,489.60,525
1777321127927,39900.00,8028.00,260000.00,489.60,525
1777321127958,41110.00,8088.00,260000.00,489.60,525
1777321127985,40590.00,8148.00,260000.00,489.60,525
1777321128032,40660.00,8208.00,260000.00,489.60,525
1777321128058,41150.00,8276.00,260000.00,489.60,525
1777321128084,39430.00,8340.00,260000.00,489.60,525
1777321128132,39830.00,8400.00,260000.00,489.60,525
1777321128159,41200.00,8448.00,260000.00,489.60,525
1777321128186,41220.00,8463.00,260000.00,489.60,525
1777321128233,40280.00,8580.00,260000.00,489.60,525
1777321128267,41020.00,8639.00,260000.00,489.60,525
1777321128293,40790.00,8700.00,260000.00,489.60,525
1777321128321,39710.00,8760.00,260000.00,489.60,525
1777321128369,40390.00,8820.00,260000.00,489.60,525
1777321128398,40560.00,8880.00,260000.00,489.60,525
1777321128425,40150.00,8940.00,260000.00,489.60,525
1777321128452,39580.00,8994.00,260000.00,489.60,525
1777321128479,40890.00,9052.00,260000.00,489.60,525
1777321128526,40800.00,9072.00,260000.00,489.60,525
1777321128554,40710.00,9036.00,260000.00,489.60,525
1777321128596,40730.00,9048.00,260000.00,489.60,525
1777321128622,41850.00,8977.00,260000.00,489.60,525
1777321128677,41270.00,8973.00,260000.00,489.60,525
1777321128707,40990.00,9000.00,260000.00,489.60,525
1777321128737,40750.00,8943.00,260000.00,489.60,525
1777321128766,40090.00,8940.00,260000.00,489.60,525
1777321128794,40000.00,8940.00,260000.00,489.60,525
1777321128825,40720.00,9000.00,260000.00,489.60,525
1777321128856,39340.00,9000.00,260000.00,489.60,525
1777321128888,40520.00,9000.00,260000.00,489.60,525
1777321128917,40660.00,8940.00,260000.00,489.60,525
1777321128969,41190.00,8939.00,260000.00,489.60,525
1777321128999,39990.00,9000.00,260000.00,489.60,525
1777321129028,40440.00,8966.00,260000.00,489.60,525
1777321129058,40680.00,9000.00,260000.00,489.60,525
1777321129120,40700.00,9000.00,260000.00,489.60,525
1777321129186,80500.00,8880.00,260000.00,979.20,1050
1777321129210,40140.00,8946.00,260000.00,489.60,525
1777321129259,41240.00,8944.00,260000.00,489.60,525
1777321129284,39990.00,8929.00,260000.00,489.60,525
1777321129311,40360.00,8940.00,260000.00,489.60,525
1777321129358,39710.00,8883.00,260000.00,489.60,525
1777321129385,40040.00,8883.00,260000.00,489.60,525
1777321129412,40170.00,8883.00,260000.00,489.60,525
1777321129461,41160.00,8883.00,260000.00,489.60,525
1777321129487,41320.00,8883.00,260000.00,489.60,525
1777321129515,39600.00,8940.00,260000.00,489.60,525
1777321129541,41390.00,8940.00,260000.00,489.60,525
1777321129588,40620.00,8911.00,260000.00,489.60,525
1777321129617,39910.00,8927.00,260000.00,489.60,525
1777321129644,40860.00,8929.00,260000.00,489.60,525
1777321129691,39260.00,8940.00,260000.00,489.60,525
1777321129719,40520.00,8937.00,260000.00,489.60,525
1777321129749,40310.00,8940.00,260000.00,489.60,525
1777321129775,41440.00,8943.00,260000.00,489.60,525
1777321129826,40000.00,8923.00,260000.00,489.60,525
1777321129853,41170.00,8940.00,260000.00,489.60,525
1777321129880,40980.00,8961.00,260000.00,489.60,525
1777321129906,41020.00,8940.00,260000.00,489.60,525
1777321129954,39450.00,8944.00,260000.00,489.60,525
1777321129982,40480.00,8943.00,260000.00,489.60,525
1777321130009,40480.00,8940.00,260000.00,489.60,525
1777321130038,41140.00,8943.00,260000.00,489.60,525
1777321130088,41350.00,8931.00,260000.00,489.60,525
1777321130117,39790.00,8883.00,260000.00,489.60,525
1777321130146,40740.00,8943.00,260000.00,489.60,525
1777321130175,40530.00,8940.00,260000.00,489.60,525
1777321130227,39780.00,8928.00,260000.00,489.60,525
1777321130256,40080.00,8940.00,260000.00,489.60,525
1777321130286,41050.00,8940.00,260000.00,489.60,525
1777321130316,40670.00,8943.00,260000.00,489.60,525
1777321130345,41410.00,8943.00,260000.00,489.60,525
1777321130372,40030.00,8935.00,260000.00,489.60,525
1777321130423,40000.00,8940.00,260000.00,489.60,525
1777321130452,39820.00,8943.00,260000.00,489.60,525
1777321130479,40100.00,8943.00,260000.00,489.60,525
1777321130507,41080.00,8943.00,260000.00,489.60,525
1777321130536,40800.00,8946.00,260000.00,489.60,525
1777321130586,41440.00,8943.00,260000.00,489.60,525
1777321130615,39570.00,8943.00,260000.00,489.60,525
1777321130644,39630.00,8940.00,260000.00,489.60,525
1777321130673,39440.00,8938.00,260000.00,489.60,525
1777321130753,80740.00,8880.00,260000.00,979.20,1050
1777321130779,40130.00,8940.00,260000.00,489.60,525
1777321130826,40200.00,8917.00,260000.00,489.60,525
1777321130854,41010.00,8922.00,260000.00,489.60,525
1777321130882,40720.00,8943.00,260000.00,489.60,525
1777321130907,39980.00,8943.00,260000.00,489.60,525
1777321130955,40240.00,8943.00,260000.00,489.60,525
1777321130982,41570.00,8932.00,260000.00,489.60,525
1777321131009,41830.00,8930.00,260000.00,489.60,525
1777321131055,39890.00,8940.00,260000.00,489.60,525
1777321131081,40900.00,8934.00,260000.00,489.60,525
1777321131110,40340.00,8942.00,260000.00,489.60,525
1777321131157,39330.00,8942.00,260000.00,489.60,525
1777321131182,42060.00,8940.00,260000.00,489.60,525
1777321131210,40470.00,8934.00,260000.00,489.60,525
1777321131257,40310.00,8883.00,260000.00,489.60,525
1777321131283,39810.00,8933.00,260000.00,489.60,525
1777321131310,41490.00,8940.00,260000.00,489.60,525
1777321131339,39920.00,8940.00,260000.00,489.60,525
1777321131390,40190.00,8940.00,260000.00,489.60,525
1777321131418,40070.00,8940.00,260000.00,489.60,525
1777321131444,41530.00,8940.00,260000.00,489.60,525
1777321131470,40020.00,8940.00,260000.00,489.60,525
1777321131517,41420.00,8917.00,260000.00,489.60,525
1777321131544,40930.00,8952.00,260000.00,489.60,525
1777321131570,40630.00,8943.00,260000.00,489.60,525
1777321131617,39640.00,8942.00,260000.00,489.60,525
1777321131644,41610.00,8935.00,260000.00,489.60,525
1777321131672,40820.00,8928.00,260000.00,489.60,525
1777321131722,41930.00,8940.00,260000.00,489.60,525
1777321131749,41040.00,8934.00,260000.00,489.60,525
1777321131776,40000.00,8932.00,260000.00,489.60,525
1777321131806,40240.00,8940.00,260000.00,489.60,525
1777321131889,80430.00,8880.00,260000.00,979.20,1050
1777321131917,39350.00,8928.00,260000.00,489.60,525
1777321131945,39890.00,8935.00,260000.00,489.60,525
1777321131975,40350.00,8928.00,260000.00,489.60,525
1777321132026,39850.00,8892.00,260000.00,489.60,525
1777321132055,40100.00,8937.00,260000.00,489.60,525
1777321132084,40280.00,8940.00,260000.00,489.60,525
1777321132113,40470.00,8940.00,260000.00,489.60,525
1777321132142,40350.00,8940.00,260000.00,489.60,525
1777321132171,40470.00,8888.00,260000.00,489.60,525
1777321132224,40600.00,8940.00,260000.00,489.60,525
1777321132252,40780.00,8918.00,260000.00,489.60,525
1777321132320,82060.00,8880.00,260000.00,979.20,1050
1777321132345,41400.00,8940.00,260000.00,489.60,525
1777321132390,40130.00,8936.00,260000.00,489.60,525
1777321132413,40000.00,8940.00,260000.00,489.60,525
1777321132457,40720.00,8940.00,260000.00,489.60,525
1777321132483,40280.00,8932.00,260000.00,489.60,525
1777321132509,41060.00,8928.00,260000.00,489.60,525
1777321132556,39300.00,8940.00,260000.00,489.60,525
1777321132582,40410.00,8952.00,260000.00,489.60,525
1777321132609,41160.00,8976.00,260000.00,489.60,525
1777321132656,41420.00,8948.00,260000.00,489.60,525
1777321132682,39440.00,8952.00,260000.00,489.60,525
1777321132709,39400.00,8944.00,260000.00,489.60,525
1777321132756,40610.00,8940.00,260000.00,489.60,525
1777321132783,39900.00,8940.00,260000.00,489.60,525
1777321132810,40240.00,8952.00,260000.00,489.60,525
1777321132858,40230.00,8952.00,260000.00,489.60,525
1777321132885,40910.00,8952.00,260000.00,489.60,525
1777321132912,41170.00,8944.00,260000.00,489.60,525
1777321132960,40540.00,8952.00,260000.00,489.60,525
1777321132988,40100.00,8952.00,260000.00,489.60,525
1777321133016,39640.00,8952.00,260000.00,489.60,525
1777321133042,39700.00,8945.00,260000.00,489.60,525
1777321133089,40150.00,8940.00,260000.00,489.60,525
1777321133115,40090.00,8940.00,260000.00,489.60,525
1777321133143,41120.00,8952.00,260000.00,489.60,525
1777321133191,40260.00,8967.00,260000.00,489.60,525
1777321133218,40260.00,8952.00,260000.00,489.60,525
1777321133246,40890.00,8945.00,260000.00,489.60,525
1777321133274,39880.00,8994.00,260000.00,489.60,525
1777321133324,39890.00,8940.00,260000.00,489.60,525
1777321133351,40480.00,8940.00,260000.00,489.60,525
1777321133378,42850.00,9000.00,260000.00,489.60,525
1777321133405,41010.00,9000.00,260000.00,489.60,525
1777321133457,40620.00,8945.00,260000.00,489.60,525
1777321133483,41110.00,8940.00,260000.00,489.60,525
1777321133509,40060.00,8940.00,260000.00,489.60,525
1777321133557,40220.00,8940.00,260000.00,489.60,525
1777321133584,39950.00,8940.00,260000.00,489.60,525
1777321133610,40280.00,8951.00,260000.00,489.60,525
1777321133636,40750.00,8882.00,260000.00,489.60,525
1777321133684,40980.00,8980.00,260000.00,489.60,525
1777321133711,40750.00,8988.00,260000.00,489.60,525
1777321133737,41000.00,8988.00,260000.00,489.60,525
1777321133786,40730.00,8940.00,260000.00,489.60,525
1777321133813,39680.00,8933.00,260000.00,489.60,525
1777321133839,40120.00,8938.00,260000.00,489.60,525
1777321133888,40340.00,8940.00,260000.00,489.60,525
1777321133915,40930.00,8940.00,260000.00,489.60,525
1777321133941,40690.00,8948.00,260000.00,489.60,525
1777321133968,41110.00,8999.00,260000.00,489.60,525
1777321134017,41110.00,8940.00,260000.00,489.60,525
1777321134045,40210.00,8935.00,260000.00,489.60,525
1777321134073,39900.00,8928.00,260000.00,489.60,525
1777321134104,40010.00,8988.00,260000.00,489.60,525
1777321134152,40750.00,9060.00,260000.00,489.60,525
1777321134180,40560.00,9055.00,260000.00,489.60,525
1777321134208,40370.00,8993.00,260000.00,489.60,525
1777321134237,40170.00,9007.00,260000.00,489.60,525
1777321134287,41830.00,9012.00,260000.00,489.60,525
1777321134314,40900.00,8988.00,260000.00,489.60,525
1777321134342,40600.00,8988.00,260000.00,489.60,525
1777321134425,81370.00,8940.00,260000.00,979.20,1050
1777321134449,40270.00,9012.00,260000.00,489.60,525
1777321134494,39930.00,8940.00,260000.00,489.60,525
1777321134519,41270.00,8970.00,260000.00,489.60,525
1777321134543,40790.00,8988.00,260000.00,489.60,525
1777321134588,41210.00,9000.00,260000.00,489.60,525
1777321134613,39340.00,8995.00,260000.00,489.60,525
1777321134659,40920.00,8952.00,260000.00,489.60,525
1777321134683,41700.00,8995.00,260000.00,489.60,525
1777321134730,40220.00,8940.00,260000.00,489.60,525
1777321134755,41100.00,8959.00,260000.00,489.60,525
1777321134780,39690.00,8988.00,260000.00,489.60,525
1777321134826,40340.00,9000.00,260000.00,489.60,525
1777321134851,40820.00,8992.00,260000.00,489.60,525
1777321134876,39600.00,8988.00,260000.00,489.60,525
1777321134922,39850.00,8940.00,260000.00,489.60,525
1777321134948,40160.00,9000.00,260000.00,489.60,525
1777321134994,40440.00,8940.00,260000.00,489.60,525
1777321135019,39890.00,8940.00,260000.00,489.60,525
1777321135044,40480.00,8948.00,260000.00,489.60,525
1777321135091,39040.00,9000.00,260000.00,489.60,525
1777321135116,40040.00,9000.00,260000.00,489.60,525
1777321135141,40420.00,9000.00,260000.00,489.60,525
1777321135187,40390.00,8940.00,260000.00,489.60,525
1777321135214,41460.00,9000.00,260000.00,489.60,525
1777321135240,40830.00,9000.00,260000.00,489.60,525
1777321135287,39740.00,9000.00,260000.00,489.60,525
1777321135313,39680.00,8994.00,260000.00,489.60,525
1777321135339,41060.00,8994.00,260000.00,489.60,525
1777321135386,40920.00,8952.00,260000.00,489.60,525
1777321135412,39800.00,8994.00,260000.00,489.60,525
1777321135438,40550.00,9000.00,260000.00,489.60,525
1777321135486,39160.00,8989.00,260000.00,489.60,525
1777321135514,39970.00,8994.00,260000.00,489.60,525
1777321135541,39590.00,8988.00,260000.00,489.60,525
1777321135587,41370.00,9000.00,260000.00,489.60,525
1777321135614,39890.00,9000.00,260000.00,489.60,525
1777321135641,40980.00,9000.00,260000.00,489.60,525
1777321135688,41160.00,8952.00,260000.00,489.60,525
1777321135714,40800.00,9012.00,260000.00,489.60,525
1777321135741,40450.00,9060.00,260000.00,489.60,525
1777321135789,40580.00,8969.00,260000.00,489.60,525
1777321135815,38940.00,8993.00,260000.00,489.60,525
1777321135842,40030.00,8994.00,260000.00,489.60,525
1777321135870,39910.00,8988.00,260000.00,489.60,525
1777321135918,41070.00,8952.00,260000.00,489.60,525
1777321135945,39430.00,8994.00,260000.00,489.60,525
1777321135972,40570.00,9006.00,260000.00,489.60,525
1777321136021,40070.00,8964.00,260000.00,489.60,525
1777321136048,41020.00,9012.00,260000.00,489.60,525
1777321136074,40610.00,9000.00,260000.00,489.60,525
1777321136102,41000.00,8988.00,260000.00,489.60,525
1777321136151,40190.00,9000.00,260000.00,489.60,525
1777321136178,41570.00,8994.00,260000.00,489.60,525
1777321136208,39990.00,9012.00,260000.00,489.60,525
1777321136237,40650.00,9012.00,260000.00,489.60,525
1777321136286,40760.00,9000.00,260000.00,489.60,525
1777321136314,40530.00,9000.00,260000.00,489.60,525
1777321136341,39640.00,9000.00,260000.00,489.60,525
1777321136369,39850.00,8994.00,260000.00,489.60,525
1777321136453,41140.00,8880.00,260000.00,489.60,525
1777321136477,40350.00,8892.00,260000.00,489.60,525
1777321136521,39580.00,8927.00,260000.00,489.60,525
1777321136546,40560.00,8935.00,260000.00,489.60,525
1777321136570,41130.00,8934.00,260000.00,489.60,525
1777321136615,39510.00,8940.00,260000.00,489.60,525
1777321136640,40170.00,8952.00,260000.00,489.60,525
1777321136685,41140.00,8892.00,260000.00,489.60,525
1777321136710,39180.00,8937.00,260000.00,489.60,525
1777321136755,41040.00,8917.00,260000.00,489.60,525
1777321136779,39570.00,8928.00,260000.00,489.60,525
1777321136804,40780.00,8935.00,260000.00,489.60,525
1777321136850,40770.00,8952.00,260000.00,489.60,525
1777321136875,40720.00,8993.00,260000.00,489.60,525
1777321136921,39440.00,8940.00,260000.00,489.60,525
1777321136945,40800.00,8940.00,260000.00,489.60,525
1777321136970,40790.00,8939.00,260000.00,489.60,525
1777321137017,41390.00,8940.00,260000.00,489.60,525
1777321137043,40870.00,8952.00,260000.00,489.60,525
1777321137069,40100.00,8928.00,260000.00,489.60,525
1777321137115,40850.00,8940.00,260000.00,489.60,525
1777321137141,40560.00,8934.00,260000.00,489.60,525
1777321137188,40580.00,8940.00,260000.00,489.60,525
1777321137213,40440.00,8952.00,260000.00,489.60,525
1777321137239,40260.00,8937.00,260000.00,489.60,525
1777321137286,41010.00,8938.00,260000.00,489.60,525
1777321137313,38770.00,9000.00,260000.00,489.60,525
1777321137339,40400.00,8928.00,260000.00,489.60,525
1777321137385,40320.00,8940.00,260000.00,489.60,525
1777321137411,39650.00,8932.00,260000.00,489.60,525
1777321137438,40670.00,8951.00,260000.00,489.60,525
1777321137484,40260.00,8947.00,260000.00,489.60,525
1777321137511,40680.00,8947.00,260000.00,489.60,525
1777321137537,40730.00,8940.00,260000.00,489.60,525
1777321137584,41840.00,8940.00,260000.00,489.60,525
1777321137611,39730.00,8940.00,260000.00,489.60,525
1777321137637,40870.00,8928.00,260000.00,489.60,525
1777321137666,40800.00,8969.00,260000.00,489.60,525
1777321137714,40420.00,8940.00,260000.00,489.60,525
1777321137741,41290.00,8937.00,260000.00,489.60,525
1777321137767,41520.00,8933.00,260000.00,489.60,525
1777321137815,41690.00,8940.00,260000.00,489.60,525
1777321137841,40440.00,8940.00,260000.00,489.60,525
1777321137870,39830.00,8948.00,260000.00,489.60,525
1777321137897,40780.00,8947.00,260000.00,489.60,525
1777321137945,39980.00,8940.00,260000.00,489.60,525
1777321137973,40480.00,8940.00,260000.00,489.60,525
1777321138000,39900.00,8940.00,260000.00,489.60,525
1777321138072,39860.00,8940.00,260000.00,489.60,525
1777321138099,81690.00,8892.00,260000.00,979.20,1050
1777321138149,39670.00,8940.00,260000.00,489.60,525
1777321138204,40470.00,8952.00,260000.00,489.60,525
1777321138232,39800.00,8892.00,260000.00,489.60,525
1777321138260,40840.00,8892.00,260000.00,489.60,525
1777321138289,40300.00,8892.00,260000.00,489.60,525
1777321138342,39090.00,8880.00,260000.00,489.60,525
1777321138369,38670.00,8880.00,260000.00,489.60,525
1777321138413,40670.00,8880.00,260000.00,489.60,525
1777321138475,40460.00,8820.00,260000.00,489.60,525
1777321138498,39420.00,8820.00,260000.00,489.60,525
1777321138522,39640.00,8820.00,260000.00,489.60,525
1777321138610,79950.00,8760.00,260000.00,979.20,1050
1777321138662,40620.00,8820.00,260000.00,489.60,525
1777321138691,39890.00,8820.00,260000.00,489.60,525
1777321138723,39710.00,8831.00,260000.00,489.60,525
1777321138752,40740.00,8772.00,260000.00,489.60,525
1777321138782,41450.00,8820.00,260000.00,489.60,525
1777321138811,39300.00,8820.00,260000.00,489.60,525
1777321138861,42000.00,8771.00,260000.00,489.60,525
1777321138887,41310.00,8814.00,260000.00,489.60,525
1777321138913,40900.00,8810.00,260000.00,489.60,525
1777321138939,41470.00,8826.00,260000.00,489.60,525
1777321138986,41120.00,8772.00,260000.00,489.60,525
1777321139017,39910.00,8820.00,260000.00,489.60,525
1777321139042,40120.00,8820.00,260000.00,489.60,525
1777321139091,39810.00,8772.00,260000.00,489.60,525
1777321139118,40480.00,8784.00,260000.00,489.60,525
1777321139144,40930.00,8832.00,260000.00,489.60,525
1777321139171,40280.00,8832.00,260000.00,489.60,525
1777321139219,40820.00,8772.00,260000.00,489.60,525
1777321139245,40510.00,8820.00,260000.00,489.60,525
1777321139271,40090.00,8826.00,260000.00,489.60,525
1777321139319,40090.00,8820.00,260000.00,489.60,525
1777321139344,40740.00,8832.00,260000.00,489.60,525
1777321139370,39700.00,8823.00,260000.00,489.60,525
1777321139418,40340.00,8892.00,260000.00,489.60,525
1777321139444,40780.00,8820.00,260000.00,489.60,525
1777321139472,40990.00,8880.00,260000.00,489.60,525
1777321139517,41760.00,8832.00,260000.00,489.60,525
1777321139543,41850.00,8832.00,260000.00,489.60,525
1777321139570,39520.00,8820.00,260000.00,489.60,525
1777321139618,39630.00,8820.00,260000.00,489.60,525
1777321139645,41300.00,8832.00,260000.00,489.60,525
1777321139672,40820.00,8832.00,260000.00,489.60,525
1777321139700,39920.00,8822.00,260000.00,489.60,525
1777321139748,40870.00,8820.00,260000.00,489.60,525
1777321139775,40020.00,8832.00,260000.00,489.60,525
1777321139802,41090.00,8892.00,260000.00,489.60,525
1777321139830,40560.00,8880.00,260000.00,489.60,525
1777321139881,41060.00,8832.00,260000.00,489.60,525
1777321139908,40530.00,8832.00,260000.00,489.60,525
1777321139935,41020.00,8820.00,260000.00,489.60,525
1777321139963,40760.00,8820.00,260000.00,489.60,525
1777321140011,40570.00,8820.00,260000.00,489.60,525
1777321140039,40130.00,8832.00,260000.00,489.60,525
1777321140067,40390.00,8832.00,260000.00,489.60,525
1777321140098,40420.00,8880.00,260000.00,489.60,525
1777321140126,40680.00,8834.00,260000.00,489.60,525
1777321140175,40500.00,8820.00,260000.00,489.60,525
1777321140203,40460.00,8820.00,260000.00,489.60,525
1777321140232,40060.00,8820.00,260000.00,489.60,525
1777321140260,41040.00,8824.00,260000.00,489.60,525
1777321140309,40240.00,8832.00,260000.00,489.60,525
1777321140337,40860.00,8832.00,260000.00,489.60,525
1777321140365,40240.00,8832.00,260000.00,489.60,525
1777321140394,40440.00,8880.00,260000.00,489.60,525
1777321140456,41100.00,8820.00,260000.00,489.60,525
1777321140543,41870.00,8832.00,260000.00,489.60,525
1777321140570,82600.00,8712.00,260000.00,979.20,1050
1777321140595,41520.00,8764.00,260000.00,489.60,525
1777321140621,41300.00,8792.00,260000.00,489.60,525
1777321140667,40240.00,8760.00,260000.00,489.60,525
1777321140694,40150.00,8820.00,260000.00,489.60,525
1777321140740,39560.00,8757.00,260000.00,489.60,525
1777321140765,41490.00,8812.00,260000.00,489.60,525
1777321140791,41200.00,8820.00,260000.00,489.60,525
1777321140841,39880.00,8772.00,260000.00,489.60,525
1777321140867,41430.00,8772.00,260000.00,489.60,525
1777321140892,41800.00,8772.00,260000.00,489.60,525
1777321140918,40480.00,8820.00,260000.00,489.60,525
1777321140966,41110.00,8772.00,260000.00,489.60,525
1777321140992,40190.00,8760.00,260000.00,489.60,525
1777321141041,41700.00,8760.00,260000.00,489.60,525
1777321141067,39200.00,8765.00,260000.00,489.60,525
1777321141094,40090.00,8774.00,260000.00,489.60,525
1777321141120,40690.00,8819.00,260000.00,489.60,525
1777321141167,40440.00,8771.00,260000.00,489.60,525
1777321141194,39420.00,8751.00,260000.00,489.60,525
1777321141220,39530.00,8752.00,260000.00,489.60,525
1777321141267,41020.00,8760.00,260000.00,489.60,525
1777321141294,39500.00,8799.00,260000.00,489.60,525
1777321141321,40930.00,8819.00,260000.00,489.60,525
1777321141370,41220.00,8765.00,260000.00,489.60,525
1777321141396,41350.00,8781.00,260000.00,489.60,525
1777321141421,41140.00,8841.00,260000.00,489.60,525
1777321141447,41210.00,8884.00,260000.00,489.60,525
1777321141498,40260.00,8832.00,260000.00,489.60,525
1777321141524,41200.00,8880.00,260000.00,489.60,525
1777321141550,40060.00,8880.00,260000.00,489.60,525
1777321141597,40420.00,8820.00,260000.00,489.60,525
1777321141623,39950.00,8839.00,260000.00,489.60,525
1777321141649,40500.00,8880.00,260000.00,489.60,525
1777321141697,40890.00,8832.00,260000.00,489.60,525
1777321141721,41680.00,8832.00,260000.00,489.60,525
1777321141745,40440.00,8892.00,260000.00,489.60,525
1777321141792,40450.00,8832.00,260000.00,489.60,525
1777321141817,40680.00,8822.00,260000.00,489.60,525
1777321141864,41170.00,8832.00,260000.00,489.60,525
1777321141891,41150.00,8832.00,260000.00,489.60,525
1777321141916,39540.00,8871.00,260000.00,489.60,525
1777321141965,40560.00,8832.00,260000.00,489.60,525
1777321141993,40710.00,8885.00,260000.00,489.60,525
1777321142026,40850.00,8863.00,260000.00,489.60,525
1777321142056,39880.00,8832.00,260000.00,489.60,525
1777321142083,39230.00,8836.00,260000.00,489.60,525
1777321142149,40360.00,8832.00,260000.00,489.60,525
1777321142176,41070.00,8820.00,260000.00,489.60,525
1777321142204,41210.00,8820.00,260000.00,489.60,525
1777321142236,40540.00,8832.00,260000.00,489.60,525
1777321142264,40690.00,8880.00,260000.00,489.60,525
1777321142293,41080.00,8880.00,260000.00,489.60,525
1777321142321,40600.00,8872.00,260000.00,489.60,525
1777321142350,40650.00,8842.00,260000.00,489.60,525
1777321142428,40450.00,8832.00,260000.00,489.60,525
1777321142455,40280.00,8772.00,260000.00,489.60,525
1777321142485,39930.00,8820.00,260000.00,489.60,525
1777321142517,40470.00,8824.00,260000.00,489.60,525
1777321142564,39700.00,8796.00,260000.00,489.60,525
1777321142607,40880.00,8809.00,260000.00,489.60,525
1777321142639,80890.00,8772.00,260000.00,979.20,1050
1777321142668,40340.00,8832.00,260000.00,489.60,525
1777321142719,40750.00,8820.00,260000.00,489.60,525
1777321142750,40610.00,8820.00,260000.00,489.60,525
1777321142780,39830.00,8763.00,260000.00,489.60,525
1777321142810,39850.00,8820.00,260000.00,489.60,525
1777321142840,39620.00,8820.00,260000.00,489.60,525
1777321142893,39640.00,8772.00,260000.00,489.60,525
1777321142924,40360.00,8772.00,260000.00,489.60,525
1777321142956,40320.00,8813.00,260000.00,489.60,525
1777321142986,41340.00,8767.00,260000.00,489.60,525
1777321143018,40420.00,8760.00,260000.00,489.60,525
1777321143087,40150.00,8760.00,260000.00,489.60,525
1777321143111,40810.00,8742.00,260000.00,489.60,525
1777321143135,41130.00,8760.00,260000.00,489.60,525
1777321143181,40270.00,8757.00,260000.00,489.60,525
1777321143210,40370.00,8813.00,260000.00,489.60,525
1777321143237,41200.00,8813.00,260000.00,489.60,525
1777321143262,40550.00,8819.00,260000.00,489.60,525
1777321143308,41960.00,8772.00,260000.00,489.60,525
1777321143335,40290.00,8820.00,260000.00,489.60,525
1777321143361,40690.00,8813.00,260000.00,489.60,525
1777321143407,40050.00,8820.00,260000.00,489.60,525
1777321143436,40230.00,8820.00,260000.00,489.60,525
1777321143462,40460.00,8880.00,260000.00,489.60,525
1777321143508,41910.00,8820.00,260000.00,489.60,525
1777321143536,39880.00,8880.00,260000.00,489.60,525
1777321143562,40680.00,8940.00,260000.00,489.60,525
1777321143611,39870.00,8940.00,260000.00,489.60,525
1777321143636,40310.00,8880.00,260000.00,489.60,525
1777321143663,40080.00,8928.00,260000.00,489.60,525
1777321143710,40470.00,8880.00,260000.00,489.60,525
1777321143741,39350.00,8882.00,260000.00,489.60,525
1777321143767,41850.00,8897.00,260000.00,489.60,525
1777321143799,40010.00,8892.00,260000.00,489.60,525
1777321143847,40240.00,8892.00,260000.00,489.60,525
1777321143873,40430.00,8904.00,260000.00,489.60,525
1777321143900,41050.00,8884.00,260000.00,489.60,525
1777321143929,40640.00,8885.00,260000.00,489.60,525
1777321143957,40670.00,8884.00,260000.00,489.60,525
1777321144008,39300.00,8868.00,260000.00,489.60,525
1777321144035,41320.00,8878.00,260000.00,489.60,525
1777321144062,39840.00,8880.00,260000.00,489.60,525
1777321144088,40380.00,8928.00,260000.00,489.60,525
1777321144138,40230.00,8872.00,260000.00,489.60,525
1777321144168,39290.00,8878.00,260000.00,489.60,525
1777321144198,41160.00,8878.00,260000.00,489.60,525
1777321144225,39900.00,8931.00,260000.00,489.60,525
1777321144273,40710.00,8885.00,260000.00,489.60,525
1777321144301,40280.00,8880.00,260000.00,489.60,525
1777321144329,39490.00,8885.00,260000.00,489.60,525
1777321144359,40250.00,8885.00,260000.00,489.60,525
1777321144408,40250.00,8868.00,260000.00,489.60,525
1777321144437,41710.00,8878.00,260000.00,489.60,525
1777321144464,41440.00,8877.00,260000.00,489.60,525
1777321144494,39970.00,8873.00,260000.00,489.60,525
1777321144521,41030.00,8931.00,260000.00,489.60,525
1777321144570,40500.00,8880.00,260000.00,489.60,525
1777321144598,40800.00,8880.00,260000.00,489.60,525
1777321144627,40470.00,8936.00,260000.00,489.60,525
1777321144655,40840.00,8918.00,260000.00,489.60,525
1777321144704,39670.00,8882.00,260000.00,489.60,525
1777321144732,40790.00,8880.00,260000.00,489.60,525
1777321144761,40510.00,8880.00,260000.00,489.60,525
1777321144789,40350.00,8880.00,260000.00,489.60,525
1777321144816,41010.00,8872.00,260000.00,489.60,525
1777321144865,39330.00,8880.00,260000.00,489.60,525
1777321144897,41470.00,8896.00,260000.00,489.60,525
1777321144926,40050.00,8880.00,260000.00,489.60,525
1777321144955,40080.00,8880.00,260000.00,489.60,525
1777321144985,40340.00,8886.00,260000.00,489.60,525
1777321145013,40900.00,8940.00,260000.00,489.60,525
1777321145066,39670.00,8868.00,260000.00,489.60,525
1777321145094,39660.00,8875.00,260000.00,489.60,525
1777321145122,40330.00,8873.00,260000.00,489.60,525
1777321145150,41040.00,8873.00,260000.00,489.60,525
1777321145177,41590.00,8936.00,260000.00,489.60,525
1777321145226,39730.00,8880.00,260000.00,489.60,525
1777321145254,41960.00,8892.00,260000.00,489.60,525
1777321145283,40950.00,8887.00,260000.00,489.60,525
1777321145311,41240.00,8935.00,260000.00,489.60,525
1777321145361,39660.00,8880.00,260000.00,489.60,525
1777321145390,39870.00,8880.00,260000.00,489.60,525
1777321145417,40450.00,8874.00,260000.00,489.60,525
1777321145446,40280.00,8928.00,260000.00,489.60,525
1777321145497,40450.00,8940.00,260000.00,489.60,525
1777321145528,40060.00,9000.00,260000.00,489.60,525
1777321145558,39880.00,9026.00,260000.00,489.60,525
1777321145588,40360.00,8940.00,260000.00,489.60,525
1777321145687,41220.00,8940.00,260000.00,489.60,525
1777321145709,40430.00,8851.00,260000.00,489.60,525
1777321145733,41320.00,8892.00,260000.00,489.60,525
1777321145779,40430.00,8820.00,260000.00,489.60,525
1777321145805,40280.00,8814.00,260000.00,489.60,525
1777321145834,40930.00,8868.00,260000.00,489.60,525
1777321145880,40030.00,8819.00,260000.00,489.60,525
1777321145905,39420.00,8814.00,260000.00,489.60,525
1777321145930,41170.00,8817.00,260000.00,489.60,525
1777321145979,40870.00,8850.00,260000.00,489.60,525
1777321146005,40410.00,8844.00,260000.00,489.60,525
1777321146030,40380.00,8880.00,260000.00,489.60,525
1777321146076,40610.00,8832.00,260000.00,489.60,525
1777321146101,40560.00,8842.00,260000.00,489.60,525
1777321146126,40130.00,8867.00,260000.00,489.60,525
1777321146172,41170.00,8867.00,260000.00,489.60,525
1777321146197,41080.00,8874.00,260000.00,489.60,525
1777321146243,41480.00,8832.00,260000.00,489.60,525
1777321146268,40460.00,8874.00,260000.00,489.60,525
1777321146293,39820.00,8873.00,260000.00,489.60,525
1777321146339,39700.00,8832.00,260000.00,489.60,525
1777321146364,40320.00,8880.00,260000.00,489.60,525
1777321146391,40750.00,8873.00,260000.00,489.60,525
1777321146441,41080.00,8820.00,260000.00,489.60,525
1777321146466,40730.00,8832.00,260000.00,489.60,525
1777321146494,40530.00,8888.00,260000.00,489.60,525
1777321146543,40380.00,8820.00,260000.00,489.60,525
1777321146568,39750.00,8832.00,260000.00,489.60,525
1777321146594,41310.00,8880.00,260000.00,489.60,525
1777321146620,40820.00,8874.00,260000.00,489.60,525
1777321146668,41020.00,8820.00,260000.00,489.60,525
1777321146694,40290.00,8880.00,260000.00,489.60,525
1777321146721,40740.00,8874.00,260000.00,489.60,525
1777321146768,39250.00,8820.00,260000.00,489.60,525
1777321146794,40920.00,8880.00,260000.00,489.60,525
1777321146821,40340.00,8884.00,260000.00,489.60,525
1777321146869,41230.00,8880.00,260000.00,489.60,525
1777321146895,41490.00,8880.00,260000.00,489.60,525
1777321146922,41320.00,8873.00,260000.00,489.60,525
1777321146969,38350.00,8880.00,260000.00,489.60,525
1777321146998,39640.00,8880.00,260000.00,489.60,525
1777321147024,38730.00,8891.00,260000.00,489.60,525
1777321147072,40840.00,8832.00,260000.00,489.60,525
1777321147099,40810.00,8832.00,260000.00,489.60,525
1777321147126,40770.00,8892.00,260000.00,489.60,525
1777321147153,40090.00,8934.00,260000.00,489.60,525
1777321147201,40220.00,8880.00,260000.00,489.60,525
1777321147228,41680.00,8875.00,260000.00,489.60,525
1777321147256,40060.00,8873.00,260000.00,489.60,525
1777321147305,40220.00,8825.00,260000.00,489.60,525
1777321147336,40140.00,8832.00,260000.00,489.60,525
1777321147365,40030.00,8832.00,260000.00,489.60,525
1777321147392,40200.00,8880.00,260000.00,489.60,525
1777321147420,39640.00,8928.00,260000.00,489.60,525
1777321147470,40880.00,8880.00,260000.00,489.60,525
1777321147498,39960.00,8882.00,260000.00,489.60,525
1777321147525,40540.00,8921.00,260000.00,489.60,525
1777321147554,39810.00,8940.00,260000.00,489.60,525
1777321147604,40490.00,8940.00,260000.00,489.60,525
1777321147634,40240.00,8940.00,260000.00,489.60,525
1777321147662,41180.00,8880.00,260000.00,489.60,525
1777321147690,41470.00,8880.00,260000.00,489.60,525
1777321147719,38910.00,8940.00,260000.00,489.60,525
1777321147769,40720.00,8879.00,260000.00,489.60,525
1777321147797,40750.00,8874.00,260000.00,489.60,525
1777321147825,40830.00,8874.00,260000.00,489.60,525
1777321147854,40620.00,8905.00,260000.00,489.60,525
1777321147882,40750.00,8940.00,260000.00,489.60,525
1777321147932,40500.00,8940.00,260000.00,489.60,525
1777321147961,40550.00,8940.00,260000.00,489.60,525
1777321147991,40220.00,8940.00,260000.00,489.60,525
1777321148021,41080.00,8940.00,260000.00,489.60,525
1777321148096,40820.00,8928.00,260000.00,489.60,525
1777321148119,39090.00,8868.00,260000.00,489.60,525
1777321148145,41870.00,8892.00,260000.00,489.60,525
1777321148172,39880.00,8952.00,260000.00,489.60,525
1777321148219,39760.00,8910.00,260000.00,489.60,525
1777321148243,42040.00,8911.00,260000.00,489.60,525
1777321148270,41110.00,8920.00,260000.00,489.60,525
1777321148315,40510.00,8919.00,260000.00,489.60,525
1777321148340,40410.00,8923.00,260000.00,489.60,525
1777321148495,40320.00,8676.00,260000.00,489.60,525
1777321148524,81850.00,8700.00,260000.00,979.20,1050
1777321148551,41350.00,8760.00,260000.00,489.60,525
1777321148576,39540.00,8772.00,260000.00,489.60,525
1777321148622,40770.00,8772.00,260000.00,489.60,525
1777321148648,41030.00,8784.00,260000.00,489.60,525
1777321148673,40490.00,8828.00,260000.00,489.60,525
1777321148719,40500.00,8774.00,260000.00,489.60,525
1777321148745,41200.00,8820.00,260000.00,489.60,525
1777321148793,40880.00,8772.00,260000.00,489.60,525
1777321148819,40780.00,8772.00,260000.00,489.60,525
1777321148844,40410.00,8812.00,260000.00,489.60,525
1777321148892,40070.00,8772.00,260000.00,489.60,525
1777321148918,40760.00,8772.00,260000.00,489.60,525
1777321148944,40640.00,8772.00,260000.00,489.60,525
1777321148992,39520.00,8772.00,260000.00,489.60,525
1777321149017,39400.00,8777.00,260000.00,489.60,525
1777321149043,40670.00,8780.00,260000.00,489.60,525
1777321149090,41140.00,8772.00,260000.00,489.60,525
1777321149119,41100.00,8763.00,260000.00,489.60,525
1777321149145,39470.00,8782.00,260000.00,489.60,525
1777321149171,40860.00,8818.00,260000.00,489.60,525
1777321149218,40700.00,8772.00,260000.00,489.60,525
1777321149244,41040.00,8772.00,260000.00,489.60,525
1777321149270,40780.00,8790.00,260000.00,489.60,525
1777321149322,40170.00,8772.00,260000.00,489.60,525
1777321149348,40630.00,8765.00,260000.00,489.60,525
1777321149375,40410.00,8771.00,260000.00,489.60,525
1777321149425,40200.00,8772.00,260000.00,489.60,525
1777321149453,40510.00,8772.00,260000.00,489.60,525
1777321149480,41010.00,8766.00,260000.00,489.60,525
1777321149509,40660.00,8766.00,260000.00,489.60,525
1777321149547,40700.00,8770.00,260000.00,489.60,525
1777321149574,40240.00,8820.00,260000.00,489.60,525
1777321149601,39050.00,8781.00,260000.00,489.60,525
1777321149650,41650.00,8760.00,260000.00,489.60,525
1777321149677,39410.00,8760.00,260000.00,489.60,525
1777321149705,41040.00,8820.00,260000.00,489.60,525
1777321149737,40840.00,8820.00,260000.00,489.60,525
1777321149790,39960.00,8760.00,260000.00,489.60,525
1777321149817,40650.00,8767.00,260000.00,489.60,525
1777321149844,40410.00,8772.00,260000.00,489.60,525
1777321149868,40350.00,8809.00,260000.00,489.60,525
1777321149917,40710.00,8760.00,260000.00,489.60,525
1777321149947,41410.00,8748.00,260000.00,489.60,525
1777321149978,40530.00,8760.00,260000.00,489.60,525
1777321150006,41250.00,8760.00,260000.00,489.60,525
1777321150035,39530.00,8820.00,260000.00,489.60,525
1777321150084,40310.00,8772.00,260000.00,489.60,525
1777321150112,40510.00,8763.00,260000.00,489.60,525
1777321150141,40170.00,8764.00,260000.00,489.60,525
1777321150173,40960.00,8765.00,260000.00,489.60,525
1777321150206,41590.00,8772.00,260000.00,489.60,525
1777321150256,41010.00,8749.00,260000.00,489.60,525
1777321150331,40210.00,8652.00,260000.00,489.60,525
1777321150354,40390.00,8700.00,260000.00,489.60,525
1777321150379,40610.00,8700.00,260000.00,489.60,525
1777321150406,40440.00,8703.00,260000.00,489.60,525
1777321150453,41460.00,8672.00,260000.00,489.60,525
1777321150477,40520.00,8688.00,260000.00,489.60,525
1777321150502,41400.00,8733.00,260000.00,489.60,525
1777321150549,40320.00,8695.00,260000.00,489.60,525
1777321150574,41530.00,8694.00,260000.00,489.60,525
1777321150623,40140.00,8696.00,260000.00,489.60,525
1777321150648,41060.00,8753.00,260000.00,489.60,525
1777321150674,40720.00,8814.00,260000.00,489.60,525
1777321150721,40630.00,8760.00,260000.00,489.60,525
1777321150759,40370.00,8820.00,260000.00,489.60,525
1777321150786,41140.00,8803.00,260000.00,489.60,525
1777321150814,40540.00,8772.00,260000.00,489.60,525
1777321150840,40480.00,8808.00,260000.00,489.60,525
1777321150887,39130.00,8814.00,260000.00,489.60,525
1777321150913,41770.00,8783.00,260000.00,489.60,525
1777321150942,39980.00,8764.00,260000.00,489.60,525
1777321150991,41500.00,8760.00,260000.00,489.60,525
1777321151017,39940.00,8760.00,260000.00,489.60,525
1777321151043,40950.00,8820.00,260000.00,489.60,525
1777321151072,39830.00,8828.00,260000.00,489.60,525
1777321151119,39540.00,8772.00,260000.00,489.60,525
1777321151148,41360.00,8780.00,260000.00,489.60,525
1777321151177,41120.00,8812.00,260000.00,489.60,525
1777321151225,40910.00,8760.00,260000.00,489.60,525
1777321151252,40520.00,8804.00,260000.00,489.60,525
1777321151279,41780.00,8772.00,260000.00,489.60,525
1777321151306,39120.00,8760.00,260000.00,489.60,525
1777321151354,40330.00,8760.00,260000.00,489.60,525
1777321151379,39100.00,8772.00,260000.00,489.60,525
1777321151404,40880.00,8772.00,260000.00,489.60,525
1777321151452,41080.00,8760.00,260000.00,489.60,525
1777321151479,40490.00,8772.00,260000.00,489.60,525
1777321151505,40230.00,8760.00,260000.00,489.60,525
1777321151553,40110.00,8761.00,260000.00,489.60,525
1777321151581,41260.00,8749.00,260000.00,489.60,525
1777321151609,41890.00,8763.00,260000.00,489.60,525
1777321151636,39580.00,8762.00,260000.00,489.60,525
1777321151664,40350.00,8820.00,260000.00,489.60,525
1777321151710,41300.00,8772.00,260000.00,489.60,525
1777321151736,40920.00,8772.00,260000.00,489.60,525
1777321151781,40480.00,8760.00,260000.00,489.60,525
1777321151807,41230.00,8760.00,260000.00,489.60,525
1777321151834,40900.00,8760.00,260000.00,489.60,525
1777321151886,41910.00,8760.00,260000.00,489.60,525
1777321151913,39610.00,8772.00,260000.00,489.60,525
1777321151941,40490.00,8764.00,260000.00,489.60,525
1777321151972,39720.00,8811.00,260000.00,489.60,525
1777321152003,40360.00,8814.00,260000.00,489.60,525
1777321152033,40460.00,8812.00,260000.00,489.60,525
1777321152088,41030.00,8748.00,260000.00,489.60,525
1777321152118,39930.00,8760.00,260000.00,489.60,525
1777321152146,41190.00,8772.00,260000.00,489.60,525
1777321152174,41590.00,8772.00,260000.00,489.60,525
1777321152203,40110.00,8820.00,260000.00,489.60,525
1777321152231,39920.00,8812.00,260000.00,489.60,525
1777321152280,39790.00,8772.00,260000.00,489.60,525
1777321152308,40440.00,8820.00,260000.00,489.60,525
1777321152336,41350.00,8820.00,260000.00,489.60,525
1777321152363,40480.00,8832.00,260000.00,489.60,525
1777321152415,40980.00,8781.00,260000.00,489.60,525
1777321152444,40360.00,8772.00,260000.00,489.60,525
1777321152472,40440.00,8820.00,260000.00,489.60,525
1777321152503,40520.00,8820.00,260000.00,489.60,525
1777321152531,39980.00,8820.00,260000.00,489.60,525
1777321152560,40840.00,8815.00,260000.00,489.60,525
1777321152609,41260.00,8820.00,260000.00,489.60,525
1777321152638,41150.00,8820.00,260000.00,489.60,525
1777321152666,42250.00,8820.00,260000.00,489.60,525
1777321152696,39720.00,8797.00,260000.00,489.60,525
1777321152746,40280.00,8772.00,260000.00,489.60,525
1777321152777,40460.00,8820.00,260000.00,489.60,525
1777321152806,40570.00,8820.00,260000.00,489.60,525
1777321152835,39390.00,8799.00,260000.00,489.60,525
1777321152864,40980.00,8782.00,260000.00,489.60,525
1777321152893,39410.00,8772.00,260000.00,489.60,525
1777321152998,40930.00,8774.00,260000.00,489.60,525
1777321153021,40250.00,8700.00,260000.00,489.60,525
1777321153045,40470.00,8712.00,260000.00,489.60,525
1777321153091,39700.00,8772.00,260000.00,489.60,525
1777321153116,40240.00,8784.00,260000.00,489.60,525
1777321153141,40440.00,8760.00,260000.00,489.60,525
1777321153187,40890.00,8712.00,260000.00,489.60,525
1777321153214,41330.00,8772.00,260000.00,489.60,525
1777321153238,40440.00,8772.00,260000.00,489.60,525
1777321153284,38960.00,8760.00,260000.00,489.60,525
1777321153308,39810.00,8765.00,260000.00,489.60,525
1777321153333,40290.00,8777.00,260000.00,489.60,525
1777321153381,40980.00,8779.00,260000.00,489.60,525
1777321153407,40260.00,8836.00,260000.00,489.60,525
1777321153434,40550.00,8899.00,260000.00,489.60,525
1777321153482,41960.00,8964.00,260000.00,489.60,525
1777321153507,40500.00,8999.00,260000.00,489.60,525
1777321153552,41490.00,8880.00,260000.00,489.60,525
1777321153577,41760.00,8880.00,260000.00,489.60,525
1777321153602,40410.00,8874.00,260000.00,489.60,525
1777321153649,40930.00,8879.00,260000.00,489.60,525
1777321153675,42150.00,8875.00,260000.00,489.60,525
1777321153701,39080.00,8873.00,260000.00,489.60,525
1777321153750,40380.00,8876.00,260000.00,489.60,525
1777321153775,38890.00,8880.00,260000.00,489.60,525
1777321153801,40610.00,8901.00,260000.00,489.60,525
1777321153846,39610.00,8880.00,260000.00,489.60,525
1777321153872,39710.00,8868.00,260000.00,489.60,525
1777321153898,41220.00,8928.00,260000.00,489.60,525
1777321153945,39710.00,8868.00,260000.00,489.60,525
1777321153970,40990.00,8872.00,260000.00,489.60,525
1777321154017,40230.00,8880.00,260000.00,489.60,525
1777321154043,40940.00,8880.00,260000.00,489.60,525
1777321154069,40570.00,8873.00,260000.00,489.60,525
1777321154116,40890.00,8891.00,260000.00,489.60,525
1777321154143,40750.00,8892.00,260000.00,489.60,525
1777321154168,40950.00,8892.00,260000.00,489.60,525
1777321154194,40570.00,8892.00,260000.00,489.60,525
1777321154241,40270.00,8880.00,260000.00,489.60,525
1777321154266,40760.00,8914.00,260000.00,489.60,525
1777321154313,40310.00,8891.00,260000.00,489.60,525
1777321154339,40850.00,8891.00,260000.00,489.60,525
1777321154365,41420.00,8832.00,260000.00,489.60,525
1777321154413,39530.00,8868.00,260000.00,489.60,525
1777321154440,40740.00,8868.00,260000.00,489.60,525
1777321154467,40470.00,8880.00,260000.00,489.60,525
1777321154515,40330.00,8880.00,260000.00,489.60,525
1777321154542,40310.00,8881.00,260000.00,489.60,525
1777321154567,40300.00,8880.00,260000.00,489.60,525
1777321154617,40650.00,8844.00,260000.00,489.60,525
1777321154645,40930.00,8880.00,260000.00,489.60,525
1777321154671,41540.00,8880.00,260000.00,489.60,525
1777321154697,40540.00,8872.00,260000.00,489.60,525
1777321154746,40600.00,8838.00,260000.00,489.60,525
1777321154773,41080.00,8880.00,260000.00,489.60,525
1777321154800,40190.00,8884.00,260000.00,489.60,525
1777321154827,40530.00,8882.00,260000.00,489.60,525
1777321154876,41100.00,8874.00,260000.00,489.60,525
1777321154904,39930.00,8880.00,260000.00,489.60,525
1777321154931,41110.00,8892.00,260000.00,489.60,525
1777321154979,41430.00,8891.00,260000.00,489.60,525
1777321155006,40150.00,8880.00,260000.00,489.60,525
1777321155032,40160.00,8880.00,260000.00,489.60,525
1777321155057,41280.00,8880.00,260000.00,489.60,525
1777321155104,41290.00,8889.00,260000.00,489.60,525
1777321155129,41240.00,8880.00,260000.00,489.60,525
1777321155176,40700.00,8880.00,260000.00,489.60,525
1777321155202,40170.00,8880.00,260000.00,489.60,525
1777321155229,39770.00,8940.00,260000.00,489.60,525
1777321155280,39900.00,8892.00,260000.00,489.60,525
1777321155307,40150.00,8952.00,260000.00,489.60,525
1777321155333,41030.00,9002.00,260000.00,489.60,525
1777321155360,40300.00,8993.00,260000.00,489.60,525
1777321155410,40210.00,8940.00,260000.00,489.60,525
1777321155508,40790.00,8820.00,260000.00,489.60,525
1777321155533,41310.00,8825.00,260000.00,489.60,525
1777321155557,39940.00,8825.00,260000.00,489.60,525
1777321155582,40620.00,8824.00,260000.00,489.60,525
1777321155627,40120.00,8868.00,260000.00,489.60,525
1777321155651,41070.00,8872.00,260000.00,489.60,525
1777321155696,41010.00,8832.00,260000.00,489.60,525
1777321155720,40950.00,8880.00,260000.00,489.60,525
1777321155744,40850.00,8876.00,260000.00,489.60,525
1777321155790,40430.00,8879.00,260000.00,489.60,525
1777321155814,38590.00,8880.00,260000.00,489.60,525
1777321155860,41160.00,8832.00,260000.00,489.60,525
1777321155884,40110.00,8890.00,260000.00,489.60,525
1777321155908,40610.00,8892.00,260000.00,489.60,525
1777321155953,39760.00,8820.00,260000.00,489.60,525
1777321155978,38930.00,8873.00,260000.00,489.60,525
1777321156023,41270.00,8845.00,260000.00,489.60,525
1777321156048,41590.00,8861.00,260000.00,489.60,525
1777321156094,39430.00,8832.00,260000.00,489.60,525
1777321156119,40100.00,8880.00,260000.00,489.60,525
1777321156144,39000.00,8871.00,260000.00,489.60,525
1777321156190,41680.00,8820.00,260000.00,489.60,525
1777321156215,41450.00,8880.00,260000.00,489.60,525
1777321156262,41610.00,8820.00,260000.00,489.60,525
1777321156287,40740.00,8841.00,260000.00,489.60,525
1777321156315,39910.00,8861.00,260000.00,489.60,525
1777321156365,40200.00,8825.00,260000.00,489.60,525
1777321156393,40760.00,8820.00,260000.00,489.60,525
1777321156418,39540.00,8832.00,260000.00,489.60,525
1777321156443,40880.00,8880.00,260000.00,489.60,525
1777321156490,41650.00,8820.00,260000.00,489.60,525
1777321156515,40680.00,8840.00,260000.00,489.60,525
1777321156542,40310.00,8892.00,260000.00,489.60,525
1777321156589,40360.00,8855.00,260000.00,489.60,525
1777321156615,39990.00,8860.00,260000.00,489.60,525
1777321156642,40130.00,8872.00,260000.00,489.60,525
1777321156690,41500.00,8831.00,260000.00,489.60,525
1777321156715,42330.00,8878.00,260000.00,489.60,525
1777321156742,41320.00,8874.00,260000.00,489.60,525
1777321156791,42220.00,8847.00,260000.00,489.60,525
1777321156817,39100.00,8813.00,260000.00,489.60,525
1777321156842,40350.00,8828.00,260000.00,489.60,525
1777321156889,40200.00,8868.00,260000.00,489.60,525
1777321156916,40560.00,8873.00,260000.00,489.60,525
1777321156943,40190.00,8882.00,260000.00,489.60,525
1777321156992,39790.00,8832.00,260000.00,489.60,525
1777321157018,41030.00,8832.00,260000.00,489.60,525
1777321157045,39420.00,8880.00,260000.00,489.60,525
1777321157073,40720.00,8886.00,260000.00,489.60,525
1777321157122,41220.00,8880.00,260000.00,489.60,525
1777321157148,41130.00,8880.00,260000.00,489.60,525
1777321157177,41540.00,8873.00,260000.00,489.60,525
1777321157208,40690.00,8868.00,260000.00,489.60,525
1777321157257,40070.00,8832.00,260000.00,489.60,525
1777321157285,39810.00,8880.00,260000.00,489.60,525
1777321157313,39360.00,8880.00,260000.00,489.60,525
1777321157341,40470.00,8875.00,260000.00,489.60,525
1777321157390,38740.00,8880.00,260000.00,489.60,525
1777321157418,39530.00,8880.00,260000.00,489.60,525
1777321157447,40340.00,8880.00,260000.00,489.60,525
1777321157474,40430.00,8868.00,260000.00,489.60,525
1777321157503,40030.00,8880.00,260000.00,489.60,525
1777321157552,40410.00,8832.00,260000.00,489.60,525
1777321157580,40430.00,8832.00,260000.00,489.60,525
1777321157609,40540.00,8871.00,260000.00,489.60,525
1777321157637,40610.00,8870.00,260000.00,489.60,525
1777321157687,40100.00,8845.00,260000.00,489.60,525
1777321157763,40650.00,8820.00,260000.00,489.60,525
1777321157786,40460.00,8760.00,260000.00,489.60,525
1777321157809,39720.00,8795.00,260000.00,489.60,525
1777321157854,40400.00,8767.00,260000.00,489.60,525
1777321157878,39420.00,8764.00,260000.00,489.60,525
1777321157924,41090.00,8760.00,260000.00,489.60,525
1777321157949,40960.00,8820.00,260000.00,489.60,525
1777321157973,40650.00,8868.00,260000.00,489.60,525
1777321158019,41000.00,8878.00,260000.00,489.60,525
1777321158044,40600.00,8873.00,260000.00,489.60,525
1777321158069,39520.00,8884.00,260000.00,489.60,525
1777321158115,39360.00,8880.00,260000.00,489.60,525
1777321158140,41690.00,8880.00,260000.00,489.60,525
1777321158185,41820.00,8880.00,260000.00,489.60,525
1777321158211,40600.00,8872.00,260000.00,489.60,525
1777321158237,40970.00,8880.00,260000.00,489.60,525
1777321158282,40600.00,8892.00,260000.00,489.60,525
1777321158308,39980.00,8892.00,260000.00,489.60,525
1777321158333,40900.00,8886.00,260000.00,489.60,525
1777321158379,40630.00,8884.00,260000.00,489.60,525
1777321158405,40710.00,8892.00,260000.00,489.60,525
1777321158451,40230.00,8832.00,260000.00,489.60,525
1777321158476,40110.00,8880.00,260000.00,489.60,525
1777321158501,39900.00,8872.00,260000.00,489.60,525
1777321158547,40770.00,8880.00,260000.00,489.60,525
1777321158573,39780.00,8880.00,260000.00,489.60,525
1777321158598,39750.00,8845.00,260000.00,489.60,525
1777321158645,40730.00,8889.00,260000.00,489.60,525
1777321158674,39800.00,8879.00,260000.00,489.60,525
1777321158699,40270.00,8874.00,260000.00,489.60,525
1777321158745,40160.00,8880.00,260000.00,489.60,525
1777321158770,40800.00,8869.00,260000.00,489.60,525
1777321158816,40770.00,8892.00,260000.00,489.60,525
1777321158842,39130.00,8892.00,260000.00,489.60,525
1777321158867,41080.00,8883.00,260000.00,489.60,525
1777321158913,41880.00,8844.00,260000.00,489.60,525
1777321158939,40900.00,8892.00,260000.00,489.60,525
1777321158965,41130.00,8892.00,260000.00,489.60,525
1777321159011,40280.00,8880.00,260000.00,489.60,525
1777321159037,40170.00,8880.00,260000.00,489.60,525
1777321159063,40700.00,8892.00,260000.00,489.60,525
1777321159109,40220.00,8880.00,260000.00,489.60,525
1777321159135,40100.00,8870.00,260000.00,489.60,525
1777321159161,39820.00,8871.00,260000.00,489.60,525
1777321159208,40420.00,8832.00,260000.00,489.60,525
1777321159234,41430.00,8880.00,260000.00,489.60,525
1777321159281,40000.00,8832.00,260000.00,489.60,525
1777321159304,40480.00,8892.00,260000.00,489.60,525
1777321159328,39570.00,8884.00,260000.00,489.60,525
1777321159377,40840.00,8892.00,260000.00,489.60,525
1777321159405,40010.00,8885.00,260000.00,489.60,525
1777321159432,40680.00,8888.00,260000.00,489.60,525
1777321159460,40580.00,8894.00,260000.00,489.60,525
1777321159513,39200.00,8887.00,260000.00,489.60,525
1777321159540,40560.00,8880.00,260000.00,489.60,525
1777321159567,40290.00,8868.00,260000.00,489.60,525
1777321159595,41560.00,8868.00,260000.00,489.60,525
1777321159645,40370.00,8877.00,260000.00,489.60,525
1777321159671,41060.00,8880.00,260000.00,489.60,525
1777321159698,40050.00,8887.00,260000.00,489.60,525
1777321159746,40230.00,8880.00,260000.00,489.60,525
1777321159773,40460.00,8880.00,260000.00,489.60,525
1777321159854,40210.00,8766.00,260000.00,489.60,525
1777321159876,39950.00,8810.00,260000.00,489.60,525
1777321159899,39910.00,8820.00,260000.00,489.60,525
1777321159945,40100.00,8748.00,260000.00,489.60,525
1777321159970,40550.00,8812.00,260000.00,489.60,525
1777321160015,41300.00,8794.00,260000.00,489.60,525
1777321160040,41060.00,8755.00,260000.00,489.60,525
1777321160065,40950.00,8817.00,260000.00,489.60,525
1777321160113,41290.00,8772.00,260000.00,489.60,525
1777321160138,40540.00,8772.00,260000.00,489.60,525
1777321160163,40420.00,8820.00,260000.00,489.60,525
1777321160210,41340.00,8763.00,260000.00,489.60,525
1777321160236,42460.00,8787.00,260000.00,489.60,525
1777321160284,39420.00,8820.00,260000.00,489.60,525
1777321160309,40240.00,8811.00,260000.00,489.60,525
1777321160334,39580.00,8811.00,260000.00,489.60,525
1777321160380,40130.00,8772.00,260000.00,489.60,525
1777321160406,40390.00,8820.00,260000.00,489.60,525
1777321160432,41820.00,8832.00,260000.00,489.60,525
1777321160478,41010.00,8889.00,260000.00,489.60,525
1777321160503,39600.00,8942.00,260000.00,489.60,525
1777321160529,40580.00,8986.00,260000.00,489.60,525
1777321160576,39840.00,8892.00,260000.00,489.60,525
1777321160602,40800.00,8889.00,260000.00,489.60,525
1777321160649,40070.00,8892.00,260000.00,489.60,525
1777321160675,40450.00,8892.00,260000.00,489.60,525
1777321160701,40070.00,8940.00,260000.00,489.60,525
1777321160748,39450.00,8880.00,260000.00,489.60,525
1777321160775,40650.00,8880.00,260000.00,489.60,525
1777321160800,40850.00,8880.00,260000.00,489.60,525
1777321160847,40080.00,8880.00,260000.00,489.60,525
1777321160873,40240.00,8880.00,260000.00,489.60,525
1777321160899,39980.00,8871.00,260000.00,489.60,525
1777321160947,40910.00,8880.00,260000.00,489.60,525
1777321160973,40190.00,8892.00,260000.00,489.60,525
1777321161000,40450.00,8872.00,260000.00,489.60,525
1777321161026,40630.00,8931.00,260000.00,489.60,525
1777321161077,40730.00,8880.00,260000.00,489.60,525
1777321161104,39840.00,8880.00,260000.00,489.60,525
1777321161129,41090.00,8880.00,260000.00,489.60,525
1777321161155,41050.00,8908.00,260000.00,489.60,525
1777321161202,39860.00,8868.00,260000.00,489.60,525
1777321161228,41050.00,8874.00,260000.00,489.60,525
1777321161255,39300.00,8934.00,260000.00,489.60,525
1777321161301,39920.00,8880.00,260000.00,489.60,525
1777321161327,40070.00,8822.00,260000.00,489.60,525
1777321161374,41100.00,8913.00,260000.00,489.60,525
1777321161403,40760.00,8880.00,260000.00,489.60,525
1777321161429,40550.00,8880.00,260000.00,489.60,525
1777321161457,40620.00,8892.00,260000.00,489.60,525
1777321161505,39100.00,8880.00,260000.00,489.60,525
1777321161532,40870.00,8880.00,260000.00,489.60,525
1777321161559,39940.00,8880.00,260000.00,489.60,525
1777321161585,41730.00,8930.00,260000.00,489.60,525
1777321161636,40940.00,8892.00,260000.00,489.60,525
1777321161663,40470.00,8892.00,260000.00,489.60,525
1777321161691,40370.00,8932.00,260000.00,489.60,525
1777321161718,39570.00,8932.00,260000.00,489.60,525
1777321161767,40550.00,8879.00,260000.00,489.60,525
1777321161795,41350.00,8937.00,260000.00,489.60,525
1777321161824,40740.00,8908.00,260000.00,489.60,525
1777321161852,41010.00,8937.00,260000.00,489.60,525
1777321161901,40330.00,8895.00,260000.00,489.60,525
1777321161928,39610.00,8892.00,260000.00,489.60,525
1777321161957,42050.00,8885.00,260000.00,489.60,525
1777321161984,41140.00,8932.00,260000.00,489.60,525
1777321162033,40400.00,8880.00,260000.00,489.60,525
1777321162062,39720.00,8892.00,260000.00,489.60,525
1777321162090,41990.00,8880.00,260000.00,489.60,525
1777321162119,40880.00,8927.00,260000.00,489.60,525
1777321162170,40290.00,8892.00,260000.00,489.60,525
1777321162200,40900.00,8891.00,260000.00,489.60,525
1777321162228,40250.00,8892.00,260000.00,489.60,525
1777321162255,40140.00,8940.00,260000.00,489.60,525
1777321162284,40690.00,8937.00,260000.00,489.60,525
1777321162335,39880.00,8892.00,260000.00,489.60,525
1777321162364,40790.00,8892.00,260000.00,489.60,525
1777321162392,40300.00,8928.00,260000.00,489.60,525
1777321162420,41230.00,8928.00,260000.00,489.60,525
1777321162470,40040.00,8892.00,260000.00,489.60,525
1777321162497,40430.00,8880.00,260000.00,489.60,525
1777321162525,40890.00,8880.00,260000.00,489.60,525
1777321162551,40660.00,8930.00,260000.00,489.60,525
1777321162601,39970.00,8892.00,260000.00,489.60,525
1777321162677,81300.00,8820.00,260000.00,979.20,1050
1777321162721,41080.00,8880.00,260000.00,489.60,525
1777321162746,40130.00,8940.00,260000.00,489.60,525
1777321162770,39990.00,8940.00,260000.00,489.60,525
1777321162815,41980.00,8912.00,260000.00,489.60,525
1777321162840,40940.00,8940.00,260000.00,489.60,525
1777321162885,40600.00,8917.00,260000.00,489.60,525
1777321162909,40480.00,8933.00,260000.00,489.60,525
1777321162954,39610.00,8932.00,260000.00,489.60,525
1777321162979,40900.00,8947.00,260000.00,489.60,525
1777321163004,40550.00,8892.00,260000.00,489.60,525
1777321163055,40640.00,8868.00,260000.00,489.60,525
1777321163080,39910.00,8868.00,260000.00,489.60,525
1777321163104,41280.00,8928.00,260000.00,489.60,525
1777321163150,39850.00,8897.00,260000.00,489.60,525
1777321163175,40050.00,8933.00,260000.00,489.60,525
1777321163222,41000.00,8893.00,260000.00,489.60,525
1777321163246,40440.00,8884.00,260000.00,489.60,525
1777321163271,41070.00,8934.00,260000.00,489.60,525
1777321163316,40450.00,8897.00,260000.00,489.60,525
1777321163341,40720.00,8913.00,260000.00,489.60,525
1777321163388,40360.00,8898.00,260000.00,489.60,525
1777321163413,40730.00,8886.00,260000.00,489.60,525
1777321163438,41710.00,8928.00,260000.00,489.60,525
1777321163485,39630.00,8899.00,260000.00,489.60,525
1777321163510,40420.00,8896.00,260000.00,489.60,525
1777321163535,39960.00,8932.00,260000.00,489.60,525
1777321163581,40090.00,8940.00,260000.00,489.60,525
1777321163606,40870.00,8952.00,260000.00,489.60,525
1777321163631,40250.00,8944.00,260000.00,489.60,525
1777321163677,39930.00,8941.00,260000.00,489.60,525
1777321163702,40420.00,8940.00,260000.00,489.60,525
1777321163748,40220.00,8940.00,260000.00,489.60,525
1777321163775,40650.00,8928.00,260000.00,489.60,525
1777321163801,40580.00,8928.00,260000.00,489.60,525
1777321163850,39420.00,8925.00,260000.00,489.60,525
1777321163877,42060.00,8874.00,260000.00,489.60,525
1777321163903,40660.00,8940.00,260000.00,489.60,525
1777321163929,39690.00,8940.00,260000.00,489.60,525
1777321163976,40230.00,8896.00,260000.00,489.60,525
1777321164003,41060.00,8940.00,260000.00,489.60,525
1777321164029,40760.00,8933.00,260000.00,489.60,525
1777321164077,39680.00,8892.00,260000.00,489.60,525
1777321164104,40000.00,8952.00,260000.00,489.60,525
1777321164131,39520.00,8952.00,260000.00,489.60,525
1777321164179,40710.00,8892.00,260000.00,489.60,525
1777321164203,40530.00,8940.00,260000.00,489.60,525
1777321164229,40800.00,8928.00,260000.00,489.60,525
1777321164277,40550.00,8940.00,260000.00,489.60,525
1777321164302,38970.00,8940.00,260000.00,489.60,525
1777321164328,39780.00,8929.00,260000.00,489.60,525
1777321164376,40440.00,8928.00,260000.00,489.60,525
1777321164404,40300.00,8937.00,260000.00,489.60,525
1777321164431,40650.00,8934.00,260000.00,489.60,525
1777321164459,41450.00,8940.00,260000.00,489.60,525
1777321164509,40680.00,8937.00,260000.00,489.60,525
1777321164536,40210.00,8931.00,260000.00,489.60,525
1777321164563,40240.00,8952.00,260000.00,489.60,525
1777321164590,39770.00,8952.00,260000.00,489.60,525
1777321164639,39900.00,8952.00,260000.00,489.60,525
1777321164668,40750.00,8940.00,260000.00,489.60,525
1777321164695,40800.00,8940.00,260000.00,489.60,525
1777321164722,41260.00,8940.00,260000.00,489.60,525
1777321164771,40300.00,8940.00,260000.00,489.60,525
1777321164798,39740.00,8952.00,260000.00,489.60,525
1777321164826,41680.00,9012.00,260000.00,489.60,525
1777321164875,39700.00,9012.00,260000.00,489.60,525
1777321164902,39060.00,9000.00,260000.00,489.60,525
1777321164929,39810.00,9005.00,260000.00,489.60,525
1777321164955,41580.00,9002.00,260000.00,489.60,525
1777321165358,41350.00,8316.00,260000.00,489.60,525
1777321165382,80330.00,8376.00,260000.00,979.20,1050
1777321165406,40540.00,8424.00,260000.00,489.60,525
1777321165450,8920.00,8427.00,260000.00,339.30,0
1777321165474,40070.00,8445.00,260000.00,489.60,525
1777321165519,8800.00,8388.00,260000.00,339.30,0
1777321165542,9160.00,8373.00,260000.00,339.30,0
1777321165587,8960.00,8388.00,260000.00,339.30,0
1777321165611,9000.00,8385.00,260000.00,339.30,0
1777321165635,40150.00,8433.00,260000.00,527.32,525
1777321165681,40160.00,8414.00,260000.00,518.58,525
1777321165706,9000.00,8374.00,260000.00,339.30,0
1777321165751,9230.00,8433.00,260000.00,339.30,0
1777321165775,8870.00,8436.00,260000.00,339.30,0
1777321165820,40660.00,8376.00,260000.00,523.64,525
1777321165844,9040.00,8412.00,260000.00,339.30,0
1777321165869,8990.00,8433.00,260000.00,339.30,0
1777321165914,8930.00,8385.00,260000.00,339.30,0
1777321165939,9040.00,8433.00,260000.00,339.30,0
1777321165984,9020.00,8408.00,260000.00,339.30,0
1777321166009,40520.00,8388.00,260000.00,509.84,525
1777321166034,39670.00,8384.00,260000.00,524.10,525
1777321166080,41740.00,8436.00,260000.00,513.98,525
1777321166105,41120.00,8436.00,260000.00,518.58,525
1777321166151,40170.00,8388.00,260000.00,519.50,525
1777321166176,40930.00,8388.00,260000.00,512.14,525
1777321166201,41530.00,8448.00,260000.00,519.04,525
1777321166246,41350.00,8388.00,260000.00,513.98,525
1777321166271,39480.00,8388.00,260000.00,524.56,525
1777321166296,39300.00,8436.00,260000.00,579.30,525
1777321166342,40380.00,8376.00,260000.00,551.24,525
1777321166367,40370.00,8399.00,260000.00,513.52,525
1777321166413,40940.00,8376.00,260000.00,519.04,525
1777321166439,40610.00,8378.00,260000.00,521.34,525
1777321166465,39520.00,8426.00,260000.00,521.80,525
1777321166512,39960.00,8421.00,260000.00,519.04,525
1777321166538,39820.00,8426.00,260000.00,518.58,525
1777321166564,40880.00,8436.00,260000.00,520.88,525
1777321166613,40930.00,8388.00,260000.00,521.80,525
1777321166640,41220.00,8419.00,260000.00,521.80,525
1777321166666,39740.00,8416.00,260000.00,523.18,525
1777321166715,39980.00,8388.00,260000.00,523.64,525
1777321166742,41350.00,8436.00,260000.00,520.88,525
1777321166769,41990.00,8411.00,260000.00,515.36,525
1777321166796,41250.00,8416.00,260000.00,511.68,525
1777321166844,40530.00,8355.00,260000.00,519.96,525
1777321166870,40340.00,8358.00,260000.00,515.36,525
1777321166898,40560.00,8436.00,260000.00,513.98,525
1777321166946,40360.00,8388.00,260000.00,522.26,525
1777321166973,41750.00,8388.00,260000.00,513.06,525
1777321167000,40870.00,8379.00,260000.00,523.18,525
1777321167026,41160.00,8413.00,260000.00,517.66,525
1777321167075,40390.00,8388.00,260000.00,516.74,525
1777321167104,40830.00,8401.00,260000.00,516.74,525
1777321167131,40520.00,8400.00,260000.00,520.88,525
1777321167158,41030.00,8448.00,260000.00,519.50,525
1777321167205,41110.00,8436.00,260000.00,517.66,525
1777321167232,40920.00,8412.00,260000.00,515.36,525
1777321167261,40350.00,8418.00,260000.00,517.20,525
1777321167310,40670.00,8388.00,260000.00,514.90,525
1777321167339,39710.00,8436.00,260000.00,521.80,525
1777321167367,39950.00,8436.00,260000.00,520.42,525
1777321167395,40600.00,8448.00,260000.00,579.30,525
1777321167444,41420.00,8326.00,260000.00,579.30,525
1777321167473,41450.00,8385.00,260000.00,519.04,525
1777321167503,40190.00,8411.00,260000.00,517.66,525
1777321167531,39930.00,8416.00,260000.00,521.80,525
1777321167566,40270.00,8362.00,260000.00,519.96,525
1777321167595,41020.00,8436.00,260000.00,549.86,525
1777321167624,40120.00,8493.00,260000.00,521.80,525
1777321167676,41000.00,8496.00,260000.00,517.66,525
1777321167706,39730.00,8436.00,260000.00,521.80,525
1777321167792,41150.00,8436.00,260000.00,515.36,525
1777321167814,40950.00,8376.00,260000.00,514.44,525
1777321167837,41350.00,8388.00,260000.00,516.74,525
1777321167881,41230.00,8388.00,260000.00,520.42,525
1777321167904,40920.00,8363.00,260000.00,514.90,525
1777321167949,40930.00,8364.00,260000.00,546.64,525
1777321167973,40860.00,8352.00,260000.00,543.42,525
1777321167997,41170.00,8401.00,260000.00,516.74,525
1777321168040,41550.00,8388.00,260000.00,517.20,525
1777321168063,39090.00,8388.00,260000.00,526.86,525
1777321168109,41710.00,8351.00,260000.00,512.14,525
1777321168135,39730.00,8357.00,260000.00,525.94,525
1777321168181,40170.00,8328.00,260000.00,519.04,525
1777321168204,40250.00,8385.00,260000.00,517.66,525
1777321168229,41170.00,8363.00,260000.00,519.50,525
1777321168274,40590.00,8363.00,260000.00,519.04,525
1777321168300,39530.00,8351.00,260000.00,524.56,525
1777321168346,39780.00,8361.00,260000.00,521.34,525
1777321168370,40300.00,8365.00,260000.00,523.18,525
1777321168416,39710.00,8376.00,260000.00,521.34,525
1777321168442,40570.00,8388.00,260000.00,516.28,525
1777321168468,40750.00,8369.00,260000.00,518.12,525
1777321168514,40480.00,8376.00,260000.00,515.82,525
1777321168539,39880.00,8374.00,260000.00,522.26,525
1777321168564,41200.00,8350.00,260000.00,515.82,525
1777321168609,40760.00,8376.00,260000.00,514.90,525
1777321168637,40750.00,8363.00,260000.00,519.04,525
1777321168682,40470.00,8370.00,260000.00,520.42,525
1777321168707,40170.00,8388.00,260000.00,528.70,525
1777321168732,41090.00,8388.00,260000.00,518.58,525
1777321168777,41240.00,8376.00,260000.00,514.90,525
1777321168802,40100.00,8388.00,260000.00,579.30,525
1777321168828,39940.00,8350.00,260000.00,579.30,525
1777321168875,40690.00,8388.00,260000.00,579.30,525
1777321168900,39730.00,8376.00,260000.00,579.30,525
1777321168947,39920.00,8328.00,260000.00,579.30,525
1777321168973,40680.00,8325.00,260000.00,579.30,525
1777321168998,41280.00,8331.00,260000.00,579.30,525
1777321169045,41770.00,8328.00,260000.00,579.30,525
1777321169071,40000.00,8376.00,260000.00,579.30,525
1777321169097,41360.00,8325.00,260000.00,579.30,525
1777321169145,41270.00,8316.00,260000.00,579.30,525
1777321169171,39950.00,8376.00,260000.00,550.78,525
1777321169197,39820.00,8376.00,260000.00,552.16,525
1777321169244,41030.00,8328.00,260000.00,555.38,525
1777321169280,40050.00,8376.00,260000.00,519.04,525
1777321169306,40520.00,8353.00,260000.00,522.26,525
1777321169332,39790.00,8351.00,260000.00,514.90,525
1777321169382,41000.00,8372.00,260000.00,516.74,525
1777321169407,40140.00,8388.00,260000.00,519.50,525
1777321169434,40250.00,8388.00,260000.00,522.72,525
1777321169463,41250.00,8372.00,260000.00,520.88,525
1777321169511,39920.00,8378.00,260000.00,521.80,525
1777321169538,39430.00,8384.00,260000.00,517.20,525
1777321169564,41030.00,8376.00,260000.00,521.34,525
1777321169612,41090.00,8328.00,260000.00,517.20,525
1777321169639,41550.00,8356.00,260000.00,521.34,525
1777321169665,39010.00,8355.00,260000.00,515.36,525
1777321169714,40630.00,8316.00,260000.00,520.42,525
1777321169743,40280.00,8328.00,260000.00,516.28,525
1777321169770,39890.00,8376.00,260000.00,514.44,525
1777321169797,40720.00,8376.00,260000.00,514.90,525
1777321169910,40290.00,8213.00,260000.00,523.64,525
1777321169934,39720.00,8245.00,260000.00,489.60,525
1777321169960,39930.00,8268.00,260000.00,489.60,525
1777321169987,40370.00,8280.00,260000.00,489.60,525
1777321170035,40820.00,8340.00,260000.00,489.60,525
1777321170060,39040.00,8392.00,260000.00,489.60,525
1777321170086,41040.00,8453.00,260000.00,489.60,525
1777321170133,40720.00,8520.00,260000.00,489.60,525
1777321170159,40260.00,8580.00,260000.00,489.60,525
1777321170185,40110.00,8640.00,260000.00,489.60,525
1777321170232,41220.00,8700.00,260000.00,489.60,525
1777321170258,40510.00,8760.00,260000.00,489.60,525
1777321170285,40490.00,8820.00,260000.00,489.60,525
1777321170330,39860.00,8880.00,260000.00,489.60,525
1777321170354,39720.00,8940.00,260000.00,489.60,525
1777321170378,40790.00,8929.00,260000.00,534.22,525
1777321170422,39320.00,8892.00,260000.00,520.42,525
1777321170445,41100.00,8832.00,260000.00,516.74,525
1777321170491,39830.00,8811.00,260000.00,525.02,525
1777321170514,39690.00,8864.00,260000.00,523.64,525
1777321170557,41060.00,8800.00,260000.00,514.90,525
1777321170581,39660.00,8860.00,260000.00,524.56,525
1777321170625,40070.00,8807.00,260000.00,519.50,525
1777321170648,40830.00,8820.00,260000.00,517.20,525
1777321170697,40050.00,8880.00,260000.00,525.94,525
1777321170721,40410.00,8856.00,260000.00,519.96,525
1777321170744,40580.00,8883.00,260000.00,516.28,525
1777321170790,41060.00,8820.00,260000.00,519.96,525
1777321170815,41020.00,8880.00,260000.00,515.36,525
1777321170861,40880.00,8823.00,260000.00,519.50,525
1777321170887,40690.00,8823.00,260000.00,518.12,525
1777321170934,41480.00,8823.00,260000.00,517.20,525
1777321170960,40910.00,8823.00,260000.00,520.42,525
1777321170987,39920.00,8880.00,260000.00,520.42,525
1777321171013,39750.00,8863.00,260000.00,520.42,525
1777321171062,40720.00,8831.00,260000.00,521.80,525
1777321171090,41040.00,8846.00,260000.00,512.14,525
1777321171117,40040.00,8820.00,260000.00,522.26,525
1777321171145,40250.00,8880.00,260000.00,522.72,525
1777321171173,41370.00,8821.00,260000.00,521.34,525
1777321171223,40530.00,8794.00,260000.00,519.50,525
1777321171251,40070.00,8865.00,260000.00,521.80,525
1777321171279,41190.00,8873.00,260000.00,515.82,525
1777321171307,40320.00,8825.00,260000.00,521.34,525
1777321171356,40960.00,8858.00,260000.00,522.26,525
1777321171384,40070.00,8842.00,260000.00,524.56,525
1777321171412,41290.00,8859.00,260000.00,514.44,525
1777321171440,40820.00,8863.00,260000.00,520.88,525
1777321171489,40270.00,8820.00,260000.00,519.96,525
1777321171517,40130.00,8880.00,260000.00,520.88,525
1777321171545,41010.00,8858.00,260000.00,513.06,525
1777321171572,41090.00,8838.00,260000.00,519.96,525
1777321171622,39790.00,8869.00,260000.00,520.88,525
1777321171651,41130.00,8846.00,260000.00,518.12,525
1777321171679,41170.00,8846.00,260000.00,517.20,525
1777321171707,40250.00,8858.00,260000.00,522.72,525
1777321171758,41650.00,8845.00,260000.00,514.44,525
1777321171787,39850.00,8865.00,260000.00,517.66,525
1777321171818,40940.00,8864.00,260000.00,517.20,525
1777321171846,42590.00,8901.00,260000.00,510.30,525
1777321171874,41540.00,8876.00,260000.00,517.66,525
1777321171904,41840.00,8856.00,260000.00,514.90,525
1777321171955,39640.00,8880.00,260000.00,526.86,525
1777321171983,41380.00,8866.00,260000.00,515.82,525
1777321172012,39450.00,8833.00,260000.00,524.56,525
1777321172040,39990.00,8822.00,260000.00,521.34,525
1777321172069,40140.00,8859.00,260000.00,516.28,525
1777321172120,42330.00,8820.00,260000.00,513.52,525
1777321172150,41050.00,8820.00,260000.00,516.74,525
1777321172178,40620.00,8802.00,260000.00,518.12,525
1777321172211,39960.00,8855.00,260000.00,523.64,525
1777321172239,40130.00,8880.00,260000.00,524.10,525
1777321172269,41150.00,8880.00,260000.00,515.82,525
1777321172320,39800.00,8868.00,260000.00,521.34,525
1777321172350,40980.00,8880.00,260000.00,517.66,525
1777321172378,40440.00,8825.00,260000.00,520.42,525
1777321172407,40780.00,8880.00,260000.00,516.28,525
1777321172437,40110.00,8931.00,260000.00,527.32,525
1777321172488,40270.00,8844.00,260000.00,520.88,525
1777321172518,41100.00,8844.00,260000.00,515.82,525
1777321172547,39840.00,8826.00,260000.00,524.10,525
1777321172577,40030.00,8832.00,260000.00,524.10,525
1777321172606,41200.00,8847.00,260000.00,516.28,525
1777321172636,40360.00,8846.00,260000.00,516.74,525
1777321172687,40440.00,8864.00,260000.00,520.88,525
1777321172716,40520.00,8869.00,260000.00,519.04,525
1777321172748,40470.00,8880.00,260000.00,518.58,525
1777321172778,39030.00,8940.00,260000.00,527.32,525
1777321172809,40270.00,8940.00,260000.00,518.58,525
1777321172837,40260.00,8940.00,260000.00,519.50,525
1777321172867,42230.00,8952.00,260000.00,511.22,525
1777321172897,40860.00,8944.00,260000.00,520.42,525
1777321172995,40830.00,8842.00,260000.00,520.88,525
1777321173017,40700.00,8820.00,260000.00,516.28,525
1777321173122,40570.00,8721.00,260000.00,514.90,525
1777321173146,41290.00,8719.00,260000.00,518.58,525
1777321173191,39260.00,8700.00,260000.00,528.24,525
1777321173215,39990.00,8733.00,260000.00,518.12,525
1777321173240,41170.00,8784.00,260000.00,514.90,525
1777321173285,40160.00,8713.00,260000.00,512.60,525
1777321173309,42280.00,8705.00,260000.00,510.76,525
1777321173355,40660.00,8708.00,260000.00,519.04,525
1777321173379,39850.00,8708.00,260000.00,517.66,525
1777321173404,40710.00,8741.00,260000.00,515.36,525
1777321173449,41090.00,8724.00,260000.00,514.44,525
1777321173474,40170.00,8714.00,260000.00,522.26,525
1777321173519,40010.00,8746.00,260000.00,525.94,525
1777321173544,41170.00,8744.00,260000.00,516.28,525
1777321173590,40370.00,8700.00,260000.00,521.80,525
1777321173615,40150.00,8734.00,260000.00,526.40,525
1777321173641,41000.00,8725.00,260000.00,519.50,525
1777321173687,38930.00,8747.00,260000.00,523.18,525
1777321173711,40780.00,8732.00,260000.00,520.42,525
1777321173736,38600.00,8733.00,260000.00,526.40,525
1777321173782,39910.00,8754.00,260000.00,516.74,525
1777321173807,40240.00,8702.00,260000.00,519.04,525
1777321173854,41640.00,8735.00,260000.00,518.12,525
1777321173879,40330.00,8735.00,260000.00,526.86,525
1777321173904,40690.00,8731.00,260000.00,519.96,525
1777321173950,41000.00,8744.00,260000.00,520.88,525
1777321173976,42330.00,8779.00,260000.00,511.68,525
1777321174021,39590.00,8700.00,260000.00,519.50,525
1777321174046,41330.00,8735.00,260000.00,514.90,525
1777321174071,39710.00,8742.00,260000.00,517.66,525
1777321174118,39590.00,8751.00,260000.00,529.62,525
1777321174144,39970.00,8760.00,260000.00,518.12,525
1777321174170,40170.00,8738.00,260000.00,514.90,525
1777321174216,40720.00,8700.00,260000.00,517.20,525
1777321174243,39500.00,8760.00,260000.00,523.18,525
1777321174269,41190.00,8760.00,260000.00,513.52,525
1777321174316,39550.00,8726.00,260000.00,519.50,525
1777321174343,41590.00,8723.00,260000.00,510.30,525
1777321174369,38920.00,8741.00,260000.00,521.34,525
1777321174416,40630.00,8716.00,260000.00,516.74,525
1777321174443,40730.00,8740.00,260000.00,514.44,525
1777321174469,40680.00,8748.00,260000.00,526.86,525
1777321174514,41480.00,8760.00,260000.00,514.44,525
1777321174538,39770.00,8760.00,260000.00,519.50,525
1777321174585,40220.00,8700.00,260000.00,518.12,525
1777321174611,40240.00,8741.00,260000.00,520.42,525
1777321174637,41060.00,8763.00,260000.00,515.36,525
1777321174684,40220.00,8723.00,260000.00,525.02,525
1777321174711,40260.00,8736.00,260000.00,525.48,525
1777321174737,39770.00,8751.00,260000.00,526.86,525
1777321174763,40930.00,8703.00,260000.00,517.66,525
1777321174814,41200.00,8675.00,260000.00,520.88,525
1777321174841,39890.00,8760.00,260000.00,517.66,525
1777321174867,40120.00,8820.00,260000.00,517.20,525
1777321174914,41060.00,8880.00,260000.00,517.66,525
1777321174940,41100.00,8872.00,260000.00,516.28,525
1777321174966,40310.00,8852.00,260000.00,519.96,525
1777321175013,40230.00,8815.00,260000.00,523.64,525
1777321175040,42580.00,8875.00,260000.00,516.28,525
1777321175066,41360.00,8862.00,260000.00,511.22,525
1777321175114,40870.00,8825.00,260000.00,516.28,525
1777321175140,39700.00,8849.00,260000.00,525.02,525
1777321175167,40910.00,8858.00,260000.00,519.96,525
1777321175215,40370.00,8820.00,260000.00,517.66,525
1777321175241,40690.00,8821.00,260000.00,523.18,525
1777321175269,40350.00,8836.00,260000.00,525.02,525
1777321175295,40340.00,8815.00,260000.00,524.10,525
1777321175362,40340.00,8820.00,260000.00,517.20,525
1777321175389,40150.00,8815.00,260000.00,520.42,525
1777321175421,40890.00,8820.00,260000.00,515.82,525
1777321175448,41520.00,8880.00,260000.00,518.12,525
1777321175476,40370.00,8861.00,260000.00,519.04,525
1777321175504,39550.00,8847.00,260000.00,526.86,525
1777321175531,40220.00,8876.00,260000.00,521.80,525
1777321175580,40320.00,8824.00,260000.00,522.26,525
1777321175608,41530.00,8825.00,260000.00,516.74,525
1777321175635,40170.00,8829.00,260000.00,519.50,525
1777321175663,39290.00,8844.00,260000.00,515.82,525
1777321175713,39720.00,8820.00,260000.00,519.50,525
1777321175742,40600.00,8820.00,260000.00,514.90,525
1777321175771,41040.00,8843.00,260000.00,513.98,525
1777321175798,40760.00,8849.00,260000.00,512.60,525
1777321175827,40270.00,8833.00,260000.00,515.36,525
1777321175878,40560.00,8820.00,260000.00,516.74,525
1777321175906,40890.00,8820.00,260000.00,518.58,525
1777321175936,40990.00,8859.00,260000.00,520.42,525
1777321175963,40010.00,8858.00,260000.00,519.50,525
1777321176014,40900.00,8845.00,260000.00,518.58,525
1777321176043,40670.00,8808.00,260000.00,519.50,525
1777321176071,40230.00,8866.00,260000.00,522.26,525
1777321176101,39360.00,8847.00,260000.00,519.96,525
1777321176171,39170.00,8818.00,260000.00,525.94,525
1777321176194,40290.00,8829.00,260000.00,519.96,525
1777321176239,38760.00,8774.00,260000.00,525.02,525
1777321176263,40790.00,8760.00,260000.00,515.36,525
1777321176308,41510.00,8760.00,260000.00,518.58,525
1777321176332,40540.00,8735.00,260000.00,519.96,525
1777321176357,39370.00,8762.00,260000.00,524.56,525
1777321176404,40800.00,8760.00,260000.00,518.58,525
1777321176429,41310.00,8757.00,260000.00,519.50,525
1777321176475,39460.00,8744.00,260000.00,522.26,525
1777321176499,40260.00,8737.00,260000.00,519.50,525
1777321176524,39760.00,8770.00,260000.00,524.10,525
1777321176569,40050.00,8778.00,260000.00,520.88,525
1777321176594,40740.00,8736.00,260000.00,519.50,525
1777321176640,40660.00,8760.00,260000.00,524.10,525
1777321176664,40960.00,8760.00,260000.00,516.74,525
1777321176689,40760.00,8764.00,260000.00,525.48,525
1777321176735,41610.00,8768.00,260000.00,516.74,525
1777321176761,40510.00,8820.00,260000.00,519.04,525
1777321176786,39990.00,8820.00,260000.00,522.72,525
1777321176832,40800.00,8760.00,260000.00,516.74,525
1777321176858,39900.00,8781.00,260000.00,526.40,525
1777321176904,40270.00,8783.00,260000.00,528.24,525
1777321176930,40760.00,8776.00,260000.00,524.10,525
1777321176955,41930.00,8798.00,260000.00,513.98,525
1777321177001,40390.00,8777.00,260000.00,523.64,525
1777321177026,40300.00,8787.00,260000.00,519.50,525
1777321177052,40680.00,8785.00,260000.00,521.34,525
1777321177099,42040.00,8760.00,260000.00,513.06,525
1777321177126,40210.00,8818.00,260000.00,523.64,525
1777321177152,39730.00,8820.00,260000.00,520.42,525
1777321177198,39920.00,8784.00,260000.00,523.64,525
1777321177224,40930.00,8733.00,260000.00,518.58,525
1777321177271,41590.00,8760.00,260000.00,517.66,525
1777321177298,41660.00,8767.00,260000.00,518.58,525
1777321177323,40950.00,8820.00,260000.00,514.44,525
1777321177350,41520.00,8812.00,260000.00,517.66,525
1777321177397,40890.00,8760.00,260000.00,516.74,525
1777321177423,42340.00,8760.00,260000.00,514.44,525
1777321177449,39990.00,8790.00,260000.00,520.88,525
1777321177497,40230.00,8774.00,260000.00,523.64,525
1777321177524,40100.00,8799.00,260000.00,521.80,525
1777321177550,40740.00,8808.00,260000.00,521.34,525
1777321177597,40570.00,8760.00,260000.00,517.66,525
1777321177623,38920.00,8760.00,260000.00,526.40,525
1777321177648,40690.00,8726.00,260000.00,521.34,525
1777321177696,40090.00,8758.00,260000.00,516.28,525
1777321177727,39940.00,8736.00,260000.00,522.72,525
1777321177753,39530.00,8795.00,260000.00,521.80,525
1777321177781,40170.00,8794.00,260000.00,522.26,525
1777321177829,40960.00,8747.00,260000.00,519.50,525
1777321177857,40540.00,8760.00,260000.00,523.18,525
1777321177884,40700.00,8781.00,260000.00,521.80,525
1777321177911,40020.00,8785.00,260000.00,520.88,525
1777321177959,40860.00,8834.00,260000.00,516.28,525
1777321177986,40880.00,8894.00,260000.00,516.74,525
1777321178013,40640.00,8880.00,260000.00,517.66,525
1777321178062,41600.00,8891.00,260000.00,514.44,525
1777321178090,39990.00,8951.00,260000.00,519.96,525
1777321178116,40010.00,9000.00,260000.00,518.58,525
1777321178148,40390.00,8984.00,260000.00,520.42,525
1777321178195,40680.00,9000.00,260000.00,514.90,525
1777321178220,39640.00,9000.00,260000.00,523.18,525
1777321178247,41160.00,8986.00,260000.00,516.28,525
1777321178294,41690.00,8962.00,260000.00,517.66,525
1777321178322,39970.00,8975.00,260000.00,524.10,525
1777321178348,39550.00,9021.00,260000.00,521.80,525
1777321178375,40840.00,9024.00,260000.00,515.36,525
1777321178423,40650.00,8963.00,260000.00,517.66,525
1777321178448,41600.00,9009.00,260000.00,513.98,525
1777321178476,41880.00,9004.00,260000.00,519.50,525
1777321178525,40410.00,9000.00,260000.00,520.42,525
1777321178553,38870.00,8997.00,260000.00,525.02,525
1777321178578,40270.00,8974.00,260000.00,520.42,525
1777321178607,40750.00,9000.00,260000.00,522.72,525
1777321178656,41430.00,8946.00,260000.00,516.28,525
1777321178683,40960.00,9002.00,260000.00,515.82,525
1777321178708,41630.00,9026.00,260000.00,510.30,525
1777321178757,41240.00,8940.00,260000.00,516.74,525
1777321178782,40030.00,9000.00,260000.00,525.94,525
1777321178810,39520.00,9052.00,260000.00,522.26,525
1777321178837,39930.00,9002.00,260000.00,521.34,525
1777321178887,39620.00,9008.00,260000.00,521.80,525
1777321178915,39180.00,9000.00,260000.00,525.02,525
1777321178943,40020.00,8970.00,260000.00,523.64,525
1777321179055,80430.00,8843.00,260000.00,1038.54,1050
1777321179079,40490.00,8904.00,260000.00,516.74,525
1777321179123,40350.00,8917.00,260000.00,519.04,525
1777321179147,40500.00,8930.00,260000.00,512.14,525
1777321179193,40310.00,8903.00,260000.00,524.10,525
1777321179217,41330.00,8940.00,260000.00,519.96,525
1777321179241,41080.00,8940.00,260000.00,516.28,525
1777321179286,41170.00,8880.00,260000.00,518.58,525
1777321179310,40470.00,8915.00,260000.00,521.80,525
1777321179356,40850.00,8887.00,260000.00,512.60,525
1777321179380,39950.00,8886.00,260000.00,522.26,525
1777321179404,40440.00,8919.00,260000.00,519.96,525
1777321179450,40600.00,8915.00,260000.00,515.82,525
1777321179474,40610.00,8908.00,260000.00,526.40,525
1777321179521,39360.00,8885.00,260000.00,526.86,525
1777321179545,40360.00,8856.00,260000.00,521.80,525
1777321179570,39930.00,8914.00,260000.00,520.88,525
1777321179616,40420.00,8917.00,260000.00,515.36,525
1777321179642,41000.00,8917.00,260000.00,518.58,525
1777321179688,39170.00,8926.00,260000.00,527.32,525
1777321179713,40490.00,8928.00,260000.00,514.44,525
1777321179737,41690.00,8928.00,260000.00,517.20,525
1777321179783,40350.00,8968.00,260000.00,520.42,525
1777321179809,39530.00,8964.00,260000.00,525.94,525
1777321179855,40340.00,8880.00,260000.00,519.04,525
1777321179880,40200.00,8880.00,260000.00,519.96,525
1777321179906,39830.00,8940.00,260000.00,517.20,525
1777321179953,41280.00,8880.00,260000.00,509.38,525
1777321179978,41750.00,8887.00,260000.00,512.60,525
1777321180004,40090.00,8944.00,260000.00,519.50,525
1777321180051,41600.00,8903.00,260000.00,513.98,525
1777321180077,41180.00,8883.00,260000.00,513.06,525
1777321180102,40820.00,8921.00,260000.00,519.04,525
1777321180149,40110.00,8890.00,260000.00,519.96,525
1777321180175,41480.00,8866.00,260000.00,519.96,525
1777321180200,40890.00,8914.00,260000.00,515.82,525
1777321180248,41760.00,8921.00,260000.00,516.28,525
1777321180273,39990.00,8923.00,260000.00,522.72,525
1777321180299,40170.00,8919.00,260000.00,524.56,525
1777321180347,41010.00,8924.00,260000.00,518.58,525
1777321180372,39560.00,8918.00,260000.00,519.96,525
1777321180398,40030.00,8917.00,260000.00,522.72,525
1777321180446,41120.00,8940.00,260000.00,518.58,525
1777321180472,41510.00,8915.00,260000.00,517.20,525
1777321180499,39520.00,8883.00,260000.00,516.28,525
1777321180546,38450.00,8906.00,260000.00,525.02,525
1777321180572,40530.00,8966.00,260000.00,516.28,525
1777321180600,40350.00,8966.00,260000.00,523.18,525
1777321180648,38980.00,8880.00,260000.00,527.32,525
1777321180676,40960.00,8903.00,260000.00,516.74,525
1777321180704,40500.00,8919.00,260000.00,521.80,525
1777321180730,41110.00,8917.00,260000.00,513.52,525
1777321180777,40280.00,8929.00,260000.00,521.80,525
1777321180802,39390.00,8962.00,260000.00,525.94,525
1777321180828,40030.00,8937.00,260000.00,525.02,525
1777321180875,40720.00,8940.00,260000.00,520.88,525
1777321180901,40450.00,8940.00,260000.00,517.66,525
1777321180927,41370.00,8940.00,260000.00,517.66,525
1777321180974,41830.00,8893.00,260000.00,515.36,525
1777321181000,38960.00,8920.00,260000.00,524.56,525
1777321181026,40190.00,8940.00,260000.00,524.10,525
1777321181073,39960.00,8940.00,260000.00,519.96,525
1777321181099,40180.00,8885.00,260000.00,518.12,525
1777321181126,39590.00,8921.00,260000.00,521.34,525
1777321181174,40150.00,9000.00,260000.00,520.42,525
1777321181200,41410.00,9000.00,260000.00,513.52,525
1777321181226,41310.00,9016.00,260000.00,519.50,525
1777321181274,40360.00,8940.00,260000.00,519.50,525
1777321181301,40530.00,9000.00,260000.00,522.26,525
1777321181327,39100.00,9005.00,260000.00,523.64,525
1777321181377,40220.00,9020.00,260000.00,521.80,525
1777321181405,39890.00,9027.00,260000.00,523.64,525
1777321181435,40650.00,9005.00,260000.00,516.28,525
1777321181465,39740.00,9025.00,260000.00,522.26,525
1777321181493,40070.00,9000.00,260000.00,520.42,525
1777321181543,41100.00,8951.00,260000.00,513.98,525
1777321181572,40740.00,8989.00,260000.00,519.50,525
1777321181601,39020.00,8995.00,260000.00,522.72,525
1777321181696,39830.00,8847.00,260000.00,519.04,525
1777321181718,40050.00,8880.00,260000.00,518.58,525
1777321181765,39970.00,8874.00,260000.00,521.34,525
1777321181789,40040.00,8864.00,260000.00,522.72,525
1777321181815,40020.00,8856.00,260000.00,524.10,525
1777321181861,40010.00,8880.00,260000.00,520.88,525
1777321181886,41310.00,8880.00,260000.00,515.36,525
1777321181932,41630.00,8857.00,260000.00,517.66,525
1777321181957,40590.00,8875.00,260000.00,517.20,525
1777321182003,40470.00,8880.00,260000.00,522.26,525
1777321182028,39010.00,8858.00,260000.00,524.56,525
1777321182053,40990.00,8855.00,260000.00,515.36,525
1777321182100,39820.00,8880.00,260000.00,525.02,525
1777321182126,41170.00,8852.00,260000.00,513.98,525
1777321182151,41910.00,8880.00,260000.00,513.52,525
1777321182198,40680.00,8880.00,260000.00,520.88,525
1777321182223,40810.00,8906.00,260000.00,517.66,525
1777321182249,40570.00,8880.00,260000.00,517.20,525
1777321182295,41090.00,8865.00,260000.00,522.26,525
1777321182319,39810.00,8880.00,260000.00,519.50,525
1777321182345,40620.00,8892.00,260000.00,521.80,525
1777321182393,41530.00,8880.00,260000.00,513.52,525
1777321182419,40080.00,8880.00,260000.00,520.42,525
1777321182445,40460.00,8902.00,260000.00,520.42,525
1777321182493,40130.00,8880.00,260000.00,523.18,525
1777321182518,40380.00,8880.00,260000.00,516.28,525
1777321182544,40890.00,8882.00,260000.00,516.28,525
1777321182591,40060.00,8865.00,260000.00,519.04,525
1777321182617,40810.00,8880.00,260000.00,517.66,525
1777321182641,40410.00,8940.00,260000.00,518.58,525
1777321182688,41730.00,8905.00,260000.00,517.20,525
1777321182714,41240.00,8879.00,260000.00,518.12,525
1777321182739,40700.00,8885.00,260000.00,520.42,525
1777321182786,40550.00,8889.00,260000.00,521.80,525
1777321182811,39920.00,8906.00,260000.00,524.10,525
1777321182859,39680.00,8880.00,260000.00,520.88,525
1777321182885,41950.00,8880.00,260000.00,518.58,525
1777321182914,40050.00,8880.00,260000.00,518.58,525
1777321182962,40590.00,8869.00,260000.00,519.96,525
1777321182993,40030.00,8863.00,260000.00,525.02,525
1777321183019,41200.00,8860.00,260000.00,513.98,525
1777321183046,41410.00,8861.00,260000.00,512.60,525
1777321183095,40380.00,8880.00,260000.00,523.18,525
1777321183121,40880.00,8880.00,260000.00,516.28,525
1777321183147,40090.00,8904.00,260000.00,522.26,525
1777321183195,41640.00,8880.00,260000.00,514.90,525
1777321183223,41710.00,8857.00,260000.00,516.28,525
1777321183251,40540.00,8856.00,260000.00,514.44,525
1777321183280,40230.00,8860.00,260000.00,516.28,525
1777321183330,40740.00,8877.00,260000.00,520.42,525
1777321183358,41010.00,8880.00,260000.00,515.36,525
1777321183386,40760.00,8851.00,260000.00,514.90,525
1777321183414,40540.00,8880.00,260000.00,521.80,525
1777321183443,41310.00,8869.00,260000.00,513.52,525
1777321183492,40800.00,8845.00,260000.00,522.72,525
1777321183520,40760.00,8880.00,260000.00,519.50,525
1777321183549,39290.00,8859.00,260000.00,530.54,525
1777321183582,39960.00,8877.00,260000.00,527.32,525
1777321183611,41440.00,8856.00,260000.00,520.88,525
1777321183640,41680.00,8882.00,260000.00,519.96,525
1777321183688,40320.00,8900.00,260000.00,517.66,525
1777321183718,39330.00,8866.00,260000.00,521.80,525
1777321183745,39010.00,8880.00,260000.00,525.94,525
1777321183772,39960.00,8880.00,260000.00,523.64,525
1777321183823,39830.00,8846.00,260000.00,516.74,525
1777321183851,40680.00,8845.00,260000.00,521.80,525
1777321183887,40340.00,8854.00,260000.00,522.26,525
1777321183916,40190.00,8858.00,260000.00,517.66,525
1777321183944,40670.00,8916.00,260000.00,518.58,525
1777321183972,39660.00,8894.00,260000.00,523.64,525
1777321184022,40760.00,8954.00,260000.00,516.74,525
1777321184052,40580.00,9000.00,260000.00,521.34,525
1777321184081,39660.00,8940.00,260000.00,520.42,525
1777321184110,40500.00,8940.00,260000.00,522.26,525
1777321184138,39940.00,8951.00,260000.00,520.88,525
1777321184189,40220.00,8920.00,260000.00,518.58,525
1777321184217,41860.00,8918.00,260000.00,517.20,525
1777321184247,41370.00,8918.00,260000.00,519.04,525
1777321184276,40340.00,8918.00,260000.00,521.34,525
1777321184305,40740.00,8964.00,260000.00,520.42,525
1777321184358,40100.00,8966.00,260000.00,517.20,525
1777321184388,40570.00,8941.00,260000.00,519.96,525
1777321184417,40800.00,8880.00,260000.00,519.04,525
1777321184447,40670.00,8940.00,260000.00,522.72,525
1777321184478,39730.00,8963.00,260000.00,527.32,525
1777321184508,40450.00,8940.00,260000.00,513.52,525
1777321184537,40760.00,8968.00,260000.00,514.44,525
1777321184589,40120.00,8966.00,260000.00,516.74,525
1777321184617,41530.00,8965.00,260000.00,517.66,525
1777321184647,41160.00,8962.00,260000.00,514.90,525
1777321184675,41630.00,8964.00,260000.00,515.36,525
1777321184705,40640.00,8968.00,260000.00,524.10,525
1777321184733,39970.00,8938.00,260000.00,524.56,525
1777321184787,40700.00,8940.00,260000.00,518.58,525
1777321184819,40960.00,8940.00,260000.00,520.42,525
1777321184851,39810.00,8940.00,260000.00,523.18,525
1777321184883,41300.00,8917.00,260000.00,521.80,525
1777321184916,40210.00,8919.00,260000.00,521.80,525
1777321184947,40530.00,8943.00,260000.00,521.34,525
1777321184979,42380.00,8960.00,260000.00,511.68,525
1777321185012,40580.00,8954.00,260000.00,522.72,525
1777321185044,39430.00,8944.00,260000.00,529.16,525
1777321185077,42160.00,8962.00,260000.00,516.28,525
1777321185109,40290.00,8958.00,260000.00,516.74,525
1777321185148,40500.00,8940.00,260000.00,514.90,525
1777321185180,40710.00,8965.00,260000.00,518.12,525
1777321185212,41090.00,8965.00,260000.00,517.20,525
1777321185244,41180.00,8947.00,260000.00,519.50,525
1777321185277,39380.00,8941.00,260000.00,525.02,525
1777321185307,40000.00,8966.00,260000.00,525.02,525
1777321185335,41070.00,8967.00,260000.00,518.12,525
1777321185364,40550.00,8944.00,260000.00,516.28,525
1777321185414,39880.00,8906.00,260000.00,520.88,525
1777321185442,40330.00,8940.00,260000.00,579.30,525
1777321185471,40340.00,8913.00,260000.00,579.30,525
1777321185501,40060.00,8998.00,260000.00,522.26,525
1777321185530,40640.00,8940.00,260000.00,579.30,525
1777321185591,40120.00,8880.00,260000.00,579.30,525
1777321185621,40690.00,8880.00,260000.00,516.74,525
1777321185654,40870.00,8940.00,260000.00,519.96,525
1777321185687,39400.00,8940.00,260000.00,528.70,525
1777321185720,39930.00,8906.00,260000.00,524.56,525
1777321185753,40530.00,8902.00,260000.00,516.28,525
1777321185785,40710.00,8918.00,260000.00,520.42,525
1777321185821,40760.00,8888.00,260000.00,542.96,525
1777321185857,40820.00,8907.00,260000.00,547.10,525
1777321185890,40260.00,8885.00,260000.00,549.86,525
1777321185924,39690.00,8904.00,260000.00,544.34,525
1777321185956,39630.00,8924.00,260000.00,552.16,525
1777321185985,39440.00,8864.00,260000.00,544.34,525
1777321186017,39370.00,8907.00,260000.00,544.80,525
1777321186048,41430.00,8907.00,260000.00,551.70,525
1777321186078,40270.00,8901.00,260000.00,555.38,525
1777321186111,40190.00,8924.00,260000.00,548.48,525
1777321186145,40920.00,8930.00,260000.00,546.18,525
1777321186176,39740.00,8940.00,260000.00,542.50,525
1777321186206,40940.00,8907.00,260000.00,548.02,525
1777321186237,40160.00,8938.00,260000.00,546.18,525
1777321186267,41960.00,8940.00,260000.00,550.78,525
1777321186298,41350.00,8940.00,260000.00,546.18,525
1777321186329,40930.00,8966.00,260000.00,560.90,525
1777321186360,39650.00,8966.00,260000.00,555.84,525
1777321186413,41470.00,8899.00,260000.00,553.08,525
1777321186443,40530.00,8940.00,260000.00,552.62,525
1777321186477,40820.00,8940.00,260000.00,545.26,525
1777321186508,40340.00,8966.00,260000.00,550.78,525
1777321186540,39700.00,8965.00,260000.00,545.72,525
1777321186576,40080.00,8962.00,260000.00,519.50,525
1777321186611,40550.00,8930.00,260000.00,518.58,525
1777321186647,40330.00,8959.00,260000.00,519.04,525
1777321186681,41160.00,9019.00,260000.00,518.58,525
1777321186713,40170.00,9000.00,260000.00,517.66,525
1777321186748,40880.00,9003.00,260000.00,522.72,525
1777321186783,39720.00,9040.00,260000.00,549.40,525
1777321186818,39920.00,9026.00,260000.00,548.48,525
1777321186851,41710.00,9000.00,260000.00,546.64,525
1777321186884,41450.00,9000.00,260000.00,547.56,525
1777321186919,40860.00,8986.00,260000.00,489.60,525
1777321186951,40070.00,9024.00,260000.00,489.60,525
1777321186984,40660.00,9024.00,260000.00,489.60,525
1777321187019,41000.00,9044.00,260000.00,489.60,525
1777321187053,39920.00,9019.00,260000.00,489.60,525
1777321187089,40450.00,9015.00,260000.00,527.32,525
1777321187126,39610.00,9027.00,260000.00,528.24,525
1777321187159,80550.00,9000.00,260000.00,1042.22,1050
1777321187191,40420.00,9060.00,260000.00,523.18,525
1777321187223,40140.00,9033.00,260000.00,526.86,525
1777321187280,40450.00,9028.00,260000.00,525.94,525
1777321187315,40880.00,8973.00,260000.00,522.72,525
1777321187352,40350.00,9000.00,260000.00,489.60,525
1777321187387,40120.00,9000.00,260000.00,600.00,525
1777321187423,40610.00,9000.00,260000.00,600.00,525
1777321187454,39280.00,9000.00,260000.00,600.00,525
1777321187488,40220.00,9025.00,260000.00,526.86,525
1777321187521,40040.00,9026.00,260000.00,600.00,525
1777321187552,40450.00,9023.00,260000.00,600.00,525
1777321187584,41030.00,9023.00,260000.00,600.00,525
1777321187616,39870.00,9000.00,260000.00,600.00,525
1777321187647,40200.00,9000.00,260000.00,529.62,525
1777321187684,40880.00,9000.00,260000.00,600.00,525
1777321187718,40470.00,9024.00,260000.00,600.00,525
1777321187753,40160.00,9002.00,260000.00,600.00,525
1777321187786,41030.00,9000.00,260000.00,600.00,525
1777321187817,41540.00,9000.00,260000.00,600.00,525
1777321187850,40470.00,9000.00,260000.00,600.00,525
1777321187884,40220.00,9000.00,260000.00,600.00,525
1777321187916,40520.00,9000.00,260000.00,600.00,525
1777321187954,39610.00,9024.00,260000.00,600.00,525
1777321187987,40410.00,9018.00,260000.00,600.00,525
1777321188021,40720.00,9008.00,260000.00,600.00,525
1777321188055,40360.00,9018.00,260000.00,600.00,525
1777321188089,41340.00,9000.00,260000.00,600.00,525
1777321188122,40020.00,9000.00,260000.00,600.00,525
1777321188157,40060.00,9000.00,260000.00,600.00,525
1777321188192,40420.00,9000.00,260000.00,600.00,525
1777321188225,39170.00,9023.00,260000.00,600.00,525
1777321188258,40250.00,9023.00,260000.00,533.30,525
1777321188294,40320.00,9000.00,260000.00,600.00,525
1777321188329,40720.00,9000.00,260000.00,600.00,525
1777321188361,41640.00,9000.00,260000.00,600.00,525
1777321188395,39140.00,9000.00,260000.00,600.00,525
1777321188429,40780.00,8989.00,260000.00,600.00,525
1777321188462,41750.00,8962.00,260000.00,600.00,525
1777321188497,41410.00,9000.00,260000.00,600.00,525
1777321188536,40940.00,8972.00,260000.00,600.00,525
1777321188571,80000.00,8969.00,260000.00,1200.00,1050
1777321188604,39920.00,9028.00,260000.00,600.00,525
1777321188639,39710.00,9025.00,260000.00,600.00,525
1777321188672,40730.00,9000.00,260000.00,600.00,525
1777321188704,40790.00,9011.00,260000.00,600.00,525
1777321188741,40850.00,9000.00,260000.00,600.00,525
1777321188778,42040.00,9001.00,260000.00,600.00,525
1777321188813,40910.00,8940.00,260000.00,600.00,525
1777321188850,40330.00,9000.00,260000.00,600.00,525
1777321188885,41130.00,9026.00,260000.00,600.00,525
1777321188919,38930.00,9026.00,260000.00,600.00,525
1777321188955,40060.00,8985.00,260000.00,600.00,525
1777321188990,40430.00,8956.00,260000.00,600.00,525
1777321189022,41230.00,9000.00,260000.00,600.00,525
1777321189054,40900.00,8942.00,260000.00,600.00,525
1777321189086,39480.00,9000.00,260000.00,527.78,525
1777321189118,41780.00,9000.00,260000.00,600.00,525
1777321189151,40390.00,8992.00,260000.00,600.00,525
1777321189187,40350.00,9025.00,260000.00,600.00,525
1777321189222,40190.00,9024.00,260000.00,600.00,525
1777321189257,40350.00,9021.00,260000.00,600.00,525
1777321189291,41020.00,8990.00,260000.00,600.00,525
1777321189324,40440.00,8940.00,260000.00,600.00,525
1777321189359,40870.00,9000.00,260000.00,600.00,525
1777321189391,40070.00,9000.00,260000.00,600.00,525
1777321189425,41600.00,9000.00,260000.00,600.00,525
1777321189462,40540.00,9000.00,260000.00,600.00,525
1777321189501,40550.00,8943.00,260000.00,600.00,525
1777321189543,82500.00,8940.00,260000.00,1200.00,1050
1777321189579,39740.00,9000.00,260000.00,600.00,525
1777321189615,40430.00,9000.00,260000.00,600.00,525
1777321189649,39760.00,9000.00,260000.00,600.00,525
1777321189683,39730.00,9000.00,260000.00,600.00,525
1777321189718,41670.00,9000.00,260000.00,600.00,525
1777321189753,40650.00,8966.00,260000.00,600.00,525
1777321189789,40450.00,9000.00,260000.00,600.00,525
1777321189824,40470.00,9000.00,260000.00,600.00,525
1777321189858,40510.00,9000.00,260000.00,600.00,525
1777321189892,41410.00,9022.00,260000.00,600.00,525
1777321189926,41540.00,9020.00,260000.00,600.00,525
1777321189957,40520.00,9000.00,260000.00,600.00,525
1777321189988,40980.00,9000.00,260000.00,600.00,525
1777321190018,40750.00,9000.00,260000.00,600.00,525
1777321190054,40910.00,9000.00,260000.00,600.00,525
1777321190089,40070.00,9000.00,260000.00,600.00,525
1777321190124,40610.00,8992.00,260000.00,600.00,525
1777321190157,39630.00,9000.00,260000.00,600.00,525
1777321190189,41520.00,9000.00,260000.00,600.00,525
1777321190225,39620.00,9000.00,260000.00,600.00,525
1777321190257,40840.00,8987.00,260000.00,600.00,525
1777321190290,39690.00,8990.00,260000.00,600.00,525
1777321190324,40210.00,8969.00,260000.00,600.00,525
1777321190359,39970.00,8964.00,260000.00,600.00,525
1777321190391,40100.00,8950.00,260000.00,600.00,525
1777321190425,40410.00,9000.00,260000.00,600.00,525
1777321190460,82960.00,8991.00,260000.00,1200.00,1050
1777321190495,40660.00,9000.00,260000.00,600.00,525
1777321190528,40430.00,9000.00,260000.00,600.00,525
1777321190560,40960.00,9051.00,260000.00,600.00,525
1777321190591,39250.00,9060.00,260000.00,600.00,525
1777321190623,40110.00,9000.00,260000.00,600.00,525
1777321190679,41740.00,9000.00,260000.00,600.00,525
1777321190713,40170.00,9000.00,260000.00,600.00,525
1777321190747,40740.00,9000.00,260000.00,600.00,525
1777321190781,40780.00,9023.00,260000.00,600.00,525
1777321190816,40070.00,9025.00,260000.00,600.00,525
1777321190851,40940.00,9000.00,260000.00,600.00,525
1777321190885,40040.00,9000.00,260000.00,600.00,525
1777321190917,40080.00,9000.00,260000.00,600.00,525
1777321190949,40080.00,9000.00,260000.00,600.00,525
1777321190983,40830.00,9039.00,260000.00,600.00,525
1777321191017,40980.00,9000.00,260000.00,600.00,525
1777321191059,40910.00,9000.00,260000.00,600.00,525
1777321191092,39720.00,8998.00,260000.00,600.00,525
1777321191126,40280.00,9007.00,260000.00,600.00,525
1777321191161,40570.00,8990.00,260000.00,600.00,525
1777321191196,40220.00,8975.00,260000.00,600.00,525
1777321191230,39750.00,8940.00,260000.00,600.00,525
1777321191262,40940.00,8940.00,260000.00,600.00,525
1777321191299,39390.00,8940.00,260000.00,600.00,525
1777321191332,40530.00,8940.00,260000.00,600.00,525
1777321191362,39880.00,8940.00,260000.00,600.00,525
1777321191395,41080.00,8980.00,260000.00,600.00,525
1777321191431,40920.00,8990.00,260000.00,600.00,525
1777321191461,40380.00,8940.00,260000.00,600.00,525
1777321191491,39920.00,8962.00,260000.00,600.00,525
1777321191519,39330.00,8967.00,260000.00,600.00,525
1777321191549,40930.00,9000.00,260000.00,600.00,525
1777321191579,40430.00,9000.00,260000.00,600.00,525
1777321191608,39620.00,9025.00,260000.00,600.00,525
1777321191640,40100.00,9000.00,260000.00,600.00,525
1777321191671,39850.00,9000.00,260000.00,600.00,525
1777321191702,40560.00,9000.00,260000.00,600.00,525
1777321191734,40350.00,8964.00,260000.00,600.00,525
1777321191787,40380.00,8969.00,260000.00,600.00,525
1777321191821,41330.00,9000.00,260000.00,600.00,525
1777321191854,39990.00,9000.00,260000.00,600.00,525
1777321191888,40590.00,9000.00,260000.00,600.00,525
1777321191921,40170.00,9036.00,260000.00,600.00,525
1777321191950,40750.00,8940.00,260000.00,600.00,525
1777321191984,40070.00,9000.00,260000.00,600.00,525
1777321192015,40710.00,9008.00,260000.00,600.00,525
1777321192046,39830.00,9012.00,260000.00,600.00,525
1777321192076,40640.00,8940.00,260000.00,600.00,525
1777321192106,40450.00,8940.00,260000.00,600.00,525
1777321192136,39920.00,9053.00,260000.00,600.00,525
1777321192165,40050.00,9060.00,260000.00,600.00,525
1777321192195,40140.00,9000.00,260000.00,600.00,525
1777321192227,41340.00,8968.00,260000.00,600.00,525
1777321192260,40510.00,8940.00,260000.00,600.00,525
1777321192291,40500.00,8997.00,260000.00,600.00,525
1777321192344,40320.00,9000.00,260000.00,600.00,525
1777321192374,40910.00,8940.00,260000.00,600.00,525
1777321192405,41330.00,9000.00,260000.00,600.00,525
1777321192436,40130.00,9022.00,260000.00,600.00,525
1777321192468,40860.00,9026.00,260000.00,600.00,525
1777321192500,40750.00,8993.00,260000.00,600.00,525
1777321192528,41810.00,9000.00,260000.00,600.00,525
1777321192560,40390.00,9060.00,260000.00,600.00,525
1777321192589,40560.00,9000.00,260000.00,600.00,525
1777321192644,40370.00,9000.00,260000.00,600.00,525
1777321192676,39810.00,9000.00,260000.00,600.00,525
1777321192708,40110.00,9000.00,260000.00,600.00,525
1777321192826,40690.00,8832.00,260000.00,600.00,525
1777321192905,39800.00,8760.00,260000.00,600.00,525
1777321192928,40100.00,8760.00,260000.00,600.00,525
1777321192951,41240.00,8820.00,260000.00,600.00,525
1777321192996,40760.00,8707.00,260000.00,600.00,525
1777321193020,40300.00,8760.00,260000.00,600.00,525
1777321193065,40120.00,8700.00,260000.00,600.00,525
1777321193089,39860.00,8760.00,260000.00,600.00,525
1777321193113,41030.00,8760.00,260000.00,600.00,525
1777321193159,40850.00,8820.00,260000.00,600.00,525
1777321193183,39860.00,8762.00,260000.00,600.00,525
1777321193228,40360.00,8760.00,260000.00,600.00,525
1777321193253,40590.00,8820.00,260000.00,600.00,525
1777321193276,40330.00,8820.00,260000.00,600.00,525
1777321193321,40510.00,8820.00,260000.00,600.00,525
1777321193345,40910.00,8820.00,260000.00,600.00,525
1777321193390,40660.00,8820.00,260000.00,600.00,525
1777321193413,40750.00,8820.00,260000.00,600.00,525
1777321193457,40980.00,8820.00,260000.00,600.00,525
1777321193481,39610.00,8820.00,260000.00,600.00,525
1777321193527,39350.00,8820.00,260000.00,600.00,525
1777321193552,41230.00,8820.00,260000.00,600.00,525
1777321193577,40880.00,8795.00,260000.00,600.00,525
1777321193624,41020.00,8760.00,260000.00,600.00,525
1777321193647,40800.00,8767.00,260000.00,600.00,525
1777321193692,40440.00,8760.00,260000.00,600.00,525
1777321193717,39380.00,8701.00,260000.00,600.00,525
1777321193741,41210.00,8760.00,260000.00,600.00,525
1777321193785,40890.00,8760.00,260000.00,600.00,525
1777321193809,40080.00,8879.00,260000.00,600.00,525
1777321193854,24190.00,8814.00,260000.00,526.00,263
1777321193877,23760.00,8812.00,260000.00,524.00,262
1777321193923,23940.00,8758.00,260000.00,526.00,263
1777321193947,24050.00,8745.00,260000.00,524.00,262
1777321193972,24010.00,8737.00,260000.00,526.00,263
1777321194018,23200.00,8730.00,260000.00,524.00,262
1777321194042,24570.00,8782.00,260000.00,526.00,263
1777321194088,23260.00,8757.00,260000.00,524.00,262
1777321194113,23520.00,8710.00,260000.00,526.00,263
1777321194137,22520.00,8700.00,260000.00,524.00,262
1777321194185,23370.00,8745.00,260000.00,526.00,263
1777321194209,23940.00,8688.00,260000.00,524.00,262
1777321194234,23890.00,8677.00,260000.00,526.00,263
1777321194281,23540.00,8670.00,260000.00,524.00,262
1777321194306,23990.00,8662.00,260000.00,526.00,263
1777321194352,23470.00,8655.00,260000.00,524.00,262
1777321194378,23510.00,8647.00,260000.00,526.00,263
1777321194402,23730.00,8640.00,260000.00,524.00,262
1777321194448,22350.00,8685.00,260000.00,526.00,263
1777321194473,23940.00,8625.00,260000.00,524.00,262
1777321194519,23390.00,8670.00,260000.00,526.00,263
1777321194543,24160.00,8722.00,260000.00,524.00,262
1777321194569,23500.00,8602.00,260000.00,526.00,263
1777321194621,23880.00,8595.00,260000.00,524.00,262
1777321194647,24290.00,8587.00,260000.00,526.00,263
1777321194670,23500.00,8580.00,260000.00,524.00,262
1777321194717,22910.00,8572.00,260000.00,526.00,263
1777321194742,23040.00,8617.00,260000.00,524.00,262
1777321194767,23620.00,8610.00,260000.00,526.00,263
1777321194814,23210.00,8602.00,260000.00,524.00,262
1777321194840,23050.00,8542.00,260000.00,526.00,263
1777321194867,23650.00,8557.00,260000.00,524.00,262
1777321194914,23420.00,8580.00,260000.00,526.00,263
1777321194939,24070.00,8572.00,260000.00,524.00,262
1777321194964,24080.00,8585.00,260000.00,526.00,263
1777321195013,23180.00,8521.00,260000.00,524.00,262
1777321195043,23550.00,8497.00,260000.00,526.00,263
1777321195070,23860.00,8490.00,260000.00,524.00,262
1777321195096,23540.00,8523.00,260000.00,526.00,263
1777321195143,23560.00,8527.00,260000.00,524.00,262
1777321195169,22970.00,8520.00,260000.00,526.00,263
1777321195196,23830.00,8515.00,260000.00,524.00,262
1777321195244,23650.00,8505.00,260000.00,526.00,263
1777321195271,22910.00,8497.00,260000.00,524.00,262
1777321195298,23340.00,8534.00,260000.00,526.00,263
1777321195346,23290.00,8482.00,260000.00,524.00,262
1777321195373,23700.00,8422.00,260000.00,526.00,263
1777321195399,23650.00,8475.00,260000.00,524.00,262
1777321195449,23680.00,8460.00,260000.00,526.00,263
1777321195477,23560.00,8403.00,260000.00,524.00,262
1777321195505,24030.00,8419.00,260000.00,526.00,263
1777321195533,23400.00,8437.00,260000.00,524.00,262
1777321195560,23850.00,8379.00,260000.00,526.00,263
1777321195609,23660.00,8422.00,260000.00,524.00,262
1777321195635,23940.00,8441.00,260000.00,526.00,263
1777321195663,23100.00,8407.00,260000.00,524.00,262
1777321195712,23460.00,8400.00,260000.00,526.00,263
1777321195738,24440.00,8392.00,260000.00,524.00,262
1777321195767,23410.00,8338.00,260000.00,526.00,263
1777321195796,23630.00,8325.00,260000.00,524.00,262
1777321195844,23640.00,8370.00,260000.00,526.00,263
1777321195871,23390.00,8310.00,260000.00,524.00,262
1777321195899,24210.00,8302.00,260000.00,526.00,263
1777321195929,23380.00,8378.00,260000.00,524.00,262
1777321195959,23270.00,8385.00,260000.00,526.00,263
1777321196008,23960.00,8332.00,260000.00,524.00,262
1777321196037,24320.00,8273.00,260000.00,526.00,263
1777321196067,23800.00,8325.00,260000.00,524.00,262
1777321196096,23410.00,8317.00,260000.00,526.00,263
1777321196146,23190.00,8302.00,260000.00,524.00,262
1777321196176,23810.00,8302.00,260000.00,526.00,263
1777321196206,23190.00,8335.00,260000.00,524.00,262
1777321196234,23430.00,8287.00,260000.00,526.00,263
1777321196263,23950.00,8332.00,260000.00,524.00,262
1777321196295,23100.00,8325.00,260000.00,526.00,263
1777321196325,24190.00,8317.00,260000.00,524.00,262
1777321196374,24430.00,8250.00,260000.00,526.00,263
1777321196402,23450.00,8302.00,260000.00,524.00,262
1777321196429,23960.00,8295.00,260000.00,526.00,263
1777321196456,24330.00,8240.00,260000.00,524.00,262
1777321196507,23180.00,8220.00,260000.00,526.00,263
1777321196536,23430.00,8212.00,260000.00,524.00,262
1777321196563,23690.00,8152.00,260000.00,526.00,263
1777321196591,24020.00,8206.00,260000.00,524.00,262
1777321196619,23360.00,8199.00,260000.00,526.00,263
1777321196667,24150.00,8182.00,260000.00,524.00,262
1777321196694,24000.00,8122.00,260000.00,526.00,263
1777321196724,23620.00,8175.00,260000.00,524.00,262
1777321196752,23550.00,8167.00,260000.00,526.00,263
1777321196803,22790.00,8152.00,260000.00,524.00,262
1777321196832,24420.00,8154.00,260000.00,526.00,263
1777321196860,24120.00,8197.00,260000.00,524.00,262
1777321196892,24020.00,8190.00,260000.00,526.00,263
1777321196923,23540.00,8130.00,260000.00,524.00,262
1777321196980,22940.00,8115.00,260000.00,526.00,263
1777321197012,23500.00,8107.00,260000.00,524.00,262
1777321197043,23330.00,8100.00,260000.00,526.00,263
1777321197074,23900.00,8152.00,260000.00,524.00,262
1777321197106,24510.00,8145.00,260000.00,526.00,263
1777321197136,23100.00,8025.00,260000.00,524.00,262
1777321197174,23330.00,8070.00,260000.00,526.00,263
1777321197206,23690.00,8062.00,260000.00,524.00,262
1777321197237,23630.00,8065.00,260000.00,526.00,263
1777321197269,24010.00,8042.00,260000.00,524.00,262
1777321197301,23700.00,8035.00,260000.00,526.00,263
1777321197333,23080.00,8032.00,260000.00,524.00,262
1777321197365,23600.00,8035.00,260000.00,526.00,263
1777321197397,23150.00,8017.00,260000.00,524.00,262
1777321197429,23260.00,8010.00,260000.00,526.00,263
1777321197462,24140.00,8002.00,260000.00,524.00,262
1777321197495,24380.00,8055.00,260000.00,526.00,263
1777321197529,23150.00,8047.00,260000.00,524.00,262
1777321197559,23360.00,7927.00,260000.00,526.00,263
1777321197591,24000.00,8032.00,260000.00,524.00,262
1777321197645,23410.00,7965.00,260000.00,526.00,263
1777321197678,23030.00,7957.00,260000.00,524.00,262
1777321197712,23320.00,7950.00,260000.00,526.00,263
1777321197746,23070.00,7942.00,260000.00,524.00,262
1777321197778,24230.00,7995.00,260000.00,526.00,263
1777321197811,23420.00,8047.00,260000.00,524.00,262
1777321197843,23520.00,8040.00,260000.00,526.00,263
1777321197874,23630.00,8092.00,260000.00,524.00,262
1777321197907,23270.00,8145.00,260000.00,526.00,263
1777321197940,23670.00,8127.00,260000.00,524.00,262
1777321197971,23750.00,8130.00,260000.00,526.00,263
1777321198010,23140.00,8122.00,260000.00,524.00,262
1777321198043,23940.00,8062.00,260000.00,526.00,263
1777321198077,23700.00,8150.00,260000.00,524.00,262
1777321198110,23860.00,8100.00,260000.00,526.00,263
1777321198142,24190.00,8092.00,260000.00,524.00,262
1777321198174,23710.00,8085.00,260000.00,526.00,263
1777321198206,22620.00,8025.00,260000.00,524.00,262
1777321198238,23120.00,8116.00,260000.00,526.00,263
1777321198269,23580.00,8002.00,260000.00,524.00,262
1777321198301,22800.00,8055.00,260000.00,526.00,263
1777321198334,23160.00,8024.00,260000.00,524.00,262
1777321198370,24530.00,7980.00,260000.00,526.00,263
1777321198402,23930.00,8023.00,260000.00,524.00,262
1777321198434,22930.00,7965.00,260000.00,526.00,263
1777321198465,23300.00,8017.00,260000.00,524.00,262
1777321198495,23430.00,7950.00,260000.00,526.00,263
1777321198525,24020.00,7953.00,260000.00,524.00,262
1777321198557,23820.00,7995.00,260000.00,526.00,263
1777321198591,23660.00,8010.00,260000.00,524.00,262
1777321198622,23770.00,7929.00,260000.00,526.00,263
1777321198649,23690.00,7920.00,260000.00,524.00,262
1777321198680,24070.00,7912.00,260000.00,526.00,263
1777321198713,23240.00,8017.00,260000.00,524.00,262
1777321198743,23350.00,7979.00,260000.00,526.00,263
1777321198774,23350.00,8002.00,260000.00,524.00,262
1777321198827,24230.00,7882.00,260000.00,526.00,263
1777321198857,22900.00,7875.00,260000.00,524.00,262
1777321198888,23940.00,7927.00,260000.00,526.00,263
1777321198917,24220.00,7980.00,260000.00,524.00,262
1777321198946,23590.00,7928.00,260000.00,526.00,263
1777321198977,22760.00,7927.00,260000.00,524.00,262
1777321199009,23140.00,7927.00,260000.00,526.00,263
1777321199040,23740.00,7980.00,260000.00,524.00,262
1777321199092,23210.00,7937.00,260000.00,526.00,263
1777321199120,23600.00,7956.00,260000.00,524.00,262
1777321199152,23080.00,7927.00,260000.00,526.00,263
1777321199180,23250.00,7927.00,260000.00,524.00,262
1777321199208,23000.00,7980.00,260000.00,526.00,263
1777321199237,23510.00,7927.00,260000.00,524.00,262
1777321199288,23390.00,7979.00,260000.00,526.00,263
1777321199319,23790.00,7980.00,260000.00,524.00,262
1777321199349,23590.00,7980.00,260000.00,526.00,263
1777321199380,23010.00,7980.00,260000.00,524.00,262
1777321199412,23510.00,7980.00,260000.00,526.00,263
1777321199446,24830.00,7927.00,260000.00,524.00,262
1777321199477,24270.00,7927.00,260000.00,526.00,263
1777321199508,23920.00,7946.00,260000.00,524.00,262
1777321199539,23840.00,7927.00,260000.00,526.00,263
1777321199569,22600.00,7927.00,260000.00,524.00,262
1777321199623,23480.00,7980.00,260000.00,526.00,263
1777321199656,23170.00,7979.00,260000.00,524.00,262
1777321199688,24410.00,7927.00,260000.00,526.00,263
1777321199721,24080.00,7980.00,260000.00,524.00,262
1777321199751,23180.00,7875.00,260000.00,526.00,263
1777321199784,24170.00,7875.00,260000.00,524.00,262
1777321199817,23620.00,7927.00,260000.00,526.00,263
1777321199849,22850.00,7933.00,260000.00,524.00,262
1777321199881,24100.00,7927.00,260000.00,526.00,263
1777321199914,23820.00,7927.00,260000.00,524.00,262
1777321199947,23140.00,7925.00,260000.00,526.00,263
1777321199979,23620.00,7927.00,260000.00,524.00,262
1777321200013,23590.00,7980.00,260000.00,526.00,263
1777321200046,23490.00,7980.00,260000.00,524.00,262
1777321200079,23690.00,7979.00,260000.00,526.00,263
1777321200112,23730.00,7875.00,260000.00,524.00,262
1777321200145,23830.00,7927.00,260000.00,526.00,263
1777321200178,23910.00,7875.00,260000.00,524.00,262
1777321200209,23460.00,7875.00,260000.00,526.00,263
1777321200243,23290.00,7927.00,260000.00,524.00,262
1777321200277,23770.00,7906.00,260000.00,526.00,263
1777321200308,22990.00,7898.00,260000.00,524.00,262
1777321200343,23500.00,7927.00,260000.00,526.00,263
1777321200377,23650.00,7980.00,260000.00,524.00,262
1777321200409,23270.00,7979.00,260000.00,526.00,263
1777321200441,23750.00,7875.00,260000.00,524.00,262
1777321200475,24140.00,7927.00,260000.00,526.00,263
1777321200514,24110.00,7875.00,260000.00,524.00,262
1777321200546,23430.00,7875.00,260000.00,526.00,263
1777321200579,22880.00,7927.00,260000.00,524.00,262
1777321200613,24090.00,7927.00,260000.00,526.00,263
1777321200645,23560.00,7927.00,260000.00,524.00,262
1777321200679,23570.00,7896.00,260000.00,526.00,263
1777321200712,24170.00,7927.00,260000.00,524.00,262
1777321200745,23890.00,7927.00,260000.00,526.00,263
1777321200778,23800.00,7951.00,260000.00,524.00,262
1777321200811,23320.00,7875.00,260000.00,526.00,263
1777321200845,22970.00,7927.00,260000.00,524.00,262
1777321200878,23500.00,7980.00,260000.00,526.00,263
1777321200911,24380.00,7980.00,260000.00,524.00,262
1777321200944,23190.00,7888.00,260000.00,526.00,263
1777321200976,23170.00,7875.00,260000.00,524.00,262
1777321201008,23660.00,7927.00,260000.00,526.00,263
1777321201041,24110.00,7979.00,260000.00,524.00,262
1777321201073,23730.00,7928.00,260000.00,526.00,263
1777321201106,22940.00,7976.00,260000.00,524.00,262
1777321201140,23880.00,7927.00,260000.00,526.00,263
1777321201171,23410.00,7875.00,260000.00,524.00,262
1777321201206,23920.00,7927.00,260000.00,526.00,263
1777321201240,23850.00,7980.00,260000.00,524.00,262
1777321201272,23480.00,7927.00,260000.00,526.00,263
1777321201305,23110.00,7927.00,260000.00,524.00,262
1777321201333,23430.00,7927.00,260000.00,526.00,263
1777321201362,23890.00,7917.00,260000.00,524.00,262
1777321201390,24500.00,7927.00,260000.00,526.00,263
1777321201442,23220.00,7881.00,260000.00,524.00,262
1777321201472,23220.00,7927.00,260000.00,526.00,263
1777321201501,23110.00,7927.00,260000.00,524.00,262
1777321201530,23820.00,7875.00,260000.00,526.00,263
1777321201558,23540.00,7927.00,260000.00,524.00,262
1777321201586,23960.00,7927.00,260000.00,526.00,263
1777321201637,23130.00,7875.00,260000.00,524.00,262
1777321201666,24240.00,7875.00,260000.00,526.00,263
1777321201755,24310.00,7828.00,260000.00,524.00,262
1777321201778,23920.00,7822.00,260000.00,526.00,263
1777321201800,23740.00,7875.00,260000.00,524.00,262
1777321201845,23840.00,7780.00,260000.00,526.00,263
1777321201869,22980.00,7770.00,260000.00,524.00,262
1777321201892,23850.00,7822.00,260000.00,526.00,263
1777321201937,24050.00,7849.00,260000.00,524.00,262
1777321201961,24030.00,7875.00,260000.00,526.00,263
1777321202006,23610.00,7835.00,260000.00,524.00,262
1777321202030,23520.00,7822.00,260000.00,526.00,263
1777321202075,23860.00,7875.00,260000.00,524.00,262
1777321202099,23320.00,7875.00,260000.00,526.00,263
1777321202144,24070.00,7875.00,260000.00,524.00,262
1777321202171,23900.00,7822.00,260000.00,526.00,263
1777321202195,23350.00,7822.00,260000.00,524.00,262
1777321202241,23530.00,7846.00,260000.00,526.00,263
1777321202266,23450.00,7880.00,260000.00,524.00,262
1777321202311,23510.00,7867.00,260000.00,526.00,263
1777321202336,23360.00,7830.00,260000.00,524.00,262
1777321202361,23670.00,7924.00,260000.00,526.00,263
1777321202407,23480.00,7822.00,260000.00,524.00,262
1777321202431,24090.00,7822.00,260000.00,526.00,263
1777321202456,23700.00,7822.00,260000.00,524.00,262
1777321202503,22030.00,7795.00,260000.00,526.00,263
1777321202528,23770.00,7822.00,260000.00,524.00,262
1777321202574,22830.00,7809.00,260000.00,526.00,263
1777321202599,23820.00,7770.00,260000.00,524.00,262
1777321202625,23120.00,7875.00,260000.00,526.00,263
1777321202670,23220.00,7875.00,260000.00,524.00,262
1777321202696,23390.00,7825.00,260000.00,526.00,263
1777321202721,23560.00,7822.00,260000.00,524.00,262
1777321202768,23780.00,7875.00,260000.00,526.00,263
1777321202793,23870.00,7875.00,260000.00,524.00,262
1777321202840,24100.00,7875.00,260000.00,526.00,263
1777321202865,23410.00,7875.00,260000.00,524.00,262
1777321202892,23280.00,7875.00,260000.00,526.00,263
1777321202939,23700.00,7875.00,260000.00,524.00,262
1777321202964,23340.00,7875.00,260000.00,526.00,263
1777321202990,23630.00,7875.00,260000.00,524.00,262
1777321203656,47060.00,6901.00,260000.00,1050.00,525
1777321203681,8020.00,6982.00,260000.00,399.02,0
1777321203706,7950.00,6930.00,260000.00,397.48,0
1777321203751,8010.00,6888.00,260000.00,399.02,0
1777321203776,7790.00,6915.00,260000.00,397.48,0
1777321203821,7890.00,6982.00,260000.00,399.02,0
1777321203847,7890.00,6982.00,260000.00,397.48,0
1777321203873,23060.00,6930.00,260000.00,480.46,263
1777321203919,7830.00,6930.00,260000.00,397.48,0
1777321203945,7790.00,6981.00,260000.00,399.02,0
1777321203972,23770.00,6982.00,260000.00,483.98,262
1777321204018,23520.00,6878.00,260000.00,483.68,263
1777321204044,23260.00,6930.00,260000.00,484.90,262
1777321204070,23930.00,6900.00,260000.00,483.68,263
1777321204118,24370.00,6930.00,260000.00,489.50,262
1777321204143,23470.00,6892.00,260000.00,487.36,263
1777321204170,24160.00,6904.00,260000.00,482.14,262
1777321204217,24280.00,6930.00,260000.00,491.50,263
1777321204243,23020.00,6932.00,260000.00,482.60,262
1777321204270,23650.00,6895.00,260000.00,486.90,263
1777321204318,23520.00,6907.00,260000.00,486.28,262
1777321204345,23940.00,6897.00,260000.00,491.04,263
1777321204371,23690.00,6892.00,260000.00,478.92,262
1777321204419,23270.00,6929.00,260000.00,485.52,263
1777321204446,24040.00,6930.00,260000.00,480.30,262
1777321204472,23310.00,6982.00,260000.00,483.68,263
1777321204520,23830.00,6848.00,260000.00,484.44,262
1777321204546,23060.00,6900.00,260000.00,485.52,263
1777321204572,23370.00,6944.00,260000.00,483.52,262
1777321204620,23880.00,6901.00,260000.00,483.22,263
1777321204646,23170.00,6899.00,260000.00,488.58,262
1777321204673,23940.00,6893.00,260000.00,488.74,263
1777321204701,23670.00,6930.00,260000.00,484.44,262
1777321204749,23360.00,6982.00,260000.00,489.20,263
1777321204777,23450.00,6930.00,260000.00,480.76,262
1777321204804,23640.00,6930.00,260000.00,485.06,263
1777321204851,23710.00,6976.00,260000.00,489.50,262
1777321204878,23070.00,6930.00,260000.00,482.30,263
1777321204906,23290.00,6930.00,260000.00,489.04,262
1777321204932,24400.00,6906.00,260000.00,484.14,263
1777321204981,23460.00,6907.00,260000.00,483.52,262
1777321205009,22640.00,6900.00,260000.00,484.60,263
1777321205037,23430.00,6899.00,260000.00,484.90,262
1777321205086,23090.00,6930.00,260000.00,482.30,263
1777321205114,23840.00,6982.00,260000.00,480.30,262
1777321205142,22910.00,6930.00,260000.00,488.28,263
1777321205170,23840.00,6982.00,260000.00,482.60,262
1777321205220,23020.00,6888.00,260000.00,482.30,263
1777321205247,23060.00,6901.00,260000.00,482.60,262
1777321205275,23880.00,6951.00,260000.00,485.98,263
1777321205304,23180.00,6965.00,260000.00,483.52,262
1777321205332,24200.00,6896.00,260000.00,488.74,263
1777321205383,23200.00,6930.00,260000.00,485.82,262
1777321205411,23170.00,6930.00,260000.00,484.14,263
1777321205439,23120.00,6947.00,260000.00,485.82,262
1777321205468,24000.00,6930.00,260000.00,487.36,263
1777321205497,23840.00,6982.00,260000.00,481.68,262
1777321205547,23480.00,6982.00,260000.00,488.28,263
1777321205575,23860.00,6895.00,260000.00,489.04,262
1777321205603,23080.00,6892.00,260000.00,485.06,263
1777321205632,23570.00,6930.00,260000.00,483.52,262
1777321205682,24040.00,6930.00,260000.00,484.14,263
1777321205711,22760.00,6930.00,260000.00,485.82,262
1777321205740,24230.00,6930.00,260000.00,485.06,263
1777321205768,23360.00,6930.00,260000.00,484.90,262
1777321205796,23250.00,6932.00,260000.00,491.96,263
1777321205847,23560.00,6930.00,260000.00,483.06,262
1777321205877,24210.00,6930.00,260000.00,485.06,263
1777321205905,23470.00,6930.00,260000.00,483.06,262
1777321205934,24280.00,6899.00,260000.00,484.60,263
1777321205961,23670.00,6897.00,260000.00,481.22,262
1777321206013,23810.00,6930.00,260000.00,485.98,263
1777321206044,24100.00,6930.00,260000.00,482.60,262
1777321206074,23960.00,6981.00,260000.00,485.52,263
1777321206103,23540.00,6930.00,260000.00,479.38,262
1777321206129,23740.00,6897.00,260000.00,485.52,263
1777321206181,23440.00,6922.00,260000.00,484.44,262
1777321206210,24080.00,6895.00,260000.00,490.58,263
1777321206238,23970.00,6895.00,260000.00,484.44,262
1777321206267,23610.00,6930.00,260000.00,485.52,263
1777321206297,23650.00,6899.00,260000.00,482.14,262
1777321206347,24830.00,6930.00,260000.00,482.30,263
1777321206377,23600.00,6877.00,260000.00,483.98,262
1777321206405,23390.00,6930.00,260000.00,485.52,263
1777321206436,23440.00,6947.00,260000.00,478.92,262
1777321206466,23390.00,6930.00,260000.00,483.68,263
1777321206494,23930.00,6930.00,260000.00,480.30,262
1777321206549,23980.00,6930.00,260000.00,482.76,263
1777321206577,24340.00,6877.00,260000.00,483.52,262
1777321206605,24410.00,6930.00,260000.00,480.00,263
1777321206634,23820.00,6902.00,260000.00,485.82,262
1777321206664,23410.00,6982.00,260000.00,485.52,263
1777321206693,24560.00,6930.00,260000.00,483.98,262
1777321206723,24030.00,6947.00,260000.00,484.14,263
1777321206774,23450.00,6982.00,260000.00,480.76,262
1777321206804,24020.00,6982.00,260000.00,484.60,263
1777321206834,24280.00,7035.00,260000.00,485.36,262
1777321206863,23940.00,7002.00,260000.00,488.28,263
1777321206891,23510.00,6999.00,260000.00,483.52,262
1777321206921,23820.00,7046.00,260000.00,484.14,263
1777321206970,23540.00,6982.00,260000.00,489.96,262
1777321207000,24180.00,7035.00,260000.00,489.20,263
1777321207030,22870.00,7035.00,260000.00,486.28,262
1777321207062,24060.00,7034.00,260000.00,488.28,263
1777321207092,23960.00,6946.00,260000.00,484.44,262
1777321207125,24040.00,6982.00,260000.00,489.66,263
1777321207158,23870.00,7035.00,260000.00,485.36,262
1777321207187,23870.00,7004.00,260000.00,485.52,263
1777321207237,23150.00,7035.00,260000.00,487.20,262
1777321207268,23360.00,7035.00,260000.00,481.84,263
1777321207298,24320.00,7019.00,260000.00,484.44,262
1777321207326,23260.00,7035.00,260000.00,487.82,263
1777321207357,24140.00,6982.00,260000.00,476.16,262
1777321207388,23860.00,7035.00,260000.00,485.52,263
1777321207417,23790.00,7035.00,260000.00,486.74,262
1777321207467,24040.00,7010.00,260000.00,489.66,263
1777321207497,23330.00,7035.00,260000.00,483.06,262
1777321207526,23700.00,7035.00,260000.00,485.52,263
1777321207554,22910.00,7005.00,260000.00,486.74,262
1777321207582,24040.00,7004.00,260000.00,485.52,263
1777321207634,23080.00,6982.00,260000.00,488.12,262
1777321207663,24090.00,6982.00,260000.00,485.06,263
1777321207695,23340.00,7035.00,260000.00,488.12,262
1777321207725,23560.00,7035.00,260000.00,482.30,263
1777321207754,23310.00,6949.00,260000.00,484.90,262
1777321207784,22890.00,6982.00,260000.00,488.28,263
1777321207814,23390.00,7019.00,260000.00,482.14,262
1777321207869,23890.00,6982.00,260000.00,485.98,263
1777321207901,23180.00,6954.00,260000.00,483.52,262
1777321207931,22590.00,6982.00,260000.00,480.00,263
1777321207961,23500.00,6982.00,260000.00,485.36,262
1777321207992,23970.00,6982.00,260000.00,488.28,263
1777321208022,22800.00,6982.00,260000.00,483.52,262
1777321208053,23270.00,7035.00,260000.00,486.90,263
1777321208083,23950.00,7052.00,260000.00,484.90,262
1777321208115,23610.00,7140.00,260000.00,480.92,263
1777321208146,23400.00,7192.00,260000.00,479.38,262
1777321208176,23590.00,7221.00,260000.00,483.22,263
1777321208235,23410.00,7297.00,260000.00,480.76,262
1777321208266,23640.00,7350.00,260000.00,485.98,263
1777321208299,23290.00,7402.00,260000.00,480.30,262
1777321208331,23840.00,7455.00,260000.00,480.46,263
1777321208363,23860.00,7507.00,260000.00,487.66,262
1777321208393,24350.00,7529.00,260000.00,488.74,263
1777321208424,23930.00,7612.00,260000.00,479.84,262
1777321208456,24000.00,7665.00,260000.00,483.68,263
1777321208486,24060.00,7686.00,260000.00,483.52,262
1777321208517,23610.00,7739.00,260000.00,480.92,263
1777321208550,23050.00,7822.00,260000.00,486.28,262
1777321208581,23410.00,7845.00,260000.00,484.60,263
1777321208613,22220.00,7925.00,260000.00,489.04,262
1777321208646,23140.00,7980.00,260000.00,482.30,263
1777321208677,22870.00,7927.00,260000.00,482.14,262
1777321208708,23700.00,7927.00,260000.00,489.66,263
1777321208763,23300.00,7899.00,260000.00,487.66,262
1777321208796,23600.00,7890.00,260000.00,489.20,263
1777321208828,23740.00,7927.00,260000.00,485.36,262
1777321208861,23730.00,7887.00,260000.00,480.00,263
1777321208891,23420.00,7907.00,260000.00,480.76,262
1777321208925,23000.00,7927.00,260000.00,476.32,263
1777321208957,23900.00,7924.00,260000.00,476.16,262
1777321208992,23590.00,7875.00,260000.00,477.70,263
1777321209025,24430.00,7897.00,260000.00,480.76,262
1777321209058,23130.00,7910.00,260000.00,480.92,263
1777321209090,23180.00,7909.00,260000.00,479.38,262
1777321209264,47750.00,7699.00,260000.00,958.46,525
1777321209286,22590.00,7763.00,260000.00,484.60,263
1777321209331,23790.00,7753.00,260000.00,481.68,262
1777321209354,24090.00,7724.00,260000.00,483.22,263
1777321209398,23570.00,7717.00,260000.00,484.90,262
1777321209422,23950.00,7770.00,260000.00,486.44,263
1777321209467,22810.00,7696.00,260000.00,487.66,262
1777321209491,23560.00,7739.00,260000.00,486.44,263
1777321209515,23710.00,7768.00,260000.00,481.68,262
1777321209560,23310.00,7726.00,260000.00,487.36,263
1777321209584,24080.00,7721.00,260000.00,485.36,262
1777321209629,23410.00,7751.00,260000.00,490.58,263
1777321209652,24530.00,7704.00,260000.00,477.54,262
1777321209698,24080.00,7685.00,260000.00,487.36,263
1777321209722,23220.00,7717.00,260000.00,485.82,262
1777321209768,23500.00,7694.00,260000.00,491.96,263
1777321209792,22980.00,7681.00,260000.00,483.52,262
1777321209816,23730.00,7701.00,260000.00,486.44,263
1777321209861,23230.00,7688.00,260000.00,482.14,262
1777321209886,23690.00,7717.00,260000.00,484.60,263
1777321209931,23370.00,7754.00,260000.00,481.68,262
1777321209955,23560.00,7718.00,260000.00,487.82,263
1777321210001,23460.00,7752.00,260000.00,482.60,262
1777321210025,23920.00,7752.00,260000.00,486.44,263
1777321210050,24540.00,7717.00,260000.00,486.28,262
1777321210095,23860.00,7717.00,260000.00,483.22,263
1777321210121,23560.00,7683.00,260000.00,484.90,262
1777321210167,24070.00,7682.00,260000.00,486.44,263
1777321210191,23860.00,7716.00,260000.00,481.68,262
1777321210217,23870.00,7762.00,260000.00,480.46,263
1777321210263,23370.00,7717.00,260000.00,484.44,262
1777321210288,24000.00,7703.00,260000.00,485.06,263
1777321210334,23490.00,7750.00,260000.00,483.06,262
1777321210361,24090.00,7683.00,260000.00,484.60,263
1777321210386,23750.00,7735.00,260000.00,482.14,262
1777321210433,24160.00,7730.00,260000.00,492.88,263
1777321210459,23910.00,7691.00,260000.00,484.90,262
1777321210484,23640.00,7684.00,260000.00,480.46,263
1777321210531,23620.00,7717.00,260000.00,482.60,262
1777321210556,23700.00,7753.00,260000.00,483.68,263
1777321210580,23890.00,7754.00,260000.00,488.58,262
1777321210628,22920.00,7717.00,260000.00,483.68,263
1777321210652,23270.00,7717.00,260000.00,482.14,262
1777321210699,23200.00,7717.00,260000.00,484.60,263
1777321210725,23020.00,7717.00,260000.00,483.52,262
1777321210749,24340.00,7717.00,260000.00,487.82,263
1777321210796,24190.00,7767.00,260000.00,482.14,262
1777321210821,23990.00,7717.00,260000.00,482.30,263
1777321210845,23620.00,7770.00,260000.00,483.98,262
1777321210894,24480.00,7717.00,260000.00,476.78,263
1777321210919,23430.00,7752.00,260000.00,478.46,262
1777321210944,23790.00,7752.00,260000.00,481.38,263
1777321210992,24120.00,7717.00,260000.00,479.84,262
1777321211019,24210.00,7769.00,260000.00,482.30,263
1777321211046,23760.00,7770.00,260000.00,479.38,262
1777321211093,22950.00,7717.00,260000.00,486.44,263
1777321211120,22850.00,7750.00,260000.00,473.86,262
1777321211148,23870.00,7783.00,260000.00,480.46,263
1777321211174,23020.00,7805.00,260000.00,476.16,262
1777321211223,23430.00,7754.00,260000.00,480.92,263
1777321211249,22670.00,7717.00,260000.00,477.08,262
1777321211274,23770.00,7752.00,260000.00,479.08,263
1777321211323,23820.00,7751.00,260000.00,479.84,262
1777321211349,23200.00,7770.00,260000.00,482.76,263
1777321211374,23780.00,7736.00,260000.00,480.76,262
1777321211421,23820.00,7752.00,260000.00,482.76,263
1777321211447,24050.00,7717.00,260000.00,473.40,262
1777321211478,24030.00,7717.00,260000.00,479.08,263
1777321211526,23640.00,7750.00,260000.00,476.62,262
1777321211552,22940.00,7770.00,260000.00,478.62,263
1777321211581,24010.00,7770.00,260000.00,478.00,262
1777321211607,23890.00,7770.00,260000.00,481.38,263
1777321211655,22980.00,7719.00,260000.00,476.16,262
1777321211683,23350.00,7717.00,260000.00,488.74,263
1777321211709,23920.00,7754.00,260000.00,473.86,262
1777321211757,23770.00,7717.00,260000.00,484.60,263
1777321211784,23100.00,7717.00,260000.00,478.46,262
1777321211810,23570.00,7770.00,260000.00,480.46,263
1777321211837,23540.00,7770.00,260000.00,478.46,262
1777321211885,23930.00,7753.00,260000.00,476.78,263
1777321211912,22900.00,7752.00,260000.00,473.86,262
1777321211940,23600.00,7717.00,260000.00,475.86,263
1777321211995,23930.00,7717.00,260000.00,477.54,262
1777321212023,23240.00,7717.00,260000.00,480.92,263
1777321212049,23410.00,7717.00,260000.00,472.48,262
1777321212076,23490.00,7753.00,260000.00,477.24,263
1777321212103,23440.00,7753.00,260000.00,481.22,262
1777321212150,23780.00,7717.00,260000.00,482.30,263
1777321212175,22960.00,7753.00,260000.00,479.84,262
1777321212224,23680.00,7717.00,260000.00,482.30,263
1777321212250,23240.00,7717.00,260000.00,477.54,262
1777321212275,23580.00,7729.00,260000.00,480.92,263
1777321212301,23460.00,7770.00,260000.00,483.98,262
1777321212347,23130.00,7717.00,260000.00,479.54,263
1777321212374,23060.00,7717.00,260000.00,483.06,262
1777321212398,23960.00,7717.00,260000.00,481.38,263
1777321212447,22950.00,7753.00,260000.00,476.62,262
1777321212472,23980.00,7767.00,260000.00,479.08,263
1777321212521,22800.00,7717.00,260000.00,478.92,262
1777321212547,22920.00,7752.00,260000.00,487.82,263
1777321212572,23880.00,7753.00,260000.00,474.78,262
1777321212618,24210.00,7717.00,260000.00,487.36,263
1777321212645,23800.00,7717.00,260000.00,477.54,262
1777321212671,24890.00,7736.00,260000.00,486.44,263
1777321212719,23100.00,7717.00,260000.00,484.44,262
1777321212746,24360.00,7751.00,260000.00,480.00,263
1777321212773,23660.00,7718.00,260000.00,483.98,262
1777321212799,23710.00,7717.00,260000.00,480.92,263
1777321212852,23600.00,7718.00,260000.00,481.68,262
1777321212879,23580.00,7752.00,260000.00,484.14,263
1777321212904,23020.00,7789.00,260000.00,480.76,262
1777321212928,23600.00,7770.00,260000.00,487.82,263
1777321212978,23950.00,7717.00,260000.00,489.50,262
1777321213008,23720.00,7682.00,260000.00,486.90,263
1777321213038,23580.00,7717.00,260000.00,482.14,262
1777321213067,23680.00,7753.00,260000.00,474.48,263
1777321213096,23700.00,7758.00,260000.00,475.70,262
1777321213148,24550.00,7692.00,260000.00,484.14,263
1777321213179,24000.00,7741.00,260000.00,481.22,262
1777321213210,24240.00,7751.00,260000.00,484.60,263
1777321213240,23510.00,7770.00,260000.00,489.50,262
1777321213270,23900.00,7737.00,260000.00,476.32,263
1777321213300,23460.00,7770.00,260000.00,482.14,262
1777321213352,23690.00,7689.00,260000.00,478.62,263
1777321213382,23250.00,7754.00,260000.00,480.76,262
1777321213412,23790.00,7717.00,260000.00,471.26,263
1777321213443,23620.00,7690.00,260000.00,478.46,262
1777321213474,24210.00,7721.00,260000.00,482.30,263
1777321213504,23400.00,7752.00,260000.00,477.54,262
1777321213535,23420.00,7717.00,260000.00,479.08,263
1777321213564,23350.00,7753.00,260000.00,479.84,262
1777321213613,23700.00,7719.00,260000.00,480.00,263
1777321213640,23320.00,7686.00,260000.00,478.00,262
1777321213674,23920.00,7685.00,260000.00,481.84,263
1777321213704,23440.00,7717.00,260000.00,480.30,262
1777321213732,24010.00,7738.00,260000.00,480.46,263
1777321213760,23660.00,7798.00,260000.00,480.30,262
1777321213809,24360.00,7717.00,260000.00,477.24,263
1777321213836,22990.00,7770.00,260000.00,473.40,262
1777321213863,24120.00,7739.00,260000.00,473.56,263
1777321213890,24080.00,7743.00,260000.00,479.84,262
1777321213941,23910.00,7717.00,260000.00,485.98,263
1777321213969,23960.00,7683.00,260000.00,482.60,262
1777321213998,23480.00,7735.00,260000.00,480.00,263
1777321214026,23150.00,7800.00,260000.00,481.22,262
1777321214077,23800.00,7717.00,260000.00,482.76,263
1777321214105,22860.00,7742.00,260000.00,479.84,262
1777321214135,23520.00,7803.00,260000.00,484.14,263
1777321214165,23250.00,7855.00,260000.00,484.44,262
1777321214194,24080.00,7908.00,260000.00,482.30,263
1777321214224,24530.00,7960.00,260000.00,487.66,262
1777321214278,24230.00,7914.00,260000.00,478.16,263
1777321214309,23420.00,7909.00,260000.00,472.48,262
1777321214340,22470.00,7927.00,260000.00,474.02,263
1777321214370,24210.00,7879.00,260000.00,476.62,262
1777321214399,23480.00,7923.00,260000.00,474.02,263
1777321214429,23980.00,7927.00,260000.00,472.48,262
1777321214459,24010.00,7932.00,260000.00,474.02,263
1777321214488,23780.00,7934.00,260000.00,472.48,262
1777321214540,23860.00,7950.00,260000.00,474.02,263
1777321214568,24780.00,7920.00,260000.00,483.06,262
1777321214599,23680.00,7875.00,260000.00,477.24,263
1777321214628,23550.00,7898.00,260000.00,483.52,262
1777321214659,24040.00,7977.00,260000.00,487.36,263
1777321214689,23250.00,7959.00,260000.00,481.68,262
1777321214744,23580.00,7932.00,260000.00,476.32,263
1777321214772,23930.00,7950.00,260000.00,472.94,262
1777321214802,24110.00,7921.00,260000.00,487.36,263
1777321214830,23320.00,7945.00,260000.00,477.54,262
1777321214864,23890.00,7962.00,260000.00,480.46,263
1777321214894,23090.00,7894.00,260000.00,476.16,262
1777321214926,24120.00,7927.00,260000.00,472.64,263
1777321214956,24250.00,7961.00,260000.00,478.46,262
1777321214987,23810.00,7902.00,260000.00,481.84,263
1777321215021,24170.00,7927.00,260000.00,478.46,262
1777321215050,23820.00,7895.00,260000.00,477.70,263
1777321215105,23130.00,7927.00,260000.00,476.62,262
1777321215137,23680.00,7910.00,260000.00,474.94,263
1777321215168,24030.00,7963.00,260000.00,476.16,262
1777321215201,23580.00,7962.00,260000.00,478.62,263
1777321215231,24080.00,7877.00,260000.00,486.28,262
1777321215263,23760.00,7927.00,260000.00,491.50,263
1777321215296,24250.00,7941.00,260000.00,489.50,262
1777321215328,23510.00,7892.00,260000.00,491.50,263
1777321215359,23270.00,7928.00,260000.00,489.50,262
1777321215391,22720.00,7962.00,260000.00,491.50,263
1777321215421,23360.00,7926.00,260000.00,489.50,262
1777321215454,23790.00,7913.00,260000.00,491.50,263
1777321215487,23510.00,7933.00,260000.00,489.50,262
1777321215517,23500.00,7927.00,260000.00,491.50,263
1777321215547,23450.00,7890.00,260000.00,489.50,262
1777321215599,24120.00,7912.00,260000.00,485.52,263
1777321215630,23320.00,7927.00,260000.00,483.52,262
1777321215659,23310.00,7894.00,260000.00,485.98,263
1777321215687,23660.00,7894.00,260000.00,485.36,262
1777321215716,22880.00,7927.00,260000.00,487.82,263
1777321215745,23610.00,7894.00,260000.00,480.30,262
1777321215800,23990.00,7927.00,260000.00,490.58,263
1777321215830,23830.00,7926.00,260000.00,484.90,262
1777321215861,24050.00,7875.00,260000.00,486.44,263
1777321215891,22930.00,7927.00,260000.00,480.76,262
1777321215920,23830.00,7894.00,260000.00,481.38,263
1777321215950,23170.00,7927.00,260000.00,473.40,262
1777321215983,23640.00,7927.00,260000.00,475.40,263
1777321216014,24130.00,7897.00,260000.00,477.08,262
1777321216043,23420.00,7897.00,260000.00,480.00,263
1777321216097,23540.00,7927.00,260000.00,479.84,262
1777321216127,23800.00,7927.00,260000.00,479.08,263
1777321216158,22700.00,7927.00,260000.00,475.24,262
1777321216190,24220.00,7843.00,260000.00,480.46,263
1777321216222,22970.00,7927.00,260000.00,489.50,262
1777321216255,24370.00,7927.00,260000.00,491.50,263
1777321216286,24050.00,7875.00,260000.00,489.50,262
1777321216317,22680.00,7890.00,260000.00,491.50,263
1777321216350,23990.00,7927.00,260000.00,489.50,262
1777321216382,23290.00,7926.00,260000.00,491.50,263
1777321216412,23670.00,7893.00,260000.00,489.50,262
1777321216444,23650.00,7927.00,260000.00,491.50,263
1777321216475,23400.00,7927.00,260000.00,489.50,262
1777321216530,23780.00,7905.00,260000.00,489.66,263
1777321216563,22590.00,7927.00,260000.00,478.46,262
1777321216596,23990.00,7884.00,260000.00,486.90,263
1777321216628,24180.00,7872.00,260000.00,483.06,262
1777321216662,23580.00,7927.00,260000.00,483.68,263
1777321216694,23830.00,7922.00,260000.00,482.14,262
1777321216727,23830.00,7875.00,260000.00,491.50,263
1777321216759,23620.00,7927.00,260000.00,489.50,262
1777321216790,24210.00,7894.00,260000.00,491.50,263
1777321216822,23720.00,7914.00,260000.00,489.50,262
1777321216852,23660.00,7875.00,260000.00,491.50,263
1777321216882,24510.00,7892.00,260000.00,489.50,262
1777321216916,24110.00,7927.00,260000.00,491.50,263
1777321216949,23230.00,7892.00,260000.00,481.68,262
1777321216980,23090.00,7893.00,260000.00,490.58,263
1777321217011,23900.00,7927.00,260000.00,487.20,262
1777321217045,23950.00,7927.00,260000.00,477.24,263
1777321217077,24550.00,7927.00,260000.00,479.38,262
1777321217108,23270.00,7927.00,260000.00,486.44,263
1777321217141,23730.00,7892.00,260000.00,485.36,262
1777321217175,23570.00,7927.00,260000.00,483.22,263
1777321217206,23050.00,7927.00,260000.00,484.90,262
1777321217260,23590.00,7901.00,260000.00,483.68,263
1777321217372,23660.00,7753.00,260000.00,478.92,262
1777321217394,24060.00,7770.00,260000.00,489.20,263
1777321217418,23710.00,7770.00,260000.00,488.12,262
1777321217462,23660.00,7770.00,260000.00,483.68,263
1777321217486,24290.00,7739.00,260000.00,483.06,262
1777321217530,23640.00,7770.00,260000.00,489.66,263
1777321217554,23450.00,7770.00,260000.00,485.82,262
1777321217578,23470.00,7765.00,260000.00,484.60,263
1777321217623,23300.00,7783.00,260000.00,484.44,262
1777321217647,24390.00,7787.00,260000.00,484.60,263
1777321217691,23240.00,7743.00,260000.00,483.52,262
1777321217716,23980.00,7822.00,260000.00,482.30,263
1777321217761,23690.00,7770.00,260000.00,482.14,262
1777321217785,23550.00,7739.00,260000.00,483.68,263
1777321217810,24560.00,7774.00,260000.00,483.06,262
1777321217855,23270.00,7822.00,260000.00,486.90,263
1777321217879,23360.00,7822.00,260000.00,482.14,262
1777321217924,23840.00,7770.00,260000.00,488.28,263
1777321217950,23760.00,7734.00,260000.00,483.52,262
1777321217974,24020.00,7787.00,260000.00,486.44,263
1777321218019,23670.00,7744.00,260000.00,478.92,262
1777321218044,24380.00,7769.00,260000.00,477.70,263
1777321218089,23950.00,7740.00,260000.00,478.00,262
1777321218114,23720.00,7771.00,260000.00,481.38,263
1777321218138,23550.00,7854.00,260000.00,478.92,262
1777321218184,23130.00,7807.00,260000.00,480.00,263
1777321218208,23810.00,7821.00,260000.00,487.20,262
1777321218254,23170.00,7807.00,260000.00,479.08,263
1777321218279,24170.00,7737.00,260000.00,472.94,262
1777321218324,23660.00,7779.00,260000.00,477.24,263
1777321218349,22810.00,7821.00,260000.00,479.84,262
1777321218374,23980.00,7790.00,260000.00,477.70,263
1777321218421,23860.00,7798.00,260000.00,479.38,262
1777321218445,23300.00,7817.00,260000.00,480.00,263
1777321218470,23520.00,7820.00,260000.00,481.22,262
1777321218516,23120.00,7770.00,260000.00,474.94,263
1777321218541,24040.00,7822.00,260000.00,480.76,262
1777321218587,23540.00,7770.00,260000.00,485.06,263
1777321218613,23360.00,7790.00,260000.00,478.92,262
1777321218638,23890.00,7821.00,260000.00,477.70,263
1777321218685,22730.00,7745.00,260000.00,480.30,262
1777321218711,23030.00,7773.00,260000.00,480.46,263
1777321218738,23380.00,7781.00,260000.00,481.68,262
1777321218785,23650.00,7770.00,260000.00,480.00,263
1777321218810,23060.00,7822.00,260000.00,483.06,262
1777321218836,24380.00,7789.00,260000.00,480.46,263
1777321218882,23280.00,7830.00,260000.00,474.78,262
1777321218908,23970.00,7800.00,260000.00,474.94,263
1777321218934,23250.00,7822.00,260000.00,481.22,262
1777321218982,23640.00,7804.00,260000.00,479.54,263
1777321219008,23680.00,7770.00,260000.00,479.38,262
1777321219034,23480.00,7776.00,260000.00,476.32,263
1777321219081,23600.00,7822.00,260000.00,478.00,262
1777321219107,23310.00,7830.00,260000.00,478.62,263
1777321219133,23890.00,7791.00,260000.00,479.38,262
1777321219180,23350.00,7770.00,260000.00,477.24,263
1777321219206,23510.00,7770.00,260000.00,478.46,262
1777321219232,23920.00,7822.00,260000.00,481.38,263
1777321219278,23150.00,7844.00,260000.00,473.40,262
1777321219303,23860.00,7792.00,260000.00,477.70,263
1777321219329,23180.00,7791.00,260000.00,483.52,262
1777321219375,23490.00,7803.00,260000.00,480.00,263
1777321219401,23340.00,7794.00,260000.00,474.32,262
1777321219426,22990.00,7793.00,260000.00,489.20,263
1777321219473,24210.00,7800.00,260000.00,480.30,262
1777321219499,23820.00,7770.00,260000.00,479.08,263
1777321219547,24140.00,7802.00,260000.00,482.14,262
1777321219573,23750.00,7822.00,260000.00,489.66,263
1777321219599,23340.00,7822.00,260000.00,483.06,262
1777321219625,24110.00,7851.00,260000.00,483.68,263
1777321219672,22620.00,7736.00,260000.00,482.60,262
1777321219698,23620.00,7804.00,260000.00,476.78,263
1777321219724,24240.00,7856.00,260000.00,478.92,262
1777321219773,23190.00,7822.00,260000.00,492.88,263
1777321219801,23420.00,7822.00,260000.00,483.06,262
1777321219830,23610.00,7822.00,260000.00,484.14,263
1777321219876,24070.00,7802.00,260000.00,484.44,262
1777321219901,24230.00,7802.00,260000.00,482.30,263
1777321219926,22850.00,7822.00,260000.00,484.44,262
1777321219974,24140.00,7802.00,260000.00,474.02,263
1777321220001,23610.00,7770.00,260000.00,472.48,262
1777321220027,24030.00,7820.00,260000.00,474.02,263
1777321220075,23850.00,7801.00,260000.00,472.48,262
1777321220101,24500.00,7822.00,260000.00,474.02,263
1777321220129,24300.00,7822.00,260000.00,472.48,262
1777321220157,23910.00,7792.00,260000.00,474.02,263
1777321220211,23370.00,7802.00,260000.00,472.48,262
1777321220240,23150.00,7811.00,260000.00,474.02,263
1777321220268,22930.00,7822.00,260000.00,472.48,262
1777321220296,23010.00,7822.00,260000.00,474.02,263
1777321220324,23150.00,7857.00,260000.00,472.48,262
1777321220374,24390.00,7770.00,260000.00,491.04,263
1777321220401,23590.00,7807.00,260000.00,480.76,262
1777321220425,23590.00,7823.00,260000.00,483.68,263
1777321220451,23330.00,7874.00,260000.00,485.36,262
1777321220500,23950.00,7770.00,260000.00,491.04,263
1777321220526,23580.00,7807.00,260000.00,488.58,262
1777321220552,24160.00,7860.00,260000.00,478.62,263
1777321220601,23430.00,7822.00,260000.00,489.04,262
1777321220626,23040.00,7822.00,260000.00,489.20,263
1777321220654,23090.00,7857.00,260000.00,484.90,262
1777321220704,23340.00,7770.00,260000.00,487.36,263
1777321220730,24020.00,7806.00,260000.00,483.52,262
1777321220758,23920.00,7769.00,260000.00,485.06,263
1777321220787,23810.00,7787.00,260000.00,486.28,262
1777321220840,24260.00,7813.00,260000.00,483.68,263
1777321220869,22900.00,7818.00,260000.00,487.20,262
1777321220899,23450.00,7822.00,260000.00,485.98,263
1777321220928,24020.00,7827.00,260000.00,483.52,262
1777321220961,23810.00,7779.00,260000.00,485.98,263
1777321220990,23610.00,7822.00,260000.00,483.06,262
1777321221021,23700.00,7852.00,260000.00,482.30,263
1777321221072,23520.00,7770.00,260000.00,472.48,262
1777321221102,23330.00,7822.00,260000.00,484.14,263
1777321221130,23350.00,7822.00,260000.00,472.48,262
1777321221162,24560.00,7822.00,260000.00,474.02,263
1777321221192,23520.00,7853.00,260000.00,472.48,262
1777321221221,23330.00,7822.00,260000.00,474.02,263
1777321221251,23240.00,7773.00,260000.00,472.48,262
1777321221303,24070.00,7807.00,260000.00,474.02,263
1777321221332,23680.00,7770.00,260000.00,472.48,262
1777321221361,23890.00,7807.00,260000.00,474.02,263
1777321221391,23160.00,7835.00,260000.00,472.48,262
1777321221422,23710.00,7825.00,260000.00,474.02,263
1777321221451,23340.00,7792.00,260000.00,472.48,262
1777321221480,24040.00,7822.00,260000.00,474.02,263
1777321221532,23530.00,7814.00,260000.00,472.48,262
1777321221563,23520.00,7822.00,260000.00,474.02,263
1777321221593,23320.00,7822.00,260000.00,472.48,262
1777321221624,23640.00,7828.00,260000.00,474.02,263
1777321221656,23770.00,7792.00,260000.00,472.48,262
1777321221687,23050.00,7792.00,260000.00,474.02,263
1777321221720,23500.00,7822.00,260000.00,472.48,262
1777321221749,23400.00,7792.00,260000.00,474.02,263
1777321221803,23730.00,7809.00,260000.00,472.48,262
1777321221833,23490.00,7766.00,260000.00,479.08,263
1777321221865,23420.00,7814.00,260000.00,472.48,262
1777321221895,23940.00,7770.00,260000.00,474.02,263
1777321221925,23430.00,7792.00,260000.00,472.48,262
1777321221957,23640.00,7857.00,260000.00,474.02,263
1777321221988,23720.00,7855.00,260000.00,482.14,262
1777321222019,24170.00,7790.00,260000.00,479.08,263
1777321222049,23670.00,7792.00,260000.00,472.48,262
1777321222081,23450.00,7822.00,260000.00,474.02,263
1777321222110,23500.00,7792.00,260000.00,472.48,262
1777321222163,23910.00,7770.00,260000.00,474.02,263
1777321222192,23260.00,7770.00,260000.00,472.48,262
1777321222221,23070.00,7805.00,260000.00,474.02,263
1777321222248,22970.00,7858.00,260000.00,472.48,262
1777321222278,23690.00,7821.00,260000.00,477.24,263
1777321222317,23530.00,7904.00,260000.00,476.16,262
1777321222346,23830.00,7925.00,260000.00,475.40,263
1777321222379,23360.00,8009.00,260000.00,479.38,262
1777321222411,23670.00,7931.00,260000.00,489.20,263
1777321222442,23600.00,7950.00,260000.00,482.14,262
1777321222496,24570.00,7923.00,260000.00,486.44,263
1777321222523,23030.00,7927.00,260000.00,481.68,262
1777321222554,22910.00,7927.00,260000.00,481.38,263
1777321222586,22870.00,7932.00,260000.00,485.36,262
1777321222619,23840.00,7962.00,260000.00,484.14,263
1777321222651,23570.00,7962.00,260000.00,478.46,262
1777321222680,23710.00,7932.00,260000.00,486.90,263
1777321222712,24370.00,7892.00,260000.00,481.68,262
1777321222745,24150.00,7961.00,260000.00,484.60,263
1777321222776,24050.00,7961.00,260000.00,484.44,262
1777321222809,23490.00,7926.00,260000.00,485.06,263
1777321222838,23670.00,7955.00,260000.00,486.74,262
1777321222888,23970.00,7917.00,260000.00,486.90,263
1777321222917,24260.00,7896.00,260000.00,483.52,262
1777321222946,23720.00,7928.00,260000.00,487.36,263
1777321222975,24330.00,7962.00,260000.00,483.06,262
1777321223003,24160.00,7962.00,260000.00,490.58,263
1777321223032,23140.00,7925.00,260000.00,485.82,262
1777321223082,23890.00,7959.00,260000.00,480.46,263
1777321223111,23360.00,7960.00,260000.00,478.92,262
1777321223142,23410.00,7927.00,260000.00,485.52,263
1777321223172,24200.00,7927.00,260000.00,482.14,262
1777321223202,23990.00,7896.00,260000.00,483.22,263
1777321223233,23220.00,7964.00,260000.00,480.30,262
1777321223287,24200.00,7959.00,260000.00,478.62,263
1777321223319,24610.00,7957.00,260000.00,475.24,262
1777321223352,23920.00,7957.00,260000.00,481.84,263
1777321223383,23120.00,7943.00,260000.00,478.00,262
1777321223412,22870.00,7927.00,260000.00,476.78,263
1777321223441,23250.00,7960.00,260000.00,472.94,262
1777321223469,23370.00,7929.00,260000.00,479.08,263
1777321223498,23830.00,7961.00,260000.00,476.16,262
1777321223547,23960.00,7927.00,260000.00,479.54,263
1777321223576,24260.00,7898.00,260000.00,471.10,262
1777321223605,23540.00,7962.00,260000.00,478.16,263
1777321223633,24010.00,7960.00,260000.00,472.02,262
1777321223682,23660.00,7959.00,260000.00,477.70,263
1777321223711,23890.00,7961.00,260000.00,474.78,262
1777321223740,23880.00,7955.00,260000.00,477.24,263
1777321223768,22660.00,7898.00,260000.00,478.92,262
1777321223796,23540.00,7932.00,260000.00,480.00,263
1777321223845,23660.00,7882.00,260000.00,477.08,262
1777321223874,24000.00,7927.00,260000.00,484.14,263
1777321223903,23900.00,7927.00,260000.00,477.08,262
1777321223932,23460.00,7897.00,260000.00,474.02,263
1777321223963,24400.00,7899.00,260000.00,482.14,262
1777321224016,24100.00,7927.00,260000.00,481.38,263
1777321224049,23610.00,7887.00,260000.00,480.30,262
1777321224080,23090.00,7896.00,260000.00,483.68,263
1777321224109,23620.00,7927.00,260000.00,477.08,262
1777321224140,24100.00,7958.00,260000.00,491.50,263
1777321224170,24200.00,7927.00,260000.00,489.50,262
1777321224202,23870.00,7890.00,260000.00,491.50,263
1777321224232,23620.00,7927.00,260000.00,489.50,262
1777321224262,22980.00,7927.00,260000.00,491.50,263
1777321224291,24220.00,7929.00,260000.00,489.50,262
1777321224341,24060.00,7958.00,260000.00,491.50,263
1777321224370,22840.00,7962.00,260000.00,489.50,262
1777321224399,24740.00,7960.00,260000.00,491.50,263
1777321224427,24070.00,7958.00,260000.00,489.50,262
1777321224460,23470.00,7890.00,260000.00,491.50,263
1777321224512,24110.00,7902.00,260000.00,489.50,262
1777321224544,23750.00,7927.00,260000.00,491.50,263
1777321224574,23290.00,7927.00,260000.00,489.50,262
1777321224605,24230.00,7891.00,260000.00,491.50,263
1777321224636,24250.00,7924.00,260000.00,483.52,262
1777321224665,24460.00,7961.00,260000.00,485.06,263
1777321224696,23560.00,7892.00,260000.00,476.62,262
1777321224728,23530.00,7898.00,260000.00,487.36,263
1777321224758,23680.00,7927.00,260000.00,485.36,262
1777321224811,22760.00,7901.00,260000.00,486.44,263
1777321224839,23810.00,7909.00,260000.00,480.30,262
1777321224865,23940.00,7927.00,260000.00,487.36,263
1777321224892,23330.00,7927.00,260000.00,484.44,262
1777321224920,24610.00,7892.00,260000.00,485.98,263
1777321224973,24100.00,7927.00,260000.00,480.30,262
1777321225004,24610.00,7894.00,260000.00,480.46,263
1777321225033,23100.00,7927.00,260000.00,476.62,262
1777321225064,23600.00,7927.00,260000.00,480.46,263
1777321225095,23320.00,7927.00,260000.00,478.00,262
1777321225125,24310.00,7895.00,260000.00,478.62,263
1777321225155,23150.00,7957.00,260000.00,478.00,262
1777321225296,47000.00,7770.00,260000.00,958.92,525
1777321225320,24380.00,7822.00,260000.00,488.28,263
1777321225365,24310.00,7800.00,260000.00,484.44,262
1777321225390,23480.00,7787.00,260000.00,489.66,263
1777321225434,23790.00,7745.00,260000.00,489.96,262
1777321225459,23240.00,7741.00,260000.00,480.92,263
1777321225503,23660.00,7819.00,260000.00,479.84,262
1777321225527,23700.00,7791.00,260000.00,480.00,263
1777321225551,24590.00,7793.00,260000.00,473.40,262
1777321225596,23690.00,7822.00,260000.00,481.38,263
1777321225620,23820.00,7822.00,260000.00,471.56,262
1777321225665,23100.00,7770.00,260000.00,478.16,263
1777321225691,23250.00,7791.00,260000.00,477.54,262
1777321225715,23730.00,7790.00,260000.00,479.08,263
1777321225761,23290.00,7814.00,260000.00,483.52,262
1777321225785,23450.00,7822.00,260000.00,482.30,263
1777321225831,23520.00,7822.00,260000.00,478.92,262
1777321225854,23740.00,7822.00,260000.00,479.08,263
1777321225901,24230.00,7822.00,260000.00,473.86,262
1777321225924,22830.00,7822.00,260000.00,479.54,263
1777321225948,23860.00,7834.00,260000.00,477.08,262
1777321225994,24150.00,7820.00,260000.00,480.00,263
1777321226019,23960.00,7790.00,260000.00,481.22,262
1777321226065,24190.00,7793.00,260000.00,480.46,263
1777321226090,23150.00,7790.00,260000.00,476.62,262
1777321226115,23020.00,7791.00,260000.00,474.02,263
1777321226161,24330.00,7822.00,260000.00,472.48,262
1777321226186,23200.00,7792.00,260000.00,474.02,263
1777321226211,23940.00,7792.00,260000.00,472.48,262
1777321226258,23280.00,7871.00,260000.00,474.02,263
1777321226283,24570.00,7792.00,260000.00,472.48,262
1777321226329,24070.00,7792.00,260000.00,474.02,263
1777321226354,23840.00,7792.00,260000.00,472.48,262
1777321226381,24630.00,7792.00,260000.00,474.02,263
1777321226427,24450.00,7789.00,260000.00,488.58,262
1777321226453,23430.00,7817.00,260000.00,481.38,263
1777321226479,23310.00,7789.00,260000.00,480.30,262
1777321226526,24210.00,7852.00,260000.00,486.44,263
1777321226551,22760.00,7787.00,260000.00,482.60,262
1777321226577,23180.00,7775.00,260000.00,486.90,263
1777321226625,23760.00,7832.00,260000.00,483.52,262
1777321226651,23180.00,7817.00,260000.00,492.88,263
1777321226678,23020.00,7852.00,260000.00,479.84,262
1777321226726,23650.00,7786.00,260000.00,485.98,263
1777321226753,25160.00,7852.00,260000.00,482.14,262
1777321226778,23440.00,7822.00,260000.00,488.28,263
1777321226824,23550.00,7852.00,260000.00,486.74,262
1777321226849,24170.00,7822.00,260000.00,474.02,263
1777321226875,22970.00,7792.00,260000.00,472.48,262
1777321226921,23980.00,7852.00,260000.00,489.66,263
1777321226947,23540.00,7822.00,260000.00,486.28,262
1777321226973,24020.00,7822.00,260000.00,485.52,263
1777321227020,23770.00,7854.00,260000.00,477.08,262
1777321227045,23440.00,7822.00,260000.00,485.98,263
1777321227072,23430.00,7787.00,260000.00,478.00,262
1777321227119,23740.00,7771.00,260000.00,482.30,263
1777321227144,23330.00,7791.00,260000.00,486.74,262
1777321227191,23920.00,7786.00,260000.00,488.28,263
1777321227217,23750.00,7789.00,260000.00,483.06,262
1777321227242,23430.00,7822.00,260000.00,480.92,263
1777321227290,23680.00,7770.00,260000.00,483.52,262
1777321227316,24030.00,7822.00,260000.00,488.74,263
1777321227341,23390.00,7854.00,260000.00,480.30,262
1777321227387,24010.00,7775.00,260000.00,485.06,263
1777321227414,23460.00,7855.00,260000.00,478.46,262
1777321227442,23470.00,7836.00,260000.00,484.60,263
1777321227470,23500.00,7867.00,260000.00,482.60,262
1777321227519,23890.00,7822.00,260000.00,483.68,263
1777321227547,23450.00,7822.00,260000.00,486.28,262
1777321227574,23090.00,7855.00,260000.00,486.90,263
1777321227623,23700.00,7822.00,260000.00,482.14,262
1777321227650,24180.00,7822.00,260000.00,491.04,263
1777321227677,23650.00,7854.00,260000.00,481.68,262
1777321227705,23650.00,7858.00,260000.00,483.68,263
1777321227755,23720.00,7790.00,260000.00,482.60,262
1777321227783,24330.00,7822.00,260000.00,486.90,263
1777321227811,23260.00,7857.00,260000.00,489.50,262
1777321227838,23650.00,7822.00,260000.00,489.66,263
1777321227889,23960.00,7822.00,260000.00,483.06,262
1777321227915,24350.00,7853.00,260000.00,487.36,263
1777321227939,24030.00,7857.00,260000.00,483.06,262
1777321227963,22880.00,7822.00,260000.00,480.92,263
1777321228012,23970.00,7819.00,260000.00,485.36,262
1777321228039,23580.00,7814.00,260000.00,490.12,263
1777321228065,23900.00,7822.00,260000.00,486.74,262
1777321228115,23860.00,7822.00,260000.00,489.66,263
1777321228140,24000.00,7822.00,260000.00,480.76,262
1777321228165,23710.00,7822.00,260000.00,486.44,263
1777321228214,23440.00,7804.00,260000.00,484.44,262
1777321228240,24330.00,7794.00,260000.00,490.12,263
1777321228267,23190.00,7822.00,260000.00,482.14,262
1777321228315,23710.00,7822.00,260000.00,484.60,263
1777321228341,23670.00,7826.00,260000.00,485.36,262
1777321228367,23550.00,7822.00,260000.00,485.06,263
1777321228393,23460.00,7825.00,260000.00,484.90,262
1777321228446,23580.00,7822.00,260000.00,483.68,263
1777321228472,23860.00,7852.00,260000.00,484.90,262
1777321228498,23510.00,7822.00,260000.00,486.90,263
1777321228547,23440.00,7822.00,260000.00,472.48,262
1777321228574,23780.00,7851.00,260000.00,474.02,263
1777321228598,23510.00,7822.00,260000.00,472.48,262
1777321228648,23750.00,7799.00,260000.00,474.02,263
1777321228674,23970.00,7822.00,260000.00,472.48,262
1777321228701,23300.00,7822.00,260000.00,474.02,263
1777321228727,22740.00,7822.00,260000.00,472.48,262
1777321228776,24290.00,7851.00,260000.00,474.02,263
1777321228801,22830.00,7822.00,260000.00,472.48,262
1777321228828,23860.00,7855.00,260000.00,474.02,263
1777321228878,22640.00,7822.00,260000.00,472.48,262
1777321228907,24230.00,7822.00,260000.00,474.02,263
1777321228932,23670.00,7852.00,260000.00,472.48,262
1777321228960,23080.00,7850.00,260000.00,474.02,263
1777321229010,22820.00,7822.00,260000.00,472.48,262
1777321229039,23800.00,7822.00,260000.00,474.02,263
1777321229064,23850.00,7856.00,260000.00,472.48,262
1777321229091,24280.00,7822.00,260000.00,476.78,263
1777321229141,23540.00,7822.00,260000.00,479.84,262
1777321229169,24060.00,7822.00,260000.00,486.44,263
1777321229193,23160.00,7860.00,260000.00,487.20,262
1777321229244,23920.00,7770.00,260000.00,488.28,263
1777321229272,23150.00,7807.00,260000.00,487.66,262
1777321229299,23200.00,7821.00,260000.00,485.98,263
1777321229324,23470.00,7822.00,260000.00,473.86,262
1777321229376,24360.00,7822.00,260000.00,487.82,263
1777321229404,23380.00,7822.00,260000.00,485.82,262
1777321229432,24500.00,7822.00,260000.00,477.24,263
1777321229459,24220.00,7828.00,260000.00,480.30,262
1777321229488,24300.00,7826.00,260000.00,479.54,263
1777321229542,23690.00,7822.00,260000.00,483.98,262
1777321229573,23390.00,7822.00,260000.00,486.90,263
1777321229604,23960.00,7860.00,260000.00,484.44,262
1777321229634,23550.00,7787.00,260000.00,480.92,263
1777321229663,23100.00,7791.00,260000.00,479.84,262
1777321229717,23870.00,7836.00,260000.00,485.98,263
1777321229745,22300.00,7770.00,260000.00,482.60,262
1777321229772,23370.00,7805.00,260000.00,476.32,263
1777321229798,24230.00,7858.00,260000.00,475.24,262
1777321229827,24190.00,7822.00,260000.00,478.16,263
1777321229854,24310.00,7822.00,260000.00,477.54,262
1777321229905,23390.00,7805.00,260000.00,477.24,263
1777321229940,24340.00,7774.00,260000.00,481.22,262
1777321229972,23820.00,7822.00,260000.00,482.30,263
1777321230004,23360.00,7856.00,260000.00,483.06,262
1777321230036,23390.00,7822.00,260000.00,482.76,263
1777321230067,22660.00,7822.00,260000.00,479.84,262
1777321230099,24190.00,7822.00,260000.00,478.62,263
1777321230131,23230.00,7855.00,260000.00,488.12,262
1777321230158,23180.00,7822.00,260000.00,480.92,263
1777321230190,22810.00,7789.00,260000.00,473.86,262
1777321230240,23830.00,7875.00,260000.00,481.38,263
1777321230270,23940.00,7927.00,260000.00,481.22,262
1777321230299,23880.00,7947.00,260000.00,481.84,263
1777321230330,23820.00,7927.00,260000.00,489.04,262
1777321230362,23290.00,7963.00,260000.00,483.68,263
1777321230391,24010.00,7930.00,260000.00,487.66,262
1777321230424,24080.00,7912.00,260000.00,479.54,263
1777321230457,23680.00,7935.00,260000.00,478.92,262
1777321230488,24230.00,7960.00,260000.00,477.70,263
1777321230519,23270.00,7929.00,260000.00,477.08,262
1777321230572,23070.00,7905.00,260000.00,478.62,263
1777321230601,23210.00,7927.00,260000.00,479.84,262
1777321230629,23890.00,7871.00,260000.00,477.24,263
1777321230660,23340.00,7927.00,260000.00,480.76,262
1777321230693,24100.00,7959.00,260000.00,479.54,263
1777321230723,22790.00,7928.00,260000.00,483.52,262
1777321230755,23880.00,7959.00,260000.00,480.00,263
1777321230789,24470.00,7962.00,260000.00,481.22,262
1777321230821,23630.00,7927.00,260000.00,481.38,263
1777321230852,23900.00,7894.00,260000.00,483.06,262
1777321230884,23440.00,7959.00,260000.00,478.62,263
1777321230915,23390.00,7927.00,260000.00,474.32,262
1777321230976,23360.00,7907.00,260000.00,479.08,263
1777321231009,24120.00,7907.00,260000.00,478.92,262
1777321231041,23630.00,7912.00,260000.00,491.50,263
1777321231071,24400.00,7956.00,260000.00,489.50,262
1777321231099,22660.00,7909.00,260000.00,491.50,263
1777321231127,23480.00,7905.00,260000.00,489.50,262
1777321231152,23140.00,7927.00,260000.00,491.50,263
1777321231179,23700.00,7957.00,260000.00,489.50,262
1777321231233,23940.00,7875.00,260000.00,491.50,263
1777321231265,23770.00,7927.00,260000.00,489.50,262
1777321231299,23720.00,7957.00,260000.00,491.50,263
1777321231330,24190.00,7957.00,260000.00,489.50,262
1777321231360,23180.00,7957.00,260000.00,491.50,263
1777321231393,23550.00,7924.00,260000.00,489.50,262
1777321231424,24180.00,7957.00,260000.00,526.00,263
1777321231455,23200.00,7964.00,260000.00,524.00,262
1777321231488,23290.00,7960.00,260000.00,526.00,263
1777321231518,23590.00,7878.00,260000.00,524.00,262
1777321231550,23320.00,7910.00,260000.00,526.00,263
1777321231588,23740.00,7962.00,260000.00,524.00,262
1777321231621,23260.00,7911.00,260000.00,526.00,263
1777321231652,23200.00,7909.00,260000.00,524.00,262
1777321231683,23300.00,7927.00,260000.00,526.00,263
1777321231715,23740.00,7960.00,260000.00,524.00,262
1777321231744,23240.00,7927.00,260000.00,526.00,263
1777321231796,24110.00,7875.00,260000.00,524.00,262
1777321231828,24090.00,7888.00,260000.00,526.00,263
1777321231857,22800.00,7927.00,260000.00,524.00,262
1777321231889,23270.00,7905.00,260000.00,526.00,263
1777321231919,23480.00,7875.00,260000.00,524.00,262
1777321231950,24390.00,7875.00,260000.00,526.00,263
1777321231980,23490.00,7927.00,260000.00,524.00,262
1777321232008,23390.00,7875.00,260000.00,526.00,263
1777321232063,23110.00,7910.00,260000.00,524.00,262
1777321232095,23440.00,7907.00,260000.00,526.00,263
1777321232126,23910.00,7955.00,260000.00,524.00,262
1777321232155,24120.00,7875.00,260000.00,526.00,263
1777321232188,23320.00,7963.00,260000.00,524.00,262
1777321232219,23930.00,7963.00,260000.00,526.00,263
1777321232251,23460.00,7875.00,260000.00,524.00,262
1777321232284,23540.00,7927.00,260000.00,526.00,263
1777321232315,24160.00,7875.00,260000.00,524.00,262
1777321232349,23510.00,7927.00,260000.00,526.00,263
1777321232380,24610.00,7961.00,260000.00,524.00,262
1777321232411,22960.00,7927.00,260000.00,526.00,263
1777321232444,23760.00,7875.00,260000.00,524.00,262
1777321232479,23580.00,7882.00,260000.00,502.08,263
1777321232511,23410.00,7927.00,260000.00,500.08,262
1777321232541,24000.00,7887.00,260000.00,503.92,263
1777321232574,23810.00,7884.00,260000.00,502.38,262
1777321232607,23270.00,7927.00,260000.00,501.62,263
1777321232734,23670.00,7887.00,260000.00,499.62,262
1777321232756,23440.00,7822.00,260000.00,505.30,263
1777321232779,23530.00,7822.00,260000.00,524.00,262
1777321232824,24110.00,7770.00,260000.00,526.00,263
1777321232847,23480.00,7770.00,260000.00,524.00,262
1777321232892,23420.00,7819.00,260000.00,505.76,263
1777321232916,23760.00,7822.00,260000.00,524.00,262
1777321232960,23890.00,7723.00,260000.00,503.00,263
1777321232983,23600.00,7727.00,260000.00,498.70,262
1777321233028,24040.00,7770.00,260000.00,502.08,263
1777321233052,23580.00,7732.00,260000.00,498.70,262
1777321233076,23320.00,7770.00,260000.00,503.92,263
1777321233121,23690.00,7785.00,260000.00,499.62,262
1777321233145,23750.00,7733.00,260000.00,505.30,263
1777321233191,23980.00,7770.00,260000.00,489.50,262
1777321233215,23730.00,7822.00,260000.00,491.50,263
1777321233239,24030.00,7822.00,260000.00,489.50,262
1777321233284,23800.00,7770.00,260000.00,502.54,263
1777321233309,23440.00,7822.00,260000.00,498.70,262
1777321233354,24060.00,7738.00,260000.00,491.50,263
1777321233380,23590.00,7743.00,260000.00,489.50,262
1777321233426,22990.00,7770.00,260000.00,491.50,263
1777321233451,23430.00,7805.00,260000.00,489.50,262
1777321233476,24080.00,7789.00,260000.00,491.50,263
1777321233522,24180.00,7770.00,260000.00,489.50,262
1777321233547,23100.00,7822.00,260000.00,491.50,263
1777321233571,24420.00,7822.00,260000.00,489.50,262
1777321233617,24190.00,7743.00,260000.00,491.50,263
1777321233642,23540.00,7792.00,260000.00,489.50,262
1777321233688,24120.00,7770.00,260000.00,491.50,263
1777321233713,23130.00,7770.00,260000.00,489.50,262
1777321233738,24220.00,7770.00,260000.00,491.50,263
1777321233784,23290.00,7793.00,260000.00,489.50,262
1777321233810,23780.00,7741.00,260000.00,491.50,263
1777321233835,22860.00,7768.00,260000.00,489.50,262
1777321233883,24090.00,7822.00,260000.00,491.50,263
1777321233909,23620.00,7822.00,260000.00,489.50,262
1777321233935,23980.00,7822.00,260000.00,491.50,263
1777321233981,24130.00,7770.00,260000.00,489.50,262
1777321234007,23820.00,7822.00,260000.00,491.50,263
1777321234033,23830.00,7822.00,260000.00,489.50,262
1777321234080,22740.00,7741.00,260000.00,486.44,263
1777321234105,23380.00,7735.00,260000.00,489.50,262
1777321234131,23500.00,7788.00,260000.00,491.50,263
1777321234178,23730.00,7770.00,260000.00,473.86,262
1777321234204,23880.00,7770.00,260000.00,479.08,263
1777321234252,23470.00,7813.00,260000.00,485.82,262
1777321234278,23270.00,7779.00,260000.00,486.90,263
1777321234304,23750.00,7777.00,260000.00,475.24,262
1777321234351,23070.00,7770.00,260000.00,480.00,263
1777321234377,23420.00,7792.00,260000.00,477.08,262
1777321234403,23800.00,7792.00,260000.00,478.16,263
1777321234430,23950.00,7822.00,260000.00,478.46,262
1777321234478,23820.00,7803.00,260000.00,481.38,263
1777321234506,24260.00,7770.00,260000.00,478.00,262
1777321234532,22930.00,7822.00,260000.00,480.92,263
1777321234580,22990.00,7802.00,260000.00,476.16,262
1777321234608,23140.00,7822.00,260000.00,476.32,263
1777321234636,23480.00,7826.00,260000.00,476.16,262
1777321234663,23760.00,7821.00,260000.00,484.14,263
1777321234711,23590.00,7803.00,260000.00,478.00,262
1777321234738,23380.00,7822.00,260000.00,480.92,263
1777321234763,24340.00,7822.00,260000.00,479.38,262
1777321234813,23400.00,7770.00,260000.00,479.54,263
1777321234839,22870.00,7770.00,260000.00,477.08,262
1777321234865,24090.00,7766.00,260000.00,478.16,263
1777321234912,23260.00,7801.00,260000.00,476.62,262
1777321234939,23860.00,7853.00,260000.00,478.16,263
1777321234966,23150.00,7793.00,260000.00,482.14,262
1777321234992,24270.00,7788.00,260000.00,478.16,263
1777321235040,23730.00,7797.00,260000.00,479.84,262
1777321235068,23900.00,7789.00,260000.00,480.00,263
1777321235096,24010.00,7822.00,260000.00,477.54,262
1777321235148,23650.00,7770.00,260000.00,487.36,263
1777321235175,22910.00,7803.00,260000.00,482.60,262
1777321235201,23530.00,7803.00,260000.00,479.08,263
1777321235228,24220.00,7822.00,260000.00,483.98,262
1777321235277,24000.00,7791.00,260000.00,476.78,263
1777321235303,23030.00,7848.00,260000.00,485.36,262
1777321235331,23540.00,7822.00,260000.00,488.74,263
1777321235357,23440.00,7822.00,260000.00,485.36,262
1777321235406,23170.00,7822.00,260000.00,483.68,263
1777321235432,23600.00,7839.00,260000.00,491.34,262
1777321235460,23220.00,7851.00,260000.00,487.36,263
1777321235510,22820.00,7801.00,260000.00,486.28,262
1777321235537,24030.00,7770.00,260000.00,479.54,263
1777321235572,23300.00,7822.00,260000.00,486.28,262
1777321235600,24470.00,7822.00,260000.00,480.92,263
1777321235627,23160.00,7855.00,260000.00,487.20,262
1777321235654,23260.00,7822.00,260000.00,483.68,263
1777321235704,23720.00,7802.00,260000.00,486.28,262
1777321235732,23090.00,7839.00,260000.00,492.88,263
1777321235759,24530.00,7822.00,260000.00,490.42,262
1777321235786,24620.00,7784.00,260000.00,487.36,263
1777321235835,23120.00,7803.00,260000.00,488.58,262
1777321235863,23520.00,7803.00,260000.00,490.58,263
1777321235891,23520.00,7817.00,260000.00,483.06,262
1777321235939,23750.00,7800.00,260000.00,491.50,263
1777321235969,22980.00,7822.00,260000.00,486.74,262
1777321235997,24180.00,7822.00,260000.00,488.28,263
1777321236023,23700.00,7822.00,260000.00,472.48,262
1777321236072,24540.00,7822.00,260000.00,474.02,263
1777321236099,23450.00,7822.00,260000.00,472.48,262
1777321236126,22370.00,7822.00,260000.00,474.02,263
1777321236156,23110.00,7822.00,260000.00,487.20,262
1777321236205,23780.00,7822.00,260000.00,486.90,263
1777321236234,23540.00,7851.00,260000.00,482.14,262
1777321236264,24090.00,7822.00,260000.00,483.22,263
1777321236293,24130.00,7822.00,260000.00,482.14,262
1777321236320,23070.00,7822.00,260000.00,485.52,263
1777321236370,23040.00,7822.00,260000.00,487.20,262
1777321236396,23090.00,7786.00,260000.00,484.60,263
1777321236422,23050.00,7822.00,260000.00,486.28,262
1777321236469,23550.00,7770.00,260000.00,491.04,263
1777321236495,24520.00,7822.00,260000.00,485.82,262
1777321236521,23140.00,7871.00,260000.00,485.06,263
1777321236546,23560.00,7874.00,260000.00,482.60,262
1777321236596,23600.00,7822.00,260000.00,481.38,263
1777321236621,23150.00,7874.00,260000.00,485.36,262
1777321236648,23350.00,7875.00,260000.00,485.98,263
1777321236695,23860.00,7770.00,260000.00,485.82,262
1777321236721,22910.00,7803.00,260000.00,489.20,263
1777321236747,23290.00,7786.00,260000.00,481.22,262
1777321236799,23580.00,7822.00,260000.00,485.06,263
1777321236826,23780.00,7826.00,260000.00,482.14,262
1777321236853,23730.00,7822.00,260000.00,486.44,263
1777321236881,24350.00,7822.00,260000.00,483.52,262
1777321236929,23440.00,7787.00,260000.00,481.84,263
1777321236957,24270.00,7824.00,260000.00,484.90,262
1777321236984,24050.00,7787.00,260000.00,484.60,263
1777321237011,23110.00,7874.00,260000.00,484.44,262
1777321237061,24100.00,7822.00,260000.00,483.22,263
1777321237089,23690.00,7822.00,260000.00,479.38,262
1777321237117,23180.00,7822.00,260000.00,486.90,263
1777321237145,23770.00,7839.00,260000.00,483.98,262
1777321237194,23960.00,7822.00,260000.00,488.74,263
1777321237221,24290.00,7822.00,260000.00,485.36,262
1777321237252,23670.00,7839.00,260000.00,482.30,263
1777321237281,23080.00,7789.00,260000.00,487.20,262
1777321237334,23960.00,7822.00,260000.00,490.58,263
1777321237367,22630.00,7770.00,260000.00,485.36,262
1777321237399,24110.00,7770.00,260000.00,490.12,263
1777321237427,23890.00,7822.00,260000.00,488.58,262
1777321237455,23330.00,7838.00,260000.00,485.98,263
1777321237485,23170.00,7867.00,260000.00,485.36,262
1777321237513,22980.00,7822.00,260000.00,487.82,263
1777321237562,24550.00,7788.00,260000.00,483.98,262
1777321237593,24030.00,7737.00,260000.00,491.04,263
1777321237621,23100.00,7812.00,260000.00,478.92,262
1777321237650,24190.00,7854.00,260000.00,484.60,263
1777321237678,23260.00,7876.00,260000.00,481.68,262
1777321237729,23500.00,7959.00,260000.00,485.98,263
1777321237757,23490.00,7927.00,260000.00,483.98,262
1777321237787,24050.00,7892.00,260000.00,487.82,263
1777321237817,23400.00,7927.00,260000.00,472.48,262
1777321237846,23830.00,7927.00,260000.00,474.02,263
1777321237880,23880.00,7897.00,260000.00,472.48,262
1777321237908,23280.00,7897.00,260000.00,485.06,263
1777321237960,23040.00,7980.00,260000.00,479.84,262
1777321237988,23830.00,7970.00,260000.00,474.02,263
1777321238017,23720.00,7897.00,260000.00,472.48,262
1777321238046,24180.00,7969.00,260000.00,474.02,263
1777321238075,24920.00,7927.00,260000.00,472.48,262
1777321238104,22670.00,7970.00,260000.00,474.02,263
1777321238154,23440.00,7927.00,260000.00,472.48,262
1777321238183,23460.00,7897.00,260000.00,474.02,263
1777321238214,22660.00,7897.00,260000.00,472.48,262
1777321238246,23090.00,7927.00,260000.00,474.02,263
1777321238277,23630.00,7927.00,260000.00,472.48,262
1777321238308,22720.00,7897.00,260000.00,485.98,263
1777321238340,23570.00,7969.00,260000.00,479.84,262
1777321238371,23730.00,7935.00,260000.00,474.02,263
1777321238425,23050.00,7927.00,260000.00,472.48,262
1777321238456,23610.00,7897.00,260000.00,474.02,263
1777321238488,24130.00,7927.00,260000.00,472.48,262
1777321238519,22780.00,7897.00,260000.00,474.02,263
1777321238549,23190.00,7897.00,260000.00,482.14,262
1777321238582,23900.00,7927.00,260000.00,485.98,263
1777321238615,24270.00,7932.00,260000.00,481.22,262
1777321238646,23770.00,7934.00,260000.00,488.28,263
1777321238677,23190.00,7927.00,260000.00,478.92,262
1777321238710,24210.00,7927.00,260000.00,482.76,263
1777321238741,23810.00,7927.00,260000.00,483.52,262
1777321238771,23720.00,7927.00,260000.00,480.00,263
1777321238803,24060.00,7932.00,260000.00,474.32,262
1777321238835,23380.00,7965.00,260000.00,481.84,263
1777321238867,22700.00,7920.00,260000.00,479.84,262
1777321238923,22730.00,7927.00,260000.00,480.46,263
1777321238954,23300.00,7875.00,260000.00,478.46,262
1777321238987,23380.00,7927.00,260000.00,481.38,263
1777321239018,23730.00,7911.00,260000.00,472.48,262
1777321239049,23680.00,7882.00,260000.00,479.54,263
1777321239080,23170.00,7965.00,260000.00,478.92,262
1777321239112,23440.00,7962.00,260000.00,481.84,263
1777321239141,22480.00,7879.00,260000.00,477.54,262
1777321239172,22620.00,7900.00,260000.00,479.54,263
1777321239205,24400.00,7927.00,260000.00,476.16,262
1777321239237,23440.00,7927.00,260000.00,478.62,263
1777321239267,23870.00,7932.00,260000.00,478.92,262
1777321239299,23760.00,7930.00,260000.00,479.54,263
1777321239353,23280.00,7928.00,260000.00,478.92,262
1777321239385,23630.00,7957.00,260000.00,481.84,263
1777321239417,23690.00,7910.00,260000.00,477.08,262
1777321239450,23260.00,7878.00,260000.00,484.60,263
1777321239482,23870.00,7893.00,260000.00,486.28,262
1777321239512,24000.00,7927.00,260000.00,484.60,263
1777321239544,23010.00,7917.00,260000.00,486.74,262
1777321239574,23750.00,7916.00,260000.00,491.04,263
1777321239606,23790.00,7927.00,260000.00,483.06,262
1777321239638,24000.00,7958.00,260000.00,488.74,263
1777321239669,23750.00,7959.00,260000.00,485.82,262
1777321239830,24120.00,7950.00,260000.00,489.66,263
1777321239853,23170.00,7722.00,260000.00,489.50,262
1777321239876,23440.00,7717.00,260000.00,491.50,263
1777321239921,24070.00,7717.00,260000.00,489.50,262
1777321239944,23420.00,7717.00,260000.00,491.50,263
1777321239969,24180.00,7728.00,260000.00,489.50,262
1777321240014,23520.00,7727.00,260000.00,491.50,263
1777321240038,23920.00,7794.00,260000.00,489.50,262
1777321240083,24130.00,7717.00,260000.00,491.50,263
1777321240107,23830.00,7715.00,260000.00,489.50,262
1777321240151,24440.00,7770.00,260000.00,491.50,263
1777321240175,23260.00,7770.00,260000.00,489.50,262
1777321240220,22780.00,7717.00,260000.00,491.50,263
1777321240244,23950.00,7718.00,260000.00,489.50,262
1777321240270,23870.00,7767.00,260000.00,491.50,263
1777321240315,23490.00,7694.00,260000.00,489.50,262
1777321240339,23430.00,7685.00,260000.00,491.50,263
1777321240364,23900.00,7685.00,260000.00,489.50,262
1777321240410,24300.00,7769.00,260000.00,491.50,263
1777321240434,23870.00,7738.00,260000.00,489.50,262
1777321240482,23510.00,7716.00,260000.00,491.50,263
1777321240506,23410.00,7732.00,260000.00,489.50,262
1777321240531,23480.00,7717.00,260000.00,488.74,263
1777321240577,23460.00,7748.00,260000.00,486.74,262
1777321240601,23530.00,7740.00,260000.00,483.68,263
1777321240647,22960.00,7693.00,260000.00,485.82,262
1777321240672,24480.00,7686.00,260000.00,477.70,263
1777321240696,23890.00,7739.00,260000.00,480.76,262
1777321240741,23200.00,7717.00,260000.00,487.36,263
1777321240765,23420.00,7721.00,260000.00,477.08,262
1777321240811,23950.00,7717.00,260000.00,481.84,263
1777321240836,22920.00,7770.00,260000.00,478.00,262
1777321240882,23840.00,7717.00,260000.00,480.00,263
1777321240907,23080.00,7685.00,260000.00,481.68,262
1777321240932,24390.00,7736.00,260000.00,478.62,263
1777321240978,24060.00,7706.00,260000.00,478.46,262
1777321241004,23910.00,7693.00,260000.00,480.46,263
1777321241030,23820.00,7716.00,260000.00,479.38,262
1777321241076,23940.00,7770.00,260000.00,474.48,263
1777321241101,24560.00,7739.00,260000.00,480.76,262
1777321241148,24310.00,7692.00,260000.00,474.02,263
1777321241173,23690.00,7687.00,260000.00,472.48,262
1777321241199,24590.00,7740.00,260000.00,474.02,263
1777321241246,23570.00,7687.00,260000.00,472.48,262
1777321241271,23910.00,7704.00,260000.00,474.02,263
1777321241296,24040.00,7740.00,260000.00,472.48,262
1777321241342,23230.00,7717.00,260000.00,474.02,263
1777321241368,24440.00,7770.00,260000.00,472.48,262
1777321241394,22620.00,7806.00,260000.00,474.02,263
1777321241442,23630.00,7717.00,260000.00,472.48,262
1777321241468,23230.00,7770.00,260000.00,474.02,263
1777321241494,23640.00,7770.00,260000.00,472.48,262
1777321241542,23540.00,7717.00,260000.00,474.02,263
1777321241568,24290.00,7717.00,260000.00,472.48,262
1777321241615,23290.00,7717.00,260000.00,474.02,263
1777321241642,23840.00,7717.00,260000.00,472.48,262
1777321241668,23670.00,7752.00,260000.00,474.02,263
1777321241695,24120.00,7740.00,260000.00,472.48,262
1777321241743,24130.00,7754.00,260000.00,474.02,263
1777321241769,23220.00,7717.00,260000.00,472.48,262
1777321241795,23420.00,7770.00,260000.00,474.02,263
1777321241844,24520.00,7717.00,260000.00,472.48,262
1777321241870,22940.00,7717.00,260000.00,474.02,263
1777321241897,23460.00,7752.00,260000.00,472.48,262
1777321241945,23960.00,7750.00,260000.00,474.02,263
1777321241971,23990.00,7753.00,260000.00,472.48,262
1777321241998,23750.00,7717.00,260000.00,474.02,263
1777321242046,23230.00,7717.00,260000.00,472.48,262
1777321242073,24700.00,7717.00,260000.00,474.02,263
1777321242101,23040.00,7717.00,260000.00,472.48,262
1777321242128,23750.00,7753.00,260000.00,474.02,263
1777321242178,23780.00,7717.00,260000.00,478.46,262
1777321242205,23750.00,7717.00,260000.00,479.54,263
1777321242232,23980.00,7753.00,260000.00,477.08,262
1777321242281,23640.00,7750.00,260000.00,480.46,263
1777321242310,24210.00,7717.00,260000.00,479.38,262
1777321242338,23360.00,7770.00,260000.00,481.38,263
1777321242365,23620.00,7770.00,260000.00,481.68,262
1777321242393,23670.00,7770.00,260000.00,484.60,263
1777321242442,23720.00,7754.00,260000.00,478.00,262
1777321242471,23950.00,7730.00,260000.00,474.94,263
1777321242499,23690.00,7717.00,260000.00,471.10,262
1777321242525,23490.00,7753.00,260000.00,483.22,263
1777321242575,23230.00,7752.00,260000.00,473.86,262
1777321242603,23680.00,7733.00,260000.00,479.08,263
1777321242632,23290.00,7736.00,260000.00,474.78,262
1777321242660,24200.00,7752.00,260000.00,480.92,263
1777321242710,23730.00,7717.00,260000.00,470.64,262
1777321242739,23830.00,7731.00,260000.00,482.30,263
1777321242767,23790.00,7752.00,260000.00,479.84,262
1777321242800,23980.00,7752.00,260000.00,484.60,263
1777321242829,23960.00,7717.00,260000.00,478.46,262
1777321242858,23760.00,7747.00,260000.00,478.62,263
1777321242909,23690.00,7747.00,260000.00,477.08,262
1777321242939,23410.00,7717.00,260000.00,478.62,263
1777321242968,23670.00,7769.00,260000.00,479.38,262
1777321242995,24050.00,7763.00,260000.00,479.08,263
1777321243024,23960.00,7782.00,260000.00,480.30,262
1777321243075,23870.00,7717.00,260000.00,481.38,263
1777321243103,23450.00,7717.00,260000.00,473.40,262
1777321243132,23460.00,7717.00,260000.00,473.56,263
1777321243159,23360.00,7770.00,260000.00,478.00,262
1777321243189,23030.00,7799.00,260000.00,480.92,263
1777321243238,23060.00,7717.00,260000.00,482.60,262
1777321243267,24410.00,7717.00,260000.00,485.06,263
1777321243295,23450.00,7747.00,260000.00,477.54,262
1777321243322,23670.00,7717.00,260000.00,480.46,263
1777321243350,23500.00,7750.00,260000.00,482.60,262
1777321243400,23820.00,7717.00,260000.00,487.36,263
1777321243427,24130.00,7770.00,260000.00,480.76,262
1777321243455,24040.00,7799.00,260000.00,485.98,263
1777321243505,22760.00,7747.00,260000.00,487.66,262
1777321243535,22980.00,7747.00,260000.00,482.30,263
1777321243566,23920.00,7717.00,260000.00,480.76,262
1777321243596,23810.00,7752.00,260000.00,482.30,263
1777321243624,23570.00,7751.00,260000.00,489.50,262
1777321243676,23340.00,7717.00,260000.00,491.50,263
1777321243705,23440.00,7717.00,260000.00,489.50,262
1777321243736,23410.00,7717.00,260000.00,491.50,263
1777321243766,23810.00,7717.00,260000.00,489.50,262
1777321243796,24560.00,7750.00,260000.00,491.50,263
1777321243826,23090.00,7717.00,260000.00,489.50,262
1777321243855,23740.00,7750.00,260000.00,491.50,263
1777321243885,23040.00,7750.00,260000.00,489.50,262
1777321243936,24010.00,7749.00,260000.00,491.50,263
1777321243967,23250.00,7722.00,260000.00,489.50,262
1777321243997,23700.00,7765.00,260000.00,491.50,263
1777321244027,22900.00,7770.00,260000.00,489.50,262
1777321244059,23720.00,7799.00,260000.00,491.50,263
1777321244088,23130.00,7757.00,260000.00,489.50,262
1777321244118,23470.00,7770.00,260000.00,491.50,263
1777321244147,23560.00,7803.00,260000.00,480.30,262
1777321244200,24170.00,7717.00,260000.00,474.94,263
1777321244230,23220.00,7717.00,260000.00,489.50,262
1777321244261,24250.00,7749.00,260000.00,491.50,263
1777321244290,22610.00,7750.00,260000.00,489.50,262
1777321244320,23800.00,7717.00,260000.00,491.50,263
1777321244350,23800.00,7732.00,260000.00,489.50,262
1777321244382,23980.00,7770.00,260000.00,491.50,263
1777321244412,23110.00,7770.00,260000.00,489.50,262
1777321244464,23960.00,7725.00,260000.00,480.92,263
1777321244494,23710.00,7700.00,260000.00,481.22,262
1777321244524,23340.00,7716.00,260000.00,480.00,263
1777321244555,23090.00,7763.00,260000.00,479.38,262
1777321244584,23200.00,7733.00,260000.00,480.92,263
1777321244614,23810.00,7770.00,260000.00,479.84,262
1777321244645,22830.00,7725.00,260000.00,482.76,263
1777321244697,23760.00,7718.00,260000.00,474.78,262
1777321244730,23690.00,7770.00,260000.00,480.00,263
1777321244761,23810.00,7792.00,260000.00,478.00,262
1777321244790,24580.00,7848.00,260000.00,480.46,263
1777321244822,24250.00,7927.00,260000.00,489.50,262
1777321244855,23820.00,7911.00,260000.00,503.46,263
1777321244887,22800.00,7925.00,260000.00,476.62,262
1777321244920,23800.00,7895.00,260000.00,475.40,263
1777321244956,23770.00,7930.00,260000.00,472.94,262
1777321244989,23340.00,7912.00,260000.00,482.30,263
1777321245021,23590.00,7965.00,260000.00,483.06,262
1777321245054,23300.00,7878.00,260000.00,481.84,263
1777321245087,24020.00,7927.00,260000.00,478.00,262
1777321245118,23380.00,7927.00,260000.00,477.24,263
1777321245152,23780.00,7897.00,260000.00,482.14,262
1777321245185,23290.00,7927.00,260000.00,477.70,263
1777321245219,24050.00,7927.00,260000.00,482.14,262
1777321245252,23770.00,7965.00,260000.00,477.24,263
1777321245284,23750.00,7912.00,260000.00,489.50,262
1777321245318,23710.00,7927.00,260000.00,491.50,263
1777321245350,23810.00,7929.00,260000.00,489.50,262
1777321245383,23790.00,7851.00,260000.00,491.50,263
1777321245415,23660.00,7895.00,260000.00,489.50,262
1777321245446,23440.00,7927.00,260000.00,491.50,263
1777321245477,24240.00,7932.00,260000.00,489.50,262
1777321245509,22880.00,7928.00,260000.00,491.50,263
1777321245540,23720.00,7929.00,260000.00,489.50,262
1777321245596,23950.00,7911.00,260000.00,491.50,263
1777321245628,22760.00,7909.00,260000.00,489.50,262
1777321245660,24530.00,7917.00,260000.00,491.50,263
1777321245694,23130.00,7871.00,260000.00,489.50,262
1777321245728,24340.00,7875.00,260000.00,491.50,263
1777321245757,23120.00,7910.00,260000.00,489.50,262
1777321245790,24140.00,7872.00,260000.00,491.50,263
1777321245822,23500.00,7925.00,260000.00,524.00,262
1777321245855,24180.00,7875.00,260000.00,499.78,263
1777321245889,23400.00,7927.00,260000.00,500.08,262
1777321245920,23930.00,7909.00,260000.00,501.16,263
1777321245951,23590.00,7913.00,260000.00,503.30,262
1777321245984,23010.00,7904.00,260000.00,501.62,263
1777321246018,22770.00,7921.00,260000.00,500.54,262
1777321246051,23350.00,7908.00,260000.00,503.00,263
1777321246081,23860.00,7887.00,260000.00,503.76,262
1777321246115,24240.00,7914.00,260000.00,503.46,263
1777321246147,23480.00,7961.00,260000.00,503.76,262
1777321246179,23590.00,7957.00,260000.00,503.46,263
1777321246211,23180.00,7881.00,260000.00,500.54,262
1777321246243,23800.00,7957.00,260000.00,501.62,263
1777321246273,23430.00,7915.00,260000.00,501.92,262
1777321246328,23620.00,7957.00,260000.00,501.16,263
1777321246430,23940.00,7717.00,259851.83,497.78,262
1777321246452,24060.00,7770.00,260000.00,526.00,263
1777321246475,24010.00,7770.00,260000.00,524.00,262
1777321246519,23390.00,7727.00,260000.00,526.00,263
1777321246543,23130.00,7770.00,260000.00,524.00,262
1777321246588,22750.00,7770.00,260000.00,526.00,263
1777321246611,23280.00,7775.00,260000.00,524.00,262
1777321246656,23860.00,7770.00,260000.00,526.00,263
1777321246680,24360.00,7747.00,260000.00,524.00,262
1777321246725,23400.00,7717.00,260000.00,526.00,263
1777321246750,24190.00,7717.00,260000.00,524.00,262
1777321246774,23840.00,7741.00,260000.00,526.00,263
1777321246819,22790.00,7717.00,260000.00,524.00,262
1777321246843,23790.00,7822.00,260000.00,526.00,263
1777321246888,23490.00,7730.00,260000.00,524.00,262
1777321246912,8140.00,7720.00,260000.00,399.02,0
1777321246958,23320.00,7770.00,260000.00,524.00,262
1777321246982,23990.00,7770.00,260000.00,526.00,263
1777321247006,24200.00,7719.00,260000.00,524.00,262
1777321247050,23730.00,7814.00,260000.00,526.00,263
1777321247072,23320.00,7822.00,260000.00,524.00,262
1777321247116,23480.00,7770.00,260000.00,526.00,263
1777321247141,23470.00,7720.00,260000.00,524.00,262
1777321247186,23340.00,7717.00,260000.00,526.00,263
1777321247210,23900.00,7742.00,260000.00,524.00,262
1777321247256,23710.00,7770.00,260000.00,526.00,263
1777321247282,24250.00,7822.00,260000.00,524.00,262
1777321247306,23890.00,7774.00,260000.00,526.00,263
1777321247352,23790.00,7717.00,260000.00,524.00,262
1777321247377,23860.00,7730.00,260000.00,526.00,263
1777321247401,23400.00,7752.00,260000.00,524.00,262
1777321247447,23060.00,7770.00,260000.00,526.00,263
1777321247471,24050.00,7770.00,260000.00,524.00,262
1777321247516,23410.00,7717.00,260000.00,526.00,263
1777321247542,23760.00,7717.00,260000.00,524.00,262
1777321247566,23490.00,7770.00,260000.00,526.00,263
1777321247613,24130.00,7770.00,260000.00,524.00,262
1777321247638,23750.00,7787.00,260000.00,526.00,263
1777321247684,23360.00,7729.00,260000.00,524.00,262
1777321247709,24060.00,7770.00,260000.00,526.00,263
1777321247734,24110.00,7770.00,260000.00,524.00,262
1777321247781,23670.00,7770.00,260000.00,526.00,263
1777321247806,24670.00,7794.00,260000.00,524.00,262
1777321247853,23430.00,7770.00,260000.00,526.00,263
1777321247878,23380.00,7770.00,260000.00,524.00,262
1777321247903,24030.00,7822.00,260000.00,526.00,263
1777321247953,24220.00,7770.00,260000.00,524.00,262
1777321247979,23530.00,7770.00,260000.00,526.00,263
1777321248004,23720.00,7800.00,260000.00,524.00,262
1777321248030,23310.00,7818.00,260000.00,526.00,263
1777321248077,22460.00,7822.00,260000.00,524.00,262
1777321248103,23790.00,7822.00,260000.00,526.00,263
1777321248129,23530.00,7822.00,260000.00,524.00,262
1777321248176,23550.00,7770.00,260000.00,526.00,263
1777321248201,23880.00,7770.00,260000.00,524.00,262
1777321248247,23660.00,7774.00,260000.00,526.00,263
1777321248272,23380.00,7809.00,260000.00,524.00,262
1777321248298,24310.00,7822.00,260000.00,526.00,263
1777321248348,23550.00,7770.00,260000.00,524.00,262
1777321248372,24220.00,7770.00,260000.00,526.00,263
1777321248395,24320.00,7822.00,260000.00,524.00,262
1777321248441,23660.00,7770.00,260000.00,526.00,263
1777321248468,23330.00,7770.00,260000.00,524.00,262
1777321248494,24440.00,7822.00,260000.00,526.00,263
1777321248542,23610.00,7804.00,260000.00,524.00,262
1777321248568,23580.00,7822.00,260000.00,526.00,263
1777321248595,23750.00,7822.00,260000.00,524.00,262
1777321248642,23810.00,7770.00,260000.00,526.00,263
1777321248670,23870.00,7822.00,260000.00,524.00,262
1777321248698,22980.00,7822.00,260000.00,526.00,263
1777321248746,23050.00,7773.00,260000.00,524.00,262
1777321248773,23530.00,7813.00,260000.00,526.00,263
1777321248801,23770.00,7822.00,260000.00,524.00,262
1777321248828,23870.00,7822.00,260000.00,526.00,263
1777321248878,23790.00,7770.00,260000.00,524.00,262
1777321248906,23870.00,7770.00,260000.00,526.00,263
1777321248933,23820.00,7822.00,260000.00,524.00,262
1777321248961,23430.00,7822.00,260000.00,526.00,263
1777321249010,23280.00,7770.00,260000.00,524.00,262
1777321249038,23510.00,7770.00,260000.00,526.00,263
1777321249067,23770.00,7815.00,260000.00,524.00,262
1777321249096,23440.00,7822.00,260000.00,526.00,263
1777321249123,23480.00,7822.00,260000.00,524.00,262
1777321249174,23730.00,7770.00,260000.00,526.00,263
1777321249201,23920.00,7822.00,260000.00,524.00,262
1777321249230,23720.00,7822.00,260000.00,526.00,263
1777321249280,23280.00,7770.00,260000.00,524.00,262
1777321249309,24030.00,7770.00,260000.00,526.00,263
1777321249337,23400.00,7807.00,260000.00,524.00,262
1777321249366,23920.00,7807.00,260000.00,526.00,263
1777321249394,23620.00,7770.00,260000.00,524.00,262
1777321249444,23440.00,7807.00,260000.00,526.00,263
1777321249472,24030.00,7809.00,260000.00,524.00,262
1777321249499,24070.00,7852.00,260000.00,526.00,263
1777321249526,24120.00,7852.00,260000.00,524.00,262
1777321249574,23690.00,7770.00,260000.00,526.00,263
1777321249601,23870.00,7770.00,260000.00,524.00,262
1777321249628,23970.00,7818.00,260000.00,526.00,263
1777321249655,23120.00,7837.00,260000.00,524.00,262
1777321249702,23310.00,7822.00,260000.00,526.00,263
1777321249729,23990.00,7822.00,260000.00,524.00,262
1777321249777,23820.00,7799.00,260000.00,526.00,263
1777321249804,24200.00,7770.00,260000.00,524.00,262
1777321249833,22780.00,7808.00,260000.00,526.00,263
1777321249860,22780.00,7854.00,260000.00,524.00,262
1777321249886,23690.00,7822.00,260000.00,526.00,263
1777321249936,23220.00,7832.00,260000.00,524.00,262
1777321249966,24180.00,7809.00,260000.00,526.00,263
1777321249998,23560.00,7816.00,260000.00,524.00,262
1777321250028,23530.00,7816.00,260000.00,526.00,263
1777321250057,24350.00,7856.00,260000.00,524.00,262
1777321250109,23200.00,7770.00,260000.00,526.00,263
1777321250139,23750.00,7801.00,260000.00,524.00,262
1777321250167,22570.00,7770.00,260000.00,526.00,263
1777321250197,24190.00,7806.00,260000.00,524.00,262
1777321250227,23570.00,7822.00,260000.00,526.00,263
1777321250256,22950.00,7775.00,260000.00,524.00,262
1777321250285,23650.00,7770.00,260000.00,526.00,263
1777321250335,23360.00,7787.00,260000.00,524.00,262
1777321250363,23690.00,7793.00,260000.00,526.00,263
1777321250392,23470.00,7821.00,260000.00,524.00,262
1777321250421,23670.00,7786.00,260000.00,526.00,263
1777321250453,22850.00,7770.00,260000.00,524.00,262
1777321250505,24290.00,7807.00,260000.00,526.00,263
1777321250537,23330.00,7807.00,260000.00,524.00,262
1777321250566,24110.00,7770.00,260000.00,526.00,263
1777321250595,24310.00,7822.00,260000.00,524.00,262
1777321250623,23840.00,7770.00,260000.00,526.00,263
1777321250653,23540.00,7770.00,260000.00,524.00,262
1777321250703,23710.00,7827.00,260000.00,526.00,263
1777321250735,23520.00,7822.00,260000.00,524.00,262
1777321250764,23330.00,7789.00,260000.00,526.00,263
1777321250793,24270.00,7857.00,260000.00,524.00,262
1777321250823,23510.00,7822.00,260000.00,526.00,263
1777321250853,23630.00,7772.00,260000.00,524.00,262
1777321250906,24360.00,7770.00,260000.00,526.00,263
1777321250938,23080.00,7719.00,260000.00,524.00,262
1777321250969,23870.00,7813.00,260000.00,526.00,263
1777321251000,23610.00,7813.00,260000.00,524.00,262
1777321251030,22500.00,7735.00,260000.00,526.00,263
1777321251063,23120.00,7822.00,260000.00,524.00,262
1777321251095,23990.00,7765.00,260000.00,526.00,263
1777321251127,23230.00,7828.00,260000.00,524.00,262
1777321251157,23200.00,7770.00,260000.00,526.00,263
1777321251188,23660.00,7816.00,260000.00,524.00,262
1777321251219,23720.00,7852.00,260000.00,526.00,263
1777321251251,23480.00,7770.00,260000.00,524.00,262
1777321251307,23260.00,7717.00,260000.00,526.00,263
1777321251337,24730.00,7822.00,260000.00,524.00,262
1777321251368,23020.00,7874.00,260000.00,526.00,263
1777321251401,24120.00,7927.00,260000.00,524.00,262
1777321251433,24330.00,7979.00,260000.00,526.00,263
1777321251465,23720.00,7875.00,260000.00,524.00,262
1777321251497,23580.00,7927.00,260000.00,526.00,263
1777321251530,23310.00,7875.00,260000.00,524.00,262
1777321251563,23520.00,7927.00,260000.00,526.00,263
1777321251595,23720.00,7927.00,260000.00,524.00,262
1777321251627,23880.00,7822.00,260000.00,526.00,263
1777321251659,23430.00,7875.00,260000.00,524.00,262
1777321251692,22980.00,7980.00,260000.00,526.00,263
1777321251724,24210.00,7980.00,260000.00,524.00,262
1777321251755,24170.00,7980.00,260000.00,526.00,263
1777321251786,22650.00,7980.00,260000.00,524.00,262
1777321251818,22760.00,7980.00,260000.00,526.00,263
1777321251848,22890.00,7927.00,260000.00,524.00,262
1777321251876,23990.00,7927.00,260000.00,526.00,263
1777321251937,23620.00,7837.00,260000.00,524.00,262
1777321251966,23350.00,7922.00,260000.00,526.00,263
1777321251994,23650.00,7927.00,260000.00,524.00,262
1777321252023,23650.00,7927.00,260000.00,526.00,263
1777321252051,23460.00,7927.00,260000.00,524.00,262
1777321252079,24210.00,7876.00,260000.00,526.00,263
1777321252108,22940.00,7875.00,260000.00,524.00,262
1777321252184,24360.00,7875.00,260000.00,526.00,263
1777321252216,22500.00,7927.00,260000.00,524.00,262
1777321252247,23240.00,7875.00,260000.00,526.00,263
1777321252277,23410.00,7875.00,260000.00,524.00,262
1777321252304,24160.00,7927.00,260000.00,526.00,263
1777321252330,24110.00,7927.00,260000.00,524.00,262
1777321252361,23740.00,7913.00,260000.00,526.00,263
1777321252391,23190.00,7927.00,260000.00,524.00,262
1777321252422,23910.00,7980.00,260000.00,526.00,263
1777321252452,23350.00,7927.00,260000.00,524.00,262
1777321252578,23400.00,7723.00,260000.00,526.00,263
1777321252601,23800.00,7770.00,260000.00,524.00,262
1777321252645,23260.00,7728.00,260000.00,526.00,263
1777321252668,23520.00,7770.00,260000.00,524.00,262
1777321252713,23290.00,7822.00,260000.00,526.00,263
1777321252737,23060.00,7822.00,260000.00,524.00,262
1777321252760,23050.00,7717.00,260000.00,526.00,263
1777321252805,23250.00,7770.00,260000.00,524.00,262
1777321252829,23980.00,7770.00,260000.00,526.00,263
1777321252873,23170.00,7770.00,260000.00,524.00,262
1777321252897,23320.00,7770.00,260000.00,526.00,263
1777321252943,23460.00,7770.00,260000.00,524.00,262
1777321252967,24080.00,7724.00,260000.00,526.00,263
1777321253012,23760.00,7717.00,260000.00,524.00,262
1777321253036,23500.00,7732.00,260000.00,526.00,263
1777321253061,23930.00,7717.00,260000.00,524.00,262
1777321253106,23010.00,7770.00,260000.00,526.00,263
1777321253130,23550.00,7770.00,260000.00,524.00,262
1777321253176,23540.00,7731.00,260000.00,526.00,263
1777321253204,23450.00,7717.00,260000.00,524.00,262
1777321253229,24410.00,7717.00,260000.00,526.00,263
1777321253274,23660.00,7717.00,260000.00,524.00,262
1777321253299,24130.00,7717.00,260000.00,526.00,263
1777321253324,24200.00,7717.00,260000.00,524.00,262
1777321253372,23010.00,7770.00,260000.00,526.00,263
1777321253396,23040.00,7719.00,260000.00,524.00,262
1777321253442,23090.00,7770.00,260000.00,526.00,263
1777321253467,24120.00,7770.00,260000.00,524.00,262
1777321253491,23390.00,7770.00,260000.00,526.00,263
1777321253536,23900.00,7770.00,260000.00,524.00,262
1777321253561,23550.00,7717.00,260000.00,526.00,263
1777321253606,23350.00,7665.00,260000.00,524.00,262
1777321253632,23870.00,7717.00,260000.00,526.00,263
1777321253656,23360.00,7717.00,260000.00,524.00,262
1777321253702,23480.00,7767.00,260000.00,526.00,263
1777321253726,23900.00,7717.00,260000.00,524.00,262
1777321253772,24000.00,7770.00,260000.00,526.00,263
1777321253797,23250.00,7770.00,260000.00,524.00,262
1777321253822,23830.00,7717.00,260000.00,526.00,263
1777321253868,23430.00,7770.00,260000.00,524.00,262
1777321253894,23670.00,7770.00,260000.00,526.00,263
1777321253920,23800.00,7770.00,260000.00,524.00,262
1777321253967,23630.00,7770.00,260000.00,526.00,263
1777321253993,22970.00,7770.00,260000.00,524.00,262
1777321254019,23850.00,7770.00,260000.00,526.00,263
1777321254066,23170.00,7770.00,260000.00,524.00,262
1777321254090,24030.00,7770.00,260000.00,526.00,263
1777321254135,22660.00,7717.00,260000.00,524.00,262
1777321254161,23480.00,7770.00,260000.00,526.00,263
1777321254187,23640.00,7770.00,260000.00,524.00,262
1777321254234,23320.00,7770.00,260000.00,526.00,263
1777321254261,23470.00,7770.00,260000.00,524.00,262
1777321254307,23240.00,7770.00,260000.00,526.00,263
1777321254332,23200.00,7770.00,260000.00,524.00,262
1777321254357,23550.00,7770.00,260000.00,526.00,263
1777321254383,9600.00,7718.00,260000.00,210.00,105
1777321254408,9450.00,7717.00,260000.00,210.00,105
1777321254434,18310.00,7759.00,260000.00,420.00,210
1777321254460,9230.00,7749.00,260000.00,210.00,105
1777321254487,18730.00,7699.00,260000.00,420.00,210
1777321254514,18510.00,7707.00,260000.00,420.00,210
1777321254541,9180.00,7696.00,260000.00,210.00,105
1777321254573,19380.00,7696.00,260000.00,420.00,210
1777321254600,9490.00,7707.00,260000.00,210.00,105
1777321254631,18670.00,7675.00,260000.00,420.00,210
1777321254658,18300.00,7665.00,260000.00,420.00,210
1777321254686,19140.00,7654.00,260000.00,420.00,210
1777321254712,18730.00,7602.00,260000.00,420.00,210
1777321254742,9570.00,7549.00,260000.00,210.00,105
1777321254769,9990.00,7612.00,260000.00,210.00,105
1777321254798,18800.00,7610.00,260000.00,420.00,210
1777321254827,18730.00,7573.00,260000.00,420.00,210
1777321254852,9500.00,7575.00,260000.00,210.00,105
1777321254877,19180.00,7570.00,260000.00,420.00,210
1777321254904,19500.00,7596.00,260000.00,420.00,210
1777321254934,9630.00,7602.00,260000.00,210.00,105
1777321254960,28350.00,7570.00,260000.00,630.00,315
1777321254988,9470.00,7560.00,260000.00,210.00,105
1777321255016,19110.00,7507.00,260000.00,420.00,210
1777321255046,18960.00,7518.00,260000.00,420.00,210
1777321255074,19050.00,7528.00,260000.00,420.00,210
1777321255102,10160.00,7528.00,260000.00,210.00,105
1777321255131,19330.00,7527.00,260000.00,420.00,210
1777321255159,9530.00,7528.00,260000.00,210.00,105
1777321255186,9300.00,7497.00,260000.00,210.00,105
1777321255214,19440.00,7465.00,260000.00,420.00,210
1777321255243,19930.00,7486.00,260000.00,420.00,210
1777321255273,18760.00,7455.00,260000.00,420.00,210
1777321255302,19030.00,7539.00,260000.00,420.00,210
1777321255333,9480.00,7455.00,260000.00,210.00,105
1777321255359,9610.00,7402.00,260000.00,210.00,105
1777321255386,9110.00,7377.00,260000.00,210.00,105
1777321255414,19040.00,7434.00,260000.00,420.00,210
1777321255445,9380.00,7402.00,260000.00,210.00,105
1777321255472,18010.00,7318.00,260000.00,420.00,210
1777321255501,19170.00,7381.00,260000.00,420.00,210
1777321255529,18870.00,7371.00,260000.00,420.00,210
1777321255557,9100.00,7318.00,260000.00,210.00,105
1777321255585,9630.00,7329.00,260000.00,210.00,105
1777321255612,9440.00,7329.00,260000.00,210.00,105
1777321255640,9130.00,7371.00,260000.00,210.00,105
1777321255667,19160.00,7320.00,260000.00,420.00,210
1777321255695,9290.00,7255.00,260000.00,210.00,105
1777321255722,9030.00,7245.00,260000.00,210.00,105
1777321255749,9750.00,7253.00,260000.00,210.00,105
1777321255776,19090.00,7182.00,260000.00,420.00,210
1777321255827,9510.00,7152.00,260000.00,210.00,105
1777321255856,9560.00,7190.00,260000.00,210.00,105
1777321255884,9310.00,7088.00,260000.00,210.00,105
1777321255912,9700.00,7129.00,260000.00,210.00,105
1777321255940,18770.00,7148.00,260000.00,420.00,210
1777321255967,9330.00,7066.00,260000.00,210.00,105
1777321255996,18190.00,7056.00,260000.00,420.00,210
1777321256024,9550.00,7077.00,260000.00,210.00,105
1777321256051,9540.00,7014.00,260000.00,210.00,105
1777321256080,18390.00,7035.00,260000.00,420.00,210
1777321256107,19330.00,6972.00,260000.00,420.00,210
1777321256135,9240.00,6993.00,260000.00,210.00,105
1777321256162,9500.00,7018.00,260000.00,210.00,105
1777321256189,18610.00,6957.00,260000.00,420.00,210
1777321256238,9310.00,6940.00,260000.00,210.00,105
1777321256266,19180.00,6961.00,260000.00,420.00,210
1777321256293,18610.00,6951.00,260000.00,420.00,210
1777321256321,9670.00,6867.00,260000.00,210.00,105
1777321256347,8950.00,6856.00,260000.00,210.00,105
1777321256373,9670.00,6875.00,260000.00,210.00,105
1777321256400,9720.00,6825.00,260000.00,210.00,105
1777321256426,9720.00,6814.00,260000.00,210.00,105
1777321256475,18680.00,6761.00,260000.00,420.00,210
1777321256502,9430.00,6751.00,260000.00,210.00,105
1777321256529,18510.00,6793.00,260000.00,420.00,210
1777321256557,9320.00,6709.00,260000.00,210.00,105
1777321256583,9820.00,6682.00,260000.00,210.00,105
1777321256611,18730.00,6720.00,260000.00,420.00,210
1777321256660,9530.00,6709.00,260000.00,210.00,105
1777321256688,9130.00,6625.00,260000.00,210.00,105
1777321256714,9480.00,6594.00,260000.00,210.00,105
1777321256743,8970.00,6562.00,260000.00,210.00,105
1777321256769,9950.00,6531.00,260000.00,210.00,105
1777321256797,18540.00,6518.00,260000.00,420.00,210
1777321256823,9460.00,6510.00,260000.00,210.00,105
1777321256852,9280.00,6510.00,260000.00,210.00,105
1777321256880,9510.00,6531.00,260000.00,210.00,105
1777321256909,19560.00,6499.00,260000.00,420.00,210
1777321256938,9530.00,6520.00,260000.00,210.00,105
1777321256967,10040.00,6457.00,260000.00,210.00,105
1777321256995,9450.00,6426.00,260000.00,210.00,105
1777321257021,9420.00,6373.00,260000.00,210.00,105
1777321257049,9370.00,6363.00,260000.00,210.00,105
1777321257111,9610.00,6331.00,260000.00,210.00,105
1777321257137,9640.00,6300.00,260000.00,210.00,105
1777321257163,9230.00,6321.00,260000.00,210.00,105
1777321257190,9390.00,6342.00,260000.00,210.00,105
1777321257217,10040.00,6237.00,260000.00,210.00,105
1777321257245,19440.00,6226.00,260000.00,420.00,210
1777321257294,9760.00,6163.00,260000.00,210.00,105
1777321257322,19540.00,6132.00,260000.00,420.00,210
1777321257371,19140.00,6171.00,260000.00,420.00,210
1777321257397,9040.00,6082.00,260000.00,210.00,105
1777321257424,9510.00,6039.00,260000.00,210.00,105
1777321257453,19590.00,6100.00,260000.00,420.00,210
1777321257503,9130.00,6090.00,260000.00,210.00,105
1777321257537,18730.00,6111.00,260000.00,420.00,210
1777321257587,19210.00,6073.00,260000.00,420.00,210
1777321257615,9450.00,6069.00,260000.00,210.00,105
1777321257642,9770.00,6084.00,260000.00,210.00,105
1777321257673,18580.00,6079.00,260000.00,420.00,210
1777321257722,9150.00,6001.00,260000.00,210.00,105
1777321257751,19250.00,5985.00,260000.00,420.00,210
1777321257802,18890.00,5922.00,260000.00,420.00,210
1777321257830,9680.00,5890.00,260000.00,210.00,105
1777321257960,9760.00,5742.00,260000.00,210.00,105
1777321257987,9610.00,5743.00,260000.00,210.00,105
1777321258008,27530.00,5712.00,260000.00,630.00,315
1777321258030,9700.00,5703.00,260000.00,210.00,105
1777321258054,18940.00,5716.00,260000.00,420.00,210
1777321258077,9430.00,5644.00,260000.00,210.00,105
1777321258101,18610.00,5693.00,260000.00,420.00,210
1777321258125,19420.00,5670.00,260000.00,420.00,210
1777321258148,9540.00,5712.00,260000.00,210.00,105
1777321258171,18530.00,5754.00,260000.00,420.00,210
1777321258194,9060.00,5720.00,260000.00,210.00,105
1777321258217,18320.00,5712.00,260000.00,420.00,210
1777321258240,19340.00,5659.00,260000.00,420.00,210
1777321258264,9450.00,5708.00,260000.00,210.00,105
1777321258287,19670.00,5683.00,260000.00,420.00,210
1777321258310,9590.00,5680.00,260000.00,210.00,105
1777321258333,18550.00,5670.00,260000.00,420.00,210
1777321258357,19030.00,5659.00,260000.00,420.00,210
1777321258380,9300.00,5659.00,260000.00,210.00,105
1777321258403,18960.00,5653.00,260000.00,420.00,210
1777321258427,18410.00,5622.00,260000.00,420.00,210
1777321258450,9960.00,5628.00,260000.00,210.00,105
1777321258473,9510.00,5618.00,260000.00,210.00,105
1777321258496,19550.00,5638.00,260000.00,420.00,210
1777321258520,19410.00,5628.00,260000.00,420.00,210
1777321258546,9440.00,5628.00,260000.00,210.00,105
1777321258570,18960.00,5638.00,260000.00,420.00,210
1777321258594,9650.00,5680.00,260000.00,210.00,105
1777321258617,18690.00,5649.00,260000.00,420.00,210
1777321258641,18690.00,5638.00,260000.00,420.00,210
1777321258665,10010.00,5586.00,260000.00,210.00,105
1777321258689,9060.00,5596.00,260000.00,210.00,105
1777321258712,18270.00,5617.00,260000.00,420.00,210
1777321258736,18800.00,5607.00,260000.00,420.00,210
1777321258760,9530.00,5596.00,260000.00,210.00,105
1777321258785,19070.00,5544.00,260000.00,420.00,210
1777321258809,19140.00,5607.00,260000.00,420.00,210
1777321258833,19240.00,5649.00,260000.00,420.00,210
1777321258857,9260.00,5565.00,260000.00,210.00,105
1777321258881,18930.00,5524.00,260000.00,420.00,210
1777321258905,18800.00,5504.00,260000.00,420.00,210
1777321258929,9480.00,5512.00,260000.00,210.00,105
1777321258953,18360.00,5554.00,260000.00,420.00,210
1777321258978,18710.00,5523.00,260000.00,420.00,210
1777321259002,9320.00,5497.00,260000.00,210.00,105
1777321259027,19100.00,5470.00,260000.00,420.00,210
1777321259051,10190.00,5523.00,260000.00,210.00,105
1777321259076,19300.00,5512.00,260000.00,420.00,210
1777321259101,18710.00,5533.00,260000.00,420.00,210
1777321259126,9420.00,5500.00,260000.00,210.00,105
1777321259151,19340.00,5491.00,260000.00,420.00,210
1777321259178,18490.00,5502.00,260000.00,420.00,210
1777321259205,18440.00,5449.00,260000.00,420.00,210
1777321259230,19220.00,5512.00,260000.00,420.00,210
1777321259254,9600.00,5513.00,260000.00,210.00,105
1777321259276,19120.00,5491.00,260000.00,420.00,210
1777321259304,9580.00,5533.00,260000.00,210.00,105
1777321259328,18710.00,5481.00,260000.00,420.00,210
1777321259352,19870.00,5491.00,260000.00,420.00,210
1777321259375,9250.00,5533.00,260000.00,210.00,105
1777321259400,18970.00,5502.00,260000.00,420.00,210
1777321259424,9400.00,5460.00,260000.00,210.00,105
1777321259450,18750.00,5481.00,260000.00,420.00,210
1777321259483,19300.00,5523.00,260000.00,420.00,210
1777321259508,19150.00,5481.00,260000.00,420.00,210
1777321259534,19080.00,5502.00,260000.00,420.00,210
1777321259559,9470.00,5502.00,260000.00,210.00,105
1777321259584,18830.00,5502.00,260000.00,420.00,210
1777321259609,9430.00,5502.00,260000.00,210.00,105
1777321259634,18450.00,5528.00,260000.00,420.00,210
1777321259659,9640.00,5523.00,260000.00,210.00,105
1777321259688,19240.00,5523.00,260000.00,420.00,210
1777321259713,9290.00,5523.00,260000.00,210.00,105
1777321259739,19380.00,5565.00,260000.00,420.00,210
1777321259764,19140.00,5565.00,260000.00,420.00,210
1777321259789,18810.00,5582.00,260000.00,420.00,210
1777321259815,9780.00,5551.00,260000.00,210.00,105
1777321259840,18430.00,5544.00,260000.00,420.00,210
1777321259866,18320.00,5544.00,260000.00,420.00,210
1777321259890,9210.00,5562.00,260000.00,210.00,105
1777321259916,9570.00,5523.00,260000.00,210.00,105
1777321259940,19270.00,5504.00,260000.00,420.00,210
1777321259966,19110.00,5536.00,260000.00,420.00,210
1777321259991,9410.00,5529.00,260000.00,210.00,105
1777321260017,18940.00,5586.00,260000.00,420.00,210
1777321260042,9260.00,5523.00,260000.00,210.00,105
1777321260069,19110.00,5523.00,260000.00,420.00,210
1777321260094,18990.00,5565.00,260000.00,420.00,210
1777321260120,9600.00,5583.00,260000.00,210.00,105
1777321260146,18690.00,5523.00,260000.00,420.00,210
1777321260172,19170.00,5523.00,260000.00,420.00,210
1777321260199,18950.00,5565.00,260000.00,420.00,210
1777321260228,9250.00,5544.00,260000.00,210.00,105
1777321260254,9180.00,5607.00,260000.00,210.00,105
1777321260279,18840.00,5543.00,260000.00,420.00,210
1777321260305,19020.00,5544.00,260000.00,420.00,210
1777321260330,9630.00,5550.00,260000.00,210.00,105
1777321260355,9970.00,5586.00,260000.00,210.00,105
1777321260381,18950.00,5610.00,260000.00,420.00,210
1777321260406,9220.00,5547.00,260000.00,210.00,105
1777321260432,9670.00,5586.00,260000.00,210.00,105
1777321260458,19250.00,5586.00,260000.00,420.00,210
1777321260484,18180.00,5535.00,260000.00,420.00,210
1777321260510,9590.00,5565.00,260000.00,210.00,105
1777321260535,9260.00,5586.00,260000.00,210.00,105
1777321260562,9810.00,5586.00,260000.00,210.00,105
1777321260589,9610.00,5565.00,260000.00,210.00,105
1777321260615,19310.00,5586.00,260000.00,420.00,210
1777321260641,9400.00,5565.00,260000.00,210.00,105
1777321260667,18660.00,5586.00,260000.00,420.00,210
1777321260694,18210.00,5586.00,260000.00,420.00,210
1777321260721,9570.00,5571.00,260000.00,210.00,105
1777321260748,18780.00,5586.00,260000.00,420.00,210
1777321260774,18420.00,5628.00,260000.00,420.00,210
1777321260801,9360.00,5611.00,260000.00,210.00,105
1777321260830,19050.00,5668.00,260000.00,420.00,210
1777321260861,9920.00,5628.00,260000.00,210.00,105
1777321260888,10070.00,5690.00,260000.00,210.00,105
1777321260914,18560.00,5670.00,260000.00,420.00,210
1777321260943,9570.00,5670.00,260000.00,210.00,105
1777321260969,19530.00,5691.00,260000.00,420.00,210
1777321260995,9590.00,5670.00,260000.00,210.00,105
1777321261040,18530.00,5649.00,260000.00,420.00,210
1777321261066,19380.00,5670.00,260000.00,420.00,210
1777321261092,19300.00,5670.00,260000.00,420.00,210
1777321261140,19350.00,5691.00,260000.00,420.00,210
1777321261167,9090.00,5680.00,260000.00,210.00,105
1777321261191,19110.00,5649.00,260000.00,420.00,210
1777321261218,9800.00,5674.00,260000.00,210.00,105
1777321261246,18810.00,5711.00,260000.00,420.00,210
1777321261271,10090.00,5711.00,260000.00,210.00,105
1777321261295,19240.00,5712.00,260000.00,420.00,210
1777321261321,9370.00,5712.00,260000.00,210.00,105
1777321261347,9660.00,5696.00,260000.00,210.00,105
1777321261373,18670.00,5712.00,260000.00,420.00,210
1777321261399,9350.00,5711.00,260000.00,210.00,105
1777321261425,18870.00,5717.00,260000.00,420.00,210
1777321261451,9360.00,5775.00,260000.00,210.00,105
1777321261477,18650.00,5775.00,260000.00,420.00,210
1777321261502,9680.00,5796.00,260000.00,210.00,105
1777321261528,19720.00,5775.00,260000.00,420.00,210
1777321261554,9700.00,5757.00,260000.00,210.00,105
1777321261584,9610.00,5791.00,260000.00,210.00,105
1777321261610,19180.00,5759.00,260000.00,420.00,210
1777321261640,9490.00,5775.00,260000.00,210.00,105
1777321261665,9290.00,5775.00,260000.00,210.00,105
1777321261691,9230.00,5796.00,260000.00,210.00,105
1777321261715,18360.00,5796.00,260000.00,420.00,210
1777321261764,18170.00,5796.00,260000.00,420.00,210
1777321261789,9640.00,5796.00,260000.00,210.00,105
1777321261817,18650.00,5838.00,260000.00,420.00,210
1777321261842,9680.00,5796.00,260000.00,210.00,105
1777321261877,9580.00,5778.00,260000.00,210.00,105
1777321261905,8460.00,5817.00,260000.00,210.00,105
1777321261931,9670.00,5817.00,260000.00,210.00,105
1777321261959,18850.00,5796.00,260000.00,420.00,210
1777321261986,9760.00,5817.00,260000.00,210.00,105
1777321262014,9170.00,5838.00,260000.00,210.00,105
1777321262062,18530.00,5787.00,260000.00,420.00,210
1777321262090,9450.00,5817.00,260000.00,210.00,105
1777321262117,9170.00,5858.00,260000.00,210.00,105
1777321262146,19010.00,5838.00,260000.00,420.00,210
1777321262174,9610.00,5880.00,260000.00,210.00,105
1777321262203,18580.00,5880.00,260000.00,420.00,210
1777321262231,9780.00,5894.00,260000.00,210.00,105
1777321262417,9240.00,5775.00,260000.00,210.00,105
1777321262473,9680.00,5670.00,260000.00,210.00,105
1777321262496,18810.00,5712.00,260000.00,420.00,210
1777321262519,19270.00,5712.00,260000.00,420.00,210
1777321262542,9720.00,5717.00,260000.00,210.00,105
1777321262566,19050.00,5733.00,260000.00,420.00,210
1777321262589,9350.00,5791.00,260000.00,210.00,105
1777321262612,19220.00,5796.00,260000.00,420.00,210
1777321262639,9170.00,5801.00,260000.00,210.00,105
1777321262663,18790.00,5754.00,260000.00,420.00,210
1777321262687,18920.00,5775.00,260000.00,420.00,210
1777321262711,9360.00,5804.00,260000.00,210.00,105
1777321262735,18940.00,5838.00,260000.00,420.00,210
1777321262758,9330.00,5843.00,260000.00,210.00,105
1777321262782,19330.00,5842.00,260000.00,420.00,210
1777321262806,9110.00,5880.00,260000.00,210.00,105
1777321262830,18750.00,5901.00,260000.00,420.00,210
1777321262854,19200.00,5943.00,260000.00,420.00,210
1777321262877,9030.00,5964.00,260000.00,210.00,105
1777321262901,18590.00,5994.00,260000.00,420.00,210
1777321262925,18390.00,6027.00,260000.00,420.00,210
1777321262949,9360.00,6090.00,260000.00,210.00,105
1777321262973,18880.00,6027.00,260000.00,420.00,210
1777321262998,18400.00,6032.00,260000.00,420.00,210
1777321263022,19000.00,6069.00,260000.00,420.00,210
1777321263046,9210.00,6132.00,260000.00,210.00,105
1777321263070,19240.00,6111.00,260000.00,420.00,210
1777321263095,18660.00,6090.00,260000.00,420.00,210
1777321263119,9740.00,6053.00,260000.00,210.00,105
1777321263144,18550.00,6048.00,260000.00,420.00,210
1777321263172,9020.00,6069.00,260000.00,210.00,105
1777321263197,18970.00,6047.00,260000.00,420.00,210
1777321263222,19090.00,6069.00,260000.00,420.00,210
1777321263246,18810.00,6111.00,260000.00,420.00,210
1777321263271,18510.00,6069.00,260000.00,420.00,210
1777321263297,9400.00,6006.00,260000.00,210.00,105
1777321263322,19540.00,6027.00,260000.00,420.00,210
1777321263347,19690.00,6048.00,260000.00,420.00,210
1777321263375,18360.00,6090.00,260000.00,420.00,210
1777321263400,19070.00,6111.00,260000.00,420.00,210
1777321263425,19040.00,6073.00,260000.00,420.00,210
1777321263450,9410.00,6090.00,260000.00,210.00,105
1777321263475,19220.00,6069.00,260000.00,420.00,210
1777321263504,19010.00,6006.00,260000.00,420.00,210
1777321263529,9470.00,6069.00,260000.00,210.00,105
1777321263554,18530.00,6048.00,260000.00,420.00,210
1777321263578,9200.00,6006.00,260000.00,210.00,105
1777321263603,18730.00,6033.00,260000.00,420.00,210
1777321263628,18600.00,6010.00,260000.00,420.00,210
1777321263653,9200.00,6069.00,260000.00,210.00,105
1777321263678,19050.00,6086.00,260000.00,420.00,210
1777321263703,18750.00,6048.00,260000.00,420.00,210
1777321263728,19380.00,6034.00,260000.00,420.00,210
1777321263753,19110.00,6069.00,260000.00,420.00,210
1777321263778,9210.00,6090.00,260000.00,210.00,105
1777321263803,19140.00,6053.00,260000.00,420.00,210
1777321263828,19660.00,6048.00,260000.00,420.00,210
1777321263855,18570.00,6090.00,260000.00,420.00,210
1777321263880,18730.00,6090.00,260000.00,420.00,210
1777321263905,9690.00,6111.00,260000.00,210.00,105
1777321263934,19030.00,6006.00,260000.00,420.00,210
1777321263959,9200.00,6069.00,260000.00,210.00,105
1777321263984,18340.00,6090.00,260000.00,420.00,210
1777321264012,9560.00,6048.00,260000.00,210.00,105
1777321264037,9340.00,6048.00,260000.00,210.00,105
1777321264063,18570.00,6027.00,260000.00,420.00,210
1777321264089,19700.00,6027.00,260000.00,420.00,210
1777321264114,19570.00,6053.00,260000.00,420.00,210
1777321264139,9590.00,6027.00,260000.00,210.00,105
1777321264165,19070.00,6027.00,260000.00,420.00,210
1777321264189,9500.00,6027.00,260000.00,210.00,105
1777321264215,18730.00,6027.00,260000.00,420.00,210
1777321264240,9320.00,6039.00,260000.00,210.00,105
1777321264265,19350.00,6006.00,260000.00,420.00,210
1777321264290,18060.00,6006.00,260000.00,420.00,210
1777321264316,9230.00,6027.00,260000.00,210.00,105
1777321264341,18920.00,5964.00,260000.00,420.00,210
1777321264366,18800.00,5985.00,260000.00,420.00,210
1777321264391,9620.00,6027.00,260000.00,210.00,105
1777321264417,18660.00,6027.00,260000.00,420.00,210
1777321264443,18760.00,5989.00,260000.00,420.00,210
1777321264468,9630.00,6027.00,260000.00,210.00,105
1777321264494,19320.00,6027.00,260000.00,420.00,210
1777321264519,9540.00,5965.00,260000.00,210.00,105
1777321264545,18980.00,6027.00,260000.00,420.00,210
1777321264571,18830.00,5977.00,260000.00,420.00,210
1777321264596,9710.00,6006.00,260000.00,210.00,105
1777321264622,18230.00,6048.00,260000.00,420.00,210
1777321264648,9340.00,6006.00,260000.00,210.00,105
1777321264673,18960.00,5992.00,260000.00,420.00,210
1777321264700,9900.00,6027.00,260000.00,210.00,105
1777321264727,18500.00,6069.00,260000.00,420.00,210
1777321264753,9770.00,5985.00,260000.00,210.00,105
1777321264778,18550.00,6006.00,260000.00,420.00,210
1777321264804,9720.00,6027.00,260000.00,210.00,105
1777321264829,9530.00,6006.00,260000.00,210.00,105
1777321264856,19480.00,5964.00,260000.00,420.00,210
1777321264882,9240.00,5926.00,260000.00,210.00,105
1777321264908,19150.00,5964.00,260000.00,420.00,210
1777321264936,18880.00,6006.00,260000.00,420.00,210
1777321264962,9200.00,5985.00,260000.00,210.00,105
1777321264988,18950.00,6006.00,260000.00,420.00,210
1777321265014,9490.00,5964.00,260000.00,210.00,105
1777321265039,9510.00,6006.00,260000.00,210.00,105
1777321265066,18890.00,5978.00,260000.00,420.00,210
1777321265093,9710.00,5922.00,260000.00,210.00,105
1777321265120,18770.00,5964.00,260000.00,420.00,210
1777321265146,18960.00,6004.00,260000.00,420.00,210
1777321265172,9900.00,5964.00,260000.00,210.00,105
1777321265198,9450.00,5943.00,260000.00,210.00,105
1777321265224,18430.00,5964.00,260000.00,420.00,210
1777321265249,9690.00,5943.00,260000.00,210.00,105
1777321265276,19090.00,5943.00,260000.00,420.00,210
1777321265302,9460.00,5924.00,260000.00,210.00,105
1777321265331,18220.00,5964.00,260000.00,420.00,210
1777321265359,9860.00,5895.00,260000.00,210.00,105
1777321265386,9730.00,5943.00,260000.00,210.00,105
1777321265412,18110.00,5909.00,260000.00,420.00,210
1777321265438,9270.00,5922.00,260000.00,210.00,105
1777321265464,9370.00,5964.00,260000.00,210.00,105
1777321265491,9670.00,5930.00,260000.00,210.00,105
1777321265516,9700.00,5865.00,260000.00,210.00,105
1777321265543,9900.00,5901.00,260000.00,210.00,105
1777321265571,9830.00,5859.00,260000.00,210.00,105
1777321265598,8930.00,5880.00,260000.00,210.00,105
1777321265624,9280.00,5861.00,260000.00,210.00,105
1777321265650,9380.00,5859.00,260000.00,210.00,105
1777321265676,9540.00,5859.00,260000.00,210.00,105
1777321265703,19340.00,5880.00,260000.00,420.00,210
1777321265729,9690.00,5859.00,260000.00,210.00,105
1777321265756,19450.00,5817.00,260000.00,420.00,210
1777321265783,9100.00,5825.00,260000.00,210.00,105
1777321265809,19460.00,5817.00,260000.00,420.00,210
1777321265857,9520.00,5846.00,260000.00,210.00,105
1777321265884,9480.00,5817.00,260000.00,210.00,105
1777321265910,9150.00,5817.00,260000.00,210.00,105
1777321265937,9450.00,5817.00,260000.00,210.00,105
1777321265963,9560.00,5776.00,260000.00,210.00,105
1777321265990,18750.00,5796.00,260000.00,420.00,210
1777321266017,9440.00,5796.00,260000.00,210.00,105
1777321266043,18720.00,5838.00,260000.00,420.00,210
1777321266071,9510.00,5796.00,260000.00,210.00,105
1777321266098,18840.00,5796.00,260000.00,420.00,210
1777321266249,9280.00,5649.00,260000.00,210.00,105
1777321266272,19240.00,5668.00,260000.00,420.00,210
1777321266295,8710.00,5670.00,260000.00,210.00,105
1777321266318,18560.00,5670.00,260000.00,420.00,210
1777321266341,19000.00,5649.00,260000.00,420.00,210
1777321266364,9630.00,5644.00,260000.00,210.00,105
1777321266387,17880.00,5689.00,260000.00,420.00,210
1777321266410,9520.00,5733.00,260000.00,210.00,105
1777321266436,18660.00,5670.00,260000.00,420.00,210
1777321266460,18800.00,5649.00,260000.00,420.00,210
1777321266483,9420.00,5654.00,260000.00,210.00,105
1777321266506,18030.00,5655.00,260000.00,420.00,210
1777321266530,18450.00,5712.00,260000.00,420.00,210
1777321266555,9050.00,5750.00,260000.00,210.00,105
1777321266579,18230.00,5712.00,260000.00,420.00,210
1777321266602,18950.00,5754.00,260000.00,420.00,210
1777321266625,9100.00,5693.00,260000.00,210.00,105
1777321266649,18580.00,5733.00,260000.00,420.00,210
1777321266673,18970.00,5775.00,260000.00,420.00,210
1777321266696,9420.00,5796.00,260000.00,210.00,105
1777321266721,18440.00,5757.00,260000.00,420.00,210
1777321266745,19010.00,5780.00,260000.00,420.00,210
1777321266768,9440.00,5796.00,260000.00,210.00,105
1777321266792,19270.00,5831.00,260000.00,420.00,210
1777321266816,18280.00,5859.00,260000.00,420.00,210
1777321266840,9570.00,5859.00,260000.00,210.00,105
1777321266863,9570.00,5859.00,260000.00,210.00,105
1777321268031,3080.00,4641.00,260000.00,159.30,0
1777321268304,3260.00,4305.00,260000.00,159.30,0
1777321268348,3090.00,4242.00,260000.00,159.30,0
1777321268370,3070.00,4221.00,260000.00,159.30,0
1777321268394,6240.00,4221.00,260000.00,318.60,0
1777321268417,6390.00,4251.00,260000.00,318.60,0
1777321268440,3050.00,4194.00,260000.00,159.30,0
1777321268464,3170.00,4200.00,260000.00,159.30,0
1777321268487,6390.00,4221.00,260000.00,318.60,0
1777321268517,6240.00,4188.00,260000.00,318.60,0
1777321268541,3330.00,4194.00,260000.00,159.30,0
1777321268564,6210.00,4221.00,260000.00,318.60,0
1777321268589,6340.00,4248.00,260000.00,318.60,0
1777321268612,3100.00,4230.00,260000.00,159.30,0
1777321268636,6270.00,4200.00,260000.00,318.60,0
1777321268659,6370.00,4200.00,260000.00,318.60,0
1777321268682,3070.00,4209.00,260000.00,159.30,0
1777321268707,6390.00,4224.00,260000.00,318.60,0
1777321268731,6380.00,4228.00,260000.00,318.60,0
1777321268755,3160.00,4205.00,260000.00,159.30,0
1777321268779,6170.00,4209.00,260000.00,318.60,0
1777321268803,3000.00,4215.00,260000.00,159.30,0
1777321268826,6110.00,4221.00,260000.00,318.60,0
1777321268850,6360.00,4185.00,260000.00,318.60,0
1777321268874,3200.00,4230.00,260000.00,159.30,0
1777321268898,3080.00,4232.00,260000.00,159.30,0
1777321268922,6280.00,4221.00,260000.00,318.60,0
1777321268946,3150.00,4164.00,260000.00,159.30,0
1777321268970,6180.00,4175.00,260000.00,318.60,0
1777321269015,6440.00,4204.00,260000.00,318.60,0
1777321269039,3090.00,4185.00,260000.00,159.30,0
1777321269063,6100.00,4200.00,260000.00,318.60,0
1777321269087,3170.00,4206.00,260000.00,159.30,0
1777321269111,3070.00,4215.00,260000.00,159.30,0
1777321269134,6220.00,4200.00,260000.00,318.60,0
1777321269158,3170.00,4167.00,260000.00,159.30,0
1777321269182,6240.00,4182.00,260000.00,318.60,0
1777321269206,3030.00,4193.00,260000.00,159.30,0
1777321269233,3140.00,4158.00,260000.00,159.30,0
1777321269258,6440.00,4152.00,260000.00,318.60,0
1777321269282,9880.00,4158.00,260000.00,210.00,105
1777321269306,18710.00,4137.00,260000.00,420.00,210
1777321269331,9330.00,4164.00,260000.00,210.00,105
1777321269376,18440.00,4095.00,260000.00,420.00,210
1777321269401,9490.00,4116.00,260000.00,210.00,105
1777321269425,18690.00,4158.00,260000.00,420.00,210
1777321269450,9620.00,4120.00,260000.00,210.00,105
1777321269474,9000.00,4075.00,260000.00,210.00,105
1777321269504,19120.00,4116.00,260000.00,420.00,210
1777321269528,9220.00,4053.00,260000.00,210.00,105
1777321269553,19210.00,4116.00,260000.00,420.00,210
1777321269578,9200.00,4133.00,260000.00,210.00,105
1777321269603,19070.00,4074.00,260000.00,420.00,210
1777321269627,9470.00,4054.00,260000.00,210.00,105
1777321269654,9530.00,4116.00,260000.00,210.00,105
1777321269679,19200.00,4054.00,260000.00,420.00,210
1777321269703,9570.00,4088.00,260000.00,210.00,105
1777321269727,9210.00,4074.00,260000.00,210.00,105
1777321269751,18220.00,4081.00,260000.00,420.00,210
1777321269796,9410.00,4074.00,260000.00,210.00,105
1777321269821,19730.00,4074.00,260000.00,420.00,210
1777321269845,8500.00,4032.00,260000.00,210.00,105
1777321269869,18730.00,4095.00,260000.00,420.00,210
1777321269893,9800.00,4032.00,260000.00,210.00,105
1777321270139,9210.00,3801.00,260000.00,210.00,105
1777321270163,18050.00,3801.00,260000.00,420.00,210
1777321270187,18550.00,3822.00,260000.00,420.00,210
1777321270211,9430.00,3780.00,260000.00,210.00,105
1777321270235,18820.00,3787.00,260000.00,420.00,210
1777321270259,19640.00,3822.00,260000.00,420.00,210
1777321270284,9320.00,3843.00,260000.00,210.00,105
1777321270308,19510.00,3780.00,260000.00,420.00,210
1777321270332,9320.00,3843.00,260000.00,210.00,105
1777321270356,18560.00,3885.00,260000.00,420.00,210
1777321270381,18950.00,3843.00,260000.00,420.00,210
1777321270405,9280.00,3844.00,260000.00,210.00,105
1777321270430,18390.00,3864.00,260000.00,420.00,210
1777321270458,18720.00,3885.00,260000.00,420.00,210
1777321270482,18930.00,3864.00,260000.00,420.00,210
1777321270507,9870.00,3927.00,260000.00,210.00,105
1777321270531,19170.00,3914.00,260000.00,420.00,210
1777321270555,10010.00,3969.00,260000.00,210.00,105
1777321270580,18940.00,3948.00,260000.00,420.00,210
1777321270603,9830.00,3948.00,260000.00,210.00,105
1777321270628,9400.00,4008.00,260000.00,210.00,105
1777321270653,19490.00,3990.00,260000.00,420.00,210
1777321270677,19330.00,4011.00,260000.00,420.00,210
1777321270702,19170.00,4032.00,260000.00,420.00,210
1777321270727,18750.00,3990.00,260000.00,420.00,210
1777321270751,9200.00,4032.00,260000.00,210.00,105
1777321270775,19050.00,4074.00,260000.00,420.00,210
1777321270800,19530.00,4032.00,260000.00,420.00,210
1777321270824,9830.00,4060.00,260000.00,210.00,105
1777321270850,18730.00,4080.00,260000.00,420.00,210
1777321270879,19070.00,4095.00,260000.00,420.00,210
1777321270904,18580.00,4077.00,260000.00,420.00,210
1777321270929,19150.00,4116.00,260000.00,420.00,210
1777321270954,9830.00,4144.00,260000.00,210.00,105
1777321270979,19320.00,4158.00,260000.00,420.00,210
1777321271004,19780.00,4200.00,260000.00,420.00,210
1777321271029,18560.00,4208.00,260000.00,420.00,210
1777321271055,9660.00,4179.00,260000.00,210.00,105
1777321271080,19060.00,4219.00,260000.00,420.00,210
1777321271106,19360.00,4158.00,260000.00,420.00,210
1777321271131,9320.00,4185.00,260000.00,210.00,105
1777321271155,9730.00,4221.00,260000.00,210.00,105
1777321271180,19090.00,4263.00,260000.00,420.00,210
1777321271205,9680.00,4263.00,260000.00,210.00,105
1777321271231,18940.00,4326.00,260000.00,420.00,210
1777321271256,9410.00,4352.00,260000.00,210.00,105
1777321271282,18960.00,4326.00,260000.00,420.00,210
1777321271308,19170.00,4310.00,260000.00,420.00,210
1777321271334,18820.00,4368.00,260000.00,420.00,210
1777321271359,9520.00,4397.00,260000.00,210.00,105
1777321271384,18190.00,4368.00,260000.00,420.00,210
1777321271409,9610.00,4368.00,260000.00,210.00,105
1777321271435,19210.00,4347.00,260000.00,420.00,210
1777321271461,18130.00,4389.00,260000.00,420.00,210
1777321271486,9870.00,4350.00,260000.00,210.00,105
1777321271512,19250.00,4351.00,260000.00,420.00,210
1777321271537,18910.00,4274.00,260000.00,420.00,210
1777321271562,9470.00,4326.00,260000.00,210.00,105
1777321271588,19140.00,4358.00,260000.00,420.00,210
1777321271613,9790.00,4368.00,260000.00,210.00,105
1777321271638,18310.00,4306.00,260000.00,420.00,210
1777321271664,18890.00,4284.00,260000.00,420.00,210
1777321271690,18880.00,4305.00,260000.00,420.00,210
1777321271717,9400.00,4305.00,260000.00,210.00,105
1777321271744,19170.00,4347.00,260000.00,420.00,210
1777321271769,18080.00,4347.00,260000.00,420.00,210
1777321271794,9850.00,4305.00,260000.00,210.00,105
1777321271821,28450.00,4305.00,260000.00,630.00,315
1777321271846,9320.00,4347.00,260000.00,210.00,105
1777321271873,18920.00,4368.00,260000.00,420.00,210
1777321271899,18300.00,4368.00,260000.00,420.00,210
1777321271925,9410.00,4431.00,260000.00,210.00,105
1777321271950,19030.00,4473.00,260000.00,420.00,210
1777321271977,19000.00,4494.00,260000.00,420.00,210
1777321272002,19650.00,4522.00,260000.00,420.00,210
1777321272028,9080.00,4599.00,260000.00,210.00,105
1777321272055,18610.00,4620.00,260000.00,420.00,210
1777321272081,18860.00,4624.00,260000.00,420.00,210
1777321272108,9570.00,4683.00,260000.00,210.00,105
1777321272135,19580.00,4725.00,260000.00,420.00,210
1777321272260,19280.00,4746.00,260000.00,420.00,210
1777321272282,19040.00,4773.00,260000.00,420.00,210
1777321272305,9310.00,4830.00,260000.00,210.00,105
1777321272328,18040.00,4834.00,260000.00,420.00,210
1777321272352,18520.00,4893.00,260000.00,420.00,210
1777321272377,9310.00,4956.00,260000.00,210.00,105
1777321272401,19320.00,4956.00,260000.00,420.00,210
1777321272424,19100.00,5019.00,260000.00,420.00,210
1777321272448,9660.00,5026.00,260000.00,210.00,105
1777321272472,19240.00,5061.00,260000.00,420.00,210
1777321272495,19700.00,5124.00,260000.00,420.00,210
1777321272519,9480.00,5124.00,260000.00,210.00,105
1777321272544,19600.00,5166.00,260000.00,420.00,210
1777321272568,9090.00,5197.00,260000.00,210.00,105
1777321272593,18880.00,5231.00,260000.00,420.00,210
1777321272617,18750.00,5292.00,260000.00,420.00,210
1777321272640,18790.00,5292.00,260000.00,420.00,210
1777321272664,9800.00,5355.00,260000.00,210.00,105
1777321272689,18880.00,5357.00,260000.00,420.00,210
1777321272712,9500.00,5418.00,260000.00,210.00,105
1777321272736,18830.00,5460.00,260000.00,420.00,210
1777321272760,10020.00,5460.00,260000.00,210.00,105
1777321272785,18830.00,5509.00,260000.00,420.00,210
1777321272810,18920.00,5527.00,260000.00,420.00,210
1777321272835,18830.00,5607.00,260000.00,420.00,210
1777321272860,9760.00,5649.00,260000.00,210.00,105
1777321272887,18840.00,5649.00,260000.00,420.00,210
1777321272912,18910.00,5712.00,260000.00,420.00,210
1777321272937,19250.00,5754.00,260000.00,420.00,210
1777321272962,18650.00,5775.00,260000.00,420.00,210
1777321272987,9520.00,5781.00,260000.00,210.00,105
1777321273012,18950.00,5838.00,260000.00,420.00,210
1777321273037,18280.00,5895.00,260000.00,420.00,210
1777321273065,19400.00,5895.00,260000.00,420.00,210
1777321273092,18860.00,5958.00,260000.00,420.00,210
1777321273117,18930.00,6021.00,260000.00,420.00,210
1777321273141,9510.00,6063.00,260000.00,210.00,105
1777321273165,19000.00,6084.00,260000.00,420.00,210
1777321273189,18480.00,6089.00,260000.00,420.00,210
1777321273214,9330.00,6147.00,260000.00,210.00,105
1777321273239,18330.00,6189.00,260000.00,420.00,210
1777321273263,9630.00,6210.00,260000.00,210.00,105
1777321273288,18580.00,6210.00,260000.00,420.00,210
1777321273313,9580.00,6265.00,260000.00,210.00,105
1777321273339,18730.00,6279.00,260000.00,420.00,210
1777321273369,9700.00,6258.00,260000.00,210.00,105
1777321273395,9310.00,6300.00,260000.00,210.00,105
1777321273421,18720.00,6291.00,260000.00,420.00,210
1777321273447,18550.00,6246.00,260000.00,420.00,210
1777321273473,9940.00,6241.00,260000.00,210.00,105
1777321273498,9450.00,6270.00,260000.00,210.00,105
1777321273524,18850.00,6243.00,260000.00,420.00,210
1777321273550,18980.00,6216.00,260000.00,420.00,210
1777321273575,9780.00,6252.00,260000.00,210.00,105
1777321273600,19070.00,6255.00,260000.00,420.00,210
1777321273624,18590.00,6237.00,260000.00,420.00,210
1777321273648,9240.00,6220.00,260000.00,210.00,105
1777321273671,17600.00,6228.00,260000.00,420.00,210
1777321273696,9020.00,6276.00,260000.00,210.00,105
1777321273719,18950.00,6216.00,260000.00,420.00,210
1777321273743,19470.00,6252.00,260000.00,420.00,210
1777321273766,18650.00,6229.00,260000.00,420.00,210
1777321273791,9490.00,6270.00,260000.00,210.00,105
1777321273814,9400.00,6216.00,260000.00,210.00,105
1777321273839,18460.00,6252.00,260000.00,420.00,210
1777321273862,9790.00,6255.00,260000.00,210.00,105
1777321273886,18520.00,6243.00,260000.00,420.00,210
1777321273910,19420.00,6222.00,260000.00,420.00,210
1777321273934,8830.00,6252.00,260000.00,210.00,105
1777321273957,18930.00,6270.00,260000.00,420.00,210
1777321273981,9350.00,6243.00,260000.00,210.00,105
1777321274005,18440.00,6262.00,260000.00,420.00,210
1777321274030,8750.00,6273.00,260000.00,210.00,105
1777321274054,19330.00,6279.00,260000.00,420.00,210
1777321274079,9370.00,6273.00,260000.00,210.00,105
1777321274102,18970.00,6291.00,260000.00,420.00,210
1777321274203,9630.00,6186.00,260000.00,210.00,105
1777321274225,28280.00,6177.00,260000.00,630.00,315
1777321274248,8960.00,6243.00,260000.00,210.00,105
1777321274273,19340.00,6216.00,260000.00,420.00,210
1777321274297,18860.00,6216.00,260000.00,420.00,210
1777321274321,10000.00,6265.00,260000.00,210.00,105
1777321274344,18950.00,6258.00,260000.00,420.00,210
1777321274368,18030.00,6258.00,260000.00,420.00,210
1777321274391,9220.00,6266.00,260000.00,210.00,105
1777321274415,18750.00,6258.00,260000.00,420.00,210
1777321274439,9200.00,6258.00,260000.00,210.00,105
1777321274463,18650.00,6300.00,260000.00,420.00,210
1777321274487,18780.00,6279.00,260000.00,420.00,210
1777321274511,9540.00,6283.00,260000.00,210.00,105
1777321274537,19550.00,6330.00,260000.00,420.00,210
1777321274561,19130.00,6279.00,260000.00,420.00,210
1777321274585,9540.00,6321.00,260000.00,210.00,105
1777321274609,18590.00,6342.00,260000.00,420.00,210
1777321274633,19100.00,6321.00,260000.00,420.00,210
1777321274657,9870.00,6323.00,260000.00,210.00,105
1777321274684,18980.00,6352.00,260000.00,420.00,210
1777321274708,18570.00,6363.00,260000.00,420.00,210
1777321274732,18730.00,6405.00,260000.00,420.00,210
1777321274756,9530.00,6375.00,260000.00,210.00,105
1777321274780,19010.00,6367.00,260000.00,420.00,210
1777321274804,9450.00,6384.00,260000.00,210.00,105
1777321274828,19450.00,6426.00,260000.00,420.00,210
1777321274852,9600.00,6363.00,260000.00,210.00,105
1777321274876,18170.00,6413.00,260000.00,420.00,210
1777321274900,9590.00,6366.00,260000.00,210.00,105
1777321274925,19720.00,6426.00,260000.00,420.00,210
1777321274949,19030.00,6468.00,260000.00,420.00,210
1777321274973,18440.00,6489.00,260000.00,420.00,210
1777321274997,9520.00,6517.00,260000.00,210.00,105
1777321275022,18040.00,6552.00,260000.00,420.00,210
1777321275046,18890.00,6615.00,260000.00,420.00,210
1777321275070,9930.00,6615.00,260000.00,210.00,105
1777321275094,9800.00,6678.00,260000.00,210.00,105
1777321275118,18450.00,6684.00,260000.00,420.00,210
1777321275142,18970.00,6719.00,260000.00,420.00,210
1777321275169,9490.00,6720.00,260000.00,210.00,105
1777321275195,19270.00,6720.00,260000.00,420.00,210
1777321275220,19650.00,6783.00,260000.00,420.00,210
1777321275244,9070.00,6720.00,260000.00,210.00,105
1777321275267,19140.00,6699.00,260000.00,420.00,210
1777321275291,19070.00,6762.00,260000.00,420.00,210
1777321275316,9150.00,6762.00,260000.00,210.00,105
1777321275339,9900.00,6705.00,260000.00,210.00,105
1777321275364,18750.00,6720.00,260000.00,420.00,210
1777321275389,19440.00,6741.00,260000.00,420.00,210
1777321275414,9660.00,6705.00,260000.00,210.00,105
1777321275438,18760.00,6678.00,260000.00,420.00,210
1777321275461,17920.00,6741.00,260000.00,420.00,210
1777321275485,9620.00,6741.00,260000.00,210.00,105
1777321275510,18760.00,6727.00,260000.00,420.00,210
1777321275534,18230.00,6700.00,260000.00,420.00,210
1777321275559,9450.00,6719.00,260000.00,210.00,105
1777321275586,19090.00,6741.00,260000.00,420.00,210
1777321275611,19520.00,6746.00,260000.00,420.00,210
1777321275637,19570.00,6741.00,260000.00,420.00,210
1777321275661,9220.00,6741.00,260000.00,210.00,105
1777321275687,18830.00,6720.00,260000.00,420.00,210
1777321275712,19130.00,6725.00,260000.00,420.00,210
1777321275738,9640.00,6762.00,260000.00,210.00,105
1777321275763,19500.00,6720.00,260000.00,420.00,210
1777321275789,18910.00,6720.00,260000.00,420.00,210
1777321275815,8910.00,6755.00,260000.00,210.00,105
1777321275840,19000.00,6741.00,260000.00,420.00,210
1777321275953,8910.00,6628.00,260000.00,210.00,105
1777321275980,19060.00,6573.00,260000.00,420.00,210
1777321276003,19650.00,6594.00,260000.00,420.00,210
1777321276026,9100.00,6636.00,260000.00,210.00,105
1777321276049,18340.00,6594.00,260000.00,420.00,210
1777321276074,9590.00,6552.00,260000.00,210.00,105
1777321276097,19490.00,6594.00,260000.00,420.00,210
1777321276121,19000.00,6636.00,260000.00,420.00,210
1777321276143,9360.00,6573.00,260000.00,210.00,105
1777321276166,17650.00,6541.00,260000.00,420.00,210
1777321276190,19160.00,6594.00,260000.00,420.00,210
1777321276213,9950.00,6615.00,260000.00,210.00,105
1777321276237,18840.00,6594.00,260000.00,420.00,210
1777321276260,9280.00,6618.00,260000.00,210.00,105
1777321276283,19440.00,6636.00,260000.00,420.00,210
1777321276307,9060.00,6635.00,260000.00,210.00,105
1777321276330,18660.00,6615.00,260000.00,420.00,210
1777321276354,19030.00,6615.00,260000.00,420.00,210
1777321276377,9580.00,6657.00,260000.00,210.00,105
1777321276401,18480.00,6594.00,260000.00,420.00,210
1777321276427,10040.00,6573.00,260000.00,210.00,105
1777321276450,18990.00,6594.00,260000.00,420.00,210
1777321276474,18740.00,6642.00,260000.00,420.00,210
1777321276498,18540.00,6599.00,260000.00,420.00,210
1777321276521,9350.00,6636.00,260000.00,210.00,105
1777321276549,19150.00,6636.00,260000.00,420.00,210
1777321276574,9430.00,6636.00,260000.00,210.00,105
1777321276597,19400.00,6615.00,260000.00,420.00,210
1777321276622,19270.00,6619.00,260000.00,420.00,210
1777321276645,9210.00,6657.00,260000.00,210.00,105
1777321276668,18820.00,6639.00,260000.00,420.00,210
1777321276692,9560.00,6615.00,260000.00,210.00,105
1777321276715,9490.00,6678.00,260000.00,210.00,105
1777321276738,18360.00,6617.00,260000.00,420.00,210
1777321276762,19260.00,6615.00,260000.00,420.00,210
1777321276787,9480.00,6657.00,260000.00,210.00,105
1777321276811,19110.00,6615.00,260000.00,420.00,210
1777321276836,19000.00,6585.00,260000.00,420.00,210
1777321276860,9810.00,6581.00,260000.00,210.00,105
1777321276884,18620.00,6636.00,260000.00,420.00,210
1777321276908,18640.00,6636.00,260000.00,420.00,210
1777321276935,9800.00,6597.00,260000.00,210.00,105
1777321276959,18780.00,6615.00,260000.00,420.00,210
1777321276984,18740.00,6678.00,260000.00,420.00,210
1777321277009,19000.00,6625.00,260000.00,420.00,210
1777321277034,9260.00,6615.00,260000.00,210.00,105
1777321277059,19190.00,6639.00,260000.00,420.00,210
1777321277087,18610.00,6615.00,260000.00,420.00,210
1777321277112,18820.00,6654.00,260000.00,420.00,210
1777321277137,18760.00,6678.00,260000.00,420.00,210
1777321277161,9510.00,6678.00,260000.00,210.00,105
1777321277186,18390.00,6706.00,260000.00,420.00,210
1777321277211,18440.00,6741.00,260000.00,420.00,210
1777321277236,18940.00,6804.00,260000.00,420.00,210
1777321277261,10100.00,6804.00,260000.00,210.00,105
1777321277286,9470.00,6833.00,260000.00,210.00,105
1777321277310,18550.00,6804.00,260000.00,420.00,210
1777321277335,8990.00,6775.00,260000.00,210.00,105
1777321277360,18440.00,6699.00,260000.00,420.00,210
1777321277386,18860.00,6762.00,260000.00,420.00,210
1777321277411,9930.00,6783.00,260000.00,210.00,105
1777321277436,19010.00,6759.00,260000.00,420.00,210
1777321277535,9790.00,6639.00,260000.00,210.00,105
1777321277559,18820.00,6678.00,260000.00,420.00,210
1777321277582,10270.00,6678.00,260000.00,210.00,105
1777321277606,19380.00,6636.00,260000.00,420.00,210
1777321277630,18000.00,6636.00,260000.00,420.00,210
1777321277654,9610.00,6649.00,260000.00,210.00,105
1777321277678,18930.00,6678.00,260000.00,420.00,210
1777321277702,18480.00,6636.00,260000.00,420.00,210
1777321277725,9200.00,6601.00,260000.00,210.00,105
1777321277749,18660.00,6636.00,260000.00,420.00,210
1777321277773,8860.00,6699.00,260000.00,210.00,105
1777321277797,18530.00,6678.00,260000.00,420.00,210
1777321277821,18810.00,6615.00,260000.00,420.00,210
1777321277844,9330.00,6583.00,260000.00,210.00,105
1777321277873,18780.00,6636.00,260000.00,420.00,210
1777321277897,18500.00,6636.00,260000.00,420.00,210
1777321277922,9750.00,6636.00,260000.00,210.00,105
1777321277945,18660.00,6615.00,260000.00,420.00,210
1777321277969,19280.00,6642.00,260000.00,420.00,210
1777321277993,19150.00,6606.00,260000.00,420.00,210
1777321278017,9400.00,6594.00,260000.00,210.00,105
1777321278042,19330.00,6657.00,260000.00,420.00,210
1777321278065,18370.00,6698.00,260000.00,420.00,210
1777321278089,9880.00,6657.00,260000.00,210.00,105
1777321278113,18870.00,6614.00,260000.00,420.00,210
1777321278137,19400.00,6606.00,260000.00,420.00,210
1777321278161,9760.00,6636.00,260000.00,210.00,105
1777321278185,18910.00,6678.00,260000.00,420.00,210
1777321278209,18930.00,6636.00,260000.00,420.00,210
1777321278233,9170.00,6620.00,260000.00,210.00,105
1777321278257,18880.00,6621.00,260000.00,420.00,210
1777321278281,9430.00,6678.00,260000.00,210.00,105
1777321278306,18850.00,6639.00,260000.00,420.00,210
1777321278329,9930.00,6657.00,260000.00,210.00,105
1777321278354,18540.00,6678.00,260000.00,420.00,210
1777321278378,18920.00,6617.00,260000.00,420.00,210
1777321278407,9150.00,6657.00,260000.00,210.00,105
1777321278432,18760.00,6678.00,260000.00,420.00,210
1777321278457,18780.00,6720.00,260000.00,420.00,210
1777321278481,9740.00,6657.00,260000.00,210.00,105
1777321278506,9310.00,6666.00,260000.00,210.00,105
1777321278532,18600.00,6678.00,260000.00,420.00,210
1777321278558,19150.00,6720.00,260000.00,420.00,210
1777321278586,19160.00,6678.00,260000.00,420.00,210
1777321278610,19110.00,6678.00,260000.00,420.00,210
1777321278634,9240.00,6741.00,260000.00,210.00,105
1777321278659,19080.00,6699.00,260000.00,420.00,210
1777321278705,18990.00,6657.00,260000.00,420.00,210
1777321278731,19550.00,6657.00,260000.00,420.00,210
1777321278757,19340.00,6656.00,260000.00,420.00,210
1777321278782,9550.00,6678.00,260000.00,210.00,105
1777321278808,18810.00,6699.00,260000.00,420.00,210
1777321278835,18430.00,6636.00,260000.00,420.00,210
1777321278864,18340.00,6657.00,260000.00,420.00,210
1777321278890,18920.00,6699.00,260000.00,420.00,210
1777321278916,18410.00,6692.00,260000.00,420.00,210
1777321278942,18090.00,6657.00,260000.00,420.00,210
1777321278968,9180.00,6695.00,260000.00,210.00,105
1777321278994,19810.00,6720.00,260000.00,420.00,210
1777321279019,8820.00,6678.00,260000.00,210.00,105
1777321279047,19290.00,6636.00,260000.00,420.00,210
1777321279073,18840.00,6678.00,260000.00,420.00,210
1777321279101,18470.00,6699.00,260000.00,420.00,210
1777321279127,18830.00,6678.00,260000.00,420.00,210
1777321279153,10000.00,6741.00,260000.00,210.00,105
1777321279179,19210.00,6783.00,260000.00,420.00,210
1777321279205,19360.00,6804.00,260000.00,420.00,210
1777321279231,18440.00,6763.00,260000.00,420.00,210
1777321279256,9910.00,6783.00,260000.00,210.00,105
1777321279282,18560.00,6804.00,260000.00,420.00,210
1777321279308,19350.00,6804.00,260000.00,420.00,210
1777321279334,9000.00,6762.00,260000.00,210.00,105
1777321279360,18810.00,6783.00,260000.00,420.00,210
1777321279386,9290.00,6804.00,260000.00,210.00,105
1777321279412,18990.00,6743.00,260000.00,420.00,210
1777321279438,9760.00,6803.00,260000.00,210.00,105
1777321279464,19220.00,6762.00,260000.00,420.00,210
1777321279491,18700.00,6762.00,260000.00,420.00,210
1777321279520,18700.00,6762.00,260000.00,420.00,210
1777321279546,19140.00,6720.00,260000.00,420.00,210
1777321279572,9610.00,6696.00,260000.00,210.00,105
1777321279598,19480.00,6741.00,260000.00,420.00,210
1777321279625,19030.00,6720.00,260000.00,420.00,210
1777321279651,9400.00,6751.00,260000.00,210.00,105
1777321279678,17940.00,6741.00,260000.00,420.00,210
1777321279703,9990.00,6741.00,260000.00,210.00,105
1777321279732,18860.00,6699.00,260000.00,420.00,210
1777321279759,9590.00,6741.00,260000.00,210.00,105
1777321279785,18560.00,6710.00,260000.00,420.00,210
1777321279811,9290.00,6678.00,260000.00,210.00,105
1777321279838,19240.00,6720.00,260000.00,420.00,210
1777321279863,9270.00,6741.00,260000.00,210.00,105
1777321279890,18660.00,6705.00,260000.00,420.00,210
1777321279916,9140.00,6678.00,260000.00,210.00,105
1777321279942,19240.00,6678.00,260000.00,420.00,210
1777321279969,19400.00,6678.00,260000.00,420.00,210
1777321279997,19530.00,6741.00,260000.00,420.00,210
1777321280024,9170.00,6699.00,260000.00,210.00,105
1777321280050,19330.00,6678.00,260000.00,420.00,210
1777321280077,9670.00,6699.00,260000.00,210.00,105
1777321280104,18890.00,6661.00,260000.00,420.00,210
1777321280131,9140.00,6678.00,260000.00,210.00,105
1777321280158,19460.00,6636.00,260000.00,420.00,210
1777321280185,10020.00,6657.00,260000.00,210.00,105
1777321280211,9220.00,6636.00,260000.00,210.00,105
1777321280238,9740.00,6595.00,260000.00,210.00,105
1777321280265,18520.00,6636.00,260000.00,420.00,210
1777321280292,9270.00,6594.00,260000.00,210.00,105
1777321280320,18740.00,6608.00,260000.00,420.00,210
1777321280347,9800.00,6594.00,260000.00,210.00,105
1777321280374,19590.00,6594.00,260000.00,420.00,210
1777321280401,9520.00,6615.00,260000.00,210.00,105
1777321280428,18810.00,6594.00,260000.00,420.00,210
1777321280455,9310.00,6531.00,260000.00,210.00,105
1777321280486,18360.00,6594.00,260000.00,420.00,210
1777321280513,9540.00,6546.00,260000.00,210.00,105
1777321280543,18680.00,6531.00,260000.00,420.00,210
1777321280571,9820.00,6489.00,260000.00,210.00,105
1777321280598,9550.00,6531.00,260000.00,210.00,105
1777321280625,19310.00,6491.00,260000.00,420.00,210
1777321280653,9790.00,6468.00,260000.00,210.00,105
1777321280679,9140.00,6489.00,260000.00,210.00,105
1777321280707,18720.00,6510.00,260000.00,420.00,210
1777321280733,10050.00,6489.00,260000.00,210.00,105
1777321280761,18860.00,6468.00,260000.00,420.00,210
1777321280788,9340.00,6458.00,260000.00,210.00,105
1777321280815,18560.00,6497.00,260000.00,420.00,210
1777321280848,9390.00,6392.00,260000.00,210.00,105
1777321280876,9420.00,6393.00,260000.00,210.00,105
1777321281012,18750.00,6363.00,260000.00,420.00,210
1777321281035,18520.00,6363.00,260000.00,420.00,210
1777321281062,9650.00,6363.00,260000.00,210.00,105
1777321281086,18960.00,6384.00,260000.00,420.00,210
1777321281109,9290.00,6384.00,260000.00,210.00,105
1777321281132,18820.00,6384.00,260000.00,420.00,210
1777321281157,18900.00,6405.00,260000.00,420.00,210
1777321281180,9440.00,6426.00,260000.00,210.00,105
1777321281204,18720.00,6405.00,260000.00,420.00,210
1777321281229,18830.00,6342.00,260000.00,420.00,210
1777321281253,9370.00,6363.00,260000.00,210.00,105
1777321281277,18160.00,6368.00,260000.00,420.00,210
1777321281301,18920.00,6426.00,260000.00,420.00,210
1777321281324,9690.00,6405.00,260000.00,210.00,105
1777321281348,19060.00,6390.00,260000.00,420.00,210
1777321281372,18820.00,6363.00,260000.00,420.00,210
1777321281396,9190.00,6426.00,260000.00,210.00,105
1777321281420,18530.00,6447.00,260000.00,420.00,210
1777321281444,19450.00,6405.00,260000.00,420.00,210
1777321281468,9650.00,6393.00,260000.00,210.00,105
1777321281494,19060.00,6405.00,260000.00,420.00,210
1777321281518,19560.00,6426.00,260000.00,420.00,210
1777321281543,18460.00,6374.00,260000.00,420.00,210
1777321281566,9050.00,6426.00,260000.00,210.00,105
1777321281591,18920.00,6405.00,260000.00,420.00,210
1777321281617,18720.00,6405.00,260000.00,420.00,210
1777321281641,18890.00,6384.00,260000.00,420.00,210
1777321281665,8690.00,6405.00,260000.00,210.00,105
1777321281689,18580.00,6447.00,260000.00,420.00,210
1777321281713,9250.00,6430.00,260000.00,210.00,105
1777321281737,19050.00,6433.00,260000.00,420.00,210
1777321281762,18790.00,6426.00,260000.00,420.00,210
1777321281787,18960.00,6426.00,260000.00,420.00,210
1777321281811,9420.00,6468.00,260000.00,210.00,105
1777321281835,18720.00,6455.00,260000.00,420.00,210
1777321281859,9880.00,6443.00,260000.00,210.00,105
1777321281883,18480.00,6426.00,260000.00,420.00,210
1777321281908,19000.00,6426.00,260000.00,420.00,210
1777321281931,9700.00,6468.00,260000.00,210.00,105
1777321281955,18570.00,6447.00,260000.00,420.00,210
1777321281979,18890.00,6409.00,260000.00,420.00,210
1777321282004,9670.00,6405.00,260000.00,210.00,105
1777321282028,19400.00,6426.00,260000.00,420.00,210
1777321282052,18290.00,6447.00,260000.00,420.00,210
1777321282076,9010.00,6394.00,260000.00,210.00,105
1777321282100,18610.00,6363.00,260000.00,420.00,210
1777321282123,18910.00,6384.00,260000.00,420.00,210
1777321282148,9190.00,6407.00,260000.00,210.00,105
1777321282172,19140.00,6447.00,260000.00,420.00,210
1777321282197,18480.00,6426.00,260000.00,420.00,210
1777321282222,19060.00,6364.00,260000.00,420.00,210
1777321282246,9620.00,6405.00,260000.00,210.00,105
1777321282271,18580.00,6447.00,260000.00,420.00,210
1777321282295,9270.00,6384.00,260000.00,210.00,105
1777321282321,19050.00,6413.00,260000.00,420.00,210
1777321282346,19330.00,6431.00,260000.00,420.00,210
1777321282371,9220.00,6426.00,260000.00,210.00,105
1777321282397,18790.00,6405.00,260000.00,420.00,210
1777321282422,18980.00,6426.00,260000.00,420.00,210
1777321282448,19410.00,6489.00,260000.00,420.00,210
1777321282474,19300.00,6531.00,260000.00,420.00,210
1777321282499,9710.00,6552.00,260000.00,210.00,105
1777321282524,18520.00,6578.00,260000.00,420.00,210
1777321282550,18640.00,6552.00,260000.00,420.00,210
1777321282579,9680.00,6552.00,260000.00,210.00,105
1777321282606,18150.00,6531.00,260000.00,420.00,210
1777321282632,19490.00,6594.00,260000.00,420.00,210
1777321282656,19240.00,6599.00,260000.00,420.00,210
1777321282681,10060.00,6552.00,260000.00,210.00,105
1777321282706,18980.00,6559.00,260000.00,420.00,210
1777321282732,19960.00,6552.00,260000.00,420.00,210
1777321282758,9240.00,6564.00,260000.00,210.00,105
1777321282783,19050.00,6510.00,260000.00,420.00,210
1777321282808,18310.00,6552.00,260000.00,420.00,210
1777321282834,19240.00,6594.00,260000.00,420.00,210
1777321282859,9160.00,6552.00,260000.00,210.00,105
1777321282885,18460.00,6516.00,260000.00,420.00,210
1777321282910,19150.00,6510.00,260000.00,420.00,210
1777321282937,9440.00,6573.00,260000.00,210.00,105
1777321282962,19240.00,6573.00,260000.00,420.00,210
1777321282992,19230.00,6594.00,260000.00,420.00,210
1777321283017,9410.00,6573.00,260000.00,210.00,105
1777321283044,18960.00,6531.00,260000.00,420.00,210
1777321283069,18370.00,6531.00,260000.00,420.00,210
1777321283095,9610.00,6531.00,260000.00,210.00,105
1777321283125,18930.00,6489.00,260000.00,420.00,210
1777321283151,18520.00,6489.00,260000.00,420.00,210
1777321283178,19100.00,6510.00,260000.00,420.00,210
1777321283203,9270.00,6489.00,260000.00,210.00,105
1777321283229,9700.00,6552.00,260000.00,210.00,105
1777321283255,18670.00,6531.00,260000.00,420.00,210
1777321283280,9110.00,6489.00,260000.00,210.00,105
1777321283306,18940.00,6502.00,260000.00,420.00,210
1777321283333,18760.00,6468.00,260000.00,420.00,210
1777321283359,18880.00,6510.00,260000.00,420.00,210
1777321283385,10120.00,6457.00,260000.00,210.00,105
1777321283412,19100.00,6501.00,260000.00,420.00,210
1777321283437,9630.00,6467.00,260000.00,210.00,105
1777321283463,19100.00,6415.00,260000.00,420.00,210
1777321283489,9730.00,6510.00,260000.00,210.00,105
1777321283516,9580.00,6489.00,260000.00,210.00,105
1777321283542,18590.00,6426.00,260000.00,420.00,210
1777321283568,9380.00,6426.00,260000.00,210.00,105
1777321283595,18500.00,6447.00,260000.00,420.00,210
1777321283621,18670.00,6468.00,260000.00,420.00,210
1777321283648,19060.00,6447.00,260000.00,420.00,210
1777321283674,9280.00,6468.00,260000.00,210.00,105
1777321283700,18840.00,6489.00,260000.00,420.00,210
1777321283726,18670.00,6471.00,260000.00,420.00,210
1777321283753,9230.00,6505.00,260000.00,210.00,105
1777321283881,28190.00,6300.00,260000.00,630.00,315
1777321283904,9830.00,6321.00,260000.00,210.00,105
1777321283932,18350.00,6321.00,260000.00,420.00,210
1777321283956,18510.00,6283.00,260000.00,420.00,210
1777321283979,9180.00,6269.00,260000.00,210.00,105
1777321284003,18880.00,6321.00,260000.00,420.00,210
1777321284026,18760.00,6342.00,260000.00,420.00,210
1777321284050,9780.00,6338.00,260000.00,210.00,105
1777321284077,18880.00,6302.00,260000.00,420.00,210
1777321284102,18860.00,6321.00,260000.00,420.00,210
1777321284126,17880.00,6384.00,260000.00,420.00,210
1777321284150,9410.00,6363.00,260000.00,210.00,105
1777321284174,19510.00,6342.00,260000.00,420.00,210
1777321284198,9680.00,6326.00,260000.00,210.00,105
1777321284221,19430.00,6363.00,260000.00,420.00,210
1777321284246,19380.00,6321.00,260000.00,420.00,210
1777321284270,19120.00,6305.00,260000.00,420.00,210
1777321284294,9510.00,6384.00,260000.00,210.00,105
1777321284317,8790.00,6369.00,260000.00,210.00,105
1777321284341,19150.00,6300.00,260000.00,420.00,210
1777321284365,18720.00,6354.00,260000.00,420.00,210
1777321284389,19370.00,6348.00,260000.00,420.00,210
1777321284413,9320.00,6419.00,260000.00,210.00,105
1777321284437,18870.00,6363.00,260000.00,420.00,210
1777321284461,9270.00,6342.00,260000.00,210.00,105
1777321284485,9140.00,6384.00,260000.00,210.00,105
1777321284509,18390.00,6324.00,260000.00,420.00,210
1777321284533,19460.00,6363.00,260000.00,420.00,210
1777321284558,9810.00,6426.00,260000.00,210.00,105
1777321284582,19010.00,6321.00,260000.00,420.00,210
1777321284607,19550.00,6358.00,260000.00,420.00,210
1777321284631,19060.00,6370.00,260000.00,420.00,210
1777321284656,18760.00,6383.00,260000.00,420.00,210
1777321284681,9450.00,6384.00,260000.00,210.00,105
1777321284705,18140.00,6361.00,260000.00,420.00,210
1777321284730,9290.00,6404.00,260000.00,210.00,105
1777321284755,18840.00,6369.00,260000.00,420.00,210
1777321284780,18810.00,6415.00,260000.00,420.00,210
1777321284804,18940.00,6426.00,260000.00,420.00,210
1777321284829,9840.00,6402.00,260000.00,210.00,105
1777321284855,19000.00,6426.00,260000.00,420.00,210
1777321284881,18540.00,6468.00,260000.00,420.00,210
1777321284906,19170.00,6447.00,260000.00,420.00,210
1777321284930,9560.00,6426.00,260000.00,210.00,105
1777321284955,19070.00,6431.00,260000.00,420.00,210
1777321284980,18910.00,6405.00,260000.00,420.00,210
1777321285006,18710.00,6447.00,260000.00,420.00,210
1777321285030,9820.00,6405.00,260000.00,210.00,105
1777321285055,19290.00,6439.00,260000.00,420.00,210
1777321285080,18950.00,6453.00,260000.00,420.00,210
1777321285105,8820.00,6468.00,260000.00,210.00,105
1777321285130,18650.00,6468.00,260000.00,420.00,210
1777321285157,18510.00,6447.00,260000.00,420.00,210
1777321285182,19290.00,6489.00,260000.00,420.00,210
1777321285207,18350.00,6510.00,260000.00,420.00,210
1777321285232,9560.00,6520.00,260000.00,210.00,105
1777321285257,19250.00,6531.00,260000.00,420.00,210
1777321285282,19170.00,6512.00,260000.00,420.00,210
1777321285308,9900.00,6573.00,260000.00,210.00,105
1777321285333,19000.00,6531.00,260000.00,420.00,210
1777321285358,19300.00,6531.00,260000.00,420.00,210
1777321285383,9520.00,6537.00,260000.00,210.00,105
1777321285409,18570.00,6552.00,260000.00,420.00,210
1777321285434,18350.00,6594.00,260000.00,420.00,210
1777321285459,9440.00,6568.00,260000.00,210.00,105
1777321285484,9460.00,6594.00,260000.00,210.00,105
1777321285509,18590.00,6615.00,260000.00,420.00,210
1777321285536,19140.00,6573.00,260000.00,420.00,210
1777321285561,18990.00,6598.00,260000.00,420.00,210
1777321285586,9450.00,6615.00,260000.00,210.00,105
1777321285611,19270.00,6636.00,260000.00,420.00,210
1777321285636,18980.00,6594.00,260000.00,420.00,210
1777321285661,9450.00,6613.00,260000.00,210.00,105
1777321285687,18320.00,6636.00,260000.00,420.00,210
1777321285712,18620.00,6650.00,260000.00,420.00,210
1777321285738,19320.00,6645.00,260000.00,420.00,210
1777321285765,9340.00,6657.00,260000.00,210.00,105
1777321285791,9410.00,6705.00,260000.00,210.00,105
1777321285817,18930.00,6678.00,260000.00,420.00,210
1777321285842,18050.00,6699.00,260000.00,420.00,210
1777321285868,18750.00,6720.00,260000.00,420.00,210
1777321285893,9210.00,6759.00,260000.00,210.00,105
1777321285919,19920.00,6780.00,260000.00,420.00,210
1777321285944,19040.00,6787.00,260000.00,420.00,210
1777321285970,9750.00,6843.00,260000.00,210.00,105
1777321286001,19120.00,6846.00,260000.00,420.00,210
1777321286028,18420.00,6846.00,260000.00,420.00,210
1777321286055,9080.00,6909.00,260000.00,210.00,105
1777321286080,18810.00,6846.00,260000.00,420.00,210
1777321286106,9810.00,6825.00,260000.00,210.00,105
1777321286131,18730.00,6851.00,260000.00,420.00,210
1777321286158,18690.00,6887.00,260000.00,420.00,210
1777321286184,18840.00,6846.00,260000.00,420.00,210
1777321286216,9630.00,6825.00,260000.00,210.00,105
1777321286242,9280.00,6825.00,260000.00,210.00,105
1777321286360,18770.00,6825.00,260000.00,420.00,210
1777321286382,27930.00,6636.00,260000.00,630.00,315
1777321286404,9130.00,6678.00,260000.00,210.00,105
1777321286429,9810.00,6660.00,260000.00,210.00,105
1777321286452,18870.00,6720.00,260000.00,420.00,210
1777321286476,18810.00,6699.00,260000.00,420.00,210
1777321286499,8960.00,6640.00,260000.00,210.00,105
1777321286522,9960.00,6695.00,260000.00,210.00,105
1777321286545,18560.00,6667.00,260000.00,420.00,210
1777321286569,9100.00,6657.00,260000.00,210.00,105
1777321286595,19370.00,6678.00,260000.00,420.00,210
1777321286618,18560.00,6672.00,260000.00,420.00,210
1777321286642,9730.00,6665.00,260000.00,210.00,105
1777321286665,18990.00,6644.00,260000.00,420.00,210
1777321286689,18740.00,6657.00,260000.00,420.00,210
1777321286712,10130.00,6699.00,260000.00,210.00,105
1777321286736,19410.00,6674.00,260000.00,420.00,210
1777321286759,19080.00,6659.00,260000.00,420.00,210
1777321286783,9660.00,6636.00,260000.00,210.00,105
1777321286806,19040.00,6657.00,260000.00,420.00,210
1777321286830,18470.00,6678.00,260000.00,420.00,210
1777321286853,9610.00,6678.00,260000.00,210.00,105
1777321286877,19150.00,6678.00,260000.00,420.00,210
1777321286900,9760.00,6639.00,260000.00,210.00,105
1777321286924,18780.00,6657.00,260000.00,420.00,210
1777321286948,18420.00,6678.00,260000.00,420.00,210
1777321286972,9460.00,6699.00,260000.00,210.00,105
1777321286995,18930.00,6640.00,260000.00,420.00,210
1777321287019,19500.00,6657.00,260000.00,420.00,210
1777321287044,9910.00,6678.00,260000.00,210.00,105
1777321287068,18670.00,6720.00,260000.00,420.00,210
1777321287092,18630.00,6699.00,260000.00,420.00,210
1777321287115,9750.00,6640.00,260000.00,210.00,105
1777321287140,18970.00,6665.00,260000.00,420.00,210
1777321287164,18330.00,6678.00,260000.00,420.00,210
1777321287188,18920.00,6678.00,260000.00,420.00,210
1777321287211,10040.00,6678.00,260000.00,210.00,105
1777321287235,18610.00,6656.00,260000.00,420.00,210
1777321287259,19000.00,6636.00,260000.00,420.00,210
1777321287283,9120.00,6699.00,260000.00,210.00,105
1777321287307,18910.00,6741.00,260000.00,420.00,210
1777321287332,9320.00,6699.00,260000.00,210.00,105
1777321287356,18340.00,6665.00,260000.00,420.00,210
1777321287381,18500.00,6657.00,260000.00,420.00,210
1777321287408,9400.00,6699.00,260000.00,210.00,105
1777321287437,19240.00,6636.00,260000.00,420.00,210
1777321287462,19620.00,6657.00,260000.00,420.00,210
1777321287486,19150.00,6678.00,260000.00,420.00,210
1777321287511,9600.00,6699.00,260000.00,210.00,105
1777321287536,18950.00,6637.00,260000.00,420.00,210
1777321287560,19060.00,6636.00,260000.00,420.00,210
1777321287587,18670.00,6699.00,260000.00,420.00,210
1777321287612,19510.00,6650.00,260000.00,420.00,210
1777321287637,9300.00,6681.00,260000.00,210.00,105
1777321287661,18600.00,6664.00,260000.00,420.00,210
1777321287686,19130.00,6720.00,260000.00,420.00,210
1777321287711,9740.00,6711.00,260000.00,210.00,105
1777321287735,18750.00,6679.00,260000.00,420.00,210
1777321287760,9330.00,6663.00,260000.00,210.00,105
1777321287784,9500.00,6720.00,260000.00,210.00,105
1777321287809,19370.00,6678.00,260000.00,420.00,210
1777321287834,9560.00,6640.00,260000.00,210.00,105
1777321287870,18710.00,6678.00,260000.00,420.00,210
1777321287895,9390.00,6618.00,260000.00,210.00,105
1777321287921,18320.00,6615.00,260000.00,420.00,210
1777321287946,9760.00,6657.00,260000.00,210.00,105
1777321287970,18620.00,6619.00,260000.00,420.00,210
1777321287995,9360.00,6596.00,260000.00,210.00,105
1777321288021,9470.00,6632.00,260000.00,210.00,105
1777321288046,9120.00,6636.00,260000.00,210.00,105
1777321288071,19000.00,6597.00,260000.00,420.00,210
1777321288104,18310.00,6636.00,260000.00,420.00,210
1777321288133,9200.00,6597.00,260000.00,210.00,105
1777321288159,19070.00,6573.00,260000.00,420.00,210
1777321288185,9370.00,6615.00,260000.00,210.00,105
1777321288210,17850.00,6594.00,260000.00,420.00,210
1777321288235,9360.00,6556.00,260000.00,210.00,105
1777321288260,19690.00,6594.00,260000.00,420.00,210
1777321288286,19080.00,6636.00,260000.00,420.00,210
1777321288311,9690.00,6586.00,260000.00,210.00,105
1777321288341,18880.00,6573.00,260000.00,420.00,210
1777321288365,18930.00,6573.00,260000.00,420.00,210
1777321288391,9460.00,6602.00,260000.00,210.00,105
1777321288416,18890.00,6615.00,260000.00,420.00,210
1777321288441,9360.00,6636.00,260000.00,210.00,105
1777321288466,18900.00,6651.00,260000.00,420.00,210
1777321288492,18810.00,6594.00,260000.00,420.00,210
1777321288519,9480.00,6636.00,260000.00,210.00,105
1777321288610,9210.00,6531.00,260000.00,210.00,105
1777321288632,18950.00,6517.00,260000.00,420.00,210
1777321288655,18500.00,6510.00,260000.00,420.00,210
1777321288678,9660.00,6493.00,260000.00,210.00,105
1777321288701,18700.00,6552.00,260000.00,420.00,210
1777321288725,18910.00,6590.00,260000.00,420.00,210
1777321288747,9230.00,6552.00,260000.00,210.00,105
1777321288771,18540.00,6590.00,260000.00,420.00,210
1777321288794,19000.00,6600.00,260000.00,420.00,210
1777321288818,9530.00,6657.00,260000.00,210.00,105
1777321288841,19320.00,6699.00,260000.00,420.00,210
1777321288864,18690.00,6678.00,260000.00,420.00,210
1777321288888,9320.00,6663.00,260000.00,210.00,105
1777321288912,19450.00,6654.00,260000.00,420.00,210
1777321288935,18580.00,6699.00,260000.00,420.00,210
1777321288958,9640.00,6762.00,260000.00,210.00,105
1777321288981,18800.00,6731.00,260000.00,420.00,210
1777321289005,19340.00,6699.00,260000.00,420.00,210
1777321289028,9830.00,6705.00,260000.00,210.00,105
1777321289052,18240.00,6684.00,260000.00,420.00,210
1777321289077,18970.00,6719.00,260000.00,420.00,210
1777321289100,9740.00,6738.00,260000.00,210.00,105
1777321289124,18680.00,6682.00,260000.00,420.00,210
1777321289148,19160.00,6678.00,260000.00,420.00,210
1777321289173,8940.00,6657.00,260000.00,210.00,105
1777321289197,19830.00,6718.00,260000.00,420.00,210
1777321289221,19380.00,6705.00,260000.00,420.00,210
1777321289245,19510.00,6678.00,260000.00,420.00,210
1777321289269,9420.00,6741.00,260000.00,210.00,105
1777321289293,18730.00,6699.00,260000.00,420.00,210
1777321289317,18590.00,6699.00,260000.00,420.00,210
1777321289341,9520.00,6724.00,260000.00,210.00,105
1777321289366,19340.00,6699.00,260000.00,420.00,210
1777321289390,9300.00,6734.00,260000.00,210.00,105
1777321289418,18880.00,6678.00,260000.00,420.00,210
1777321289443,18640.00,6699.00,260000.00,420.00,210
1777321289467,19540.00,6762.00,260000.00,420.00,210
1777321289492,18940.00,6741.00,260000.00,420.00,210
1777321289517,9530.00,6720.00,260000.00,210.00,105
1777321289541,19070.00,6671.00,260000.00,420.00,210
1777321289566,18570.00,6720.00,260000.00,420.00,210
1777321289590,19430.00,6783.00,260000.00,420.00,210
1777321289614,9780.00,6720.00,260000.00,210.00,105
1777321289639,18880.00,6697.00,260000.00,420.00,210
1777321289664,18820.00,6682.00,260000.00,420.00,210
1777321289688,8880.00,6741.00,260000.00,210.00,105
1777321289716,19520.00,6720.00,260000.00,420.00,210
1777321289741,18960.00,6741.00,260000.00,420.00,210
1777321289766,18950.00,6720.00,260000.00,420.00,210
1777321289791,18670.00,6720.00,260000.00,420.00,210
1777321289816,9690.00,6741.00,260000.00,210.00,105
1777321289841,19010.00,6706.00,260000.00,420.00,210
1777321289869,18720.00,6699.00,260000.00,420.00,210
1777321289895,18850.00,6720.00,260000.00,420.00,210
1777321289920,18970.00,6741.00,260000.00,420.00,210
1777321289945,18530.00,6762.00,260000.00,420.00,210
1777321289970,9470.00,6725.00,260000.00,210.00,105
1777321289995,17850.00,6699.00,260000.00,420.00,210
1777321290021,19400.00,6762.00,260000.00,420.00,210
1777321290046,9400.00,6766.00,260000.00,210.00,105
1777321290072,18820.00,6783.00,260000.00,420.00,210
1777321290097,19330.00,6762.00,260000.00,420.00,210
1777321290122,19280.00,6720.00,260000.00,420.00,210
1777321290147,17930.00,6783.00,260000.00,420.00,210
1777321290172,18340.00,6728.00,260000.00,420.00,210
1777321290198,9300.00,6741.00,260000.00,210.00,105
1777321290223,18840.00,6762.00,260000.00,420.00,210
1777321290248,19250.00,6720.00,260000.00,420.00,210
1777321290273,9630.00,6783.00,260000.00,210.00,105
1777321290298,18970.00,6721.00,260000.00,420.00,210
1777321290323,19470.00,6720.00,260000.00,420.00,210
1777321290351,9820.00,6762.00,260000.00,210.00,105
1777321290376,18970.00,6764.00,260000.00,420.00,210
1777321290401,19370.00,6741.00,260000.00,420.00,210
1777321290426,18470.00,6741.00,260000.00,420.00,210
1777321290452,9960.00,6762.00,260000.00,210.00,105
1777321290546,9310.00,6657.00,260000.00,210.00,105
1777321290569,19080.00,6629.00,260000.00,420.00,210
1777321290593,19240.00,6597.00,260000.00,420.00,210
1777321290622,9340.00,6621.00,260000.00,210.00,105
1777321290645,18760.00,6657.00,260000.00,420.00,210
1777321290668,18950.00,6583.00,260000.00,420.00,210
1777321290691,19660.00,6657.00,260000.00,420.00,210
1777321290715,9400.00,6678.00,260000.00,210.00,105
1777321290738,18650.00,6666.00,260000.00,420.00,210
1777321290762,18750.00,6678.00,260000.00,420.00,210
1777321290785,9720.00,6678.00,260000.00,210.00,105
1777321290808,19160.00,6678.00,260000.00,420.00,210
1777321290831,18820.00,6678.00,260000.00,420.00,210
1777321290857,9040.00,6678.00,260000.00,210.00,105
1777321290881,18780.00,6636.00,260000.00,420.00,210
1777321290905,19230.00,6678.00,260000.00,420.00,210
1777321290928,19390.00,6720.00,260000.00,420.00,210
1777321290952,9130.00,6678.00,260000.00,210.00,105
1777321290980,19130.00,6636.00,260000.00,420.00,210
1777321291008,19060.00,6678.00,260000.00,420.00,210
1777321291032,18500.00,6702.00,260000.00,420.00,210
1777321291056,18350.00,6720.00,260000.00,420.00,210
1777321291080,9800.00,6720.00,260000.00,210.00,105
1777321291104,18690.00,6724.00,260000.00,420.00,210
1777321291128,9560.00,6724.00,260000.00,210.00,105
1777321291151,18930.00,6720.00,260000.00,420.00,210
1777321291175,19310.00,6720.00,260000.00,420.00,210
1777321291199,9510.00,6741.00,260000.00,210.00,105
1777321291223,19230.00,6709.00,260000.00,420.00,210
1777321291247,9520.00,6702.00,260000.00,210.00,105
1777321291271,18960.00,6762.00,260000.00,420.00,210
1777321291295,19380.00,6804.00,260000.00,420.00,210
1777321291320,9290.00,6825.00,260000.00,210.00,105
1777321291344,18300.00,6852.00,260000.00,420.00,210
1777321291373,9450.00,6867.00,260000.00,210.00,105
1777321291399,29440.00,6846.00,260000.00,630.00,315
1777321291426,9690.00,6909.00,260000.00,210.00,105
1777321291454,19200.00,6846.00,260000.00,420.00,210
1777321291479,18960.00,6867.00,260000.00,420.00,210
1777321291503,10100.00,6909.00,260000.00,210.00,105
1777321291527,18470.00,6867.00,260000.00,420.00,210
1777321291552,19040.00,6867.00,260000.00,420.00,210
1777321291579,9670.00,6825.00,260000.00,210.00,105
1777321291604,19250.00,6867.00,260000.00,420.00,210
1777321291629,19310.00,6909.00,260000.00,420.00,210
1777321291653,18870.00,6888.00,260000.00,420.00,210
1777321291677,9190.00,6825.00,260000.00,210.00,105
1777321291701,19070.00,6825.00,260000.00,420.00,210
1777321291727,9500.00,6888.00,260000.00,210.00,105
1777321291752,19320.00,6888.00,260000.00,420.00,210
1777321291777,9700.00,6888.00,260000.00,210.00,105
1777321291801,9130.00,6846.00,260000.00,210.00,105
1777321291825,18490.00,6825.00,260000.00,420.00,210
1777321291853,9770.00,6827.00,260000.00,210.00,105
1777321291877,19090.00,6851.00,260000.00,420.00,210
1777321291902,19040.00,6863.00,260000.00,420.00,210
1777321291928,19290.00,6825.00,260000.00,420.00,210
1777321291953,9500.00,6806.00,260000.00,210.00,105
1777321291977,9560.00,6846.00,260000.00,210.00,105
1777321292003,19490.00,6804.00,260000.00,420.00,210
1777321292027,18590.00,6762.00,260000.00,420.00,210
1777321292053,9320.00,6783.00,260000.00,210.00,105
1777321292078,19010.00,6804.00,260000.00,420.00,210
1777321292103,9050.00,6825.00,260000.00,210.00,105
1777321292128,19350.00,6768.00,260000.00,420.00,210
1777321292154,18530.00,6762.00,260000.00,420.00,210
1777321292179,18760.00,6783.00,260000.00,420.00,210
1777321292208,10040.00,6783.00,260000.00,210.00,105
1777321292234,9900.00,6834.00,260000.00,210.00,105
1777321292349,19350.00,6804.00,260000.00,420.00,210
1777321292372,19700.00,6636.00,260000.00,420.00,210
1777321292395,9030.00,6575.00,260000.00,210.00,105
1777321292418,9770.00,6636.00,260000.00,210.00,105
1777321292442,18550.00,6646.00,260000.00,420.00,210
1777321292465,18640.00,6642.00,260000.00,420.00,210
1777321292489,9670.00,6636.00,260000.00,210.00,105
1777321292511,9420.00,6615.00,260000.00,210.00,105
1777321292539,19020.00,6639.00,260000.00,420.00,210
1777321292563,19510.00,6636.00,260000.00,420.00,210
1777321292586,19150.00,6636.00,260000.00,420.00,210
1777321292610,9970.00,6657.00,260000.00,210.00,105
1777321292633,19050.00,6620.00,260000.00,420.00,210
1777321292657,9580.00,6640.00,260000.00,210.00,105
1777321292681,18660.00,6615.00,260000.00,420.00,210
1777321292705,19750.00,6615.00,260000.00,420.00,210
1777321292728,19410.00,6636.00,260000.00,420.00,210
1777321292751,9050.00,6660.00,260000.00,210.00,105
1777321292775,18880.00,6597.00,260000.00,420.00,210
1777321292798,9880.00,6636.00,260000.00,210.00,105
1777321292822,18590.00,6654.00,260000.00,420.00,210
1777321292847,18160.00,6657.00,260000.00,420.00,210
1777321292870,9060.00,6699.00,260000.00,210.00,105
1777321292894,18860.00,6702.00,260000.00,420.00,210
1777321292919,19030.00,6699.00,260000.00,420.00,210
1777321292942,9350.00,6699.00,260000.00,210.00,105
1777321292967,19360.00,6720.00,260000.00,420.00,210
1777321292990,9630.00,6723.00,260000.00,210.00,105
1777321293019,18900.00,6678.00,260000.00,420.00,210
1777321293044,18730.00,6720.00,260000.00,420.00,210
1777321293068,18250.00,6762.00,260000.00,420.00,210
1777321293092,18450.00,6720.00,260000.00,420.00,210
1777321293117,9660.00,6745.00,260000.00,210.00,105
1777321293140,9520.00,6720.00,260000.00,210.00,105
1777321293165,18800.00,6726.00,260000.00,420.00,210
1777321293189,18710.00,6762.00,260000.00,420.00,210
1777321293213,9520.00,6783.00,260000.00,210.00,105
1777321293238,19010.00,6756.00,260000.00,420.00,210
1777321293263,19030.00,6762.00,260000.00,420.00,210
1777321293287,9310.00,6762.00,260000.00,210.00,105
1777321293311,19340.00,6759.00,260000.00,420.00,210
1777321293336,17680.00,6762.00,260000.00,420.00,210
1777321293361,9270.00,6778.00,260000.00,210.00,105
1777321293385,18800.00,6798.00,260000.00,420.00,210
1777321293410,17710.00,6762.00,260000.00,420.00,210
1777321293435,9150.00,6804.00,260000.00,210.00,105
1777321293459,18900.00,6804.00,260000.00,420.00,210
1777321293484,18480.00,6800.00,260000.00,420.00,210
1777321293508,9660.00,6746.00,260000.00,210.00,105
1777321293532,18330.00,6804.00,260000.00,420.00,210
1777321293557,9700.00,6804.00,260000.00,210.00,105
1777321293582,18870.00,6867.00,260000.00,420.00,210
1777321293606,9740.00,6909.00,260000.00,210.00,105
1777321293632,19660.00,6930.00,260000.00,420.00,210
1777321293656,18510.00,6851.00,260000.00,420.00,210
1777321293681,9280.00,6890.00,260000.00,210.00,105
1777321293706,19340.00,6869.00,260000.00,420.00,210
1777321293731,9350.00,6867.00,260000.00,210.00,105
1777321293755,19780.00,6888.00,260000.00,420.00,210
1777321293781,19740.00,6867.00,260000.00,420.00,210
1777321293806,9770.00,6832.00,260000.00,210.00,105
1777321293830,19450.00,6825.00,260000.00,420.00,210
1777321293920,9240.00,6762.00,260000.00,210.00,105
1777321293946,18830.00,6699.00,260000.00,420.00,210
1777321293969,19000.00,6720.00,260000.00,420.00,210
1777321293992,18500.00,6719.00,260000.00,420.00,210
1777321294015,9140.00,6804.00,260000.00,210.00,105
1777321294041,19080.00,6783.00,260000.00,420.00,210
1777321294068,18290.00,6762.00,260000.00,420.00,210
1777321294092,9800.00,6720.00,260000.00,210.00,105
1777321294114,18730.00,6762.00,260000.00,420.00,210
1777321294138,18940.00,6722.00,260000.00,420.00,210
1777321294161,19140.00,6783.00,260000.00,420.00,210
1777321294183,9930.00,6804.00,260000.00,210.00,105
1777321294206,18420.00,6783.00,260000.00,420.00,210
1777321294230,9330.00,6748.00,260000.00,210.00,105
1777321294254,18220.00,6710.00,260000.00,420.00,210
1777321294278,18920.00,6720.00,260000.00,420.00,210
1777321294301,8890.00,6762.00,260000.00,210.00,105
1777321294325,19570.00,6762.00,260000.00,420.00,210
1777321294347,9320.00,6725.00,260000.00,210.00,105
1777321294371,18760.00,6704.00,260000.00,420.00,210
1777321294395,8800.00,6720.00,260000.00,210.00,105
1777321294418,18600.00,6762.00,260000.00,420.00,210
1777321294442,9250.00,6783.00,260000.00,210.00,105
1777321294466,18930.00,6741.00,260000.00,420.00,210
1777321294490,19050.00,6701.00,260000.00,420.00,210
1777321294514,9530.00,6741.00,260000.00,210.00,105
1777321294537,18770.00,6783.00,260000.00,420.00,210
1777321294561,19280.00,6741.00,260000.00,420.00,210
1777321294584,9100.00,6680.00,260000.00,210.00,105
1777321294609,19530.00,6737.00,260000.00,420.00,210
1777321294633,9230.00,6783.00,260000.00,210.00,105
1777321294657,19420.00,6762.00,260000.00,420.00,210
1777321294680,18400.00,6720.00,260000.00,420.00,210
1777321294704,9360.00,6705.00,260000.00,210.00,105
1777321294728,18470.00,6711.00,260000.00,420.00,210
1777321294752,9410.00,6720.00,260000.00,210.00,105
1777321294776,18900.00,6699.00,260000.00,420.00,210
1777321294800,18610.00,6699.00,260000.00,420.00,210
1777321294824,9200.00,6727.00,260000.00,210.00,105
1777321294849,19660.00,6699.00,260000.00,420.00,210
1777321294873,9650.00,6741.00,260000.00,210.00,105
1777321294897,19140.00,6720.00,260000.00,420.00,210
1777321294922,18560.00,6699.00,260000.00,420.00,210
1777321294946,9940.00,6694.00,260000.00,210.00,105
1777321294970,18320.00,6714.00,260000.00,420.00,210
1777321294995,9330.00,6719.00,260000.00,210.00,105
1777321295019,18700.00,6699.00,260000.00,420.00,210
1777321295044,18910.00,6720.00,260000.00,420.00,210
1777321295068,9280.00,6685.00,260000.00,210.00,105
1777321295093,19500.00,6678.00,260000.00,420.00,210
1777321295117,20240.00,6720.00,260000.00,420.00,210
1777321295141,10160.00,6657.00,260000.00,210.00,105
1777321295165,8760.00,6720.00,260000.00,210.00,105
1777321295190,18280.00,6678.00,260000.00,420.00,210
1777321295215,9960.00,6657.00,260000.00,210.00,105
1777321295239,18570.00,6637.00,260000.00,420.00,210
1777321295264,9390.00,6657.00,260000.00,210.00,105
1777321295288,18510.00,6678.00,260000.00,420.00,210
1777321295375,9110.00,6591.00,260000.00,210.00,105
1777321295398,9380.00,6531.00,260000.00,210.00,105
1777321295422,18740.00,6552.00,260000.00,420.00,210
1777321295449,9120.00,6573.00,260000.00,210.00,105
1777321295472,18570.00,6573.00,260000.00,420.00,210
1777321295496,19070.00,6597.00,260000.00,420.00,210
1777321295520,9590.00,6678.00,260000.00,210.00,105
1777321295544,18040.00,6699.00,260000.00,420.00,210
1777321295568,18490.00,6636.00,260000.00,420.00,210
1777321295595,19320.00,6657.00,260000.00,420.00,210
1777321295619,9090.00,6720.00,260000.00,210.00,105
1777321295643,19340.00,6658.00,260000.00,420.00,210
1777321295667,18680.00,6741.00,260000.00,420.00,210
1777321295691,9270.00,6678.00,260000.00,210.00,105
1777321295715,19330.00,6660.00,260000.00,420.00,210
1777321295739,18890.00,6669.00,260000.00,420.00,210
1777321295762,9380.00,6654.00,260000.00,210.00,105
1777321295786,19110.00,6657.00,260000.00,420.00,210
1777321295811,19470.00,6678.00,260000.00,420.00,210
1777321295834,9300.00,6657.00,260000.00,210.00,105
1777321295858,9470.00,6692.00,260000.00,210.00,105
1777321295882,18840.00,6678.00,260000.00,420.00,210
1777321295906,18980.00,6657.00,260000.00,420.00,210
1777321295931,9930.00,6657.00,260000.00,210.00,105
1777321295954,19220.00,6636.00,260000.00,420.00,210
1777321295978,8840.00,6678.00,260000.00,210.00,105
1777321296002,19340.00,6624.00,260000.00,420.00,210
1777321296026,19270.00,6636.00,260000.00,420.00,210
1777321296052,18510.00,6636.00,260000.00,420.00,210
1777321296079,9590.00,6615.00,260000.00,210.00,105
1777321296102,18060.00,6659.00,260000.00,420.00,210
1777321296127,9360.00,6678.00,260000.00,210.00,105
1777321296151,19200.00,6615.00,260000.00,420.00,210
1777321296176,18780.00,6591.00,260000.00,420.00,210
1777321296200,9550.00,6615.00,260000.00,210.00,105
1777321296227,18040.00,6615.00,260000.00,420.00,210
1777321296252,18570.00,6626.00,260000.00,420.00,210
1777321296277,19640.00,6617.00,260000.00,420.00,210
1777321296302,9950.00,6594.00,260000.00,210.00,105
1777321296325,18900.00,6629.00,260000.00,420.00,210
1777321296350,18990.00,6615.00,260000.00,420.00,210
1777321296375,9640.00,6677.00,260000.00,210.00,105
1777321296399,19230.00,6636.00,260000.00,420.00,210
1777321296425,19550.00,6615.00,260000.00,420.00,210
1777321296450,9110.00,6620.00,260000.00,210.00,105
1777321296476,18670.00,6615.00,260000.00,420.00,210
1777321296500,9250.00,6615.00,260000.00,210.00,105
1777321296525,9360.00,6636.00,260000.00,210.00,105
1777321296550,19400.00,6594.00,260000.00,420.00,210
1777321296576,18520.00,6620.00,260000.00,420.00,210
1777321296601,9600.00,6636.00,260000.00,210.00,105
1777321296626,19640.00,6615.00,260000.00,420.00,210
1777321296651,9350.00,6596.00,260000.00,210.00,105
1777321296675,9320.00,6657.00,260000.00,210.00,105
1777321296700,18860.00,6615.00,260000.00,420.00,210
1777321296725,9960.00,6573.00,260000.00,210.00,105
1777321296753,19170.00,6573.00,260000.00,420.00,210
1777321296778,9660.00,6594.00,260000.00,210.00,105
1777321296804,18580.00,6594.00,260000.00,420.00,210
1777321296829,9470.00,6594.00,260000.00,210.00,105
1777321296855,18680.00,6633.00,260000.00,420.00,210
1777321296881,18630.00,6594.00,260000.00,420.00,210
1777321296907,19560.00,6570.00,260000.00,420.00,210
1777321296954,18520.00,6609.00,260000.00,420.00,210
1777321296979,9810.00,6573.00,260000.00,210.00,105
1777321297003,19120.00,6594.00,260000.00,420.00,210
1777321297028,9910.00,6615.00,260000.00,210.00,105
1777321297053,19270.00,6594.00,260000.00,420.00,210
1777321297079,9680.00,6573.00,260000.00,210.00,105
1777321297112,18790.00,6552.00,260000.00,420.00,210
1777321297137,8920.00,6573.00,260000.00,210.00,105
1777321297163,18590.00,6531.00,260000.00,420.00,210
1777321297188,9400.00,6552.00,260000.00,210.00,105
1777321297214,18500.00,6558.00,260000.00,420.00,210
1777321297240,9600.00,6533.00,260000.00,210.00,105
1777321297266,19410.00,6533.00,260000.00,420.00,210
1777321297291,9040.00,6615.00,260000.00,210.00,105
1777321297317,19170.00,6636.00,260000.00,420.00,210
1777321297342,9320.00,6637.00,260000.00,210.00,105
1777321297368,19230.00,6678.00,260000.00,420.00,210
1777321297393,9490.00,6678.00,260000.00,210.00,105
1777321297419,9570.00,6678.00,260000.00,210.00,105
1777321297445,17910.00,6657.00,260000.00,420.00,210
1777321297471,9220.00,6625.00,260000.00,210.00,105
1777321297498,18800.00,6615.00,260000.00,420.00,210
1777321297524,9350.00,6615.00,260000.00,210.00,105
1777321297551,18840.00,6615.00,260000.00,420.00,210
1777321297577,18710.00,6594.00,260000.00,420.00,210
1777321297603,9750.00,6636.00,260000.00,210.00,105
1777321297629,19250.00,6636.00,260000.00,420.00,210
1777321297655,10110.00,6620.00,260000.00,210.00,105
1777321297680,9240.00,6615.00,260000.00,210.00,105
1777321297706,18420.00,6594.00,260000.00,420.00,210
1777321297731,9550.00,6573.00,260000.00,210.00,105
1777321297758,18250.00,6577.00,260000.00,420.00,210
1777321297786,19100.00,6573.00,260000.00,420.00,210
1777321297812,9790.00,6594.00,260000.00,210.00,105
1777321297838,18550.00,6552.00,260000.00,420.00,210
1777321297863,9470.00,6531.00,260000.00,210.00,105
1777321297889,19140.00,6541.00,260000.00,420.00,210
1777321297935,19100.00,6510.00,260000.00,420.00,210
1777321297961,9320.00,6510.00,260000.00,210.00,105
1777321297988,18830.00,6552.00,260000.00,420.00,210
1777321298014,19080.00,6531.00,260000.00,420.00,210
1777321298041,9140.00,6497.00,260000.00,210.00,105
1777321298068,18750.00,6495.00,260000.00,420.00,210
1777321298094,8940.00,6531.00,260000.00,210.00,105
1777321298121,19140.00,6508.00,260000.00,420.00,210
1777321298148,18900.00,6494.00,260000.00,420.00,210
1777321298180,8810.00,6447.00,260000.00,210.00,105
1777321298206,9850.00,6468.00,260000.00,210.00,105
1777321298232,9430.00,6510.00,260000.00,210.00,105
1777321298260,18600.00,6468.00,260000.00,420.00,210
1777321298286,9480.00,6468.00,260000.00,210.00,105
1777321298313,18620.00,6489.00,260000.00,420.00,210
1777321298418,9510.00,6300.00,260000.00,210.00,105
1777321298440,19540.00,6321.00,260000.00,420.00,210
1777321298463,19260.00,6363.00,260000.00,420.00,210
1777321298489,9630.00,6300.00,260000.00,210.00,105
1777321298512,18300.00,6313.00,260000.00,420.00,210
1777321298535,9750.00,6342.00,260000.00,210.00,105
1777321298559,18180.00,6325.00,260000.00,420.00,210
1777321298582,19100.00,6342.00,260000.00,420.00,210
1777321298606,9790.00,6306.00,260000.00,210.00,105
1777321298629,19210.00,6321.00,260000.00,420.00,210
1777321298652,18360.00,6384.00,260000.00,420.00,210
1777321298675,9540.00,6321.00,260000.00,210.00,105
1777321298699,19660.00,6321.00,260000.00,420.00,210
1777321298723,18630.00,6328.00,260000.00,420.00,210
1777321298746,9440.00,6321.00,260000.00,210.00,105
1777321298770,18350.00,6363.00,260000.00,420.00,210
1777321298794,18720.00,6405.00,260000.00,420.00,210
1777321298818,9370.00,6384.00,260000.00,210.00,105
1777321298841,18530.00,6342.00,260000.00,420.00,210
1777321298865,19750.00,6342.00,260000.00,420.00,210
1777321298888,9370.00,6384.00,260000.00,210.00,105
1777321298913,18140.00,6447.00,260000.00,420.00,210
1777321298937,18790.00,6457.00,260000.00,420.00,210
1777321298960,9790.00,6468.00,260000.00,210.00,105
1777321298984,18690.00,6510.00,260000.00,420.00,210
1777321299008,9010.00,6405.00,260000.00,210.00,105
1777321299031,19800.00,6447.00,260000.00,420.00,210
1777321299055,19270.00,6452.00,260000.00,420.00,210
1777321299079,10030.00,6468.00,260000.00,210.00,105
1777321299102,19210.00,6447.00,260000.00,420.00,210
1777321299126,9550.00,6468.00,260000.00,210.00,105
1777321299150,18130.00,6433.00,260000.00,420.00,210
1777321299174,18530.00,6387.00,260000.00,420.00,210
1777321299197,9240.00,6447.00,260000.00,210.00,105
1777321299224,19010.00,6489.00,260000.00,420.00,210
1777321299247,18760.00,6468.00,260000.00,420.00,210
1777321299271,9030.00,6432.00,260000.00,210.00,105
1777321299295,19070.00,6392.00,260000.00,420.00,210
1777321299318,19110.00,6447.00,260000.00,420.00,210
1777321299341,18750.00,6510.00,260000.00,420.00,210
1777321299364,9670.00,6468.00,260000.00,210.00,105
1777321299388,19010.00,6431.00,260000.00,420.00,210
1777321299411,18450.00,6426.00,260000.00,420.00,210
1777321299434,8880.00,6447.00,260000.00,210.00,105
1777321299458,18660.00,6468.00,260000.00,420.00,210
1777321299482,9250.00,6489.00,260000.00,210.00,105
1777321299506,19210.00,6428.00,260000.00,420.00,210
1777321299530,19200.00,6447.00,260000.00,420.00,210
1777321299555,18730.00,6468.00,260000.00,420.00,210
1777321299579,9290.00,6531.00,260000.00,210.00,105
1777321299603,19060.00,6489.00,260000.00,420.00,210
1777321299627,18680.00,6455.00,260000.00,420.00,210
1777321299653,18370.00,6449.00,260000.00,420.00,210
1777321299677,10220.00,6489.00,260000.00,210.00,105
1777321299703,18700.00,6531.00,260000.00,420.00,210
1777321299728,18250.00,6502.00,260000.00,420.00,210
1777321299754,18830.00,6452.00,260000.00,420.00,210
1777321299778,9600.00,6510.00,260000.00,210.00,105
1777321299804,18650.00,6510.00,260000.00,420.00,210
1777321299829,19050.00,6457.00,260000.00,420.00,210
1777321299855,9270.00,6469.00,260000.00,210.00,105
1777321299880,18860.00,6468.00,260000.00,420.00,210
1777321299906,18790.00,6468.00,260000.00,420.00,210
1777321299932,9120.00,6501.00,260000.00,210.00,105
1777321299958,9640.00,6489.00,260000.00,210.00,105
1777321299983,18980.00,6468.00,260000.00,420.00,210
1777321300011,18030.00,6426.00,260000.00,420.00,210
1777321300037,9320.00,6468.00,260000.00,210.00,105
1777321300065,19090.00,6507.00,260000.00,420.00,210
1777321300089,18960.00,6468.00,260000.00,420.00,210
1777321300114,18800.00,6446.00,260000.00,420.00,210
1777321300138,18820.00,6472.00,260000.00,420.00,210
1777321300164,9370.00,6481.00,260000.00,210.00,105
1777321300189,18750.00,6474.00,260000.00,420.00,210
1777321300215,9300.00,6489.00,260000.00,210.00,105
1777321300241,18610.00,6529.00,260000.00,420.00,210
1777321300267,18650.00,6489.00,260000.00,420.00,210
1777321300293,9700.00,6475.00,260000.00,210.00,105
1777321300319,19410.00,6510.00,260000.00,420.00,210
1777321300345,18340.00,6552.00,260000.00,420.00,210
1777321300370,9310.00,6557.00,260000.00,210.00,105
1777321300395,9910.00,6615.00,260000.00,210.00,105
1777321300420,19000.00,6573.00,260000.00,420.00,210
1777321300446,9510.00,6552.00,260000.00,210.00,105
1777321300471,19000.00,6579.00,260000.00,420.00,210
1777321300498,18710.00,6611.00,260000.00,420.00,210
1777321300524,18620.00,6573.00,260000.00,420.00,210
1777321300549,9520.00,6552.00,260000.00,210.00,105
1777321300575,9560.00,6573.00,260000.00,210.00,105
1777321300601,19300.00,6565.00,260000.00,420.00,210
1777321300628,9530.00,6552.00,260000.00,210.00,105
1777321300654,19150.00,6501.00,260000.00,420.00,210
1777321300680,18590.00,6510.00,260000.00,420.00,210
1777321300706,9470.00,6552.00,260000.00,210.00,105
1777321300732,19150.00,6514.00,260000.00,420.00,210
1777321300759,19290.00,6573.00,260000.00,420.00,210
1777321300784,19300.00,6489.00,260000.00,420.00,210
1777321300811,9480.00,6510.00,260000.00,210.00,105
1777321300837,18550.00,6552.00,260000.00,420.00,210
1777321300865,9810.00,6531.00,260000.00,210.00,105
1777321300893,19070.00,6475.00,260000.00,420.00,210
1777321300920,18620.00,6489.00,260000.00,420.00,210
1777321300952,19190.00,6531.00,260000.00,420.00,210
1777321301108,18730.00,6290.00,260000.00,420.00,210
1777321301131,18630.00,6342.00,260000.00,420.00,210
1777321301155,18510.00,6384.00,260000.00,420.00,210
1777321301183,18920.00,6321.00,260000.00,420.00,210
1777321301206,19280.00,6342.00,260000.00,420.00,210
1777321301230,9650.00,6381.00,260000.00,210.00,105
1777321301253,20090.00,6342.00,260000.00,420.00,210
1777321301276,19450.00,6327.00,260000.00,420.00,210
1777321301300,9710.00,6364.00,260000.00,210.00,105
1777321301324,18990.00,6379.00,260000.00,420.00,210
1777321301348,18700.00,6363.00,260000.00,420.00,210
1777321301371,9260.00,6342.00,260000.00,210.00,105
1777321301395,18700.00,6350.00,260000.00,420.00,210
1777321301419,18870.00,6372.00,260000.00,420.00,210
1777321301443,9750.00,6426.00,260000.00,210.00,105
1777321301466,19480.00,6363.00,260000.00,420.00,210
1777321301490,9520.00,6347.00,260000.00,210.00,105
1777321301513,19400.00,6333.00,260000.00,420.00,210
1777321301538,19200.00,6384.00,260000.00,420.00,210
1777321301562,9080.00,6447.00,260000.00,210.00,105
1777321301586,18500.00,6363.00,260000.00,420.00,210
1777321301611,9700.00,6363.00,260000.00,210.00,105
1777321301636,19240.00,6391.00,260000.00,420.00,210
1777321301659,9660.00,6363.00,260000.00,210.00,105
1777321301683,18590.00,6384.00,260000.00,420.00,210
1777321301708,9250.00,6405.00,260000.00,210.00,105
1777321301732,19120.00,6426.00,260000.00,420.00,210
1777321301757,18770.00,6410.00,260000.00,420.00,210
1777321301781,9920.00,6405.00,260000.00,210.00,105
1777321301806,18730.00,6426.00,260000.00,420.00,210
1777321301829,19070.00,6447.00,260000.00,420.00,210
1777321301853,9590.00,6426.00,260000.00,210.00,105
1777321301879,18540.00,6420.00,260000.00,420.00,210
1777321301903,18440.00,6467.00,260000.00,420.00,210
1777321301927,19480.00,6426.00,260000.00,420.00,210
1777321301955,9140.00,6426.00,260000.00,210.00,105
1777321301980,19470.00,6468.00,260000.00,420.00,210
1777321302004,19320.00,6468.00,260000.00,420.00,210
1777321302029,18950.00,6468.00,260000.00,420.00,210
1777321302054,9330.00,6453.00,260000.00,210.00,105
1777321302080,19080.00,6468.00,260000.00,420.00,210
1777321302105,18540.00,6531.00,260000.00,420.00,210
1777321302129,9700.00,6489.00,260000.00,210.00,105
1777321302154,9870.00,6489.00,260000.00,210.00,105
1777321302180,19430.00,6474.00,260000.00,420.00,210
1777321302204,19380.00,6468.00,260000.00,420.00,210
1777321302229,18630.00,6510.00,260000.00,420.00,210
1777321302254,9530.00,6510.00,260000.00,210.00,105
1777321302279,18110.00,6489.00,260000.00,420.00,210
1777321302305,18570.00,6510.00,260000.00,420.00,210
1777321302330,19050.00,6531.00,260000.00,420.00,210
1777321302355,9630.00,6495.00,260000.00,210.00,105
1777321302380,18800.00,6524.00,260000.00,420.00,210
1777321302406,18820.00,6552.00,260000.00,420.00,210
1777321302432,19030.00,6552.00,260000.00,420.00,210
1777321302456,9260.00,6550.00,260000.00,210.00,105
1777321302481,19100.00,6594.00,260000.00,420.00,210
1777321302505,18540.00,6531.00,260000.00,420.00,210
1777321302530,9670.00,6565.00,260000.00,210.00,105
1777321302556,18860.00,6590.00,260000.00,420.00,210
1777321302582,18270.00,6570.00,260000.00,420.00,210
1777321302608,19170.00,6594.00,260000.00,420.00,210
1777321302634,9630.00,6636.00,260000.00,210.00,105
1777321302661,19180.00,6611.00,260000.00,420.00,210
1777321302686,9260.00,6575.00,260000.00,210.00,105
1777321302714,19190.00,6615.00,260000.00,420.00,210
1777321302743,9350.00,6618.00,260000.00,210.00,105
1777321302769,9100.00,6573.00,260000.00,210.00,105
1777321302806,18430.00,6573.00,260000.00,420.00,210
1777321302831,9550.00,6552.00,260000.00,210.00,105
1777321302856,10140.00,6573.00,260000.00,210.00,105
1777321302883,18760.00,6594.00,260000.00,420.00,210
1777321302907,17970.00,6573.00,260000.00,420.00,210
1777321302932,9410.00,6573.00,260000.00,210.00,105
1777321302959,19130.00,6576.00,260000.00,420.00,210
1777321302987,18930.00,6573.00,260000.00,420.00,210
1777321303013,9670.00,6615.00,260000.00,210.00,105
1777321303039,18930.00,6594.00,260000.00,420.00,210
1777321303066,19210.00,6615.00,260000.00,420.00,210
1777321303090,10020.00,6581.00,260000.00,210.00,105
1777321303116,18670.00,6615.00,260000.00,420.00,210
1777321303142,9610.00,6594.00,260000.00,210.00,105
1777321303169,19030.00,6615.00,260000.00,420.00,210
1777321303196,18730.00,6619.00,260000.00,420.00,210
1777321303245,19250.00,6594.00,260000.00,420.00,210
1777321303271,18090.00,6573.00,260000.00,420.00,210
1777321303299,18620.00,6575.00,260000.00,420.00,210
1777321303325,8970.00,6615.00,260000.00,210.00,105
1777321303432,9500.00,6615.00,260000.00,210.00,105
1777321303454,18480.00,6573.00,260000.00,420.00,210
1777321303477,9630.00,6636.00,260000.00,210.00,105
1777321303501,19110.00,6573.00,260000.00,420.00,210
1777321303528,9290.00,6532.00,260000.00,210.00,105
1777321303552,19090.00,6594.00,260000.00,420.00,210
1777321303575,18480.00,6573.00,260000.00,420.00,210
1777321303599,18430.00,6636.00,260000.00,420.00,210
1777321303622,9600.00,6594.00,260000.00,210.00,105
1777321303646,18670.00,6573.00,260000.00,420.00,210
1777321303670,19650.00,6602.00,260000.00,420.00,210
1777321303693,9900.00,6636.00,260000.00,210.00,105
1777321303717,18860.00,6636.00,260000.00,420.00,210
1777321303741,18950.00,6636.00,260000.00,420.00,210
1777321303764,9450.00,6573.00,260000.00,210.00,105
1777321303788,18280.00,6594.00,260000.00,420.00,210
1777321303811,18620.00,6594.00,260000.00,420.00,210
1777321303834,9510.00,6594.00,260000.00,210.00,105
1777321303858,19230.00,6597.00,260000.00,420.00,210
1777321303882,19140.00,6637.00,260000.00,420.00,210
1777321303906,9210.00,6594.00,260000.00,210.00,105
1777321303930,18250.00,6594.00,260000.00,420.00,210
1777321303955,18810.00,6594.00,260000.00,420.00,210
1777321303979,9840.00,6569.00,260000.00,210.00,105
1777321304003,19660.00,6615.00,260000.00,420.00,210
1777321304028,9560.00,6636.00,260000.00,210.00,105
1777321304052,19570.00,6636.00,260000.00,420.00,210
1777321304077,18180.00,6594.00,260000.00,420.00,210
1777321304100,8940.00,6556.00,260000.00,210.00,105
1777321304125,19360.00,6594.00,260000.00,420.00,210
1777321304149,8940.00,6611.00,260000.00,210.00,105
1777321304173,19320.00,6633.00,260000.00,420.00,210
1777321304198,18520.00,6594.00,260000.00,420.00,210
1777321304222,9620.00,6611.00,260000.00,210.00,105
1777321304246,19000.00,6598.00,260000.00,420.00,210
1777321304271,18590.00,6615.00,260000.00,420.00,210
1777321304299,9640.00,6599.00,260000.00,210.00,105
1777321304323,19230.00,6548.00,260000.00,420.00,210
1777321304348,18650.00,6572.00,260000.00,420.00,210
1777321304373,19020.00,6602.00,260000.00,420.00,210
1777321304397,9570.00,6615.00,260000.00,210.00,105
1777321304422,19030.00,6573.00,260000.00,420.00,210
1777321304449,9710.00,6531.00,260000.00,210.00,105
1777321304473,19150.00,6573.00,260000.00,420.00,210
1777321304498,19160.00,6615.00,260000.00,420.00,210
1777321304523,9580.00,6573.00,260000.00,210.00,105
1777321304548,18470.00,6534.00,260000.00,420.00,210
1777321304572,19160.00,6531.00,260000.00,420.00,210
1777321304598,18690.00,6594.00,260000.00,420.00,210
1777321304627,19550.00,6565.00,260000.00,420.00,210
1777321304652,18700.00,6591.00,260000.00,420.00,210
1777321304677,9230.00,6564.00,260000.00,210.00,105
1777321304702,19600.00,6573.00,260000.00,420.00,210
1777321304727,19420.00,6594.00,260000.00,420.00,210
1777321304752,9640.00,6589.00,260000.00,210.00,105
1777321304778,18850.00,6552.00,260000.00,420.00,210
1777321304803,18890.00,6573.00,260000.00,420.00,210
1777321304827,19270.00,6594.00,260000.00,420.00,210
1777321304853,18150.00,6559.00,260000.00,420.00,210
1777321304877,9380.00,6594.00,260000.00,210.00,105
1777321304902,19050.00,6594.00,260000.00,420.00,210
1777321304928,9570.00,6575.00,260000.00,210.00,105
1777321304954,18840.00,6573.00,260000.00,420.00,210
1777321304979,19080.00,6594.00,260000.00,420.00,210
1777321305003,9300.00,6636.00,260000.00,210.00,105
1777321305028,19110.00,6594.00,260000.00,420.00,210
1777321305053,18100.00,6553.00,260000.00,420.00,210
1777321305079,19300.00,6594.00,260000.00,420.00,210
1777321305103,9690.00,6640.00,260000.00,210.00,105
1777321305129,18290.00,6594.00,260000.00,420.00,210
1777321305154,18910.00,6594.00,260000.00,420.00,210
1777321305180,9570.00,6599.00,260000.00,210.00,105
1777321305205,19080.00,6594.00,260000.00,420.00,210
1777321305229,9800.00,6553.00,260000.00,210.00,105
1777321305258,18370.00,6594.00,260000.00,420.00,210
1777321305283,9380.00,6594.00,260000.00,210.00,105
1777321305308,9200.00,6573.00,260000.00,210.00,105
1777321305333,18150.00,6552.00,260000.00,420.00,210
1777321305358,9710.00,6573.00,260000.00,210.00,105
1777321305387,19090.00,6510.00,260000.00,420.00,210
1777321305413,19550.00,6552.00,260000.00,420.00,210
1777321305513,18730.00,6468.00,260000.00,420.00,210
1777321305535,19370.00,6489.00,260000.00,420.00,210
1777321305558,9010.00,6504.00,260000.00,210.00,105
1777321305581,18900.00,6447.00,260000.00,420.00,210
1777321305604,9460.00,6473.00,260000.00,210.00,105
1777321305627,19380.00,6508.00,260000.00,420.00,210
1777321305651,19180.00,6512.00,260000.00,420.00,210
1777321305674,9510.00,6510.00,260000.00,210.00,105
1777321305697,19100.00,6510.00,260000.00,420.00,210
1777321305720,9080.00,6531.00,260000.00,210.00,105
1777321305743,18840.00,6468.00,260000.00,420.00,210
1777321305770,9510.00,6496.00,260000.00,210.00,105
1777321305794,18840.00,6531.00,260000.00,420.00,210
1777321305818,19440.00,6510.00,260000.00,420.00,210
1777321305841,18240.00,6538.00,260000.00,420.00,210
1777321305865,9500.00,6552.00,260000.00,210.00,105
1777321305888,18650.00,6553.00,260000.00,420.00,210
1777321305913,10090.00,6510.00,260000.00,210.00,105
1777321305937,18060.00,6531.00,260000.00,420.00,210
1777321305961,19350.00,6535.00,260000.00,420.00,210
1777321305984,9430.00,6615.00,260000.00,210.00,105
1777321306013,18780.00,6636.00,260000.00,420.00,210
1777321306037,18950.00,6641.00,260000.00,420.00,210
1777321306064,19380.00,6678.00,260000.00,420.00,210
1777321306088,19410.00,6735.00,260000.00,420.00,210
1777321306112,9820.00,6740.00,260000.00,210.00,105
1777321306136,18510.00,6718.00,260000.00,420.00,210
1777321306159,19070.00,6741.00,260000.00,420.00,210
1777321306186,19190.00,6702.00,260000.00,420.00,210
1777321306210,9390.00,6683.00,260000.00,210.00,105
1777321306234,18270.00,6719.00,260000.00,420.00,210
1777321306258,9590.00,6762.00,260000.00,210.00,105
1777321306281,18170.00,6741.00,260000.00,420.00,210
1777321306307,9790.00,6680.00,260000.00,210.00,105
1777321306334,18960.00,6699.00,260000.00,420.00,210
1777321306357,19210.00,6720.00,260000.00,420.00,210
1777321306380,9400.00,6741.00,260000.00,210.00,105
1777321306405,18860.00,6699.00,260000.00,420.00,210
1777321306429,19120.00,6638.00,260000.00,420.00,210
1777321306458,18850.00,6699.00,260000.00,420.00,210
1777321306482,9560.00,6762.00,260000.00,210.00,105
1777321306506,18770.00,6741.00,260000.00,420.00,210
1777321306530,9510.00,6699.00,260000.00,210.00,105
1777321306554,19060.00,6637.00,260000.00,420.00,210
1777321306578,9770.00,6678.00,260000.00,210.00,105
1777321306603,19530.00,6699.00,260000.00,420.00,210
1777321306627,19960.00,6699.00,260000.00,420.00,210
1777321306652,9800.00,6691.00,260000.00,210.00,105
1777321306676,18780.00,6677.00,260000.00,420.00,210
1777321306701,9320.00,6661.00,260000.00,210.00,105
1777321306725,18500.00,6699.00,260000.00,420.00,210
1777321306750,19210.00,6741.00,260000.00,420.00,210
1777321306774,9690.00,6699.00,260000.00,210.00,105
1777321306799,19310.00,6657.00,260000.00,420.00,210
1777321306823,9730.00,6657.00,260000.00,210.00,105
1777321306848,18750.00,6699.00,260000.00,420.00,210
1777321306873,18640.00,6699.00,260000.00,420.00,210
1777321306897,18770.00,6678.00,260000.00,420.00,210
1777321306922,8770.00,6657.00,260000.00,210.00,105
1777321306946,18620.00,6688.00,260000.00,420.00,210
1777321306971,9440.00,6687.00,260000.00,210.00,105
1777321306995,19410.00,6678.00,260000.00,420.00,210
1777321307020,8940.00,6678.00,260000.00,210.00,105
1777321307044,18850.00,6720.00,260000.00,420.00,210
1777321307069,19180.00,6666.00,260000.00,420.00,210
1777321307094,9920.00,6657.00,260000.00,210.00,105
1777321307121,19650.00,6657.00,260000.00,420.00,210
1777321307146,9450.00,6657.00,260000.00,210.00,105
1777321307171,18280.00,6699.00,260000.00,420.00,210
1777321307196,19540.00,6678.00,260000.00,420.00,210
1777321307221,9280.00,6615.00,260000.00,210.00,105
1777321307246,9630.00,6699.00,260000.00,210.00,105
1777321307271,18660.00,6657.00,260000.00,420.00,210
1777321307296,8980.00,6615.00,260000.00,210.00,105
1777321307407,9670.00,6483.00,260000.00,210.00,105
1777321307431,18560.00,6510.00,260000.00,420.00,210
1777321307454,18830.00,6535.00,260000.00,420.00,210
1777321307477,18340.00,6489.00,260000.00,420.00,210
1777321307500,9880.00,6539.00,260000.00,210.00,105
1777321307524,19360.00,6531.00,260000.00,420.00,210
1777321307547,19490.00,6510.00,260000.00,420.00,210
1777321307570,9800.00,6517.00,260000.00,210.00,105
1777321307593,19310.00,6510.00,260000.00,420.00,210
1777321307616,9090.00,6489.00,260000.00,210.00,105
1777321307640,19550.00,6495.00,260000.00,420.00,210
1777321307664,18700.00,6531.00,260000.00,420.00,210
1777321307687,9400.00,6570.00,260000.00,210.00,105
1777321307710,18990.00,6531.00,260000.00,420.00,210
1777321307733,9680.00,6573.00,260000.00,210.00,105
1777321307757,18730.00,6512.00,260000.00,420.00,210
1777321307781,19080.00,6552.00,260000.00,420.00,210
1777321307804,9530.00,6615.00,260000.00,210.00,105
1777321307827,19150.00,6594.00,260000.00,420.00,210
1777321307851,18610.00,6594.00,260000.00,420.00,210
1777321307875,9650.00,6577.00,260000.00,210.00,105
1777321307899,18360.00,6594.00,260000.00,420.00,210
1777321307923,19470.00,6636.00,260000.00,420.00,210
1777321307946,9440.00,6678.00,260000.00,210.00,105
1777321307970,18310.00,6636.00,260000.00,420.00,210
1777321307994,19370.00,6575.00,260000.00,420.00,210
1777321308018,18740.00,6636.00,260000.00,420.00,210
1777321308044,10240.00,6633.00,260000.00,210.00,105
1777321308068,18310.00,6615.00,260000.00,420.00,210
1777321308092,9430.00,6621.00,260000.00,210.00,105
1777321308116,18720.00,6621.00,260000.00,420.00,210
1777321308140,18270.00,6636.00,260000.00,420.00,210
1777321308167,9120.00,6678.00,260000.00,210.00,105
1777321308191,18540.00,6678.00,260000.00,420.00,210
1777321308215,18560.00,6678.00,260000.00,420.00,210
1777321308239,9500.00,6661.00,260000.00,210.00,105
1777321308264,18650.00,6679.00,260000.00,420.00,210
1777321308288,9450.00,6741.00,260000.00,210.00,105
1777321308313,27970.00,6636.00,260000.00,630.00,315
1777321308337,9400.00,6674.00,260000.00,210.00,105
1777321308361,19060.00,6687.00,260000.00,420.00,210
1777321308385,18800.00,6748.00,260000.00,420.00,210
1777321308409,9130.00,6783.00,260000.00,210.00,105
1777321308437,19850.00,6783.00,260000.00,420.00,210
1777321308462,19570.00,6803.00,260000.00,420.00,210
1777321308487,18810.00,6846.00,260000.00,420.00,210
1777321308511,9590.00,6888.00,260000.00,210.00,105
1777321308536,18670.00,6867.00,260000.00,420.00,210
1777321308560,17720.00,6848.00,260000.00,420.00,210
1777321308586,19690.00,6804.00,260000.00,420.00,210
1777321308610,8930.00,6867.00,260000.00,210.00,105
1777321308634,18850.00,6867.00,260000.00,420.00,210
1777321308660,18010.00,6855.00,260000.00,420.00,210
1777321308684,19030.00,6826.00,260000.00,420.00,210
1777321308709,9430.00,6888.00,260000.00,210.00,105
1777321308734,19310.00,6783.00,260000.00,420.00,210
1777321308759,9440.00,6828.00,260000.00,210.00,105
1777321308785,19260.00,6825.00,260000.00,420.00,210
1777321308810,18930.00,6804.00,260000.00,420.00,210
1777321308835,9970.00,6796.00,260000.00,210.00,105
1777321308860,19220.00,6842.00,260000.00,420.00,210
1777321308885,19020.00,6841.00,260000.00,420.00,210
1777321308910,19100.00,6804.00,260000.00,420.00,210
1777321308936,9330.00,6854.00,260000.00,210.00,105
1777321309023,18620.00,6699.00,260000.00,420.00,210
1777321309045,19550.00,6741.00,260000.00,420.00,210
1777321309069,18550.00,6741.00,260000.00,420.00,210
1777321309092,9510.00,6741.00,260000.00,210.00,105
1777321309116,18790.00,6716.00,260000.00,420.00,210
1777321309140,17740.00,6708.00,260000.00,420.00,210
1777321309163,9290.00,6720.00,260000.00,210.00,105
1777321309186,19700.00,6744.00,260000.00,420.00,210
1777321309210,9470.00,6773.00,260000.00,210.00,105
1777321309233,19030.00,6741.00,260000.00,420.00,210
1777321309257,18910.00,6705.00,260000.00,420.00,210
1777321309280,9370.00,6699.00,260000.00,210.00,105
1777321309304,19320.00,6741.00,260000.00,420.00,210
1777321309328,9620.00,6804.00,260000.00,210.00,105
1777321309352,18850.00,6741.00,260000.00,420.00,210
1777321309376,19100.00,6705.00,260000.00,420.00,210
1777321309400,9400.00,6716.00,260000.00,210.00,105
1777321309424,18740.00,6762.00,260000.00,420.00,210
1777321309448,9110.00,6804.00,260000.00,210.00,105
1777321309473,19000.00,6741.00,260000.00,420.00,210
1777321309498,18650.00,6716.00,260000.00,420.00,210
1777321309526,9600.00,6741.00,260000.00,210.00,105
1777321309550,19000.00,6783.00,260000.00,420.00,210
1777321309576,9130.00,6757.00,260000.00,210.00,105
1777321309601,19300.00,6720.00,260000.00,420.00,210
1777321309626,18940.00,6753.00,260000.00,420.00,210
1777321309651,18270.00,6762.00,260000.00,420.00,210
1777321309675,9260.00,6754.00,260000.00,210.00,105
1777321309706,19780.00,6699.00,260000.00,420.00,210
1777321309729,18820.00,6720.00,260000.00,420.00,210
1777321309758,18540.00,6755.00,260000.00,420.00,210
1777321309782,19010.00,6716.00,260000.00,420.00,210
1777321309807,9410.00,6726.00,260000.00,210.00,105
1777321309833,19190.00,6729.00,260000.00,420.00,210
1777321309859,18980.00,6748.00,260000.00,420.00,210
1777321309883,18940.00,6720.00,260000.00,420.00,210
1777321309908,9620.00,6720.00,260000.00,210.00,105
1777321309933,18960.00,6762.00,260000.00,420.00,210
1777321309957,19350.00,6762.00,260000.00,420.00,210
1777321309982,9060.00,6741.00,260000.00,210.00,105
1777321310007,18940.00,6701.00,260000.00,420.00,210
1777321310032,9530.00,6741.00,260000.00,210.00,105
1777321310057,19440.00,6761.00,260000.00,420.00,210
1777321310082,18850.00,6699.00,260000.00,420.00,210
1777321310108,8950.00,6701.00,260000.00,210.00,105
1777321310133,18950.00,6762.00,260000.00,420.00,210
1777321310159,19040.00,6720.00,260000.00,420.00,210
1777321310184,9400.00,6707.00,260000.00,210.00,105
1777321310209,19130.00,6720.00,260000.00,420.00,210
1777321310234,9400.00,6707.00,260000.00,210.00,105
1777321310259,18090.00,6741.00,260000.00,420.00,210
1777321310284,9750.00,6762.00,260000.00,210.00,105
1777321310309,19250.00,6701.00,260000.00,420.00,210
1777321310333,9480.00,6762.00,260000.00,210.00,105
1777321310359,19510.00,6762.00,260000.00,420.00,210
1777321310383,9820.00,6762.00,260000.00,210.00,105
1777321310408,9840.00,6754.00,260000.00,210.00,105
1777321310433,18860.00,6720.00,260000.00,420.00,210
1777321310458,9370.00,6741.00,260000.00,210.00,105
1777321310485,9090.00,6744.00,260000.00,210.00,105
1777321310511,9670.00,6804.00,260000.00,210.00,105
1777321310541,19140.00,6783.00,260000.00,420.00,210
1777321310566,19310.00,6783.00,260000.00,420.00,210
1777321310592,9310.00,6846.00,260000.00,210.00,105
1777321310617,18820.00,6804.00,260000.00,420.00,210
1777321310642,9500.00,6783.00,260000.00,210.00,105
1777321310667,19250.00,6760.00,260000.00,420.00,210
1777321310693,9010.00,6741.00,260000.00,210.00,105
1777321310723,19940.00,6720.00,260000.00,420.00,210
1777321310749,9180.00,6767.00,260000.00,210.00,105
1777321310777,18640.00,6753.00,260000.00,420.00,210
1777321310803,9610.00,6699.00,260000.00,210.00,105
1777321310829,19130.00,6699.00,260000.00,420.00,210
1777321310856,18170.00,6699.00,260000.00,420.00,210
1777321310884,9540.00,6701.00,260000.00,210.00,105
1777321310911,27830.00,6741.00,260000.00,630.00,315
1777321310936,9440.00,6720.00,260000.00,210.00,105
1777321310964,19510.00,6715.00,260000.00,420.00,210
1777321310990,18900.00,6698.00,260000.00,420.00,210
1777321311020,9700.00,6741.00,260000.00,210.00,105
1777321311045,19490.00,6699.00,260000.00,420.00,210
1777321311071,19270.00,6664.00,260000.00,420.00,210
1777321311098,18650.00,6699.00,260000.00,420.00,210
1777321311124,9380.00,6684.00,260000.00,210.00,105
1777321311150,19100.00,6663.00,260000.00,420.00,210
1777321311176,9500.00,6699.00,260000.00,210.00,105
1777321311205,18830.00,6699.00,260000.00,420.00,210
1777321311231,19190.00,6708.00,260000.00,420.00,210
1777321311258,9370.00,6678.00,260000.00,210.00,105
1777321311285,18930.00,6678.00,260000.00,420.00,210
1777321311312,9690.00,6683.00,260000.00,210.00,105
1777321311338,18580.00,6678.00,260000.00,420.00,210
1777321311364,18130.00,6628.00,260000.00,420.00,210
1777321311390,9210.00,6621.00,260000.00,210.00,105
1777321311415,19360.00,6657.00,260000.00,420.00,210
1777321311441,9190.00,6636.00,260000.00,210.00,105
1777321311466,19360.00,6573.00,260000.00,420.00,210
1777321311492,9960.00,6599.00,260000.00,210.00,105
1777321311518,18940.00,6636.00,260000.00,420.00,210
1777321311543,9550.00,6657.00,260000.00,210.00,105
1777321311569,19200.00,6621.00,260000.00,420.00,210
1777321311595,9500.00,6615.00,260000.00,210.00,105
1777321311620,19180.00,6657.00,260000.00,420.00,210
1777321311647,18920.00,6678.00,260000.00,420.00,210
1777321311673,19020.00,6678.00,260000.00,420.00,210
1777321311700,9860.00,6636.00,260000.00,210.00,105
1777321311726,18310.00,6573.00,260000.00,420.00,210
1777321311752,9490.00,6636.00,260000.00,210.00,105
1777321311779,19210.00,6636.00,260000.00,420.00,210
1777321311804,9140.00,6597.00,260000.00,210.00,105
1777321311831,18250.00,6595.00,260000.00,420.00,210
1777321311856,9480.00,6597.00,260000.00,210.00,105
1777321311883,9330.00,6657.00,260000.00,210.00,105
1777321311909,19080.00,6636.00,260000.00,420.00,210
1777321311935,9110.00,6594.00,260000.00,210.00,105
1777321311961,19820.00,6573.00,260000.00,420.00,210
1777321311988,9650.00,6552.00,260000.00,210.00,105
1777321312014,19270.00,6559.00,260000.00,420.00,210
1777321312041,9660.00,6573.00,260000.00,210.00,105
1777321312075,19400.00,6553.00,260000.00,420.00,210
1777321312102,18380.00,6510.00,260000.00,420.00,210
1777321312129,18770.00,6552.00,260000.00,420.00,210
1777321312156,9880.00,6513.00,260000.00,210.00,105
1777321312258,9430.00,6447.00,260000.00,210.00,105
1777321312281,18960.00,6468.00,260000.00,420.00,210
1777321312308,18830.00,6468.00,260000.00,420.00,210
1777321312331,19070.00,6506.00,260000.00,420.00,210
1777321312355,9840.00,6542.00,260000.00,210.00,105
1777321312379,18860.00,6573.00,260000.00,420.00,210
1777321312403,18820.00,6611.00,260000.00,420.00,210
1777321312426,9900.00,6573.00,260000.00,210.00,105
1777321312450,18630.00,6594.00,260000.00,420.00,210
1777321312474,19410.00,6636.00,260000.00,420.00,210
1777321312498,9970.00,6622.00,260000.00,210.00,105
1777321312522,18720.00,6580.00,260000.00,420.00,210
1777321312546,9800.00,6573.00,260000.00,210.00,105
1777321312570,18370.00,6612.00,260000.00,420.00,210
1777321312594,9150.00,6614.00,260000.00,210.00,105
1777321312617,19150.00,6594.00,260000.00,420.00,210
1777321312641,18790.00,6601.00,260000.00,420.00,210
1777321312666,9240.00,6555.00,260000.00,210.00,105
1777321312695,19090.00,6573.00,260000.00,420.00,210
1777321312720,18960.00,6594.00,260000.00,420.00,210
1777321312744,19280.00,6615.00,260000.00,420.00,210
1777321312768,18750.00,6573.00,260000.00,420.00,210
1777321312792,9690.00,6535.00,260000.00,210.00,105
1777321312817,19410.00,6573.00,260000.00,420.00,210
1777321312841,18160.00,6615.00,260000.00,420.00,210
1777321312865,9190.00,6636.00,260000.00,210.00,105
1777321312890,18510.00,6594.00,260000.00,420.00,210
1777321312914,9450.00,6532.00,260000.00,210.00,105
1777321312938,9860.00,6531.00,260000.00,210.00,105
1777321312962,18510.00,6552.00,260000.00,420.00,210
1777321312986,19480.00,6594.00,260000.00,420.00,210
1777321313011,18350.00,6552.00,260000.00,420.00,210
1777321313035,9600.00,6537.00,260000.00,210.00,105
1777321313059,9450.00,6573.00,260000.00,210.00,105
1777321313084,18290.00,6615.00,260000.00,420.00,210
1777321313109,18650.00,6594.00,260000.00,420.00,210
1777321313134,18670.00,6552.00,260000.00,420.00,210
1777321313159,9320.00,6515.00,260000.00,210.00,105
1777321313183,19040.00,6552.00,260000.00,420.00,210
1777321313208,18500.00,6573.00,260000.00,420.00,210
1777321313233,9030.00,6594.00,260000.00,210.00,105
1777321313257,18340.00,6552.00,260000.00,420.00,210
1777321313282,18670.00,6552.00,260000.00,420.00,210
1777321313307,19330.00,6558.00,260000.00,420.00,210
1777321313332,8880.00,6585.00,260000.00,210.00,105
1777321313357,18870.00,6594.00,260000.00,420.00,210
1777321313382,18540.00,6544.00,260000.00,420.00,210
1777321313408,18170.00,6573.00,260000.00,420.00,210
1777321313433,18710.00,6615.00,260000.00,420.00,210
1777321313458,10330.00,6573.00,260000.00,210.00,105
1777321313483,18960.00,6537.00,260000.00,420.00,210
1777321313509,19240.00,6531.00,260000.00,420.00,210
1777321313534,9670.00,6573.00,260000.00,210.00,105
1777321313558,19220.00,6573.00,260000.00,420.00,210
1777321313584,18430.00,6537.00,260000.00,420.00,210
1777321313609,19120.00,6552.00,260000.00,420.00,210
1777321313634,9300.00,6573.00,260000.00,210.00,105
1777321313660,19150.00,6558.00,260000.00,420.00,210
1777321313685,19200.00,6571.00,260000.00,420.00,210
1777321313711,18860.00,6573.00,260000.00,420.00,210
1777321313736,19470.00,6615.00,260000.00,420.00,210
1777321313762,9500.00,6590.00,260000.00,210.00,105
1777321313787,18800.00,6558.00,260000.00,420.00,210
1777321313813,19140.00,6573.00,260000.00,420.00,210
1777321313839,9740.00,6604.00,260000.00,210.00,105
1777321313868,18990.00,6513.00,260000.00,420.00,210
1777321313895,18360.00,6573.00,260000.00,420.00,210
1777321313921,18330.00,6594.00,260000.00,420.00,210
1777321313947,18280.00,6594.00,260000.00,420.00,210
1777321313974,9620.00,6615.00,260000.00,210.00,105
1777321313999,19030.00,6643.00,260000.00,420.00,210
1777321314025,19120.00,6678.00,260000.00,420.00,210
1777321314051,19510.00,6657.00,260000.00,420.00,210
1777321314077,8980.00,6637.00,260000.00,210.00,105
1777321314104,19420.00,6699.00,260000.00,420.00,210
1777321314130,18670.00,6678.00,260000.00,420.00,210
1777321314156,18570.00,6636.00,260000.00,420.00,210
1777321314182,18680.00,6610.00,260000.00,420.00,210
1777321314208,19180.00,6594.00,260000.00,420.00,210
1777321314233,9390.00,6678.00,260000.00,210.00,105
1777321314260,19060.00,6677.00,260000.00,420.00,210
1777321314286,18720.00,6678.00,260000.00,420.00,210
1777321314311,9070.00,6586.00,260000.00,210.00,105
1777321314338,19270.00,6636.00,260000.00,420.00,210
1777321314364,9130.00,6678.00,260000.00,210.00,105
1777321314390,18090.00,6636.00,260000.00,420.00,210
1777321314420,19200.00,6573.00,260000.00,420.00,210
1777321314447,18380.00,6615.00,260000.00,420.00,210
1777321314473,18380.00,6657.00,260000.00,420.00,210
1777321314498,9430.00,6642.00,260000.00,210.00,105
1777321314525,9270.00,6657.00,260000.00,210.00,105
1777321314550,18960.00,6615.00,260000.00,420.00,210
1777321314577,18760.00,6594.00,260000.00,420.00,210
1777321314604,18740.00,6627.00,260000.00,420.00,210
1777321314630,9410.00,6601.00,260000.00,210.00,105
1777321314657,19530.00,6612.00,260000.00,420.00,210
1777321314683,8970.00,6597.00,260000.00,210.00,105
1777321314713,18910.00,6623.00,260000.00,420.00,210
1777321314741,18280.00,6531.00,260000.00,420.00,210
1777321314768,9230.00,6594.00,260000.00,210.00,105
1777321314795,18170.00,6636.00,260000.00,420.00,210
1777321314822,19070.00,6594.00,260000.00,420.00,210
1777321314854,19340.00,6531.00,260000.00,420.00,210
1777321314976,10050.00,6447.00,260000.00,210.00,105
1777321314999,41490.00,6468.00,260000.00,600.00,525
1777321315023,40690.00,6444.00,260000.00,600.00,525
1777321315047,40900.00,6436.00,260000.00,600.00,525
1777321315091,40660.00,6543.00,260000.00,600.00,525
1777321315115,40650.00,6438.00,260000.00,600.00,525
1777321315159,39520.00,6491.00,260000.00,600.00,525
1777321315183,39830.00,6511.00,260000.00,600.00,525
1777321315229,40990.00,6594.00,260000.00,600.00,525
1777321315252,40810.00,6512.00,260000.00,600.00,525
1777321315298,41760.00,6609.00,260000.00,600.00,525
1777321315322,40160.00,6585.00,260000.00,600.00,525
1777321315346,40680.00,6603.00,260000.00,600.00,525
1777321315391,40420.00,6684.00,260000.00,600.00,525
1777321315416,39910.00,6660.00,260000.00,600.00,525
1777321315461,40820.00,6699.00,260000.00,600.00,525
1777321315485,40470.00,6755.00,260000.00,600.00,525
1777321315530,41610.00,6735.00,260000.00,600.00,525
1777321315555,40340.00,6719.00,260000.00,600.00,525
1777321315579,41560.00,6711.00,260000.00,600.00,525
1777321315625,39680.00,6789.00,260000.00,600.00,525
1777321315649,40690.00,6777.00,260000.00,600.00,525
1777321315695,40340.00,6797.00,260000.00,600.00,525
1777321315720,41320.00,6906.00,260000.00,600.00,525
1777321315744,40930.00,6903.00,260000.00,600.00,525
1777321315791,39540.00,6900.00,260000.00,600.00,525
1777321315816,40160.00,6861.00,260000.00,600.00,525
1777321315841,40300.00,6897.00,260000.00,600.00,525
1777321315888,40250.00,6954.00,260000.00,600.00,525
1777321315912,39960.00,6933.00,260000.00,600.00,525
1777321315959,40220.00,7011.00,260000.00,600.00,525
1777321315984,39910.00,6948.00,260000.00,600.00,525
1777321316010,40430.00,7005.00,260000.00,600.00,525
1777321316057,40770.00,7065.00,260000.00,600.00,525
1777321316081,41230.00,7020.00,260000.00,600.00,525
1777321316106,40090.00,7059.00,260000.00,600.00,525
1777321316152,40310.00,7037.00,260000.00,600.00,525
1777321316177,40190.00,7055.00,260000.00,600.00,525
1777321316224,39300.00,7113.00,260000.00,600.00,525
1777321316249,40600.00,7110.00,260000.00,600.00,525
1777321316275,40340.00,7089.00,260000.00,600.00,525
1777321316320,39710.00,7146.00,260000.00,600.00,525
1777321316347,40430.00,7185.00,260000.00,600.00,525
1777321316372,41160.00,7185.00,260000.00,600.00,525
1777321316419,40930.00,7197.00,260000.00,600.00,525
1777321316446,41060.00,7260.00,260000.00,600.00,525
1777321316473,39730.00,7320.00,260000.00,600.00,525
1777321316521,40810.00,7275.00,260000.00,600.00,525
1777321316548,39910.00,7314.00,260000.00,600.00,525
1777321316574,41170.00,7270.00,260000.00,600.00,525
1777321316622,40170.00,7329.00,260000.00,600.00,525
1777321316647,40910.00,7307.00,260000.00,600.00,525
1777321316672,39850.00,7365.00,260000.00,600.00,525
1777321316720,40690.00,7425.00,260000.00,600.00,525
1777321316747,40480.00,7387.00,260000.00,600.00,525
1777321316773,41420.00,7419.00,260000.00,600.00,525
1777321316800,41060.00,7479.00,260000.00,600.00,525
1777321316848,40980.00,7476.00,260000.00,600.00,525
1777321316875,39380.00,7413.00,260000.00,600.00,525
1777321316902,39880.00,7512.00,260000.00,600.00,525
1777321316954,40400.00,7530.00,260000.00,600.00,525
1777321316981,40110.00,7548.00,260000.00,600.00,525
1777321317008,40670.00,7608.00,260000.00,600.00,525
1777321317035,40800.00,7605.00,260000.00,600.00,525
1777321317084,39230.00,7606.00,260000.00,600.00,525
1777321317111,39480.00,7605.00,260000.00,600.00,525
1777321317138,40720.00,7659.00,260000.00,600.00,525
1777321317166,41100.00,7656.00,260000.00,600.00,525
1777321317215,39780.00,7716.00,260000.00,600.00,525
1777321317242,40440.00,7776.00,260000.00,600.00,525
1777321317270,40900.00,7815.00,260000.00,600.00,525
1777321317320,41030.00,7833.00,260000.00,600.00,525
1777321317349,40690.00,7893.00,260000.00,600.00,525
1777321317376,39500.00,7911.00,260000.00,600.00,525
1777321317405,40370.00,7908.00,260000.00,600.00,525
1777321317434,39870.00,7907.00,260000.00,600.00,525
1777321317484,40250.00,7881.00,260000.00,600.00,525
1777321317512,40390.00,7941.00,260000.00,600.00,525
1777321317595,39720.00,7832.00,260000.00,600.00,525
1777321317617,40060.00,7872.00,260000.00,600.00,525
1777321317640,39680.00,7890.00,260000.00,600.00,525
1777321317683,41400.00,7887.00,260000.00,600.00,525
1777321317706,39260.00,7905.00,260000.00,600.00,525
1777321317750,41680.00,7902.00,260000.00,600.00,525
1777321317774,40870.00,7962.00,260000.00,600.00,525
1777321317820,39060.00,7932.00,260000.00,600.00,525
1777321317844,39700.00,7956.00,260000.00,600.00,525
1777321317889,41140.00,7953.00,260000.00,600.00,525
1777321317913,41270.00,8011.00,260000.00,600.00,525
1777321317938,40390.00,8031.00,260000.00,600.00,525
1777321317983,41220.00,8007.00,260000.00,600.00,525
1777321318007,41310.00,8046.00,260000.00,600.00,525
1777321318052,39950.00,8043.00,260000.00,600.00,525
1777321318077,40660.00,8061.00,260000.00,600.00,525
1777321318102,40820.00,8079.00,260000.00,600.00,525
1777321318148,40350.00,8118.00,260000.00,600.00,525
1777321318173,39780.00,8115.00,260000.00,600.00,525
1777321318218,40470.00,8070.00,260000.00,600.00,525
1777321318243,41490.00,8130.00,260000.00,600.00,525
1777321318289,39310.00,8127.00,260000.00,600.00,525
1777321318314,40720.00,8124.00,260000.00,600.00,525
1777321318338,40040.00,8142.00,260000.00,600.00,525
1777321318383,41440.00,8181.00,260000.00,600.00,525
1777321318408,40470.00,8178.00,260000.00,600.00,525
1777321318433,41040.00,8196.00,260000.00,600.00,525
1777321318480,39750.00,8230.00,260000.00,600.00,525
1777321318505,40330.00,8232.00,260000.00,600.00,525
1777321318551,39390.00,8229.00,260000.00,600.00,525
1777321318576,41070.00,8289.00,260000.00,600.00,525
1777321318602,40360.00,8244.00,260000.00,600.00,525
1777321318648,40560.00,8283.00,260000.00,600.00,525
1777321318674,40690.00,8280.00,260000.00,600.00,525
1777321318699,39460.00,8277.00,260000.00,600.00,525
1777321318744,39750.00,8274.00,260000.00,600.00,525
1777321318768,41190.00,8334.00,260000.00,600.00,525
1777321318815,40390.00,8330.00,260000.00,600.00,525
1777321318839,39700.00,8328.00,260000.00,600.00,525
1777321318866,41280.00,8388.00,260000.00,600.00,525
1777321318914,40460.00,8343.00,260000.00,600.00,525
1777321318939,39610.00,8361.00,260000.00,600.00,525
1777321318964,40050.00,8400.00,260000.00,600.00,525
1777321319012,41520.00,8397.00,260000.00,600.00,525
1777321319038,41240.00,8394.00,260000.00,600.00,525
1777321319063,42100.00,8454.00,260000.00,600.00,525
1777321319110,41540.00,8443.00,260000.00,600.00,525
1777321319135,41020.00,8469.00,260000.00,600.00,525
1777321319181,40750.00,8494.00,260000.00,600.00,525
1777321319206,39730.00,8505.00,260000.00,600.00,525
1777321319231,42370.00,8481.00,260000.00,600.00,525
1777321319277,39570.00,8478.00,260000.00,600.00,525
1777321319302,40080.00,8538.00,260000.00,600.00,525
1777321319328,40580.00,8577.00,260000.00,600.00,525
1777321319376,41460.00,8532.00,260000.00,600.00,525
1777321319403,40200.00,8592.00,260000.00,600.00,525
1777321319430,40480.00,8581.00,260000.00,600.00,525
1777321319478,41150.00,8586.00,260000.00,600.00,525
1777321319509,39940.00,8583.00,260000.00,600.00,525
1777321319535,40550.00,8622.00,260000.00,600.00,525
1777321319562,40580.00,8661.00,260000.00,600.00,525
1777321319612,40350.00,8662.00,260000.00,600.00,525
1777321319639,39210.00,8655.00,260000.00,600.00,525
1777321319666,40810.00,8715.00,260000.00,600.00,525
1777321319695,41200.00,8712.00,260000.00,600.00,525
1777321319747,40810.00,8766.00,260000.00,600.00,525
1777321319775,41630.00,8745.00,260000.00,600.00,525
1777321319802,40140.00,8786.00,260000.00,600.00,525
1777321319830,41440.00,8826.00,260000.00,600.00,525
1777321319880,42050.00,8781.00,260000.00,600.00,525
1777321319908,40250.00,8841.00,260000.00,600.00,525
1777321319936,39350.00,8901.00,260000.00,600.00,525
1777321319964,40430.00,8961.00,260000.00,600.00,525
1777321320056,40970.00,8880.00,260000.00,600.00,525
1777321320081,41150.00,8880.00,260000.00,600.00,525
1777321320127,40140.00,8936.00,260000.00,600.00,525
1777321320151,40500.00,8940.00,260000.00,600.00,525
1777321320175,40070.00,8882.00,260000.00,600.00,525
1777321320221,39890.00,8820.00,260000.00,600.00,525
1777321320246,40140.00,8880.00,260000.00,600.00,525
1777321320292,40990.00,8820.00,260000.00,600.00,525
1777321320317,40480.00,8820.00,260000.00,600.00,525
1777321320345,41770.00,8909.00,260000.00,600.00,525
1777321320392,41290.00,8880.00,260000.00,600.00,525
1777321320418,41620.00,8880.00,260000.00,600.00,525
1777321320442,40990.00,8823.00,260000.00,600.00,525
1777321320490,40760.00,8880.00,260000.00,600.00,525
1777321320515,39510.00,8880.00,260000.00,600.00,525
1777321320541,39710.00,8940.00,260000.00,600.00,525
1777321320587,40840.00,8880.00,260000.00,600.00,525
1777321320612,39620.00,8880.00,260000.00,600.00,525
1777321320638,39820.00,8880.00,260000.00,600.00,525
1777321320685,41860.00,8893.00,260000.00,600.00,525
1777321320711,39910.00,8820.00,260000.00,600.00,525
1777321320737,39800.00,8820.00,260000.00,600.00,525
1777321320786,40930.00,8880.00,260000.00,600.00,525
1777321320812,41040.00,8940.00,260000.00,600.00,525
1777321320838,40740.00,8940.00,260000.00,600.00,525
1777321320885,40220.00,8940.00,260000.00,600.00,525
1777321320912,41190.00,8940.00,260000.00,600.00,525
1777321320938,40360.00,8940.00,260000.00,600.00,525
1777321320986,40480.00,8940.00,260000.00,600.00,525
1777321321012,40470.00,8880.00,260000.00,600.00,525
1777321321038,40360.00,8910.00,260000.00,600.00,525
1777321321086,40520.00,8880.00,260000.00,600.00,525
1777321321112,40210.00,8820.00,260000.00,600.00,525
1777321321139,40670.00,8880.00,260000.00,600.00,525
1777321321188,40710.00,8820.00,260000.00,600.00,525
1777321321215,40530.00,8880.00,260000.00,600.00,525
1777321321241,40340.00,8880.00,260000.00,600.00,525
1777321321268,40310.00,8940.00,260000.00,600.00,525
1777321321317,41130.00,8828.00,260000.00,600.00,525
1777321321344,40690.00,8820.00,260000.00,600.00,525
1777321321371,39880.00,8880.00,260000.00,600.00,525
1777321321420,40440.00,8924.00,260000.00,600.00,525
1777321321447,41090.00,8880.00,260000.00,600.00,525
1777321321475,40920.00,8880.00,260000.00,600.00,525
1777321321503,41560.00,8880.00,260000.00,600.00,525
1777321321531,40420.00,8881.00,260000.00,600.00,525
1777321321580,39900.00,8930.00,260000.00,600.00,525
1777321321606,41050.00,8880.00,260000.00,600.00,525
1777321321635,40700.00,8940.00,260000.00,600.00,525
1777321321684,42370.00,8855.00,260000.00,600.00,525
1777321321712,40070.00,8880.00,260000.00,600.00,525
1777321321741,40190.00,8821.00,260000.00,600.00,525
1777321321769,40470.00,8820.00,260000.00,600.00,525
1777321321798,40100.00,8858.00,260000.00,600.00,525
1777321321847,39860.00,8833.00,260000.00,600.00,525
1777321321875,41050.00,8940.00,260000.00,600.00,525
1777321321904,40720.00,8880.00,260000.00,600.00,525
1777321321934,40050.00,8900.00,260000.00,600.00,525
1777321321962,40710.00,8930.00,260000.00,600.00,525
1777321322011,40580.00,8880.00,260000.00,600.00,525
1777321322041,40020.00,8820.00,260000.00,600.00,525
1777321322070,40190.00,8820.00,260000.00,600.00,525
1777321322098,41390.00,8820.00,260000.00,600.00,525
1777321322126,39340.00,8820.00,260000.00,600.00,525
1777321322177,39890.00,8851.00,260000.00,600.00,525
1777321322206,40060.00,8824.00,260000.00,600.00,525
1777321322236,41110.00,8820.00,260000.00,600.00,525
1777321322265,40630.00,8880.00,260000.00,600.00,525
1777321322294,39650.00,8880.00,260000.00,600.00,525
1777321322345,40370.00,8880.00,260000.00,600.00,525
1777321322376,40800.00,8880.00,260000.00,600.00,525
1777321322406,39620.00,8880.00,260000.00,600.00,525
1777321322436,40980.00,8880.00,260000.00,600.00,525
1777321322463,41350.00,8834.00,260000.00,600.00,525
1777321322493,39840.00,8939.00,260000.00,600.00,525
1777321322523,40700.00,8906.00,260000.00,600.00,525
1777321322574,40370.00,8940.00,260000.00,600.00,525
1777321322656,81310.00,8820.00,260000.00,1200.00,1050
1777321322682,40890.00,8940.00,260000.00,600.00,525
1777321322727,39950.00,8880.00,260000.00,600.00,525
1777321322751,39830.00,8887.00,260000.00,600.00,525
1777321322797,40390.00,8880.00,260000.00,600.00,525
1777321322822,40260.00,8940.00,260000.00,600.00,525
1777321322846,41810.00,8880.00,260000.00,600.00,525
1777321322892,42060.00,8898.00,260000.00,600.00,525
1777321322917,41060.00,8879.00,260000.00,600.00,525
1777321322963,39980.00,8840.00,260000.00,600.00,525
1777321322988,39940.00,8923.00,260000.00,600.00,525
1777321323013,39950.00,8852.00,260000.00,600.00,525
1777321323060,39550.00,8914.00,260000.00,600.00,525
1777321323085,41850.00,8830.00,260000.00,600.00,525
1777321323110,41040.00,8880.00,260000.00,600.00,525
1777321323156,39990.00,8887.00,260000.00,600.00,525
1777321323181,39890.00,8895.00,260000.00,600.00,525
1777321323228,40550.00,8880.00,260000.00,600.00,525
1777321323253,41430.00,8821.00,260000.00,600.00,525
1777321323279,40660.00,8880.00,260000.00,600.00,525
1777321323326,41400.00,8820.00,260000.00,600.00,525
1777321323351,41210.00,8820.00,260000.00,600.00,525
1777321323376,40980.00,8880.00,260000.00,600.00,525
1777321323423,40470.00,8880.00,260000.00,600.00,525
1777321323449,41140.00,8931.00,260000.00,600.00,525
1777321323475,40630.00,8880.00,260000.00,600.00,525
1777321323522,40420.00,8828.00,260000.00,600.00,525
1777321323548,39360.00,8880.00,260000.00,600.00,525
1777321323594,39890.00,8831.00,260000.00,600.00,525
1777321323621,41100.00,8820.00,260000.00,600.00,525
1777321323647,41240.00,8940.00,260000.00,600.00,525
1777321323674,39340.00,8940.00,260000.00,600.00,525
1777321323722,40960.00,8891.00,260000.00,600.00,525
1777321323749,40990.00,8881.00,260000.00,600.00,525
1777321323775,40960.00,8880.00,260000.00,600.00,525
1777321323823,39900.00,8913.00,260000.00,600.00,525
1777321323849,40800.00,8820.00,260000.00,600.00,525
1777321323875,41370.00,8870.00,260000.00,600.00,525
1777321323923,40480.00,8836.00,260000.00,600.00,525
1777321323949,41950.00,8820.00,260000.00,600.00,525
1777321323976,41570.00,8820.00,260000.00,600.00,525
1777321324024,40410.00,8884.00,260000.00,600.00,525
1777321324050,40490.00,8820.00,260000.00,600.00,525
1777321324077,40620.00,8820.00,260000.00,600.00,525
1777321324125,39900.00,8880.00,260000.00,600.00,525
1777321324152,40210.00,8880.00,260000.00,600.00,525
1777321324179,40340.00,8940.00,260000.00,600.00,525
1777321324206,40220.00,8940.00,260000.00,600.00,525
1777321324255,41070.00,8880.00,260000.00,600.00,525
1777321324282,39530.00,8883.00,260000.00,600.00,525
1777321324310,40280.00,8871.00,260000.00,600.00,525
1777321324358,39900.00,8880.00,260000.00,600.00,525
1777321324385,41080.00,8919.00,260000.00,600.00,525
1777321324413,40070.00,8912.00,260000.00,600.00,525
1777321324441,40140.00,8924.00,260000.00,600.00,525
1777321324490,40110.00,8880.00,260000.00,600.00,525
1777321324517,41310.00,8901.00,260000.00,600.00,525
1777321324544,41000.00,8834.00,260000.00,600.00,525
1777321324573,40790.00,8880.00,260000.00,600.00,525
1777321324623,40670.00,8890.00,260000.00,600.00,525
1777321324650,40060.00,8823.00,260000.00,600.00,525
1777321324679,40690.00,8880.00,260000.00,600.00,525
1777321324707,41460.00,8940.00,260000.00,600.00,525
1777321324763,39900.00,8880.00,260000.00,600.00,525
1777321324791,41590.00,8880.00,260000.00,600.00,525
1777321324819,41750.00,8880.00,260000.00,600.00,525
1777321324848,40030.00,8880.00,260000.00,600.00,525
1777321324877,41510.00,8882.00,260000.00,600.00,525
1777321324906,40510.00,8880.00,260000.00,600.00,525
1777321324958,40150.00,8880.00,260000.00,600.00,525
1777321324987,40150.00,8880.00,260000.00,600.00,525
1777321325016,41100.00,8940.00,260000.00,600.00,525
1777321325045,40340.00,9000.00,260000.00,600.00,525
1777321325075,40490.00,9000.00,260000.00,600.00,525
1777321325104,40330.00,9042.00,260000.00,600.00,525
1777321325201,40740.00,8940.00,260000.00,600.00,525
1777321325225,39520.00,8953.00,260000.00,600.00,525
1777321325270,40230.00,8911.00,260000.00,600.00,525
1777321325295,41320.00,8920.00,260000.00,600.00,525
1777321325320,39260.00,8910.00,260000.00,600.00,525
1777321325366,40510.00,8880.00,260000.00,600.00,525
1777321325390,40310.00,8881.00,260000.00,600.00,525
1777321325435,40480.00,8940.00,260000.00,600.00,525
1777321325459,40210.00,8940.00,260000.00,600.00,525
1777321325484,40790.00,8882.00,260000.00,600.00,525
1777321325530,40410.00,8880.00,260000.00,600.00,525
1777321325554,40630.00,8820.00,260000.00,600.00,525
1777321325599,40460.00,8820.00,260000.00,600.00,525
1777321325627,41180.00,8880.00,260000.00,600.00,525
1777321325673,40610.00,8940.00,260000.00,600.00,525
1777321325698,40940.00,8940.00,260000.00,600.00,525
1777321325722,40290.00,8940.00,260000.00,600.00,525
1777321325771,40310.00,8880.00,260000.00,600.00,525
1777321325796,40680.00,8880.00,260000.00,600.00,525
1777321325821,41020.00,8825.00,260000.00,600.00,525
1777321325867,40640.00,8827.00,260000.00,600.00,525
1777321325892,39790.00,8850.00,260000.00,600.00,525
1777321325916,41170.00,8879.00,260000.00,600.00,525
1777321325963,40120.00,8820.00,260000.00,600.00,525
1777321325988,41030.00,8940.00,260000.00,600.00,525
1777321326034,40420.00,8880.00,260000.00,600.00,525
1777321326060,41410.00,8923.00,260000.00,600.00,525
1777321326085,41140.00,8940.00,260000.00,600.00,525
1777321326131,41200.00,8999.00,260000.00,600.00,525
1777321326157,40360.00,8999.00,260000.00,600.00,525
1777321326182,40630.00,8940.00,260000.00,600.00,525
1777321326229,39290.00,8832.00,260000.00,600.00,525
1777321326256,40440.00,8820.00,260000.00,600.00,525
1777321326282,40830.00,8880.00,260000.00,600.00,525
1777321326329,40110.00,8923.00,260000.00,600.00,525
1777321326355,39770.00,8885.00,260000.00,600.00,525
1777321326382,40300.00,8880.00,260000.00,600.00,525
1777321326429,40260.00,8889.00,260000.00,600.00,525
1777321326455,39610.00,8902.00,260000.00,600.00,525
1777321326481,40300.00,8930.00,260000.00,600.00,525
1777321326529,39890.00,8860.00,260000.00,600.00,525
1777321326555,40320.00,8880.00,260000.00,600.00,525
1777321326581,40190.00,8880.00,260000.00,600.00,525
1777321326629,40930.00,8844.00,260000.00,600.00,525
1777321326656,39930.00,8880.00,260000.00,600.00,525
1777321326683,41390.00,8880.00,260000.00,600.00,525
1777321326710,41200.00,8880.00,260000.00,600.00,525
1777321326758,41220.00,8940.00,260000.00,600.00,525
1777321326785,40920.00,8841.00,260000.00,600.00,525
1777321326813,40230.00,8880.00,260000.00,600.00,525
1777321326861,39750.00,8880.00,260000.00,600.00,525
1777321326888,39760.00,8880.00,260000.00,600.00,525
1777321326915,39640.00,8880.00,260000.00,600.00,525
1777321326943,39690.00,8903.00,260000.00,600.00,525
1777321326991,40660.00,8880.00,260000.00,600.00,525
1777321327019,40940.00,8940.00,260000.00,600.00,525
1777321327046,39880.00,8940.00,260000.00,600.00,525
1777321327074,39500.00,8939.00,260000.00,600.00,525
1777321327123,41830.00,8940.00,260000.00,600.00,525
1777321327152,40420.00,8940.00,260000.00,600.00,525
1777321327179,40480.00,8940.00,260000.00,600.00,525
1777321327207,41160.00,8995.00,260000.00,600.00,525
1777321327257,40200.00,8898.00,260000.00,600.00,525
1777321327285,39300.00,8820.00,260000.00,600.00,525
1777321327312,41010.00,8820.00,260000.00,600.00,525
1777321327340,40540.00,8880.00,260000.00,600.00,525
1777321327393,40260.00,8880.00,260000.00,600.00,525
1777321327421,40980.00,8880.00,260000.00,600.00,525
1777321327450,40370.00,8940.00,260000.00,600.00,525
1777321327478,40380.00,8903.00,260000.00,600.00,525
1777321327507,40150.00,8900.00,260000.00,600.00,525
1777321327556,41570.00,8880.00,260000.00,600.00,525
1777321327584,40750.00,8901.00,260000.00,600.00,525
1777321327614,41460.00,8904.00,260000.00,600.00,525
1777321327709,39740.00,8764.00,260000.00,600.00,525
1777321327732,39630.00,8820.00,260000.00,600.00,525
1777321327777,41820.00,8780.00,260000.00,600.00,525
1777321327801,40440.00,8859.00,260000.00,600.00,525
1777321327846,40310.00,8880.00,260000.00,600.00,525
1777321327870,41170.00,8880.00,260000.00,600.00,525
1777321327894,41330.00,8901.00,260000.00,600.00,525
1777321327939,40640.00,8820.00,260000.00,600.00,525
1777321327964,40260.00,8859.00,260000.00,600.00,525
1777321328009,41310.00,8880.00,260000.00,600.00,525
1777321328034,39390.00,8821.00,260000.00,600.00,525
1777321328058,39910.00,8820.00,260000.00,600.00,525
1777321328104,41120.00,8880.00,260000.00,600.00,525
1777321328128,40850.00,8820.00,260000.00,600.00,525
1777321328174,41070.00,8760.00,260000.00,600.00,525
1777321328200,40940.00,8817.00,260000.00,600.00,525
1777321328224,40710.00,8820.00,260000.00,600.00,525
1777321328270,40800.00,8820.00,260000.00,600.00,525
1777321328295,40980.00,8880.00,260000.00,600.00,525
1777321328341,40120.00,8880.00,260000.00,600.00,525
1777321328366,39920.00,8822.00,260000.00,600.00,525
1777321328390,39160.00,8760.00,260000.00,600.00,525
1777321328436,39710.00,8835.00,260000.00,600.00,525
1777321328461,39630.00,8880.00,260000.00,600.00,525
1777321328507,39560.00,8880.00,260000.00,600.00,525
1777321328532,40190.00,8880.00,260000.00,600.00,525
1777321328557,42090.00,8935.00,260000.00,600.00,525
1777321328603,40070.00,8820.00,260000.00,600.00,525
1777321328628,41050.00,8790.00,260000.00,600.00,525
1777321328674,40440.00,8820.00,260000.00,600.00,525
1777321328699,39810.00,8880.00,260000.00,600.00,525
1777321328724,40030.00,8866.00,260000.00,600.00,525
1777321328774,40100.00,8880.00,260000.00,600.00,525
1777321328800,40090.00,8880.00,260000.00,600.00,525
1777321328825,40360.00,8820.00,260000.00,600.00,525
1777321328872,40450.00,8820.00,260000.00,600.00,525
1777321328898,40440.00,8839.00,260000.00,600.00,525
1777321328924,41870.00,8871.00,260000.00,600.00,525
1777321328972,40430.00,8880.00,260000.00,600.00,525
1777321328998,41480.00,8821.00,260000.00,600.00,525
1777321329024,39870.00,8820.00,260000.00,600.00,525
1777321329051,41670.00,8879.00,260000.00,600.00,525
1777321329098,40410.00,8820.00,260000.00,600.00,525
1777321329123,40290.00,8820.00,260000.00,600.00,525
1777321329171,39710.00,8769.00,260000.00,600.00,525
1777321329197,41340.00,8760.00,260000.00,600.00,525
1777321329222,39640.00,8760.00,260000.00,600.00,525
1777321329268,40360.00,8880.00,260000.00,600.00,525
1777321329293,41260.00,8820.00,260000.00,600.00,525
1777321329317,39650.00,8820.00,260000.00,600.00,525
1777321329363,40620.00,8874.00,260000.00,600.00,525
1777321329388,41230.00,8874.00,260000.00,600.00,525
1777321329434,40510.00,8837.00,260000.00,600.00,525
1777321329459,40120.00,8880.00,260000.00,600.00,525
1777321329485,41740.00,8820.00,260000.00,600.00,525
1777321329532,39640.00,8820.00,260000.00,600.00,525
1777321329558,39680.00,8820.00,260000.00,600.00,525
1777321329583,41000.00,8820.00,260000.00,600.00,525
1777321329631,40120.00,8820.00,260000.00,600.00,525
1777321329658,40020.00,8870.00,260000.00,600.00,525
1777321329683,41590.00,8820.00,260000.00,600.00,525
1777321329732,40570.00,8820.00,260000.00,600.00,525
1777321329758,39870.00,8820.00,260000.00,600.00,525
1777321329783,41310.00,8820.00,260000.00,600.00,525
1777321329831,40890.00,8760.00,260000.00,600.00,525
1777321329856,41460.00,8820.00,260000.00,600.00,525
1777321329880,40490.00,8926.00,260000.00,600.00,525
1777321329927,40040.00,8820.00,260000.00,600.00,525
1777321329956,40610.00,8880.00,260000.00,600.00,525
1777321329984,40380.00,8880.00,260000.00,600.00,525
1777321330034,41250.00,8820.00,260000.00,600.00,525
1777321330064,40650.00,8820.00,260000.00,600.00,525
1777321330149,40730.00,8760.00,260000.00,600.00,525
1777321330173,40600.00,8820.00,260000.00,600.00,525
1777321330218,41360.00,8820.00,260000.00,600.00,525
1777321330242,40980.00,8821.00,260000.00,600.00,525
1777321330266,40810.00,8880.00,260000.00,600.00,525
1777321330311,39750.00,8820.00,260000.00,600.00,525
1777321330336,39980.00,8760.00,260000.00,600.00,525
1777321330381,40610.00,8880.00,260000.00,600.00,525
1777321330406,40820.00,8822.00,260000.00,600.00,525
1777321330430,40200.00,8820.00,260000.00,600.00,525
1777321330475,39930.00,8880.00,260000.00,600.00,525
1777321330500,41050.00,8820.00,260000.00,600.00,525
1777321330546,40760.00,8880.00,260000.00,600.00,525
1777321330572,40700.00,8940.00,260000.00,600.00,525
1777321330597,40790.00,8880.00,260000.00,600.00,525
1777321330642,40840.00,8829.00,260000.00,600.00,525
1777321330667,40700.00,8820.00,260000.00,600.00,525
1777321330713,40240.00,8820.00,260000.00,600.00,525
1777321330739,41940.00,8880.00,260000.00,600.00,525
1777321330765,41010.00,8825.00,260000.00,600.00,525
1777321330811,40010.00,8820.00,260000.00,600.00,525
1777321330837,41110.00,8880.00,260000.00,600.00,525
1777321330862,39900.00,8880.00,260000.00,600.00,525
1777321330909,41220.00,8836.00,260000.00,600.00,525
1777321330934,40130.00,8820.00,260000.00,600.00,525
1777321330981,39980.00,8820.00,260000.00,600.00,525
1777321331007,39910.00,8820.00,260000.00,600.00,525
1777321331033,39930.00,8880.00,260000.00,600.00,525
1777321331058,40200.00,8903.00,260000.00,600.00,525
1777321331106,40250.00,8820.00,260000.00,600.00,525
1777321331131,38930.00,8820.00,260000.00,600.00,525
1777321331179,40360.00,8834.00,260000.00,600.00,525
1777321331205,40440.00,8850.00,260000.00,600.00,525
1777321331231,40170.00,8867.00,260000.00,600.00,525
1777321331278,40540.00,8820.00,260000.00,600.00,525
1777321331304,40590.00,8820.00,260000.00,600.00,525
1777321331331,40750.00,8836.00,260000.00,600.00,525
1777321331379,41250.00,8880.00,260000.00,600.00,525
1777321331405,39940.00,8880.00,260000.00,600.00,525
1777321331431,41060.00,8880.00,260000.00,600.00,525
1777321331480,39050.00,8764.00,260000.00,600.00,525
1777321331510,39450.00,8820.00,260000.00,600.00,525
1777321331538,39790.00,8820.00,260000.00,600.00,525
1777321331564,39420.00,8820.00,260000.00,600.00,525
1777321331614,40690.00,8872.00,260000.00,600.00,525
1777321331641,41070.00,8880.00,260000.00,600.00,525
1777321331668,40770.00,8880.00,260000.00,600.00,525
1777321331696,40410.00,8823.00,260000.00,600.00,525
1777321331744,40980.00,8820.00,260000.00,600.00,525
1777321331773,40490.00,8820.00,260000.00,600.00,525
1777321331801,39910.00,8940.00,260000.00,600.00,525
1777321331828,39630.00,8895.00,260000.00,600.00,525
1777321331877,40530.00,8767.00,260000.00,600.00,525
1777321331905,40100.00,8760.00,260000.00,600.00,525
1777321331933,40400.00,8760.00,260000.00,600.00,525
1777321331959,40270.00,8760.00,260000.00,600.00,525
1777321332007,40380.00,8820.00,260000.00,600.00,525
1777321332035,41240.00,8880.00,260000.00,600.00,525
1777321332064,41370.00,8880.00,260000.00,600.00,525
1777321332091,39430.00,8880.00,260000.00,600.00,525
1777321332139,40260.00,8820.00,260000.00,600.00,525
1777321332168,41410.00,8820.00,260000.00,600.00,525
1777321332197,40170.00,8820.00,260000.00,600.00,525
1777321332225,39810.00,8820.00,260000.00,600.00,525
1777321332275,40600.00,8880.00,260000.00,600.00,525
1777321332303,40320.00,8880.00,260000.00,600.00,525
1777321332332,39880.00,8869.00,260000.00,600.00,525
1777321332360,39900.00,8823.00,260000.00,600.00,525
1777321332389,39740.00,8820.00,260000.00,600.00,525
1777321332439,40850.00,8820.00,260000.00,600.00,525
1777321332522,39630.00,8760.00,260000.00,600.00,525
1777321332545,40620.00,8760.00,260000.00,600.00,525
1777321332568,38880.00,8760.00,260000.00,600.00,525
1777321332612,40960.00,8768.00,260000.00,600.00,525
1777321332636,41920.00,8760.00,260000.00,600.00,525
1777321332660,40590.00,8820.00,260000.00,600.00,525
1777321332705,40340.00,8940.00,260000.00,600.00,525
1777321332729,40570.00,8880.00,260000.00,600.00,525
1777321332774,41220.00,8880.00,260000.00,600.00,525
1777321332798,40560.00,8820.00,260000.00,600.00,525
1777321332844,40810.00,8880.00,260000.00,600.00,525
1777321332868,41200.00,8880.00,260000.00,600.00,525
1777321332892,40050.00,8824.00,260000.00,600.00,525
1777321332938,40720.00,8880.00,260000.00,600.00,525
1777321332963,39890.00,8880.00,260000.00,600.00,525
1777321333009,40530.00,8820.00,260000.00,600.00,525
1777321333034,40760.00,8880.00,260000.00,600.00,525
1777321333060,41360.00,8880.00,260000.00,600.00,525
1777321333106,40200.00,8880.00,260000.00,600.00,525
1777321333130,41640.00,8940.00,260000.00,600.00,525
1777321333177,41410.00,8930.00,260000.00,600.00,525
1777321333202,40800.00,8931.00,260000.00,600.00,525
1777321333226,39300.00,8887.00,260000.00,600.00,525
1777321333271,40520.00,8940.00,260000.00,600.00,525
1777321333297,39100.00,8880.00,260000.00,600.00,525
1777321333323,40240.00,8880.00,260000.00,600.00,525
1777321333370,40750.00,8876.00,260000.00,600.00,525
1777321333396,40010.00,8820.00,260000.00,600.00,525
1777321333422,40600.00,8820.00,260000.00,600.00,525
1777321333470,41510.00,8820.00,260000.00,600.00,525
1777321333496,40910.00,8825.00,260000.00,600.00,525
1777321333522,40440.00,8820.00,260000.00,600.00,525
1777321333569,40810.00,8880.00,260000.00,600.00,525
1777321333595,40680.00,8940.00,260000.00,600.00,525
1777321333621,39130.00,8917.00,260000.00,600.00,525
1777321333669,39340.00,8880.00,260000.00,600.00,525
1777321333694,40400.00,8882.00,260000.00,600.00,525
1777321333721,40050.00,8880.00,260000.00,600.00,525
1777321333769,41110.00,8820.00,260000.00,600.00,525
1777321333794,41280.00,8820.00,260000.00,600.00,525
1777321333820,39690.00,8880.00,260000.00,600.00,525
1777321333867,41200.00,8940.00,260000.00,600.00,525
1777321333893,40330.00,8940.00,260000.00,600.00,525
1777321333920,40590.00,8880.00,260000.00,600.00,525
1777321333968,40700.00,8830.00,260000.00,600.00,525
1777321333995,40510.00,8880.00,260000.00,600.00,525
1777321334021,40250.00,8880.00,260000.00,600.00,525
1777321334070,41320.00,8820.00,260000.00,600.00,525
1777321334097,41000.00,8821.00,260000.00,600.00,525
1777321334124,41050.00,8880.00,260000.00,600.00,525
1777321334151,39960.00,8880.00,260000.00,600.00,525
1777321334200,39600.00,8939.00,260000.00,600.00,525
1777321334228,40270.00,8869.00,260000.00,600.00,525
1777321334254,41410.00,8820.00,260000.00,600.00,525
1777321334280,40860.00,8880.00,260000.00,600.00,525
1777321334330,39560.00,8835.00,260000.00,600.00,525
1777321334358,41020.00,8820.00,260000.00,600.00,525
1777321334385,39550.00,8828.00,260000.00,600.00,525
1777321334435,41030.00,8880.00,260000.00,600.00,525
1777321334462,40070.00,8851.00,260000.00,600.00,525
1777321334490,40830.00,8940.00,260000.00,600.00,525
1777321334519,41100.00,8884.00,260000.00,600.00,525
1777321334569,40200.00,8880.00,260000.00,600.00,525
1777321334598,40770.00,8880.00,260000.00,600.00,525
1777321334627,39410.00,8940.00,260000.00,600.00,525
1777321334656,39010.00,8892.00,260000.00,600.00,525
1777321334685,40680.00,8880.00,260000.00,600.00,525
1777321334735,39210.00,8939.00,260000.00,600.00,525
1777321334764,40410.00,8939.00,260000.00,600.00,525
1777321334864,40680.00,8729.00,260000.00,600.00,525
1777321334888,41640.00,8700.00,260000.00,600.00,525
1777321334912,39910.00,8700.00,260000.00,600.00,525
1777321334957,40020.00,8712.00,260000.00,600.00,525
1777321334982,39980.00,8700.00,260000.00,600.00,525
1777321335027,40680.00,8760.00,260000.00,600.00,525
1777321335052,40490.00,8702.00,260000.00,600.00,525
1777321335098,42320.00,8820.00,260000.00,600.00,525
1777321335122,40480.00,8880.00,260000.00,600.00,525
1777321335146,39910.00,8820.00,260000.00,600.00,525
1777321335192,40840.00,8790.00,260000.00,600.00,525
1777321335217,40950.00,8820.00,260000.00,600.00,525
1777321335262,40460.00,8820.00,260000.00,600.00,525
1777321335288,40360.00,8820.00,260000.00,600.00,525
1777321335312,40570.00,8880.00,260000.00,600.00,525
1777321335359,40080.00,8820.00,260000.00,600.00,525
1777321335383,39960.00,8825.00,260000.00,600.00,525
1777321335430,39950.00,8880.00,260000.00,600.00,525
1777321335455,41470.00,8880.00,260000.00,600.00,525
1777321335479,39960.00,8880.00,260000.00,600.00,525
1777321335525,40650.00,8820.00,260000.00,600.00,525
1777321335550,40340.00,8880.00,260000.00,600.00,525
1777321335596,40080.00,8830.00,260000.00,600.00,525
1777321335621,40690.00,8820.00,260000.00,600.00,525
1777321335647,40910.00,8833.00,260000.00,600.00,525
1777321335694,41120.00,8875.00,260000.00,600.00,525
1777321335719,41020.00,8859.00,260000.00,600.00,525
1777321335745,41790.00,8820.00,260000.00,600.00,525
1777321335791,40000.00,8821.00,260000.00,600.00,525
1777321335817,40680.00,8836.00,260000.00,600.00,525
1777321335864,39740.00,8821.00,260000.00,600.00,525
1777321335890,40440.00,8820.00,260000.00,600.00,525
1777321335914,40760.00,8820.00,260000.00,600.00,525
1777321335962,40940.00,8880.00,260000.00,600.00,525
1777321335988,40020.00,8788.00,260000.00,600.00,525
1777321336014,40900.00,8784.00,260000.00,600.00,525
1777321336062,41370.00,8760.00,260000.00,600.00,525
1777321336088,38850.00,8880.00,260000.00,600.00,525
1777321336115,41410.00,8940.00,260000.00,600.00,525
1777321336162,40870.00,8880.00,260000.00,600.00,525
1777321336187,40120.00,8880.00,260000.00,600.00,525
1777321336215,39830.00,8880.00,260000.00,600.00,525
1777321336242,40520.00,8880.00,260000.00,600.00,525
1777321336289,40880.00,8880.00,260000.00,600.00,525
1777321336315,40430.00,8823.00,260000.00,600.00,525
1777321336342,41520.00,8764.00,260000.00,600.00,525
1777321336390,41880.00,8820.00,260000.00,600.00,525
1777321336418,39480.00,8820.00,260000.00,600.00,525
1777321336445,38820.00,8880.00,260000.00,600.00,525
1777321336472,41230.00,8940.00,260000.00,600.00,525
1777321336520,40030.00,8880.00,260000.00,600.00,525
1777321336547,39600.00,8880.00,260000.00,600.00,525
1777321336574,40230.00,8820.00,260000.00,600.00,525
1777321336623,39600.00,8848.00,260000.00,600.00,525
1777321336650,40930.00,8822.00,260000.00,600.00,525
1777321336678,39820.00,8820.00,260000.00,600.00,525
1777321336705,40180.00,8820.00,260000.00,600.00,525
1777321336754,41670.00,8880.00,260000.00,600.00,525
1777321336782,40220.00,8872.00,260000.00,600.00,525
1777321336810,40950.00,8845.00,260000.00,600.00,525
1777321336836,40190.00,8820.00,260000.00,600.00,525
1777321336886,40110.00,8830.00,260000.00,600.00,525
1777321336913,41000.00,8820.00,260000.00,600.00,525
1777321336941,39780.00,8820.00,260000.00,600.00,525
1777321336969,40210.00,8820.00,260000.00,600.00,525
1777321337019,41050.00,8829.00,260000.00,600.00,525
1777321337099,41010.00,8760.00,260000.00,600.00,525
1777321337122,39230.00,8760.00,260000.00,600.00,525
1777321337167,42420.00,8700.00,260000.00,600.00,525
1777321337191,39470.00,8700.00,260000.00,600.00,525
1777321337236,40850.00,8760.00,260000.00,600.00,525
1777321337260,40120.00,8760.00,260000.00,600.00,525
1777321337285,39340.00,8760.00,260000.00,600.00,525
1777321337330,39990.00,8716.00,260000.00,600.00,525
1777321337354,41070.00,8760.00,260000.00,600.00,525
1777321337399,39970.00,8760.00,260000.00,600.00,525
1777321337423,41080.00,8703.00,260000.00,600.00,525
1777321337470,40580.00,8760.00,260000.00,600.00,525
1777321337494,40110.00,8820.00,260000.00,600.00,525
1777321337519,40560.00,8820.00,260000.00,600.00,525
1777321337565,41490.00,8760.00,260000.00,600.00,525
1777321337589,40440.00,8820.00,260000.00,600.00,525
1777321337635,40110.00,8820.00,260000.00,600.00,525
1777321337659,40200.00,8820.00,260000.00,600.00,525
1777321337685,40100.00,8896.00,260000.00,600.00,525
1777321337731,40410.00,8879.00,260000.00,600.00,525
1777321337756,40140.00,8880.00,260000.00,600.00,525
1777321337802,40600.00,8866.00,260000.00,600.00,525
1777321337827,41140.00,8827.00,260000.00,600.00,525
1777321337853,40910.00,8828.00,260000.00,600.00,525
1777321337899,41560.00,8820.00,260000.00,600.00,525
1777321337924,40700.00,8825.00,260000.00,600.00,525
1777321337950,41260.00,8820.00,260000.00,600.00,525
1777321337997,40010.00,8820.00,260000.00,600.00,525
1777321338023,40470.00,8820.00,260000.00,600.00,525
1777321338048,40470.00,8820.00,260000.00,600.00,525
1777321338095,41680.00,8820.00,260000.00,600.00,525
1777321338121,40010.00,8820.00,260000.00,600.00,525
1777321338148,40010.00,8824.00,260000.00,600.00,525
1777321338195,40100.00,8820.00,260000.00,600.00,525
1777321338222,40090.00,8879.00,260000.00,600.00,525
1777321338246,40450.00,8880.00,260000.00,600.00,525
1777321338293,39970.00,8820.00,260000.00,600.00,525
1777321338317,40480.00,8760.00,260000.00,600.00,525
1777321338365,41840.00,8880.00,260000.00,600.00,525
1777321338391,40170.00,8880.00,260000.00,600.00,525
1777321338417,39970.00,8821.00,260000.00,600.00,525
1777321338464,40710.00,8820.00,260000.00,600.00,525
1777321338492,40420.00,8820.00,260000.00,600.00,525
1777321338519,41370.00,8820.00,260000.00,600.00,525
1777321338545,40100.00,8760.00,260000.00,600.00,525
1777321338593,41040.00,8771.00,260000.00,600.00,525
1777321338619,39270.00,8790.00,260000.00,600.00,525
1777321338650,40100.00,8795.00,260000.00,600.00,525
1777321338698,40060.00,8820.00,260000.00,600.00,525
1777321338725,39860.00,8875.00,260000.00,600.00,525
1777321338751,40250.00,8880.00,260000.00,600.00,525
1777321338778,39920.00,8820.00,260000.00,600.00,525
1777321338827,40350.00,8807.00,260000.00,600.00,525
1777321338854,41070.00,8760.00,260000.00,600.00,525
1777321338881,40620.00,8760.00,260000.00,600.00,525
1777321338930,40430.00,8880.00,260000.00,600.00,525
1777321338957,40920.00,8880.00,260000.00,600.00,525
1777321338985,40030.00,8880.00,260000.00,600.00,525
1777321339013,40300.00,8880.00,260000.00,600.00,525
1777321339061,40530.00,8820.00,260000.00,600.00,525
1777321339089,41610.00,8880.00,260000.00,600.00,525
1777321339117,39960.00,8880.00,260000.00,600.00,525
1777321339145,40730.00,8880.00,260000.00,600.00,525
1777321339194,40630.00,8820.00,260000.00,600.00,525
1777321339274,41130.00,8798.00,260000.00,600.00,525
1777321339298,40680.00,8820.00,260000.00,600.00,525
1777321339322,40690.00,8820.00,260000.00,600.00,525
1777321339346,40930.00,8771.00,260000.00,600.00,525
1777321339390,40290.00,8700.00,260000.00,600.00,525
1777321339414,40990.00,8700.00,260000.00,600.00,525
1777321339459,40360.00,8729.00,260000.00,600.00,525
1777321339483,40660.00,8700.00,260000.00,600.00,525
1777321339528,40940.00,8760.00,260000.00,600.00,525
1777321339552,40200.00,8702.00,260000.00,600.00,525
1777321339598,39770.00,8760.00,260000.00,600.00,525
1777321339622,40670.00,8760.00,260000.00,600.00,525
1777321339647,39300.00,8718.00,260000.00,600.00,525
1777321339693,39760.00,8760.00,260000.00,600.00,525
1777321339718,40680.00,8760.00,260000.00,600.00,525
1777321339764,41920.00,8712.00,260000.00,600.00,525
1777321339789,40370.00,8760.00,260000.00,600.00,525
1777321339813,41310.00,8820.00,260000.00,600.00,525
1777321339859,40940.00,8880.00,260000.00,600.00,525
1777321339884,40240.00,8880.00,260000.00,600.00,525
1777321339931,39950.00,8880.00,260000.00,600.00,525
1777321339955,41100.00,8880.00,260000.00,600.00,525
1777321339980,41040.00,8880.00,260000.00,600.00,525
1777321340027,40610.00,8820.00,260000.00,600.00,525
1777321340051,40100.00,8880.00,260000.00,600.00,525
1777321340077,40680.00,8880.00,260000.00,600.00,525
1777321340124,40060.00,8880.00,260000.00,600.00,525
1777321340177,79560.00,8880.00,260000.00,1200.00,1050
1777321340223,41150.00,8901.00,260000.00,600.00,525
1777321340248,41310.00,8916.00,260000.00,600.00,525
1777321340294,40620.00,8884.00,260000.00,600.00,525
1777321340320,39800.00,8880.00,260000.00,600.00,525
1777321340346,40960.00,8880.00,260000.00,600.00,525
1777321340393,41040.00,8880.00,260000.00,600.00,525
1777321340419,40710.00,8880.00,260000.00,600.00,525
1777321340445,40510.00,8880.00,260000.00,600.00,525
1777321340491,40300.00,8880.00,260000.00,600.00,525
1777321340517,40170.00,8820.00,260000.00,600.00,525
1777321340543,41530.00,8820.00,260000.00,600.00,525
1777321340590,39920.00,8940.00,260000.00,600.00,525
1777321340616,39860.00,8940.00,260000.00,600.00,525
1777321340641,40940.00,8880.00,260000.00,600.00,525
1777321340689,40620.00,8880.00,260000.00,600.00,525
1777321340716,39960.00,8899.00,260000.00,600.00,525
1777321340743,40350.00,8940.00,260000.00,600.00,525
1777321340793,40360.00,8938.00,260000.00,600.00,525
1777321340820,38950.00,8923.00,260000.00,600.00,525
1777321340846,40490.00,8890.00,260000.00,600.00,525
1777321340873,41100.00,8880.00,260000.00,600.00,525
1777321340920,39950.00,8917.00,260000.00,600.00,525
1777321340947,40830.00,8880.00,260000.00,600.00,525
1777321340973,40550.00,8940.00,260000.00,600.00,525
1777321341020,39190.00,8912.00,260000.00,600.00,525
1777321341047,40170.00,8940.00,260000.00,600.00,525
1777321341073,40030.00,8820.00,260000.00,600.00,525
1777321341121,40030.00,8880.00,260000.00,600.00,525
1777321341148,41080.00,8824.00,260000.00,600.00,525
1777321341175,40440.00,8820.00,260000.00,600.00,525
1777321341222,40150.00,8845.00,260000.00,600.00,525
1777321341249,38710.00,8867.00,260000.00,600.00,525
1777321341278,39590.00,8880.00,260000.00,600.00,525
1777321341374,40850.00,8760.00,260000.00,600.00,525
1777321341396,40000.00,8771.00,260000.00,600.00,525
1777321341418,41260.00,8820.00,260000.00,600.00,525
1777321341463,39790.00,8708.00,260000.00,600.00,525
1777321341486,41140.00,8760.00,260000.00,600.00,525
1777321341530,40240.00,8700.00,260000.00,600.00,525
1777321341553,42010.00,8760.00,260000.00,600.00,525
1777321341596,41200.00,8820.00,260000.00,600.00,525
1777321341621,39830.00,8761.00,260000.00,600.00,525
1777321341645,38930.00,8799.00,260000.00,600.00,525
1777321341690,40720.00,8820.00,260000.00,600.00,525
1777321341714,40400.00,8820.00,260000.00,600.00,525
1777321341760,40890.00,8756.00,260000.00,600.00,525
1777321341784,40510.00,8820.00,260000.00,600.00,525
1777321341830,40680.00,8820.00,260000.00,600.00,525
1777321341855,40840.00,8807.00,260000.00,600.00,525
1777321341900,41250.00,8820.00,260000.00,600.00,525
1777321341925,40430.00,8777.00,260000.00,600.00,525
1777321341950,40510.00,8820.00,260000.00,600.00,525
1777321341995,41510.00,8760.00,260000.00,600.00,525
1777321342020,39300.00,8760.00,260000.00,600.00,525
1777321342045,40340.00,8819.00,260000.00,600.00,525
1777321342091,40410.00,8820.00,260000.00,600.00,525
1777321342116,40700.00,8820.00,260000.00,600.00,525
1777321342162,40830.00,8940.00,260000.00,600.00,525
1777321342187,40870.00,8995.00,260000.00,600.00,525
1777321342212,40960.00,8928.00,260000.00,600.00,525
1777321342259,39870.00,8880.00,260000.00,600.00,525
1777321342284,40040.00,8823.00,260000.00,600.00,525
1777321342331,40090.00,8934.00,260000.00,600.00,525
1777321342357,39660.00,8934.00,260000.00,600.00,525
1777321342382,41390.00,8930.00,260000.00,600.00,525
1777321342407,39960.00,8880.00,260000.00,600.00,525
1777321342455,40920.00,8836.00,260000.00,600.00,525
1777321342482,40490.00,8820.00,260000.00,600.00,525
1777321342507,40660.00,8880.00,260000.00,600.00,525
1777321342553,40440.00,8880.00,260000.00,600.00,525
1777321342580,41520.00,8940.00,260000.00,600.00,525
1777321342627,39920.00,8940.00,260000.00,600.00,525
1777321342654,39900.00,8940.00,260000.00,600.00,525
1777321342680,41050.00,8870.00,260000.00,600.00,525
1777321342705,40320.00,8884.00,260000.00,600.00,525
1777321342753,42300.00,8880.00,260000.00,600.00,525
1777321342779,41540.00,8880.00,260000.00,600.00,525
1777321342806,41420.00,8940.00,260000.00,600.00,525
1777321342854,41010.00,8880.00,260000.00,600.00,525
1777321342880,41960.00,8821.00,260000.00,600.00,525
1777321342907,39920.00,8880.00,260000.00,600.00,525
1777321342955,39820.00,8939.00,260000.00,600.00,525
1777321342980,40100.00,8880.00,260000.00,600.00,525
1777321343007,39630.00,8880.00,260000.00,600.00,525
1777321343056,40630.00,8885.00,260000.00,600.00,525
1777321343082,40680.00,8880.00,260000.00,600.00,525
1777321343109,40210.00,8880.00,260000.00,600.00,525
1777321343157,39870.00,8880.00,260000.00,600.00,525
1777321343184,40300.00,8880.00,260000.00,600.00,525
1777321343291,41160.00,8760.00,260000.00,600.00,525
1777321343316,41260.00,8820.00,260000.00,600.00,525
1777321343340,40660.00,8820.00,260000.00,600.00,525
1777321343386,40900.00,8760.00,260000.00,600.00,525
1777321343410,39880.00,8765.00,260000.00,600.00,525
1777321343456,39850.00,8700.00,260000.00,600.00,525
1777321343481,39850.00,8760.00,260000.00,600.00,525
1777321343506,39340.00,8760.00,260000.00,600.00,525
1777321343553,40240.00,8820.00,260000.00,600.00,525
1777321343578,40230.00,8760.00,260000.00,600.00,525
1777321343625,41570.00,8729.00,260000.00,600.00,525
1777321343651,40180.00,8759.00,260000.00,600.00,525
1777321343675,40960.00,8741.00,260000.00,600.00,525
1777321343722,41460.00,8700.00,260000.00,600.00,525
1777321343748,40140.00,8760.00,260000.00,600.00,525
1777321343773,40510.00,8820.00,260000.00,600.00,525
1777321343820,40450.00,8818.00,260000.00,600.00,525
1777321343846,38640.00,8765.00,260000.00,600.00,525
1777321343871,39770.00,8760.00,260000.00,600.00,525
1777321343919,40210.00,8760.00,260000.00,600.00,525
1777321343945,40890.00,8760.00,260000.00,600.00,525
1777321343971,40920.00,8760.00,260000.00,600.00,525
1777321344018,40710.00,8760.00,260000.00,600.00,525
1777321344045,40660.00,8760.00,260000.00,600.00,525
1777321344072,40450.00,8760.00,260000.00,600.00,525
1777321344120,39470.00,8760.00,260000.00,600.00,525
1777321344148,39880.00,8760.00,260000.00,600.00,525
1777321344174,42010.00,8706.00,260000.00,600.00,525
1777321344200,40680.00,8759.00,260000.00,600.00,525
1777321344247,41260.00,8760.00,260000.00,600.00,525
1777321344272,40390.00,8820.00,260000.00,600.00,525
1777321344321,40530.00,8784.00,260000.00,600.00,525
1777321344348,40630.00,8825.00,260000.00,600.00,525
1777321344374,41160.00,8825.00,260000.00,600.00,525
1777321344402,39720.00,8820.00,260000.00,600.00,525
1777321344450,40690.00,8831.00,260000.00,600.00,525
1777321344476,41070.00,8820.00,260000.00,600.00,525
1777321344503,40290.00,8760.00,260000.00,600.00,525
1777321344552,39400.00,8880.00,260000.00,600.00,525
1777321344579,39980.00,8880.00,260000.00,600.00,525
1777321344606,41060.00,8856.00,260000.00,600.00,525
1777321344633,40600.00,8815.00,260000.00,600.00,525
1777321344682,40140.00,8772.00,260000.00,600.00,525
1777321344709,40100.00,8760.00,260000.00,600.00,525
1777321344737,39570.00,8820.00,260000.00,600.00,525
1777321344787,41250.00,8880.00,260000.00,600.00,525
1777321344815,40140.00,8880.00,260000.00,600.00,525
1777321344841,40190.00,8820.00,260000.00,600.00,525
1777321344870,40920.00,8786.00,260000.00,600.00,525
1777321344919,39010.00,8880.00,260000.00,600.00,525
1777321344948,39950.00,8880.00,260000.00,600.00,525
1777321344974,40020.00,8820.00,260000.00,600.00,525
1777321345005,39030.00,8877.00,260000.00,600.00,525
1777321345093,40020.00,8752.00,260000.00,600.00,525
1777321345117,40720.00,8760.00,260000.00,600.00,525
1777321345162,40690.00,8711.00,260000.00,600.00,525
1777321345186,39960.00,8700.00,260000.00,600.00,525
1777321345231,41280.00,8728.00,260000.00,600.00,525
1777321345255,41400.00,8705.00,260000.00,600.00,525
1777321345279,41260.00,8700.00,260000.00,600.00,525
1777321345322,41130.00,8759.00,260000.00,600.00,525
1777321345345,39440.00,8760.00,260000.00,600.00,525
1777321345389,40350.00,8760.00,260000.00,600.00,525
1777321345413,40220.00,8700.00,260000.00,600.00,525
1777321345457,40840.00,8714.00,260000.00,600.00,525
1777321345480,41130.00,8700.00,260000.00,600.00,525
1777321345527,39460.00,8700.00,260000.00,600.00,525
1777321345552,40490.00,8760.00,260000.00,600.00,525
1777321345577,40590.00,8702.00,260000.00,600.00,525
1777321345623,40010.00,8760.00,260000.00,600.00,525
1777321345646,40870.00,8820.00,260000.00,600.00,525
1777321345691,40950.00,8760.00,260000.00,600.00,525
1777321345715,39700.00,8760.00,260000.00,600.00,525
1777321345739,41000.00,8700.00,260000.00,600.00,525
1777321345784,39550.00,8709.00,260000.00,600.00,525
1777321345807,39860.00,8728.00,260000.00,600.00,525
1777321345851,40660.00,8700.00,260000.00,600.00,525
1777321345874,40600.00,8732.00,260000.00,600.00,525
1777321345917,40920.00,8760.00,260000.00,600.00,525
1777321345941,41160.00,8760.00,260000.00,600.00,525
1777321345986,39860.00,8700.00,260000.00,600.00,525
1777321346012,40500.00,8760.00,260000.00,600.00,525
1777321346037,41420.00,8702.00,260000.00,600.00,525
1777321346084,40930.00,8700.00,260000.00,600.00,525
1777321346109,40940.00,8700.00,260000.00,600.00,525
1777321346155,40150.00,8700.00,260000.00,600.00,525
1777321346179,40400.00,8714.00,260000.00,600.00,525
1777321346203,40560.00,8714.00,260000.00,600.00,525
1777321346250,39650.00,8760.00,260000.00,600.00,525
1777321346275,40030.00,8702.00,260000.00,600.00,525
1777321346320,40300.00,8760.00,260000.00,600.00,525
1777321346344,40890.00,8820.00,260000.00,600.00,525
1777321346367,41070.00,8880.00,260000.00,600.00,525
1777321346415,39380.00,8768.00,260000.00,600.00,525
1777321346438,39680.00,8820.00,260000.00,600.00,525
1777321346484,40440.00,8820.00,260000.00,600.00,525
1777321346507,40200.00,8820.00,260000.00,600.00,525
1777321346552,39060.00,8880.00,260000.00,600.00,525
1777321346579,40640.00,8776.00,260000.00,600.00,525
1777321346605,41160.00,8820.00,260000.00,600.00,525
1777321346651,39900.00,8846.00,260000.00,600.00,525
1777321346675,40190.00,8833.00,260000.00,600.00,525
1777321346701,41270.00,8760.00,260000.00,600.00,525
1777321346792,40340.00,8640.00,260000.00,600.00,525
1777321346816,40730.00,8699.00,260000.00,600.00,525
1777321346839,40510.00,8723.00,260000.00,600.00,525
1777321346863,40090.00,8760.00,260000.00,600.00,525
1777321346909,39800.00,8808.00,260000.00,600.00,525
1777321346933,40230.00,8701.00,260000.00,600.00,525
1777321346978,39430.00,8760.00,260000.00,600.00,525
1777321347002,40710.00,8820.00,260000.00,600.00,525
1777321347047,41400.00,8772.00,260000.00,600.00,525
1777321347072,42160.00,8760.00,260000.00,600.00,525
1777321347117,39660.00,8801.00,260000.00,600.00,525
1777321347141,41380.00,8707.00,260000.00,600.00,525
1777321347166,39820.00,8818.00,260000.00,600.00,525
1777321347211,40680.00,8820.00,260000.00,600.00,525
1777321347236,40550.00,8762.00,260000.00,600.00,525
1777321347282,40870.00,8820.00,260000.00,600.00,525
1777321347308,41130.00,8820.00,260000.00,600.00,525
1777321347333,40320.00,8820.00,260000.00,600.00,525
1777321347379,40820.00,8760.00,260000.00,600.00,525
1777321347404,40580.00,8763.00,260000.00,600.00,525
1777321347430,39820.00,8761.00,260000.00,600.00,525
1777321347476,41710.00,8760.00,260000.00,600.00,525
1777321347501,40190.00,8760.00,260000.00,600.00,525
1777321347547,39950.00,8820.00,260000.00,600.00,525
1777321347573,39430.00,8760.00,260000.00,600.00,525
1777321347598,40920.00,8731.00,260000.00,600.00,525
1777321347644,40250.00,8760.00,260000.00,600.00,525
1777321347670,39890.00,8770.00,260000.00,600.00,525
1777321347695,41100.00,8760.00,260000.00,600.00,525
1777321347741,40510.00,8713.00,260000.00,600.00,525
1777321347767,40360.00,8760.00,260000.00,600.00,525
1777321347814,40540.00,8731.00,260000.00,600.00,525
1777321347840,40540.00,8760.00,260000.00,600.00,525
1777321347866,40460.00,8765.00,260000.00,600.00,525
1777321347891,40080.00,8760.00,260000.00,600.00,525
1777321347939,40330.00,8760.00,260000.00,600.00,525
1777321347965,41090.00,8820.00,260000.00,600.00,525
1777321348013,39760.00,8820.00,260000.00,600.00,525
1777321348039,40800.00,8760.00,260000.00,600.00,525
1777321348065,40860.00,8760.00,260000.00,600.00,525
1777321348113,40540.00,8760.00,260000.00,600.00,525
1777321348140,40510.00,8760.00,260000.00,600.00,525
1777321348166,40510.00,8764.00,260000.00,600.00,525
1777321348192,40980.00,8793.00,260000.00,600.00,525
1777321348240,40110.00,8831.00,260000.00,600.00,525
1777321348267,40970.00,8891.00,260000.00,600.00,525
1777321348294,39560.00,8940.00,260000.00,600.00,525
1777321348341,39460.00,8880.00,260000.00,600.00,525
1777321348367,40160.00,8908.00,260000.00,600.00,525
1777321348455,40760.00,8880.00,260000.00,600.00,525
1777321348480,40060.00,8880.00,260000.00,600.00,525
1777321348525,39660.00,8709.00,260000.00,600.00,525
1777321348549,40690.00,8760.00,260000.00,600.00,525
1777321348573,40180.00,8820.00,260000.00,600.00,525
1777321348619,41000.00,8880.00,260000.00,600.00,525
1777321348643,40450.00,8880.00,260000.00,600.00,525
1777321348691,39950.00,8820.00,260000.00,600.00,525
1777321348715,40470.00,8880.00,260000.00,600.00,525
1777321348740,41260.00,8820.00,260000.00,600.00,525
1777321348785,41440.00,8820.00,260000.00,600.00,525
1777321348810,41580.00,8835.00,260000.00,600.00,525
1777321348856,41010.00,8766.00,260000.00,600.00,525
1777321348881,40930.00,8760.00,260000.00,600.00,525
1777321348905,41320.00,8760.00,260000.00,600.00,525
1777321348951,40770.00,8820.00,260000.00,600.00,525
1777321348976,40790.00,8820.00,260000.00,600.00,525
1777321349022,41440.00,8770.00,260000.00,600.00,525
1777321349047,41000.00,8760.00,260000.00,600.00,525
1777321349072,40900.00,8760.00,260000.00,600.00,525
1777321349119,40100.00,8760.00,260000.00,600.00,525
1777321349145,41950.00,8760.00,260000.00,600.00,525
1777321349170,40420.00,8820.00,260000.00,600.00,525
1777321349216,41760.00,8801.00,260000.00,600.00,525
1777321349242,40610.00,8880.00,260000.00,600.00,525
1777321349268,40430.00,8858.00,260000.00,600.00,525
1777321349314,40850.00,8820.00,260000.00,600.00,525
1777321349340,40290.00,8820.00,260000.00,600.00,525
1777321349388,40030.00,8772.00,260000.00,600.00,525
1777321349413,40550.00,8760.00,260000.00,600.00,525
1777321349439,39550.00,8809.00,260000.00,600.00,525
1777321349486,40830.00,8760.00,260000.00,600.00,525
1777321349512,40940.00,8760.00,260000.00,600.00,525
1777321349538,40220.00,8760.00,260000.00,600.00,525
1777321349585,40010.00,8809.00,260000.00,600.00,525
1777321349612,39630.00,8794.00,260000.00,600.00,525
1777321349638,40240.00,8826.00,260000.00,600.00,525
1777321349685,41260.00,8867.00,260000.00,600.00,525
1777321349711,39960.00,8820.00,260000.00,600.00,525
1777321349737,40490.00,8819.00,260000.00,600.00,525
1777321349785,41100.00,8760.00,260000.00,600.00,525
1777321349812,41540.00,8760.00,260000.00,600.00,525
1777321349838,40280.00,8820.00,260000.00,600.00,525
1777321349884,41190.00,8820.00,260000.00,600.00,525
1777321349910,40200.00,8815.00,260000.00,600.00,525
1777321349936,39780.00,8765.00,260000.00,600.00,525
1777321350039,40600.00,8700.00,260000.00,600.00,525
1777321350064,40530.00,8759.00,260000.00,600.00,525
1777321350090,40180.00,8820.00,260000.00,600.00,525
1777321350115,41420.00,8764.00,260000.00,600.00,525
1777321350161,39420.00,8880.00,260000.00,600.00,525
1777321350186,40480.00,8820.00,260000.00,600.00,525
1777321350211,41090.00,8820.00,260000.00,600.00,525
1777321350257,39910.00,8829.00,260000.00,600.00,525
1777321350282,9060.00,8805.00,260000.00,339.30,0
1777321350328,40400.00,8813.00,260000.00,516.74,525
1777321350353,40750.00,8743.00,260000.00,521.34,525
1777321350379,41140.00,8800.00,260000.00,516.74,525
1777321350426,40990.00,8880.00,260000.00,515.82,525
1777321350452,40540.00,8880.00,260000.00,519.50,525
1777321350477,41090.00,8858.00,260000.00,521.80,525
1777321350524,39270.00,8880.00,260000.00,519.50,525
1777321350551,40470.00,8820.00,260000.00,522.72,525
1777321350577,40090.00,8880.00,260000.00,520.88,525
1777321350624,41120.00,8802.00,260000.00,515.82,525
1777321350650,40540.00,8801.00,260000.00,520.42,525
1777321350698,40730.00,8816.00,260000.00,518.58,525
1777321350724,40800.00,8820.00,260000.00,516.74,525
1777321350750,41020.00,8880.00,260000.00,520.42,525
1777321350776,41000.00,8861.00,260000.00,515.36,525
1777321350823,41440.00,8880.00,260000.00,520.42,525
1777321350850,39340.00,8880.00,260000.00,522.26,525
1777321350876,41300.00,8880.00,260000.00,520.88,525
1777321350924,39790.00,8810.00,260000.00,520.88,525
1777321350950,40330.00,8820.00,260000.00,520.42,525
1777321350977,40460.00,8798.00,260000.00,519.04,525
1777321351025,39680.00,8820.00,260000.00,525.94,525
1777321351052,40590.00,8820.00,260000.00,523.18,525
1777321351079,41250.00,8880.00,260000.00,519.96,525
1777321351106,40240.00,8821.00,260000.00,521.80,525
1777321351155,39350.00,8868.00,260000.00,523.64,525
1777321351182,40600.00,8880.00,260000.00,519.96,525
1777321351210,40940.00,8841.00,260000.00,519.96,525
1777321351238,41410.00,8794.00,260000.00,510.76,525
1777321351286,40690.00,8808.00,260000.00,518.12,525
1777321351314,40490.00,8801.00,260000.00,518.12,525
1777321351342,41600.00,8800.00,260000.00,517.66,525
1777321351370,40580.00,8799.00,260000.00,515.36,525
1777321351419,40730.00,8848.00,260000.00,522.26,525
1777321351485,41300.00,8762.00,260000.00,514.90,525
1777321351508,40470.00,8820.00,260000.00,546.18,525
1777321351530,40460.00,8820.00,260000.00,551.70,525
1777321351575,40400.00,8773.00,260000.00,548.02,525
1777321351598,39950.00,8782.00,260000.00,542.96,525
1777321351642,40830.00,8724.00,260000.00,553.54,525
1777321351665,42370.00,8720.00,260000.00,579.30,525
1777321351711,39370.00,8820.00,260000.00,549.86,525
1777321351735,40910.00,8784.00,260000.00,548.94,525
1777321351760,39560.00,8844.00,260000.00,548.48,525
1777321351805,41390.00,8940.00,260000.00,547.10,525
1777321351829,40020.00,8940.00,260000.00,550.78,525
1777321351875,40420.00,8820.00,260000.00,519.50,525
1777321351899,40680.00,8795.00,260000.00,551.24,525
1777321351924,39470.00,8841.00,260000.00,546.18,525
1777321351969,41340.00,8793.00,260000.00,549.40,525
1777321351994,39990.00,8783.00,260000.00,551.24,525
1777321352040,40810.00,8880.00,260000.00,546.18,525
1777321352065,41320.00,8844.00,260000.00,548.94,525
1777321352089,39670.00,8842.00,260000.00,548.48,525
1777321352135,40670.00,8880.00,260000.00,519.04,525
1777321352160,40640.00,8820.00,260000.00,516.74,525
1777321352206,40650.00,8820.00,260000.00,521.80,525
1777321352231,40700.00,8880.00,260000.00,515.82,525
1777321352255,40050.00,8880.00,260000.00,521.80,525
1777321352302,41110.00,8800.00,260000.00,519.04,525
1777321352326,40290.00,8797.00,260000.00,518.58,525
1777321352373,41590.00,8820.00,260000.00,517.66,525
1777321352398,39680.00,8872.00,260000.00,522.26,525
1777321352423,40370.00,8857.00,260000.00,520.88,525
1777321352470,40840.00,8880.00,260000.00,520.88,525
1777321352496,40340.00,8880.00,260000.00,520.42,525
1777321352522,40460.00,8880.00,260000.00,519.04,525
1777321352568,40470.00,8820.00,260000.00,519.04,525
1777321352593,39430.00,8827.00,260000.00,521.80,525
1777321352619,40440.00,8854.00,260000.00,517.66,525
1777321352666,40330.00,8804.00,260000.00,517.20,525
1777321352692,40330.00,8860.00,260000.00,518.58,525
1777321352718,40250.00,8871.00,260000.00,518.12,525
1777321352765,40820.00,8880.00,260000.00,515.36,525
1777321352791,40470.00,8870.00,260000.00,520.42,525
1777321352888,82940.00,8760.00,260000.00,1038.08,1050
1777321352914,40110.00,8820.00,260000.00,522.26,525
1777321352939,40790.00,8820.00,260000.00,515.82,525
1777321352984,41830.00,8739.00,260000.00,518.12,525
1777321353009,39880.00,8795.00,260000.00,525.02,525
1777321353055,40650.00,8743.00,260000.00,515.82,525
1777321353080,39550.00,8760.00,260000.00,519.96,525
1777321353105,40960.00,8799.00,260000.00,513.98,525
1777321353151,39960.00,8769.00,260000.00,527.32,525
1777321353176,40160.00,8735.00,260000.00,519.50,525
1777321353223,40040.00,8760.00,260000.00,526.40,525
1777321353248,40560.00,8774.00,260000.00,519.50,525
1777321353273,40600.00,8759.00,260000.00,521.80,525
1777321353320,39670.00,8742.00,260000.00,518.58,525
1777321353346,40650.00,8800.00,260000.00,518.58,525
1777321353371,40520.00,8802.00,260000.00,517.20,525
1777321353417,40330.00,8805.00,260000.00,517.66,525
1777321353443,40010.00,8880.00,260000.00,520.88,525
1777321353469,39590.00,8857.00,260000.00,525.94,525
1777321353515,40950.00,8940.00,260000.00,519.96,525
1777321353542,41020.00,8939.00,260000.00,516.28,525
1777321353567,40480.00,8938.00,260000.00,517.20,525
1777321353615,40050.00,8856.00,260000.00,524.10,525
1777321353642,40000.00,8853.00,260000.00,524.10,525
1777321353668,40640.00,8913.00,260000.00,514.44,525
1777321353715,41290.00,8880.00,260000.00,517.20,525
1777321353741,40140.00,8880.00,260000.00,522.72,525
1777321353768,39580.00,8902.00,260000.00,523.18,525
1777321353815,40640.00,8880.00,260000.00,520.88,525
1777321353841,40470.00,8914.00,260000.00,518.12,525
1777321353868,40030.00,8884.00,260000.00,524.56,525
1777321353916,40700.00,8862.00,260000.00,518.12,525
1777321353942,41110.00,8858.00,260000.00,518.58,525
1777321353969,40480.00,8855.00,260000.00,519.96,525
1777321354017,39930.00,8927.00,260000.00,522.26,525
1777321354043,40800.00,8919.00,260000.00,517.20,525
1777321354070,39590.00,8940.00,260000.00,520.88,525
1777321354117,40120.00,8940.00,260000.00,521.80,525
1777321354182,40070.00,8820.00,260000.00,520.42,525
1777321354206,40420.00,8839.00,260000.00,517.20,525
1777321354250,41090.00,8805.00,260000.00,516.28,525
1777321354274,40610.00,8799.00,260000.00,522.26,525
1777321354319,40610.00,8880.00,260000.00,516.28,525
1777321354343,40020.00,8880.00,260000.00,521.80,525
1777321354367,41310.00,8856.00,260000.00,518.12,525
1777321354411,41330.00,8880.00,260000.00,511.22,525
1777321354435,41250.00,8875.00,260000.00,515.82,525
1777321354480,40250.00,8880.00,260000.00,522.26,525
1777321354504,40540.00,8853.00,260000.00,519.04,525
1777321354549,39390.00,8796.00,260000.00,527.78,525
1777321354573,40490.00,8794.00,260000.00,519.96,525
1777321354598,39740.00,8826.00,260000.00,524.10,525
1777321354643,40630.00,8808.00,260000.00,515.36,525
1777321354668,40670.00,8804.00,260000.00,519.50,525
1777321354714,39350.00,8858.00,260000.00,525.94,525
1777321354738,40120.00,8880.00,260000.00,515.82,525
1777321354762,40960.00,8860.00,260000.00,516.74,525
1777321354808,40300.00,8880.00,260000.00,520.42,525
1777321354833,41680.00,8854.00,260000.00,515.82,525
1777321354878,41300.00,8805.00,260000.00,514.44,525
1777321354903,39090.00,8811.00,260000.00,524.10,525
1777321354927,40620.00,8853.00,260000.00,520.88,525
1777321354973,39940.00,8820.00,260000.00,517.66,525
1777321354998,40940.00,8858.00,260000.00,517.66,525
1777321355045,40620.00,8940.00,260000.00,518.12,525
1777321355070,39800.00,8910.00,260000.00,524.10,525
1777321355095,41290.00,8917.00,260000.00,516.74,525
1777321355141,41330.00,8940.00,260000.00,519.04,525
1777321355166,40950.00,8940.00,260000.00,518.58,525
1777321355213,40820.00,8940.00,260000.00,517.20,525
1777321355236,40510.00,8940.00,260000.00,522.72,525
1777321355260,41760.00,8921.00,260000.00,517.20,525
1777321355306,39020.00,8863.00,260000.00,522.72,525
1777321355331,40220.00,8919.00,260000.00,514.90,525
1777321355378,40030.00,8905.00,260000.00,518.12,525
1777321355450,81220.00,8820.00,260000.00,1037.16,1050
1777321355473,40500.00,8905.00,260000.00,519.04,525
1777321355518,39570.00,8880.00,260000.00,523.64,525
1777321355542,39620.00,8856.00,260000.00,520.88,525
1777321355587,39810.00,8845.00,260000.00,522.26,525
1777321355611,40760.00,8905.00,260000.00,517.20,525
1777321355636,40500.00,8846.00,260000.00,523.18,525
1777321355681,40870.00,8858.00,260000.00,518.12,525
1777321355706,40880.00,8861.00,260000.00,519.96,525
1777321355751,39890.00,8854.00,260000.00,520.42,525
1777321355776,40670.00,8898.00,260000.00,517.20,525
1777321355801,40240.00,8876.00,260000.00,518.58,525
1777321355847,41030.00,8869.00,260000.00,520.88,525
1777321355872,41730.00,8858.00,260000.00,514.90,525
1777321355918,40910.00,8880.00,260000.00,516.74,525
1777321355943,40680.00,8880.00,260000.00,516.28,525
1777321355968,40250.00,8871.00,260000.00,519.96,525
1777321356014,40250.00,8865.00,260000.00,521.80,525
1777321356041,39800.00,8854.00,260000.00,524.56,525
1777321356067,40130.00,8852.00,260000.00,519.96,525
1777321356113,40500.00,8895.00,260000.00,520.42,525
1777321356138,39380.00,8906.00,260000.00,523.64,525
1777321356184,40200.00,8880.00,260000.00,524.56,525
1777321356210,40710.00,8905.00,260000.00,522.72,525
1777321356235,40450.00,8884.00,260000.00,521.80,525
1777321356282,40540.00,8901.00,260000.00,521.80,525
1777321356309,41020.00,8904.00,260000.00,515.82,525
1777321356334,40010.00,8904.00,260000.00,521.34,525
1777321356380,39570.00,8865.00,260000.00,523.18,525
1777321356406,40640.00,8903.00,260000.00,518.12,525
1777321356430,40760.00,8929.00,260000.00,521.80,525
1777321356475,41030.00,8985.00,260000.00,515.82,525
1777321356500,39920.00,8916.00,260000.00,523.18,525
1777321356548,39440.00,8940.00,260000.00,519.50,525
1777321356573,40080.00,8979.00,260000.00,519.50,525
1777321356600,39860.00,8952.00,260000.00,521.34,525
1777321356674,39980.00,8794.00,260000.00,520.42,525
1777321356698,41120.00,8880.00,260000.00,521.80,525
1777321356743,39790.00,8842.00,260000.00,526.86,525
1777321356767,39780.00,8832.00,260000.00,516.74,525
1777321356792,41600.00,8860.00,260000.00,515.82,525
1777321356837,39260.00,8817.00,260000.00,525.94,525
1777321356861,41480.00,8857.00,260000.00,518.12,525
1777321356907,40050.00,8858.00,260000.00,522.72,525
1777321356931,39900.00,8918.00,260000.00,523.64,525
1777321356954,41260.00,8910.00,260000.00,514.90,525
1777321357000,41300.00,8864.00,260000.00,517.20,525
1777321357024,39700.00,8856.00,260000.00,521.34,525
1777321357069,40090.00,8852.00,260000.00,521.80,525
1777321357093,39270.00,8852.00,260000.00,525.02,525
1777321357139,40890.00,8879.00,260000.00,516.28,525
1777321357164,40940.00,8879.00,260000.00,520.42,525
1777321357189,41110.00,8858.00,260000.00,515.82,525
1777321357235,41270.00,8873.00,260000.00,513.98,525
1777321357261,41420.00,8874.00,260000.00,516.74,525
1777321357307,41050.00,8879.00,260000.00,516.74,525
1777321357333,41140.00,8842.00,260000.00,516.74,525
1777321357358,39570.00,8856.00,260000.00,522.26,525
1777321357405,39100.00,8855.00,260000.00,523.18,525
1777321357430,40870.00,8850.00,260000.00,520.42,525
1777321357456,40580.00,8860.00,260000.00,519.04,525
1777321357503,40160.00,8855.00,260000.00,522.72,525
1777321357529,39910.00,8869.00,260000.00,518.12,525
1777321357554,39590.00,8859.00,260000.00,523.18,525
1777321357603,40070.00,8846.00,260000.00,523.64,525
1777321357629,40790.00,8847.00,260000.00,519.04,525
1777321357655,40600.00,8904.00,260000.00,517.20,525
1777321357703,40580.00,8844.00,260000.00,519.04,525
1777321357729,40750.00,8796.00,260000.00,518.12,525
1777321357804,40640.00,8783.00,260000.00,520.42,525
1777321357828,40610.00,8842.00,260000.00,518.58,525
1777321357873,40190.00,8856.00,260000.00,520.42,525
1777321357898,39010.00,8837.00,260000.00,528.70,525
1777321357922,41080.00,8857.00,260000.00,519.50,525
1777321357966,40520.00,8843.00,260000.00,516.74,525
1777321357991,39940.00,8827.00,260000.00,520.42,525
1777321358036,39380.00,8833.00,260000.00,524.10,525
1777321358060,39550.00,8835.00,260000.00,522.72,525
1777321358085,39620.00,8851.00,260000.00,519.04,525
1777321358131,41560.00,8823.00,260000.00,513.52,525
1777321358155,40990.00,8862.00,260000.00,522.72,525
1777321358200,42140.00,8826.00,260000.00,514.44,525
1777321358225,39750.00,8857.00,260000.00,520.88,525
1777321358250,40370.00,8854.00,260000.00,518.12,525
1777321358297,39600.00,8836.00,260000.00,525.48,525
1777321358322,40540.00,8863.00,260000.00,519.96,525
1777321358368,39950.00,8840.00,260000.00,520.42,525
1777321358394,40920.00,8825.00,260000.00,519.96,525
1777321358420,40440.00,8873.00,260000.00,518.58,525
1777321358466,40640.00,8845.00,260000.00,517.66,525
1777321358492,40770.00,8847.00,260000.00,521.80,525
1777321358518,40780.00,8866.00,260000.00,514.90,525
1777321358564,42080.00,8829.00,260000.00,513.98,525
1777321358590,40830.00,8880.00,260000.00,512.14,525
1777321358616,40540.00,8903.00,260000.00,518.58,525
1777321358662,40360.00,8828.00,260000.00,524.56,525
1777321358687,40360.00,8806.00,260000.00,523.64,525
1777321358734,40430.00,8820.00,260000.00,515.36,525
1777321358759,40290.00,8819.00,260000.00,519.04,525
1777321358785,39900.00,8799.00,260000.00,518.12,525
1777321358833,41540.00,8845.00,260000.00,513.52,525
1777321358904,80770.00,8787.00,260000.00,1044.06,1050
1777321358928,41030.00,8844.00,260000.00,510.76,525
1777321358972,41060.00,8829.00,260000.00,519.50,525
1777321358996,40460.00,8830.00,260000.00,520.42,525
1777321359020,40280.00,8858.00,260000.00,524.10,525
1777321359065,40060.00,8793.00,260000.00,520.88,525
1777321359090,39630.00,8820.00,260000.00,524.56,525
1777321359135,41740.00,8878.00,260000.00,513.98,525
1777321359159,39830.00,8938.00,260000.00,525.48,525
1777321359205,40820.00,8880.00,260000.00,519.50,525
1777321359229,41410.00,8882.00,260000.00,517.66,525
1777321359254,40040.00,8923.00,260000.00,527.78,525
1777321359300,39920.00,8885.00,260000.00,521.34,525
1777321359326,40760.00,8905.00,260000.00,516.28,525
1777321359349,39270.00,8882.00,260000.00,527.78,525
1777321359394,40080.00,8851.00,260000.00,522.26,525
1777321359419,40340.00,8863.00,260000.00,516.28,525
1777321359465,40850.00,8866.00,260000.00,519.96,525
1777321359489,39980.00,8906.00,260000.00,522.72,525
1777321359535,40030.00,8904.00,260000.00,525.48,525
1777321359561,40910.00,8883.00,260000.00,516.74,525
1777321359586,40610.00,8886.00,260000.00,520.42,525
1777321359632,40870.00,8907.00,260000.00,518.12,525
1777321359657,39880.00,8903.00,260000.00,527.78,525
1777321359683,40170.00,8905.00,260000.00,519.96,525
1777321359729,40640.00,8880.00,260000.00,519.04,525
1777321359755,40690.00,8878.00,260000.00,520.88,525
1777321359802,40620.00,8854.00,260000.00,522.26,525
1777321359828,40950.00,8883.00,260000.00,520.88,525
1777321359853,40030.00,8909.00,260000.00,521.80,525
1777321359900,39720.00,8902.00,260000.00,525.48,525
1777321359962,39340.00,8820.00,260000.00,526.40,525
1777321359987,40250.00,8844.00,260000.00,519.04,525
1777321360010,41010.00,8844.00,260000.00,517.66,525
1777321360034,41240.00,8859.00,260000.00,518.12,525
1777321360079,39780.00,8842.00,260000.00,519.96,525
1777321360103,39800.00,8822.00,260000.00,522.26,525
1777321360149,40600.00,8820.00,260000.00,519.96,525
1777321360174,39960.00,8820.00,260000.00,519.50,525
1777321360198,40740.00,8864.00,260000.00,523.64,525
1777321360243,40510.00,8846.00,260000.00,519.04,525
1777321360267,39780.00,8844.00,260000.00,518.12,525
1777321360313,40800.00,8828.00,260000.00,521.34,525
1777321360338,41120.00,8821.00,260000.00,515.82,525
1777321360362,41020.00,8860.00,260000.00,517.66,525
1777321360408,39100.00,8880.00,260000.00,526.86,525
1777321360432,40410.00,8940.00,260000.00,523.64,525
1777321360478,41090.00,8871.00,260000.00,518.58,525
1777321360503,41150.00,8865.00,260000.00,515.82,525
1777321360528,40100.00,8871.00,260000.00,523.18,525
1777321360574,41320.00,8866.00,260000.00,518.12,525
1777321360598,41150.00,8855.00,260000.00,516.28,525
1777321360644,40870.00,8880.00,260000.00,516.74,525
1777321360669,41130.00,8906.00,260000.00,516.74,525
1777321360694,41000.00,8904.00,260000.00,513.06,525
1777321360741,40610.00,8905.00,260000.00,518.12,525
1777321360767,41040.00,8857.00,260000.00,513.98,525
1777321360792,41110.00,8885.00,260000.00,516.74,525
1777321360839,40000.00,8877.00,260000.00,525.02,525
1777321360864,41510.00,8878.00,260000.00,512.60,525
1777321360911,40450.00,8858.00,260000.00,522.26,525
1777321360936,39170.00,8859.00,260000.00,525.94,525
1777321360962,41520.00,8894.00,260000.00,512.60,525
1777321361009,40700.00,8905.00,260000.00,525.02,525
1777321361080,40730.00,8810.00,260000.00,519.96,525
1777321361104,40900.00,8845.00,260000.00,516.74,525
1777321361149,41140.00,8736.00,260000.00,515.82,525
1777321361173,40100.00,8800.00,260000.00,520.42,525
1777321361198,40610.00,8794.00,260000.00,522.26,525
1777321361242,40530.00,8770.00,260000.00,518.12,525
1777321361267,40520.00,8820.00,260000.00,522.72,525
1777321361314,40410.00,8795.00,260000.00,518.12,525
1777321361338,40680.00,8820.00,260000.00,521.80,525
1777321361363,41070.00,8830.00,260000.00,510.76,525
1777321361408,39710.00,8820.00,260000.00,524.56,525
1777321361433,40720.00,8820.00,260000.00,522.72,525
1777321361479,40700.00,8819.00,260000.00,516.74,525
1777321361503,41060.00,8801.00,260000.00,518.12,525
1777321361529,41220.00,8795.00,260000.00,516.74,525
1777321361575,40010.00,8807.00,260000.00,522.26,525
1777321361599,41150.00,8823.00,260000.00,521.34,525
1777321361645,39760.00,8905.00,260000.00,521.80,525
1777321361670,39900.00,8905.00,260000.00,516.28,525
1777321361695,41300.00,8858.00,260000.00,518.58,525
1777321361741,42020.00,8906.00,260000.00,516.74,525
1777321361766,41380.00,8908.00,260000.00,518.58,525
1777321361812,39830.00,8830.00,260000.00,524.56,525
1777321361837,40240.00,8866.00,260000.00,522.72,525
1777321361863,40850.00,8881.00,260000.00,519.50,525
1777321361909,39800.00,8878.00,260000.00,521.34,525
1777321361935,40450.00,8857.00,260000.00,517.66,525
1777321361960,39660.00,8830.00,260000.00,523.64,525
1777321362006,40200.00,8866.00,260000.00,519.04,525
1777321362032,39530.00,8876.00,260000.00,522.26,525
1777321362058,40700.00,8905.00,260000.00,519.96,525
1777321362104,40850.00,8847.00,260000.00,514.44,525
1777321362130,40220.00,8892.00,260000.00,523.64,525
1777321362207,41210.00,8783.00,260000.00,523.64,525
1777321362231,40190.00,8820.00,260000.00,516.74,525
1777321362276,41230.00,8770.00,260000.00,517.20,525
1777321362299,40880.00,8820.00,260000.00,518.12,525
1777321362323,39760.00,8823.00,260000.00,523.18,525
1777321362368,40430.00,8769.00,260000.00,519.50,525
1777321362392,40320.00,8795.00,260000.00,521.34,525
1777321362437,40450.00,8771.00,260000.00,521.34,525
1777321362462,40550.00,8784.00,260000.00,517.66,525
1777321362486,40550.00,8795.00,260000.00,514.90,525
1777321362531,41700.00,8820.00,260000.00,511.68,525
1777321362556,40260.00,8820.00,260000.00,520.88,525
1777321362601,39230.00,8820.00,260000.00,526.86,525
1777321362625,40370.00,8797.00,260000.00,522.72,525
1777321362671,40080.00,8760.00,260000.00,521.80,525
1777321362695,39910.00,8820.00,260000.00,522.26,525
1777321362720,40790.00,8844.00,260000.00,516.28,525
1777321362766,40420.00,8831.00,260000.00,519.96,525
1777321362791,39970.00,8885.00,260000.00,523.18,525
1777321362838,40650.00,8865.00,260000.00,519.50,525
1777321362863,39970.00,8886.00,260000.00,528.70,525
1777321362887,41070.00,8882.00,260000.00,515.82,525
1777321362934,40350.00,8825.00,260000.00,516.74,525
1777321362959,40600.00,8869.00,260000.00,512.60,525
1777321362984,40880.00,8885.00,260000.00,519.96,525
1777321363031,38750.00,8905.00,260000.00,525.02,525
1777321363056,40590.00,8907.00,260000.00,517.20,525
1777321363103,40340.00,8820.00,260000.00,520.88,525
1777321363128,41800.00,8880.00,260000.00,513.52,525
1777321363154,41040.00,8902.00,260000.00,520.88,525
1777321363201,39170.00,8895.00,260000.00,524.10,525
1777321363226,39110.00,8881.00,260000.00,527.32,525
1777321363313,39640.00,8787.00,260000.00,523.64,525
1777321363337,40590.00,8785.00,260000.00,514.90,525
1777321363361,40650.00,8814.00,260000.00,521.34,525
1777321363407,40300.00,8771.00,260000.00,519.04,525
1777321363431,39700.00,8739.00,260000.00,522.72,525
1777321363477,39770.00,8760.00,260000.00,523.64,525
1777321363501,40410.00,8777.00,260000.00,522.72,525
1777321363526,40430.00,8783.00,260000.00,514.90,525
1777321363572,39820.00,8778.00,260000.00,521.34,525
1777321363596,40770.00,8769.00,260000.00,517.66,525
1777321363642,40060.00,8760.00,260000.00,520.88,525
1777321363667,41120.00,8786.00,260000.00,517.66,525
1777321363693,39870.00,8793.00,260000.00,525.02,525
1777321363739,40900.00,8817.00,260000.00,517.66,525
1777321363764,40340.00,8795.00,260000.00,515.82,525
1777321363811,41360.00,8772.00,260000.00,518.12,525
1777321363836,40010.00,8795.00,260000.00,524.56,525
1777321363861,40020.00,8792.00,260000.00,520.42,525
1777321363908,39270.00,8880.00,260000.00,525.02,525
1777321363934,40120.00,8777.00,260000.00,521.34,525
1777321363959,40290.00,8794.00,260000.00,521.34,525
1777321364006,41400.00,8768.00,260000.00,515.36,525
1777321364031,40990.00,8801.00,260000.00,518.58,525
1777321364079,40570.00,8787.00,260000.00,521.80,525
1777321364105,41260.00,8787.00,260000.00,515.82,525
1777321364130,40440.00,8820.00,260000.00,520.88,525
1777321364179,40270.00,8760.00,260000.00,523.18,525
1777321364206,39810.00,8820.00,260000.00,523.64,525
1777321364233,40500.00,8841.00,260000.00,519.96,525
1777321364259,38910.00,8820.00,260000.00,524.10,525
1777321364306,40260.00,8802.00,260000.00,520.42,525
1777321364333,38500.00,8787.00,260000.00,526.40,525
1777321364398,39910.00,8762.00,260000.00,522.26,525
1777321364422,40670.00,8786.00,260000.00,518.12,525
1777321364447,40770.00,8783.00,260000.00,518.12,525
1777321364472,41300.00,8774.00,260000.00,513.06,525
1777321364518,40890.00,8758.00,260000.00,515.82,525
1777321364543,40740.00,8767.00,260000.00,521.34,525
1777321364590,41070.00,8760.00,260000.00,515.36,525
1777321364616,40170.00,8760.00,260000.00,519.96,525
1777321364642,40640.00,8765.00,260000.00,517.20,525
1777321364688,40180.00,8758.00,260000.00,522.72,525
1777321364714,41400.00,8736.00,260000.00,516.28,525
1777321364741,40000.00,8763.00,260000.00,523.18,525
1777321364787,40490.00,8771.00,260000.00,516.28,525
1777321364811,40120.00,8772.00,260000.00,525.94,525
1777321364857,40530.00,8770.00,260000.00,513.98,525
1777321364881,41010.00,8760.00,260000.00,519.04,525
1777321364906,40550.00,8733.00,260000.00,524.10,525
1777321364952,41030.00,8800.00,260000.00,514.44,525
1777321364977,40450.00,8797.00,260000.00,520.42,525
1777321365024,40970.00,8769.00,260000.00,518.58,525
1777321365049,39760.00,8765.00,260000.00,519.96,525
1777321365081,41180.00,8811.00,260000.00,518.58,525
1777321365105,40300.00,8841.00,260000.00,515.82,525
1777321365153,40730.00,8820.00,260000.00,520.42,525
1777321365179,40720.00,8803.00,260000.00,515.36,525
1777321365206,40400.00,8776.00,260000.00,516.28,525
1777321365254,40620.00,8760.00,260000.00,513.98,525
1777321365281,41200.00,8784.00,260000.00,519.04,525
1777321365306,40610.00,8844.00,260000.00,518.12,525
1777321365354,40100.00,8783.00,260000.00,519.50,525
1777321365381,40090.00,8784.00,260000.00,517.20,525
1777321365408,40540.00,8831.00,260000.00,524.10,525
1777321365435,40850.00,8820.00,260000.00,519.50,525
1777321365502,41190.00,8779.00,260000.00,519.50,525
1777321365526,40480.00,8774.00,260000.00,514.44,525
1777321365571,41140.00,8781.00,260000.00,518.12,525
1777321365594,39960.00,8762.00,260000.00,523.18,525
1777321365638,41590.00,8783.00,260000.00,516.74,525
1777321365661,40000.00,8760.00,260000.00,522.72,525
1777321365685,39590.00,8760.00,260000.00,519.04,525
1777321365730,40680.00,8735.00,260000.00,516.28,525
1777321365755,40720.00,8760.00,260000.00,517.20,525
1777321365800,40950.00,8741.00,260000.00,520.42,525
1777321365824,41170.00,8764.00,260000.00,516.74,525
1777321365869,41450.00,8765.00,260000.00,513.06,525
1777321365894,39760.00,8782.00,260000.00,526.86,525
1777321365919,39430.00,8759.00,260000.00,527.32,525
1777321365965,38570.00,8780.00,260000.00,522.26,525
1777321365989,41600.00,8760.00,260000.00,519.04,525
1777321366034,39810.00,8819.00,260000.00,520.88,525
1777321366060,41270.00,8879.00,260000.00,514.44,525
1777321366085,40420.00,8841.00,260000.00,519.50,525
1777321366131,40490.00,8820.00,260000.00,515.82,525
1777321366156,39670.00,8827.00,260000.00,522.26,525
1777321366202,40240.00,8819.00,260000.00,525.48,525
1777321366228,41060.00,8846.00,260000.00,522.26,525
1777321366258,39060.00,8796.00,260000.00,522.72,525
1777321366284,42070.00,8826.00,260000.00,515.82,525
1777321366331,41660.00,8821.00,260000.00,511.22,525
1777321366356,40340.00,8846.00,260000.00,520.88,525
1777321366382,41400.00,8841.00,260000.00,516.28,525
1777321366429,39780.00,8808.00,260000.00,525.02,525
1777321366455,41040.00,8820.00,260000.00,519.04,525
1777321366502,40130.00,8843.00,260000.00,516.74,525
1777321366567,40510.00,8832.00,260000.00,517.20,525
1777321366589,41110.00,8780.00,260000.00,515.82,525
1777321366611,39810.00,8785.00,260000.00,522.26,525
1777321366656,39820.00,8760.00,260000.00,521.34,525
1777321366680,41010.00,8783.00,260000.00,521.34,525
1777321366726,40580.00,8760.00,260000.00,519.04,525
1777321366750,41150.00,8760.00,260000.00,516.28,525
1777321366774,41110.00,8761.00,260000.00,516.28,525
1777321366819,41260.00,8770.00,260000.00,516.74,525
1777321366843,40730.00,8777.00,260000.00,515.36,525
1777321366888,40090.00,8785.00,260000.00,516.74,525
1777321366912,40170.00,8797.00,260000.00,520.42,525
1777321366956,40080.00,8784.00,260000.00,524.56,525
1777321366981,41250.00,8786.00,260000.00,514.90,525
1777321367005,40670.00,8761.00,260000.00,514.90,525
1777321367050,40400.00,8737.00,260000.00,530.08,525
1777321367073,42120.00,8755.00,260000.00,515.36,525
1777321367119,41620.00,8746.00,260000.00,518.12,525
1777321367144,40390.00,8760.00,260000.00,523.18,525
1777321367191,40790.00,8820.00,260000.00,515.36,525
1777321367216,40650.00,8799.00,260000.00,522.26,525
1777321367241,40950.00,8819.00,260000.00,521.34,525
1777321367287,39460.00,8820.00,260000.00,524.10,525
1777321367312,40130.00,8844.00,260000.00,520.42,525
1777321367338,40110.00,8846.00,260000.00,520.42,525
1777321367384,40300.00,8845.00,260000.00,523.64,525
1777321367409,41160.00,8860.00,260000.00,516.74,525
1777321367456,40010.00,8822.00,260000.00,522.72,525
1777321367481,40870.00,8822.00,260000.00,523.18,525
1777321367507,41470.00,8811.00,260000.00,517.66,525
1777321367554,40330.00,8841.00,260000.00,518.58,525
1777321367579,40530.00,8845.00,260000.00,522.72,525
1777321367605,39770.00,8859.00,260000.00,525.48,525
1777321367686,41060.00,8738.00,260000.00,515.82,525
1777321367709,41830.00,8760.00,260000.00,511.22,525
1777321367754,40810.00,8773.00,260000.00,523.64,525
1777321367778,40190.00,8763.00,260000.00,519.96,525
1777321367823,40260.00,8786.00,260000.00,521.34,525
1777321367848,40690.00,8775.00,260000.00,522.72,525
1777321367873,40190.00,8789.00,260000.00,519.96,525
1777321367919,41260.00,8760.00,260000.00,519.96,525
1777321367943,41050.00,8748.00,260000.00,519.50,525
1777321367989,41050.00,8740.00,260000.00,517.66,525
1777321368013,40450.00,8741.00,260000.00,515.36,525
1777321368038,39300.00,8753.00,260000.00,518.58,525
1777321368083,41630.00,8760.00,260000.00,513.52,525
1777321368108,41130.00,8800.00,260000.00,519.50,525
1777321368153,41590.00,8760.00,260000.00,515.36,525
1777321368177,40440.00,8778.00,260000.00,523.64,525
1777321368223,41240.00,8787.00,260000.00,518.12,525
1777321368248,38960.00,8788.00,260000.00,531.00,525
1777321368273,39320.00,8848.00,260000.00,523.18,525
1777321368319,40900.00,8844.00,260000.00,516.28,525
1777321368345,40860.00,8825.00,260000.00,518.12,525
1777321368370,40390.00,8821.00,260000.00,517.66,525
1777321368416,40540.00,8844.00,260000.00,523.18,525
1777321368441,40410.00,8846.00,260000.00,519.50,525
1777321368467,40290.00,8880.00,260000.00,522.26,525
1777321368514,39570.00,8820.00,260000.00,525.48,525
1777321368539,40310.00,8843.00,260000.00,518.12,525
1777321368566,39780.00,8858.00,260000.00,524.10,525
1777321368611,39640.00,8852.00,260000.00,519.96,525
1777321368636,40190.00,8904.00,260000.00,518.58,525
1777321368681,40050.00,8823.00,260000.00,524.56,525
1777321368705,41090.00,8821.00,260000.00,516.28,525
1777321368785,40000.00,8740.00,260000.00,520.42,525
1777321368809,40050.00,8820.00,260000.00,522.72,525
1777321368833,40010.00,8787.00,260000.00,519.96,525
1777321368878,40610.00,8787.00,260000.00,520.42,525
1777321368903,39470.00,8794.00,260000.00,529.16,525
1777321368948,40600.00,8767.00,260000.00,515.82,525
1777321368973,41350.00,8767.00,260000.00,517.20,525
1777321369018,40540.00,8783.00,260000.00,518.12,525
1777321369043,40310.00,8762.00,260000.00,525.48,525
1777321369089,41470.00,8760.00,260000.00,513.52,525
1777321369114,39600.00,8760.00,260000.00,528.24,525
1777321369139,40090.00,8785.00,260000.00,525.94,525
1777321369184,41580.00,8784.00,260000.00,515.82,525
1777321369209,40560.00,8796.00,260000.00,515.36,525
1777321369234,39150.00,8796.00,260000.00,521.80,525
1777321369280,41310.00,8762.00,260000.00,512.14,525
1777321369305,40840.00,8821.00,260000.00,511.22,525
1777321369352,39460.00,8788.00,260000.00,522.72,525
1777321369377,40510.00,8826.00,260000.00,515.82,525
1777321369402,40570.00,8879.00,260000.00,519.96,525
1777321369449,40260.00,8820.00,260000.00,522.72,525
1777321369474,41060.00,8820.00,260000.00,518.58,525
1777321369500,40480.00,8842.00,260000.00,519.50,525
1777321369546,40400.00,8825.00,260000.00,522.72,525
1777321369572,41400.00,8799.00,260000.00,516.74,525
1777321369618,40530.00,8813.00,260000.00,514.90,525
1777321369643,41050.00,8800.00,260000.00,513.98,525
1777321369670,39430.00,8822.00,260000.00,523.64,525
1777321369718,40180.00,8840.00,260000.00,518.58,525
1777321369744,40510.00,8843.00,260000.00,519.96,525
1777321369770,40610.00,8846.00,260000.00,519.04,525
1777321369818,42120.00,8802.00,260000.00,512.60,525
1777321369886,40470.00,8749.00,260000.00,517.66,525
1777321369910,38640.00,8763.00,260000.00,525.48,525
1777321369956,40460.00,8757.00,260000.00,520.88,525
1777321369981,40400.00,8768.00,260000.00,516.74,525
1777321370005,39960.00,8765.00,260000.00,528.24,525
1777321370050,40840.00,8774.00,260000.00,519.96,525
1777321370075,41080.00,8760.00,260000.00,516.74,525
1777321370121,40200.00,8704.00,260000.00,520.88,525
1777321370145,41180.00,8736.00,260000.00,515.36,525
1777321370191,40290.00,8723.00,260000.00,518.58,525
1777321370215,41450.00,8723.00,260000.00,517.20,525
1777321370240,39970.00,8760.00,260000.00,524.10,525
1777321370286,39490.00,8756.00,260000.00,525.94,525
1777321370311,40800.00,8746.00,260000.00,516.28,525
1777321370337,40180.00,8758.00,260000.00,517.66,525
1777321370383,41470.00,8760.00,260000.00,514.90,525
1777321370408,40730.00,8737.00,260000.00,519.96,525
1777321370455,41340.00,8725.00,260000.00,517.20,525
1777321370480,41110.00,8765.00,260000.00,513.52,525
1777321370506,39590.00,8804.00,260000.00,521.34,525
1777321370552,41110.00,8767.00,260000.00,516.74,525
1777321370578,40370.00,8784.00,260000.00,519.50,525
1777321370603,40180.00,8764.00,260000.00,513.52,525
1777321370653,40070.00,8737.00,260000.00,518.12,525
1777321370679,40100.00,8760.00,260000.00,520.88,525
1777321370704,40560.00,8794.00,260000.00,517.20,525
1777321370751,39680.00,8759.00,260000.00,523.64,525
1777321370777,41270.00,8761.00,260000.00,518.12,525
1777321370803,40290.00,8800.00,260000.00,516.28,525
1777321370850,40010.00,8783.00,260000.00,521.80,525
1777321370875,39310.00,8811.00,260000.00,523.64,525
1777321370901,40800.00,8768.00,260000.00,519.04,525
1777321370976,39630.00,8675.00,260000.00,525.48,525
1777321370999,40680.00,8697.00,260000.00,521.34,525
1777321371023,40220.00,8748.00,260000.00,520.42,525
1777321371067,40570.00,8723.00,260000.00,516.74,525
1777321371091,39740.00,8754.00,260000.00,522.26,525
1777321371116,40050.00,8775.00,260000.00,519.50,525
1777321371161,40590.00,8754.00,260000.00,524.10,525
1777321371185,40760.00,8733.00,260000.00,519.50,525
1777321371230,40940.00,8738.00,260000.00,520.42,525
1777321371255,39620.00,8763.00,260000.00,524.56,525
1777321371301,40140.00,8723.00,260000.00,516.74,525
1777321371326,39810.00,8760.00,260000.00,522.26,525
1777321371351,40050.00,8740.00,260000.00,518.58,525
1777321371396,40960.00,8758.00,260000.00,520.88,525
1777321371420,38610.00,8783.00,260000.00,522.26,525
1777321371466,40870.00,8724.00,260000.00,517.66,525
1777321371490,40180.00,8760.00,260000.00,519.50,525
1777321371514,40810.00,8748.00,260000.00,517.20,525
1777321371560,40350.00,8803.00,260000.00,519.96,525
1777321371585,40240.00,8807.00,260000.00,519.50,525
1777321371631,41370.00,8785.00,260000.00,514.44,525
1777321371656,38720.00,8820.00,260000.00,527.78,525
1777321371681,40840.00,8820.00,260000.00,518.12,525
1777321371727,39760.00,8820.00,260000.00,520.42,525
1777321371752,41000.00,8820.00,260000.00,516.28,525
1777321371798,40220.00,8809.00,260000.00,525.02,525
1777321371823,40110.00,8817.00,260000.00,521.80,525
1777321371849,39440.00,8805.00,260000.00,521.80,525
1777321371895,41070.00,8792.00,260000.00,513.52,525
1777321371921,41160.00,8785.00,260000.00,516.74,525
1777321371946,40700.00,8800.00,260000.00,516.28,525
1777321371993,40440.00,8820.00,260000.00,514.44,525
1777321372053,39870.00,8752.00,260000.00,522.72,525
1777321372076,40500.00,8789.00,260000.00,521.80,525
1777321372098,41860.00,8783.00,260000.00,513.06,525
1777321372143,40950.00,8760.00,260000.00,517.66,525
1777321372167,40230.00,8782.00,260000.00,521.80,525
1777321372191,40490.00,8798.00,260000.00,523.18,525
1777321372236,40670.00,8786.00,260000.00,518.58,525
1777321372260,40360.00,8761.00,260000.00,516.74,525
1777321372305,39200.00,8749.00,260000.00,527.78,525
1777321372329,40800.00,8731.00,260000.00,519.04,525
1777321372374,42420.00,8742.00,260000.00,513.52,525
1777321372398,40060.00,8765.00,260000.00,509.38,525
1777321372421,41160.00,8804.00,260000.00,519.50,525
1777321372467,41090.00,8772.00,260000.00,521.34,525
1777321372491,40580.00,8762.00,260000.00,519.50,525
1777321372536,40290.00,8760.00,260000.00,522.26,525
1777321372559,40490.00,8809.00,260000.00,520.42,525
1777321372605,40370.00,8780.00,260000.00,521.80,525
1777321372631,41700.00,8765.00,260000.00,511.22,525
1777321372656,42190.00,8826.00,260000.00,514.90,525
1777321372703,39290.00,8810.00,260000.00,524.10,525
1777321372729,39680.00,8818.00,260000.00,518.58,525
1777321372775,41780.00,8846.00,260000.00,514.44,525
1777321372801,40650.00,8845.00,260000.00,521.34,525
1777321372826,40520.00,8856.00,260000.00,519.50,525
1777321372873,39500.00,8820.00,260000.00,519.50,525
1777321372900,41160.00,8832.00,260000.00,513.52,525
1777321372926,40100.00,8855.00,260000.00,521.34,525
1777321372973,40980.00,8845.00,260000.00,521.80,525
1777321373000,39350.00,8844.00,260000.00,519.04,525
1777321373027,39870.00,8843.00,260000.00,522.72,525
1777321373053,40120.00,8812.00,260000.00,519.04,525
1777321373146,40250.00,8820.00,260000.00,520.88,525
1777321373170,42240.00,8767.00,260000.00,514.90,525
1777321373194,40700.00,8786.00,260000.00,510.76,525
1777321373218,40230.00,8798.00,260000.00,520.88,525
1777321373264,41050.00,8746.00,260000.00,517.66,525
1777321373288,39960.00,8769.00,260000.00,520.42,525
1777321373332,39610.00,8783.00,260000.00,523.64,525
1777321373356,40230.00,8761.00,260000.00,520.42,525
1777321373402,41080.00,8760.00,260000.00,512.60,525
1777321373425,39350.00,8760.00,260000.00,523.64,525
1777321373450,40180.00,8760.00,260000.00,520.88,525
1777321373495,40920.00,8734.00,260000.00,518.12,525
1777321373519,41540.00,8795.00,260000.00,514.44,525
1777321373563,40430.00,8768.00,260000.00,513.52,525
1777321373588,40690.00,8820.00,260000.00,514.44,525
1777321373634,40760.00,8760.00,260000.00,513.98,525
1777321373658,39680.00,8764.00,260000.00,521.80,525
1777321373683,39610.00,8818.00,260000.00,525.48,525
1777321373731,39800.00,8783.00,260000.00,525.02,525
1777321373755,40570.00,8832.00,260000.00,520.42,525
1777321373801,40680.00,8820.00,260000.00,520.42,525
1777321373827,40530.00,8854.00,260000.00,520.88,525
1777321373851,40380.00,8880.00,260000.00,521.80,525
1777321373897,40380.00,8847.00,260000.00,518.12,525
1777321373921,40800.00,8855.00,260000.00,518.58,525
1777321373968,40140.00,8843.00,260000.00,519.96,525
1777321373993,41360.00,8844.00,260000.00,518.12,525
1777321374019,39900.00,8880.00,260000.00,519.96,525
1777321374066,40930.00,8847.00,260000.00,512.14,525
1777321374091,40490.00,8880.00,260000.00,520.42,525
1777321374117,40640.00,8859.00,260000.00,518.12,525
1777321374164,39660.00,8880.00,260000.00,523.64,525
1777321374190,41210.00,8874.00,260000.00,516.28,525
1777321374254,40500.00,8773.00,260000.00,519.96,525
1777321374278,39620.00,8844.00,260000.00,519.04,525
1777321374322,41120.00,8746.00,260000.00,515.36,525
1777321374346,40060.00,8800.00,260000.00,520.88,525
1777321374391,40790.00,8760.00,260000.00,519.04,525
1777321374415,40390.00,8763.00,260000.00,522.26,525
1777321374440,41410.00,8797.00,260000.00,516.74,525
1777321374485,39960.00,8760.00,260000.00,518.58,525
1777321374510,40310.00,8795.00,260000.00,517.20,525
1777321374555,40660.00,8774.00,260000.00,517.20,525
1777321374579,40060.00,8763.00,260000.00,520.88,525
1777321374604,39850.00,8815.00,260000.00,524.10,525
1777321374650,39620.00,8783.00,260000.00,525.48,525
1777321374674,40630.00,8791.00,260000.00,514.44,525
1777321374720,40450.00,8820.00,260000.00,521.80,525
1777321374745,40590.00,8801.00,260000.00,516.74,525
1777321374770,40500.00,8801.00,260000.00,516.74,525
1777321374815,41000.00,8810.00,260000.00,515.36,525
1777321374840,40490.00,8818.00,260000.00,515.36,525
1777321374885,40460.00,8890.00,260000.00,517.20,525
1777321374910,41130.00,8884.00,260000.00,517.66,525
1777321374935,40370.00,8877.00,260000.00,519.50,525
1777321374980,40420.00,8880.00,260000.00,515.36,525
1777321375004,41910.00,8881.00,260000.00,513.06,525
1777321375049,40690.00,8880.00,260000.00,521.80,525
1777321375074,41070.00,8884.00,260000.00,516.74,525
1777321375120,41310.00,8899.00,260000.00,517.66,525
1777321375145,40800.00,8903.00,260000.00,521.80,525
1777321375170,40300.00,8900.00,260000.00,519.96,525
1777321375216,39840.00,8880.00,260000.00,524.56,525
1777321375241,41110.00,8880.00,260000.00,518.58,525
1777321375268,40780.00,8886.00,260000.00,515.82,525
1777321375350,40460.00,8760.00,260000.00,519.50,525
1777321375373,40540.00,8820.00,260000.00,524.56,525
1777321375419,40980.00,8763.00,260000.00,515.82,525
1777321375444,40020.00,8796.00,260000.00,519.96,525
1777321375468,40810.00,8833.00,260000.00,518.58,525
1777321375513,41150.00,8785.00,260000.00,517.20,525
1777321375538,40550.00,8820.00,260000.00,514.90,525
