Timestamp,Profit,CurrentTPS,CurrentTokens,TokensUsed,TransactionsUpgraded
1777321123476,9140.00,0.00,260000.00,339.30,0
1777321123526,17940.00,0.00,260000.00,678.60,0
1777321123558,8890.00,144.00,260000.00,339.30,0
1777321123591,8950.00,196.00,260000.00,339.30,0
1777321123618,8830.00,274.00,260000.00,339.30,0
1777321123660,8840.00,342.00,260000.00,339.30,0
1777321123685,8910.00,403.00,260000.00,339.30,0
1777321123709,9110.00,480.00,260000.00,339.30,0
1777321123757,8920.00,539.00,260000.00,339.30,0
1777321123785,9020.00,600.00,260000.00,339.30,0
1777321123815,9070.00,660.00,260000.00,339.30,0
1777321123846,8810.00,720.00,260000.00,339.30,0
1777321123878,8930.00,780.00,260000.00,339.30,0
1777321123913,9060.00,837.00,260000.00,339.30,0
1777321123969,8980.00,900.00,260000.00,339.30,0
1777321124007,8910.00,960.00,260000.00,339.30,0
1777321124046,18050.00,1020.00,260000.00,678.60,0
1777321124101,8990.00,1140.00,260000.00,339.30,0
1777321124134,9050.00,1200.00,260000.00,339.30,0
1777321124167,9010.00,1260.00,260000.00,339.30,0
1777321124196,9140.00,1320.00,260000.00,339.30,0
1777321124250,18030.00,1380.00,260000.00,678.60,0
1777321124283,8930.00,1500.00,260000.00,339.30,0
1777321124308,9130.00,1560.00,260000.00,339.30,0
1777321124337,8950.00,1620.00,260000.00,339.30,0
1777321124388,9050.00,1680.00,260000.00,339.30,0
1777321124416,8880.00,1740.00,260000.00,339.30,0
1777321124447,8910.00,1800.00,260000.00,339.30,0
1777321124478,8940.00,1860.00,260000.00,339.30,0
1777321124509,9080.00,1920.00,260000.00,339.30,0
1777321124541,9040.00,1980.00,260000.00,339.30,0
1777321124571,8960.00,2040.00,260000.00,339.30,0
1777321124603,8650.00,2100.00,260000.00,339.30,0
1777321124635,20240.00,2160.00,260000.00,425.16,159
1777321124685,21790.00,2220.00,260000.00,447.30,200
1777321124712,23580.00,2280.00,260000.00,468.90,240
1777321124736,23850.00,2340.00,260000.00,468.90,240
1777321124781,22980.00,2397.00,260000.00,468.90,240
1777321124806,23480.00,2457.00,260000.00,468.90,240
1777321124852,23040.00,2520.00,260000.00,468.90,240
1777321124879,23820.00,2577.00,260000.00,468.90,240
1777321124903,23550.00,2637.00,260000.00,468.90,240
1777321124959,23470.00,2697.00,260000.00,468.90,240
1777321124982,23430.00,2760.00,260000.00,468.90,240
1777321125008,23080.00,2820.00,260000.00,468.90,240
1777321125033,23020.00,2877.00,259953.85,468.90,240
1777321125080,23350.00,2937.00,260000.00,468.90,240
1777321125106,23360.00,2997.00,260000.00,468.90,240
1777321125153,23700.00,3060.00,260000.00,468.90,240
1777321125182,23960.00,3120.00,260000.00,468.90,240
1777321125207,23080.00,3180.00,260000.00,468.90,240
1777321125261,23970.00,3240.00,260000.00,468.90,240
1777321125286,23350.00,3300.00,260000.00,468.90,240
1777321125312,23680.00,3357.00,260000.00,468.90,240
1777321125359,23950.00,3420.00,260000.00,468.90,240
1777321125385,23480.00,3477.00,260000.00,468.90,240
1777321125431,23400.00,3540.00,260000.00,468.90,240
1777321125458,23270.00,3597.00,260000.00,468.90,240
1777321125486,23370.00,3657.00,260000.00,468.90,240
1777321125513,23280.00,3717.00,260000.00,468.90,240
1777321125560,24140.00,3780.00,260000.00,468.90,240
1777321125587,23360.00,3837.00,260000.00,468.90,240
1777321125634,22810.00,3900.00,260000.00,468.90,240
1777321125661,23560.00,3960.00,260000.00,468.90,240
1777321125685,23290.00,4017.00,260000.00,468.90,240
1777321125711,23410.00,4077.00,260000.00,468.90,240
1777321125757,23650.00,4140.00,260000.00,468.90,240
1777321125781,23650.00,4200.00,260000.00,468.90,240
1777321125806,23200.00,4200.00,260000.00,468.90,240
1777321125851,23530.00,4317.00,260000.00,468.90,240
1777321125875,23440.00,4377.00,260000.00,468.90,240
1777321125920,23510.00,4437.00,260000.00,468.90,240
1777321125945,23050.00,4497.00,260000.00,468.90,240
1777321125990,24030.00,4560.00,260000.00,468.90,240
1777321126015,23780.00,4617.00,260000.00,468.90,240
1777321126039,22680.00,4677.00,260000.00,468.90,240
1777321126084,23440.00,4740.00,260000.00,468.90,240
1777321126109,23290.00,4800.00,260000.00,468.90,240
1777321126157,23940.00,4857.00,260000.00,468.90,240
1777321126183,23410.00,4920.00,260000.00,468.90,240
1777321126208,23310.00,4980.00,260000.00,468.90,240
1777321126254,23510.00,5040.00,260000.00,468.90,240
1777321126280,23290.00,5097.00,260000.00,468.90,240
1777321126306,22990.00,5157.00,260000.00,468.90,240
1777321126351,23000.00,5220.00,260000.00,468.90,240
1777321126380,23000.00,5277.00,260000.00,468.90,240
1777321126409,23470.00,5337.00,260000.00,468.90,240
1777321126439,23550.00,5397.00,260000.00,468.90,240
1777321126488,23210.00,5460.00,260000.00,468.90,240
1777321126517,23890.00,5517.00,260000.00,468.90,240
1777321126547,23720.00,5577.00,260000.00,468.90,240
1777321126577,23280.00,5637.00,260000.00,468.90,240
1777321126606,23660.00,5697.00,260000.00,468.90,240
1777321126655,23210.00,5760.00,260000.00,468.90,240
1777321126681,23400.00,5820.00,260000.00,468.90,240
1777321126710,38650.00,5877.00,260000.00,489.60,494
1777321126740,39200.00,5933.00,260000.00,489.60,494
1777321126789,39580.00,6000.00,260000.00,489.60,494
1777321126818,39990.00,6060.00,260000.00,489.60,506
1777321126846,39670.00,6120.00,260000.00,489.60,519
1777321126875,40670.00,6180.00,260000.00,489.60,525
1777321126905,41660.00,6240.00,260000.00,489.60,525
1777321126954,39600.00,6300.00,260000.00,489.60,525
1777321126983,40440.00,6360.00,260000.00,489.60,525
1777321127012,40120.00,6413.00,260000.00,489.60,525
1777321127040,41280.00,6470.00,260000.00,489.60,525
1777321127066,41030.00,6530.00,260000.00,489.60,525
1777321127116,41560.00,6600.00,260000.00,489.60,525
1777321127146,39690.00,6660.00,260000.00,489.60,525
1777321127176,40000.00,6720.00,260000.00,489.60,525
1777321127206,40930.00,6780.00,260000.00,489.60,525
1777321127236,40930.00,6840.00,260000.00,489.60,525
1777321127310,40150.00,6900.00,260000.00,489.60,525
1777321127335,40100.00,6960.00,260000.00,489.60,525
1777321127362,41790.00,7020.00,260000.00,489.60,525
1777321127387,41290.00,7074.00,260000.00,489.60,525
1777321127437,40570.00,7140.00,260000.00,489.60,525
1777321127464,40670.00,7200.00,260000.00,489.60,525
1777321127495,40860.00,7260.00,260000.00,489.60,525
1777321127526,40450.00,7320.00,260000.00,489.60,525
1777321127554,40700.00,7380.00,260000.00,489.60,525
1777321127606,40250.00,7439.00,260000.00,489.60,525
1777321127633,40330.00,7492.00,260000.00,489.60,525
1777321127664,41710.00,7555.00,260000.00,489.60,525
1777321127692,41210.00,7613.00,260000.00,489.60,525
1777321127723,41240.00,7674.00,260000.00,489.60,525
1777321127772,41450.00,7740.00,260000.00,489.60,525
1777321127804,40570.00,7800.00,260000.00,489.60,525
1777321127829,40240.00,7848.00,260000.00,489.60,525
1777321127853,41430.00,7908.00,260000.00,489.60,525
1777321127899,41370.00,7980.00,260000.00,489.60,525
1777321127928,41250.00,8028.00,260000.00,489.60,525
1777321127956,39850.00,8088.00,260000.00,489.60,525
1777321127980,40880.00,8148.00,260000.00,489.60,525
1777321128026,40930.00,8220.00,260000.00,489.60,525
1777321128053,40640.00,8272.00,260000.00,489.60,525
1777321128099,40270.00,8340.00,260000.00,489.60,525
1777321128126,40700.00,8393.00,260000.00,489.60,525
1777321128151,39980.00,8448.00,260000.00,489.60,525
1777321128198,40220.00,8520.00,260000.00,489.60,525
1777321128225,41170.00,8572.00,260000.00,489.60,525
1777321128251,39580.00,8628.00,260000.00,489.60,525
1777321128298,40520.00,8700.00,260000.00,489.60,525
1777321128323,39610.00,8760.00,260000.00,489.60,525
1777321128347,41200.00,8820.00,260000.00,489.60,525
1777321128393,40660.00,8872.00,260000.00,489.60,525
1777321128418,42070.00,8929.00,260000.00,489.60,525
1777321128463,40580.00,9000.00,260000.00,489.60,525
1777321128488,40540.00,9060.00,260000.00,489.60,525
1777321128514,40680.00,9119.00,260000.00,489.60,525
1777321128560,40240.00,9036.00,260000.00,489.60,525
1777321128595,39770.00,9033.00,260000.00,489.60,525
1777321128621,39320.00,9022.00,260000.00,489.60,525
1777321128676,41540.00,8968.00,260000.00,489.60,525
1777321128703,40580.00,8948.00,260000.00,489.60,525
1777321128729,41060.00,8986.00,260000.00,489.60,525
1777321128755,39410.00,8990.00,260000.00,489.60,525
1777321128781,41690.00,9000.00,260000.00,489.60,525
1777321128831,39810.00,8953.00,260000.00,489.60,525
1777321128860,41040.00,8964.00,260000.00,489.60,525
1777321128890,39940.00,8978.00,260000.00,489.60,525
1777321128923,41340.00,9000.00,260000.00,489.60,525
1777321128953,38900.00,8991.00,260000.00,489.60,525
1777321128982,39980.00,9012.00,260000.00,489.60,525
1777321129034,40440.00,9000.00,260000.00,489.60,525
1777321129064,40150.00,8954.00,260000.00,489.60,525
1777321129162,40320.00,9000.00,260000.00,489.60,525
1777321129189,79750.00,8880.00,260000.00,979.20,1050
1777321129215,40030.00,9000.00,260000.00,489.60,525
1777321129239,40830.00,9000.00,260000.00,489.60,525
1777321129293,41200.00,8931.00,260000.00,489.60,525
1777321129319,40600.00,8880.00,260000.00,489.60,525
1777321129345,39780.00,8904.00,260000.00,489.60,525
1777321129371,40100.00,8930.00,260000.00,489.60,525
1777321129418,40440.00,8940.00,260000.00,489.60,525
1777321129466,41960.00,8875.00,260000.00,489.60,525
1777321129491,40950.00,8870.00,260000.00,489.60,525
1777321129514,40170.00,8921.00,260000.00,489.60,525
1777321129539,40980.00,8940.00,260000.00,489.60,525
1777321129587,40510.00,8880.00,260000.00,489.60,525
1777321129615,40130.00,8914.00,260000.00,489.60,525
1777321129641,40470.00,8930.00,260000.00,489.60,525
1777321129689,40860.00,8940.00,260000.00,489.60,525
1777321129716,40950.00,8940.00,260000.00,489.60,525
1777321129743,40620.00,8931.00,260000.00,489.60,525
1777321129789,40790.00,8927.00,260000.00,489.60,525
1777321129815,39240.00,8917.00,260000.00,489.60,525
1777321129839,39210.00,8940.00,260000.00,489.60,525
1777321129887,40670.00,8933.00,260000.00,489.60,525
1777321129912,40810.00,8940.00,260000.00,489.60,525
1777321129935,41210.00,8946.00,260000.00,489.60,525
1777321129986,40250.00,8943.00,260000.00,489.60,525
1777321130011,41060.00,8940.00,260000.00,489.60,525
1777321130035,40200.00,8943.00,260000.00,489.60,525
1777321130086,40960.00,8940.00,260000.00,489.60,525
1777321130113,40490.00,8935.00,260000.00,489.60,525
1777321130137,40480.00,8940.00,260000.00,489.60,525
1777321130186,39730.00,8940.00,260000.00,489.60,525
1777321130211,40420.00,8940.00,260000.00,489.60,525
1777321130236,40860.00,8954.00,260000.00,489.60,525
1777321130287,39300.00,8940.00,260000.00,489.60,525
1777321130314,39770.00,8943.00,260000.00,489.60,525
1777321130340,40520.00,8935.00,260000.00,489.60,525
1777321130388,40110.00,8942.00,260000.00,489.60,525
1777321130412,40350.00,8940.00,260000.00,489.60,525
1777321130437,40430.00,8990.00,260000.00,489.60,525
1777321130484,39980.00,8943.00,260000.00,489.60,525
1777321130510,40590.00,8943.00,260000.00,489.60,525
1777321130536,40490.00,9000.00,260000.00,489.60,525
1777321130583,41580.00,8943.00,260000.00,489.60,525
1777321130613,40700.00,8941.00,260000.00,489.60,525
1777321130640,40270.00,9000.00,260000.00,489.60,525
1777321130725,40040.00,8942.00,260000.00,489.60,525
1777321130754,82590.00,8880.00,260000.00,979.20,1050
1777321130779,40710.00,8940.00,260000.00,489.60,525
1777321130826,40680.00,8943.00,260000.00,489.60,525
1777321130851,40460.00,8943.00,260000.00,489.60,525
1777321130877,40200.00,8939.00,260000.00,489.60,525
1777321130927,40320.00,8940.00,260000.00,489.60,525
1777321130955,39720.00,8883.00,260000.00,489.60,525
1777321130982,40650.00,8928.00,260000.00,489.60,525
1777321131010,40380.00,8943.00,260000.00,489.60,525
1777321131056,40580.00,8880.00,260000.00,489.60,525
1777321131082,40120.00,8936.00,260000.00,489.60,525
1777321131108,39260.00,8940.00,260000.00,489.60,525
1777321131158,40730.00,8942.00,260000.00,489.60,525
1777321131185,40520.00,8940.00,260000.00,489.60,525
1777321131211,40260.00,8934.00,260000.00,489.60,525
1777321131236,40080.00,8935.00,260000.00,489.60,525
1777321131284,39980.00,8940.00,260000.00,489.60,525
1777321131310,40390.00,8940.00,260000.00,489.60,525
1777321131339,40900.00,8940.00,260000.00,489.60,525
1777321131390,40390.00,8938.00,260000.00,489.60,525
1777321131416,40660.00,8929.00,260000.00,489.60,525
1777321131442,40460.00,8940.00,260000.00,489.60,525
1777321131490,40280.00,8940.00,260000.00,489.60,525
1777321131518,40700.00,8942.00,260000.00,489.60,525
1777321131544,39360.00,8942.00,260000.00,489.60,525
1777321131571,40040.00,8943.00,260000.00,489.60,525
1777321131619,41470.00,8883.00,260000.00,489.60,525
1777321131646,40160.00,8935.00,260000.00,489.60,525
1777321131678,39910.00,8934.00,260000.00,489.60,525
1777321131705,39950.00,8937.00,260000.00,489.60,525
1777321131753,39440.00,8892.00,260000.00,489.60,525
1777321131780,41750.00,8940.00,260000.00,489.60,525
1777321131805,40330.00,8940.00,260000.00,489.60,525
1777321131866,40770.00,8868.00,260000.00,489.60,525
1777321131893,40060.00,8880.00,260000.00,489.60,525
1777321131919,41290.00,8871.00,260000.00,489.60,525
1777321131946,39820.00,8933.00,260000.00,489.60,525
1777321131974,42040.00,8933.00,260000.00,489.60,525
1777321132026,39610.00,8897.00,260000.00,489.60,525
1777321132053,41300.00,8887.00,260000.00,489.60,525
1777321132080,40630.00,8883.00,260000.00,489.60,525
1777321132108,40430.00,8934.00,260000.00,489.60,525
1777321132139,40660.00,8931.00,260000.00,489.60,525
1777321132188,40110.00,8892.00,260000.00,489.60,525
1777321132216,40750.00,8893.00,260000.00,489.60,525
1777321132244,40470.00,8937.00,260000.00,489.60,525
1777321132321,79450.00,8880.00,260000.00,979.20,1050
1777321132346,39130.00,8940.00,260000.00,489.60,525
1777321132393,40780.00,8940.00,260000.00,489.60,525
1777321132419,40420.00,8940.00,260000.00,489.60,525
1777321132445,41400.00,8940.00,260000.00,489.60,525
1777321132491,39650.00,8940.00,260000.00,489.60,525
1777321132518,40870.00,8933.00,260000.00,489.60,525
1777321132543,41130.00,8940.00,260000.00,489.60,525
1777321132590,39820.00,8952.00,260000.00,489.60,525
1777321132616,40410.00,8952.00,260000.00,489.60,525
1777321132642,40060.00,8944.00,260000.00,489.60,525
1777321132689,40320.00,8952.00,260000.00,489.60,525
1777321132715,40080.00,8952.00,260000.00,489.60,525
1777321132764,41360.00,8940.00,260000.00,489.60,525
1777321132790,39490.00,8940.00,260000.00,489.60,525
1777321132816,40970.00,8952.00,260000.00,489.60,525
1777321132843,40590.00,8964.00,260000.00,489.60,525
1777321132890,41190.00,8952.00,260000.00,489.60,525
1777321132916,40310.00,8945.00,260000.00,489.60,525
1777321132944,41460.00,8957.00,260000.00,489.60,525
1777321132992,40550.00,8952.00,260000.00,489.60,525
1777321133018,40080.00,8952.00,260000.00,489.60,525
1777321133044,40220.00,8952.00,260000.00,489.60,525
1777321133091,41420.00,8940.00,260000.00,489.60,525
1777321133116,41500.00,8952.00,260000.00,489.60,525
1777321133143,40430.00,8953.00,260000.00,489.60,525
1777321133193,40390.00,8952.00,260000.00,489.60,525
1777321133220,39700.00,8952.00,260000.00,489.60,525
1777321133247,40650.00,8947.00,260000.00,489.60,525
1777321133274,41250.00,8936.00,260000.00,489.60,525
1777321133323,40070.00,8940.00,260000.00,489.60,525
1777321133349,40130.00,8940.00,260000.00,489.60,525
1777321133376,41310.00,8952.00,260000.00,489.60,525
1777321133423,41600.00,8940.00,260000.00,489.60,525
1777321133450,40640.00,8940.00,260000.00,489.60,525
1777321133479,40560.00,8940.00,260000.00,489.60,525
1777321133506,40030.00,8940.00,260000.00,489.60,525
1777321133553,40400.00,8940.00,260000.00,489.60,525
1777321133579,40470.00,8940.00,260000.00,489.60,525
1777321133605,39970.00,8962.00,260000.00,489.60,525
1777321133651,41140.00,8933.00,260000.00,489.60,525
1777321133677,40320.00,8988.00,260000.00,489.60,525
1777321133703,40850.00,8988.00,260000.00,489.60,525
1777321133750,41540.00,8952.00,260000.00,489.60,525
1777321133776,39410.00,8932.00,260000.00,489.60,525
1777321133803,38670.00,8932.00,260000.00,489.60,525
1777321133850,40930.00,8940.00,260000.00,489.60,525
1777321133876,41410.00,8935.00,260000.00,489.60,525
1777321133902,40700.00,8951.00,260000.00,489.60,525
1777321133949,39260.00,8952.00,260000.00,489.60,525
1777321133975,41140.00,8952.00,260000.00,489.60,525
1777321134002,41270.00,8952.00,260000.00,489.60,525
1777321134050,40300.00,8939.00,260000.00,489.60,525
1777321134077,41410.00,8989.00,260000.00,489.60,525
1777321134103,40390.00,8990.00,260000.00,489.60,525
1777321134151,40220.00,9056.00,260000.00,489.60,525
1777321134179,40360.00,9054.00,260000.00,489.60,525
1777321134206,40330.00,8993.00,260000.00,489.60,525
1777321134234,39470.00,8992.00,260000.00,489.60,525
1777321134282,40830.00,9000.00,260000.00,489.60,525
1777321134310,40010.00,8988.00,260000.00,489.60,525
1777321134337,40730.00,9000.00,260000.00,489.60,525
1777321134426,82160.00,8914.00,260000.00,979.20,1050
1777321134451,39950.00,9012.00,260000.00,489.60,525
1777321134496,39490.00,8988.00,260000.00,489.60,525
1777321134522,41560.00,8931.00,260000.00,489.60,525
1777321134546,41520.00,8942.00,260000.00,489.60,525
1777321134592,40590.00,8991.00,260000.00,489.60,525
1777321134618,40140.00,8995.00,260000.00,489.60,525
1777321134644,40460.00,8996.00,260000.00,489.60,525
1777321134689,39840.00,8999.00,260000.00,489.60,525
1777321134714,40740.00,8995.00,260000.00,489.60,525
1777321134760,41190.00,8940.00,260000.00,489.60,525
1777321134786,41030.00,8988.00,260000.00,489.60,525
1777321134811,40480.00,9000.00,260000.00,489.60,525
1777321134858,40420.00,8939.00,260000.00,489.60,525
1777321134884,40170.00,8993.00,260000.00,489.60,525
1777321134910,41960.00,8989.00,260000.00,489.60,525
1777321134957,39830.00,8940.00,260000.00,489.60,525
1777321134982,40410.00,9000.00,260000.00,489.60,525
1777321135008,41260.00,8994.00,260000.00,489.60,525
1777321135055,40500.00,8952.00,260000.00,489.60,525
1777321135082,39780.00,9000.00,260000.00,489.60,525
1777321135108,39450.00,8988.00,260000.00,489.60,525
1777321135153,40280.00,8952.00,260000.00,489.60,525
1777321135179,41420.00,9000.00,260000.00,489.60,525
1777321135206,40960.00,9000.00,260000.00,489.60,525
1777321135254,40780.00,8940.00,260000.00,489.60,525
1777321135280,40780.00,8995.00,260000.00,489.60,525
1777321135307,41840.00,8995.00,260000.00,489.60,525
1777321135355,41080.00,8952.00,260000.00,489.60,525
1777321135382,40800.00,9000.00,260000.00,489.60,525
1777321135409,40200.00,8992.00,260000.00,489.60,525
1777321135457,39600.00,8940.00,260000.00,489.60,525
1777321135484,40620.00,8993.00,260000.00,489.60,525
1777321135513,39730.00,8993.00,260000.00,489.60,525
1777321135540,40640.00,8988.00,260000.00,489.60,525
1777321135588,39640.00,9000.00,260000.00,489.60,525
1777321135615,40340.00,9000.00,260000.00,489.60,525
1777321135643,40030.00,9000.00,260000.00,489.60,525
1777321135670,40800.00,8996.00,260000.00,489.60,525
1777321135719,40530.00,9060.00,260000.00,489.60,525
1777321135745,39390.00,9060.00,260000.00,489.60,525
1777321135771,40520.00,8988.00,260000.00,489.60,525
1777321135820,39760.00,8998.00,260000.00,489.60,525
1777321135847,39210.00,9000.00,260000.00,489.60,525
1777321135874,40340.00,9004.00,260000.00,489.60,525
1777321135924,41520.00,9000.00,260000.00,489.60,525
1777321135952,40010.00,9000.00,260000.00,489.60,525
1777321135979,40880.00,9004.00,260000.00,489.60,525
1777321136007,40210.00,8993.00,260000.00,489.60,525
1777321136056,40270.00,9012.00,260000.00,489.60,525
1777321136084,40580.00,9000.00,260000.00,489.60,525
1777321136112,40710.00,8988.00,260000.00,489.60,525
1777321136139,40700.00,8988.00,260000.00,489.60,525
1777321136189,39450.00,9000.00,260000.00,489.60,525
1777321136217,40890.00,9000.00,260000.00,489.60,525
1777321136246,40250.00,8979.00,260000.00,489.60,525
1777321136275,41220.00,9000.00,260000.00,489.60,525
1777321136303,40700.00,8992.00,260000.00,489.60,525
1777321136354,40370.00,8940.00,260000.00,489.60,525
1777321136432,39850.00,8880.00,260000.00,489.60,525
1777321136454,40300.00,8880.00,260000.00,489.60,525
1777321136478,40890.00,8940.00,260000.00,489.60,525
1777321136502,39470.00,8935.00,260000.00,489.60,525
1777321136548,41410.00,8940.00,260000.00,489.60,525
1777321136572,41260.00,8933.00,260000.00,489.60,525
1777321136617,41130.00,8940.00,260000.00,489.60,525
1777321136641,40520.00,8952.00,260000.00,489.60,525
1777321136687,40890.00,8892.00,260000.00,489.60,525
1777321136711,40260.00,8901.00,260000.00,489.60,525
1777321136756,40700.00,8933.00,260000.00,489.60,525
1777321136781,41980.00,8933.00,260000.00,489.60,525
1777321136805,39680.00,8930.00,260000.00,489.60,525
1777321136851,40880.00,8952.00,260000.00,489.60,525
1777321136875,40830.00,8931.00,260000.00,489.60,525
1777321136921,41470.00,8947.00,260000.00,489.60,525
1777321136946,41410.00,8946.00,260000.00,489.60,525
1777321136971,40710.00,8934.00,260000.00,489.60,525
1777321137017,39270.00,8940.00,260000.00,489.60,525
1777321137042,40400.00,8944.00,260000.00,489.60,525
1777321137068,39340.00,8940.00,260000.00,489.60,525
1777321137114,40760.00,8922.00,260000.00,489.60,525
1777321137140,41110.00,8934.00,260000.00,489.60,525
1777321137186,40750.00,8940.00,260000.00,489.60,525
1777321137212,39820.00,8952.00,260000.00,489.60,525
1777321137238,41370.00,8933.00,260000.00,489.60,525
1777321137286,41280.00,8928.00,260000.00,489.60,525
1777321137313,41190.00,8994.00,260000.00,489.60,525
1777321137338,39360.00,8928.00,260000.00,489.60,525
1777321137385,40160.00,8940.00,260000.00,489.60,525
1777321137411,39660.00,8940.00,260000.00,489.60,525
1777321137437,41230.00,8940.00,260000.00,489.60,525
1777321137484,39940.00,8940.00,260000.00,489.60,525
1777321137511,40560.00,8946.00,260000.00,489.60,525
1777321137537,40810.00,8932.00,260000.00,489.60,525
1777321137563,40490.00,8930.00,260000.00,489.60,525
1777321137612,40480.00,8940.00,260000.00,489.60,525
1777321137638,40840.00,8940.00,260000.00,489.60,525
1777321137666,40010.00,8940.00,260000.00,489.60,525
1777321137713,40510.00,8938.00,260000.00,489.60,525
1777321137739,40760.00,8936.00,260000.00,489.60,525
1777321137766,41530.00,8996.00,260000.00,489.60,525
1777321137813,39720.00,8940.00,260000.00,489.60,525
1777321137840,40860.00,8940.00,260000.00,489.60,525
1777321137868,39080.00,8931.00,260000.00,489.60,525
1777321137896,40900.00,8994.00,260000.00,489.60,525
1777321137944,42370.00,8946.00,260000.00,489.60,525
1777321137973,41340.00,8940.00,260000.00,489.60,525
1777321138002,40160.00,8952.00,260000.00,489.60,525
1777321138075,39700.00,8939.00,260000.00,489.60,525
1777321138102,81680.00,8880.00,260000.00,979.20,1050
1777321138153,39980.00,8905.00,260000.00,489.60,525
1777321138211,40320.00,8952.00,260000.00,489.60,525
1777321138238,41300.00,8892.00,260000.00,489.60,525
1777321138265,40680.00,8892.00,260000.00,489.60,525
1777321138292,41240.00,8892.00,260000.00,489.60,525
1777321138319,41380.00,8934.00,260000.00,489.60,525
1777321138367,41040.00,8880.00,260000.00,489.60,525
1777321138410,40710.00,8880.00,260000.00,489.60,525
1777321138475,40460.00,8820.00,260000.00,489.60,525
1777321138497,40470.00,8820.00,260000.00,489.60,525
1777321138521,40420.00,8820.00,260000.00,489.60,525
1777321138619,81830.00,8759.00,260000.00,979.20,1050
1777321138647,40790.00,8832.00,260000.00,489.60,525
1777321138699,40300.00,8784.00,260000.00,489.60,525
1777321138730,40330.00,8820.00,260000.00,489.60,525
1777321138760,40120.00,8804.00,260000.00,489.60,525
1777321138791,40510.00,8765.00,260000.00,489.60,525
1777321138821,39400.00,8766.00,260000.00,489.60,525
1777321138852,41050.00,8825.00,260000.00,489.60,525
1777321138878,41910.00,8816.00,260000.00,489.60,525
1777321138903,39790.00,8817.00,260000.00,489.60,525
1777321138950,40970.00,8820.00,260000.00,489.60,525
1777321138977,40790.00,8813.00,260000.00,489.60,525
1777321139004,40110.00,8814.00,260000.00,489.60,525
1777321139051,40400.00,8820.00,260000.00,489.60,525
1777321139076,40700.00,8824.00,260000.00,489.60,525
1777321139102,40020.00,8832.00,260000.00,489.60,525
1777321139150,39880.00,8823.00,260000.00,489.60,525
1777321139177,41080.00,8825.00,260000.00,489.60,525
1777321139203,40450.00,8832.00,260000.00,489.60,525
1777321139250,39700.00,8820.00,260000.00,489.60,525
1777321139277,39810.00,8830.00,260000.00,489.60,525
1777321139303,40420.00,8832.00,260000.00,489.60,525
1777321139350,41460.00,8832.00,260000.00,489.60,525
1777321139378,39310.00,8880.00,260000.00,489.60,525
1777321139403,40200.00,8930.00,260000.00,489.60,525
1777321139448,39640.00,8820.00,260000.00,489.60,525
1777321139473,39920.00,8880.00,260000.00,489.60,525
1777321139498,40420.00,8880.00,260000.00,489.60,525
1777321139545,40170.00,8832.00,260000.00,489.60,525
1777321139572,39570.00,8820.00,260000.00,489.60,525
1777321139599,40800.00,8872.00,260000.00,489.60,525
1777321139647,39710.00,8822.00,260000.00,489.60,525
1777321139674,39960.00,8832.00,260000.00,489.60,525
1777321139703,40220.00,8824.00,260000.00,489.60,525
1777321139731,39940.00,8813.00,260000.00,489.60,525
1777321139780,40120.00,8832.00,260000.00,489.60,525
1777321139807,42250.00,8839.00,260000.00,489.60,525
1777321139832,41200.00,8880.00,260000.00,489.60,525
1777321139881,40900.00,8832.00,260000.00,489.60,525
1777321139911,40300.00,8832.00,260000.00,489.60,525
1777321139939,41780.00,8820.00,260000.00,489.60,525
1777321139966,40300.00,8825.00,260000.00,489.60,525
1777321140014,39660.00,8820.00,260000.00,489.60,525
1777321140043,41130.00,8808.00,260000.00,489.60,525
1777321140069,39830.00,8820.00,260000.00,489.60,525
1777321140097,40900.00,8832.00,260000.00,489.60,525
1777321140123,40540.00,8832.00,260000.00,489.60,525
1777321140171,41410.00,8820.00,260000.00,489.60,525
1777321140198,40200.00,8820.00,260000.00,489.60,525
1777321140226,41570.00,8820.00,260000.00,489.60,525
1777321140274,40870.00,8832.00,260000.00,489.60,525
1777321140301,40490.00,8832.00,260000.00,489.60,525
1777321140328,40980.00,8825.00,260000.00,489.60,525
1777321140377,40230.00,8820.00,260000.00,489.60,525
1777321140418,40590.00,8832.00,260000.00,489.60,525
1777321140444,40350.00,8820.00,260000.00,489.60,525
1777321140472,40500.00,8832.00,260000.00,489.60,525
1777321140565,80120.00,8712.00,260000.00,979.20,1050
1777321140588,41030.00,8820.00,260000.00,489.60,525
1777321140634,40250.00,8760.00,260000.00,489.60,525
1777321140661,39960.00,8763.00,260000.00,489.60,525
1777321140686,41680.00,8763.00,260000.00,489.60,525
1777321140732,39660.00,8753.00,260000.00,489.60,525
1777321140758,39180.00,8760.00,260000.00,489.60,525
1777321140807,40040.00,8772.00,260000.00,489.60,525
1777321140833,40870.00,8760.00,260000.00,489.60,525
1777321140859,40390.00,8772.00,260000.00,489.60,525
1777321140884,40100.00,8772.00,260000.00,489.60,525
1777321140930,41140.00,8800.00,260000.00,489.60,525
1777321140957,40800.00,8820.00,260000.00,489.60,525
1777321141004,40670.00,8767.00,260000.00,489.60,525
1777321141030,41790.00,8772.00,260000.00,489.60,525
1777321141056,40040.00,8808.00,260000.00,489.60,525
1777321141103,41050.00,8771.00,260000.00,489.60,525
1777321141129,39920.00,8764.00,260000.00,489.60,525
1777321141156,40940.00,8776.00,260000.00,489.60,525
1777321141207,40480.00,8760.00,260000.00,489.60,525
1777321141234,39860.00,8760.00,260000.00,489.60,525
1777321141262,39570.00,8752.00,260000.00,489.60,525
1777321141289,40950.00,8762.00,260000.00,489.60,525
1777321141315,39060.00,8772.00,260000.00,489.60,525
1777321141362,39850.00,8780.00,260000.00,489.60,525
1777321141389,40880.00,8820.00,260000.00,489.60,525
1777321141417,39160.00,8880.00,260000.00,489.60,525
1777321141464,39730.00,8820.00,260000.00,489.60,525
1777321141489,39080.00,8824.00,260000.00,489.60,525
1777321141537,41150.00,8832.00,260000.00,489.60,525
1777321141563,40020.00,8832.00,260000.00,489.60,525
1777321141588,39730.00,8824.00,260000.00,489.60,525
1777321141636,40540.00,8820.00,260000.00,489.60,525
1777321141662,40870.00,8880.00,260000.00,489.60,525
1777321141689,40630.00,8880.00,260000.00,489.60,525
1777321141715,40410.00,8882.00,260000.00,489.60,525
1777321141763,40150.00,8876.00,260000.00,489.60,525
1777321141789,40150.00,8838.00,260000.00,489.60,525
1777321141815,40600.00,8825.00,260000.00,489.60,525
1777321141863,40990.00,8832.00,260000.00,489.60,525
1777321141890,40530.00,8825.00,260000.00,489.60,525
1777321141917,41060.00,8874.00,260000.00,489.60,525
1777321141965,40470.00,8832.00,260000.00,489.60,525
1777321141996,40420.00,8880.00,260000.00,489.60,525
1777321142026,40510.00,8861.00,260000.00,489.60,525
1777321142057,39790.00,8825.00,260000.00,489.60,525
1777321142084,39730.00,8837.00,260000.00,489.60,525
1777321142153,40190.00,8820.00,260000.00,489.60,525
1777321142186,80910.00,8820.00,260000.00,979.20,1050
1777321142237,39950.00,8832.00,260000.00,489.60,525
1777321142269,40110.00,8880.00,260000.00,489.60,525
1777321142297,40120.00,8840.00,260000.00,489.60,525
1777321142324,39540.00,8832.00,260000.00,489.60,525
1777321142354,40760.00,8832.00,260000.00,489.60,525
1777321142382,41180.00,8880.00,260000.00,489.60,525
1777321142456,41800.00,8832.00,260000.00,489.60,525
1777321142483,41050.00,8820.00,260000.00,489.60,525
1777321142510,39890.00,8832.00,260000.00,489.60,525
1777321142539,40330.00,8832.00,260000.00,489.60,525
1777321142589,38560.00,8829.00,260000.00,489.60,525
1777321142617,42820.00,8820.00,260000.00,489.60,525
1777321142646,40810.00,8832.00,260000.00,489.60,525
1777321142675,41160.00,8822.00,260000.00,489.60,525
1777321142701,41070.00,8832.00,260000.00,489.60,525
1777321142729,39560.00,8822.00,260000.00,489.60,525
1777321142779,41880.00,8760.00,260000.00,489.60,525
1777321142808,40490.00,8820.00,260000.00,489.60,525
1777321142834,41020.00,8820.00,260000.00,489.60,525
1777321142882,40710.00,8772.00,260000.00,489.60,525
1777321142908,41530.00,8760.00,260000.00,489.60,525
1777321142934,41250.00,8808.00,260000.00,489.60,525
1777321142963,39920.00,8820.00,260000.00,489.60,525
1777321143011,41170.00,8779.00,260000.00,489.60,525
1777321143087,40870.00,8820.00,260000.00,489.60,525
1777321143110,39590.00,8762.00,260000.00,489.60,525
1777321143133,40140.00,8760.00,260000.00,489.60,525
1777321143179,39950.00,8752.00,260000.00,489.60,525
1777321143206,40940.00,8810.00,260000.00,489.60,525
1777321143230,41080.00,8812.00,260000.00,489.60,525
1777321143276,40700.00,8760.00,260000.00,489.60,525
1777321143303,40990.00,8765.00,260000.00,489.60,525
1777321143327,41640.00,8773.00,260000.00,489.60,525
1777321143373,42320.00,8815.00,260000.00,489.60,525
1777321143400,40080.00,8820.00,260000.00,489.60,525
1777321143425,40420.00,8820.00,260000.00,489.60,525
1777321143475,40560.00,8880.00,260000.00,489.60,525
1777321143501,39730.00,8880.00,260000.00,489.60,525
1777321143549,41400.00,8880.00,260000.00,489.60,525
1777321143575,41480.00,8940.00,260000.00,489.60,525
1777321143600,39880.00,9000.00,260000.00,489.60,525
1777321143626,39390.00,8918.00,260000.00,489.60,525
1777321143673,40100.00,8876.00,260000.00,489.60,525
1777321143699,41790.00,8928.00,260000.00,489.60,525
1777321143725,39940.00,8928.00,260000.00,489.60,525
1777321143772,40110.00,8892.00,260000.00,489.60,525
1777321143798,40620.00,8915.00,260000.00,489.60,525
1777321143847,40730.00,8892.00,260000.00,489.60,525
1777321143876,39240.00,8892.00,260000.00,489.60,525
1777321143904,40270.00,8885.00,260000.00,489.60,525
1777321143933,40690.00,8884.00,260000.00,489.60,525
1777321143962,40290.00,8904.00,260000.00,489.60,525
1777321143989,39560.00,8832.00,260000.00,489.60,525
1777321144037,40870.00,8880.00,260000.00,489.60,525
1777321144063,40590.00,8869.00,260000.00,489.60,525
1777321144092,39780.00,8868.00,260000.00,489.60,525
1777321144118,40110.00,8868.00,260000.00,489.60,525
1777321144168,41870.00,8880.00,260000.00,489.60,525
1777321144196,40610.00,8873.00,260000.00,489.60,525
1777321144222,40860.00,8871.00,260000.00,489.60,525
1777321144271,41060.00,8892.00,260000.00,489.60,525
1777321144298,40140.00,8880.00,260000.00,489.60,525
1777321144328,40490.00,8880.00,260000.00,489.60,525
1777321144354,40700.00,8928.00,260000.00,489.60,525
1777321144403,39660.00,8885.00,260000.00,489.60,525
1777321144430,40610.00,8875.00,260000.00,489.60,525
1777321144459,40140.00,8901.00,260000.00,489.60,525
1777321144487,40030.00,8872.00,260000.00,489.60,525
1777321144538,40970.00,8876.00,260000.00,489.60,525
1777321144565,41350.00,8880.00,260000.00,489.60,525
1777321144594,39040.00,8880.00,260000.00,489.60,525
1777321144622,40360.00,8885.00,260000.00,489.60,525
1777321144650,40450.00,8933.00,260000.00,489.60,525
1777321144699,40500.00,8892.00,260000.00,489.60,525
1777321144730,39430.00,8892.00,260000.00,489.60,525
1777321144758,40310.00,8891.00,260000.00,489.60,525
1777321144786,39140.00,8937.00,260000.00,489.60,525
1777321144834,40290.00,8880.00,260000.00,489.60,525
1777321144866,40460.00,8872.00,260000.00,489.60,525
1777321144894,41320.00,8888.00,260000.00,489.60,525
1777321144921,41880.00,8893.00,260000.00,489.60,525
1777321144948,40430.00,8897.00,260000.00,489.60,525
1777321144996,40390.00,8880.00,260000.00,489.60,525
1777321145024,40050.00,8928.00,260000.00,489.60,525
1777321145051,39690.00,8913.00,260000.00,489.60,525
1777321145080,40550.00,8884.00,260000.00,489.60,525
1777321145130,40760.00,8880.00,260000.00,489.60,525
1777321145159,40830.00,8876.00,260000.00,489.60,525
1777321145187,40710.00,8873.00,260000.00,489.60,525
1777321145214,40900.00,8874.00,260000.00,489.60,525
1777321145265,39670.00,8880.00,260000.00,489.60,525
1777321145297,39890.00,8883.00,260000.00,489.60,525
1777321145326,40590.00,8892.00,260000.00,489.60,525
1777321145355,40140.00,8892.00,260000.00,489.60,525
1777321145385,40470.00,8940.00,260000.00,489.60,525
1777321145421,41210.00,8928.00,260000.00,489.60,525
1777321145451,41220.00,8932.00,260000.00,489.60,525
1777321145481,40460.00,8939.00,260000.00,489.60,525
1777321145531,40650.00,8940.00,260000.00,489.60,525
1777321145563,41160.00,9000.00,260000.00,489.60,525
1777321145593,40970.00,8940.00,260000.00,489.60,525
1777321145688,40190.00,8820.00,260000.00,489.60,525
1777321145712,40800.00,8854.00,260000.00,489.60,525
1777321145735,40590.00,8880.00,260000.00,489.60,525
1777321145783,40890.00,8820.00,260000.00,489.60,525
1777321145810,41710.00,8875.00,260000.00,489.60,525
1777321145835,38550.00,8876.00,260000.00,489.60,525
1777321145882,39300.00,8820.00,260000.00,489.60,525
1777321145908,41280.00,8813.00,260000.00,489.60,525
1777321145933,40750.00,8874.00,260000.00,489.60,525
1777321145978,40440.00,8880.00,260000.00,489.60,525
1777321146002,40880.00,8884.00,260000.00,489.60,525
1777321146027,40750.00,8872.00,260000.00,489.60,525
1777321146076,40970.00,8890.00,260000.00,489.60,525
1777321146103,40360.00,8869.00,260000.00,489.60,525
1777321146129,40240.00,8878.00,260000.00,489.60,525
1777321146176,41000.00,8832.00,260000.00,489.60,525
1777321146202,39840.00,8874.00,260000.00,489.60,525
1777321146226,40360.00,8877.00,260000.00,489.60,525
1777321146272,40600.00,8832.00,260000.00,489.60,525
1777321146297,40230.00,8834.00,260000.00,489.60,525
1777321146321,41330.00,8854.00,260000.00,489.60,525
1777321146367,40350.00,8880.00,260000.00,489.60,525
1777321146392,39960.00,8880.00,260000.00,489.60,525
1777321146442,40940.00,8820.00,260000.00,489.60,525
1777321146467,40250.00,8880.00,260000.00,489.60,525
1777321146494,40730.00,8871.00,260000.00,489.60,525
1777321146544,40920.00,8880.00,260000.00,489.60,525
1777321146569,40900.00,8861.00,260000.00,489.60,525
1777321146595,42090.00,8855.00,260000.00,489.60,525
1777321146621,39460.00,8872.00,260000.00,489.60,525
1777321146667,40600.00,8879.00,260000.00,489.60,525
1777321146693,41010.00,8880.00,260000.00,489.60,525
1777321146740,40020.00,8820.00,260000.00,489.60,525
1777321146766,41750.00,8880.00,260000.00,489.60,525
1777321146793,40480.00,8880.00,260000.00,489.60,525
1777321146840,40700.00,8820.00,260000.00,489.60,525
1777321146866,42700.00,8880.00,260000.00,489.60,525
1777321146892,40130.00,8886.00,260000.00,489.60,525
1777321146940,40540.00,8832.00,260000.00,489.60,525
1777321146967,41410.00,8880.00,260000.00,489.60,525
1777321146994,39390.00,8872.00,260000.00,489.60,525
1777321147021,40930.00,8886.00,260000.00,489.60,525
1777321147068,39850.00,8832.00,260000.00,489.60,525
1777321147094,41430.00,8832.00,260000.00,489.60,525
1777321147123,38910.00,8892.00,260000.00,489.60,525
1777321147171,41340.00,8879.00,260000.00,489.60,525
1777321147198,40560.00,8878.00,260000.00,489.60,525
1777321147225,40910.00,8880.00,260000.00,489.60,525
1777321147253,39840.00,8873.00,260000.00,489.60,525
1777321147305,40290.00,8880.00,260000.00,489.60,525
1777321147333,41230.00,8865.00,260000.00,489.60,525
1777321147360,40770.00,8873.00,260000.00,489.60,525
1777321147390,40610.00,8880.00,260000.00,489.60,525
1777321147439,41550.00,8880.00,260000.00,489.60,525
1777321147465,40520.00,8902.00,260000.00,489.60,525
1777321147492,40330.00,8902.00,260000.00,489.60,525
1777321147521,40810.00,8908.00,260000.00,489.60,525
1777321147569,40210.00,8880.00,260000.00,489.60,525
1777321147597,39870.00,8935.00,260000.00,489.60,525
1777321147624,40090.00,8933.00,260000.00,489.60,525
1777321147652,39450.00,8933.00,260000.00,489.60,525
1777321147701,41110.00,8880.00,260000.00,489.60,525
1777321147730,40260.00,8889.00,260000.00,489.60,525
1777321147757,40870.00,8868.00,260000.00,489.60,525
1777321147785,41480.00,8932.00,260000.00,489.60,525
1777321147835,41440.00,8879.00,260000.00,489.60,525
1777321147863,40640.00,8880.00,260000.00,489.60,525
1777321147892,40830.00,8933.00,260000.00,489.60,525
1777321147921,40740.00,8886.00,260000.00,489.60,525
1777321147949,40460.00,8873.00,260000.00,489.60,525
1777321147998,40730.00,8880.00,260000.00,489.60,525
1777321148030,41960.00,8880.00,260000.00,489.60,525
1777321148097,39880.00,8868.00,260000.00,489.60,525
1777321148119,40370.00,8868.00,260000.00,489.60,525
1777321148145,40990.00,8892.00,260000.00,489.60,525
1777321148168,40440.00,8952.00,260000.00,489.60,525
1777321148213,41680.00,8888.00,260000.00,489.60,525
1777321148238,40590.00,8891.00,260000.00,489.60,525
1777321148284,40120.00,8930.00,260000.00,489.60,525
1777321148309,40510.00,8893.00,260000.00,489.60,525
1777321148334,40440.00,8856.00,260000.00,489.60,525
1777321148496,40110.00,8676.00,260000.00,489.60,525
1777321148525,80160.00,8700.00,260000.00,979.20,1050
1777321148552,40460.00,8820.00,260000.00,489.60,525
1777321148577,41200.00,8820.00,260000.00,489.60,525
1777321148623,40050.00,8820.00,260000.00,489.60,525
1777321148648,40680.00,8820.00,260000.00,489.60,525
1777321148671,41400.00,8832.00,260000.00,489.60,525
1777321148716,40040.00,8784.00,260000.00,489.60,525
1777321148742,40160.00,8805.00,260000.00,489.60,525
1777321148790,40890.00,8772.00,260000.00,489.60,525
1777321148815,40260.00,8766.00,260000.00,489.60,525
1777321148841,40420.00,8814.00,260000.00,489.60,525
1777321148887,40860.00,8798.00,260000.00,489.60,525
1777321148913,39990.00,8811.00,260000.00,489.60,525
1777321148939,41130.00,8814.00,260000.00,489.60,525
1777321148985,40450.00,8820.00,260000.00,489.60,525
1777321149012,40790.00,8820.00,260000.00,489.60,525
1777321149036,40620.00,8820.00,260000.00,489.60,525
1777321149084,40670.00,8772.00,260000.00,489.60,525
1777321149110,42120.00,8764.00,260000.00,489.60,525
1777321149135,40280.00,8776.00,260000.00,489.60,525
1777321149182,39900.00,8769.00,260000.00,489.60,525
1777321149208,41640.00,8767.00,260000.00,489.60,525
1777321149255,38960.00,8760.00,260000.00,489.60,525
1777321149281,39570.00,8748.00,260000.00,489.60,525
1777321149309,41590.00,8766.00,260000.00,489.60,525
1777321149335,41380.00,8806.00,260000.00,489.60,525
1777321149383,41350.00,8760.00,260000.00,489.60,525
1777321149411,40000.00,8806.00,260000.00,489.60,525
1777321149438,39880.00,8798.00,260000.00,489.60,525
1777321149485,41000.00,8772.00,260000.00,489.60,525
1777321149512,40430.00,8766.00,260000.00,489.60,525
1777321149550,41070.00,8809.00,260000.00,489.60,525
1777321149576,40250.00,8806.00,260000.00,489.60,525
1777321149604,40380.00,8792.00,260000.00,489.60,525
1777321149652,41480.00,8766.00,260000.00,489.60,525
1777321149680,39720.00,8760.00,260000.00,489.60,525
1777321149706,39950.00,8790.00,260000.00,489.60,525
1777321149736,40180.00,8820.00,260000.00,489.60,525
1777321149788,41060.00,8760.00,260000.00,489.60,525
1777321149816,39140.00,8760.00,260000.00,489.60,525
1777321149845,40340.00,8788.00,260000.00,489.60,525
1777321149875,40860.00,8820.00,260000.00,489.60,525
1777321149902,40930.00,8813.00,260000.00,489.60,525
1777321149951,41100.00,8769.00,260000.00,489.60,525
1777321149981,39850.00,8751.00,260000.00,489.60,525
1777321150009,41820.00,8760.00,260000.00,489.60,525
1777321150038,40320.00,8772.00,260000.00,489.60,525
1777321150068,39860.00,8790.00,260000.00,489.60,525
1777321150119,40760.00,8772.00,260000.00,489.60,525
1777321150149,39840.00,8763.00,260000.00,489.60,525
1777321150177,40720.00,8772.00,260000.00,489.60,525
1777321150206,40290.00,8772.00,260000.00,489.60,525
1777321150254,40260.00,8700.00,260000.00,489.60,525
1777321150331,39720.00,8674.00,260000.00,489.60,525
1777321150353,40510.00,8700.00,260000.00,489.60,525
1777321150376,41340.00,8700.00,260000.00,489.60,525
1777321150422,40500.00,8700.00,260000.00,489.60,525
1777321150447,40720.00,8707.00,260000.00,489.60,525
1777321150471,41250.00,8688.00,260000.00,489.60,525
1777321150517,40910.00,8699.00,260000.00,489.60,525
1777321150544,41120.00,8688.00,260000.00,489.60,525
1777321150590,40800.00,8698.00,260000.00,489.60,525
1777321150616,40230.00,8692.00,260000.00,489.60,525
1777321150641,40130.00,8753.00,260000.00,489.60,525
1777321150688,41560.00,8820.00,260000.00,489.60,525
1777321150713,40760.00,8820.00,260000.00,489.60,525
1777321150761,40920.00,8820.00,260000.00,489.60,525
1777321150787,40440.00,8820.00,260000.00,489.60,525
1777321150815,41010.00,8820.00,260000.00,489.60,525
1777321150842,40360.00,8815.00,260000.00,489.60,525
1777321150891,41250.00,8780.00,260000.00,489.60,525
1777321150916,39590.00,8763.00,260000.00,489.60,525
1777321150941,39390.00,8762.00,260000.00,489.60,525
1777321150989,40550.00,8760.00,260000.00,489.60,525
1777321151016,40780.00,8772.00,260000.00,489.60,525
1777321151042,40720.00,8820.00,260000.00,489.60,525
1777321151070,40090.00,8826.00,260000.00,489.60,525
1777321151119,42070.00,8772.00,260000.00,489.60,525
1777321151149,40220.00,8780.00,260000.00,489.60,525
1777321151177,40900.00,8808.00,260000.00,489.60,525
1777321151206,40870.00,8825.00,260000.00,489.60,525
1777321151255,40250.00,8760.00,260000.00,489.60,525
1777321151282,39860.00,8764.00,260000.00,489.60,525
1777321151309,41190.00,8760.00,260000.00,489.60,525
1777321151340,40440.00,8763.00,260000.00,489.60,525
1777321151391,39420.00,8760.00,260000.00,489.60,525
1777321151417,39040.00,8772.00,260000.00,489.60,525
1777321151446,40960.00,8819.00,260000.00,489.60,525
1777321151474,39980.00,8820.00,260000.00,489.60,525
1777321151522,39560.00,8760.00,260000.00,489.60,525
1777321151549,40090.00,8811.00,260000.00,489.60,525
1777321151577,40200.00,8803.00,260000.00,489.60,525
1777321151604,40690.00,8772.00,260000.00,489.60,525
1777321151631,40040.00,8760.00,260000.00,489.60,525
1777321151682,39670.00,8760.00,260000.00,489.60,525
1777321151709,39760.00,8772.00,260000.00,489.60,525
1777321151738,39220.00,8820.00,260000.00,489.60,525
1777321151763,39780.00,8820.00,260000.00,489.60,525
1777321151812,40390.00,8760.00,260000.00,489.60,525
1777321151840,40330.00,8820.00,260000.00,489.60,525
1777321151865,41300.00,8820.00,260000.00,489.60,525
1777321151915,40490.00,8772.00,260000.00,489.60,525
1777321151943,40910.00,8820.00,260000.00,489.60,525
1777321151972,40760.00,8813.00,260000.00,489.60,525
1777321152004,41390.00,8814.00,260000.00,489.60,525
1777321152033,40320.00,8760.00,260000.00,489.60,525
1777321152085,40300.00,8748.00,260000.00,489.60,525
1777321152111,39980.00,8760.00,260000.00,489.60,525
1777321152140,40330.00,8772.00,260000.00,489.60,525
1777321152169,39490.00,8832.00,260000.00,489.60,525
1777321152197,40190.00,8832.00,260000.00,489.60,525
1777321152248,40850.00,8769.00,260000.00,489.60,525
1777321152276,40450.00,8772.00,260000.00,489.60,525
1777321152302,40050.00,8820.00,260000.00,489.60,525
1777321152330,39030.00,8810.00,260000.00,489.60,525
1777321152379,41000.00,8784.00,260000.00,489.60,525
1777321152412,41040.00,8760.00,260000.00,489.60,525
1777321152440,41040.00,8820.00,260000.00,489.60,525
1777321152468,40750.00,8827.00,260000.00,489.60,525
1777321152493,40940.00,8820.00,260000.00,489.60,525
1777321152542,41250.00,8760.00,260000.00,489.60,525
1777321152571,40420.00,8813.00,260000.00,489.60,525
1777321152600,41400.00,8811.00,260000.00,489.60,525
1777321152628,39420.00,8816.00,260000.00,489.60,525
1777321152681,40160.00,8772.00,260000.00,489.60,525
1777321152711,40990.00,8801.00,260000.00,489.60,525
1777321152742,39940.00,8796.00,260000.00,489.60,525
1777321152772,40450.00,8772.00,260000.00,489.60,525
1777321152801,41020.00,8772.00,260000.00,489.60,525
1777321152830,39750.00,8832.00,260000.00,489.60,525
1777321152859,41430.00,8808.00,260000.00,489.60,525
1777321152909,41370.00,8772.00,260000.00,489.60,525
1777321152938,40440.00,8772.00,260000.00,489.60,525
1777321153018,40610.00,8700.00,260000.00,489.60,525
1777321153043,40000.00,8712.00,260000.00,489.60,525
1777321153088,40310.00,8772.00,260000.00,489.60,525
1777321153112,40900.00,8784.00,260000.00,489.60,525
1777321153136,39380.00,8760.00,260000.00,489.60,525
1777321153184,39910.00,8712.00,260000.00,489.60,525
1777321153209,41270.00,8772.00,260000.00,489.60,525
1777321153254,41540.00,8700.00,260000.00,489.60,525
1777321153279,41040.00,8752.00,260000.00,489.60,525
1777321153305,41480.00,8787.00,260000.00,489.60,525
1777321153352,39740.00,8724.00,260000.00,489.60,525
1777321153377,40800.00,8778.00,260000.00,489.60,525
1777321153401,39960.00,8836.00,260000.00,489.60,525
1777321153448,40320.00,8904.00,260000.00,489.60,525
1777321153472,40550.00,8964.00,260000.00,489.60,525
1777321153518,40380.00,8940.00,260000.00,489.60,525
1777321153543,41390.00,8880.00,260000.00,489.60,525
1777321153570,40110.00,8880.00,260000.00,489.60,525
1777321153616,41800.00,8878.00,260000.00,489.60,525
1777321153641,41260.00,8878.00,260000.00,489.60,525
1777321153667,39380.00,8872.00,260000.00,489.60,525
1777321153713,40230.00,8880.00,260000.00,489.60,525
1777321153742,40200.00,8874.00,260000.00,489.60,525
1777321153767,40250.00,8872.00,260000.00,489.60,525
1777321153813,39700.00,8892.00,260000.00,489.60,525
1777321153837,40270.00,8880.00,260000.00,489.60,525
1777321153884,40850.00,8880.00,260000.00,489.60,525
1777321153910,40750.00,8873.00,260000.00,489.60,525
1777321153935,40260.00,8885.00,260000.00,489.60,525
1777321153986,41030.00,8880.00,260000.00,489.60,525
1777321154011,40380.00,8880.00,260000.00,489.60,525
1777321154036,40860.00,8880.00,260000.00,489.60,525
1777321154084,40820.00,8880.00,260000.00,489.60,525
1777321154109,41180.00,8887.00,260000.00,489.60,525
1777321154135,41210.00,8891.00,260000.00,489.60,525
1777321154182,41750.00,8882.00,260000.00,489.60,525
1777321154208,41210.00,8884.00,260000.00,489.60,525
1777321154232,42050.00,8880.00,260000.00,489.60,525
1777321154279,40420.00,8892.00,260000.00,489.60,525
1777321154305,39140.00,8884.00,260000.00,489.60,525
1777321154352,40850.00,8844.00,260000.00,489.60,525
1777321154379,39660.00,8880.00,260000.00,489.60,525
1777321154405,40940.00,8880.00,260000.00,489.60,525
1777321154430,40560.00,8880.00,260000.00,489.60,525
1777321154478,40350.00,8880.00,260000.00,489.60,525
1777321154505,40970.00,8887.00,260000.00,489.60,525
1777321154530,40420.00,8892.00,260000.00,489.60,525
1777321154578,40970.00,8880.00,260000.00,489.60,525
1777321154603,40440.00,8892.00,260000.00,489.60,525
1777321154629,41460.00,8879.00,260000.00,489.60,525
1777321154678,41060.00,8880.00,260000.00,489.60,525
1777321154706,40950.00,8880.00,260000.00,489.60,525
1777321154732,41420.00,8880.00,260000.00,489.60,525
1777321154779,40070.00,8880.00,260000.00,489.60,525
1777321154806,41460.00,8868.00,260000.00,489.60,525
1777321154832,39430.00,8868.00,260000.00,489.60,525
1777321154857,40890.00,8868.00,260000.00,489.60,525
1777321154905,41430.00,8880.00,260000.00,489.60,525
1777321154931,40880.00,8901.00,260000.00,489.60,525
1777321154956,40830.00,8934.00,260000.00,489.60,525
1777321155006,40740.00,8880.00,260000.00,489.60,525
1777321155035,40700.00,8880.00,260000.00,489.60,525
1777321155061,40310.00,8880.00,260000.00,489.60,525
1777321155109,40640.00,8880.00,260000.00,489.60,525
1777321155137,41110.00,8885.00,260000.00,489.60,525
1777321155162,40680.00,8880.00,260000.00,489.60,525
1777321155210,42160.00,8880.00,260000.00,489.60,525
1777321155237,40330.00,8939.00,260000.00,489.60,525
1777321155263,40240.00,8941.00,260000.00,489.60,525
1777321155310,40280.00,8952.00,260000.00,489.60,525
1777321155337,40820.00,9000.00,260000.00,489.60,525
1777321155362,39560.00,8940.00,260000.00,489.60,525
1777321155411,40530.00,8940.00,260000.00,489.60,525
1777321155509,41430.00,8820.00,260000.00,489.60,525
1777321155534,40150.00,8796.00,260000.00,489.60,525
1777321155556,40100.00,8832.00,260000.00,489.60,525
1777321155582,40650.00,8880.00,260000.00,489.60,525
1777321155626,40030.00,8832.00,260000.00,489.60,525
1777321155650,40880.00,8822.00,260000.00,489.60,525
1777321155695,38960.00,8833.00,260000.00,489.60,525
1777321155719,39970.00,8847.00,260000.00,489.60,525
1777321155744,40110.00,8872.00,260000.00,489.60,525
1777321155789,40570.00,8880.00,260000.00,489.60,525
1777321155813,39250.00,8880.00,260000.00,489.60,525
1777321155858,40800.00,8832.00,260000.00,489.60,525
1777321155883,41190.00,8892.00,260000.00,489.60,525
1777321155928,40390.00,8832.00,260000.00,489.60,525
1777321155952,40510.00,8820.00,260000.00,489.60,525
1777321155976,40580.00,8871.00,260000.00,489.60,525
1777321156022,41740.00,8880.00,260000.00,489.60,525
1777321156047,40330.00,8871.00,260000.00,489.60,525
1777321156093,40530.00,8832.00,260000.00,489.60,525
1777321156117,38840.00,8880.00,260000.00,489.60,525
1777321156141,41740.00,8880.00,260000.00,489.60,525
1777321156187,41090.00,8827.00,260000.00,489.60,525
1777321156211,38990.00,8852.00,260000.00,489.60,525
1777321156257,40730.00,8880.00,260000.00,489.60,525
1777321156281,40100.00,8880.00,260000.00,489.60,525
1777321156331,40160.00,8832.00,260000.00,489.60,525
1777321156356,41340.00,8832.00,260000.00,489.60,525
1777321156382,40020.00,8880.00,260000.00,489.60,525
1777321156408,41620.00,8871.00,260000.00,489.60,525
1777321156455,40260.00,8850.00,260000.00,489.60,525
1777321156480,41980.00,8861.00,260000.00,489.60,525
1777321156527,40150.00,8880.00,260000.00,489.60,525
1777321156553,40840.00,8880.00,260000.00,489.60,525
1777321156579,40200.00,8882.00,260000.00,489.60,525
1777321156626,40770.00,8832.00,260000.00,489.60,525
1777321156653,41230.00,8812.00,260000.00,489.60,525
1777321156679,40560.00,8872.00,260000.00,489.60,525
1777321156726,41590.00,8820.00,260000.00,489.60,525
1777321156753,40580.00,8820.00,260000.00,489.60,525
1777321156778,40430.00,8832.00,260000.00,489.60,525
1777321156825,41580.00,8814.00,260000.00,489.60,525
1777321156852,40400.00,8811.00,260000.00,489.60,525
1777321156877,40930.00,8821.00,260000.00,489.60,525
1777321156922,40470.00,8853.00,260000.00,489.60,525
1777321156947,41260.00,8869.00,260000.00,489.60,525
1777321156973,40170.00,8878.00,260000.00,489.60,525
1777321157021,40620.00,8832.00,260000.00,489.60,525
1777321157047,41630.00,8880.00,260000.00,489.60,525
1777321157074,41080.00,8883.00,260000.00,489.60,525
1777321157121,41360.00,8820.00,260000.00,489.60,525
1777321157149,39640.00,8851.00,260000.00,489.60,525
1777321157177,41010.00,8857.00,260000.00,489.60,525
1777321157204,40120.00,8829.00,260000.00,489.60,525
1777321157253,40390.00,8877.00,260000.00,489.60,525
1777321157280,40860.00,8880.00,260000.00,489.60,525
1777321157308,39130.00,8880.00,260000.00,489.60,525
1777321157357,40800.00,8832.00,260000.00,489.60,525
1777321157385,40120.00,8880.00,260000.00,489.60,525
1777321157413,39120.00,8891.00,260000.00,489.60,525
1777321157442,40030.00,8880.00,260000.00,489.60,525
1777321157470,40420.00,8868.00,260000.00,489.60,525
1777321157519,39850.00,8820.00,260000.00,489.60,525
1777321157547,40530.00,8880.00,260000.00,489.60,525
1777321157576,41150.00,8885.00,260000.00,489.60,525
1777321157605,41890.00,8873.00,260000.00,489.60,525
1777321157655,40490.00,8831.00,260000.00,489.60,525
1777321157682,40900.00,8880.00,260000.00,489.60,525
1777321157762,39990.00,8891.00,260000.00,489.60,525
1777321157786,40790.00,8760.00,260000.00,489.60,525
1777321157808,39700.00,8760.00,260000.00,489.60,525
1777321157852,40460.00,8766.00,260000.00,489.60,525
1777321157877,40260.00,8765.00,260000.00,489.60,525
1777321157923,39890.00,8760.00,260000.00,489.60,525
1777321157948,40630.00,8780.00,260000.00,489.60,525
1777321157972,40450.00,8828.00,260000.00,489.60,525
1777321158018,41230.00,8880.00,260000.00,489.60,525
1777321158043,41250.00,8869.00,260000.00,489.60,525
1777321158089,40680.00,8880.00,260000.00,489.60,525
1777321158114,39880.00,8880.00,260000.00,489.60,525
1777321158139,39610.00,8880.00,260000.00,489.60,525
1777321158185,40750.00,8880.00,260000.00,489.60,525
1777321158211,41690.00,8880.00,260000.00,489.60,525
1777321158237,39270.00,8875.00,260000.00,489.60,525
1777321158283,40700.00,8875.00,260000.00,489.60,525
1777321158307,41230.00,8880.00,260000.00,489.60,525
1777321158351,41920.00,8880.00,260000.00,489.60,525
1777321158376,41010.00,8890.00,260000.00,489.60,525
1777321158404,40790.00,8884.00,260000.00,489.60,525
1777321158450,39720.00,8880.00,260000.00,489.60,525
1777321158475,41020.00,8880.00,260000.00,489.60,525
1777321158500,39610.00,8871.00,260000.00,489.60,525
1777321158546,40590.00,8880.00,260000.00,489.60,525
1777321158572,41030.00,8880.00,260000.00,489.60,525
1777321158597,42100.00,8832.00,260000.00,489.60,525
1777321158643,39160.00,8870.00,260000.00,489.60,525
1777321158670,41490.00,8875.00,260000.00,489.60,525
1777321158695,40220.00,8871.00,260000.00,489.60,525
1777321158741,40790.00,8873.00,260000.00,489.60,525
1777321158766,41730.00,8882.00,260000.00,489.60,525
1777321158813,39950.00,8880.00,260000.00,489.60,525
1777321158838,40120.00,8885.00,260000.00,489.60,525
1777321158864,40640.00,8885.00,260000.00,489.60,525
1777321158910,40030.00,8886.00,260000.00,489.60,525
1777321158935,41430.00,8886.00,260000.00,489.60,525
1777321158961,39150.00,8883.00,260000.00,489.60,525
1777321159008,40160.00,8880.00,260000.00,489.60,525
1777321159034,39590.00,8880.00,260000.00,489.60,525
1777321159081,40890.00,8880.00,260000.00,489.60,525
1777321159106,41680.00,8873.00,260000.00,489.60,525
1777321159132,40680.00,8872.00,260000.00,489.60,525
1777321159180,40440.00,8880.00,260000.00,489.60,525
1777321159206,41560.00,8880.00,260000.00,489.60,525
1777321159232,41070.00,8880.00,260000.00,489.60,525
1777321159279,41680.00,8880.00,260000.00,489.60,525
1777321159305,39920.00,8887.00,260000.00,489.60,525
1777321159332,41400.00,8880.00,260000.00,489.60,525
1777321159380,40630.00,8892.00,260000.00,489.60,525
1777321159407,39320.00,8885.00,260000.00,489.60,525
1777321159435,39490.00,8885.00,260000.00,489.60,525
1777321159461,39720.00,8884.00,260000.00,489.60,525
1777321159514,39750.00,8840.00,260000.00,489.60,525
1777321159541,40640.00,8827.00,260000.00,489.60,525
1777321159568,40800.00,8868.00,260000.00,489.60,525
1777321159595,39630.00,8827.00,260000.00,489.60,525
1777321159643,40230.00,8820.00,260000.00,489.60,525
1777321159670,39010.00,8880.00,260000.00,489.60,525
1777321159697,39870.00,8880.00,260000.00,489.60,525
1777321159752,39410.00,8832.00,260000.00,489.60,525
1777321159780,39300.00,8880.00,260000.00,489.60,525
1777321159855,39650.00,8772.00,260000.00,489.60,525
1777321159878,40040.00,8760.00,260000.00,489.60,525
1777321159900,39540.00,8820.00,260000.00,489.60,525
1777321159946,41200.00,8748.00,260000.00,489.60,525
1777321159970,39550.00,8764.00,260000.00,489.60,525
1777321159994,40360.00,8811.00,260000.00,489.60,525
1777321160040,40380.00,8816.00,260000.00,489.60,525
1777321160064,39970.00,8812.00,260000.00,489.60,525
1777321160110,38860.00,8820.00,260000.00,489.60,525
1777321160136,41110.00,8826.00,260000.00,489.60,525
1777321160161,40860.00,8820.00,260000.00,489.60,525
1777321160207,40220.00,8820.00,260000.00,489.60,525
1777321160233,40120.00,8809.00,260000.00,489.60,525
1777321160280,40620.00,8771.00,260000.00,489.60,525
1777321160306,41000.00,8815.00,260000.00,489.60,525
1777321160332,39710.00,8816.00,260000.00,489.60,525
1777321160378,39970.00,8772.00,260000.00,489.60,525
1777321160404,39880.00,8820.00,260000.00,489.60,525
1777321160430,39720.00,8824.00,260000.00,489.60,525
1777321160477,41070.00,8892.00,260000.00,489.60,525
1777321160503,39840.00,8940.00,260000.00,489.60,525
1777321160529,40190.00,9007.00,260000.00,489.60,525
1777321160576,40670.00,8892.00,260000.00,489.60,525
1777321160601,40470.00,8887.00,260000.00,489.60,525
1777321160649,39620.00,8892.00,260000.00,489.60,525
1777321160675,40460.00,8892.00,260000.00,489.60,525
1777321160702,40870.00,8933.00,260000.00,489.60,525
1777321160728,41330.00,8887.00,260000.00,489.60,525
1777321160775,40300.00,8880.00,260000.00,489.60,525
1777321160801,40980.00,8880.00,260000.00,489.60,525
1777321160827,41690.00,8892.00,260000.00,489.60,525
1777321160874,41500.00,8880.00,260000.00,489.60,525
1777321160901,39680.00,8873.00,260000.00,489.60,525
1777321160928,40800.00,8932.00,260000.00,489.60,525
1777321160976,41200.00,8892.00,260000.00,489.60,525
1777321161002,41060.00,8880.00,260000.00,489.60,525
1777321161029,39650.00,8919.00,260000.00,489.60,525
1777321161077,40850.00,8880.00,260000.00,489.60,525
1777321161104,41120.00,8880.00,260000.00,489.60,525
1777321161130,40450.00,8880.00,260000.00,489.60,525
1777321161156,40960.00,8892.00,260000.00,489.60,525
1777321161203,39470.00,8876.00,260000.00,489.60,525
1777321161229,39360.00,8874.00,260000.00,489.60,525
1777321161256,40010.00,8928.00,260000.00,489.60,525
1777321161303,39590.00,8879.00,260000.00,489.60,525
1777321161329,39860.00,8940.00,260000.00,489.60,525
1777321161355,39840.00,8940.00,260000.00,489.60,525
1777321161404,41450.00,8892.00,260000.00,489.60,525
1777321161430,40200.00,8892.00,260000.00,489.60,525
1777321161458,40150.00,8940.00,260000.00,489.60,525
1777321161506,39680.00,8880.00,260000.00,489.60,525
1777321161532,40880.00,8940.00,260000.00,489.60,525
1777321161560,40480.00,8940.00,260000.00,489.60,525
1777321161587,40000.00,8915.00,260000.00,489.60,525
1777321161636,41690.00,8916.00,260000.00,489.60,525
1777321161663,40310.00,8913.00,260000.00,489.60,525
1777321161691,41610.00,8884.00,260000.00,489.60,525
1777321161718,39460.00,8933.00,260000.00,489.60,525
1777321161767,40270.00,8880.00,260000.00,489.60,525
1777321161795,39990.00,8885.00,260000.00,489.60,525
1777321161827,39560.00,8933.00,260000.00,489.60,525
1777321161855,41590.00,8948.00,260000.00,489.60,525
1777321161882,40290.00,8940.00,260000.00,489.60,525
1777321161931,39250.00,8920.00,260000.00,489.60,525
1777321161959,40950.00,8885.00,260000.00,489.60,525
1777321161987,41170.00,8874.00,260000.00,489.60,525
1777321162034,40870.00,8880.00,260000.00,489.60,525
1777321162064,40500.00,8892.00,260000.00,489.60,525
1777321162092,40840.00,8880.00,260000.00,489.60,525
1777321162121,40610.00,8880.00,260000.00,489.60,525
1777321162149,40640.00,8928.00,260000.00,489.60,525
1777321162200,40940.00,8890.00,260000.00,489.60,525
1777321162227,39920.00,8892.00,260000.00,489.60,525
1777321162255,41200.00,8942.00,260000.00,489.60,525
1777321162283,41450.00,8939.00,260000.00,489.60,525
1777321162333,40890.00,8892.00,260000.00,489.60,525
1777321162361,39900.00,8940.00,260000.00,489.60,525
1777321162391,39540.00,8928.00,260000.00,489.60,525
1777321162421,39420.00,8928.00,260000.00,489.60,525
1777321162450,40030.00,8939.00,260000.00,489.60,525
1777321162499,40510.00,8880.00,260000.00,489.60,525
1777321162529,39900.00,8931.00,260000.00,489.60,525
1777321162558,40380.00,8909.00,260000.00,489.60,525
1777321162586,40100.00,8900.00,260000.00,489.60,525
1777321162677,80150.00,8820.00,260000.00,979.20,1050
1777321162721,40730.00,8880.00,260000.00,489.60,525
1777321162745,40840.00,8940.00,260000.00,489.60,525
1777321162789,41040.00,8925.00,260000.00,489.60,525
1777321162813,39920.00,8909.00,260000.00,489.60,525
1777321162839,40910.00,8940.00,260000.00,489.60,525
1777321162884,40430.00,8899.00,260000.00,489.60,525
1777321162908,40260.00,8935.00,260000.00,489.60,525
1777321162954,39240.00,8923.00,260000.00,489.60,525
1777321162978,39940.00,8944.00,260000.00,489.60,525
1777321163003,40430.00,8892.00,260000.00,489.60,525
1777321163049,40320.00,8905.00,260000.00,489.60,525
1777321163073,40370.00,8928.00,260000.00,489.60,525
1777321163118,40930.00,8936.00,260000.00,489.60,525
1777321163143,40180.00,8940.00,260000.00,489.60,525
1777321163167,39260.00,8928.00,260000.00,489.60,525
1777321163213,40810.00,8940.00,260000.00,489.60,525
1777321163238,40600.00,8931.00,260000.00,489.60,525
1777321163283,41060.00,8940.00,260000.00,489.60,525
1777321163308,39810.00,8940.00,260000.00,489.60,525
1777321163332,39900.00,8940.00,260000.00,489.60,525
1777321163378,40290.00,8928.00,260000.00,489.60,525
1777321163403,40610.00,8928.00,260000.00,489.60,525
1777321163449,40400.00,8940.00,260000.00,489.60,525
1777321163474,40260.00,8933.00,260000.00,489.60,525
1777321163498,40530.00,8940.00,260000.00,489.60,525
1777321163544,40690.00,8939.00,260000.00,489.60,525
1777321163570,40410.00,8933.00,260000.00,489.60,525
1777321163616,40790.00,8952.00,260000.00,489.60,525
1777321163641,40800.00,8952.00,260000.00,489.60,525
1777321163666,40040.00,8947.00,260000.00,489.60,525
1777321163713,41470.00,8898.00,260000.00,489.60,525
1777321163738,40120.00,8940.00,260000.00,489.60,525
1777321163763,40550.00,8940.00,260000.00,489.60,525
1777321163811,40490.00,8940.00,260000.00,489.60,525
1777321163837,40260.00,8944.00,260000.00,489.60,525
1777321163863,39100.00,8944.00,260000.00,489.60,525
1777321163910,41090.00,8940.00,260000.00,489.60,525
1777321163936,38970.00,8940.00,260000.00,489.60,525
1777321163962,40450.00,8944.00,260000.00,489.60,525
1777321164010,39440.00,8940.00,260000.00,489.60,525
1777321164037,40130.00,8940.00,260000.00,489.60,525
1777321164063,39830.00,8940.00,260000.00,489.60,525
1777321164111,40130.00,8945.00,260000.00,489.60,525
1777321164138,40900.00,8940.00,260000.00,489.60,525
1777321164165,39620.00,8940.00,260000.00,489.60,525
1777321164212,41210.00,8940.00,260000.00,489.60,525
1777321164240,40410.00,8929.00,260000.00,489.60,525
1777321164266,41140.00,8932.00,260000.00,489.60,525
1777321164294,39490.00,8931.00,260000.00,489.60,525
1777321164343,40940.00,8892.00,260000.00,489.60,525
1777321164370,39560.00,8940.00,260000.00,489.60,525
1777321164397,40880.00,8940.00,260000.00,489.60,525
1777321164446,41070.00,8902.00,260000.00,489.60,525
1777321164474,40620.00,8883.00,260000.00,489.60,525
1777321164501,39690.00,8936.00,260000.00,489.60,525
1777321164529,39910.00,8934.00,260000.00,489.60,525
1777321164579,40800.00,8952.00,260000.00,489.60,525
1777321164607,41230.00,8898.00,260000.00,489.60,525
1777321164635,41370.00,8944.00,260000.00,489.60,525
1777321164663,40270.00,8940.00,260000.00,489.60,525
1777321164690,39600.00,8934.00,260000.00,489.60,525
1777321164740,40530.00,8940.00,260000.00,489.60,525
1777321164766,40660.00,8940.00,260000.00,489.60,525
1777321164792,40170.00,8940.00,260000.00,489.60,525
1777321164841,40610.00,9000.00,260000.00,489.60,525
1777321164867,39710.00,9008.00,260000.00,489.60,525
1777321164893,41070.00,8994.00,260000.00,489.60,525
1777321164941,40940.00,9012.00,260000.00,489.60,525
1777321164968,41120.00,9000.00,260000.00,489.60,525
1777321165255,40760.00,8508.00,260000.00,489.60,525
1777321165381,80300.00,8388.00,260000.00,979.20,1050
1777321165405,8930.00,8436.00,260000.00,339.30,0
1777321165451,9250.00,8445.00,260000.00,339.30,0
1777321165475,8980.00,8445.00,260000.00,339.30,0
1777321165519,9170.00,8397.00,260000.00,339.30,0
1777321165543,8890.00,8385.00,260000.00,339.30,0
1777321165567,40440.00,8445.00,260000.00,515.36,525
1777321165612,40600.00,8388.00,260000.00,522.26,525
1777321165637,40080.00,8426.00,260000.00,524.56,525
1777321165683,40200.00,8433.00,260000.00,517.20,525
1777321165707,9150.00,8399.00,260000.00,339.30,0
1777321165752,8920.00,8395.00,260000.00,339.30,0
1777321165776,40340.00,8448.00,260000.00,517.66,525
1777321165801,39870.00,8448.00,260000.00,520.42,525
1777321165846,8800.00,8371.00,260000.00,339.30,0
1777321165873,9100.00,8445.00,260000.00,339.30,0
1777321165919,40370.00,8400.00,260000.00,521.34,525
1777321165944,9130.00,8375.00,260000.00,339.30,0
1777321165968,39010.00,8445.00,260000.00,522.26,525
1777321166014,41070.00,8400.00,260000.00,515.82,525
1777321166038,40980.00,8400.00,260000.00,519.96,525
1777321166084,40700.00,8424.00,260000.00,522.26,525
1777321166110,41020.00,8443.00,260000.00,516.28,525
1777321166135,40540.00,8455.00,260000.00,520.88,525
1777321166182,40900.00,8400.00,260000.00,515.36,525
1777321166208,41420.00,8448.00,260000.00,517.66,525
1777321166234,41240.00,8448.00,260000.00,519.96,525
1777321166281,40450.00,8400.00,260000.00,519.04,525
1777321166306,40910.00,8448.00,260000.00,518.58,525
1777321166332,40190.00,8448.00,260000.00,524.10,525
1777321166380,40640.00,8400.00,260000.00,518.58,525
1777321166406,39520.00,8448.00,260000.00,523.64,525
1777321166433,40560.00,8448.00,260000.00,518.58,525
1777321166480,41250.00,8400.00,260000.00,516.28,525
1777321166507,40470.00,8448.00,260000.00,520.88,525
1777321166533,41480.00,8448.00,260000.00,513.98,525
1777321166581,40290.00,8400.00,260000.00,522.72,525
1777321166607,40890.00,8375.00,260000.00,514.90,525
1777321166634,41960.00,8428.00,260000.00,513.52,525
1777321166682,41160.00,8400.00,260000.00,512.60,525
1777321166710,40420.00,8400.00,260000.00,521.80,525
1777321166736,39230.00,8448.00,260000.00,522.26,525
1777321166763,40310.00,8433.00,260000.00,517.20,525
1777321166811,40820.00,8389.00,260000.00,519.04,525
1777321166838,40690.00,8367.00,260000.00,515.82,525
1777321166866,40450.00,8367.00,260000.00,521.80,525
1777321166894,41230.00,8388.00,260000.00,521.34,525
1777321166941,39340.00,8400.00,260000.00,522.72,525
1777321166969,41180.00,8403.00,260000.00,513.98,525
1777321166996,40740.00,8385.00,260000.00,516.28,525
1777321167045,42170.00,8388.00,260000.00,513.52,525
1777321167075,41270.00,8400.00,260000.00,514.44,525
1777321167104,39660.00,8460.00,260000.00,524.10,525
1777321167132,40300.00,8412.00,260000.00,521.34,525
1777321167159,40040.00,8412.00,260000.00,520.88,525
1777321167206,39330.00,8440.00,260000.00,579.30,525
1777321167233,40650.00,8396.00,260000.00,579.30,525
1777321167261,40110.00,8397.00,260000.00,513.98,525
1777321167311,41720.00,8399.00,260000.00,513.52,525
1777321167340,40700.00,8448.00,260000.00,523.18,525
1777321167369,40040.00,8447.00,260000.00,520.42,525
1777321167397,40370.00,8460.00,260000.00,518.12,525
1777321167425,41280.00,8435.00,260000.00,519.96,525
1777321167475,40240.00,8362.00,260000.00,517.20,525
1777321167503,41490.00,8425.00,260000.00,517.66,525
1777321167531,39830.00,8428.00,260000.00,519.96,525
1777321167560,39560.00,8428.00,260000.00,528.70,525
1777321167589,41710.00,8453.00,260000.00,515.36,525
1777321167639,40740.00,8460.00,260000.00,521.80,525
1777321167667,40160.00,8508.00,260000.00,523.18,525
1777321167696,40640.00,8448.00,260000.00,513.52,525
1777321167725,38600.00,8508.00,260000.00,579.30,525
1777321167813,40680.00,8391.00,260000.00,579.30,525
1777321167837,40350.00,8400.00,260000.00,579.30,525
1777321167882,40720.00,8400.00,260000.00,550.32,525
1777321167906,40500.00,8361.00,260000.00,548.48,525
1777321167951,40930.00,8350.00,260000.00,579.30,525
1777321167975,41370.00,8349.00,260000.00,579.30,525
1777321167999,39220.00,8397.00,260000.00,579.30,525
1777321168044,40630.00,8400.00,260000.00,579.30,525
1777321168068,40050.00,8400.00,260000.00,579.30,525
1777321168114,40540.00,8400.00,260000.00,547.10,525
1777321168139,39290.00,8351.00,260000.00,553.54,525
1777321168164,41290.00,8360.00,260000.00,552.16,525
1777321168210,40010.00,8400.00,260000.00,545.72,525
1777321168234,39860.00,8363.00,260000.00,542.50,525
1777321168280,40060.00,8364.00,260000.00,551.70,525
1777321168305,40450.00,8349.00,260000.00,579.30,525
1777321168331,40950.00,8337.00,260000.00,579.30,525
1777321168377,40210.00,8349.00,260000.00,579.30,525
1777321168402,40730.00,8349.00,260000.00,579.30,525
1777321168447,41030.00,8399.00,260000.00,579.30,525
1777321168472,40000.00,8400.00,260000.00,579.30,525
1777321168498,40550.00,8349.00,260000.00,579.30,525
1777321168544,39780.00,8391.00,260000.00,548.94,525
1777321168568,39890.00,8357.00,260000.00,556.76,525
1777321168615,39150.00,8388.00,260000.00,540.66,525
1777321168640,41630.00,8388.00,260000.00,556.30,525
1777321168665,39590.00,8400.00,260000.00,542.50,525
1777321168712,39460.00,8396.00,260000.00,547.10,525
1777321168738,40270.00,8400.00,260000.00,551.24,525
1777321168764,40540.00,8363.00,260000.00,546.18,525
1777321168811,40480.00,8388.00,260000.00,516.74,525
1777321168837,41300.00,8395.00,260000.00,541.58,525
1777321168862,41170.00,8394.00,260000.00,524.56,525
1777321168909,39660.00,8388.00,260000.00,515.36,525
1777321168935,40580.00,8388.00,260000.00,519.50,525
1777321168962,40660.00,8366.00,260000.00,522.72,525
1777321169010,40130.00,8374.00,260000.00,518.12,525
1777321169035,40940.00,8388.00,260000.00,522.26,525
1777321169060,39260.00,8388.00,260000.00,512.60,525
1777321169107,39650.00,8388.00,260000.00,515.36,525
1777321169134,40150.00,8388.00,260000.00,519.50,525
1777321169184,41910.00,8328.00,260000.00,527.78,525
1777321169210,40620.00,8388.00,260000.00,522.26,525
1777321169236,41270.00,8400.00,260000.00,524.10,525
1777321169271,40030.00,8400.00,260000.00,515.36,525
1777321169298,41250.00,8365.00,260000.00,518.58,525
1777321169346,40860.00,8388.00,260000.00,519.04,525
1777321169373,40630.00,8377.00,260000.00,522.72,525
1777321169399,40160.00,8400.00,260000.00,514.44,525
1777321169447,40020.00,8388.00,260000.00,518.12,525
1777321169474,40230.00,8396.00,260000.00,521.34,525
1777321169500,39920.00,8391.00,260000.00,518.12,525
1777321169528,40440.00,8400.00,260000.00,489.60,525
1777321169575,38780.00,8388.00,260000.00,489.60,525
1777321169600,40950.00,8388.00,260000.00,489.60,525
1777321169626,41140.00,8388.00,260000.00,489.60,525
1777321169674,40710.00,8353.00,260000.00,551.70,525
1777321169702,39570.00,8301.00,260000.00,547.56,525
1777321169727,39570.00,8350.00,260000.00,489.60,525
1777321169773,40690.00,8353.00,260000.00,550.78,525
1777321169799,40440.00,8354.00,260000.00,547.56,525
1777321169824,39570.00,8388.00,260000.00,489.60,525
1777321169930,41250.00,8268.00,260000.00,521.34,525
1777321169955,41250.00,8280.00,260000.00,489.60,525
1777321170003,40580.00,8292.00,260000.00,489.60,525
1777321170028,39740.00,8349.00,260000.00,489.60,525
1777321170053,39640.00,8409.00,260000.00,489.60,525
1777321170099,39800.00,8472.00,260000.00,489.60,525
1777321170124,41460.00,8532.00,260000.00,489.60,525
1777321170149,39920.00,8592.00,260000.00,489.60,525
1777321170196,40660.00,8652.00,260000.00,550.78,525
1777321170221,40420.00,8712.00,260000.00,545.72,525
1777321170247,41620.00,8772.00,260000.00,549.86,525
1777321170293,40700.00,8831.00,260000.00,559.06,525
1777321170319,41040.00,8891.00,260000.00,555.84,525
1777321170345,39760.00,8951.00,260000.00,553.08,525
1777321170392,40040.00,8884.00,260000.00,489.60,525
1777321170418,40350.00,8844.00,260000.00,518.58,525
1777321170443,40000.00,8826.00,260000.00,524.10,525
1777321170489,39680.00,8799.00,260000.00,524.56,525
1777321170515,40930.00,8855.00,260000.00,520.88,525
1777321170562,40840.00,8806.00,260000.00,518.58,525
1777321170588,40310.00,8824.00,260000.00,521.80,525
1777321170614,40890.00,8872.00,260000.00,519.50,525
1777321170662,39560.00,8820.00,260000.00,519.50,525
1777321170687,40340.00,8859.00,260000.00,520.42,525
1777321170714,40400.00,8863.00,260000.00,519.96,525
1777321170761,40570.00,8820.00,260000.00,520.88,525
1777321170788,40450.00,8820.00,260000.00,515.36,525
1777321170815,40370.00,8880.00,260000.00,521.34,525
1777321170863,40590.00,8823.00,260000.00,516.74,525
1777321170890,40950.00,8823.00,260000.00,516.74,525
1777321170939,39470.00,8845.00,260000.00,520.42,525
1777321170966,40410.00,8823.00,260000.00,519.04,525
1777321170992,40310.00,8846.00,260000.00,521.34,525
1777321171020,40040.00,8858.00,260000.00,519.96,525
1777321171048,39920.00,8829.00,260000.00,524.10,525
1777321171074,40960.00,8856.00,260000.00,515.36,525
1777321171121,39760.00,8820.00,260000.00,525.02,525
1777321171148,41360.00,8820.00,260000.00,517.66,525
1777321171175,39950.00,8824.00,260000.00,526.40,525
1777321171222,39180.00,8800.00,260000.00,529.16,525
1777321171250,40340.00,8794.00,260000.00,517.20,525
1777321171277,41020.00,8880.00,260000.00,520.42,525
1777321171305,39690.00,8880.00,260000.00,525.02,525
1777321171353,40740.00,8847.00,260000.00,516.28,525
1777321171379,40130.00,8861.00,260000.00,521.34,525
1777321171408,40190.00,8858.00,260000.00,520.88,525
1777321171457,40250.00,8841.00,260000.00,519.96,525
1777321171484,40400.00,8880.00,260000.00,520.88,525
1777321171512,40740.00,8880.00,260000.00,519.50,525
1777321171540,41470.00,8854.00,260000.00,513.98,525
1777321171588,40130.00,8861.00,260000.00,516.28,525
1777321171615,41010.00,8852.00,260000.00,516.74,525
1777321171641,39150.00,8851.00,260000.00,524.10,525
1777321171690,40270.00,8870.00,260000.00,520.88,525
1777321171717,41790.00,8859.00,260000.00,511.68,525
1777321171742,39120.00,8874.00,260000.00,526.40,525
1777321171770,40210.00,8881.00,260000.00,521.34,525
1777321171816,41000.00,8880.00,260000.00,513.52,525
1777321171844,41030.00,8883.00,260000.00,517.20,525
1777321171870,39620.00,8857.00,260000.00,521.34,525
1777321171919,40220.00,8802.00,260000.00,517.66,525
1777321171946,40930.00,8862.00,260000.00,518.58,525
1777321171972,40820.00,8880.00,260000.00,517.20,525
1777321172022,40180.00,8843.00,260000.00,528.70,525
1777321172050,40570.00,8880.00,260000.00,520.88,525
1777321172076,40570.00,8880.00,260000.00,520.88,525
1777321172100,41730.00,8880.00,260000.00,514.44,525
1777321172149,40750.00,8820.00,260000.00,515.82,525
1777321172177,39940.00,8797.00,260000.00,523.64,525
1777321172206,40930.00,8853.00,260000.00,517.66,525
1777321172255,39640.00,8871.00,260000.00,525.48,525
1777321172284,40760.00,8842.00,260000.00,515.36,525
1777321172312,41170.00,8865.00,260000.00,512.60,525
1777321172339,39380.00,8859.00,260000.00,520.42,525
1777321172366,39560.00,8856.00,260000.00,524.10,525
1777321172416,39770.00,8844.00,260000.00,521.80,525
1777321172443,41260.00,8869.00,260000.00,515.82,525
1777321172471,40440.00,8905.00,260000.00,519.04,525
1777321172499,39030.00,8904.00,260000.00,523.64,525
1777321172547,41060.00,8824.00,260000.00,515.36,525
1777321172574,41030.00,8820.00,260000.00,519.50,525
1777321172602,40200.00,8820.00,260000.00,522.72,525
1777321172631,40420.00,8880.00,260000.00,516.74,525
1777321172679,39450.00,8808.00,260000.00,526.40,525
1777321172708,40540.00,8838.00,260000.00,522.26,525
1777321172738,40610.00,8820.00,260000.00,517.66,525
1777321172768,40420.00,8880.00,260000.00,514.44,525
1777321172796,41580.00,8940.00,260000.00,514.44,525
1777321172846,40960.00,8931.00,260000.00,522.26,525
1777321172877,41160.00,8940.00,260000.00,518.58,525
1777321172904,40510.00,8954.00,260000.00,513.98,525
1777321172994,40310.00,8857.00,260000.00,518.12,525
1777321173016,40710.00,8871.00,260000.00,517.20,525
1777321173120,42430.00,8737.00,260000.00,514.44,525
1777321173144,41690.00,8748.00,260000.00,515.82,525
1777321173188,39750.00,8700.00,260000.00,524.10,525
1777321173212,39660.00,8760.00,260000.00,521.34,525
1777321173256,40980.00,8770.00,260000.00,520.88,525
1777321173280,41490.00,8757.00,260000.00,511.68,525
1777321173304,41170.00,8777.00,260000.00,518.12,525
1777321173348,41030.00,8736.00,260000.00,518.58,525
1777321173372,40710.00,8793.00,260000.00,518.12,525
1777321173417,41450.00,8739.00,260000.00,511.68,525
1777321173440,40930.00,8741.00,260000.00,515.82,525
1777321173485,38900.00,8751.00,260000.00,524.10,525
1777321173509,41050.00,8751.00,260000.00,517.20,525
1777321173553,41400.00,8737.00,260000.00,519.96,525
1777321173577,39380.00,8703.00,260000.00,519.96,525
1777321173621,40620.00,8708.00,260000.00,519.50,525
1777321173646,40750.00,8704.00,260000.00,516.74,525
1777321173669,40890.00,8710.00,260000.00,517.20,525
1777321173715,40650.00,8745.00,260000.00,513.98,525
1777321173738,39330.00,8740.00,260000.00,519.04,525
1777321173784,41400.00,8736.00,260000.00,516.74,525
1777321173810,41000.00,8736.00,260000.00,518.12,525
1777321173835,40230.00,8705.00,260000.00,519.96,525
1777321173881,40370.00,8697.00,260000.00,514.44,525
1777321173906,41110.00,8737.00,260000.00,515.82,525
1777321173952,40630.00,8705.00,260000.00,520.42,525
1777321173977,39710.00,8710.00,260000.00,523.18,525
1777321174022,40170.00,8700.00,260000.00,523.64,525
1777321174048,40470.00,8680.00,260000.00,522.72,525
1777321174071,41560.00,8697.00,260000.00,519.04,525
1777321174118,41320.00,8700.00,260000.00,517.20,525
1777321174143,40390.00,8725.00,260000.00,518.12,525
1777321174189,41220.00,8759.00,260000.00,514.90,525
1777321174213,41050.00,8760.00,260000.00,519.96,525
1777321174238,41570.00,8760.00,260000.00,512.60,525
1777321174285,40080.00,8723.00,260000.00,517.20,525
1777321174310,41150.00,8724.00,260000.00,517.20,525
1777321174336,40190.00,8760.00,260000.00,521.80,525
1777321174382,40760.00,8680.00,260000.00,519.50,525
1777321174407,41510.00,8702.00,260000.00,513.98,525
1777321174433,41380.00,8743.00,260000.00,515.36,525
1777321174482,40770.00,8750.00,260000.00,516.28,525
1777321174507,40120.00,8702.00,260000.00,519.50,525
1777321174531,40630.00,8760.00,260000.00,520.88,525
1777321174578,40710.00,8760.00,260000.00,515.82,525
1777321174605,41140.00,8740.00,260000.00,520.42,525
1777321174652,41290.00,8700.00,260000.00,516.74,525
1777321174678,40360.00,8742.00,260000.00,518.58,525
1777321174703,40710.00,8777.00,260000.00,516.28,525
1777321174750,40440.00,8712.00,260000.00,518.58,525
1777321174776,41380.00,8735.00,260000.00,516.28,525
1777321174804,39600.00,8704.00,260000.00,524.56,525
1777321174852,40710.00,8730.00,260000.00,519.96,525
1777321174879,39890.00,8790.00,260000.00,519.96,525
1777321174906,40200.00,8850.00,260000.00,518.12,525
1777321174934,41110.00,8880.00,260000.00,519.50,525
1777321174982,39950.00,8820.00,260000.00,518.58,525
1777321175009,40060.00,8857.00,260000.00,517.20,525
1777321175036,40400.00,8826.00,260000.00,514.90,525
1777321175063,41060.00,8813.00,260000.00,521.34,525
1777321175111,41200.00,8820.00,260000.00,513.98,525
1777321175138,40370.00,8797.00,260000.00,516.28,525
1777321175165,40830.00,8832.00,260000.00,513.52,525
1777321175214,39440.00,8820.00,260000.00,526.86,525
1777321175241,39520.00,8820.00,260000.00,525.02,525
1777321175268,40440.00,8820.00,260000.00,519.04,525
1777321175295,40140.00,8859.00,260000.00,522.26,525
1777321175361,39810.00,8820.00,260000.00,517.66,525
1777321175387,41010.00,8820.00,260000.00,517.66,525
1777321175414,40450.00,8820.00,260000.00,521.34,525
1777321175441,41310.00,8880.00,260000.00,511.22,525
1777321175468,40430.00,8884.00,260000.00,517.20,525
1777321175496,39900.00,8898.00,260000.00,520.42,525
1777321175545,39320.00,8845.00,260000.00,525.94,525
1777321175571,40140.00,8825.00,260000.00,517.66,525
1777321175599,39990.00,8826.00,260000.00,521.80,525
1777321175650,39470.00,8820.00,260000.00,522.26,525
1777321175679,39820.00,8845.00,260000.00,520.42,525
1777321175707,41640.00,8820.00,260000.00,515.82,525
1777321175735,39970.00,8820.00,260000.00,520.88,525
1777321175763,40440.00,8880.00,260000.00,521.80,525
1777321175814,41130.00,8805.00,260000.00,517.20,525
1777321175844,40500.00,8796.00,260000.00,518.12,525
1777321175871,40210.00,8861.00,260000.00,523.18,525
1777321175900,40030.00,8859.00,260000.00,521.34,525
1777321175928,40600.00,8857.00,260000.00,522.72,525
1777321175979,40750.00,8830.00,260000.00,515.36,525
1777321176006,39430.00,8845.00,260000.00,521.34,525
1777321176035,41480.00,8802.00,260000.00,514.44,525
1777321176064,39520.00,8798.00,260000.00,524.10,525
1777321176093,40550.00,8843.00,260000.00,519.96,525
1777321176171,41390.00,8815.00,260000.00,520.42,525
1777321176195,40760.00,8831.00,260000.00,519.96,525
1777321176241,40420.00,8789.00,260000.00,516.28,525
1777321176265,40010.00,8760.00,260000.00,519.96,525
1777321176311,40940.00,8742.00,260000.00,519.50,525
1777321176336,39380.00,8735.00,260000.00,523.64,525
1777321176360,41350.00,8765.00,260000.00,517.20,525
1777321176406,39960.00,8757.00,260000.00,520.42,525
1777321176432,39560.00,8758.00,260000.00,518.58,525
1777321176457,39790.00,8795.00,260000.00,519.04,525
1777321176502,40290.00,8745.00,260000.00,522.72,525
1777321176527,39780.00,8763.00,260000.00,522.26,525
1777321176573,39700.00,8782.00,260000.00,522.26,525
1777321176597,41370.00,8744.00,260000.00,513.98,525
1777321176623,40830.00,8759.00,260000.00,522.72,525
1777321176669,41590.00,8760.00,260000.00,510.76,525
1777321176694,40550.00,8820.00,260000.00,519.50,525
1777321176740,40830.00,8760.00,260000.00,513.98,525
1777321176765,39890.00,8788.00,260000.00,524.10,525
1777321176790,41140.00,8785.00,260000.00,522.26,525
1777321176836,40490.00,8760.00,260000.00,520.88,525
1777321176862,41190.00,8784.00,260000.00,521.34,525
1777321176887,41160.00,8809.00,260000.00,515.82,525
1777321176933,41580.00,8780.00,260000.00,518.12,525
1777321176958,39920.00,8741.00,260000.00,518.58,525
1777321176984,40680.00,8761.00,260000.00,516.28,525
1777321177031,40170.00,8819.00,260000.00,516.74,525
1777321177058,40930.00,8796.00,260000.00,520.88,525
1777321177105,40790.00,8760.00,260000.00,514.44,525
1777321177131,40480.00,8760.00,260000.00,521.80,525
1777321177157,39930.00,8798.00,260000.00,524.10,525
1777321177183,40810.00,8815.00,260000.00,518.58,525
1777321177230,40060.00,8756.00,260000.00,523.64,525
1777321177257,40340.00,8796.00,260000.00,520.42,525
1777321177283,40400.00,8797.00,260000.00,520.42,525
1777321177330,39900.00,8782.00,260000.00,520.88,525
1777321177356,39720.00,8785.00,260000.00,520.42,525
1777321177382,40720.00,8752.00,260000.00,521.34,525
1777321177429,40550.00,8760.00,260000.00,522.72,525
1777321177456,41180.00,8737.00,260000.00,520.42,525
1777321177482,39910.00,8734.00,260000.00,524.10,525
1777321177527,40770.00,8765.00,260000.00,522.26,525
1777321177553,40280.00,8798.00,260000.00,517.20,525
1777321177580,40860.00,8806.00,260000.00,517.66,525
1777321177627,40360.00,8760.00,260000.00,518.12,525
1777321177652,39410.00,8759.00,260000.00,523.18,525
1777321177678,40860.00,8777.00,260000.00,513.52,525
1777321177726,39360.00,8737.00,260000.00,519.96,525
1777321177755,40590.00,8735.00,260000.00,512.60,525
1777321177781,39520.00,8738.00,260000.00,519.50,525
1777321177829,41340.00,8745.00,260000.00,515.36,525
1777321177854,40200.00,8768.00,260000.00,522.72,525
1777321177878,41050.00,8820.00,260000.00,516.28,525
1777321177926,41290.00,8782.00,260000.00,518.12,525
1777321177951,40210.00,8820.00,260000.00,518.12,525
1777321177976,41620.00,8881.00,260000.00,513.52,525
1777321178024,41050.00,8844.00,260000.00,517.66,525
1777321178050,39630.00,8880.00,260000.00,525.48,525
1777321178078,40550.00,8940.00,260000.00,518.12,525
1777321178126,40610.00,9000.00,260000.00,519.50,525
1777321178152,39310.00,8941.00,260000.00,522.72,525
1777321178177,39970.00,8975.00,260000.00,523.18,525
1777321178226,40270.00,8965.00,260000.00,524.10,525
1777321178254,41300.00,9000.00,260000.00,517.66,525
1777321178281,40020.00,9025.00,260000.00,521.80,525
1777321178309,40170.00,9002.00,260000.00,521.80,525
1777321178358,39360.00,8973.00,260000.00,519.50,525
1777321178388,40640.00,8964.00,260000.00,519.04,525
1777321178415,39790.00,9020.00,260000.00,523.18,525
1777321178444,40820.00,9018.00,260000.00,520.42,525
1777321178493,40240.00,8999.00,260000.00,524.56,525
1777321178520,39460.00,8927.00,260000.00,522.72,525
1777321178547,41340.00,8978.00,260000.00,513.52,525
1777321178597,40240.00,8940.00,260000.00,519.50,525
1777321178625,40620.00,9000.00,260000.00,520.42,525
1777321178653,40360.00,8965.00,260000.00,518.58,525
1777321178681,40560.00,8939.00,260000.00,517.66,525
1777321178709,39020.00,9024.00,260000.00,529.62,525
1777321178759,41120.00,8940.00,260000.00,517.66,525
1777321178789,40260.00,9000.00,260000.00,517.20,525
1777321178817,40050.00,9023.00,260000.00,524.56,525
1777321178845,41130.00,8999.00,260000.00,517.66,525
1777321178872,39330.00,9006.00,260000.00,521.80,525
1777321178923,40590.00,8986.00,260000.00,519.04,525
1777321178951,39130.00,8998.00,260000.00,523.18,525
1777321179032,40750.00,8894.00,260000.00,516.74,525
1777321179056,40590.00,8906.00,260000.00,517.20,525
1777321179079,41690.00,8904.00,260000.00,513.98,525
1777321179124,40380.00,8887.00,260000.00,520.42,525
1777321179148,40090.00,8905.00,260000.00,522.26,525
1777321179173,39690.00,8924.00,260000.00,519.04,525
1777321179218,40690.00,8932.00,260000.00,525.02,525
1777321179242,40020.00,8932.00,260000.00,521.80,525
1777321179287,40330.00,8940.00,260000.00,520.42,525
1777321179311,41140.00,8919.00,260000.00,522.26,525
1777321179356,40610.00,8891.00,260000.00,517.66,525
1777321179381,41340.00,8945.00,260000.00,516.74,525
1777321179406,40650.00,8945.00,260000.00,521.80,525
1777321179451,39900.00,8903.00,260000.00,523.18,525
1777321179476,40950.00,8916.00,260000.00,516.28,525
1777321179522,40750.00,8880.00,260000.00,519.04,525
1777321179547,39600.00,8866.00,260000.00,519.50,525
1777321179572,40870.00,8915.00,260000.00,519.96,525
1777321179618,40150.00,8891.00,260000.00,519.04,525
1777321179643,40360.00,8918.00,260000.00,520.88,525
1777321179667,39710.00,8934.00,260000.00,520.42,525
1777321179714,41730.00,8878.00,260000.00,513.98,525
1777321179739,40130.00,8922.00,260000.00,517.66,525
1777321179785,40470.00,8964.00,260000.00,521.80,525
1777321179810,40130.00,8961.00,260000.00,520.88,525
1777321179835,39930.00,8917.00,260000.00,519.50,525
1777321179881,40140.00,8940.00,260000.00,518.58,525
1777321179907,40790.00,8940.00,260000.00,516.74,525
1777321179954,40340.00,8888.00,260000.00,521.34,525
1777321179979,39990.00,8918.00,260000.00,529.16,525
1777321180004,40200.00,8940.00,260000.00,515.82,525
1777321180053,40310.00,8903.00,260000.00,520.88,525
1777321180078,39700.00,8890.00,260000.00,527.32,525
1777321180104,41310.00,8914.00,260000.00,515.36,525
1777321180130,39410.00,8962.00,260000.00,521.34,525
1777321180176,40720.00,8854.00,260000.00,518.58,525
1777321180202,41030.00,8915.00,260000.00,520.88,525
1777321180249,40310.00,8905.00,260000.00,515.36,525
1777321180275,41060.00,8899.00,260000.00,513.98,525
1777321180300,40690.00,8911.00,260000.00,517.20,525
1777321180348,40740.00,8916.00,260000.00,519.50,525
1777321180374,40410.00,8923.00,260000.00,520.42,525
1777321180400,40160.00,8917.00,260000.00,521.34,525
1777321180447,40910.00,8940.00,260000.00,516.28,525
1777321180473,40240.00,8916.00,260000.00,523.64,525
1777321180499,40960.00,8889.00,260000.00,517.20,525
1777321180547,41380.00,8940.00,260000.00,516.28,525
1777321180572,39590.00,8963.00,260000.00,521.34,525
1777321180597,39770.00,8959.00,260000.00,523.64,525
1777321180645,40570.00,8940.00,260000.00,518.12,525
1777321180671,41420.00,8940.00,260000.00,515.36,525
1777321180699,40050.00,8917.00,260000.00,524.10,525
1777321180746,39430.00,8878.00,260000.00,521.34,525
1777321180773,40390.00,8940.00,260000.00,519.96,525
1777321180800,39980.00,8953.00,260000.00,518.12,525
1777321180826,39800.00,8944.00,260000.00,519.04,525
1777321180872,40060.00,8940.00,260000.00,521.34,525
1777321180899,41020.00,8940.00,260000.00,518.58,525
1777321180926,40960.00,8941.00,260000.00,520.88,525
1777321180975,40500.00,8940.00,260000.00,521.34,525
1777321181003,40180.00,8915.00,260000.00,521.80,525
1777321181031,39810.00,8965.00,260000.00,521.80,525
1777321181080,40650.00,8880.00,260000.00,518.12,525
1777321181107,40440.00,8855.00,260000.00,515.36,525
1777321181135,39520.00,8916.00,260000.00,518.58,525
1777321181163,40300.00,8980.00,260000.00,515.36,525
1777321181213,40640.00,8965.00,260000.00,520.88,525
1777321181241,40330.00,9008.00,260000.00,525.02,525
1777321181269,40730.00,9000.00,260000.00,522.26,525
1777321181298,39640.00,9000.00,260000.00,520.42,525
1777321181325,41150.00,9003.00,260000.00,518.58,525
1777321181375,40390.00,9013.00,260000.00,519.04,525
1777321181404,40660.00,9024.00,260000.00,519.50,525
1777321181433,41140.00,9002.00,260000.00,517.20,525
1777321181462,40050.00,9024.00,260000.00,525.02,525
1777321181490,40880.00,8967.00,260000.00,520.88,525
1777321181541,41720.00,8951.00,260000.00,513.52,525
1777321181575,40810.00,8977.00,260000.00,513.98,525
1777321181674,40390.00,8988.00,260000.00,516.74,525
1777321181698,40420.00,8867.00,260000.00,519.04,525
1777321181720,41240.00,8880.00,260000.00,513.06,525
1777321181764,40050.00,8880.00,260000.00,523.64,525
1777321181789,39360.00,8856.00,260000.00,525.02,525
1777321181832,41360.00,8880.00,260000.00,516.28,525
1777321181855,41450.00,8880.00,260000.00,511.68,525
1777321181900,40470.00,8820.00,260000.00,520.42,525
1777321181924,40690.00,8858.00,260000.00,525.48,525
1777321181948,40590.00,8871.00,260000.00,521.80,525
1777321181991,40410.00,8817.00,260000.00,516.74,525
1777321182013,41240.00,8856.00,260000.00,517.66,525
1777321182057,39850.00,8868.00,260000.00,523.18,525
1777321182080,40300.00,8854.00,260000.00,521.34,525
1777321182126,40310.00,8854.00,260000.00,519.50,525
1777321182149,40390.00,8880.00,260000.00,520.42,525
1777321182195,40570.00,8844.00,260000.00,517.20,525
1777321182221,39530.00,8892.00,260000.00,529.62,525
1777321182247,40860.00,8877.00,260000.00,519.96,525
1777321182295,40280.00,8836.00,260000.00,517.20,525
1777321182321,41600.00,8880.00,260000.00,520.88,525
1777321182347,40820.00,8880.00,260000.00,520.42,525
1777321182394,40580.00,8824.00,260000.00,519.96,525
1777321182419,40610.00,8880.00,260000.00,520.42,525
1777321182443,41650.00,8906.00,260000.00,520.42,525
1777321182490,40470.00,8821.00,260000.00,520.42,525
1777321182517,40030.00,8881.00,260000.00,520.88,525
1777321182562,41460.00,8827.00,260000.00,513.06,525
1777321182586,40640.00,8833.00,260000.00,518.12,525
1777321182610,40730.00,8880.00,260000.00,518.12,525
1777321182654,39480.00,8904.00,260000.00,523.64,525
1777321182678,40440.00,8934.00,260000.00,516.28,525
1777321182723,40150.00,8902.00,260000.00,521.80,525
1777321182747,40970.00,8884.00,260000.00,517.20,525
1777321182792,41170.00,8845.00,260000.00,518.58,525
1777321182816,41370.00,8905.00,260000.00,512.14,525
1777321182841,40520.00,8867.00,260000.00,516.74,525
1777321182885,40870.00,8839.00,260000.00,519.50,525
1777321182911,40710.00,8880.00,260000.00,522.26,525
1777321182960,40240.00,8840.00,260000.00,515.82,525
1777321182993,39680.00,8824.00,260000.00,521.80,525
1777321183019,40000.00,8865.00,260000.00,521.34,525
1777321183044,41230.00,8858.00,260000.00,514.90,525
1777321183095,39560.00,8820.00,260000.00,521.34,525
1777321183124,40640.00,8880.00,260000.00,518.58,525
1777321183153,39970.00,8905.00,260000.00,524.10,525
1777321183182,39300.00,8904.00,260000.00,521.80,525
1777321183211,40340.00,8854.00,260000.00,521.80,525
1777321183260,41510.00,8863.00,260000.00,515.82,525
1777321183290,41530.00,8861.00,260000.00,518.12,525
1777321183318,40050.00,8840.00,260000.00,519.04,525
1777321183348,41240.00,8880.00,260000.00,518.12,525
1777321183377,39700.00,8880.00,260000.00,518.58,525
1777321183428,40060.00,8820.00,260000.00,522.26,525
1777321183458,39520.00,8845.00,260000.00,520.42,525
1777321183487,40200.00,8890.00,260000.00,516.74,525
1777321183517,40700.00,8896.00,260000.00,518.58,525
1777321183548,40840.00,8882.00,260000.00,517.20,525
1777321183578,41340.00,8864.00,260000.00,517.66,525
1777321183609,40550.00,8896.00,260000.00,515.36,525
1777321183660,39830.00,8899.00,260000.00,521.80,525
1777321183689,39600.00,8868.00,260000.00,521.80,525
1777321183719,40370.00,8868.00,260000.00,518.58,525
1777321183748,39640.00,8880.00,260000.00,525.94,525
1777321183778,40300.00,8880.00,260000.00,520.42,525
1777321183807,41010.00,8880.00,260000.00,521.34,525
1777321183858,39550.00,8844.00,260000.00,524.10,525
1777321183889,40650.00,8819.00,260000.00,516.74,525
1777321183918,40630.00,8860.00,260000.00,519.96,525
1777321183947,40640.00,8885.00,260000.00,514.44,525
1777321183977,40580.00,8893.00,260000.00,518.12,525
1777321184006,39150.00,8953.00,260000.00,525.02,525
1777321184036,39840.00,8988.00,260000.00,522.72,525
1777321184087,40950.00,8940.00,260000.00,516.74,525
1777321184116,41320.00,8940.00,260000.00,521.80,525
1777321184144,39460.00,8949.00,260000.00,528.70,525
1777321184172,39800.00,8937.00,260000.00,522.72,525
1777321184223,38360.00,8926.00,260000.00,520.88,525
1777321184251,41110.00,8870.00,260000.00,519.04,525
1777321184282,39220.00,8915.00,260000.00,520.88,525
1777321184310,40800.00,8965.00,260000.00,519.96,525
1777321184339,38630.00,8966.00,260000.00,527.32,525
1777321184366,40570.00,8936.00,260000.00,518.12,525
1777321184417,41040.00,8917.00,260000.00,520.88,525
1777321184447,40640.00,8940.00,260000.00,520.88,525
1777321184480,40560.00,8966.00,260000.00,522.72,525
1777321184511,40000.00,8940.00,260000.00,521.80,525
1777321184542,41390.00,8964.00,260000.00,511.68,525
1777321184574,39090.00,8947.00,260000.00,523.64,525
1777321184605,39820.00,8942.00,260000.00,522.26,525
1777321184636,40580.00,8942.00,260000.00,516.74,525
1777321184665,40380.00,8965.00,260000.00,519.50,525
1777321184716,40340.00,8965.00,260000.00,522.72,525
1777321184747,40610.00,8940.00,260000.00,516.28,525
1777321184777,41130.00,8940.00,260000.00,512.60,525
1777321184809,40620.00,8940.00,260000.00,517.66,525
1777321184841,39820.00,8965.00,260000.00,521.80,525
1777321184872,39970.00,8916.00,260000.00,521.34,525
1777321184904,40460.00,8914.00,260000.00,517.66,525
1777321184939,40460.00,8939.00,260000.00,521.80,525
1777321184971,39550.00,8965.00,260000.00,519.96,525
1777321185003,41470.00,8969.00,260000.00,518.58,525
1777321185035,40410.00,8947.00,260000.00,519.50,525
1777321185068,39980.00,8967.00,260000.00,523.64,525
1777321185102,41230.00,8968.00,260000.00,517.66,525
1777321185134,40280.00,8940.00,260000.00,523.18,525
1777321185166,40420.00,8965.00,260000.00,521.34,525
1777321185199,40810.00,8990.00,260000.00,517.20,525
1777321185232,40790.00,8977.00,260000.00,523.64,525
1777321185264,41820.00,8936.00,260000.00,514.44,525
1777321185297,40990.00,8962.00,260000.00,514.90,525
1777321185330,41570.00,8964.00,260000.00,513.98,525
1777321185383,40270.00,8949.00,260000.00,523.18,525
1777321185415,40320.00,8905.00,260000.00,517.66,525
1777321185449,41060.00,8940.00,260000.00,514.44,525
1777321185482,40700.00,8942.00,260000.00,514.90,525
1777321185513,40250.00,8930.00,260000.00,519.50,525
1777321185543,40830.00,8940.00,260000.00,517.66,525
1777321185573,39950.00,8920.00,260000.00,523.18,525
1777321185604,38780.00,8928.00,260000.00,529.16,525
1777321185634,41030.00,8940.00,260000.00,519.04,525
1777321185663,40320.00,8940.00,260000.00,520.42,525
1777321185694,40490.00,8942.00,260000.00,514.90,525
1777321185744,41390.00,8952.00,260000.00,513.52,525
1777321185774,39910.00,8917.00,260000.00,521.80,525
1777321185805,39750.00,8926.00,260000.00,524.56,525
1777321185835,40280.00,8934.00,260000.00,522.72,525
1777321185865,40180.00,8940.00,260000.00,522.72,525
1777321185894,40620.00,8916.00,260000.00,517.66,525
1777321185947,42260.00,8964.00,260000.00,516.74,525
1777321185977,39870.00,8916.00,260000.00,520.88,525
1777321186008,40960.00,8964.00,260000.00,517.66,525
1777321186039,39730.00,8947.00,260000.00,522.72,525
1777321186070,39980.00,8914.00,260000.00,519.50,525
1777321186101,40260.00,8944.00,260000.00,518.12,525
1777321186137,40980.00,8967.00,260000.00,516.74,525
1777321186168,40270.00,8959.00,260000.00,522.26,525
1777321186199,41200.00,8914.00,260000.00,517.66,525
1777321186230,40200.00,8916.00,260000.00,517.20,525
1777321186262,41410.00,8926.00,260000.00,512.60,525
1777321186316,40350.00,8905.00,260000.00,519.04,525
1777321186349,39350.00,8904.00,260000.00,524.56,525
1777321186381,40250.00,8953.00,260000.00,524.10,525
1777321186413,40810.00,8913.00,260000.00,517.66,525
1777321186445,40840.00,8927.00,260000.00,519.50,525
1777321186476,41000.00,8940.00,260000.00,519.50,525
1777321186509,41430.00,8967.00,260000.00,552.62,525
1777321186540,40350.00,8965.00,260000.00,519.04,525
1777321186571,40190.00,8962.00,260000.00,520.42,525
1777321186602,39370.00,8937.00,260000.00,518.58,525
1777321186635,40650.00,8978.00,260000.00,520.88,525
1777321186669,39270.00,9060.00,260000.00,524.10,525
1777321186703,40760.00,9060.00,260000.00,516.28,525
1777321186737,40660.00,9005.00,260000.00,518.58,525
1777321186771,39890.00,9060.00,260000.00,522.26,525
1777321186806,40880.00,9029.00,260000.00,516.74,525
1777321186840,41160.00,9037.00,260000.00,518.58,525
1777321186875,40670.00,9000.00,260000.00,516.74,525
1777321186909,40610.00,9036.00,260000.00,515.36,525
1777321186944,40530.00,9027.00,260000.00,518.12,525
1777321186980,40320.00,9026.00,260000.00,518.12,525
1777321187017,42120.00,9000.00,260000.00,549.86,525
1777321187052,40430.00,8980.00,260000.00,549.86,525
1777321187091,40880.00,9026.00,260000.00,547.10,525
1777321187131,81950.00,9025.00,260000.00,1099.26,1050
1777321187171,41770.00,9030.00,260000.00,579.30,525
1777321187207,41220.00,9060.00,260000.00,550.32,525
1777321187243,40910.00,9029.00,260000.00,544.34,525
1777321187275,40790.00,9037.00,260000.00,556.76,525
1777321187312,41430.00,9001.00,260000.00,548.94,525
1777321187351,40410.00,9000.00,260000.00,549.40,525
1777321187389,40260.00,9000.00,260000.00,550.32,525
1777321187422,40400.00,9000.00,260000.00,554.46,525
1777321187452,40310.00,9000.00,260000.00,548.02,525
1777321187486,40500.00,9025.00,260000.00,554.00,525
1777321187522,40410.00,9025.00,260000.00,547.10,525
1777321187554,40840.00,9025.00,260000.00,547.10,525
1777321187587,40530.00,9022.00,260000.00,524.10,525
1777321187619,40340.00,9000.00,260000.00,513.98,525
1777321187655,41710.00,9000.00,260000.00,519.04,525
1777321187687,41050.00,9000.00,260000.00,520.88,525
1777321187717,40820.00,9000.00,260000.00,519.96,525
1777321187750,41650.00,9021.00,260000.00,522.26,525
1777321187783,40520.00,9000.00,260000.00,489.60,525
1777321187812,40590.00,9000.00,260000.00,489.60,525
1777321187842,40660.00,9012.00,260000.00,489.60,525
1777321187873,39890.00,9005.00,260000.00,489.60,525
1777321187904,40550.00,9000.00,260000.00,489.60,525
1777321187936,40320.00,9017.00,260000.00,489.60,525
1777321187972,40350.00,9077.00,260000.00,527.32,525
1777321188007,40620.00,9050.00,260000.00,526.40,525
1777321188042,40600.00,9025.00,260000.00,525.02,525
1777321188076,40260.00,9023.00,260000.00,527.78,525
1777321188110,40200.00,9042.00,260000.00,529.16,525
1777321188146,40050.00,9000.00,260000.00,524.56,525
1777321188180,41090.00,9000.00,260000.00,529.62,525
1777321188214,40670.00,9001.00,260000.00,523.18,525
1777321188249,40520.00,9026.00,260000.00,489.60,525
1777321188284,40360.00,9023.00,260000.00,525.48,525
1777321188318,40080.00,9024.00,260000.00,517.66,525
1777321188351,39340.00,9000.00,260000.00,600.00,525
1777321188383,40590.00,9000.00,260000.00,600.00,525
1777321188414,40070.00,8942.00,260000.00,600.00,525
1777321188448,40650.00,9000.00,260000.00,600.00,525
1777321188479,40820.00,9000.00,260000.00,600.00,525
1777321188513,41100.00,9000.00,260000.00,600.00,525
1777321188544,40520.00,8998.00,260000.00,600.00,525
1777321188574,40030.00,8965.00,260000.00,600.00,525
1777321188607,39940.00,9024.00,260000.00,600.00,525
1777321188635,40150.00,9023.00,260000.00,600.00,525
1777321188663,39270.00,9060.00,260000.00,600.00,525
1777321188690,40510.00,9060.00,260000.00,600.00,525
1777321188743,39650.00,9000.00,260000.00,600.00,525
1777321188774,40790.00,9000.00,260000.00,600.00,525
1777321188805,40710.00,8940.00,260000.00,600.00,525
1777321188840,40120.00,8940.00,260000.00,600.00,525
1777321188875,41010.00,9035.00,260000.00,600.00,525
1777321188910,39780.00,9023.00,260000.00,600.00,525
1777321188941,40810.00,8966.00,260000.00,600.00,525
1777321188979,40850.00,9000.00,260000.00,600.00,525
1777321189014,40200.00,9000.00,260000.00,600.00,525
1777321189047,41000.00,8949.00,260000.00,600.00,525
1777321189083,39530.00,9000.00,260000.00,526.86,525
1777321189116,41190.00,9000.00,260000.00,600.00,525
1777321189150,39450.00,9000.00,260000.00,600.00,525
1777321189187,40620.00,9010.00,260000.00,600.00,525
1777321189223,39530.00,9025.00,260000.00,600.00,525
1777321189260,40370.00,9022.00,260000.00,600.00,525
1777321189295,40450.00,9002.00,260000.00,600.00,525
1777321189328,41270.00,8952.00,260000.00,600.00,525
1777321189362,40650.00,8968.00,260000.00,600.00,525
1777321189396,41530.00,8964.00,260000.00,600.00,525
1777321189433,41460.00,8999.00,260000.00,600.00,525
1777321189474,81500.00,8960.00,260000.00,1200.00,1050
1777321189516,40680.00,9000.00,260000.00,600.00,525
1777321189555,40340.00,9000.00,260000.00,600.00,525
1777321189592,40460.00,8974.00,260000.00,600.00,525
1777321189627,41110.00,8966.00,260000.00,600.00,525
1777321189664,81120.00,8940.00,260000.00,1200.00,1050
1777321189700,39480.00,9000.00,260000.00,524.56,525
1777321189735,40300.00,8997.00,260000.00,600.00,525
1777321189772,40390.00,8940.00,260000.00,600.00,525
1777321189806,39550.00,9000.00,260000.00,600.00,525
1777321189839,41180.00,9000.00,260000.00,600.00,525
1777321189874,41210.00,9026.00,260000.00,600.00,525
1777321189908,41250.00,9025.00,260000.00,600.00,525
1777321189941,39890.00,9024.00,260000.00,600.00,525
1777321189974,39850.00,9000.00,260000.00,600.00,525
1777321190006,39770.00,9000.00,260000.00,600.00,525
1777321190039,40320.00,8956.00,260000.00,600.00,525
1777321190074,41130.00,9011.00,260000.00,600.00,525
1777321190109,40420.00,9000.00,260000.00,600.00,525
1777321190144,41170.00,9000.00,260000.00,600.00,525
1777321190179,41030.00,9000.00,260000.00,600.00,525
1777321190215,40890.00,8993.00,260000.00,600.00,525
1777321190248,41600.00,8967.00,260000.00,600.00,525
1777321190285,40290.00,8946.00,260000.00,600.00,525
1777321190319,41100.00,8918.00,260000.00,600.00,525
1777321190353,39360.00,8962.00,260000.00,600.00,525
1777321190388,41610.00,9000.00,260000.00,600.00,525
1777321190425,40670.00,9000.00,260000.00,600.00,525
1777321190463,79860.00,9000.00,260000.00,1200.00,1050
1777321190500,40230.00,9059.00,260000.00,600.00,525
1777321190532,41750.00,9000.00,260000.00,600.00,525
1777321190570,41190.00,9024.00,260000.00,600.00,525
1777321190606,40210.00,9018.00,260000.00,600.00,525
1777321190642,40840.00,9000.00,260000.00,600.00,525
1777321190679,39980.00,9000.00,260000.00,600.00,525
1777321190719,41670.00,8940.00,260000.00,600.00,525
1777321190756,41200.00,9000.00,260000.00,600.00,525
1777321190791,40600.00,9002.00,260000.00,600.00,525
1777321190822,40720.00,8940.00,260000.00,600.00,525
1777321190858,41030.00,8940.00,260000.00,600.00,525
1777321190895,82640.00,8966.00,260000.00,1200.00,1050
1777321190931,40600.00,8951.00,260000.00,600.00,525
1777321190969,40570.00,9023.00,260000.00,600.00,525
1777321191005,42300.00,9029.00,260000.00,600.00,525
1777321191039,40490.00,8940.00,260000.00,600.00,525
1777321191077,40100.00,9025.00,260000.00,600.00,525
1777321191114,39560.00,9020.00,260000.00,600.00,525
1777321191151,39510.00,9000.00,260000.00,600.00,525
1777321191187,39840.00,8968.00,260000.00,600.00,525
1777321191223,40880.00,8964.00,260000.00,600.00,525
1777321191260,41050.00,8916.00,260000.00,600.00,525
1777321191300,38720.00,8940.00,260000.00,600.00,525
1777321191337,41220.00,8943.00,260000.00,600.00,525
1777321191373,81160.00,8940.00,260000.00,1200.00,1050
1777321191410,40780.00,8967.00,260000.00,600.00,525
1777321191445,40720.00,9000.00,260000.00,600.00,525
1777321191477,39470.00,9000.00,260000.00,600.00,525
1777321191508,40150.00,8940.00,260000.00,600.00,525
1777321191541,39690.00,9000.00,260000.00,600.00,525
1777321191574,40110.00,9000.00,260000.00,600.00,525
1777321191606,41700.00,9025.00,260000.00,600.00,525
1777321191643,39980.00,9022.00,260000.00,600.00,525
1777321191683,40300.00,9000.00,260000.00,600.00,525
1777321191721,40660.00,8992.00,260000.00,600.00,525
1777321191755,39830.00,8897.00,260000.00,600.00,525
1777321191792,40500.00,8959.00,260000.00,600.00,525
1777321191828,40860.00,8963.00,260000.00,600.00,525
1777321191866,40780.00,8940.00,260000.00,600.00,525
1777321191900,80270.00,8963.00,260000.00,1200.00,1050
1777321191934,39970.00,8940.00,260000.00,600.00,525
1777321191972,40260.00,9000.00,260000.00,600.00,525
1777321192007,39990.00,9024.00,260000.00,600.00,525
1777321192041,41210.00,9038.00,260000.00,600.00,525
1777321192074,39940.00,8940.00,260000.00,600.00,525
1777321192105,40280.00,8954.00,260000.00,600.00,525
1777321192140,40410.00,9060.00,260000.00,600.00,525
1777321192172,42410.00,9000.00,260000.00,600.00,525
1777321192204,39730.00,9000.00,260000.00,600.00,525
1777321192239,41140.00,9000.00,260000.00,600.00,525
1777321192273,41210.00,9000.00,260000.00,600.00,525
1777321192308,39440.00,9039.00,260000.00,600.00,525
1777321192338,39130.00,9000.00,260000.00,600.00,525
1777321192369,39070.00,8940.00,260000.00,600.00,525
1777321192402,41190.00,9045.00,260000.00,600.00,525
1777321192436,42050.00,9051.00,260000.00,600.00,525
1777321192470,40370.00,9024.00,260000.00,600.00,525
1777321192505,40120.00,8943.00,260000.00,600.00,525
1777321192539,40810.00,9020.00,260000.00,600.00,525
1777321192573,41180.00,9009.00,260000.00,600.00,525
1777321192606,40630.00,8940.00,260000.00,600.00,525
1777321192639,40830.00,9000.00,260000.00,600.00,525
1777321192674,40440.00,9059.00,260000.00,600.00,525
1777321192709,41480.00,9000.00,260000.00,600.00,525
1777321192828,40670.00,8820.00,260000.00,600.00,525
1777321192906,40750.00,8760.00,260000.00,600.00,525
1777321192928,41670.00,8769.00,260000.00,600.00,525
1777321192950,40910.00,8760.00,260000.00,600.00,525
1777321192995,40320.00,8720.00,260000.00,600.00,525
1777321193019,40770.00,8700.00,260000.00,600.00,525
1777321193064,39920.00,8711.00,260000.00,600.00,525
1777321193088,40310.00,8700.00,260000.00,600.00,525
1777321193112,40820.00,8760.00,260000.00,600.00,525
1777321193157,39660.00,8731.00,260000.00,600.00,525
1777321193181,39280.00,8764.00,260000.00,600.00,525
1777321193226,40660.00,8700.00,260000.00,600.00,525
1777321193249,40780.00,8787.00,260000.00,600.00,525
1777321193294,40510.00,8760.00,260000.00,600.00,525
1777321193319,39390.00,8820.00,260000.00,600.00,525
1777321193343,40450.00,8820.00,260000.00,600.00,525
1777321193389,40880.00,8820.00,260000.00,600.00,525
1777321193413,40340.00,8877.00,260000.00,600.00,525
1777321193459,40670.00,8760.00,260000.00,600.00,525
1777321193484,40140.00,8814.00,260000.00,600.00,525
1777321193509,41840.00,8820.00,260000.00,600.00,525
1777321193555,41040.00,8820.00,260000.00,600.00,525
1777321193581,40010.00,8790.00,260000.00,600.00,525
1777321193626,40480.00,8760.00,260000.00,600.00,525
1777321193649,39830.00,8760.00,260000.00,600.00,525
1777321193695,41280.00,8755.00,260000.00,600.00,525
1777321193720,41190.00,8701.00,260000.00,600.00,525
1777321193745,40620.00,8760.00,260000.00,600.00,525
1777321193790,40310.00,8820.00,260000.00,600.00,525
1777321193814,40860.00,8820.00,260000.00,600.00,525
1777321193838,22930.00,8822.00,260000.00,524.00,262
1777321193885,24000.00,8784.00,260000.00,526.00,263
1777321193909,22960.00,8752.00,260000.00,524.00,262
1777321193956,24240.00,8685.00,260000.00,526.00,263
1777321193981,23520.00,8737.00,260000.00,524.00,262
1777321194006,23480.00,8730.00,260000.00,526.00,263
1777321194053,22950.00,8743.00,260000.00,524.00,262
1777321194078,22630.00,8715.00,260000.00,526.00,263
1777321194104,23860.00,8707.00,260000.00,524.00,262
1777321194151,23870.00,8752.00,260000.00,526.00,263
1777321194176,23930.00,8694.00,260000.00,524.00,262
1777321194223,23200.00,8737.00,260000.00,526.00,263
1777321194249,24440.00,8730.00,260000.00,524.00,262
1777321194274,23300.00,8670.00,260000.00,526.00,263
1777321194322,23930.00,8673.00,260000.00,524.00,262
1777321194347,23270.00,8655.00,260000.00,526.00,263
1777321194373,23850.00,8647.00,260000.00,524.00,262
1777321194420,23800.00,8640.00,260000.00,526.00,263
1777321194446,24010.00,8632.00,260000.00,524.00,262
1777321194472,23240.00,8685.00,260000.00,526.00,263
1777321194520,23710.00,8670.00,260000.00,524.00,262
1777321194546,24010.00,8662.00,260000.00,526.00,263
1777321194572,23280.00,8602.00,260000.00,524.00,262
1777321194620,23310.00,8595.00,260000.00,526.00,263
1777321194645,22840.00,8587.00,260000.00,524.00,262
1777321194673,24000.00,8605.00,260000.00,526.00,263
1777321194720,23460.00,8555.00,260000.00,524.00,262
1777321194746,23500.00,8617.00,260000.00,526.00,263
1777321194773,23760.00,8669.00,260000.00,524.00,262
1777321194798,23530.00,8602.00,260000.00,526.00,263
1777321194846,23660.00,8549.00,260000.00,524.00,262
1777321194873,23200.00,8587.00,260000.00,526.00,263
1777321194900,23280.00,8531.00,260000.00,524.00,262
1777321194947,23810.00,8571.00,260000.00,526.00,263
1777321194974,24270.00,8565.00,260000.00,524.00,262
1777321195000,24260.00,8505.00,260000.00,526.00,263
1777321195048,23710.00,8527.00,260000.00,524.00,262
1777321195075,23680.00,8495.00,260000.00,526.00,263
1777321195102,24070.00,8482.00,260000.00,524.00,262
1777321195151,23380.00,8527.00,260000.00,526.00,263
1777321195178,23910.00,8520.00,260000.00,524.00,262
1777321195205,22890.00,8512.00,260000.00,526.00,263
1777321195233,23800.00,8504.00,260000.00,524.00,262
1777321195282,23110.00,8497.00,260000.00,526.00,263
1777321195309,23160.00,8513.00,260000.00,524.00,262
1777321195336,23660.00,8482.00,260000.00,526.00,263
1777321195364,24190.00,8431.00,260000.00,524.00,262
1777321195413,23120.00,8415.00,260000.00,526.00,263
1777321195440,23970.00,8460.00,260000.00,524.00,262
1777321195469,23970.00,8508.00,260000.00,526.00,263
1777321195497,23570.00,8392.00,260000.00,524.00,262
1777321195546,23960.00,8377.00,260000.00,526.00,263
1777321195574,23320.00,8430.00,260000.00,524.00,262
1777321195601,23520.00,8422.00,260000.00,526.00,263
1777321195630,23150.00,8415.00,260000.00,524.00,262
1777321195679,23390.00,8407.00,260000.00,526.00,263
1777321195708,23500.00,8400.00,260000.00,524.00,262
1777321195738,23910.00,8392.00,260000.00,526.00,263
1777321195768,23780.00,8361.00,260000.00,524.00,262
1777321195797,23610.00,8385.00,260000.00,526.00,263
1777321195826,23280.00,8377.00,260000.00,524.00,262
1777321195876,23480.00,8310.00,260000.00,526.00,263
1777321195906,23300.00,8345.00,260000.00,524.00,262
1777321195935,22840.00,8407.00,260000.00,526.00,263
1777321195964,24240.00,8340.00,260000.00,524.00,262
1777321195995,23650.00,8332.00,260000.00,526.00,263
1777321196046,23080.00,8371.00,260000.00,524.00,262
1777321196075,23940.00,8317.00,260000.00,526.00,263
1777321196104,23250.00,8259.00,260000.00,524.00,262
1777321196134,22920.00,8302.00,260000.00,526.00,263
1777321196164,24200.00,8287.00,260000.00,524.00,262
1777321196194,23720.00,8347.00,260000.00,526.00,263
1777321196223,23570.00,8287.00,260000.00,524.00,262
1777321196274,23670.00,8293.00,260000.00,526.00,263
1777321196302,23790.00,8325.00,260000.00,524.00,262
1777321196332,23500.00,8317.00,260000.00,526.00,263
1777321196359,24350.00,8259.00,260000.00,524.00,262
1777321196410,24480.00,8302.00,260000.00,526.00,263
1777321196439,23800.00,8235.00,260000.00,524.00,262
1777321196470,23230.00,8227.00,260000.00,526.00,263
1777321196499,23260.00,8280.00,260000.00,524.00,262
1777321196526,23560.00,8160.00,260000.00,526.00,263
1777321196553,23410.00,8163.00,260000.00,524.00,262
1777321196604,22950.00,8197.00,260000.00,526.00,263
1777321196634,23030.00,8190.00,260000.00,524.00,262
1777321196664,23900.00,8182.00,260000.00,526.00,263
1777321196693,23650.00,8168.00,260000.00,524.00,262
1777321196723,23960.00,8175.00,260000.00,526.00,263
1777321196754,23570.00,8279.00,260000.00,524.00,262
1777321196807,23640.00,8161.00,260000.00,526.00,263
1777321196837,24270.00,8205.00,260000.00,524.00,262
1777321196867,23500.00,8197.00,260000.00,526.00,263
1777321196899,23810.00,8190.00,260000.00,524.00,262
1777321196930,22820.00,8130.00,260000.00,526.00,263
1777321196960,23570.00,8105.00,260000.00,524.00,262
1777321197013,23840.00,8107.00,260000.00,526.00,263
1777321197046,23330.00,8100.00,260000.00,524.00,262
1777321197075,23710.00,8152.00,260000.00,526.00,263
1777321197107,23270.00,8144.00,260000.00,524.00,262
1777321197136,22770.00,8025.00,260000.00,526.00,263
1777321197173,23810.00,7965.00,260000.00,524.00,262
1777321197203,22710.00,8062.00,260000.00,526.00,263
1777321197232,23990.00,8055.00,260000.00,524.00,262
1777321197262,24340.00,7995.00,260000.00,526.00,263
1777321197291,23070.00,7987.00,260000.00,524.00,262
1777321197320,23350.00,8043.00,260000.00,526.00,263
1777321197377,24330.00,8024.00,260000.00,524.00,262
1777321197409,24610.00,8017.00,260000.00,526.00,263
1777321197442,24120.00,8010.00,260000.00,524.00,262
1777321197474,23680.00,8002.00,260000.00,526.00,263
1777321197507,24240.00,8054.00,260000.00,524.00,262
1777321197540,23730.00,7987.00,260000.00,526.00,263
1777321197582,23440.00,7927.00,260000.00,524.00,262
1777321197615,23160.00,8032.00,260000.00,526.00,263
1777321197648,23020.00,7965.00,260000.00,524.00,262
1777321197681,23750.00,7957.00,260000.00,526.00,263
1777321197715,24040.00,7950.00,260000.00,524.00,262
1777321197749,23720.00,7942.00,260000.00,526.00,263
1777321197785,24120.00,7995.00,260000.00,524.00,262
1777321197819,46370.00,8047.00,260000.00,1050.00,525
1777321197872,23720.00,8092.00,260000.00,526.00,263
1777321197905,22800.00,8145.00,260000.00,524.00,262
1777321197938,24540.00,8137.00,260000.00,526.00,263
1777321197970,23670.00,8130.00,260000.00,524.00,262
1777321198008,23570.00,8158.00,260000.00,526.00,263
1777321198041,24260.00,8062.00,260000.00,524.00,262
1777321198076,23590.00,8156.00,260000.00,526.00,263
1777321198109,23010.00,8100.00,260000.00,524.00,262
1777321198142,23370.00,8092.00,260000.00,526.00,263
1777321198174,24290.00,8085.00,260000.00,524.00,262
1777321198209,23080.00,8025.00,260000.00,526.00,263
1777321198240,24230.00,8092.00,260000.00,524.00,262
1777321198272,23390.00,8002.00,260000.00,526.00,263
1777321198305,23550.00,8055.00,260000.00,524.00,262
1777321198335,23510.00,7987.00,260000.00,526.00,263
1777321198365,22640.00,8034.00,260000.00,524.00,262
1777321198398,23730.00,8032.00,260000.00,526.00,263
1777321198430,23670.00,7965.00,260000.00,524.00,262
1777321198461,23770.00,8017.00,260000.00,526.00,263
1777321198492,24500.00,8010.00,260000.00,524.00,262
1777321198522,23410.00,7890.00,260000.00,526.00,263
1777321198553,23790.00,7995.00,260000.00,524.00,262
1777321198585,24480.00,8033.00,260000.00,526.00,263
1777321198621,23720.00,7927.00,260000.00,524.00,262
1777321198655,24010.00,7972.00,260000.00,526.00,263
1777321198684,23590.00,7965.00,260000.00,524.00,262
1777321198716,23750.00,8017.00,260000.00,526.00,263
1777321198749,23970.00,8010.00,260000.00,524.00,262
1777321198782,24020.00,7982.00,260000.00,526.00,263
1777321198813,24250.00,7882.00,260000.00,524.00,262
1777321198843,23610.00,7913.00,260000.00,526.00,263
1777321198872,23330.00,7936.00,260000.00,524.00,262
1777321198923,23420.00,7980.00,260000.00,526.00,263
1777321198953,23550.00,7940.00,260000.00,524.00,262
1777321198985,23740.00,7927.00,260000.00,526.00,263
1777321199015,22900.00,7980.00,260000.00,524.00,262
1777321199069,22980.00,7927.00,260000.00,526.00,263
1777321199099,23900.00,7927.00,260000.00,524.00,262
1777321199130,24160.00,7927.00,260000.00,526.00,263
1777321199160,23700.00,7927.00,260000.00,524.00,262
1777321199191,23340.00,7927.00,260000.00,526.00,263
1777321199223,23680.00,7927.00,260000.00,524.00,262
1777321199258,23320.00,7875.00,260000.00,526.00,263
1777321199288,23360.00,7980.00,260000.00,524.00,262
1777321199320,22960.00,7980.00,260000.00,526.00,263
1777321199353,23450.00,7980.00,260000.00,524.00,262
1777321199385,23500.00,7935.00,260000.00,526.00,263
1777321199416,24180.00,7980.00,260000.00,524.00,262
1777321199449,22820.00,7980.00,260000.00,526.00,263
1777321199482,23160.00,7920.00,260000.00,524.00,262
1777321199513,23930.00,7927.00,260000.00,526.00,263
1777321199543,23800.00,7927.00,260000.00,524.00,262
1777321199572,23310.00,7928.00,260000.00,526.00,263
1777321199603,23940.00,7927.00,260000.00,524.00,262
1777321199656,23680.00,7971.00,260000.00,526.00,263
1777321199688,24110.00,7876.00,260000.00,524.00,262
1777321199720,24080.00,7964.00,260000.00,526.00,263
1777321199750,23350.00,7875.00,260000.00,524.00,262
1777321199783,23670.00,7927.00,260000.00,526.00,263
1777321199816,23730.00,7927.00,260000.00,524.00,262
1777321199847,23820.00,7933.00,260000.00,526.00,263
1777321199881,24650.00,7927.00,260000.00,524.00,262
1777321199914,24070.00,7927.00,260000.00,526.00,263
1777321199945,23170.00,7906.00,260000.00,524.00,262
1777321199975,23740.00,7927.00,260000.00,526.00,263
1777321200008,22990.00,7980.00,260000.00,524.00,262
1777321200040,23500.00,7980.00,260000.00,526.00,263
1777321200072,23670.00,7980.00,260000.00,524.00,262
1777321200107,24430.00,7927.00,260000.00,526.00,263
1777321200143,23410.00,7927.00,260000.00,524.00,262
1777321200174,24020.00,7875.00,260000.00,526.00,263
1777321200205,23160.00,7875.00,260000.00,524.00,262
1777321200238,23790.00,7927.00,260000.00,526.00,263
1777321200271,23220.00,7877.00,260000.00,524.00,262
1777321200303,23560.00,7875.00,260000.00,526.00,263
1777321200335,24510.00,7927.00,260000.00,524.00,262
1777321200368,24450.00,7931.00,260000.00,526.00,263
1777321200401,22710.00,7980.00,260000.00,524.00,262
1777321200433,24540.00,7875.00,260000.00,526.00,263
1777321200466,23760.00,7927.00,260000.00,524.00,262
1777321200500,23390.00,7927.00,260000.00,526.00,263
1777321200531,23980.00,7909.00,260000.00,524.00,262
1777321200565,23750.00,7927.00,260000.00,526.00,263
1777321200598,22680.00,7927.00,260000.00,524.00,262
1777321200631,23920.00,7875.00,260000.00,526.00,263
1777321200664,23310.00,7927.00,260000.00,524.00,262
1777321200698,22990.00,7927.00,260000.00,526.00,263
1777321200730,24150.00,7877.00,260000.00,524.00,262
1777321200763,24650.00,7980.00,260000.00,526.00,263
1777321200796,23840.00,7927.00,260000.00,524.00,262
1777321200829,23200.00,7980.00,260000.00,526.00,263
1777321200862,23020.00,7980.00,260000.00,524.00,262
1777321200894,23740.00,7983.00,260000.00,526.00,263
1777321200955,23990.00,7875.00,260000.00,524.00,262
1777321200988,22480.00,7875.00,260000.00,526.00,263
1777321201020,23170.00,7927.00,260000.00,524.00,262
1777321201054,23270.00,7927.00,260000.00,526.00,263
1777321201087,24260.00,7878.00,260000.00,524.00,262
1777321201120,22780.00,7901.00,260000.00,526.00,263
1777321201152,23360.00,7898.00,260000.00,524.00,262
1777321201187,23860.00,7875.00,260000.00,526.00,263
1777321201221,23520.00,7927.00,260000.00,524.00,262
1777321201254,23800.00,7927.00,260000.00,526.00,263
1777321201287,24350.00,7911.00,260000.00,524.00,262
1777321201320,23240.00,7875.00,260000.00,526.00,263
1777321201362,22900.00,7927.00,260000.00,524.00,262
1777321201395,47960.00,7903.00,260000.00,1050.00,525
1777321201427,23920.00,7875.00,260000.00,526.00,263
1777321201457,23700.00,7927.00,260000.00,524.00,262
1777321201487,24140.00,7927.00,260000.00,526.00,263
1777321201543,23390.00,7927.00,260000.00,524.00,262
1777321201572,23840.00,7930.00,260000.00,526.00,263
1777321201605,24480.00,7927.00,260000.00,524.00,262
1777321201637,23850.00,7927.00,260000.00,526.00,263
1777321201671,23050.00,7875.00,260000.00,524.00,262
1777321201755,23490.00,7822.00,260000.00,526.00,263
1777321201777,23700.00,7822.00,260000.00,524.00,262
1777321201799,22870.00,7875.00,260000.00,526.00,263
1777321201843,23660.00,7779.00,260000.00,524.00,262
1777321201867,23790.00,7822.00,260000.00,526.00,263
1777321201911,23360.00,7822.00,260000.00,524.00,262
1777321201935,22840.00,7875.00,260000.00,526.00,263
1777321201961,22870.00,7904.00,260000.00,524.00,262
1777321202006,23880.00,7841.00,260000.00,526.00,263
1777321202030,23670.00,7827.00,260000.00,524.00,262
1777321202075,23850.00,7875.00,260000.00,526.00,263
1777321202099,23810.00,7875.00,260000.00,524.00,262
1777321202145,24010.00,7927.00,260000.00,526.00,263
1777321202171,24040.00,7927.00,260000.00,524.00,262
1777321202195,23600.00,7822.00,260000.00,526.00,263
1777321202241,23430.00,7822.00,260000.00,524.00,262
1777321202265,23430.00,7838.00,260000.00,526.00,263
1777321202290,23370.00,7874.00,260000.00,524.00,262
1777321202336,23810.00,7822.00,260000.00,526.00,263
1777321202361,22760.00,7927.00,260000.00,524.00,262
1777321202407,23020.00,7875.00,260000.00,526.00,263
1777321202431,23320.00,7822.00,260000.00,524.00,262
1777321202477,23000.00,7838.00,260000.00,526.00,263
1777321202502,23760.00,7826.00,260000.00,524.00,262
1777321202527,23690.00,7822.00,260000.00,526.00,263
1777321202572,22970.00,7892.00,260000.00,524.00,262
1777321202597,22930.00,7822.00,260000.00,526.00,263
1777321202623,23750.00,7877.00,260000.00,524.00,262
1777321202669,22950.00,7875.00,260000.00,526.00,263
1777321202694,23890.00,7825.00,260000.00,524.00,262
1777321202741,23300.00,7875.00,260000.00,526.00,263
1777321202766,23280.00,7875.00,260000.00,524.00,262
1777321202792,23030.00,7900.00,260000.00,526.00,263
1777321202838,23660.00,7822.00,260000.00,524.00,262
1777321202863,23370.00,7875.00,260000.00,526.00,263
1777321202889,23790.00,7875.00,260000.00,524.00,262
1777321202936,24090.00,7875.00,260000.00,526.00,263
1777321202962,24410.00,7875.00,260000.00,524.00,262
1777321202988,24410.00,7875.00,260000.00,526.00,263
1777321203628,22900.00,6918.00,260000.00,524.00,262
1777321203653,8000.00,6930.00,260000.00,399.02,0
1777321203679,7950.00,6930.00,260000.00,397.48,0
1777321203725,23910.00,6877.00,260000.00,485.52,263
1777321203750,23310.00,6930.00,260000.00,484.44,262
1777321203774,7810.00,6898.00,260000.00,399.02,0
1777321203821,23400.00,6982.00,260000.00,489.04,262
1777321203846,23400.00,6982.00,260000.00,487.36,263
1777321203872,23110.00,6930.00,260000.00,482.14,262
1777321203919,7950.00,6930.00,260000.00,399.02,0
1777321203945,24050.00,6974.00,260000.00,481.22,262
1777321203993,24070.00,6911.00,260000.00,482.76,263
1777321204018,7850.00,6930.00,260000.00,397.48,0
1777321204043,7830.00,6930.00,260000.00,399.02,0
1777321204069,23100.00,6967.00,260000.00,483.98,262
1777321204117,23660.00,6930.00,260000.00,484.60,263
1777321204143,23460.00,6895.00,260000.00,480.76,262
1777321204170,23970.00,6924.00,260000.00,488.74,263
1777321204218,23930.00,6930.00,260000.00,484.44,262
1777321204244,23450.00,6950.00,260000.00,483.68,263
1777321204270,22840.00,6895.00,260000.00,485.36,262
1777321204317,23430.00,6907.00,260000.00,485.98,263
1777321204344,24410.00,6898.00,260000.00,485.82,262
1777321204370,24150.00,6898.00,260000.00,484.60,263
1777321204418,23370.00,6930.00,260000.00,481.22,262
1777321204444,23450.00,6930.00,260000.00,489.20,263
1777321204471,23240.00,6982.00,260000.00,483.98,262
1777321204519,24260.00,6895.00,260000.00,481.38,263
1777321204546,24310.00,6930.00,260000.00,484.44,262
1777321204573,23150.00,6958.00,260000.00,485.06,263
1777321204600,23460.00,6947.00,260000.00,489.04,262
1777321204650,24000.00,6908.00,260000.00,485.06,263
1777321204677,23370.00,6953.00,260000.00,481.68,262
1777321204705,23770.00,6930.00,260000.00,491.04,263
1777321204753,23630.00,6982.00,260000.00,479.38,262
1777321204781,23340.00,6930.00,260000.00,484.14,263
1777321204808,24100.00,6930.00,260000.00,482.60,262
1777321204834,23300.00,6982.00,260000.00,489.20,263
1777321204882,23590.00,6930.00,260000.00,484.44,262
1777321204910,23760.00,6930.00,260000.00,482.76,263
1777321204936,24460.00,6920.00,260000.00,485.36,262
1777321204986,23170.00,6899.00,260000.00,486.90,263
1777321205014,23100.00,6897.00,260000.00,486.74,262
1777321205041,23600.00,6930.00,260000.00,484.14,263
1777321205068,23380.00,6930.00,260000.00,483.06,262
1777321205118,22800.00,6891.00,260000.00,483.68,263
1777321205146,22930.00,6930.00,260000.00,483.98,262
1777321205175,23890.00,6981.00,260000.00,487.36,263
1777321205203,23180.00,6946.00,260000.00,480.30,262
1777321205254,23310.00,6914.00,260000.00,486.90,263
1777321205283,24260.00,6930.00,260000.00,486.74,262
1777321205312,24010.00,6935.00,260000.00,487.82,263
1777321205341,23710.00,6895.00,260000.00,484.90,262
1777321205370,24170.00,6948.00,260000.00,480.92,263
1777321205398,22930.00,6906.00,260000.00,483.98,262
1777321205449,23710.00,6895.00,260000.00,487.36,263
1777321205478,22990.00,6930.00,260000.00,486.74,262
1777321205507,24420.00,6982.00,260000.00,486.44,263
1777321205536,23630.00,6975.00,260000.00,478.92,262
1777321205563,23810.00,6897.00,260000.00,477.24,263
1777321205614,23350.00,6907.00,260000.00,484.90,262
1777321205643,23580.00,6884.00,260000.00,484.60,263
1777321205672,24020.00,6927.00,260000.00,481.68,262
1777321205701,24270.00,6899.00,260000.00,485.98,263
1777321205730,23150.00,6950.00,260000.00,487.20,262
1777321205780,23200.00,6930.00,260000.00,485.98,263
1777321205808,23310.00,6897.00,260000.00,482.60,262
1777321205837,24580.00,6923.00,260000.00,489.66,263
1777321205866,23030.00,6930.00,260000.00,482.14,262
1777321205900,23460.00,6978.00,260000.00,483.68,263
1777321205927,24120.00,6951.00,260000.00,482.60,262
1777321205977,23370.00,6930.00,260000.00,486.44,263
1777321206006,23630.00,6930.00,260000.00,479.38,262
1777321206037,24280.00,6930.00,260000.00,485.06,263
1777321206065,23170.00,6982.00,260000.00,484.44,262
1777321206093,24330.00,7029.00,260000.00,485.52,263
1777321206143,23860.00,6905.00,260000.00,483.52,262
1777321206170,23580.00,6898.00,260000.00,483.68,263
1777321206199,23680.00,6895.00,260000.00,488.58,262
1777321206228,23850.00,6951.00,260000.00,484.14,263
1777321206279,23820.00,6930.00,260000.00,480.76,262
1777321206308,23300.00,6930.00,260000.00,483.68,263
1777321206337,23300.00,6930.00,260000.00,480.76,262
1777321206366,23900.00,6982.00,260000.00,484.14,263
1777321206394,23080.00,6982.00,260000.00,483.52,262
1777321206446,23060.00,6834.00,260000.00,485.52,263
1777321206475,24210.00,6877.00,260000.00,484.90,262
1777321206505,23190.00,6930.00,260000.00,488.28,263
1777321206532,23230.00,6898.00,260000.00,483.52,262
1777321206561,23540.00,6953.00,260000.00,491.04,263
1777321206612,23490.00,6930.00,260000.00,483.98,262
1777321206642,23700.00,6896.00,260000.00,480.00,263
1777321206673,23440.00,6982.00,260000.00,480.30,262
1777321206702,23230.00,6930.00,260000.00,485.98,263
1777321206731,23490.00,6947.00,260000.00,486.28,262
1777321206759,24200.00,7035.00,260000.00,476.78,263
1777321206790,23120.00,6982.00,260000.00,485.82,262
1777321206842,23420.00,7035.00,260000.00,485.98,263
1777321206870,23500.00,7002.00,260000.00,480.76,262
1777321206899,23540.00,7005.00,260000.00,479.08,263
1777321206927,24000.00,7005.00,260000.00,484.90,262
1777321206953,24350.00,6982.00,260000.00,485.52,263
1777321207003,23080.00,7035.00,260000.00,485.36,262
1777321207031,23400.00,7035.00,260000.00,489.66,263
1777321207060,22920.00,7025.00,260000.00,487.66,262
1777321207090,23820.00,6945.00,260000.00,484.14,263
1777321207122,23750.00,6982.00,260000.00,483.06,262
1777321207155,23600.00,7035.00,260000.00,482.30,263
1777321207185,23310.00,7001.00,260000.00,490.88,262
1777321207236,23450.00,7035.00,260000.00,488.28,263
1777321207267,23520.00,7035.00,260000.00,485.36,262
1777321207298,23980.00,7034.00,260000.00,485.98,263
1777321207328,23470.00,7035.00,260000.00,484.44,262
1777321207359,23220.00,6982.00,260000.00,485.52,263
1777321207389,23920.00,7035.00,260000.00,485.82,262
1777321207418,23410.00,7035.00,260000.00,490.58,263
1777321207470,23200.00,6998.00,260000.00,482.60,262
1777321207499,23950.00,7035.00,260000.00,484.60,263
1777321207528,23720.00,7035.00,260000.00,486.74,262
1777321207557,24070.00,7001.00,260000.00,482.76,263
1777321207585,23650.00,7001.00,260000.00,483.06,262
1777321207613,23750.00,6948.00,260000.00,490.58,263
1777321207664,23280.00,6982.00,260000.00,486.28,262
1777321207695,23500.00,7035.00,260000.00,485.98,263
1777321207725,23900.00,7035.00,260000.00,482.14,262
1777321207754,23130.00,6948.00,260000.00,483.68,263
1777321207785,24380.00,6982.00,260000.00,486.74,262
1777321207814,24180.00,7035.00,260000.00,490.12,263
1777321207869,23380.00,6982.00,260000.00,479.84,262
1777321207900,24150.00,6939.00,260000.00,488.28,263
1777321207930,23170.00,6982.00,260000.00,479.84,262
1777321207961,24120.00,6982.00,260000.00,485.06,263
1777321207992,23340.00,6982.00,260000.00,480.76,262
1777321208022,23930.00,6982.00,260000.00,483.22,263
1777321208052,23900.00,7035.00,260000.00,481.22,262
1777321208082,24340.00,7053.00,260000.00,484.60,263
1777321208114,23240.00,7108.00,260000.00,486.28,262
1777321208146,23010.00,7192.00,260000.00,484.60,263
1777321208175,23140.00,7212.00,260000.00,484.44,262
1777321208236,23350.00,7297.00,260000.00,480.92,263
1777321208266,23910.00,7350.00,260000.00,487.66,262
1777321208298,23960.00,7402.00,260000.00,488.74,263
1777321208330,22990.00,7455.00,260000.00,481.22,262
1777321208362,24250.00,7507.00,260000.00,481.84,263
1777321208392,23180.00,7530.00,260000.00,484.44,262
1777321208423,22640.00,7612.00,260000.00,485.98,263
1777321208455,23400.00,7665.00,260000.00,486.74,262
1777321208486,22970.00,7686.00,260000.00,485.52,263
1777321208519,22960.00,7737.00,260000.00,482.14,262
1777321208550,24410.00,7822.00,260000.00,479.54,263
1777321208579,23400.00,7842.00,260000.00,489.50,262
1777321208610,22560.00,7890.00,260000.00,480.92,263
1777321208641,24160.00,7979.00,260000.00,480.76,262
1777321208694,23560.00,7875.00,260000.00,481.38,263
1777321208727,23330.00,7927.00,260000.00,485.36,262
1777321208760,24310.00,7927.00,260000.00,481.84,263
1777321208791,23140.00,7890.00,260000.00,487.66,262
1777321208822,23830.00,7927.00,260000.00,487.82,263
1777321208855,23650.00,7891.00,260000.00,479.84,262
1777321208886,23160.00,7909.00,260000.00,494.26,263
1777321208920,23560.00,7927.00,260000.00,482.60,262
1777321208954,23090.00,7896.00,260000.00,485.52,263
1777321208983,24130.00,7927.00,260000.00,484.90,262
1777321209015,24050.00,7892.00,260000.00,486.44,263
1777321209047,23370.00,7927.00,260000.00,486.74,262
1777321209080,23780.00,7910.00,260000.00,484.60,263
1777321209260,46000.00,7699.00,260000.00,967.66,525
1777321209282,24000.00,7783.00,260000.00,472.48,262
1777321209325,22980.00,7722.00,260000.00,474.02,263
1777321209349,24070.00,7724.00,260000.00,472.48,262
1777321209393,23680.00,7751.00,260000.00,474.02,263
1777321209417,23720.00,7770.00,260000.00,472.48,262
1777321209461,23110.00,7687.00,260000.00,474.02,263
1777321209485,23080.00,7740.00,260000.00,472.48,262
1777321209530,22990.00,7722.00,260000.00,474.02,263
1777321209554,24160.00,7722.00,260000.00,472.48,262
1777321209599,25140.00,7732.00,260000.00,474.02,263
1777321209623,23740.00,7754.00,260000.00,472.48,262
1777321209668,23390.00,7722.00,260000.00,474.02,263
1777321209692,23720.00,7687.00,260000.00,472.48,262
1777321209716,23190.00,7700.00,260000.00,474.02,263
1777321209761,23490.00,7687.00,260000.00,472.48,262
1777321209786,23030.00,7727.00,260000.00,474.02,263
1777321209831,23080.00,7687.00,260000.00,482.60,262
1777321209856,23380.00,7724.00,260000.00,487.82,263
1777321209899,23660.00,7717.00,260000.00,480.76,262
1777321209922,22710.00,7751.00,260000.00,481.84,263
1777321209967,23040.00,7717.00,260000.00,485.36,262
1777321209990,23940.00,7753.00,260000.00,485.52,263
1777321210015,23380.00,7771.00,260000.00,477.08,262
1777321210061,23020.00,7717.00,260000.00,487.82,263
1777321210086,24080.00,7752.00,260000.00,481.68,262
1777321210132,23790.00,7698.00,260000.00,484.14,263
1777321210156,24010.00,7686.00,260000.00,489.96,262
1777321210203,23480.00,7753.00,260000.00,479.54,263
1777321210228,24180.00,7724.00,260000.00,483.98,262
1777321210251,24130.00,7751.00,260000.00,487.36,263
1777321210298,23480.00,7717.00,260000.00,483.06,262
1777321210323,23750.00,7753.00,260000.00,488.74,263
1777321210348,24150.00,7703.00,260000.00,481.68,262
1777321210395,23620.00,7728.00,260000.00,483.22,263
1777321210421,23200.00,7736.00,260000.00,478.92,262
1777321210447,23270.00,7771.00,260000.00,482.76,263
1777321210495,23790.00,7700.00,260000.00,485.82,262
1777321210520,23780.00,7717.00,260000.00,483.22,263
1777321210546,23770.00,7750.00,260000.00,482.60,262
1777321210593,23660.00,7748.00,260000.00,488.28,263
1777321210619,23790.00,7751.00,260000.00,472.48,262
1777321210666,23790.00,7717.00,260000.00,474.02,263
1777321210691,23980.00,7751.00,260000.00,483.98,262
1777321210717,24040.00,7752.00,260000.00,474.02,263
1777321210764,23420.00,7717.00,260000.00,472.48,262
1777321210790,23830.00,7752.00,260000.00,474.02,263
1777321210816,23500.00,7719.00,260000.00,472.48,262
1777321210863,23160.00,7717.00,260000.00,474.02,263
1777321210889,23920.00,7717.00,260000.00,472.48,262
1777321210915,23910.00,7751.00,260000.00,474.02,263
1777321210965,24120.00,7717.00,260000.00,472.48,262
1777321210991,23040.00,7717.00,260000.00,474.02,263
1777321211017,23910.00,7717.00,260000.00,472.48,262
1777321211045,23920.00,7770.00,260000.00,474.02,263
1777321211093,23460.00,7717.00,260000.00,472.48,262
1777321211120,23720.00,7752.00,260000.00,474.02,263
1777321211146,23710.00,7794.00,260000.00,472.48,262
1777321211197,23840.00,7751.00,260000.00,487.82,263
1777321211223,23070.00,7754.00,260000.00,476.62,262
1777321211249,22890.00,7717.00,260000.00,482.30,263
1777321211277,23920.00,7770.00,260000.00,476.16,262
1777321211326,23610.00,7717.00,260000.00,485.98,263
1777321211354,24340.00,7717.00,260000.00,484.90,262
1777321211382,23940.00,7717.00,260000.00,489.66,263
1777321211408,22940.00,7770.00,260000.00,483.52,262
1777321211457,23350.00,7717.00,260000.00,482.30,263
1777321211485,23310.00,7724.00,260000.00,484.90,262
1777321211512,24360.00,7763.00,260000.00,485.98,263
1777321211540,23100.00,7762.00,260000.00,480.30,262
1777321211589,23010.00,7717.00,260000.00,485.98,263
1777321211617,23590.00,7770.00,260000.00,484.90,262
1777321211645,23770.00,7803.00,260000.00,484.14,263
1777321211672,23470.00,7770.00,260000.00,480.76,262
1777321211722,23350.00,7752.00,260000.00,484.60,263
1777321211749,24250.00,7731.00,260000.00,486.28,262
1777321211777,24070.00,7717.00,260000.00,489.20,263
1777321211806,23490.00,7717.00,260000.00,478.00,262
1777321211855,24400.00,7752.00,260000.00,489.20,263
1777321211882,23990.00,7751.00,260000.00,481.68,262
1777321211911,24330.00,7749.00,260000.00,474.02,263
1777321211936,23430.00,7716.00,260000.00,472.48,262
1777321211985,23930.00,7717.00,260000.00,474.02,263
1777321212018,23770.00,7717.00,260000.00,472.48,262
1777321212046,23920.00,7717.00,260000.00,474.02,263
1777321212076,23180.00,7754.00,260000.00,472.48,262
1777321212104,23870.00,7754.00,260000.00,474.02,263
1777321212154,23730.00,7717.00,260000.00,472.48,262
1777321212182,23520.00,7751.00,260000.00,474.02,263
1777321212209,23570.00,7717.00,260000.00,472.48,262
1777321212236,24380.00,7770.00,260000.00,474.02,263
1777321212286,23810.00,7717.00,260000.00,472.48,262
1777321212315,23220.00,7717.00,260000.00,474.02,263
1777321212343,23290.00,7717.00,260000.00,472.48,262
1777321212373,23380.00,7717.00,260000.00,474.02,263
1777321212402,23860.00,7717.00,260000.00,480.76,262
1777321212452,23360.00,7754.00,260000.00,485.06,263
1777321212481,24100.00,7736.00,260000.00,472.48,262
1777321212509,22930.00,7738.00,260000.00,485.98,263
1777321212538,24530.00,7762.00,260000.00,486.28,262
1777321212589,23620.00,7751.00,260000.00,489.20,263
1777321212618,23420.00,7751.00,260000.00,481.68,262
1777321212647,24120.00,7717.00,260000.00,480.92,263
1777321212679,23310.00,7717.00,260000.00,481.68,262
1777321212708,24090.00,7717.00,260000.00,478.62,263
1777321212738,23520.00,7751.00,260000.00,485.36,262
1777321212789,23290.00,7717.00,260000.00,484.60,263
1777321212819,23610.00,7717.00,260000.00,474.78,262
1777321212848,24110.00,7689.00,260000.00,481.38,263
1777321212878,24120.00,7768.00,260000.00,478.92,262
1777321212905,23490.00,7785.00,260000.00,475.40,263
1777321212932,23880.00,7770.00,260000.00,482.60,262
1777321212981,23860.00,7717.00,260000.00,482.76,263
1777321213008,24480.00,7685.00,260000.00,485.36,262
1777321213035,23800.00,7717.00,260000.00,488.74,263
1777321213085,23570.00,7751.00,260000.00,480.30,262
1777321213112,22670.00,7748.00,260000.00,484.60,263
1777321213139,23460.00,7685.00,260000.00,478.00,262
1777321213169,23940.00,7752.00,260000.00,487.82,263
1777321213199,23450.00,7752.00,260000.00,478.92,262
1777321213251,23360.00,7717.00,260000.00,485.52,263
1777321213281,23350.00,7717.00,260000.00,478.46,262
1777321213311,23620.00,7718.00,260000.00,488.74,263
1777321213340,23450.00,7708.00,260000.00,480.30,262
1777321213371,24290.00,7741.00,260000.00,490.12,263
1777321213402,23400.00,7765.00,260000.00,483.98,262
1777321213433,23860.00,7736.00,260000.00,480.92,263
1777321213465,23860.00,7737.00,260000.00,481.22,262
1777321213518,23690.00,7752.00,260000.00,485.52,263
1777321213547,22840.00,7717.00,260000.00,481.22,262
1777321213579,23760.00,7749.00,260000.00,487.82,263
1777321213608,23630.00,7755.00,260000.00,481.22,262
1777321213636,23490.00,7686.00,260000.00,486.44,263
1777321213665,23980.00,7715.00,260000.00,480.30,262
1777321213694,23610.00,7770.00,260000.00,479.08,263
1777321213745,24140.00,7685.00,260000.00,480.30,262
1777321213771,23370.00,7717.00,260000.00,485.52,263
1777321213798,23930.00,7747.00,260000.00,481.22,262
1777321213823,23790.00,7736.00,260000.00,484.14,263
1777321213873,23320.00,7683.00,260000.00,483.06,262
1777321213907,23730.00,7648.00,260000.00,488.74,263
1777321213938,24110.00,7752.00,260000.00,482.60,262
1777321213967,24340.00,7684.00,260000.00,487.82,263
1777321213998,24790.00,7717.00,260000.00,489.04,262
1777321214032,23350.00,7751.00,260000.00,487.36,263
1777321214063,23950.00,7717.00,260000.00,486.28,262
1777321214120,23060.00,7750.00,260000.00,485.06,263
1777321214149,23330.00,7804.00,260000.00,487.66,262
1777321214179,23900.00,7857.00,260000.00,485.06,263
1777321214207,22880.00,7909.00,260000.00,484.90,262
1777321214237,22990.00,7962.00,260000.00,480.92,263
1777321214266,24200.00,7950.00,260000.00,472.48,262
1777321214293,24380.00,7905.00,260000.00,474.02,263
1777321214324,23390.00,7957.00,260000.00,472.48,262
1777321214355,24010.00,7927.00,260000.00,474.02,263
1777321214408,23610.00,7888.00,260000.00,472.48,262
1777321214436,24220.00,7927.00,260000.00,474.02,263
1777321214464,23640.00,7957.00,260000.00,472.48,262
1777321214491,23660.00,7957.00,260000.00,474.02,263
1777321214518,22940.00,7957.00,260000.00,472.48,262
1777321214568,23610.00,7905.00,260000.00,474.02,263
1777321214596,23760.00,7947.00,260000.00,477.54,262
1777321214625,23630.00,7895.00,260000.00,478.16,263
1777321214655,22770.00,7957.00,260000.00,482.14,262
1777321214707,24600.00,7957.00,260000.00,483.68,263
1777321214738,23750.00,7924.00,260000.00,475.70,262
1777321214768,24130.00,7957.00,260000.00,478.16,263
1777321214798,24280.00,7935.00,260000.00,475.24,262
1777321214828,23960.00,7957.00,260000.00,477.70,263
1777321214858,23150.00,7962.00,260000.00,478.00,262
1777321214886,23360.00,7895.00,260000.00,480.46,263
1777321214937,24110.00,7908.00,260000.00,480.76,262
1777321214965,23820.00,7927.00,260000.00,480.46,263
1777321214993,23150.00,7897.00,260000.00,479.38,262
1777321215022,23950.00,7944.00,260000.00,483.68,263
1777321215050,22890.00,7893.00,260000.00,477.08,262
1777321215104,23700.00,7927.00,260000.00,478.62,263
1777321215135,24400.00,7961.00,260000.00,475.70,262
1777321215168,23200.00,7927.00,260000.00,474.48,263
1777321215200,23670.00,7927.00,260000.00,475.70,262
1777321215230,22980.00,7926.00,260000.00,477.24,263
1777321215262,22970.00,7944.00,260000.00,479.38,262
1777321215294,24270.00,7927.00,260000.00,480.92,263
1777321215324,23490.00,7894.00,260000.00,476.16,262
1777321215355,24130.00,7945.00,260000.00,481.84,263
1777321215408,23860.00,7909.00,260000.00,479.38,262
1777321215440,23480.00,7907.00,260000.00,480.00,263
1777321215472,23510.00,7911.00,260000.00,475.24,262
1777321215503,23640.00,7940.00,260000.00,491.50,263
1777321215531,23290.00,7875.00,260000.00,489.50,262
1777321215560,22750.00,7837.00,260000.00,491.50,263
1777321215587,22810.00,7906.00,260000.00,485.36,262
1777321215615,23850.00,7960.00,260000.00,489.66,263
1777321215644,23770.00,7921.00,260000.00,485.82,262
1777321215697,23660.00,7927.00,260000.00,480.92,263
1777321215728,23780.00,7920.00,260000.00,483.52,262
1777321215756,24130.00,7927.00,260000.00,484.14,263
1777321215784,23800.00,7893.00,260000.00,483.06,262
1777321215835,23350.00,7875.00,260000.00,485.06,263
1777321215864,24070.00,7927.00,260000.00,480.76,262
1777321215892,23790.00,7927.00,260000.00,480.92,263
1777321215921,23120.00,7896.00,260000.00,480.76,262
1777321215951,24040.00,7927.00,260000.00,481.84,263
1777321215980,23050.00,7927.00,260000.00,479.84,262
1777321216018,23560.00,7875.00,260000.00,478.62,263
1777321216047,23780.00,7895.00,260000.00,478.00,262
1777321216076,24920.00,7927.00,260000.00,491.50,263
1777321216129,23690.00,7927.00,260000.00,476.62,262
1777321216161,23730.00,7905.00,260000.00,491.50,263
1777321216193,23840.00,7890.00,260000.00,489.50,262
1777321216225,23960.00,7927.00,260000.00,491.50,263
1777321216257,23160.00,7927.00,260000.00,489.50,262
1777321216288,23710.00,7886.00,260000.00,491.50,263
1777321216318,24480.00,7890.00,260000.00,489.50,262
1777321216352,23950.00,7927.00,260000.00,491.50,263
1777321216383,24020.00,7892.00,260000.00,489.50,262
1777321216413,23450.00,7895.00,260000.00,491.50,263
1777321216444,23570.00,7927.00,260000.00,489.50,262
1777321216475,24220.00,7927.00,260000.00,491.50,263
1777321216529,23810.00,7843.00,260000.00,483.98,262
1777321216560,23830.00,7875.00,260000.00,486.44,263
1777321216592,23370.00,7927.00,260000.00,488.12,262
1777321216624,23910.00,7890.00,260000.00,487.82,263
1777321216656,24150.00,7920.00,260000.00,489.50,262
1777321216685,23760.00,7875.00,260000.00,489.20,263
1777321216715,24220.00,7927.00,260000.00,489.50,262
1777321216743,23540.00,7927.00,260000.00,491.50,263
1777321216775,24000.00,7882.00,260000.00,489.50,262
1777321216807,23410.00,7895.00,260000.00,491.50,263
1777321216837,23230.00,7890.00,260000.00,489.50,262
1777321216891,23800.00,7890.00,260000.00,491.50,263
1777321216922,23140.00,7905.00,260000.00,489.50,262
1777321216955,23500.00,7840.00,260000.00,481.38,263
1777321216987,23620.00,7894.00,260000.00,483.98,262
1777321217018,23210.00,7927.00,260000.00,484.60,263
1777321217050,24070.00,7927.00,260000.00,485.36,262
1777321217081,23350.00,7927.00,260000.00,487.36,263
1777321217110,23460.00,7927.00,260000.00,480.30,262
1777321217142,23440.00,7894.00,260000.00,485.06,263
1777321217176,23760.00,7927.00,260000.00,480.76,262
1777321217207,24000.00,7927.00,260000.00,485.98,263
1777321217237,23690.00,7892.00,260000.00,487.66,262
1777321217372,23360.00,7770.00,260000.00,478.62,263
1777321217394,23630.00,7770.00,260000.00,489.50,262
1777321217416,23340.00,7771.00,260000.00,491.50,263
1777321217460,23560.00,7770.00,260000.00,489.50,262
1777321217484,24060.00,7790.00,260000.00,480.46,263
1777321217528,23450.00,7770.00,260000.00,483.98,262
1777321217552,23170.00,7806.00,260000.00,481.84,263
1777321217596,24030.00,7749.00,260000.00,480.76,262
1777321217620,23440.00,7793.00,260000.00,486.90,263
1777321217644,23780.00,7787.00,260000.00,480.30,262
1777321217688,23600.00,7750.00,260000.00,485.98,263
1777321217712,22700.00,7804.00,260000.00,479.38,262
1777321217757,23240.00,7745.00,260000.00,488.28,263
1777321217781,23960.00,7791.00,260000.00,487.66,262
1777321217826,23650.00,7801.00,260000.00,482.76,263
1777321217850,23860.00,7852.00,260000.00,482.60,262
1777321217895,23930.00,7770.00,260000.00,479.54,263
1777321217920,23470.00,7770.00,260000.00,477.08,262
1777321217944,23660.00,7738.00,260000.00,484.14,263
1777321217990,23990.00,7774.00,260000.00,479.84,262
1777321218014,23780.00,7759.00,260000.00,474.94,263
1777321218061,23720.00,7770.00,260000.00,481.22,262
1777321218086,23980.00,7789.00,260000.00,484.60,263
1777321218111,24090.00,7793.00,260000.00,481.68,262
1777321218156,23640.00,7770.00,260000.00,479.08,263
1777321218180,23800.00,7770.00,260000.00,482.60,262
1777321218205,23690.00,7769.00,260000.00,479.08,263
1777321218251,23600.00,7822.00,260000.00,483.06,262
1777321218277,23360.00,7787.00,260000.00,482.76,263
1777321218322,23530.00,7779.00,260000.00,481.22,262
1777321218347,22980.00,7772.00,260000.00,476.32,263
1777321218372,23370.00,7822.00,260000.00,481.68,262
1777321218418,24090.00,7780.00,260000.00,479.54,263
1777321218443,23790.00,7771.00,260000.00,476.16,262
1777321218489,23230.00,7770.00,260000.00,481.38,263
1777321218514,23650.00,7822.00,260000.00,478.46,262
1777321218539,24990.00,7818.00,260000.00,483.68,263
1777321218586,22770.00,7808.00,260000.00,479.84,262
1777321218611,23230.00,7789.00,260000.00,477.24,263
1777321218636,23700.00,7822.00,260000.00,478.00,262
1777321218682,23690.00,7767.00,260000.00,474.48,263
1777321218708,23600.00,7774.00,260000.00,476.16,262
1777321218753,23950.00,7773.00,260000.00,486.44,263
1777321218778,23320.00,7779.00,260000.00,479.38,262
1777321218804,23980.00,7784.00,260000.00,481.38,263
1777321218850,23450.00,7815.00,260000.00,473.86,262
1777321218875,23740.00,7856.00,260000.00,476.32,263
1777321218901,23270.00,7891.00,260000.00,476.62,262
1777321218948,24250.00,7804.00,260000.00,480.00,263
1777321218974,23700.00,7806.00,260000.00,473.86,262
1777321219000,23860.00,7858.00,260000.00,484.60,263
1777321219047,23410.00,7770.00,260000.00,488.12,262
1777321219073,24400.00,7806.00,260000.00,483.22,263
1777321219099,22970.00,7824.00,260000.00,472.48,262
1777321219146,22800.00,7792.00,260000.00,474.02,263
1777321219172,24060.00,7822.00,260000.00,472.48,262
1777321219198,23790.00,7792.00,260000.00,485.98,263
1777321219246,23220.00,7806.00,260000.00,488.58,262
1777321219272,23180.00,7821.00,260000.00,474.02,263
1777321219297,22850.00,7792.00,260000.00,472.48,262
1777321219345,23830.00,7770.00,260000.00,487.36,263
1777321219372,23510.00,7794.00,260000.00,482.60,262
1777321219398,24310.00,7793.00,260000.00,485.06,263
1777321219452,23420.00,7770.00,260000.00,483.52,262
1777321219479,23400.00,7770.00,260000.00,485.52,263
1777321219506,23830.00,7770.00,260000.00,490.42,262
1777321219532,23790.00,7770.00,260000.00,490.12,263
1777321219579,23890.00,7770.00,260000.00,485.82,262
1777321219606,23880.00,7802.00,260000.00,483.22,263
1777321219632,23500.00,7815.00,260000.00,484.44,262
1777321219657,23970.00,7787.00,260000.00,489.20,263
1777321219705,23710.00,7822.00,260000.00,481.22,262
1777321219732,23010.00,7856.00,260000.00,487.82,263
1777321219759,23850.00,7822.00,260000.00,484.90,262
1777321219807,23800.00,7791.00,260000.00,474.02,263
1777321219836,23500.00,7818.00,260000.00,472.48,262
1777321219862,23020.00,7822.00,260000.00,474.02,263
1777321219911,23840.00,7773.00,260000.00,483.06,262
1777321219940,23250.00,7822.00,260000.00,474.02,263
1777321219968,23270.00,7822.00,260000.00,472.48,262
1777321219997,23440.00,7851.00,260000.00,474.02,263
1777321220025,23370.00,7822.00,260000.00,484.90,262
1777321220075,24200.00,7802.00,260000.00,482.30,263
1777321220102,23410.00,7822.00,260000.00,472.48,262
1777321220129,22640.00,7822.00,260000.00,474.02,263
1777321220157,24280.00,7792.00,260000.00,483.52,262
1777321220211,24000.00,7801.00,260000.00,486.44,263
1777321220237,23620.00,7806.00,260000.00,482.60,262
1777321220263,23450.00,7822.00,260000.00,480.92,263
1777321220289,23150.00,7822.00,260000.00,482.60,262
1777321220339,23850.00,7801.00,260000.00,483.68,263
1777321220365,22750.00,7801.00,260000.00,481.68,262
1777321220393,23740.00,7822.00,260000.00,486.90,263
1777321220420,23990.00,7822.00,260000.00,483.98,262
1777321220469,23920.00,7852.00,260000.00,484.14,263
1777321220497,23020.00,7822.00,260000.00,489.50,262
1777321220527,23730.00,7822.00,260000.00,485.06,263
1777321220556,23450.00,7860.00,260000.00,482.60,262
1777321220603,23690.00,7770.00,260000.00,485.52,263
1777321220629,22690.00,7806.00,260000.00,490.88,262
1777321220659,23610.00,7805.00,260000.00,490.12,263
1777321220688,23680.00,7822.00,260000.00,480.76,262
1777321220739,23300.00,7805.00,260000.00,488.28,263
1777321220769,23270.00,7804.00,260000.00,485.36,262
1777321220798,23400.00,7806.00,260000.00,484.14,263
1777321220827,23460.00,7813.00,260000.00,482.60,262
1777321220856,23800.00,7822.00,260000.00,483.68,263
1777321220887,23330.00,7822.00,260000.00,481.68,262
1777321220938,23520.00,7770.00,260000.00,482.76,263
1777321220968,23250.00,7738.00,260000.00,486.74,262
1777321220998,23630.00,7822.00,260000.00,485.06,263
1777321221030,22260.00,7826.00,260000.00,482.60,262
1777321221057,23460.00,7752.00,260000.00,481.84,263
1777321221087,23830.00,7779.00,260000.00,483.06,262
1777321221139,23330.00,7822.00,260000.00,490.12,263
1777321221169,23490.00,7822.00,260000.00,485.36,262
1777321221199,23300.00,7860.00,260000.00,484.14,263
1777321221228,23660.00,7822.00,260000.00,485.36,262
1777321221257,23390.00,7771.00,260000.00,484.60,263
1777321221288,24090.00,7855.00,260000.00,487.66,262
1777321221319,23240.00,7859.00,260000.00,485.52,263
1777321221372,24310.00,7807.00,260000.00,484.44,262
1777321221401,23480.00,7807.00,260000.00,482.30,263
1777321221430,23430.00,7777.00,260000.00,482.60,262
1777321221462,22750.00,7740.00,260000.00,482.76,263
1777321221490,24120.00,7822.00,260000.00,483.52,262
1777321221516,23010.00,7825.00,260000.00,485.52,263
1777321221545,23470.00,7819.00,260000.00,483.98,262
1777321221597,24460.00,7822.00,260000.00,485.98,263
1777321221629,23330.00,7828.00,260000.00,476.16,262
1777321221659,24270.00,7791.00,260000.00,486.90,263
1777321221686,23740.00,7787.00,260000.00,481.22,262
1777321221714,23540.00,7822.00,260000.00,485.52,263
1777321221766,23860.00,7815.00,260000.00,483.98,262
1777321221795,24100.00,7807.00,260000.00,489.20,263
1777321221826,23480.00,7771.00,260000.00,483.06,262
1777321221858,23300.00,7807.00,260000.00,488.28,263
1777321221887,22810.00,7860.00,260000.00,481.68,262
1777321221918,22970.00,7788.00,260000.00,482.76,263
1777321221950,23570.00,7860.00,260000.00,489.96,262
1777321221981,23710.00,7855.00,260000.00,487.36,263
1777321222012,24150.00,7787.00,260000.00,480.76,262
1777321222064,24460.00,7822.00,260000.00,487.82,263
1777321222094,23440.00,7770.00,260000.00,482.60,262
1777321222125,23390.00,7803.00,260000.00,489.66,263
1777321222154,24460.00,7803.00,260000.00,486.74,262
1777321222187,23430.00,7822.00,260000.00,482.30,263
1777321222220,23760.00,7814.00,260000.00,483.06,262
1777321222252,22780.00,7841.00,260000.00,483.22,263
1777321222285,23750.00,7788.00,260000.00,493.64,262
1777321222319,23170.00,7875.00,260000.00,486.44,263
1777321222351,22860.00,7898.00,260000.00,481.22,262
1777321222384,23570.00,7980.00,260000.00,484.14,263
1777321222416,23470.00,7934.00,260000.00,480.76,262
1777321222448,24440.00,7927.00,260000.00,485.98,263
1777321222479,23660.00,7929.00,260000.00,487.66,262
1777321222513,22670.00,7894.00,260000.00,485.06,263
1777321222544,23710.00,7927.00,260000.00,487.20,262
1777321222576,23390.00,7943.00,260000.00,486.44,263
1777321222608,24470.00,7979.00,260000.00,487.20,262
1777321222640,24320.00,7963.00,260000.00,491.50,263
1777321222695,23840.00,7961.00,260000.00,483.06,262
1777321222726,24100.00,7883.00,260000.00,483.68,263
1777321222758,22930.00,7960.00,260000.00,487.66,262
1777321222790,23270.00,7950.00,260000.00,490.12,263
1777321222819,23890.00,7892.00,260000.00,481.22,262
1777321222851,24090.00,7927.00,260000.00,485.98,263
1777321222882,23620.00,7927.00,260000.00,484.90,262
1777321222913,23230.00,7892.00,260000.00,494.72,263
1777321222942,23850.00,7928.00,260000.00,482.60,262
1777321222974,23770.00,7968.00,260000.00,486.44,263
1777321223004,23630.00,7960.00,260000.00,486.28,262
1777321223034,23940.00,7924.00,260000.00,487.36,263
1777321223089,22670.00,7961.00,260000.00,490.42,262
1777321223122,23490.00,7932.00,260000.00,489.20,263
1777321223153,23520.00,7927.00,260000.00,483.98,262
1777321223184,23320.00,7927.00,260000.00,483.68,263
1777321223214,24030.00,7891.00,260000.00,484.90,262
1777321223246,23650.00,7927.00,260000.00,482.76,263
1777321223276,23770.00,7962.00,260000.00,481.68,262
1777321223305,23830.00,7933.00,260000.00,487.36,263
1777321223336,23390.00,7925.00,260000.00,483.52,262
1777321223389,23590.00,7909.00,260000.00,486.44,263
1777321223421,23910.00,7956.00,260000.00,487.20,262
1777321223453,23540.00,7937.00,260000.00,480.00,263
1777321223483,24120.00,7899.00,260000.00,482.60,262
1777321223515,23700.00,7927.00,260000.00,487.36,263
1777321223546,23130.00,7931.00,260000.00,477.54,262
1777321223577,23440.00,7927.00,260000.00,485.52,263
1777321223608,22710.00,7960.00,260000.00,488.12,262
1777321223638,23880.00,7958.00,260000.00,474.02,263
1777321223668,23760.00,7930.00,260000.00,472.48,262
1777321223699,24000.00,7927.00,260000.00,474.02,263
1777321223750,22790.00,7927.00,260000.00,472.48,262
1777321223780,23540.00,7927.00,260000.00,474.02,263
1777321223811,23180.00,7957.00,260000.00,476.62,262
1777321223842,23970.00,7897.00,260000.00,480.00,263
1777321223874,23620.00,7927.00,260000.00,477.54,262
1777321223908,23510.00,7927.00,260000.00,479.54,263
1777321223938,23390.00,7895.00,260000.00,479.38,262
1777321223970,23080.00,7896.00,260000.00,479.54,263
1777321223999,23600.00,7927.00,260000.00,480.30,262
1777321224030,24450.00,7894.00,260000.00,485.06,263
1777321224062,23340.00,7879.00,260000.00,477.08,262
1777321224114,23410.00,7905.00,260000.00,481.84,263
1777321224146,24230.00,7957.00,260000.00,478.00,262
1777321224175,23220.00,7927.00,260000.00,485.06,263
1777321224204,23890.00,7956.00,260000.00,476.62,262
1777321224234,24480.00,7927.00,260000.00,485.52,263
1777321224263,22980.00,7927.00,260000.00,471.10,262
1777321224291,23710.00,7928.00,260000.00,485.06,263
1777321224341,23320.00,7957.00,260000.00,481.22,262
1777321224370,23360.00,7963.00,260000.00,491.50,263
1777321224399,23010.00,7936.00,260000.00,489.50,262
1777321224428,23950.00,7930.00,260000.00,491.50,263
1777321224456,23250.00,7942.00,260000.00,489.50,262
1777321224505,23500.00,7890.00,260000.00,478.62,263
1777321224533,23500.00,7927.00,260000.00,476.62,262
1777321224561,23850.00,7897.00,260000.00,491.50,263
1777321224592,24230.00,7895.00,260000.00,480.30,262
1777321224646,24040.00,7910.00,260000.00,478.62,263
1777321224674,22980.00,7911.00,260000.00,489.50,262
1777321224702,23940.00,7890.00,260000.00,491.50,263
1777321224731,23430.00,7927.00,260000.00,488.58,262
1777321224759,23260.00,7927.00,260000.00,484.14,263
1777321224788,23880.00,7893.00,260000.00,482.14,262
1777321224840,23700.00,7927.00,260000.00,485.52,263
1777321224870,23230.00,7927.00,260000.00,486.28,262
1777321224900,23180.00,7927.00,260000.00,488.74,263
1777321224929,22940.00,7891.00,260000.00,487.20,262
1777321224958,23190.00,7891.00,260000.00,491.50,263
1777321224988,23910.00,7875.00,260000.00,483.52,262
1777321225044,23530.00,7875.00,260000.00,477.70,263
1777321225075,24270.00,7927.00,260000.00,479.84,262
1777321225105,23550.00,7927.00,260000.00,483.22,263
1777321225134,23530.00,7893.00,260000.00,480.30,262
1777321225164,23750.00,7957.00,260000.00,476.78,263
1777321225297,47750.00,7717.00,260000.00,958.92,525
1777321225321,22810.00,7822.00,260000.00,480.30,262
1777321225366,24000.00,7812.00,260000.00,483.68,263
1777321225390,22950.00,7788.00,260000.00,483.06,262
1777321225434,24120.00,7743.00,260000.00,488.28,263
1777321225459,23620.00,7789.00,260000.00,482.14,262
1777321225504,23490.00,7778.00,260000.00,481.84,263
1777321225528,23680.00,7790.00,260000.00,478.00,262
1777321225552,23460.00,7791.00,260000.00,475.40,263
1777321225597,23620.00,7822.00,260000.00,483.52,262
1777321225622,23900.00,7822.00,260000.00,476.32,263
1777321225667,23180.00,7770.00,260000.00,481.22,262
1777321225692,23790.00,7787.00,260000.00,485.06,263
1777321225716,23370.00,7787.00,260000.00,473.86,262
1777321225762,23370.00,7799.00,260000.00,477.70,263
1777321225787,23810.00,7793.00,260000.00,481.22,262
1777321225833,23410.00,7817.00,260000.00,478.16,263
1777321225857,24300.00,7822.00,260000.00,477.08,262
1777321225882,24030.00,7792.00,260000.00,475.40,263
1777321225928,24680.00,7822.00,260000.00,483.98,262
1777321225953,23650.00,7856.00,260000.00,480.00,263
1777321225999,23910.00,7822.00,260000.00,472.94,262
1777321226024,24610.00,7793.00,260000.00,482.76,263
1777321226050,22980.00,7823.00,260000.00,475.70,262
1777321226096,23980.00,7779.00,260000.00,474.02,263
1777321226121,23170.00,7792.00,260000.00,478.46,262
1777321226146,23400.00,7794.00,260000.00,480.92,263
1777321226193,23980.00,7822.00,260000.00,472.48,262
1777321226218,22650.00,7822.00,260000.00,474.02,263
1777321226265,23120.00,7770.00,260000.00,472.48,262
1777321226291,24110.00,7792.00,260000.00,474.02,263
1777321226316,24270.00,7792.00,260000.00,472.48,262
1777321226363,23320.00,7792.00,260000.00,485.06,263
1777321226389,23460.00,7793.00,260000.00,483.06,262
1777321226414,23650.00,7793.00,260000.00,492.42,263
1777321226463,24400.00,7852.00,260000.00,481.68,262
1777321226489,23900.00,7794.00,260000.00,481.84,263
1777321226514,23850.00,7829.00,260000.00,483.06,262
1777321226561,23790.00,7735.00,260000.00,490.58,263
1777321226587,23500.00,7785.00,260000.00,483.06,262
1777321226613,23180.00,7823.00,260000.00,483.22,263
1777321226662,24910.00,7834.00,260000.00,486.74,262
1777321226688,24120.00,7857.00,260000.00,485.98,263
1777321226713,23150.00,7792.00,260000.00,483.06,262
1777321226760,23190.00,7822.00,260000.00,489.66,263
1777321226786,23110.00,7822.00,260000.00,484.44,262
1777321226813,23500.00,7859.00,260000.00,485.06,263
1777321226860,24090.00,7822.00,260000.00,479.38,262
1777321226887,23530.00,7822.00,260000.00,487.36,263
1777321226913,24000.00,7856.00,260000.00,484.90,262
1777321226939,23790.00,7815.00,260000.00,482.76,263
1777321226986,23130.00,7818.00,260000.00,478.92,262
1777321227012,24200.00,7857.00,260000.00,485.52,263
1777321227038,24190.00,7813.00,260000.00,475.70,262
1777321227086,23840.00,7791.00,260000.00,485.98,263
1777321227112,24630.00,7788.00,260000.00,483.06,262
1777321227139,23260.00,7792.00,260000.00,488.74,263
1777321227186,24150.00,7786.00,260000.00,481.68,262
1777321227213,23230.00,7792.00,260000.00,485.98,263
1777321227241,23210.00,7805.00,260000.00,483.52,262
1777321227288,23530.00,7856.00,260000.00,488.74,263
1777321227316,23370.00,7822.00,260000.00,481.22,262
1777321227343,24070.00,7857.00,260000.00,486.90,263
1777321227370,22590.00,7787.00,260000.00,485.82,262
1777321227419,23410.00,7853.00,260000.00,487.36,263
1777321227446,22910.00,7822.00,260000.00,487.66,262
1777321227475,23870.00,7857.00,260000.00,485.06,263
1777321227503,23670.00,7891.00,260000.00,484.44,262
1777321227552,23650.00,7821.00,260000.00,484.60,263
1777321227585,24060.00,7846.00,260000.00,479.38,262
1777321227612,23920.00,7822.00,260000.00,493.34,263
1777321227640,23840.00,7822.00,260000.00,481.22,262
1777321227690,23960.00,7822.00,260000.00,483.68,263
1777321227717,23510.00,7847.00,260000.00,484.90,262
1777321227744,23810.00,7822.00,260000.00,480.46,263
1777321227773,23280.00,7822.00,260000.00,486.74,262
1777321227799,23230.00,7859.00,260000.00,483.22,263
1777321227850,23390.00,7822.00,260000.00,483.06,262
1777321227879,23970.00,7822.00,260000.00,483.68,263
1777321227907,23880.00,7858.00,260000.00,483.98,262
1777321227935,22890.00,7853.00,260000.00,485.98,263
1777321227986,23980.00,7778.00,260000.00,475.70,262
1777321228012,23940.00,7806.00,260000.00,485.98,263
1777321228042,23570.00,7829.00,260000.00,484.90,262
1777321228072,23790.00,7822.00,260000.00,487.36,263
1777321228099,23470.00,7822.00,260000.00,486.74,262
1777321228150,23940.00,7822.00,260000.00,488.74,263
1777321228180,24240.00,7822.00,260000.00,482.60,262
1777321228207,23870.00,7856.00,260000.00,481.38,263
1777321228236,23260.00,7822.00,260000.00,484.44,262
1777321228266,24050.00,7789.00,260000.00,484.60,263
1777321228316,23690.00,7805.00,260000.00,484.90,262
1777321228346,24380.00,7852.00,260000.00,488.28,263
1777321228375,23870.00,7822.00,260000.00,487.66,262
1777321228402,23380.00,7822.00,260000.00,489.66,263
1777321228428,23150.00,7839.00,260000.00,489.04,262
1777321228477,23560.00,7855.00,260000.00,488.28,263
1777321228507,23960.00,7822.00,260000.00,482.60,262
1777321228536,24190.00,7822.00,260000.00,486.44,263
1777321228564,24470.00,7822.00,260000.00,484.44,262
1777321228615,23190.00,7822.00,260000.00,487.36,263
1777321228643,23430.00,7822.00,260000.00,483.98,262
1777321228672,23450.00,7852.00,260000.00,485.52,263
1777321228702,23740.00,7852.00,260000.00,486.28,262
1777321228732,23670.00,7822.00,260000.00,474.02,263
1777321228762,23330.00,7825.00,260000.00,481.22,262
1777321228814,23560.00,7822.00,260000.00,481.84,263
1777321228851,23010.00,7818.00,260000.00,483.52,262
1777321228880,24070.00,7822.00,260000.00,488.74,263
1777321228911,23330.00,7822.00,260000.00,483.06,262
1777321228940,23550.00,7854.00,260000.00,485.06,263
1777321228969,23680.00,7853.00,260000.00,482.60,262
1777321228999,24700.00,7822.00,260000.00,485.06,263
1777321229029,24370.00,7855.00,260000.00,481.22,262
1777321229082,23420.00,7836.00,260000.00,483.68,263
1777321229111,23650.00,7822.00,260000.00,482.60,262
1777321229140,24760.00,7822.00,260000.00,483.68,263
1777321229170,24450.00,7822.00,260000.00,487.20,262
1777321229200,22860.00,7822.00,260000.00,480.92,263
1777321229228,22870.00,7822.00,260000.00,479.84,262
1777321229259,24250.00,7822.00,260000.00,483.68,263
1777321229287,24110.00,7852.00,260000.00,479.38,262
1777321229340,23100.00,7822.00,260000.00,485.06,263
1777321229367,23630.00,7822.00,260000.00,483.52,262
1777321229399,24290.00,7860.00,260000.00,485.98,263
1777321229429,23240.00,7787.00,260000.00,480.30,262
1777321229459,23870.00,7826.00,260000.00,487.82,263
1777321229488,23660.00,7824.00,260000.00,486.74,262
1777321229540,23580.00,7822.00,260000.00,489.66,263
1777321229571,23430.00,7823.00,260000.00,486.28,262
1777321229601,23200.00,7860.00,260000.00,486.90,263
1777321229630,22730.00,7791.00,260000.00,486.74,262
1777321229660,23230.00,7790.00,260000.00,489.20,263
1777321229717,22830.00,7807.00,260000.00,481.68,262
1777321229748,23370.00,7770.00,260000.00,488.74,263
1777321229780,23620.00,7804.00,260000.00,483.52,262
1777321229811,23790.00,7808.00,260000.00,477.70,263
1777321229842,22840.00,7822.00,260000.00,469.26,262
1777321229874,23250.00,7822.00,260000.00,480.92,263
1777321229903,23420.00,7822.00,260000.00,474.32,262
1777321229933,23840.00,7827.00,260000.00,480.46,263
1777321229965,23150.00,7858.00,260000.00,474.78,262
1777321229996,23180.00,7874.00,260000.00,484.14,263
1777321230026,23520.00,7793.00,260000.00,475.70,262
1777321230058,23180.00,7807.00,260000.00,480.92,263
1777321230089,24440.00,7822.00,260000.00,472.02,262
1777321230118,23480.00,7828.00,260000.00,478.16,263
1777321230172,23270.00,7822.00,260000.00,478.92,262
1777321230203,23190.00,7791.00,260000.00,480.00,263
1777321230233,23190.00,7875.00,260000.00,478.46,262
1777321230264,23320.00,7927.00,260000.00,482.30,263
1777321230296,24250.00,7948.00,260000.00,479.38,262
1777321230327,22620.00,7927.00,260000.00,480.00,263
1777321230357,23740.00,7961.00,260000.00,484.90,262
1777321230387,23320.00,7910.00,260000.00,487.36,263
1777321230419,23830.00,7909.00,260000.00,484.90,262
1777321230472,23810.00,7909.00,260000.00,486.90,263
1777321230505,24110.00,7927.00,260000.00,488.12,262
1777321230535,23420.00,7922.00,260000.00,474.02,263
1777321230565,23200.00,7905.00,260000.00,486.28,262
1777321230596,24950.00,7927.00,260000.00,480.46,263
1777321230626,23260.00,7896.00,260000.00,478.00,262
1777321230659,23530.00,7927.00,260000.00,480.46,263
1777321230691,23580.00,7961.00,260000.00,476.62,262
1777321230720,23540.00,7931.00,260000.00,485.06,263
1777321230751,23290.00,7927.00,260000.00,476.16,262
1777321230787,24140.00,7959.00,260000.00,477.24,263
1777321230818,24620.00,7953.00,260000.00,480.30,262
1777321230849,23890.00,7894.00,260000.00,474.02,263
1777321230902,24360.00,7905.00,260000.00,472.48,262
1777321230934,23040.00,7927.00,260000.00,474.48,263
1777321230963,24320.00,7910.00,260000.00,482.60,262
1777321230995,23890.00,7895.00,260000.00,480.00,263
1777321231027,24070.00,7957.00,260000.00,478.92,262
1777321231058,23560.00,7950.00,260000.00,477.24,263
1777321231088,23420.00,7959.00,260000.00,477.54,262
1777321231121,23070.00,7957.00,260000.00,480.46,263
1777321231153,23140.00,7960.00,260000.00,481.68,262
1777321231183,24690.00,7927.00,260000.00,477.24,263
1777321231215,23920.00,7875.00,260000.00,481.22,262
1777321231248,24370.00,7957.00,260000.00,491.50,263
1777321231279,22970.00,7922.00,260000.00,489.50,262
1777321231334,23840.00,7935.00,260000.00,475.86,263
1777321231373,23030.00,7957.00,260000.00,489.50,262
1777321231404,23870.00,7909.00,260000.00,491.50,263
1777321231435,23540.00,7913.00,260000.00,489.50,262
1777321231465,23690.00,7927.00,260000.00,491.50,263
1777321231497,23860.00,7955.00,260000.00,489.50,262
1777321231528,23170.00,7893.00,260000.00,491.50,263
1777321231557,22370.00,7925.00,260000.00,489.50,262
1777321231589,23560.00,7964.00,260000.00,491.50,263
1777321231621,23420.00,7924.00,260000.00,489.50,262
1777321231652,23500.00,7961.00,260000.00,502.54,263
1777321231683,23480.00,7908.00,260000.00,498.70,262
1777321231715,24150.00,7962.00,260000.00,502.54,263
1777321231746,23630.00,7927.00,260000.00,503.30,262
1777321231775,23940.00,7927.00,260000.00,500.70,263
1777321231829,23770.00,7868.00,260000.00,499.62,262
1777321231862,23560.00,7927.00,260000.00,506.22,263
1777321231894,24100.00,7927.00,260000.00,498.24,262
1777321231925,23450.00,7891.00,260000.00,491.50,263
1777321231955,23370.00,7908.00,260000.00,489.50,262
1777321231986,23970.00,7927.00,260000.00,491.50,263
1777321232016,24090.00,7927.00,260000.00,489.50,262
1777321232045,23390.00,7929.00,260000.00,526.00,263
1777321232077,23620.00,7959.00,260000.00,524.00,262
1777321232106,22830.00,7962.00,260000.00,526.00,263
1777321232160,23690.00,7882.00,260000.00,524.00,262
1777321232191,23530.00,7963.00,260000.00,526.00,263
1777321232223,23710.00,7934.00,260000.00,524.00,262
1777321232255,23820.00,7858.00,260000.00,526.00,263
1777321232287,23100.00,7927.00,260000.00,524.00,262
1777321232317,23890.00,7875.00,260000.00,526.00,263
1777321232351,22780.00,7927.00,260000.00,524.00,262
1777321232384,23680.00,7930.00,260000.00,526.00,263
1777321232415,22620.00,7927.00,260000.00,524.00,262
1777321232446,24040.00,7875.00,260000.00,526.00,263
1777321232479,23030.00,7927.00,260000.00,524.00,262
1777321232510,23650.00,7927.00,260000.00,526.00,263
1777321232539,23730.00,7878.00,260000.00,524.00,262
1777321232570,23600.00,7875.00,260000.00,526.00,263
1777321232624,23990.00,7922.00,260000.00,524.00,262
1777321232736,22930.00,7770.00,260000.00,503.00,263
1777321232758,23170.00,7770.00,260000.00,524.00,262
1777321232781,23410.00,7770.00,260000.00,526.00,263
1777321232825,23620.00,7770.00,260000.00,524.00,262
1777321232849,23760.00,7822.00,260000.00,526.00,263
1777321232893,24170.00,7770.00,260000.00,524.00,262
1777321232917,24120.00,7770.00,260000.00,526.00,263
1777321232962,23790.00,7726.00,260000.00,524.00,262
1777321232986,23890.00,7770.00,260000.00,526.00,263
1777321233010,24010.00,7770.00,260000.00,524.00,262
1777321233055,23300.00,7717.00,260000.00,526.00,263
1777321233079,23760.00,7770.00,260000.00,524.00,262
1777321233124,23530.00,7770.00,260000.00,502.54,263
1777321233149,23610.00,7816.00,260000.00,524.00,262
1777321233194,23780.00,7770.00,260000.00,503.00,263
1777321233218,23470.00,7770.00,260000.00,498.24,262
1777321233242,23480.00,7805.00,260000.00,526.00,263
1777321233287,23870.00,7770.00,260000.00,524.00,262
1777321233312,23750.00,7822.00,260000.00,526.00,263
1777321233357,22130.00,7727.00,260000.00,524.00,262
1777321233382,24400.00,7721.00,260000.00,504.38,263
1777321233407,23760.00,7768.00,260000.00,499.62,262
1777321233452,23930.00,7770.00,260000.00,502.54,263
1777321233477,23270.00,7784.00,260000.00,504.22,262
1777321233523,23900.00,7770.00,260000.00,502.08,263
1777321233547,23920.00,7770.00,260000.00,500.08,262
1777321233572,23880.00,7770.00,260000.00,503.00,263
1777321233618,23880.00,7791.00,260000.00,503.76,262
1777321233643,23430.00,7784.00,260000.00,504.38,263
1777321233688,24090.00,7770.00,260000.00,496.86,262
1777321233713,23520.00,7782.00,260000.00,505.30,263
1777321233739,23790.00,7790.00,260000.00,501.92,262
1777321233785,22760.00,7770.00,260000.00,502.54,263
1777321233810,23920.00,7784.00,260000.00,500.54,262
1777321233836,22620.00,7780.00,260000.00,491.50,263
1777321233882,23470.00,7822.00,260000.00,489.50,262
1777321233908,24090.00,7822.00,260000.00,491.50,263
1777321233934,22610.00,7822.00,260000.00,504.68,262
1777321233981,24230.00,7770.00,260000.00,498.86,263
1777321234007,23970.00,7770.00,260000.00,499.62,262
1777321234054,23450.00,7770.00,260000.00,500.24,263
1777321234079,22650.00,7790.00,260000.00,498.70,262
1777321234105,22840.00,7786.00,260000.00,502.54,263
1777321234131,23770.00,7780.00,260000.00,489.50,262
1777321234179,24010.00,7778.00,260000.00,491.50,263
1777321234204,22910.00,7822.00,260000.00,479.38,262
1777321234252,23150.00,7770.00,260000.00,484.14,263
1777321234278,22690.00,7737.00,260000.00,489.50,262
1777321234303,24040.00,7736.00,260000.00,491.50,263
1777321234351,23920.00,7752.00,260000.00,489.50,262
1777321234376,23870.00,7736.00,260000.00,491.50,263
1777321234402,23120.00,7785.00,260000.00,489.50,262
1777321234450,23300.00,7803.00,260000.00,491.50,263
1777321234475,23880.00,7806.00,260000.00,489.50,262
1777321234502,23430.00,7770.00,260000.00,491.50,263
1777321234549,23860.00,7787.00,260000.00,489.50,262
1777321234575,23290.00,7822.00,260000.00,491.50,263
1777321234602,23770.00,7822.00,260000.00,489.50,262
1777321234627,23450.00,7816.00,260000.00,491.50,263
1777321234676,24180.00,7770.00,260000.00,489.50,262
1777321234702,23700.00,7785.00,260000.00,491.50,263
1777321234727,23360.00,7822.00,260000.00,489.50,262
1777321234775,23910.00,7822.00,260000.00,487.82,263
1777321234801,23880.00,7822.00,260000.00,480.76,262
1777321234827,23770.00,7792.00,260000.00,482.76,263
1777321234875,23790.00,7822.00,260000.00,483.06,262
1777321234901,23670.00,7822.00,260000.00,481.84,263
1777321234928,24140.00,7853.00,260000.00,476.16,262
1777321234976,24130.00,7740.00,260000.00,482.76,263
1777321235003,23210.00,7780.00,260000.00,484.44,262
1777321235030,22920.00,7823.00,260000.00,483.22,263
1777321235079,23520.00,7770.00,260000.00,472.94,262
1777321235105,23800.00,7799.00,260000.00,479.54,263
1777321235131,23510.00,7801.00,260000.00,482.14,262
1777321235158,23730.00,7790.00,260000.00,473.56,263
1777321235206,23290.00,7853.00,260000.00,473.40,262
1777321235234,22950.00,7822.00,260000.00,481.84,263
1777321235261,23430.00,7789.00,260000.00,476.62,262
1777321235309,23120.00,7770.00,260000.00,474.94,263
1777321235335,23250.00,7770.00,260000.00,475.24,262
1777321235362,24280.00,7822.00,260000.00,479.54,263
1777321235389,22740.00,7873.00,260000.00,481.68,262
1777321235437,24200.00,7841.00,260000.00,474.02,263
1777321235465,23970.00,7822.00,260000.00,472.48,262
1777321235492,23180.00,7792.00,260000.00,474.02,263
1777321235540,23210.00,7855.00,260000.00,472.48,262
1777321235567,22870.00,7822.00,260000.00,474.02,263
1777321235594,22620.00,7822.00,260000.00,472.48,262
1777321235622,23920.00,7855.00,260000.00,474.02,263
1777321235669,23630.00,7770.00,260000.00,474.78,262
1777321235696,24150.00,7822.00,260000.00,474.02,263
1777321235724,23860.00,7853.00,260000.00,477.54,262
1777321235775,24110.00,7770.00,260000.00,474.94,263
1777321235803,23920.00,7770.00,260000.00,478.92,262
1777321235831,23440.00,7803.00,260000.00,485.98,263
1777321235859,23710.00,7828.00,260000.00,475.70,262
1777321235886,23480.00,7822.00,260000.00,481.84,263
1777321235934,24290.00,7822.00,260000.00,480.76,262
1777321235962,23960.00,7823.00,260000.00,476.78,263
1777321235991,24020.00,7856.00,260000.00,479.84,262
1777321236019,23750.00,7822.00,260000.00,477.70,263
1777321236069,24020.00,7775.00,260000.00,485.36,262
1777321236098,23500.00,7811.00,260000.00,483.68,263
1777321236127,23620.00,7822.00,260000.00,485.82,262
1777321236155,24160.00,7822.00,260000.00,483.22,263
1777321236202,23080.00,7822.00,260000.00,485.82,262
1777321236228,24160.00,7776.00,260000.00,486.90,263
1777321236254,23950.00,7822.00,260000.00,485.36,262
1777321236282,24160.00,7857.00,260000.00,483.22,263
1777321236332,23470.00,7822.00,260000.00,478.00,262
1777321236359,23330.00,7822.00,260000.00,485.52,263
1777321236387,22430.00,7770.00,260000.00,490.88,262
1777321236438,23820.00,7822.00,260000.00,477.70,263
1777321236467,24220.00,7822.00,260000.00,479.84,262
1777321236497,23430.00,7822.00,260000.00,487.36,263
1777321236526,24130.00,7856.00,260000.00,483.52,262
1777321236553,23840.00,7860.00,260000.00,481.38,263
1777321236604,23500.00,7807.00,260000.00,483.52,262
1777321236633,23330.00,7817.00,260000.00,485.06,263
1777321236663,23630.00,7796.00,260000.00,482.14,262
1777321236692,24290.00,7765.00,260000.00,482.76,263
1777321236723,23300.00,7788.00,260000.00,484.90,262
1777321236753,24370.00,7787.00,260000.00,482.30,263
1777321236782,23620.00,7822.00,260000.00,482.14,262
1777321236834,23850.00,7829.00,260000.00,486.90,263
1777321236864,23790.00,7822.00,260000.00,482.60,262
1777321236894,23490.00,7822.00,260000.00,485.06,263
1777321236924,23210.00,7822.00,260000.00,481.68,262
1777321236955,23890.00,7788.00,260000.00,482.76,263
1777321236987,23510.00,7822.00,260000.00,487.66,262
1777321237018,23530.00,7822.00,260000.00,485.06,263
1777321237048,23310.00,7821.00,260000.00,480.76,262
1777321237099,22970.00,7770.00,260000.00,484.60,263
1777321237130,23690.00,7822.00,260000.00,483.06,262
1777321237159,23690.00,7832.00,260000.00,474.94,263
1777321237190,24180.00,7797.00,260000.00,483.52,262
1777321237221,23750.00,7822.00,260000.00,488.74,263
1777321237249,23020.00,7841.00,260000.00,484.44,262
1777321237303,23700.00,7822.00,260000.00,488.28,263
1777321237332,22710.00,7822.00,260000.00,482.14,262
1777321237362,23130.00,7789.00,260000.00,492.42,263
1777321237393,23690.00,7788.00,260000.00,482.60,262
1777321237423,24480.00,7822.00,260000.00,485.52,263
1777321237451,23800.00,7840.00,260000.00,487.66,262
1777321237479,23620.00,7822.00,260000.00,487.36,263
1777321237527,23070.00,7822.00,260000.00,483.98,262
1777321237553,23750.00,7788.00,260000.00,488.74,263
1777321237578,23610.00,7755.00,260000.00,479.84,262
1777321237630,23610.00,7822.00,260000.00,483.68,263
1777321237657,23070.00,7822.00,260000.00,487.66,262
1777321237684,23000.00,7875.00,260000.00,489.20,263
1777321237711,23950.00,7923.00,260000.00,486.74,262
1777321237762,23540.00,7927.00,260000.00,482.30,263
1777321237791,24170.00,7894.00,260000.00,480.76,262
1777321237818,24140.00,7927.00,260000.00,488.28,263
1777321237845,23480.00,7927.00,260000.00,486.28,262
1777321237875,23710.00,7923.00,260000.00,489.20,263
1777321237926,23580.00,7927.00,260000.00,486.28,262
1777321237953,24180.00,7980.00,260000.00,491.50,263
1777321237981,22810.00,7946.00,260000.00,483.52,262
1777321238011,23870.00,7945.00,260000.00,490.12,263
1777321238038,23290.00,7980.00,260000.00,483.06,262
1777321238091,23820.00,7927.00,260000.00,485.52,263
1777321238119,23700.00,7927.00,260000.00,484.44,262
1777321238148,23500.00,7939.00,260000.00,484.14,263
1777321238174,23310.00,7946.00,260000.00,484.90,262
1777321238224,23350.00,7892.00,260000.00,484.14,263
1777321238255,24050.00,7902.00,260000.00,483.52,262
1777321238286,22850.00,7927.00,260000.00,482.76,263
1777321238317,23670.00,7927.00,260000.00,484.90,262
1777321238349,23230.00,7980.00,260000.00,482.30,263
1777321238381,24510.00,7980.00,260000.00,487.20,262
1777321238410,23950.00,7970.00,260000.00,488.74,263
1777321238442,23350.00,7875.00,260000.00,488.12,262
1777321238475,23470.00,7969.00,260000.00,480.46,263
1777321238511,22960.00,7895.00,260000.00,481.68,262
1777321238543,23400.00,7894.00,260000.00,474.02,263
1777321238575,23110.00,7927.00,260000.00,479.84,262
1777321238606,23380.00,7937.00,260000.00,481.84,263
1777321238637,23050.00,7937.00,260000.00,487.66,262
1777321238669,23930.00,7927.00,260000.00,486.90,263
1777321238702,23600.00,7951.00,260000.00,483.98,262
1777321238755,23720.00,7917.00,260000.00,483.22,263
1777321238787,23760.00,7927.00,260000.00,484.44,262
1777321238818,23660.00,7933.00,260000.00,476.32,263
1777321238851,23550.00,7912.00,260000.00,482.14,262
1777321238883,22950.00,7927.00,260000.00,479.54,263
1777321238913,23650.00,7927.00,260000.00,478.46,262
1777321238944,23200.00,7927.00,260000.00,484.60,263
1777321238977,23020.00,7927.00,260000.00,481.68,262
1777321239009,23350.00,7927.00,260000.00,477.70,263
1777321239040,23600.00,7896.00,260000.00,484.90,262
1777321239073,23460.00,7898.00,260000.00,478.62,263
1777321239106,24260.00,7969.00,260000.00,478.46,262
1777321239145,24410.00,7880.00,260000.00,480.00,263
1777321239176,23190.00,7895.00,260000.00,477.54,262
1777321239208,24190.00,7927.00,260000.00,485.06,263
1777321239240,24290.00,7927.00,260000.00,479.84,262
1777321239271,23100.00,7928.00,260000.00,475.40,263
1777321239303,24130.00,7965.00,260000.00,474.78,262
1777321239334,22850.00,7965.00,260000.00,474.02,263
1777321239366,24180.00,7965.00,260000.00,476.62,262
1777321239396,23650.00,7965.00,260000.00,482.30,263
1777321239450,23910.00,7894.00,260000.00,478.00,262
1777321239483,23850.00,7895.00,260000.00,481.84,263
1777321239514,23430.00,7921.00,260000.00,473.40,262
1777321239546,23750.00,7927.00,260000.00,481.84,263
1777321239580,22680.00,7927.00,260000.00,480.76,262
1777321239610,23240.00,7927.00,260000.00,479.54,263
1777321239640,23730.00,7965.00,260000.00,485.82,262
1777321239674,24090.00,7927.00,260000.00,490.12,263
1777321239830,24480.00,7965.00,260000.00,484.44,262
1777321239854,24150.00,7717.00,260000.00,491.50,263
1777321239877,23700.00,7768.00,260000.00,489.50,262
1777321239921,23220.00,7717.00,260000.00,491.50,263
1777321239945,23090.00,7716.00,260000.00,489.50,262
1777321239969,23320.00,7764.00,260000.00,491.50,263
1777321240013,23780.00,7718.00,260000.00,489.50,262
1777321240037,23360.00,7751.00,260000.00,491.50,263
1777321240082,23420.00,7770.00,260000.00,489.50,262
1777321240106,23310.00,7737.00,260000.00,491.50,263
1777321240151,23330.00,7751.00,260000.00,476.62,262
1777321240175,23870.00,7747.00,260000.00,491.50,263
1777321240220,23460.00,7717.00,260000.00,489.50,262
1777321240244,23250.00,7716.00,260000.00,491.50,263
1777321240269,23270.00,7718.00,260000.00,489.50,262
1777321240315,24480.00,7701.00,260000.00,491.50,263
1777321240339,23880.00,7722.00,260000.00,489.50,262
1777321240363,23310.00,7732.00,260000.00,485.98,263
1777321240408,23590.00,7717.00,260000.00,479.38,262
1777321240433,23610.00,7738.00,260000.00,478.16,263
1777321240478,23380.00,7715.00,260000.00,489.50,262
1777321240503,23150.00,7680.00,260000.00,479.54,263
1777321240549,23850.00,7695.00,260000.00,489.04,262
1777321240574,23890.00,7701.00,260000.00,488.28,263
1777321240599,23650.00,7726.00,260000.00,484.90,262
1777321240644,23320.00,7682.00,260000.00,483.22,263
1777321240669,24000.00,7736.00,260000.00,481.22,262
1777321240714,23130.00,7717.00,260000.00,479.54,263
1777321240739,24260.00,7717.00,260000.00,477.54,262
1777321240764,23660.00,7740.00,260000.00,476.78,263
1777321240811,23470.00,7731.00,260000.00,477.54,262
1777321240835,23510.00,7764.00,260000.00,480.92,263
1777321240881,23550.00,7717.00,260000.00,478.92,262
1777321240908,23680.00,7718.00,260000.00,477.24,263
1777321240933,23850.00,7738.00,260000.00,482.14,262
1777321240979,24240.00,7717.00,260000.00,478.16,263
1777321241004,23160.00,7687.00,260000.00,480.76,262
1777321241030,23220.00,7687.00,260000.00,479.08,263
1777321241077,22750.00,7717.00,260000.00,478.00,262
1777321241102,23480.00,7736.00,260000.00,480.46,263
1777321241149,23860.00,7684.00,260000.00,472.48,262
1777321241175,24250.00,7717.00,260000.00,474.02,263
1777321241201,23430.00,7740.00,260000.00,472.48,262
1777321241227,23370.00,7740.00,260000.00,474.02,263
1777321241274,23560.00,7687.00,260000.00,485.82,262
1777321241300,22750.00,7687.00,260000.00,484.60,263
1777321241326,23820.00,7770.00,260000.00,484.44,262
1777321241373,23500.00,7770.00,260000.00,486.44,263
1777321241399,22730.00,7790.00,260000.00,486.28,262
1777321241446,23340.00,7723.00,260000.00,474.02,263
1777321241472,23590.00,7770.00,260000.00,472.48,262
1777321241499,23870.00,7770.00,260000.00,474.02,263
1777321241525,23520.00,7770.00,260000.00,472.48,262
1777321241573,24010.00,7717.00,260000.00,474.02,263
1777321241599,24200.00,7770.00,260000.00,472.48,262
1777321241646,23780.00,7717.00,260000.00,474.02,263
1777321241672,23130.00,7751.00,260000.00,472.48,262
1777321241699,23530.00,7763.00,260000.00,474.02,263
1777321241725,23540.00,7773.00,260000.00,482.14,262
1777321241773,22540.00,7717.00,260000.00,490.12,263
1777321241800,23630.00,7770.00,260000.00,481.68,262
1777321241826,23200.00,7804.00,260000.00,482.30,263
1777321241874,23870.00,7717.00,260000.00,485.36,262
1777321241901,22830.00,7765.00,260000.00,481.38,263
1777321241928,23250.00,7800.00,260000.00,480.76,262
1777321241977,23420.00,7717.00,260000.00,484.14,263
1777321242005,24120.00,7717.00,260000.00,483.98,262
1777321242031,24330.00,7752.00,260000.00,480.92,263
1777321242080,23920.00,7717.00,260000.00,483.06,262
1777321242108,22820.00,7748.00,260000.00,477.24,263
1777321242135,24050.00,7770.00,260000.00,484.44,262
1777321242165,23050.00,7796.00,260000.00,486.44,263
1777321242193,23450.00,7795.00,260000.00,484.90,262
1777321242242,24290.00,7753.00,260000.00,487.82,263
1777321242269,24160.00,7752.00,260000.00,485.36,262
1777321242297,24190.00,7770.00,260000.00,484.60,263
1777321242325,24010.00,7770.00,260000.00,481.22,262
1777321242379,24480.00,7755.00,260000.00,487.82,263
1777321242406,24060.00,7717.00,260000.00,472.48,262
1777321242434,24550.00,7722.00,260000.00,474.02,263
1777321242462,23370.00,7805.00,260000.00,472.48,262
1777321242490,23790.00,7721.00,260000.00,474.02,263
1777321242539,23450.00,7752.00,260000.00,472.48,262
1777321242567,23280.00,7753.00,260000.00,474.02,263
1777321242595,23380.00,7806.00,260000.00,485.82,262
1777321242623,22980.00,7770.00,260000.00,484.60,263
1777321242674,23820.00,7717.00,260000.00,479.38,262
1777321242703,24330.00,7724.00,260000.00,486.90,263
1777321242732,22830.00,7749.00,260000.00,484.90,262
1777321242760,23800.00,7770.00,260000.00,486.90,263
1777321242789,23440.00,7803.00,260000.00,479.38,262
1777321242839,23190.00,7717.00,260000.00,487.82,263
1777321242867,23880.00,7753.00,260000.00,485.82,262
1777321242896,23040.00,7754.00,260000.00,481.84,263
1777321242924,23240.00,7770.00,260000.00,483.52,262
1777321242953,23090.00,7770.00,260000.00,485.98,263
1777321243005,23360.00,7752.00,260000.00,487.20,262
1777321243033,24210.00,7717.00,260000.00,490.12,263
1777321243063,23390.00,7717.00,260000.00,482.14,262
1777321243092,23770.00,7770.00,260000.00,487.36,263
1777321243121,22890.00,7770.00,260000.00,483.98,262
1777321243172,23760.00,7751.00,260000.00,484.14,263
1777321243201,23690.00,7753.00,260000.00,481.22,262
1777321243228,23870.00,7805.00,260000.00,484.60,263
1777321243257,23700.00,7770.00,260000.00,486.74,262
1777321243286,23270.00,7770.00,260000.00,474.02,263
1777321243336,23970.00,7717.00,260000.00,472.48,262
1777321243365,21920.00,7717.00,260000.00,474.02,263
1777321243394,23690.00,7717.00,260000.00,472.48,262
1777321243422,24200.00,7770.00,260000.00,474.02,263
1777321243470,23490.00,7717.00,260000.00,472.48,262
1777321243497,23470.00,7750.00,260000.00,489.20,263
1777321243527,23820.00,7751.00,260000.00,472.48,262
1777321243557,23930.00,7717.00,260000.00,474.02,263
1777321243585,24180.00,7750.00,260000.00,472.48,262
1777321243645,23770.00,7750.00,260000.00,487.36,263
1777321243673,23310.00,7717.00,260000.00,472.48,262
1777321243702,23530.00,7717.00,260000.00,474.02,263
1777321243731,23440.00,7743.00,260000.00,472.48,262
1777321243761,24270.00,7770.00,260000.00,474.02,263
1777321243790,23740.00,7770.00,260000.00,472.48,262
1777321243820,23980.00,7801.00,260000.00,474.02,263
1777321243870,23820.00,7717.00,260000.00,481.68,262
1777321243900,23250.00,7717.00,260000.00,479.54,263
1777321243928,23990.00,7717.00,260000.00,477.08,262
1777321243957,23230.00,7720.00,260000.00,484.14,263
1777321243988,23450.00,7760.00,260000.00,476.62,262
1777321244018,23330.00,7770.00,260000.00,482.76,263
1777321244048,24080.00,7801.00,260000.00,481.68,262
1777321244100,23260.00,7717.00,260000.00,489.66,263
1777321244130,23180.00,7750.00,260000.00,478.92,262
1777321244160,24000.00,7750.00,260000.00,476.32,263
1777321244188,23830.00,7717.00,260000.00,472.94,262
1777321244218,23230.00,7759.00,260000.00,485.06,263
1777321244248,23750.00,7736.00,260000.00,482.14,262
1777321244300,23570.00,7717.00,260000.00,482.76,263
1777321244330,22670.00,7717.00,260000.00,472.48,262
1777321244360,23780.00,7687.00,260000.00,477.24,263
1777321244390,23640.00,7717.00,260000.00,474.78,262
1777321244421,23020.00,7751.00,260000.00,476.78,263
1777321244450,23780.00,7773.00,260000.00,476.62,262
1777321244483,23730.00,7770.00,260000.00,483.22,263
1777321244513,23830.00,7736.00,260000.00,475.24,262
1777321244544,23700.00,7770.00,260000.00,486.90,263
1777321244597,23220.00,7717.00,260000.00,486.74,262
1777321244628,22880.00,7717.00,260000.00,484.60,263
1777321244658,22610.00,7683.00,260000.00,486.28,262
1777321244687,23860.00,7717.00,260000.00,486.90,263
1777321244719,22910.00,7770.00,260000.00,480.76,262
1777321244749,23670.00,7788.00,260000.00,483.22,263
1777321244781,23530.00,7841.00,260000.00,485.36,262
1777321244813,23840.00,7927.00,260000.00,485.06,263
1777321244848,24160.00,7923.00,260000.00,482.14,262
1777321244881,24420.00,7902.00,260000.00,484.60,263
1777321244910,23090.00,7875.00,260000.00,484.90,262
1777321244966,23420.00,7847.00,260000.00,486.44,263
1777321244998,23460.00,7912.00,260000.00,481.22,262
1777321245030,23850.00,7875.00,260000.00,491.96,263
1777321245062,24240.00,7875.00,260000.00,490.42,262
1777321245096,23830.00,7927.00,260000.00,481.38,263
1777321245126,23230.00,7912.00,260000.00,482.14,262
1777321245160,23850.00,7895.00,260000.00,485.52,263
1777321245193,23230.00,7875.00,260000.00,486.28,262
1777321245226,23590.00,7927.00,260000.00,480.46,263
1777321245260,23530.00,7912.00,260000.00,472.48,262
1777321245294,24000.00,7912.00,260000.00,475.86,263
1777321245328,23180.00,7882.00,260000.00,477.08,262
1777321245361,23630.00,7912.00,260000.00,481.38,263
1777321245392,24410.00,7875.00,260000.00,472.48,262
1777321245422,23700.00,7908.00,260000.00,474.02,263
1777321245455,22970.00,7927.00,260000.00,472.48,262
1777321245486,23940.00,7959.00,260000.00,476.78,263
1777321245517,23940.00,7965.00,260000.00,476.16,262
1777321245547,23920.00,7959.00,260000.00,484.14,263
1777321245580,23180.00,7964.00,260000.00,479.84,262
1777321245610,23540.00,7910.00,260000.00,484.14,263
1777321245641,23130.00,7963.00,260000.00,484.90,262
1777321245672,24240.00,7926.00,260000.00,485.98,263
1777321245705,24050.00,7927.00,260000.00,487.20,262
1777321245767,23670.00,7907.00,260000.00,491.50,263
1777321245800,22880.00,7839.00,260000.00,480.76,262
1777321245831,22890.00,7875.00,260000.00,483.22,263
1777321245863,24250.00,7875.00,260000.00,478.92,262
1777321245894,23670.00,7907.00,260000.00,499.78,263
1777321245924,24140.00,7906.00,260000.00,499.16,262
1777321245955,24040.00,7921.00,260000.00,503.00,263
1777321245988,23310.00,7885.00,260000.00,501.92,262
1777321246021,22930.00,7908.00,260000.00,491.50,263
1777321246052,23450.00,7907.00,260000.00,489.50,262
1777321246083,23040.00,7892.00,260000.00,491.50,263
1777321246115,23140.00,7922.00,260000.00,489.50,262
1777321246147,23090.00,7960.00,260000.00,491.50,263
1777321246177,23380.00,7927.00,260000.00,489.50,262
1777321246209,23560.00,7924.00,260000.00,491.50,263
1777321246241,23780.00,7935.00,260000.00,489.50,262
1777321246272,23350.00,7920.00,260000.00,491.50,263
1777321246429,23220.00,7963.00,260000.00,489.50,262
1777321246452,48310.00,7728.00,260000.00,1003.08,525
1777321246475,23810.00,7822.00,260000.00,526.00,263
1777321246520,23240.00,7732.00,260000.00,524.00,262
1777321246544,23180.00,7717.00,260000.00,526.00,263
1777321246589,23580.00,7770.00,260000.00,524.00,262
1777321246613,23370.00,7722.00,260000.00,526.00,263
1777321246658,23710.00,7770.00,260000.00,524.00,262
1777321246681,24080.00,7724.00,260000.00,526.00,263
1777321246705,8000.00,7717.00,260000.00,397.48,0
1777321246750,8070.00,7771.00,260000.00,399.02,0
1777321246774,7750.00,7807.00,260000.00,397.48,0
1777321246819,24230.00,7755.00,260000.00,526.00,263
1777321246843,23010.00,7770.00,260000.00,524.00,262
1777321246888,22770.00,7727.00,260000.00,526.00,263
1777321246912,23890.00,7717.00,260000.00,524.00,262
1777321246957,24710.00,7770.00,260000.00,526.00,263
1777321246981,22920.00,7816.00,260000.00,524.00,262
1777321247005,23260.00,7773.00,260000.00,526.00,263
1777321247051,23500.00,7803.00,260000.00,524.00,262
1777321247076,23730.00,7822.00,260000.00,526.00,263
1777321247121,23130.00,7770.00,260000.00,524.00,262
1777321247146,23040.00,7724.00,260000.00,526.00,263
1777321247171,23910.00,7743.00,260000.00,524.00,262
1777321247216,23650.00,7717.00,260000.00,526.00,263
1777321247242,23670.00,7770.00,260000.00,524.00,262
1777321247287,24100.00,7770.00,260000.00,526.00,263
1777321247312,23520.00,7770.00,260000.00,524.00,262
1777321247336,24260.00,7751.00,260000.00,526.00,263
1777321247382,23890.00,7781.00,260000.00,524.00,262
1777321247407,23530.00,7770.00,260000.00,526.00,263
1777321247453,24160.00,7726.00,260000.00,524.00,262
1777321247477,24110.00,7717.00,260000.00,526.00,263
1777321247501,23020.00,7717.00,260000.00,524.00,262
1777321247547,23790.00,7770.00,260000.00,526.00,263
1777321247572,22840.00,7749.00,260000.00,524.00,262
1777321247619,24580.00,7770.00,260000.00,526.00,263
1777321247644,23920.00,7770.00,260000.00,524.00,262
1777321247668,23420.00,7770.00,260000.00,526.00,263
1777321247714,23510.00,7717.00,260000.00,524.00,262
1777321247742,24410.00,7734.00,260000.00,526.00,263
1777321247768,24370.00,7779.00,260000.00,524.00,262
1777321247815,24190.00,7770.00,260000.00,526.00,263
1777321247841,23420.00,7822.00,260000.00,524.00,262
1777321247866,24280.00,7822.00,260000.00,526.00,263
1777321247912,22840.00,7770.00,260000.00,524.00,262
1777321247937,22600.00,7770.00,260000.00,526.00,263
1777321247963,24250.00,7805.00,260000.00,524.00,262
1777321248009,23790.00,7822.00,260000.00,526.00,263
1777321248034,23610.00,7822.00,260000.00,524.00,262
1777321248079,23270.00,7770.00,260000.00,526.00,263
1777321248103,24310.00,7770.00,260000.00,524.00,262
1777321248127,23760.00,7772.00,260000.00,526.00,263
1777321248174,23710.00,7822.00,260000.00,524.00,262
1777321248199,23870.00,7822.00,260000.00,526.00,263
1777321248247,23690.00,7770.00,260000.00,524.00,262
1777321248273,23410.00,7770.00,260000.00,526.00,263
1777321248297,24120.00,7800.00,260000.00,524.00,262
1777321248344,24070.00,7794.00,260000.00,526.00,263
1777321248370,23630.00,7822.00,260000.00,524.00,262
1777321248396,23430.00,7822.00,260000.00,526.00,263
1777321248444,23720.00,7770.00,260000.00,524.00,262
1777321248470,24120.00,7822.00,260000.00,526.00,263
1777321248497,22960.00,7822.00,260000.00,524.00,262
1777321248543,22660.00,7770.00,260000.00,526.00,263
1777321248569,23200.00,7770.00,260000.00,524.00,262
1777321248595,22990.00,7770.00,260000.00,526.00,263
1777321248642,23050.00,7822.00,260000.00,524.00,262
1777321248668,24000.00,7822.00,260000.00,526.00,263
1777321248694,23910.00,7822.00,260000.00,524.00,262
1777321248741,22760.00,7770.00,260000.00,526.00,263
1777321248767,23220.00,7800.00,260000.00,524.00,262
1777321248793,23990.00,7822.00,260000.00,526.00,263
1777321248839,23850.00,7770.00,260000.00,524.00,262
1777321248865,23740.00,7822.00,260000.00,526.00,263
1777321248891,23770.00,7822.00,260000.00,524.00,262
1777321248938,23640.00,7770.00,260000.00,526.00,263
1777321248964,22910.00,7822.00,260000.00,524.00,262
1777321248990,24290.00,7775.00,260000.00,526.00,263
1777321249038,23510.00,7770.00,260000.00,524.00,262
1777321249063,24120.00,7770.00,260000.00,526.00,263
1777321249088,23790.00,7822.00,260000.00,524.00,262
1777321249138,24150.00,7822.00,260000.00,526.00,263
1777321249165,23490.00,7822.00,260000.00,524.00,262
1777321249216,23810.00,7770.00,260000.00,526.00,263
1777321249244,23990.00,7804.00,260000.00,524.00,262
1777321249270,24070.00,7804.00,260000.00,526.00,263
1777321249298,23630.00,7822.00,260000.00,524.00,262
1777321249327,23420.00,7822.00,260000.00,526.00,263
1777321249377,22880.00,7770.00,260000.00,524.00,262
1777321249405,23420.00,7770.00,260000.00,526.00,263
1777321249432,23490.00,7801.00,260000.00,524.00,262
1777321249460,24110.00,7801.00,260000.00,526.00,263
1777321249513,24000.00,7804.00,260000.00,524.00,262
1777321249542,23990.00,7770.00,260000.00,526.00,263
1777321249572,23850.00,7805.00,260000.00,524.00,262
1777321249602,23340.00,7822.00,260000.00,526.00,263
1777321249631,23620.00,7822.00,260000.00,524.00,262
1777321249662,23710.00,7856.00,260000.00,526.00,263
1777321249693,23790.00,7822.00,260000.00,524.00,262
1777321249744,23550.00,7803.00,260000.00,526.00,263
1777321249774,23830.00,7804.00,260000.00,524.00,262
1777321249804,23890.00,7770.00,260000.00,526.00,263
1777321249832,24160.00,7804.00,260000.00,524.00,262
1777321249862,23250.00,7815.00,260000.00,526.00,263
1777321249891,23790.00,7822.00,260000.00,524.00,262
1777321249943,23940.00,7840.00,260000.00,526.00,263
1777321249973,23400.00,7873.00,260000.00,524.00,262
1777321250003,23690.00,7822.00,260000.00,526.00,263
1777321250036,23870.00,7822.00,260000.00,524.00,262
1777321250065,23560.00,7859.00,260000.00,526.00,263
1777321250094,24420.00,7822.00,260000.00,524.00,262
1777321250124,23980.00,7822.00,260000.00,526.00,263
1777321250176,24180.00,7783.00,260000.00,524.00,262
1777321250206,24010.00,7778.00,260000.00,526.00,263
1777321250235,22930.00,7822.00,260000.00,524.00,262
1777321250264,24200.00,7822.00,260000.00,526.00,263
1777321250292,23340.00,7770.00,260000.00,524.00,262
1777321250319,23890.00,7853.00,260000.00,526.00,263
1777321250370,23890.00,7822.00,260000.00,524.00,262
1777321250397,24340.00,7822.00,260000.00,526.00,263
1777321250426,23910.00,7771.00,260000.00,524.00,262
1777321250456,23140.00,7770.00,260000.00,526.00,263
1777321250484,23780.00,7822.00,260000.00,524.00,262
1777321250532,24570.00,7770.00,260000.00,526.00,263
1777321250561,23150.00,7780.00,260000.00,524.00,262
1777321250589,23550.00,7806.00,260000.00,526.00,263
1777321250617,23510.00,7770.00,260000.00,524.00,262
1777321250669,23520.00,7753.00,260000.00,526.00,263
1777321250697,24180.00,7770.00,260000.00,524.00,262
1777321250724,23060.00,7770.00,260000.00,526.00,263
1777321250753,23000.00,7774.00,260000.00,524.00,262
1777321250806,24110.00,7857.00,260000.00,526.00,263
1777321250837,23870.00,7822.00,260000.00,524.00,262
1777321250869,23860.00,7822.00,260000.00,526.00,263
1777321250901,23090.00,7822.00,260000.00,524.00,262
1777321250934,23370.00,7770.00,260000.00,526.00,263
1777321250966,23690.00,7822.00,260000.00,524.00,262
1777321250997,24200.00,7865.00,260000.00,526.00,263
1777321251027,23460.00,7770.00,260000.00,524.00,262
1777321251058,23690.00,7822.00,260000.00,526.00,263
1777321251090,24020.00,7805.00,260000.00,524.00,262
1777321251121,23270.00,7859.00,260000.00,526.00,263
1777321251150,24510.00,7770.00,260000.00,524.00,262
1777321251204,23840.00,7807.00,260000.00,526.00,263
1777321251234,23900.00,7770.00,260000.00,524.00,262
1777321251263,24000.00,7757.00,260000.00,526.00,263
1777321251295,23520.00,7717.00,260000.00,524.00,262
1777321251325,23340.00,7822.00,260000.00,526.00,263
1777321251356,24020.00,7875.00,260000.00,524.00,262
1777321251387,24540.00,7877.00,260000.00,526.00,263
1777321251420,24100.00,7927.00,260000.00,524.00,262
1777321251453,23260.00,7980.00,260000.00,526.00,263
1777321251484,23940.00,7927.00,260000.00,524.00,262
1777321251540,22840.00,7881.00,260000.00,526.00,263
1777321251568,23010.00,7927.00,260000.00,524.00,262
1777321251597,23310.00,7927.00,260000.00,526.00,263
1777321251627,24010.00,7822.00,260000.00,524.00,262
1777321251658,23150.00,7875.00,260000.00,526.00,263
1777321251686,23620.00,7980.00,260000.00,524.00,262
1777321251715,23820.00,7965.00,260000.00,526.00,263
1777321251742,23590.00,7901.00,260000.00,524.00,262
1777321251797,23740.00,7914.00,260000.00,526.00,263
1777321251827,23250.00,7941.00,260000.00,524.00,262
1777321251857,24070.00,7927.00,260000.00,526.00,263
1777321251885,24470.00,7933.00,260000.00,524.00,262
1777321251915,24010.00,7927.00,260000.00,526.00,263
1777321251945,23760.00,7887.00,260000.00,524.00,262
1777321251999,23440.00,7927.00,260000.00,526.00,263
1777321252031,23170.00,7927.00,260000.00,524.00,262
1777321252062,23020.00,7923.00,260000.00,526.00,263
1777321252094,24030.00,7902.00,260000.00,524.00,262
1777321252125,24210.00,7927.00,260000.00,526.00,263
1777321252187,23730.00,7934.00,260000.00,524.00,262
1777321252219,22610.00,7927.00,260000.00,526.00,263
1777321252249,23090.00,7927.00,260000.00,524.00,262
1777321252279,24010.00,7875.00,260000.00,526.00,263
1777321252310,24160.00,7875.00,260000.00,524.00,262
1777321252340,22890.00,7927.00,260000.00,526.00,263
1777321252370,23720.00,7927.00,260000.00,524.00,262
1777321252399,23020.00,7927.00,260000.00,526.00,263
1777321252429,22890.00,7980.00,260000.00,524.00,262
1777321252459,23410.00,7918.00,260000.00,526.00,263
1777321252578,23170.00,7738.00,260000.00,524.00,262
1777321252601,23740.00,7770.00,260000.00,526.00,263
1777321252646,23910.00,7724.00,260000.00,524.00,262
1777321252669,23630.00,7770.00,260000.00,526.00,263
1777321252713,23520.00,7822.00,260000.00,524.00,262
1777321252737,23800.00,7809.00,260000.00,526.00,263
1777321252761,22950.00,7717.00,260000.00,524.00,262
1777321252805,24130.00,7770.00,260000.00,526.00,263
1777321252829,23460.00,7770.00,260000.00,524.00,262
1777321252874,24320.00,7718.00,260000.00,526.00,263
1777321252897,23620.00,7770.00,260000.00,524.00,262
1777321252943,23380.00,7748.00,260000.00,526.00,263
1777321252967,23230.00,7718.00,260000.00,524.00,262
1777321253013,23510.00,7770.00,260000.00,526.00,263
1777321253037,24160.00,7743.00,260000.00,524.00,262
1777321253061,22910.00,7721.00,260000.00,526.00,263
1777321253106,23820.00,7770.00,260000.00,524.00,262
1777321253130,22880.00,7769.00,260000.00,526.00,263
1777321253176,23460.00,7734.00,260000.00,524.00,262
1777321253201,23870.00,7717.00,260000.00,526.00,263
1777321253225,23250.00,7717.00,260000.00,524.00,262
1777321253270,23140.00,7717.00,260000.00,526.00,263
1777321253295,23860.00,7717.00,260000.00,524.00,262
1777321253341,23570.00,7770.00,260000.00,526.00,263
1777321253365,23890.00,7720.00,260000.00,524.00,262
1777321253390,23540.00,7717.00,260000.00,526.00,263
1777321253436,23930.00,7770.00,260000.00,524.00,262
1777321253461,23380.00,7770.00,260000.00,526.00,263
1777321253506,23980.00,7717.00,260000.00,524.00,262
1777321253530,22860.00,7770.00,260000.00,526.00,263
1777321253554,23740.00,7717.00,260000.00,524.00,262
1777321253600,23900.00,7694.00,260000.00,526.00,263
1777321253625,23350.00,7717.00,260000.00,524.00,262
1777321253672,23350.00,7770.00,260000.00,526.00,263
1777321253696,23960.00,7721.00,260000.00,524.00,262
1777321253721,23600.00,7717.00,260000.00,526.00,263
1777321253768,23360.00,7770.00,260000.00,524.00,262
1777321253793,23750.00,7770.00,260000.00,526.00,263
1777321253839,24320.00,7725.00,260000.00,524.00,262
1777321253864,24170.00,7770.00,260000.00,526.00,263
1777321253891,23370.00,7770.00,260000.00,524.00,262
1777321253938,23520.00,7770.00,260000.00,526.00,263
1777321253964,23510.00,7770.00,260000.00,524.00,262
1777321253990,23050.00,7816.00,260000.00,526.00,263
1777321254037,23260.00,7770.00,260000.00,524.00,262
1777321254063,23600.00,7770.00,260000.00,526.00,263
1777321254088,23600.00,7770.00,260000.00,524.00,262
1777321254135,23900.00,7770.00,260000.00,526.00,263
1777321254162,23260.00,7770.00,260000.00,524.00,262
1777321254186,23660.00,7770.00,260000.00,526.00,263
1777321254233,23550.00,7770.00,260000.00,524.00,262
1777321254260,23750.00,7770.00,260000.00,526.00,263
1777321254307,24070.00,7717.00,260000.00,524.00,262
1777321254333,23630.00,7770.00,260000.00,526.00,263
1777321254360,22230.00,7770.00,260000.00,524.00,262
1777321254386,9240.00,7721.00,260000.00,210.00,105
1777321254413,9080.00,7736.00,260000.00,210.00,105
1777321254439,19010.00,7747.00,260000.00,420.00,210
1777321254465,9480.00,7745.00,260000.00,210.00,105
1777321254492,19120.00,7709.00,260000.00,420.00,210
1777321254520,18440.00,7752.00,260000.00,420.00,210
1777321254547,9460.00,7749.00,260000.00,210.00,105
1777321254581,18510.00,7644.00,260000.00,420.00,210
1777321254610,18650.00,7686.00,260000.00,420.00,210
1777321254637,9660.00,7696.00,260000.00,210.00,105
1777321254664,19310.00,7665.00,260000.00,420.00,210
1777321254691,19240.00,7654.00,260000.00,420.00,210
1777321254720,18520.00,7602.00,260000.00,420.00,210
1777321254757,9550.00,7549.00,260000.00,210.00,105
1777321254785,19080.00,7572.00,260000.00,420.00,210
1777321254815,19250.00,7571.00,260000.00,420.00,210
1777321254842,9430.00,7581.00,260000.00,210.00,105
1777321254870,27970.00,7589.00,260000.00,630.00,315
1777321254897,9060.00,7570.00,260000.00,210.00,105
1777321254923,19050.00,7581.00,260000.00,420.00,210
1777321254950,18700.00,7583.00,260000.00,420.00,210
1777321254977,19380.00,7612.00,260000.00,420.00,210
1777321255005,9140.00,7560.00,260000.00,210.00,105
1777321255033,18840.00,7557.00,260000.00,420.00,210
1777321255059,18450.00,7560.00,260000.00,420.00,210
1777321255086,8890.00,7528.00,260000.00,210.00,105
1777321255112,18910.00,7476.00,260000.00,420.00,210
1777321255150,9040.00,7507.00,260000.00,210.00,105
1777321255179,18470.00,7528.00,260000.00,420.00,210
1777321255206,18670.00,7518.00,260000.00,420.00,210
1777321255234,9680.00,7486.00,260000.00,210.00,105
1777321255267,18750.00,7434.00,260000.00,420.00,210
1777321255295,19040.00,7518.00,260000.00,420.00,210
1777321255322,18450.00,7455.00,260000.00,420.00,210
1777321255384,18970.00,7350.00,260000.00,420.00,210
1777321255412,19180.00,7434.00,260000.00,420.00,210
1777321255440,9130.00,7402.00,260000.00,210.00,105
1777321255477,18390.00,7297.00,260000.00,420.00,210
1777321255507,19740.00,7329.00,260000.00,420.00,210
1777321255536,19270.00,7371.00,260000.00,420.00,210
1777321255580,9070.00,7266.00,260000.00,210.00,105
1777321255605,18530.00,7329.00,260000.00,420.00,210
1777321255632,3230.00,7330.00,260000.00,159.30,0
1777321255658,3180.00,7339.00,260000.00,159.30,0
1777321255686,18600.00,7281.00,260000.00,391.02,210
1777321255713,9000.00,7245.00,260000.00,192.98,105
1777321255739,9330.00,7266.00,260000.00,196.66,105
1777321255772,9450.00,7213.00,260000.00,192.52,105
1777321255799,9030.00,7203.00,260000.00,190.68,105
1777321255825,9760.00,7160.00,260000.00,196.20,105
1777321255851,10020.00,7140.00,260000.00,192.06,105
1777321255878,9200.00,7147.00,260000.00,196.20,105
1777321255904,9570.00,7129.00,260000.00,196.20,105
1777321255929,9550.00,7150.00,260000.00,196.20,105
1777321255960,19100.00,7066.00,260000.00,392.40,210
1777321255988,9530.00,7056.00,260000.00,196.20,105
1777321256015,18900.00,7077.00,260000.00,384.12,210
1777321256043,9290.00,7014.00,260000.00,193.90,105
1777321256071,19650.00,7035.00,260000.00,381.82,210
1777321256099,9300.00,7067.00,260000.00,188.38,105
1777321256128,18530.00,6993.00,260000.00,384.12,210
1777321256156,9470.00,7008.00,260000.00,194.36,105
1777321256186,9300.00,6951.00,260000.00,192.06,105
1777321256213,9870.00,6936.00,260000.00,195.28,105
1777321256242,18450.00,6940.00,260000.00,389.64,210
1777321256270,9240.00,6947.00,260000.00,195.28,105
1777321256299,18680.00,6951.00,260000.00,383.66,210
1777321256329,9220.00,6874.00,260000.00,191.60,105
1777321256358,19120.00,6856.00,260000.00,390.10,210
1777321256411,9060.00,6825.00,260000.00,191.14,105
1777321256438,8830.00,6762.00,260000.00,192.52,105
1777321256463,9070.00,6730.00,260000.00,194.82,105
1777321256490,18750.00,6751.00,260000.00,386.88,210
1777321256517,9680.00,6770.00,260000.00,192.98,105
1777321256546,19180.00,6798.00,260000.00,386.88,210
1777321256573,9280.00,6723.00,260000.00,191.60,105
1777321256601,9210.00,6720.00,260000.00,192.98,105
1777321256627,9660.00,6740.00,260000.00,193.44,105
1777321256653,9630.00,6709.00,260000.00,187.46,105
1777321256680,9160.00,6625.00,260000.00,193.44,105
1777321256707,9490.00,6594.00,260000.00,193.90,105
1777321256735,9220.00,6604.00,260000.00,190.22,105
1777321256763,9020.00,6583.00,260000.00,194.36,105
1777321256791,18490.00,6552.00,260000.00,388.72,210
1777321256842,19060.00,6452.00,260000.00,388.72,210
1777321256870,9440.00,6515.00,260000.00,188.38,105
1777321256898,19170.00,6499.00,260000.00,381.82,210
1777321256927,9650.00,6528.00,260000.00,188.84,105
1777321256953,9160.00,6446.00,260000.00,191.14,105
1777321256980,9380.00,6426.00,260000.00,190.68,105
1777321257028,9670.00,6394.00,260000.00,191.14,105
1777321257088,9390.00,6363.00,260000.00,190.68,105
1777321257115,9710.00,6279.00,260000.00,193.90,105
1777321257142,9240.00,6247.00,260000.00,192.06,105
1777321257168,9100.00,6268.00,260000.00,196.20,105
1777321257195,9340.00,6289.00,260000.00,192.98,105
1777321257221,9440.00,6246.00,260000.00,192.06,105
1777321257249,19020.00,6226.00,260000.00,392.40,210
1777321257295,9110.00,6163.00,260000.00,196.20,105
1777321257328,18850.00,6132.00,260000.00,392.40,210
1777321257356,9480.00,6098.00,260000.00,196.20,105
1777321257389,18680.00,6090.00,260000.00,392.40,210
1777321257417,9650.00,6049.00,260000.00,196.20,105
1777321257445,9580.00,6100.00,260000.00,196.20,105
1777321257474,9550.00,6069.00,260000.00,194.82,105
1777321257498,8900.00,6090.00,260000.00,192.52,105
1777321257526,18140.00,6111.00,260000.00,392.40,210
1777321257576,9120.00,6153.00,260000.00,190.68,105
1777321257605,18120.00,6069.00,260000.00,378.14,210
1777321257655,18950.00,6062.00,260000.00,383.20,210
1777321257685,9310.00,6034.00,260000.00,190.68,105
1777321257711,9400.00,6016.00,260000.00,193.44,105
1777321257739,9210.00,5985.00,260000.00,194.36,105
1777321257768,9310.00,5996.00,260000.00,195.28,105
1777321257794,18950.00,5922.00,260000.00,383.20,210
1777321257823,9380.00,5897.00,260000.00,192.52,105
1777321257960,9200.00,5775.00,260000.00,193.90,105
1777321257982,9590.00,5743.00,260000.00,192.98,105
1777321258004,19540.00,5712.00,260000.00,385.96,210
1777321258026,18700.00,5706.00,260000.00,384.58,210
1777321258048,9680.00,5711.00,260000.00,192.52,105
1777321258070,18930.00,5638.00,260000.00,389.18,210
1777321258093,9190.00,5678.00,260000.00,192.52,105
1777321258117,19300.00,5670.00,260000.00,384.12,210
1777321258140,19040.00,5688.00,260000.00,382.28,210
1777321258163,9930.00,5731.00,260000.00,192.52,105
1777321258186,18820.00,5710.00,260000.00,379.98,210
1777321258209,9010.00,5764.00,260000.00,192.06,105
1777321258232,19340.00,5719.00,260000.00,382.74,210
1777321258255,18350.00,5699.00,260000.00,383.20,210
1777321258278,9090.00,5687.00,260000.00,189.30,105
1777321258302,19020.00,5680.00,260000.00,378.60,210
1777321258326,19300.00,5670.00,260000.00,378.60,210
1777321258349,9630.00,5712.00,260000.00,189.30,105
1777321258373,18900.00,5663.00,260000.00,378.60,210
1777321258396,18720.00,5646.00,260000.00,378.60,210
1777321258419,9590.00,5635.00,260000.00,189.30,105
1777321258442,9700.00,5628.00,260000.00,189.30,105
1777321258466,18820.00,5637.00,260000.00,378.60,210
1777321258490,18510.00,5626.00,260000.00,388.26,210
1777321258513,9410.00,5628.00,260000.00,194.36,105
1777321258537,19020.00,5634.00,260000.00,389.18,210
1777321258560,9300.00,5668.00,260000.00,193.44,105
1777321258585,19900.00,5649.00,260000.00,391.48,210
1777321258608,9490.00,5634.00,260000.00,192.52,105
1777321258632,19780.00,5617.00,260000.00,388.26,210
1777321258655,19100.00,5593.00,260000.00,387.34,210
1777321258679,9770.00,5611.00,260000.00,194.36,105
1777321258702,9310.00,5603.00,260000.00,193.90,105
1777321258726,18920.00,5586.00,260000.00,386.88,210
1777321258750,19080.00,5575.00,260000.00,389.18,210
1777321258773,9670.00,5552.00,260000.00,194.82,105
1777321258797,18820.00,5577.00,260000.00,387.80,210
1777321258822,19070.00,5614.00,260000.00,385.50,210
1777321258847,9280.00,5565.00,260000.00,195.74,105
1777321258871,18730.00,5523.00,260000.00,391.48,210
1777321258895,18890.00,5536.00,260000.00,389.64,210
1777321258919,19090.00,5543.00,260000.00,388.26,210
1777321258943,10080.00,5557.00,260000.00,194.36,105
1777321258968,18860.00,5571.00,260000.00,387.80,210
1777321258992,19360.00,5537.00,260000.00,391.48,210
1777321259016,9320.00,5524.00,260000.00,197.12,105
1777321259041,18800.00,5572.00,260000.00,386.42,210
1777321259066,9280.00,5559.00,260000.00,196.66,105
1777321259091,18720.00,5533.00,260000.00,390.56,210
1777321259116,18570.00,5493.00,260000.00,392.40,210
1777321259141,9060.00,5526.00,260000.00,192.52,105
1777321259166,18700.00,5528.00,260000.00,392.40,210
1777321259191,18690.00,5485.00,260000.00,388.26,210
1777321259216,19130.00,5488.00,260000.00,391.48,210
1777321259240,9700.00,5472.00,260000.00,194.36,105
1777321259266,19010.00,5512.00,260000.00,390.10,210
1777321259291,18530.00,5512.00,260000.00,389.64,210
1777321259315,9380.00,5481.00,260000.00,195.74,105
1777321259343,19060.00,5470.00,260000.00,387.34,210
1777321259366,19190.00,5512.00,260000.00,390.56,210
1777321259390,9860.00,5512.00,260000.00,192.98,105
1777321259416,18640.00,5509.00,260000.00,388.26,210
1777321259442,18450.00,5523.00,260000.00,390.10,210
1777321259467,9670.00,5523.00,260000.00,195.74,105
1777321259492,19030.00,5530.00,260000.00,380.90,210
1777321259516,9300.00,5498.00,260000.00,193.90,105
1777321259542,19360.00,5502.00,260000.00,385.96,210
1777321259568,19380.00,5520.00,260000.00,388.26,210
1777321259592,9650.00,5544.00,260000.00,192.06,105
1777321259618,18360.00,5484.00,260000.00,388.26,210
1777321259643,9640.00,5498.00,260000.00,194.36,105
1777321259667,9820.00,5544.00,260000.00,192.98,105
1777321259692,18690.00,5523.00,260000.00,390.10,210
1777321259716,19170.00,5536.00,260000.00,387.34,210
1777321259741,9750.00,5578.00,260000.00,192.06,105
1777321259765,19020.00,5581.00,260000.00,387.80,210
1777321259790,18510.00,5560.00,260000.00,381.82,210
1777321259814,9670.00,5565.00,260000.00,193.90,105
1777321259839,18380.00,5530.00,260000.00,384.12,210
1777321259865,18580.00,5565.00,260000.00,385.04,210
1777321259890,8910.00,5586.00,260000.00,194.82,105
1777321259914,9530.00,5544.00,260000.00,192.52,105
1777321259939,18370.00,5532.00,260000.00,385.96,210
1777321259964,9380.00,5502.00,260000.00,192.52,105
1777321259989,18980.00,5536.00,260000.00,391.02,210
1777321260015,18890.00,5586.00,260000.00,392.40,210
1777321260041,9830.00,5493.00,260000.00,194.82,105
1777321260067,19020.00,5523.00,260000.00,388.26,210
1777321260092,18730.00,5565.00,260000.00,384.58,210
1777321260117,9670.00,5586.00,260000.00,197.58,105
1777321260144,18110.00,5516.00,260000.00,387.80,210
1777321260170,18940.00,5552.00,260000.00,385.96,210
1777321260199,19750.00,5565.00,260000.00,387.80,210
1777321260228,8960.00,5558.00,260000.00,194.36,105
1777321260255,9550.00,5607.00,260000.00,196.66,105
1777321260280,18970.00,5544.00,260000.00,390.56,210
1777321260307,18040.00,5530.00,260000.00,387.34,210
1777321260332,8800.00,5563.00,260000.00,193.90,105
1777321260357,9740.00,5598.00,260000.00,191.14,105
1777321260383,19250.00,5627.00,260000.00,387.34,210
1777321260409,9650.00,5559.00,260000.00,194.36,105
1777321260435,9620.00,5586.00,260000.00,193.90,105
1777321260461,19000.00,5593.00,260000.00,386.88,210
1777321260488,18360.00,5588.00,260000.00,387.80,210
1777321260514,9010.00,5593.00,260000.00,196.20,105
1777321260540,9760.00,5586.00,260000.00,194.82,105
1777321260567,9630.00,5592.00,260000.00,190.68,105
1777321260593,9600.00,5565.00,260000.00,191.60,105
1777321260619,18530.00,5586.00,260000.00,386.88,210
1777321260646,9260.00,5559.00,260000.00,195.28,105
1777321260672,18570.00,5565.00,260000.00,389.64,210
1777321260699,18700.00,5551.00,260000.00,385.04,210
1777321260726,9490.00,5586.00,260000.00,197.12,105
1777321260752,19040.00,5607.00,260000.00,385.96,210
1777321260779,18480.00,5648.00,260000.00,385.50,210
1777321260830,27980.00,5638.00,260000.00,587.68,315
1777321260856,9180.00,5639.00,260000.00,196.20,105
1777321260882,9820.00,5683.00,260000.00,195.28,105
1777321260907,9420.00,5670.00,260000.00,191.60,105
1777321260934,18630.00,5670.00,260000.00,388.26,210
1777321260960,19130.00,5691.00,260000.00,391.02,210
1777321260987,9460.00,5670.00,260000.00,194.36,105
1777321261026,18910.00,5656.00,260000.00,389.64,210
1777321261051,9600.00,5670.00,260000.00,196.66,105
1777321261076,18360.00,5687.00,260000.00,387.80,210
1777321261101,9510.00,5670.00,260000.00,192.06,105
1777321261126,9720.00,5686.00,260000.00,193.44,105
1777321261152,18490.00,5696.00,260000.00,386.42,210
1777321261177,9780.00,5663.00,260000.00,196.20,105
1777321261207,19100.00,5662.00,260000.00,385.04,210
1777321261233,9250.00,5694.00,260000.00,192.98,105
1777321261258,19340.00,5705.00,260000.00,386.42,210
1777321261284,9090.00,5687.00,260000.00,192.52,105
1777321261311,19240.00,5704.00,260000.00,388.72,210
1777321261336,8950.00,5686.00,260000.00,190.22,105
1777321261363,19340.00,5733.00,260000.00,383.66,210
1777321261389,9730.00,5727.00,260000.00,194.82,105
1777321261414,9480.00,5730.00,260000.00,195.28,105
1777321261441,9240.00,5739.00,260000.00,193.44,105
1777321261468,18180.00,5754.00,260000.00,388.26,210
1777321261494,9330.00,5761.00,260000.00,192.52,105
1777321261520,18930.00,5776.00,260000.00,385.50,210
1777321261546,9190.00,5760.00,260000.00,192.98,105
1777321261571,19060.00,5781.00,260000.00,388.26,210
1777321261597,9630.00,5761.00,260000.00,192.52,105
1777321261622,9280.00,5747.00,260000.00,194.36,105
1777321261649,18920.00,5775.00,260000.00,381.82,210
1777321261697,9060.00,5775.00,260000.00,196.66,105
1777321261725,19200.00,5775.00,260000.00,391.02,210
1777321261751,9070.00,5796.00,260000.00,195.74,105
1777321261778,19390.00,5796.00,260000.00,392.86,210
1777321261804,10130.00,5838.00,260000.00,193.44,105
1777321261832,19340.00,5859.00,260000.00,383.20,210
1777321261877,9600.00,5790.00,260000.00,191.14,105
1777321261905,9370.00,5816.00,260000.00,194.36,105
1777321261932,9500.00,5796.00,260000.00,191.60,105
1777321261962,19000.00,5796.00,260000.00,391.48,210
1777321261989,9270.00,5808.00,260000.00,192.52,105
1777321262017,9460.00,5817.00,260000.00,191.14,105
1777321262066,19060.00,5817.00,260000.00,385.04,210
1777321262092,9170.00,5845.00,260000.00,194.82,105
1777321262119,9900.00,5859.00,260000.00,193.44,105
1777321262149,18990.00,5859.00,260000.00,389.18,210
1777321262178,9310.00,5866.00,260000.00,198.50,105
1777321262207,19310.00,5872.00,260000.00,388.72,210
1777321262234,9570.00,5880.00,260000.00,192.98,105
1777321262417,9150.00,5763.00,260000.00,195.28,105
1777321262473,9600.00,5691.00,260000.00,194.36,105
1777321262495,18590.00,5712.00,260000.00,391.02,210
1777321262518,19550.00,5718.00,260000.00,389.64,210
1777321262542,9270.00,5720.00,260000.00,195.28,105
1777321262566,19170.00,5739.00,260000.00,385.04,210
1777321262590,9480.00,5758.00,260000.00,190.68,105
1777321262613,19190.00,5777.00,260000.00,389.18,210
1777321262636,9080.00,5775.00,260000.00,192.98,105
1777321262660,18740.00,5764.00,260000.00,390.10,210
1777321262683,9390.00,5799.00,260000.00,192.98,105
1777321262707,19520.00,5789.00,260000.00,382.28,210
1777321262730,9260.00,5838.00,260000.00,194.82,105
1777321262753,18740.00,5852.00,260000.00,388.26,210
1777321262780,9670.00,5834.00,260000.00,192.06,105
1777321262804,18910.00,5851.00,260000.00,387.34,210
1777321262828,18840.00,5886.00,260000.00,387.80,210
1777321262851,9430.00,5914.00,260000.00,194.36,105
1777321262875,19380.00,5935.00,260000.00,387.80,210
1777321262898,19540.00,5954.00,260000.00,380.90,210
1777321262922,9110.00,6006.00,260000.00,194.82,105
1777321262946,18610.00,6040.00,260000.00,390.10,210
1777321262971,19470.00,6027.00,260000.00,389.18,210
1777321262995,9360.00,6043.00,260000.00,193.44,105
1777321263019,18960.00,6061.00,260000.00,384.12,210
1777321263044,18890.00,6108.00,260000.00,391.02,210
1777321263068,19830.00,6096.00,260000.00,382.74,210
1777321263093,9390.00,6076.00,260000.00,192.06,105
1777321263118,19650.00,6064.00,260000.00,387.34,210
1777321263142,18190.00,6074.00,260000.00,388.72,210
1777321263168,9180.00,6061.00,260000.00,193.90,105
1777321263193,19400.00,6013.00,260000.00,386.42,210
1777321263218,18860.00,6061.00,260000.00,390.10,210
1777321263242,18990.00,6087.00,260000.00,390.10,210
1777321263267,9430.00,6053.00,260000.00,195.28,105
1777321263291,18310.00,6018.00,260000.00,390.56,210
1777321263321,18660.00,6033.00,260000.00,389.64,210
1777321263346,18910.00,6048.00,260000.00,385.96,210
1777321263372,19020.00,6090.00,260000.00,391.02,210
1777321263397,9120.00,6079.00,260000.00,194.82,105
1777321263422,19190.00,6061.00,260000.00,385.04,210
1777321263447,18880.00,6060.00,260000.00,387.34,210
1777321263473,18590.00,6060.00,260000.00,389.64,210
1777321263497,9170.00,6019.00,260000.00,189.76,105
1777321263522,9300.00,6061.00,260000.00,192.52,105
1777321263546,19170.00,6069.00,260000.00,380.44,210
1777321263571,19340.00,6049.00,260000.00,387.80,210
1777321263596,19050.00,6023.00,260000.00,388.72,210
1777321263622,9770.00,6040.00,260000.00,192.52,105
1777321263647,18430.00,6061.00,260000.00,383.66,210
1777321263674,18910.00,6089.00,260000.00,386.88,210
1777321263699,18970.00,6069.00,260000.00,390.56,210
1777321263725,19210.00,6065.00,260000.00,389.18,210
1777321263749,9600.00,6090.00,260000.00,192.52,105
1777321263773,19220.00,6090.00,260000.00,388.26,210
1777321263798,18770.00,6074.00,260000.00,389.18,210
1777321263824,18730.00,6088.00,260000.00,383.66,210
1777321263848,9200.00,6090.00,260000.00,193.90,105
1777321263873,18800.00,6090.00,260000.00,392.40,210
1777321263899,19870.00,6089.00,260000.00,391.48,210
1777321263926,9850.00,6050.00,260000.00,191.14,105
1777321263951,9530.00,6048.00,260000.00,194.36,105
1777321263976,18940.00,6055.00,260000.00,386.88,210
1777321264001,18920.00,6056.00,260000.00,388.72,210
1777321264026,9660.00,6093.00,260000.00,192.52,105
1777321264051,9660.00,6039.00,260000.00,195.28,105
1777321264077,18880.00,6027.00,260000.00,386.42,210
1777321264102,9360.00,6036.00,260000.00,195.28,105
1777321264128,18930.00,6020.00,260000.00,392.86,210
1777321264153,19360.00,6027.00,260000.00,386.42,210
1777321264179,9250.00,6034.00,260000.00,194.36,105
1777321264205,18820.00,6041.00,260000.00,386.42,210
1777321264230,9330.00,6035.00,260000.00,197.12,105
1777321264255,19650.00,6006.00,260000.00,388.72,210
1777321264281,18890.00,5991.00,260000.00,385.50,210
1777321264308,9220.00,6027.00,260000.00,191.60,105
1777321264333,18840.00,5993.00,260000.00,386.88,210
1777321264360,19120.00,5982.00,260000.00,385.04,210
1777321264383,18610.00,6006.00,260000.00,386.88,210
1777321264408,9640.00,6019.00,260000.00,192.52,105
1777321264434,18200.00,6013.00,260000.00,391.48,210
1777321264459,9170.00,5990.00,260000.00,193.44,105
1777321264483,18620.00,6006.00,260000.00,385.04,210
1777321264508,18810.00,6017.00,260000.00,390.56,210
1777321264533,9460.00,6027.00,260000.00,196.20,105
1777321264557,18940.00,6021.00,260000.00,388.26,210
1777321264582,8890.00,6006.00,260000.00,191.60,105
1777321264607,18980.00,6015.00,260000.00,390.56,210
1777321264631,9960.00,6047.00,260000.00,197.12,105
1777321264657,18200.00,5990.00,260000.00,385.96,210
1777321264683,9700.00,6005.00,260000.00,196.20,105
1777321264707,18620.00,6035.00,260000.00,385.50,210
1777321264732,9030.00,6069.00,260000.00,190.22,105
1777321264757,8630.00,5993.00,260000.00,196.20,105
1777321264783,18290.00,6006.00,260000.00,390.56,210
1777321264811,8780.00,6008.00,260000.00,191.60,105
1777321264836,18170.00,5999.00,260000.00,390.10,210
1777321264863,8990.00,5964.00,260000.00,194.36,105
1777321264889,18550.00,5954.00,260000.00,387.34,210
1777321264915,9540.00,5970.00,260000.00,195.28,105
1777321264941,18630.00,5996.00,260000.00,386.88,210
1777321264967,8930.00,5991.00,260000.00,194.36,105
1777321264993,18570.00,5985.00,260000.00,390.10,210
1777321265022,9390.00,5969.00,260000.00,194.82,105
1777321265047,19380.00,5949.00,260000.00,388.72,210
1777321265074,9520.00,5943.00,260000.00,192.52,105
1777321265101,19380.00,5942.00,260000.00,382.74,210
1777321265128,9260.00,5970.00,260000.00,199.42,105
1777321265154,18150.00,5962.00,260000.00,386.42,210
1777321265180,9940.00,5908.00,260000.00,194.36,105
1777321265210,18480.00,5929.00,260000.00,390.10,210
1777321265236,9600.00,5907.00,260000.00,192.06,105
1777321265262,19410.00,5922.00,260000.00,392.86,210
1777321265290,9330.00,5920.00,260000.00,192.52,105
1777321265316,18770.00,5942.00,260000.00,391.48,210
1777321265342,9520.00,5915.00,260000.00,197.58,105
1777321265368,18680.00,5912.00,260000.00,387.34,210
1777321265416,19000.00,5921.00,260000.00,389.64,210
1777321265443,8970.00,5920.00,260000.00,198.50,105
1777321265469,9150.00,5915.00,260000.00,193.90,105
1777321265496,9560.00,5905.00,260000.00,193.44,105
1777321265521,9850.00,5880.00,260000.00,193.44,105
1777321265548,9500.00,5894.00,260000.00,193.90,105
1777321265574,9640.00,5884.00,260000.00,193.90,105
1777321265601,9660.00,5883.00,260000.00,193.90,105
1777321265628,9710.00,5873.00,260000.00,194.36,105
1777321265655,9730.00,5859.00,260000.00,195.74,105
1777321265681,9300.00,5863.00,260000.00,194.82,105
1777321265708,19230.00,5869.00,260000.00,383.20,210
1777321265734,9430.00,5838.00,260000.00,193.44,105
1777321265761,19120.00,5817.00,260000.00,388.26,210
1777321265787,9480.00,5851.00,260000.00,190.22,105
1777321265814,18790.00,5838.00,260000.00,386.42,210
1777321265861,9170.00,5826.00,260000.00,196.20,105
1777321265889,9040.00,5806.00,260000.00,193.44,105
1777321265914,9380.00,5796.00,260000.00,197.12,105
1777321265942,10140.00,5817.00,260000.00,191.14,105
1777321265967,9550.00,5767.00,260000.00,188.38,105
1777321265995,19140.00,5796.00,260000.00,389.18,210
1777321266021,9080.00,5801.00,260000.00,200.34,105
1777321266049,18140.00,5732.00,260000.00,386.42,210
1777321266076,9480.00,5781.00,260000.00,193.90,105
1777321266227,18960.00,5796.00,260000.00,386.42,210
1777321266249,9970.00,5649.00,260000.00,189.76,105
1777321266271,18930.00,5655.00,260000.00,385.04,210
1777321266294,9310.00,5634.00,260000.00,189.30,105
1777321266317,18150.00,5656.00,260000.00,381.36,210
1777321266340,18220.00,5635.00,260000.00,386.42,210
1777321266362,9460.00,5633.00,260000.00,189.30,105
1777321266386,9260.00,5675.00,260000.00,192.98,105
1777321266409,19140.00,5710.00,260000.00,381.36,210
1777321266432,19250.00,5713.00,260000.00,382.28,210
1777321266455,18920.00,5686.00,260000.00,377.22,210
1777321266478,9410.00,5694.00,260000.00,193.44,105
1777321266502,18390.00,5698.00,260000.00,382.28,210
1777321266525,9640.00,5712.00,260000.00,191.14,105
1777321266549,18770.00,5729.00,260000.00,379.06,210
1777321266572,19220.00,5741.00,260000.00,384.58,210
1777321266595,9780.00,5737.00,260000.00,189.76,105
1777321266619,18590.00,5771.00,260000.00,385.04,210
1777321266643,18720.00,5762.00,260000.00,382.74,210
1777321266667,9550.00,5787.00,260000.00,190.22,105
1777321266690,19410.00,5785.00,260000.00,383.20,210
1777321266713,9360.00,5796.00,260000.00,190.22,105
1777321266737,18610.00,5785.00,260000.00,378.14,210
1777321266761,18700.00,5805.00,260000.00,382.28,210
1777321266785,9870.00,5817.00,260000.00,191.60,105
1777321266809,18630.00,5817.00,260000.00,383.66,210
1777321266832,18570.00,5859.00,260000.00,387.80,210
1777321266856,9670.00,5873.00,260000.00,192.06,105
1777321268000,9350.00,4719.00,260000.00,192.98,105
1777321268342,3170.00,4222.00,260000.00,159.30,0
1777321268366,6260.00,4221.00,260000.00,318.60,0
1777321268389,6190.00,4235.00,260000.00,318.60,0
1777321268412,3180.00,4259.00,260000.00,159.30,0
1777321268437,6140.00,4215.00,260000.00,318.60,0
1777321268460,3210.00,4221.00,260000.00,159.30,0
1777321268484,6040.00,4229.00,260000.00,318.60,0
1777321268508,2930.00,4243.00,260000.00,159.30,0
1777321268532,6310.00,4215.00,260000.00,318.60,0
1777321268555,3120.00,4233.00,260000.00,159.30,0
1777321268581,6110.00,4240.00,260000.00,318.60,0
1777321268608,6340.00,4217.00,260000.00,318.60,0
1777321268632,6230.00,4215.00,260000.00,318.60,0
1777321268656,2990.00,4221.00,260000.00,159.30,0
1777321268680,6470.00,4204.00,260000.00,318.60,0
1777321268704,6350.00,4241.00,260000.00,318.60,0
1777321268727,3090.00,4249.00,260000.00,159.30,0
1777321268757,6350.00,4200.00,260000.00,318.60,0
1777321268781,6420.00,4217.00,260000.00,318.60,0
1777321268804,3130.00,4194.00,260000.00,159.30,0
1777321268828,6150.00,4197.00,260000.00,318.60,0
1777321268852,6290.00,4206.00,260000.00,318.60,0
1777321268876,3150.00,4244.00,260000.00,159.30,0
1777321268900,3070.00,4231.00,260000.00,159.30,0
1777321268923,6120.00,4230.00,260000.00,318.60,0
1777321268947,3320.00,4206.00,260000.00,159.30,0
1777321268971,6350.00,4215.00,260000.00,318.60,0
1777321269016,6410.00,4197.00,260000.00,318.60,0
1777321269040,3230.00,4185.00,260000.00,159.30,0
1777321269064,6360.00,4200.00,260000.00,318.60,0
1777321269088,3290.00,4213.00,260000.00,159.30,0
1777321269110,3250.00,4194.00,260000.00,159.30,0
1777321269133,6190.00,4182.00,260000.00,318.60,0
1777321269155,3160.00,4193.00,260000.00,159.30,0
1777321269178,3250.00,4202.00,260000.00,159.30,0
1777321269201,3040.00,4209.00,260000.00,159.30,0
1777321269223,6230.00,4179.00,260000.00,318.60,0
1777321269247,3150.00,4194.00,260000.00,159.30,0
1777321269269,6480.00,4194.00,260000.00,318.60,0
1777321269294,3100.00,4164.00,260000.00,159.30,0
1777321269316,3020.00,4180.00,260000.00,159.30,0
1777321269340,3090.00,4199.00,260000.00,159.30,0
1777321269362,2970.00,4172.00,260000.00,159.30,0
1777321269385,9490.00,4158.00,260000.00,193.90,105
1777321269409,18740.00,4144.00,260000.00,385.04,210
1777321269433,9540.00,4165.00,260000.00,191.60,105
1777321269458,9280.00,4153.00,260000.00,196.66,105
1777321269480,9530.00,4137.00,260000.00,193.90,105
1777321269504,18970.00,4130.00,260000.00,387.34,210
1777321269526,9440.00,4091.00,260000.00,192.06,105
1777321269550,18110.00,4121.00,260000.00,391.02,210
1777321269572,9660.00,4116.00,260000.00,192.98,105
1777321269595,9650.00,4129.00,260000.00,193.90,105
1777321269619,8900.00,4082.00,260000.00,195.28,105
1777321269641,19420.00,4111.00,260000.00,390.10,210
1777321269664,9140.00,4117.00,260000.00,197.12,105
1777321269687,9080.00,4103.00,260000.00,192.06,105
1777321269714,18570.00,4074.00,260000.00,387.80,210
1777321269736,9620.00,4080.00,260000.00,192.98,105
1777321269759,9250.00,4117.00,260000.00,192.98,105
1777321269804,18070.00,4089.00,260000.00,380.90,210
1777321269827,9750.00,4082.00,260000.00,194.82,105
1777321269849,9810.00,4095.00,260000.00,194.82,105
1777321269873,18880.00,4104.00,260000.00,386.42,210
1777321269895,8930.00,4089.00,260000.00,198.04,105
1777321270132,9700.00,3822.00,260000.00,193.90,105
1777321270154,9480.00,3843.00,260000.00,192.52,105
1777321270178,18410.00,3836.00,260000.00,388.72,210
1777321270201,18280.00,3830.00,260000.00,385.96,210
1777321270225,9210.00,3824.00,260000.00,191.14,105
1777321270249,18420.00,3831.00,260000.00,391.02,210
1777321270273,18510.00,3859.00,260000.00,391.48,210
1777321270297,9400.00,3825.00,260000.00,193.44,105
1777321270325,9850.00,3824.00,260000.00,190.68,105
1777321270349,29120.00,3874.00,260000.00,581.70,315
1777321270377,9230.00,3858.00,260000.00,195.74,105
1777321270406,19360.00,3857.00,260000.00,391.48,210
1777321270430,18640.00,3886.00,260000.00,388.72,210
1777321270458,18860.00,3906.00,260000.00,387.80,210
1777321270486,19090.00,3900.00,260000.00,388.72,210
1777321270510,18010.00,3935.00,260000.00,387.80,210
1777321270535,9390.00,3945.00,260000.00,196.20,105
1777321270558,8780.00,3983.00,260000.00,194.82,105
1777321270583,19150.00,3969.00,260000.00,389.64,210
1777321270610,9580.00,3962.00,260000.00,193.44,105
1777321270635,19010.00,3990.00,260000.00,393.32,210
1777321270660,18160.00,4032.00,260000.00,389.64,210
1777321270684,18840.00,4053.00,260000.00,389.64,210
1777321270708,8820.00,4053.00,260000.00,192.52,105
1777321270737,18940.00,4021.00,260000.00,385.96,210
1777321270761,18810.00,4060.00,260000.00,385.96,210
1777321270786,18470.00,4081.00,260000.00,386.88,210
1777321270810,9400.00,4068.00,260000.00,192.52,105
1777321270837,18530.00,4116.00,260000.00,388.72,210
1777321270861,19450.00,4137.00,260000.00,386.42,210
1777321270887,18750.00,4116.00,260000.00,388.26,210
1777321270912,9180.00,4136.00,260000.00,194.36,105
1777321270937,18890.00,4144.00,260000.00,391.02,210
1777321270962,19010.00,4168.00,260000.00,387.34,210
1777321270987,18920.00,4200.00,260000.00,392.40,210
1777321271012,9040.00,4208.00,260000.00,193.90,105
1777321271037,19110.00,4238.00,260000.00,392.40,210
1777321271063,19400.00,4246.00,260000.00,392.40,210
1777321271089,18850.00,4221.00,260000.00,392.40,210
1777321271117,9680.00,4234.00,260000.00,196.20,105
1777321271143,9310.00,4284.00,260000.00,196.20,105
1777321271167,18370.00,4305.00,260000.00,392.40,210
1777321271192,8950.00,4332.00,260000.00,196.20,105
1777321271217,18170.00,4358.00,260000.00,392.40,210
1777321271242,9310.00,4353.00,260000.00,196.20,105
1777321271270,18550.00,4368.00,260000.00,392.40,210
1777321271295,18560.00,4369.00,260000.00,392.40,210
1777321271321,19470.00,4389.00,260000.00,392.40,210
1777321271346,18810.00,4407.00,260000.00,392.40,210
1777321271371,9700.00,4373.00,260000.00,196.20,105
1777321271399,9540.00,4328.00,260000.00,196.20,105
1777321271425,18850.00,4347.00,260000.00,392.40,210
1777321271451,18830.00,4373.00,260000.00,392.40,210
1777321271478,20040.00,4390.00,260000.00,392.40,210
1777321271503,18440.00,4389.00,260000.00,392.40,210
1777321271528,9600.00,4341.00,260000.00,196.20,105
1777321271555,18600.00,4358.00,260000.00,392.40,210
1777321271580,18710.00,4350.00,260000.00,392.40,210
1777321271604,9870.00,4373.00,260000.00,196.20,105
1777321271626,9390.00,4325.00,260000.00,196.20,105
1777321271651,19020.00,4329.00,260000.00,392.40,210
1777321271674,19460.00,4339.00,260000.00,392.40,210
1777321271698,8920.00,4326.00,260000.00,196.20,105
1777321271723,9380.00,4348.00,260000.00,196.20,105
1777321271749,18320.00,4317.00,260000.00,392.40,210
1777321271774,18680.00,4307.00,260000.00,392.40,210
1777321271800,18790.00,4305.00,260000.00,392.40,210
1777321271827,18720.00,4326.00,260000.00,392.40,210
1777321271852,19140.00,4354.00,260000.00,392.40,210
1777321271878,9350.00,4368.00,260000.00,194.36,105
1777321271904,19400.00,4402.00,260000.00,387.34,210
1777321271930,9300.00,4437.00,260000.00,189.30,105
1777321271957,18940.00,4473.00,260000.00,392.40,210
1777321271983,18660.00,4500.00,260000.00,392.40,210
1777321272012,18070.00,4527.00,260000.00,392.40,210
1777321272038,18890.00,4599.00,260000.00,392.40,210
1777321272064,9280.00,4620.00,260000.00,196.20,105
1777321272091,19450.00,4655.00,260000.00,392.40,210
1777321272117,18870.00,4704.00,260000.00,392.40,210
1777321272143,19640.00,4746.00,260000.00,392.40,210
1777321272260,9290.00,4758.00,260000.00,196.20,105
1777321272283,19180.00,4804.00,260000.00,391.48,210
1777321272306,9300.00,4837.00,260000.00,196.20,105
1777321272330,18780.00,4865.00,260000.00,392.40,210
1777321272354,19100.00,4914.00,260000.00,392.40,210
1777321272378,9890.00,4956.00,260000.00,196.20,105
1777321272401,18480.00,4962.00,260000.00,392.40,210
1777321272425,18940.00,4977.00,260000.00,392.40,210
1777321272449,9290.00,5061.00,260000.00,196.20,105
1777321272473,18710.00,5072.00,260000.00,392.40,210
1777321272497,18530.00,5124.00,260000.00,392.40,210
1777321272521,9180.00,5136.00,260000.00,196.20,105
1777321272546,19240.00,5172.00,260000.00,392.40,210
1777321272571,19030.00,5220.00,260000.00,392.40,210
1777321272595,9710.00,5244.00,260000.00,196.20,105
1777321272619,19010.00,5292.00,260000.00,392.40,210
1777321272648,18040.00,5304.00,260000.00,392.40,210
1777321272672,18970.00,5361.00,260000.00,392.40,210
1777321272697,9600.00,5418.00,260000.00,196.20,105
1777321272721,19200.00,5428.00,260000.00,392.40,210
1777321272746,9620.00,5460.00,260000.00,196.20,105
1777321272770,18980.00,5494.00,260000.00,392.40,210
1777321272796,19100.00,5529.00,260000.00,392.40,210
1777321272821,19020.00,5586.00,260000.00,392.40,210
1777321272845,9480.00,5628.00,260000.00,196.20,105
1777321272871,19140.00,5649.00,260000.00,392.40,210
1777321272895,19200.00,5664.00,260000.00,392.40,210
1777321272920,18640.00,5718.00,260000.00,392.40,210
1777321272945,9470.00,5775.00,260000.00,196.20,105
1777321272969,18380.00,5781.00,260000.00,392.40,210
1777321272995,19770.00,5838.00,260000.00,392.40,210
1777321273020,19210.00,5880.00,260000.00,392.40,210
1777321273045,9370.00,5901.00,260000.00,196.20,105
1777321273070,19410.00,5933.00,260000.00,392.40,210
1777321273098,18480.00,5970.00,260000.00,392.40,210
1777321273124,18900.00,6027.00,260000.00,392.40,210
1777321273149,19120.00,6069.00,260000.00,392.40,210
1777321273175,9580.00,6096.00,260000.00,196.20,105
1777321273201,19280.00,6123.00,260000.00,392.40,210
1777321273227,19190.00,6174.00,260000.00,392.40,210
1777321273253,18980.00,6216.00,260000.00,392.40,210
1777321273278,9300.00,6233.00,260000.00,196.20,105
1777321273304,9480.00,6279.00,260000.00,196.20,105
1777321273330,18440.00,6299.00,260000.00,392.40,210
1777321273356,18990.00,6279.00,260000.00,392.40,210
1777321273382,9710.00,6275.00,260000.00,196.20,105
1777321273407,9800.00,6277.00,260000.00,196.20,105
1777321273433,18830.00,6297.00,260000.00,392.40,210
1777321273461,9210.00,6249.00,260000.00,196.20,105
1777321273487,9220.00,6279.00,260000.00,196.20,105
1777321273515,18530.00,6255.00,260000.00,392.40,210
1777321273540,19180.00,6222.00,260000.00,392.40,210
1777321273566,18570.00,6232.00,260000.00,392.40,210
1777321273592,9050.00,6270.00,260000.00,196.20,105
1777321273618,19070.00,6243.00,260000.00,392.40,210
1777321273644,19050.00,6214.00,260000.00,392.40,210
1777321273670,8990.00,6258.00,260000.00,196.20,105
1777321273697,18830.00,6255.00,260000.00,392.40,210
1777321273723,19300.00,6222.00,260000.00,392.40,210
1777321273749,18910.00,6258.00,260000.00,392.40,210
1777321273774,19680.00,6243.00,260000.00,392.40,210
1777321273800,9330.00,6270.00,260000.00,196.20,105
1777321273825,19170.00,6248.00,260000.00,392.40,210
1777321273851,8910.00,6258.00,260000.00,196.20,105
1777321273880,19220.00,6241.00,260000.00,392.40,210
1777321273905,19420.00,6222.00,260000.00,392.40,210
1777321273931,18480.00,6252.00,260000.00,392.40,210
1777321273956,18330.00,6270.00,260000.00,392.40,210
1777321273982,9860.00,6243.00,260000.00,196.20,105
1777321274007,18930.00,6278.00,260000.00,392.40,210
1777321274033,9440.00,6279.00,260000.00,196.20,105
1777321274059,19290.00,6279.00,260000.00,392.40,210
1777321274085,18920.00,6279.00,260000.00,392.40,210
1777321274110,9180.00,6312.00,260000.00,196.20,105
1777321274203,9770.00,6188.00,260000.00,196.20,105
1777321274226,28560.00,6191.00,260000.00,588.60,315
1777321274248,9570.00,6243.00,260000.00,196.20,105
1777321274274,19330.00,6210.00,260000.00,392.40,210
1777321274298,19200.00,6198.00,260000.00,392.40,210
1777321274321,9090.00,6264.00,260000.00,196.20,105
1777321274343,18920.00,6237.00,260000.00,392.40,210
1777321274366,9590.00,6237.00,260000.00,196.20,105
1777321274390,19470.00,6263.00,260000.00,392.40,210
1777321274413,19230.00,6260.00,260000.00,392.40,210
1777321274437,9690.00,6246.00,260000.00,196.20,105
1777321274460,19140.00,6300.00,260000.00,392.40,210
1777321274484,18080.00,6280.00,260000.00,392.40,210
1777321274508,9470.00,6308.00,260000.00,196.20,105
1777321274532,18830.00,6326.00,260000.00,392.40,210
1777321274556,9760.00,6285.00,260000.00,196.20,105
1777321274580,18610.00,6288.00,260000.00,392.40,210
1777321274604,18910.00,6320.00,260000.00,392.40,210
1777321274627,9540.00,6342.00,260000.00,196.20,105
1777321274651,18230.00,6321.00,260000.00,392.40,210
1777321274675,18640.00,6342.00,260000.00,392.40,210
1777321274698,9210.00,6340.00,260000.00,196.20,105
1777321274722,19110.00,6362.00,260000.00,392.40,210
1777321274746,9320.00,6404.00,260000.00,196.20,105
1777321274772,18540.00,6348.00,260000.00,392.40,210
1777321274797,9620.00,6405.00,260000.00,196.20,105
1777321274821,18600.00,6397.00,260000.00,392.40,210
1777321274845,19360.00,6384.00,260000.00,392.40,210
1777321274869,9670.00,6381.00,260000.00,196.20,105
1777321274893,18550.00,6390.00,260000.00,392.40,210
1777321274917,19150.00,6426.00,260000.00,392.40,210
1777321274941,9490.00,6468.00,260000.00,196.20,105
1777321274965,18620.00,6489.00,260000.00,392.40,210
1777321274989,18790.00,6511.00,260000.00,392.40,210
1777321275014,9220.00,6558.00,260000.00,196.20,105
1777321275038,19590.00,6594.00,260000.00,392.40,210
1777321275062,18670.00,6615.00,260000.00,392.40,210
1777321275086,9440.00,6653.00,260000.00,196.20,105
1777321275110,9630.00,6689.00,260000.00,196.20,105
1777321275134,18670.00,6720.00,260000.00,392.40,210
1777321275158,19130.00,6741.00,260000.00,392.40,210
1777321275181,9320.00,6740.00,260000.00,196.20,105
1777321275206,19100.00,6742.00,260000.00,392.40,210
1777321275229,9410.00,6717.00,260000.00,196.20,105
1777321275253,19190.00,6727.00,260000.00,392.40,210
1777321275278,18910.00,6741.00,260000.00,392.40,210
1777321275302,9630.00,6742.00,260000.00,196.20,105
1777321275326,18700.00,6770.00,260000.00,392.40,210
1777321275351,9310.00,6736.00,260000.00,196.20,105
1777321275375,18660.00,6741.00,260000.00,392.40,210
1777321275400,9410.00,6739.00,260000.00,196.20,105
1777321275425,19470.00,6726.00,260000.00,392.40,210
1777321275449,18700.00,6720.00,260000.00,392.40,210
1777321275476,8620.00,6727.00,260000.00,196.20,105
1777321275500,19300.00,6703.00,260000.00,392.40,210
1777321275529,18820.00,6725.00,260000.00,392.40,210
1777321275554,18760.00,6720.00,260000.00,392.40,210
1777321275579,19380.00,6741.00,260000.00,392.40,210
1777321275604,9550.00,6754.00,260000.00,196.20,105
1777321275630,19260.00,6731.00,260000.00,392.40,210
1777321275655,18310.00,6726.00,260000.00,392.40,210
1777321275681,18240.00,6741.00,260000.00,392.40,210
1777321275705,9980.00,6724.00,260000.00,196.20,105
1777321275731,19190.00,6769.00,260000.00,392.40,210
1777321275756,10030.00,6755.00,260000.00,196.20,105
1777321275781,18860.00,6720.00,260000.00,392.40,210
1777321275806,18860.00,6721.00,260000.00,392.40,210
1777321275832,9720.00,6745.00,260000.00,196.20,105
1777321275953,18830.00,6616.00,260000.00,392.40,210
1777321275979,19260.00,6554.00,260000.00,392.40,210
1777321276002,18280.00,6594.00,260000.00,392.40,210
1777321276025,9160.00,6623.00,260000.00,196.20,105
1777321276049,18250.00,6588.00,260000.00,392.40,210
1777321276077,9840.00,6543.00,260000.00,196.20,105
1777321276100,18820.00,6582.00,260000.00,392.40,210
1777321276125,19500.00,6573.00,260000.00,392.40,210
1777321276149,19240.00,6564.00,260000.00,392.40,210
1777321276172,9320.00,6604.00,260000.00,196.20,105
1777321276195,19090.00,6611.00,260000.00,392.40,210
1777321276218,9500.00,6609.00,260000.00,196.20,105
1777321276241,18900.00,6630.00,260000.00,392.40,210
1777321276265,18860.00,6636.00,260000.00,392.40,210
1777321276291,9310.00,6630.00,260000.00,196.20,105
1777321276314,18920.00,6606.00,260000.00,392.40,210
1777321276338,9770.00,6585.00,260000.00,196.20,105
1777321276362,19080.00,6615.00,260000.00,392.40,210
1777321276386,18890.00,6657.00,260000.00,392.40,210
1777321276409,9130.00,6594.00,260000.00,196.20,105
1777321276432,19070.00,6608.00,260000.00,392.40,210
1777321276456,9660.00,6603.00,260000.00,196.20,105
1777321276480,18960.00,6636.00,260000.00,392.40,210
1777321276504,19470.00,6636.00,260000.00,392.40,210
1777321276527,18320.00,6666.00,260000.00,392.40,210
1777321276551,9770.00,6675.00,260000.00,196.20,105
1777321276575,19010.00,6656.00,260000.00,392.40,210
1777321276599,9000.00,6621.00,260000.00,196.20,105
1777321276623,18960.00,6642.00,260000.00,392.40,210
1777321276647,9530.00,6657.00,260000.00,196.20,105
1777321276671,18900.00,6636.00,260000.00,392.40,210
1777321276698,10270.00,6627.00,260000.00,196.20,105
1777321276725,19060.00,6636.00,260000.00,392.40,210
1777321276750,19050.00,6657.00,260000.00,392.40,210
1777321276773,9270.00,6657.00,260000.00,196.20,105
1777321276798,18510.00,6657.00,260000.00,392.40,210
1777321276822,9440.00,6608.00,260000.00,196.20,105
1777321276846,18970.00,6600.00,260000.00,392.40,210
1777321276871,19600.00,6636.00,260000.00,392.40,210
1777321276895,19160.00,6665.00,260000.00,392.40,210
1777321276919,9600.00,6629.00,260000.00,196.20,105
1777321276944,19610.00,6630.00,260000.00,392.40,210
1777321276968,19280.00,6626.00,260000.00,392.40,210
1777321276992,8490.00,6666.00,260000.00,196.20,105
1777321277017,19090.00,6655.00,260000.00,392.40,210
1777321277041,9290.00,6628.00,260000.00,196.20,105
1777321277066,19030.00,6649.00,260000.00,392.40,210
1777321277091,19000.00,6648.00,260000.00,392.40,210
1777321277116,18520.00,6657.00,260000.00,392.40,210
1777321277141,18740.00,6657.00,260000.00,392.40,210
1777321277165,9540.00,6672.00,260000.00,196.20,105
1777321277190,19490.00,6698.00,260000.00,392.40,210
1777321277215,19490.00,6750.00,260000.00,392.40,210
1777321277240,18980.00,6792.00,260000.00,392.40,210
1777321277267,9180.00,6798.00,260000.00,196.20,105
1777321277291,9810.00,6776.00,260000.00,196.20,105
1777321277315,18550.00,6791.00,260000.00,392.40,210
1777321277338,8850.00,6741.00,260000.00,196.20,105
1777321277362,19090.00,6732.00,260000.00,392.40,210
1777321277386,19550.00,6762.00,260000.00,392.40,210
1777321277410,9240.00,6807.00,260000.00,196.20,105
1777321277433,19150.00,6760.00,260000.00,392.40,210
1777321277534,9350.00,6627.00,260000.00,196.20,105
1777321277558,19110.00,6666.00,260000.00,392.40,210
1777321277582,9160.00,6666.00,260000.00,196.20,105
1777321277605,18970.00,6636.00,260000.00,392.40,210
1777321277627,9240.00,6636.00,260000.00,196.20,105
1777321277650,19240.00,6637.00,260000.00,392.40,210
1777321277673,18850.00,6672.00,260000.00,392.40,210
1777321277695,9680.00,6636.00,260000.00,196.20,105
1777321277719,19370.00,6650.00,260000.00,392.40,210
1777321277746,9750.00,6648.00,260000.00,196.20,105
1777321277769,18120.00,6668.00,260000.00,392.40,210
1777321277793,18720.00,6672.00,260000.00,392.40,210
1777321277817,9890.00,6636.00,260000.00,196.20,105
1777321277841,19790.00,6627.00,260000.00,392.40,210
1777321277867,18760.00,6642.00,260000.00,392.40,210
1777321277891,9630.00,6687.00,260000.00,196.20,105
1777321277915,18950.00,6651.00,260000.00,392.40,210
1777321277939,19280.00,6615.00,260000.00,392.40,210
1777321277962,9300.00,6642.00,260000.00,196.20,105
1777321277986,18340.00,6641.00,260000.00,392.40,210
1777321278010,18050.00,6621.00,260000.00,392.40,210
1777321278034,9330.00,6657.00,260000.00,196.20,105
1777321278058,18400.00,6666.00,260000.00,392.40,210
1777321278082,19420.00,6651.00,260000.00,392.40,210
1777321278105,9090.00,6608.00,260000.00,196.20,105
1777321278129,18540.00,6615.00,260000.00,392.40,210
1777321278154,18330.00,6657.00,260000.00,392.40,210
1777321278177,9930.00,6672.00,260000.00,196.20,105
1777321278201,18870.00,6665.00,260000.00,392.40,210
1777321278227,18720.00,6627.00,260000.00,392.40,210
1777321278252,9470.00,6627.00,260000.00,196.20,105
1777321278276,18650.00,6661.00,260000.00,392.40,210
1777321278301,9450.00,6631.00,260000.00,196.20,105
1777321278325,18910.00,6645.00,260000.00,392.40,210
1777321278349,9620.00,6678.00,260000.00,196.20,105
1777321278378,19430.00,6651.00,260000.00,392.40,210
1777321278406,18750.00,6670.00,260000.00,392.40,210
1777321278431,18860.00,6678.00,260000.00,392.40,210
1777321278455,9170.00,6708.00,260000.00,196.20,105
1777321278480,18840.00,6678.00,260000.00,392.40,210
1777321278505,9560.00,6672.00,260000.00,196.20,105
1777321278532,18600.00,6678.00,260000.00,392.40,210
1777321278558,18820.00,6723.00,260000.00,392.40,210
1777321278582,19190.00,6678.00,260000.00,392.40,210
1777321278607,18900.00,6684.00,260000.00,392.40,210
1777321278632,9300.00,6703.00,260000.00,196.20,105
1777321278657,9390.00,6693.00,260000.00,196.20,105
1777321278682,9500.00,6678.00,260000.00,196.20,105
1777321278707,19680.00,6657.00,260000.00,392.40,210
1777321278733,19540.00,6642.00,260000.00,392.40,210
1777321278759,18820.00,6657.00,260000.00,392.40,210
1777321278785,18820.00,6678.00,260000.00,392.40,210
1777321278810,9510.00,6693.00,260000.00,196.20,105
1777321278836,19110.00,6647.00,260000.00,392.40,210
1777321278863,18200.00,6663.00,260000.00,392.40,210
1777321278890,18750.00,6693.00,260000.00,392.40,210
1777321278916,18850.00,6678.00,260000.00,392.40,210
1777321278942,19470.00,6657.00,260000.00,392.40,210
1777321278969,9590.00,6699.00,260000.00,196.20,105
1777321278995,19250.00,6699.00,260000.00,392.40,210
1777321279020,9630.00,6672.00,260000.00,196.20,105
1777321279047,18600.00,6648.00,260000.00,392.40,210
1777321279073,18220.00,6678.00,260000.00,392.40,210
1777321279098,18470.00,6678.00,260000.00,392.40,210
1777321279124,19060.00,6684.00,260000.00,392.40,210
1777321279149,9490.00,6704.00,260000.00,196.20,105
1777321279173,19250.00,6747.00,260000.00,392.40,210
1777321279197,9260.00,6798.00,260000.00,196.20,105
1777321279222,18010.00,6816.00,260000.00,392.40,210
1777321279246,18790.00,6768.00,260000.00,392.40,210
1777321279271,9560.00,6804.00,260000.00,196.20,105
1777321279295,19540.00,6798.00,260000.00,392.40,210
1777321279320,18890.00,6766.00,260000.00,392.40,210
1777321279343,9680.00,6774.00,260000.00,196.20,105
1777321279371,18730.00,6798.00,260000.00,392.40,210
1777321279395,9750.00,6747.00,260000.00,196.20,105
1777321279420,9520.00,6796.00,260000.00,196.20,105
1777321279444,18450.00,6741.00,260000.00,392.40,210
1777321279468,9380.00,6762.00,260000.00,196.20,105
1777321279492,18740.00,6750.00,260000.00,392.40,210
1777321279518,19470.00,6756.00,260000.00,392.40,210
1777321279542,9480.00,6741.00,260000.00,196.20,105
1777321279566,18920.00,6759.00,260000.00,392.40,210
1777321279590,19180.00,6756.00,260000.00,392.40,210
1777321279615,9780.00,6720.00,260000.00,196.20,105
1777321279639,19060.00,6737.00,260000.00,392.40,210
1777321279664,9670.00,6741.00,260000.00,196.20,105
1777321279689,18880.00,6750.00,260000.00,392.40,210
1777321279713,9350.00,6735.00,260000.00,196.20,105
1777321279739,18290.00,6708.00,260000.00,392.40,210
1777321279789,18860.00,6714.00,260000.00,392.40,210
1777321279815,9300.00,6705.00,260000.00,196.20,105
1777321279842,19320.00,6720.00,260000.00,392.40,210
1777321279869,9570.00,6729.00,260000.00,196.20,105
1777321279896,19880.00,6697.00,260000.00,392.40,210
1777321279922,9540.00,6699.00,260000.00,196.20,105
1777321279951,28360.00,6657.00,260000.00,588.60,315
1777321279977,9560.00,6678.00,260000.00,196.20,105
1777321280007,19170.00,6672.00,260000.00,392.40,210
1777321280031,18670.00,6663.00,260000.00,392.40,210
1777321280056,9190.00,6699.00,260000.00,196.20,105
1777321280080,9590.00,6687.00,260000.00,196.20,105
1777321280105,18990.00,6643.00,260000.00,392.40,210
1777321280129,9050.00,6678.00,260000.00,196.20,105
1777321280153,18770.00,6657.00,260000.00,392.40,210
1777321280201,18310.00,6651.00,260000.00,392.40,210
1777321280228,8790.00,6636.00,260000.00,196.20,105
1777321280255,9650.00,6636.00,260000.00,196.20,105
1777321280283,18740.00,6615.00,260000.00,392.40,210
1777321280309,18540.00,6598.00,260000.00,392.40,210
1777321280337,9770.00,6609.00,260000.00,196.20,105
1777321280363,8740.00,6594.00,260000.00,196.20,105
1777321280390,9870.00,6603.00,260000.00,196.20,105
1777321280418,18770.00,6618.00,260000.00,392.40,210
1777321280446,9560.00,6558.00,260000.00,196.20,105
1777321280474,18480.00,6573.00,260000.00,392.40,210
1777321280502,9140.00,6573.00,260000.00,196.20,105
1777321280530,19230.00,6567.00,260000.00,392.40,210
1777321280558,9700.00,6537.00,260000.00,196.20,105
1777321280585,18990.00,6516.00,260000.00,392.40,210
1777321280613,9530.00,6525.00,260000.00,196.20,105
1777321280641,18390.00,6504.00,260000.00,392.40,210
1777321280690,18160.00,6489.00,260000.00,392.40,210
1777321280718,9620.00,6456.00,260000.00,196.20,105
1777321280746,18930.00,6447.00,260000.00,392.40,210
1777321280775,10020.00,6453.00,260000.00,196.20,105
1777321280803,19330.00,6477.00,260000.00,392.40,210
1777321280831,9510.00,6441.00,260000.00,196.20,105
1777321280865,9330.00,6417.00,260000.00,196.20,105
1777321280989,9440.00,6373.00,260000.00,196.20,105
1777321281012,19210.00,6363.00,260000.00,392.40,210
1777321281035,18850.00,6369.00,260000.00,392.40,210
1777321281060,9870.00,6369.00,260000.00,196.20,105
1777321281082,18360.00,6369.00,260000.00,392.40,210
1777321281108,9260.00,6384.00,260000.00,196.20,105
1777321281130,18880.00,6378.00,260000.00,392.40,210
1777321281153,17620.00,6404.00,260000.00,392.40,210
1777321281176,9570.00,6414.00,260000.00,196.20,105
1777321281199,19240.00,6399.00,260000.00,392.40,210
1777321281222,9460.00,6354.00,260000.00,196.20,105
1777321281245,17910.00,6377.00,260000.00,392.40,210
1777321281268,18140.00,6369.00,260000.00,392.40,210
1777321281290,9250.00,6405.00,260000.00,196.20,105
1777321281315,18390.00,6413.00,260000.00,392.40,210
1777321281338,9230.00,6405.00,260000.00,196.20,105
1777321281361,18920.00,6405.00,260000.00,392.40,210
1777321281384,19110.00,6379.00,260000.00,392.40,210
1777321281407,8970.00,6432.00,260000.00,196.20,105
1777321281430,18450.00,6435.00,260000.00,392.40,210
1777321281453,9540.00,6393.00,260000.00,196.20,105
1777321281476,19850.00,6390.00,260000.00,392.40,210
1777321281499,17900.00,6375.00,260000.00,392.40,210
1777321281522,9290.00,6390.00,260000.00,196.20,105
1777321281547,19190.00,6384.00,260000.00,392.40,210
1777321281571,19210.00,6420.00,260000.00,392.40,210
1777321281595,9110.00,6399.00,260000.00,196.20,105
1777321281619,19810.00,6426.00,260000.00,392.40,210
1777321281643,18930.00,6390.00,260000.00,392.40,210
1777321281668,9750.00,6402.00,260000.00,196.20,105
1777321281691,18990.00,6435.00,260000.00,392.40,210
1777321281715,8850.00,6405.00,260000.00,196.20,105
1777321281740,19280.00,6397.00,260000.00,392.40,210
1777321281767,19060.00,6390.00,260000.00,392.40,210
1777321281791,19270.00,6426.00,260000.00,392.40,210
1777321281816,18820.00,6456.00,260000.00,392.40,210
1777321281840,9720.00,6441.00,260000.00,196.20,105
1777321281864,18680.00,6414.00,260000.00,392.40,210
1777321281889,9560.00,6396.00,260000.00,196.20,105
1777321281913,18550.00,6426.00,260000.00,392.40,210
1777321281938,18970.00,6456.00,260000.00,392.40,210
1777321281962,9680.00,6441.00,260000.00,196.20,105
1777321281987,18870.00,6393.00,260000.00,392.40,210
1777321282011,19090.00,6411.00,260000.00,392.40,210
1777321282036,18260.00,6447.00,260000.00,392.40,210
1777321282060,9370.00,6447.00,260000.00,196.20,105
1777321282085,19350.00,6428.00,260000.00,392.40,210
1777321282110,18870.00,6426.00,260000.00,392.40,210
1777321282134,9250.00,6399.00,260000.00,196.20,105
1777321282159,18640.00,6420.00,260000.00,392.40,210
1777321282186,18170.00,6456.00,260000.00,392.40,210
1777321282211,19070.00,6411.00,260000.00,392.40,210
1777321282236,9640.00,6411.00,260000.00,196.20,105
1777321282260,19350.00,6435.00,260000.00,392.40,210
1777321282286,9090.00,6405.00,260000.00,196.20,105
1777321282312,19340.00,6396.00,260000.00,392.40,210
1777321282336,18870.00,6432.00,260000.00,392.40,210
1777321282362,18740.00,6471.00,260000.00,392.40,210
1777321282386,9540.00,6462.00,260000.00,196.20,105
1777321282411,18260.00,6426.00,260000.00,392.40,210
1777321282436,18790.00,6438.00,260000.00,392.40,210
1777321282462,18840.00,6477.00,260000.00,392.40,210
1777321282487,18500.00,6534.00,260000.00,392.40,210
1777321282512,9620.00,6537.00,260000.00,196.20,105
1777321282538,18500.00,6595.00,260000.00,392.40,210
1777321282562,9190.00,6572.00,260000.00,196.20,105
1777321282587,19370.00,6535.00,260000.00,392.40,210
1777321282613,18530.00,6547.00,260000.00,392.40,210
1777321282639,18770.00,6582.00,260000.00,392.40,210
1777321282664,9290.00,6552.00,260000.00,196.20,105
1777321282688,19000.00,6537.00,260000.00,392.40,210
1777321282714,18670.00,6559.00,260000.00,392.40,210
1777321282739,9380.00,6582.00,260000.00,196.20,105
1777321282765,19110.00,6552.00,260000.00,392.40,210
1777321282790,8990.00,6529.00,260000.00,196.20,105
1777321282816,19040.00,6552.00,260000.00,392.40,210
1777321282841,18410.00,6577.00,260000.00,392.40,210
1777321282866,19070.00,6552.00,260000.00,392.40,210
1777321282892,19160.00,6527.00,260000.00,392.40,210
1777321282917,9400.00,6547.00,260000.00,196.20,105
1777321282942,19340.00,6567.00,260000.00,392.40,210
1777321282967,9050.00,6536.00,260000.00,196.20,105
1777321282994,18360.00,6529.00,260000.00,392.40,210
1777321283019,9400.00,6550.00,260000.00,196.20,105
1777321283046,19150.00,6510.00,260000.00,392.40,210
1777321283071,19800.00,6510.00,260000.00,392.40,210
1777321283097,9240.00,6519.00,260000.00,196.20,105
1777321283123,18750.00,6495.00,260000.00,392.40,210
1777321283149,18840.00,6510.00,260000.00,392.40,210
1777321283176,9610.00,6510.00,260000.00,196.20,105
1777321283201,19110.00,6495.00,260000.00,392.40,210
1777321283228,9110.00,6540.00,260000.00,196.20,105
1777321283253,18370.00,6519.00,260000.00,392.40,210
1777321283279,8980.00,6489.00,260000.00,196.20,105
1777321283305,19100.00,6488.00,260000.00,392.40,210
1777321283332,18840.00,6475.00,260000.00,392.40,210
1777321283362,9340.00,6504.00,260000.00,196.20,105
1777321283388,18360.00,6463.00,260000.00,392.40,210
1777321283415,18750.00,6469.00,260000.00,392.40,210
1777321283440,9440.00,6438.00,260000.00,196.20,105
1777321283467,19170.00,6468.00,260000.00,392.40,210
1777321283493,9680.00,6498.00,260000.00,196.20,105
1777321283519,9350.00,6483.00,260000.00,196.20,105
1777321283549,19220.00,6432.00,260000.00,392.40,210
1777321283575,19620.00,6432.00,260000.00,392.40,210
1777321283603,9060.00,6462.00,260000.00,196.20,105
1777321283629,18840.00,6458.00,260000.00,392.40,210
1777321283656,19040.00,6447.00,260000.00,392.40,210
1777321283683,18090.00,6468.00,260000.00,392.40,210
1777321283709,9140.00,6489.00,260000.00,196.20,105
1777321283736,19190.00,6473.00,260000.00,392.40,210
1777321283859,9490.00,6321.00,260000.00,196.20,105
1777321283881,28590.00,6300.00,260000.00,588.60,315
1777321283904,9500.00,6321.00,260000.00,196.20,105
1777321283932,18850.00,6321.00,260000.00,392.40,210
1777321283956,17840.00,6270.00,260000.00,392.40,210
1777321283979,9640.00,6306.00,260000.00,196.20,105
1777321284002,18540.00,6321.00,260000.00,392.40,210
1777321284026,19000.00,6330.00,260000.00,392.40,210
1777321284050,9300.00,6337.00,260000.00,196.20,105
1777321284077,18390.00,6316.00,260000.00,392.40,210
1777321284102,19170.00,6322.00,260000.00,392.40,210
1777321284126,18650.00,6372.00,260000.00,392.40,210
1777321284149,9740.00,6393.00,260000.00,196.20,105
1777321284174,19180.00,6372.00,260000.00,392.40,210
1777321284197,9940.00,6339.00,260000.00,196.20,105
1777321284221,18330.00,6344.00,260000.00,392.40,210
1777321284245,19240.00,6357.00,260000.00,392.40,210
1777321284268,9180.00,6317.00,260000.00,196.20,105
1777321284292,18660.00,6357.00,260000.00,392.40,210
1777321284316,9020.00,6386.00,260000.00,196.20,105
1777321284339,18690.00,6336.00,260000.00,392.40,210
1777321284364,18930.00,6342.00,260000.00,392.40,210
1777321284387,9480.00,6348.00,260000.00,196.20,105
1777321284411,18920.00,6372.00,260000.00,392.40,210
1777321284435,19100.00,6363.00,260000.00,392.40,210
1777321284458,8920.00,6333.00,260000.00,196.20,105
1777321284482,9160.00,6372.00,260000.00,196.20,105
1777321284506,19000.00,6332.00,260000.00,392.40,210
1777321284530,19010.00,6357.00,260000.00,392.40,210
1777321284558,9660.00,6408.00,260000.00,196.20,105
1777321284582,18430.00,6327.00,260000.00,392.40,210
1777321284607,19480.00,6341.00,260000.00,392.40,210
1777321284631,18480.00,6370.00,260000.00,392.40,210
1777321284656,19290.00,6378.00,260000.00,392.40,210
1777321284681,9520.00,6363.00,260000.00,196.20,105
1777321284705,19880.00,6378.00,260000.00,392.40,210
1777321284730,9860.00,6399.00,260000.00,196.20,105
1777321284755,18810.00,6371.00,260000.00,392.40,210
1777321284779,18890.00,6405.00,260000.00,392.40,210
1777321284804,18300.00,6420.00,260000.00,392.40,210
1777321284828,9600.00,6426.00,260000.00,196.20,105
1777321284856,19440.00,6420.00,260000.00,392.40,210
1777321284881,18610.00,6456.00,260000.00,392.40,210
1777321284905,9470.00,6426.00,260000.00,196.20,105
1777321284930,19130.00,6426.00,260000.00,392.40,210
1777321284954,18850.00,6443.00,260000.00,392.40,210
1777321284979,19590.00,6461.00,260000.00,392.40,210
1777321285004,18810.00,6468.00,260000.00,392.40,210
1777321285029,9530.00,6441.00,260000.00,196.20,105
1777321285053,18600.00,6432.00,260000.00,392.40,210
1777321285078,18840.00,6459.00,260000.00,392.40,210
1777321285103,9390.00,6495.00,260000.00,196.20,105
1777321285128,19260.00,6468.00,260000.00,392.40,210
1777321285159,19090.00,6432.00,260000.00,392.40,210
1777321285185,18580.00,6489.00,260000.00,392.40,210
1777321285211,19210.00,6510.00,260000.00,392.40,210
1777321285235,9540.00,6510.00,260000.00,196.20,105
1777321285261,19040.00,6515.00,260000.00,392.40,210
1777321285286,19650.00,6524.00,260000.00,392.40,210
1777321285311,10000.00,6562.00,260000.00,196.20,105
1777321285337,18150.00,6545.00,260000.00,392.40,210
1777321285362,18530.00,6537.00,260000.00,392.40,210
1777321285388,9210.00,6573.00,260000.00,196.20,105
1777321285412,18710.00,6573.00,260000.00,392.40,210
1777321285438,19420.00,6588.00,260000.00,392.40,210
1777321285469,9240.00,6582.00,260000.00,196.20,105
1777321285494,19000.00,6588.00,260000.00,392.40,210
1777321285520,18560.00,6594.00,260000.00,392.40,210
1777321285544,9470.00,6579.00,260000.00,196.20,105
1777321285570,19000.00,6624.00,260000.00,392.40,210
1777321285595,19280.00,6609.00,260000.00,392.40,210
1777321285621,19190.00,6600.00,260000.00,392.40,210
1777321285647,9400.00,6606.00,260000.00,196.20,105
1777321285672,18350.00,6621.00,260000.00,392.40,210
1777321285697,18020.00,6651.00,260000.00,392.40,210
1777321285723,17850.00,6648.00,260000.00,392.40,210
1777321285748,9100.00,6684.00,260000.00,196.20,105
1777321285774,18940.00,6683.00,260000.00,392.40,210
1777321285799,9120.00,6699.00,260000.00,196.20,105
1777321285824,19110.00,6699.00,260000.00,392.40,210
1777321285849,9160.00,6705.00,260000.00,196.20,105
1777321285875,19180.00,6726.00,260000.00,392.40,210
1777321285900,18020.00,6754.00,260000.00,392.40,210
1777321285926,9610.00,6781.00,260000.00,196.20,105
1777321285951,18700.00,6791.00,260000.00,392.40,210
1777321285977,19030.00,6859.00,260000.00,392.40,210
1777321286003,9170.00,6867.00,260000.00,196.20,105
1777321286031,18720.00,6846.00,260000.00,392.40,210
1777321286057,9450.00,6891.00,260000.00,196.20,105
1777321286085,19520.00,6861.00,260000.00,392.40,210
1777321286111,9070.00,6831.00,260000.00,196.20,105
1777321286137,18690.00,6838.00,260000.00,392.40,210
1777321286163,18640.00,6804.00,260000.00,392.40,210
1777321286189,18770.00,6825.00,260000.00,392.40,210
1777321286214,9620.00,6829.00,260000.00,196.20,105
1777321286240,9590.00,6864.00,260000.00,196.20,105
1777321286266,18970.00,6834.00,260000.00,392.40,210
1777321286381,18600.00,6687.00,260000.00,392.40,210
1777321286404,19030.00,6693.00,260000.00,392.40,210
1777321286428,9760.00,6669.00,260000.00,196.20,105
1777321286450,18860.00,6720.00,260000.00,392.40,210
1777321286473,9210.00,6736.00,260000.00,196.20,105
1777321286495,18880.00,6687.00,260000.00,392.40,210
1777321286518,9560.00,6670.00,260000.00,196.20,105
1777321286541,17910.00,6667.00,260000.00,392.40,210
1777321286564,9560.00,6663.00,260000.00,196.20,105
1777321286587,18950.00,6678.00,260000.00,392.40,210
1777321286609,9040.00,6687.00,260000.00,196.20,105
1777321286632,18900.00,6657.00,260000.00,392.40,210
1777321286656,9270.00,6668.00,260000.00,196.20,105
1777321286679,18920.00,6657.00,260000.00,392.40,210
1777321286703,18360.00,6678.00,260000.00,392.40,210
1777321286726,8620.00,6687.00,260000.00,196.20,105
1777321286750,18620.00,6664.00,260000.00,392.40,210
1777321286772,18940.00,6650.00,260000.00,392.40,210
1777321286798,9170.00,6657.00,260000.00,196.20,105
1777321286821,18010.00,6657.00,260000.00,392.40,210
1777321286845,18220.00,6666.00,260000.00,392.40,210
1777321286868,9610.00,6668.00,260000.00,196.20,105
1777321286893,19630.00,6676.00,260000.00,392.40,210
1777321286917,8930.00,6664.00,260000.00,196.20,105
1777321286941,18850.00,6671.00,260000.00,392.40,210
1777321286965,18690.00,6693.00,260000.00,392.40,210
1777321286989,18500.00,6680.00,260000.00,392.40,210
1777321287012,9580.00,6698.00,260000.00,196.20,105
1777321287035,19050.00,6678.00,260000.00,392.40,210
1777321287057,9330.00,6708.00,260000.00,196.20,105
1777321287082,18420.00,6728.00,260000.00,392.40,210
1777321287106,18920.00,6648.00,260000.00,392.40,210
1777321287130,9300.00,6693.00,260000.00,196.20,105
1777321287152,18280.00,6648.00,260000.00,392.40,210
1777321287176,19730.00,6678.00,260000.00,392.40,210
1777321287200,8910.00,6672.00,260000.00,196.20,105
1777321287224,18990.00,6665.00,260000.00,392.40,210
1777321287249,18700.00,6663.00,260000.00,392.40,210
1777321287274,17970.00,6699.00,260000.00,392.40,210
1777321287297,9400.00,6729.00,260000.00,196.20,105
1777321287322,18790.00,6693.00,260000.00,392.40,210
1777321287345,9600.00,6639.00,260000.00,196.20,105
1777321287370,18900.00,6657.00,260000.00,392.40,210
1777321287394,18660.00,6678.00,260000.00,392.40,210
1777321287418,9210.00,6687.00,260000.00,196.20,105
1777321287443,18920.00,6672.00,260000.00,392.40,210
1777321287467,8900.00,6660.00,260000.00,196.20,105
1777321287491,18540.00,6678.00,260000.00,392.40,210
1777321287516,19140.00,6701.00,260000.00,392.40,210
1777321287540,9480.00,6673.00,260000.00,196.20,105
1777321287564,18490.00,6663.00,260000.00,392.40,210
1777321287590,19100.00,6699.00,260000.00,392.40,210
1777321287617,17860.00,6656.00,260000.00,392.40,210
1777321287643,18500.00,6684.00,260000.00,392.40,210
1777321287667,9400.00,6699.00,260000.00,196.20,105
1777321287692,18860.00,6714.00,260000.00,392.40,210
1777321287717,18840.00,6721.00,260000.00,392.40,210
1777321287741,9760.00,6669.00,260000.00,196.20,105
1777321287766,9530.00,6689.00,260000.00,196.20,105
1777321287796,19030.00,6657.00,260000.00,392.40,210
1777321287821,9590.00,6660.00,260000.00,196.20,105
1777321287845,19110.00,6661.00,260000.00,392.40,210
1777321287870,8980.00,6672.00,260000.00,196.20,105
1777321287895,9410.00,6636.00,260000.00,196.20,105
1777321287920,18750.00,6650.00,260000.00,392.40,210
1777321287944,9440.00,6657.00,260000.00,196.20,105
1777321287972,9000.00,6620.00,260000.00,196.20,105
1777321287999,19010.00,6626.00,260000.00,392.40,210
1777321288023,9390.00,6635.00,260000.00,196.20,105
1777321288048,9610.00,6636.00,260000.00,196.20,105
1777321288073,18920.00,6602.00,260000.00,392.40,210
1777321288107,18740.00,6624.00,260000.00,392.40,210
1777321288132,9820.00,6613.00,260000.00,196.20,105
1777321288157,18630.00,6573.00,260000.00,392.40,210
1777321288184,9510.00,6609.00,260000.00,196.20,105
1777321288209,18610.00,6607.00,260000.00,392.40,210
1777321288234,9390.00,6570.00,260000.00,196.20,105
1777321288260,18670.00,6594.00,260000.00,392.40,210
1777321288285,18300.00,6624.00,260000.00,392.40,210
1777321288310,9630.00,6592.00,260000.00,196.20,105
1777321288339,18510.00,6573.00,260000.00,392.40,210
1777321288364,18670.00,6585.00,260000.00,392.40,210
1777321288390,9500.00,6615.00,260000.00,196.20,105
1777321288415,19000.00,6615.00,260000.00,392.40,210
1777321288440,9720.00,6624.00,260000.00,196.20,105
1777321288466,18470.00,6606.00,260000.00,392.40,210
1777321288491,19350.00,6600.00,260000.00,392.40,210
1777321288519,9810.00,6636.00,260000.00,196.20,105
1777321288610,9660.00,6531.00,260000.00,196.20,105
1777321288632,19450.00,6528.00,260000.00,392.40,210
1777321288655,18830.00,6552.00,260000.00,392.40,210
1777321288679,19200.00,6529.00,260000.00,392.40,210
1777321288702,9160.00,6552.00,260000.00,196.20,105
1777321288725,19400.00,6582.00,260000.00,392.40,210
1777321288749,19010.00,6552.00,260000.00,392.40,210
1777321288772,10060.00,6594.00,260000.00,196.20,105
1777321288795,18860.00,6605.00,260000.00,392.40,210
1777321288818,9820.00,6657.00,260000.00,196.20,105
1777321288842,18920.00,6693.00,260000.00,392.40,210
1777321288865,18690.00,6678.00,260000.00,392.40,210
1777321288889,8960.00,6649.00,260000.00,196.20,105
1777321288912,18720.00,6668.00,260000.00,392.40,210
1777321288940,18490.00,6693.00,260000.00,392.40,210
1777321288965,18230.00,6720.00,260000.00,392.40,210
1777321288989,9470.00,6699.00,260000.00,196.20,105
1777321289012,18100.00,6684.00,260000.00,392.40,210
1777321289036,19290.00,6693.00,260000.00,392.40,210
1777321289063,9310.00,6673.00,260000.00,196.20,105
1777321289087,19070.00,6678.00,260000.00,392.40,210
1777321289111,18480.00,6678.00,260000.00,392.40,210
1777321289135,19240.00,6678.00,260000.00,392.40,210
1777321289158,9100.00,6657.00,260000.00,196.20,105
1777321289182,18760.00,6699.00,260000.00,392.40,210
1777321289207,19490.00,6684.00,260000.00,392.40,210
1777321289231,18700.00,6699.00,260000.00,392.40,210
1777321289255,9250.00,6729.00,260000.00,196.20,105
1777321289279,19350.00,6688.00,260000.00,392.40,210
1777321289303,19540.00,6699.00,260000.00,392.40,210
1777321289327,9330.00,6710.00,260000.00,196.20,105
1777321289352,18990.00,6714.00,260000.00,392.40,210
1777321289377,9180.00,6729.00,260000.00,196.20,105
1777321289401,18860.00,6699.00,260000.00,392.40,210
1777321289426,18700.00,6699.00,260000.00,392.40,210
1777321289451,19020.00,6706.00,260000.00,392.40,210
1777321289477,9850.00,6750.00,260000.00,196.20,105
1777321289503,18200.00,6735.00,260000.00,392.40,210
1777321289528,17690.00,6720.00,260000.00,392.40,210
1777321289552,18720.00,6695.00,260000.00,392.40,210
1777321289577,18300.00,6756.00,260000.00,392.40,210
1777321289601,9670.00,6765.00,260000.00,196.20,105
1777321289630,18630.00,6720.00,260000.00,392.40,210
1777321289658,19010.00,6705.00,260000.00,392.40,210
1777321289683,18780.00,6735.00,260000.00,392.40,210
1777321289708,18890.00,6741.00,260000.00,392.40,210
1777321289733,18670.00,6741.00,260000.00,392.40,210
1777321289757,9220.00,6741.00,260000.00,196.20,105
1777321289782,18530.00,6726.00,260000.00,392.40,210
1777321289807,18990.00,6741.00,260000.00,392.40,210
1777321289832,18810.00,6710.00,260000.00,392.40,210
1777321289857,9740.00,6747.00,260000.00,196.20,105
1777321289882,19400.00,6734.00,260000.00,392.40,210
1777321289907,19410.00,6726.00,260000.00,392.40,210
1777321289933,18810.00,6762.00,260000.00,392.40,210
1777321289957,9120.00,6750.00,260000.00,196.20,105
1777321289983,18790.00,6745.00,260000.00,392.40,210
1777321290008,18680.00,6741.00,260000.00,392.40,210
1777321290034,18910.00,6756.00,260000.00,392.40,210
1777321290060,18780.00,6736.00,260000.00,392.40,210
1777321290084,9500.00,6720.00,260000.00,196.20,105
1777321290107,18860.00,6720.00,260000.00,392.40,210
1777321290132,19250.00,6762.00,260000.00,392.40,210
1777321290157,19580.00,6777.00,260000.00,392.40,210
1777321290182,9580.00,6751.00,260000.00,196.20,105
1777321290207,18500.00,6741.00,260000.00,392.40,210
1777321290233,19220.00,6741.00,260000.00,392.40,210
1777321290258,18730.00,6736.00,260000.00,392.40,210
1777321290285,9620.00,6776.00,260000.00,196.20,105
1777321290311,19030.00,6756.00,260000.00,392.40,210
1777321290336,18610.00,6736.00,260000.00,392.40,210
1777321290362,9490.00,6756.00,260000.00,196.20,105
1777321290387,19060.00,6733.00,260000.00,392.40,210
1777321290412,19240.00,6747.00,260000.00,392.40,210
1777321290437,9050.00,6762.00,260000.00,196.20,105
1777321290542,19140.00,6651.00,260000.00,392.40,210
1777321290564,18830.00,6657.00,260000.00,392.40,210
1777321290587,9450.00,6636.00,260000.00,196.20,105
1777321290610,19390.00,6621.00,260000.00,392.40,210
1777321290633,18210.00,6650.00,260000.00,392.40,210
1777321290657,10000.00,6627.00,260000.00,196.20,105
1777321290681,18900.00,6621.00,260000.00,392.40,210
1777321290704,19230.00,6666.00,260000.00,392.40,210
1777321290727,9210.00,6678.00,260000.00,196.20,105
1777321290751,19500.00,6664.00,260000.00,392.40,210
1777321290774,19060.00,6664.00,260000.00,392.40,210
1777321290797,9520.00,6663.00,260000.00,196.20,105
1777321290822,18710.00,6678.00,260000.00,392.40,210
1777321290845,19450.00,6678.00,260000.00,392.40,210
1777321290868,9190.00,6685.00,260000.00,196.20,105
1777321290892,18640.00,6657.00,260000.00,392.40,210
1777321290916,18840.00,6678.00,260000.00,392.40,210
1777321290940,9600.00,6729.00,260000.00,196.20,105
1777321290964,19300.00,6663.00,260000.00,392.40,210
1777321290988,18900.00,6654.00,260000.00,392.40,210
1777321291012,9330.00,6692.00,260000.00,196.20,105
1777321291036,18930.00,6686.00,260000.00,392.40,210
1777321291060,18020.00,6719.00,260000.00,392.40,210
1777321291084,18930.00,6726.00,260000.00,392.40,210
1777321291108,9760.00,6723.00,260000.00,196.20,105
1777321291133,19120.00,6747.00,260000.00,392.40,210
1777321291157,9110.00,6726.00,260000.00,196.20,105
1777321291181,18490.00,6720.00,260000.00,392.40,210
1777321291205,18450.00,6729.00,260000.00,392.40,210
1777321291229,9530.00,6709.00,260000.00,196.20,105
1777321291254,18330.00,6740.00,260000.00,392.40,210
1777321291278,9530.00,6767.00,260000.00,196.20,105
1777321291303,18780.00,6803.00,260000.00,392.40,210
1777321291327,18540.00,6830.00,260000.00,392.40,210
1777321291351,9250.00,6865.00,260000.00,196.20,105
1777321291376,19150.00,6873.00,260000.00,392.40,210
1777321291401,18330.00,6867.00,260000.00,392.40,210
1777321291428,9400.00,6897.00,260000.00,196.20,105
1777321291453,18260.00,6847.00,260000.00,392.40,210
1777321291478,18810.00,6867.00,260000.00,392.40,210
1777321291502,9350.00,6891.00,260000.00,196.20,105
1777321291527,18340.00,6861.00,260000.00,392.40,210
1777321291553,9480.00,6861.00,260000.00,196.20,105
1777321291579,18760.00,6831.00,260000.00,392.40,210
1777321291604,19930.00,6867.00,260000.00,392.40,210
1777321291629,18340.00,6897.00,260000.00,392.40,210
1777321291655,18980.00,6876.00,260000.00,392.40,210
1777321291679,9290.00,6865.00,260000.00,196.20,105
1777321291704,18900.00,6859.00,260000.00,392.40,210
1777321291729,9590.00,6884.00,260000.00,196.20,105
1777321291760,19050.00,6825.00,260000.00,392.40,210
1777321291786,9550.00,6825.00,260000.00,196.20,105
1777321291810,18740.00,6825.00,260000.00,392.40,210
1777321291835,9390.00,6825.00,260000.00,196.20,105
1777321291860,18530.00,6849.00,260000.00,392.40,210
1777321291885,18870.00,6825.00,260000.00,392.40,210
1777321291910,18590.00,6870.00,260000.00,392.40,210
1777321291940,9700.00,6816.00,260000.00,196.20,105
1777321291965,9530.00,6825.00,260000.00,196.20,105
1777321291990,19130.00,6829.00,260000.00,392.40,210
1777321292016,17800.00,6804.00,260000.00,392.40,210
1777321292041,9040.00,6745.00,260000.00,196.20,105
1777321292067,18620.00,6783.00,260000.00,392.40,210
1777321292092,19150.00,6813.00,260000.00,392.40,210
1777321292119,9690.00,6798.00,260000.00,196.20,105
1777321292145,19090.00,6813.00,260000.00,392.40,210
1777321292170,18730.00,6783.00,260000.00,392.40,210
1777321292196,18990.00,6789.00,260000.00,392.40,210
1777321292222,9480.00,6812.00,260000.00,196.20,105
1777321292246,9200.00,6786.00,260000.00,196.20,105
1777321292350,8930.00,6643.00,260000.00,196.20,105
1777321292373,18700.00,6618.00,260000.00,392.40,210
1777321292396,9440.00,6609.00,260000.00,196.20,105
1777321292425,9520.00,6630.00,260000.00,196.20,105
1777321292448,28950.00,6609.00,260000.00,588.60,315
1777321292471,9380.00,6636.00,260000.00,196.20,105
1777321292494,9090.00,6636.00,260000.00,196.20,105
1777321292518,18600.00,6635.00,260000.00,392.40,210
1777321292541,9290.00,6646.00,260000.00,196.20,105
1777321292564,18820.00,6650.00,260000.00,392.40,210
1777321292588,18770.00,6636.00,260000.00,392.40,210
1777321292611,9100.00,6651.00,260000.00,196.20,105
1777321292635,18850.00,6605.00,260000.00,392.40,210
1777321292659,9530.00,6600.00,260000.00,196.20,105
1777321292682,18770.00,6615.00,260000.00,392.40,210
1777321292706,18380.00,6615.00,260000.00,392.40,210
1777321292730,19050.00,6624.00,260000.00,392.40,210
1777321292754,9310.00,6653.00,260000.00,196.20,105
1777321292777,19480.00,6626.00,260000.00,392.40,210
1777321292801,9320.00,6640.00,260000.00,196.20,105
1777321292825,18920.00,6631.00,260000.00,392.40,210
1777321292849,18290.00,6668.00,260000.00,392.40,210
1777321292873,9460.00,6693.00,260000.00,196.20,105
1777321292897,18970.00,6686.00,260000.00,392.40,210
1777321292922,18610.00,6699.00,260000.00,392.40,210
1777321292945,9500.00,6699.00,260000.00,196.20,105
1777321292969,18830.00,6720.00,260000.00,392.40,210
1777321292993,9440.00,6696.00,260000.00,196.20,105
1777321293018,19170.00,6684.00,260000.00,392.40,210
1777321293042,19250.00,6720.00,260000.00,392.40,210
1777321293066,19370.00,6756.00,260000.00,392.40,210
1777321293090,9220.00,6720.00,260000.00,196.20,105
1777321293115,19120.00,6740.00,260000.00,392.40,210
1777321293139,9130.00,6726.00,260000.00,196.20,105
1777321293163,18660.00,6735.00,260000.00,392.40,210
1777321293187,17900.00,6761.00,260000.00,392.40,210
1777321293211,9150.00,6777.00,260000.00,196.20,105
1777321293236,19440.00,6777.00,260000.00,392.40,210
1777321293260,19130.00,6768.00,260000.00,392.40,210
1777321293285,9240.00,6762.00,260000.00,196.20,105
1777321293309,18830.00,6762.00,260000.00,392.40,210
1777321293334,18850.00,6768.00,260000.00,392.40,210
1777321293358,9690.00,6783.00,260000.00,196.20,105
1777321293383,18590.00,6813.00,260000.00,392.40,210
1777321293407,9620.00,6768.00,260000.00,196.20,105
1777321293432,18420.00,6783.00,260000.00,392.40,210
1777321293456,18830.00,6798.00,260000.00,392.40,210
1777321293481,19150.00,6756.00,260000.00,392.40,210
1777321293506,9680.00,6753.00,260000.00,196.20,105
1777321293530,19420.00,6798.00,260000.00,392.40,210
1777321293554,9880.00,6810.00,260000.00,196.20,105
1777321293579,18700.00,6861.00,260000.00,392.40,210
1777321293604,9540.00,6903.00,260000.00,196.20,105
1777321293628,18820.00,6918.00,260000.00,392.40,210
1777321293652,9840.00,6861.00,260000.00,196.20,105
1777321293676,18570.00,6897.00,260000.00,392.40,210
1777321293700,19060.00,6882.00,260000.00,392.40,210
1777321293725,9470.00,6867.00,260000.00,196.20,105
1777321293749,18350.00,6882.00,260000.00,392.40,210
1777321293773,9170.00,6861.00,260000.00,196.20,105
1777321293798,19100.00,6836.00,260000.00,392.40,210
1777321293822,9460.00,6852.00,260000.00,196.20,105
1777321293846,18790.00,6854.00,260000.00,392.40,210
1777321293944,18880.00,6731.00,260000.00,392.40,210
1777321293967,19000.00,6737.00,260000.00,392.40,210
1777321293990,9840.00,6717.00,260000.00,196.20,105
1777321294014,18380.00,6777.00,260000.00,392.40,210
1777321294041,19270.00,6765.00,260000.00,392.40,210
1777321294064,18930.00,6768.00,260000.00,392.40,210
1777321294088,9830.00,6763.00,260000.00,196.20,105
1777321294111,18810.00,6762.00,260000.00,392.40,210
1777321294135,18820.00,6738.00,260000.00,392.40,210
1777321294158,9710.00,6789.00,260000.00,196.20,105
1777321294183,18560.00,6762.00,260000.00,392.40,210
1777321294207,19210.00,6776.00,260000.00,392.40,210
1777321294231,8980.00,6750.00,260000.00,196.20,105
1777321294255,18420.00,6736.00,260000.00,392.40,210
1777321294279,18430.00,6757.00,260000.00,392.40,210
1777321294304,9400.00,6762.00,260000.00,196.20,105
1777321294327,18620.00,6750.00,260000.00,392.40,210
1777321294351,9510.00,6735.00,260000.00,196.20,105
1777321294375,19240.00,6735.00,260000.00,392.40,210
1777321294399,9560.00,6747.00,260000.00,196.20,105
1777321294423,19400.00,6741.00,260000.00,392.40,210
1777321294446,18920.00,6771.00,260000.00,392.40,210
1777321294469,8830.00,6735.00,260000.00,196.20,105
1777321294492,18700.00,6721.00,260000.00,392.40,210
1777321294516,9790.00,6741.00,260000.00,196.20,105
1777321294540,18490.00,6765.00,260000.00,392.40,210
1777321294564,18500.00,6705.00,260000.00,392.40,210
1777321294588,9160.00,6711.00,260000.00,196.20,105
1777321294612,18300.00,6741.00,260000.00,392.40,210
1777321294635,9300.00,6739.00,260000.00,196.20,105
1777321294658,19010.00,6755.00,260000.00,392.40,210
1777321294682,19910.00,6720.00,260000.00,392.40,210
1777321294706,8550.00,6709.00,260000.00,196.20,105
1777321294730,19690.00,6725.00,260000.00,392.40,210
1777321294755,9490.00,6750.00,260000.00,196.20,105
1777321294779,18570.00,6735.00,260000.00,392.40,210
1777321294803,18280.00,6699.00,260000.00,392.40,210
1777321294828,9150.00,6726.00,260000.00,196.20,105
1777321294852,18210.00,6707.00,260000.00,392.40,210
1777321294876,9370.00,6750.00,260000.00,196.20,105
1777321294901,18810.00,6714.00,260000.00,392.40,210
1777321294925,19380.00,6684.00,260000.00,392.40,210
1777321294950,9420.00,6704.00,260000.00,196.20,105
1777321294974,19570.00,6688.00,260000.00,392.40,210
1777321294998,9760.00,6684.00,260000.00,196.20,105
1777321295023,18370.00,6693.00,260000.00,392.40,210
1777321295047,18850.00,6708.00,260000.00,392.40,210
1777321295072,9430.00,6684.00,260000.00,196.20,105
1777321295097,18990.00,6678.00,260000.00,392.40,210
1777321295121,19240.00,6678.00,260000.00,392.40,210
1777321295149,9600.00,6663.00,260000.00,196.20,105
1777321295173,9680.00,6702.00,260000.00,196.20,105
1777321295198,18480.00,6657.00,260000.00,392.40,210
1777321295222,18710.00,6636.00,260000.00,392.40,210
1777321295247,9350.00,6667.00,260000.00,196.20,105
1777321295271,19500.00,6639.00,260000.00,392.40,210
1777321295295,9740.00,6657.00,260000.00,196.20,105
1777321295375,9480.00,6588.00,260000.00,196.20,105
1777321295397,8930.00,6563.00,260000.00,196.20,105
1777321295422,18570.00,6531.00,260000.00,392.40,210
1777321295445,9290.00,6567.00,260000.00,196.20,105
1777321295468,18940.00,6573.00,260000.00,392.40,210
1777321295495,9560.00,6587.00,260000.00,196.20,105
1777321295518,18950.00,6637.00,260000.00,392.40,210
1777321295541,18840.00,6693.00,260000.00,392.40,210
1777321295569,19310.00,6639.00,260000.00,392.40,210
1777321295594,18850.00,6657.00,260000.00,392.40,210
1777321295616,9300.00,6708.00,260000.00,196.20,105
1777321295639,19000.00,6655.00,260000.00,392.40,210
1777321295663,18910.00,6657.00,260000.00,392.40,210
1777321295688,9180.00,6657.00,260000.00,196.20,105
1777321295711,19320.00,6651.00,260000.00,392.40,210
1777321295734,9720.00,6687.00,260000.00,196.20,105
1777321295759,18820.00,6648.00,260000.00,392.40,210
1777321295782,19080.00,6636.00,260000.00,392.40,210
1777321295810,8910.00,6657.00,260000.00,196.20,105
1777321295835,18930.00,6651.00,260000.00,392.40,210
1777321295860,18270.00,6687.00,260000.00,392.40,210
1777321295884,9040.00,6687.00,260000.00,196.20,105
1777321295908,18560.00,6651.00,260000.00,392.40,210
1777321295932,9340.00,6636.00,260000.00,196.20,105
1777321295957,18900.00,6639.00,260000.00,392.40,210
1777321295981,9320.00,6666.00,260000.00,196.20,105
1777321296007,18320.00,6635.00,260000.00,392.40,210
1777321296030,18140.00,6636.00,260000.00,392.40,210
1777321296055,18730.00,6636.00,260000.00,392.40,210
1777321296080,9620.00,6624.00,260000.00,196.20,105
1777321296103,18840.00,6666.00,260000.00,392.40,210
1777321296126,9330.00,6666.00,260000.00,196.20,105
1777321296151,18930.00,6609.00,260000.00,392.40,210
1777321296177,18740.00,6613.00,260000.00,392.40,210
1777321296200,9670.00,6629.00,260000.00,196.20,105
1777321296225,18680.00,6651.00,260000.00,392.40,210
1777321296249,18420.00,6666.00,260000.00,392.40,210
1777321296273,9460.00,6640.00,260000.00,196.20,105
1777321296297,19230.00,6615.00,260000.00,392.40,210
1777321296322,18310.00,6626.00,260000.00,392.40,210
1777321296347,9590.00,6666.00,260000.00,196.20,105
1777321296372,18660.00,6651.00,260000.00,392.40,210
1777321296397,19130.00,6621.00,260000.00,392.40,210
1777321296422,9710.00,6602.00,260000.00,196.20,105
1777321296448,18820.00,6625.00,260000.00,392.40,210
1777321296474,9400.00,6621.00,260000.00,196.20,105
1777321296500,19300.00,6615.00,260000.00,392.40,210
1777321296525,9350.00,6636.00,260000.00,196.20,105
1777321296550,18860.00,6600.00,260000.00,392.40,210
1777321296575,19080.00,6627.00,260000.00,392.40,210
1777321296600,9280.00,6636.00,260000.00,196.20,105
1777321296625,18930.00,6615.00,260000.00,392.40,210
1777321296652,9040.00,6606.00,260000.00,196.20,105
1777321296677,9170.00,6624.00,260000.00,196.20,105
1777321296705,17420.00,6601.00,260000.00,392.40,210
1777321296730,9630.00,6579.00,260000.00,196.20,105
1777321296755,19040.00,6600.00,260000.00,392.40,210
1777321296781,9720.00,6594.00,260000.00,196.20,105
1777321296806,18050.00,6594.00,260000.00,392.40,210
1777321296832,9570.00,6600.00,260000.00,196.20,105
1777321296860,19620.00,6594.00,260000.00,392.40,210
1777321296885,18930.00,6594.00,260000.00,392.40,210
1777321296911,19190.00,6560.00,260000.00,392.40,210
1777321296936,9510.00,6624.00,260000.00,196.20,105
1777321296961,9740.00,6594.00,260000.00,196.20,105
1777321296988,19120.00,6592.00,260000.00,392.40,210
1777321297015,9550.00,6609.00,260000.00,196.20,105
1777321297041,18980.00,6605.00,260000.00,392.40,210
1777321297067,18760.00,6594.00,260000.00,392.40,210
1777321297092,9070.00,6564.00,260000.00,196.20,105
1777321297118,9720.00,6578.00,260000.00,196.20,105
1777321297143,19420.00,6573.00,260000.00,392.40,210
1777321297170,18610.00,6573.00,260000.00,392.40,210
1777321297195,9470.00,6562.00,260000.00,196.20,105
1777321297225,9680.00,6571.00,260000.00,196.20,105
1777321297255,18890.00,6516.00,260000.00,392.40,210
1777321297280,9190.00,6573.00,260000.00,196.20,105
1777321297306,18800.00,6594.00,260000.00,392.40,210
1777321297332,8900.00,6615.00,260000.00,196.20,105
1777321297358,19120.00,6657.00,260000.00,392.40,210
1777321297384,18580.00,6660.00,260000.00,392.40,210
1777321297410,9500.00,6647.00,260000.00,196.20,105
1777321297435,8830.00,6646.00,260000.00,196.20,105
1777321297462,19090.00,6615.00,260000.00,392.40,210
1777321297487,9260.00,6627.00,260000.00,196.20,105
1777321297513,17910.00,6666.00,260000.00,392.40,210
1777321297539,9100.00,6651.00,260000.00,196.20,105
1777321297565,18700.00,6636.00,260000.00,392.40,210
1777321297591,18780.00,6636.00,260000.00,392.40,210
1777321297617,9170.00,6624.00,260000.00,196.20,105
1777321297644,19230.00,6614.00,260000.00,392.40,210
1777321297691,18600.00,6573.00,260000.00,392.40,210
1777321297717,10030.00,6579.00,260000.00,196.20,105
1777321297748,20080.00,6573.00,260000.00,392.40,210
1777321297774,18140.00,6603.00,260000.00,392.40,210
1777321297800,19650.00,6588.00,260000.00,392.40,210
1777321297825,9690.00,6582.00,260000.00,196.20,105
1777321297851,18520.00,6573.00,260000.00,392.40,210
1777321297884,9790.00,6537.00,260000.00,196.20,105
1777321297910,9570.00,6531.00,260000.00,196.20,105
1777321297935,18950.00,6510.00,260000.00,392.40,210
1777321297963,10060.00,6510.00,260000.00,196.20,105
1777321297990,18840.00,6540.00,260000.00,392.40,210
1777321298017,19110.00,6525.00,260000.00,392.40,210
1777321298043,9180.00,6509.00,260000.00,196.20,105
1777321298070,19450.00,6510.00,260000.00,392.40,210
1777321298097,9620.00,6525.00,260000.00,196.20,105
1777321298124,19330.00,6472.00,260000.00,392.40,210
1777321298150,18790.00,6489.00,260000.00,392.40,210
1777321298176,9600.00,6447.00,260000.00,196.20,105
1777321298204,9030.00,6465.00,260000.00,196.20,105
1777321298229,9280.00,6498.00,260000.00,196.20,105
1777321298254,19350.00,6462.00,260000.00,392.40,210
1777321298279,9340.00,6468.00,260000.00,196.20,105
1777321298305,17980.00,6483.00,260000.00,392.40,210
1777321298330,9640.00,6451.00,260000.00,196.20,105
1777321298439,19030.00,6327.00,260000.00,392.40,210
1777321298461,18870.00,6345.00,260000.00,392.40,210
1777321298486,9370.00,6300.00,260000.00,196.20,105
1777321298509,19260.00,6306.00,260000.00,392.40,210
1777321298532,9320.00,6342.00,260000.00,196.20,105
1777321298555,19070.00,6328.00,260000.00,392.40,210
1777321298578,18970.00,6316.00,260000.00,392.40,210
1777321298601,9580.00,6312.00,260000.00,196.20,105
1777321298625,18710.00,6339.00,260000.00,392.40,210
1777321298648,9550.00,6372.00,260000.00,196.20,105
1777321298671,18810.00,6321.00,260000.00,392.40,210
1777321298694,18900.00,6310.00,260000.00,392.40,210
1777321298718,9490.00,6341.00,260000.00,196.20,105
1777321298742,18260.00,6342.00,260000.00,392.40,210
1777321298765,18840.00,6363.00,260000.00,392.40,210
1777321298788,9350.00,6382.00,260000.00,196.20,105
1777321298812,18460.00,6347.00,260000.00,392.40,210
1777321298835,9140.00,6363.00,260000.00,196.20,105
1777321298858,19350.00,6348.00,260000.00,392.40,210
1777321298882,18740.00,6374.00,260000.00,392.40,210
1777321298906,9730.00,6424.00,260000.00,196.20,105
1777321298930,17980.00,6463.00,260000.00,392.40,210
1777321298953,19420.00,6462.00,260000.00,392.40,210
1777321298977,9700.00,6492.00,260000.00,196.20,105
1777321299001,19050.00,6432.00,260000.00,392.40,210
1777321299025,18990.00,6424.00,260000.00,392.40,210
1777321299049,9520.00,6451.00,260000.00,196.20,105
1777321299073,19040.00,6456.00,260000.00,392.40,210
1777321299097,18900.00,6477.00,260000.00,392.40,210
1777321299120,9540.00,6462.00,260000.00,196.20,105
1777321299144,18400.00,6411.00,260000.00,392.40,210
1777321299168,9710.00,6422.00,260000.00,196.20,105
1777321299193,18150.00,6441.00,260000.00,392.40,210
1777321299218,19060.00,6477.00,260000.00,392.40,210
1777321299243,18820.00,6462.00,260000.00,392.40,210
1777321299267,9510.00,6425.00,260000.00,196.20,105
1777321299292,18810.00,6406.00,260000.00,392.40,210
1777321299317,19000.00,6447.00,260000.00,392.40,210
1777321299342,9560.00,6498.00,260000.00,196.20,105
1777321299366,18670.00,6462.00,260000.00,392.40,210
1777321299390,19660.00,6418.00,260000.00,392.40,210
1777321299414,19080.00,6438.00,260000.00,392.40,210
1777321299438,9460.00,6453.00,260000.00,196.20,105
1777321299466,19400.00,6468.00,260000.00,392.40,210
1777321299490,18960.00,6483.00,260000.00,392.40,210
1777321299515,18560.00,6461.00,260000.00,392.40,210
1777321299540,18500.00,6466.00,260000.00,392.40,210
1777321299563,9060.00,6480.00,260000.00,196.20,105
1777321299588,19260.00,6504.00,260000.00,392.40,210
1777321299612,18810.00,6467.00,260000.00,392.40,210
1777321299636,9760.00,6489.00,260000.00,196.20,105
1777321299661,19710.00,6482.00,260000.00,392.40,210
1777321299686,19120.00,6504.00,260000.00,392.40,210
1777321299711,9560.00,6498.00,260000.00,196.20,105
1777321299737,18130.00,6441.00,260000.00,392.40,210
1777321299763,18670.00,6468.00,260000.00,392.40,210
1777321299787,18570.00,6489.00,260000.00,392.40,210
1777321299813,18690.00,6498.00,260000.00,392.40,210
1777321299837,9630.00,6464.00,260000.00,196.20,105
1777321299863,18680.00,6453.00,260000.00,392.40,210
1777321299888,18460.00,6489.00,260000.00,392.40,210
1777321299913,8950.00,6474.00,260000.00,196.20,105
1777321299939,8940.00,6504.00,260000.00,196.20,105
1777321299965,19710.00,6483.00,260000.00,392.40,210
1777321299990,9610.00,6462.00,260000.00,196.20,105
1777321300014,19230.00,6458.00,260000.00,392.40,210
1777321300038,9940.00,6468.00,260000.00,196.20,105
1777321300065,19410.00,6492.00,260000.00,392.40,210
1777321300089,19030.00,6453.00,260000.00,392.40,210
1777321300115,18330.00,6468.00,260000.00,392.40,210
1777321300140,19610.00,6475.00,260000.00,392.40,210
1777321300165,9970.00,6468.00,260000.00,196.20,105
1777321300190,19500.00,6481.00,260000.00,392.40,210
1777321300216,9840.00,6495.00,260000.00,196.20,105
1777321300241,18800.00,6513.00,260000.00,392.40,210
1777321300267,19100.00,6489.00,260000.00,392.40,210
1777321300293,9500.00,6472.00,260000.00,196.20,105
1777321300319,19000.00,6504.00,260000.00,392.40,210
1777321300345,18690.00,6546.00,260000.00,392.40,210
1777321300375,9500.00,6546.00,260000.00,196.20,105
1777321300400,9530.00,6573.00,260000.00,196.20,105
1777321300426,18610.00,6573.00,260000.00,392.40,210
1777321300452,9410.00,6558.00,260000.00,196.20,105
1777321300479,18490.00,6568.00,260000.00,392.40,210
1777321300504,19470.00,6567.00,260000.00,392.40,210
1777321300530,19670.00,6552.00,260000.00,392.40,210
1777321300555,9310.00,6552.00,260000.00,196.20,105
1777321300581,9370.00,6561.00,260000.00,196.20,105
1777321300607,18780.00,6525.00,260000.00,392.40,210
1777321300633,9330.00,6546.00,260000.00,196.20,105
1777321300659,18600.00,6525.00,260000.00,392.40,210
1777321300685,18720.00,6510.00,260000.00,392.40,210
1777321300711,19450.00,6546.00,260000.00,392.40,210
1777321300736,9890.00,6537.00,260000.00,196.20,105
1777321300763,19250.00,6537.00,260000.00,392.40,210
1777321300788,19250.00,6479.00,260000.00,392.40,210
1777321300815,10010.00,6516.00,260000.00,196.20,105
1777321300841,18930.00,6546.00,260000.00,392.40,210
1777321300868,9580.00,6528.00,260000.00,196.20,105
1777321300894,18650.00,6482.00,260000.00,392.40,210
1777321300921,18940.00,6489.00,260000.00,392.40,210
1777321300949,18880.00,6525.00,260000.00,392.40,210
1777321301108,18800.00,6292.00,260000.00,392.40,210
1777321301131,18500.00,6342.00,260000.00,392.40,210
1777321301155,18820.00,6368.00,260000.00,392.40,210
1777321301178,18840.00,6333.00,260000.00,392.40,210
1777321301201,9790.00,6371.00,260000.00,196.20,105
1777321301223,19450.00,6378.00,260000.00,392.40,210
1777321301246,9320.00,6342.00,260000.00,196.20,105
1777321301270,18350.00,6346.00,260000.00,392.40,210
1777321301293,18390.00,6359.00,260000.00,392.40,210
1777321301318,18870.00,6378.00,260000.00,392.40,210
1777321301341,9380.00,6363.00,260000.00,196.20,105
1777321301365,19130.00,6338.00,260000.00,392.40,210
1777321301389,8880.00,6348.00,260000.00,196.20,105
1777321301413,18370.00,6387.00,260000.00,392.40,210
1777321301435,19610.00,6393.00,260000.00,392.40,210
1777321301457,9410.00,6357.00,260000.00,196.20,105
1777321301481,19140.00,6355.00,260000.00,392.40,210
1777321301504,9300.00,6354.00,260000.00,196.20,105
1777321301528,17850.00,6384.00,260000.00,392.40,210
1777321301552,18670.00,6396.00,260000.00,392.40,210
1777321301575,10160.00,6428.00,260000.00,196.20,105
1777321301599,18960.00,6384.00,260000.00,392.40,210
1777321301626,9320.00,6405.00,260000.00,196.20,105
1777321301650,9510.00,6413.00,260000.00,196.20,105
1777321301674,18940.00,6384.00,260000.00,392.40,210
1777321301697,19100.00,6405.00,260000.00,392.40,210
1777321301721,18240.00,6420.00,260000.00,392.40,210
1777321301747,9530.00,6426.00,260000.00,196.20,105
1777321301772,19210.00,6405.00,260000.00,392.40,210
1777321301796,9400.00,6426.00,260000.00,196.20,105
1777321301820,19410.00,6409.00,260000.00,392.40,210
1777321301844,19600.00,6426.00,260000.00,392.40,210
1777321301868,9080.00,6419.00,260000.00,196.20,105
1777321301892,18600.00,6450.00,260000.00,392.40,210
1777321301916,19260.00,6446.00,260000.00,392.40,210
1777321301942,18800.00,6417.00,260000.00,392.40,210
1777321301968,9600.00,6443.00,260000.00,196.20,105
1777321301992,18880.00,6443.00,260000.00,392.40,210
1777321302014,18900.00,6468.00,260000.00,392.40,210
1777321302038,18860.00,6474.00,260000.00,392.40,210
1777321302062,9260.00,6462.00,260000.00,196.20,105
1777321302086,18570.00,6481.00,260000.00,392.40,210
1777321302110,9230.00,6519.00,260000.00,196.20,105
1777321302137,9570.00,6489.00,260000.00,196.20,105
1777321302162,18810.00,6468.00,260000.00,392.40,210
1777321302188,18800.00,6498.00,260000.00,392.40,210
1777321302212,9390.00,6489.00,260000.00,196.20,105
1777321302237,18910.00,6504.00,260000.00,392.40,210
1777321302263,18810.00,6461.00,260000.00,392.40,210
1777321302289,18700.00,6510.00,260000.00,392.40,210
1777321302318,18870.00,6531.00,260000.00,392.40,210
1777321302343,18670.00,6501.00,260000.00,392.40,210
1777321302367,9860.00,6522.00,260000.00,196.20,105
1777321302392,19170.00,6555.00,260000.00,392.40,210
1777321302417,18830.00,6532.00,260000.00,392.40,210
1777321302442,10000.00,6537.00,260000.00,196.20,105
1777321302472,19120.00,6561.00,260000.00,392.40,210
1777321302498,18360.00,6582.00,260000.00,392.40,210
1777321302523,18900.00,6552.00,260000.00,392.40,210
1777321302548,19560.00,6573.00,260000.00,392.40,210
1777321302573,9590.00,6552.00,260000.00,196.20,105
1777321302598,18510.00,6563.00,260000.00,392.40,210
1777321302622,9200.00,6589.00,260000.00,196.20,105
1777321302647,18750.00,6594.00,260000.00,392.40,210
1777321302672,9030.00,6573.00,260000.00,196.20,105
1777321302697,18820.00,6602.00,260000.00,392.40,210
1777321302722,9280.00,6603.00,260000.00,196.20,105
1777321302747,19150.00,6632.00,260000.00,392.40,210
1777321302806,18860.00,6573.00,260000.00,392.40,210
1777321302831,9820.00,6555.00,260000.00,196.20,105
1777321302856,9220.00,6567.00,260000.00,196.20,105
1777321302882,18470.00,6582.00,260000.00,392.40,210
1777321302907,18980.00,6573.00,260000.00,392.40,210
1777321302933,10210.00,6573.00,260000.00,196.20,105
1777321302960,18820.00,6584.00,260000.00,392.40,210
1777321302985,19170.00,6579.00,260000.00,392.40,210
1777321303012,9440.00,6615.00,260000.00,196.20,105
1777321303038,18610.00,6588.00,260000.00,392.40,210
1777321303063,19290.00,6594.00,260000.00,392.40,210
1777321303086,9430.00,6594.00,260000.00,196.20,105
1777321303113,18380.00,6609.00,260000.00,392.40,210
1777321303137,9270.00,6594.00,260000.00,196.20,105
1777321303163,18850.00,6615.00,260000.00,392.40,210
1777321303191,9010.00,6609.00,260000.00,196.20,105
1777321303217,9760.00,6594.00,260000.00,196.20,105
1777321303242,19040.00,6594.00,260000.00,392.40,210
1777321303269,10240.00,6579.00,260000.00,196.20,105
1777321303300,18660.00,6564.00,260000.00,392.40,210
1777321303325,18500.00,6624.00,260000.00,392.40,210
1777321303432,9460.00,6615.00,260000.00,196.20,105
1777321303455,18500.00,6574.00,260000.00,392.40,210
1777321303478,9870.00,6624.00,260000.00,196.20,105
1777321303502,18950.00,6573.00,260000.00,392.40,210
1777321303527,9320.00,6549.00,260000.00,196.20,105
1777321303555,18720.00,6594.00,260000.00,392.40,210
1777321303579,18570.00,6604.00,260000.00,392.40,210
1777321303606,19020.00,6588.00,260000.00,392.40,210
1777321303630,19280.00,6543.00,260000.00,392.40,210
1777321303653,9580.00,6585.00,260000.00,196.20,105
1777321303677,18980.00,6581.00,260000.00,392.40,210
1777321303703,18090.00,6588.00,260000.00,392.40,210
1777321303726,19410.00,6579.00,260000.00,392.40,210
1777321303750,9700.00,6579.00,260000.00,196.20,105
1777321303774,17980.00,6576.00,260000.00,392.40,210
1777321303798,18760.00,6609.00,260000.00,392.40,210
1777321303820,9030.00,6594.00,260000.00,196.20,105
1777321303847,18650.00,6594.00,260000.00,392.40,210
1777321303871,19540.00,6645.00,260000.00,392.40,210
1777321303894,9810.00,6639.00,260000.00,196.20,105
1777321303919,19480.00,6588.00,260000.00,392.40,210
1777321303944,18300.00,6571.00,260000.00,392.40,210
1777321303967,9390.00,6568.00,260000.00,196.20,105
1777321303994,18400.00,6609.00,260000.00,392.40,210
1777321304019,19080.00,6639.00,260000.00,392.40,210
1777321304043,18660.00,6624.00,260000.00,392.40,210
1777321304067,9740.00,6594.00,260000.00,196.20,105
1777321304091,19000.00,6583.00,260000.00,392.40,210
1777321304114,9660.00,6594.00,260000.00,196.20,105
1777321304137,18880.00,6602.00,260000.00,392.40,210
1777321304160,9060.00,6624.00,260000.00,196.20,105
1777321304184,19500.00,6594.00,260000.00,392.40,210
1777321304208,19060.00,6568.00,260000.00,392.40,210
1777321304232,9350.00,6594.00,260000.00,196.20,105
1777321304257,18920.00,6624.00,260000.00,392.40,210
1777321304280,9140.00,6624.00,260000.00,196.20,105
1777321304304,18520.00,6588.00,260000.00,392.40,210
1777321304328,18960.00,6543.00,260000.00,392.40,210
1777321304352,9520.00,6594.00,260000.00,196.20,105
1777321304377,18640.00,6618.00,260000.00,392.40,210
1777321304401,9280.00,6603.00,260000.00,196.20,105
1777321304426,19290.00,6567.00,260000.00,392.40,210
1777321304451,9420.00,6547.00,260000.00,196.20,105
1777321304476,19890.00,6567.00,260000.00,392.40,210
1777321304500,18710.00,6597.00,260000.00,392.40,210
1777321304525,9760.00,6567.00,260000.00,196.20,105
1777321304550,19080.00,6534.00,260000.00,392.40,210
1777321304574,18630.00,6550.00,260000.00,392.40,210
1777321304599,19090.00,6582.00,260000.00,392.40,210
1777321304624,18480.00,6556.00,260000.00,392.40,210
1777321304649,9550.00,6588.00,260000.00,196.20,105
1777321304674,18720.00,6542.00,260000.00,392.40,210
1777321304699,19180.00,6552.00,260000.00,392.40,210
1777321304724,18340.00,6594.00,260000.00,392.40,210
1777321304749,9670.00,6543.00,260000.00,196.20,105
1777321304774,19330.00,6552.00,260000.00,392.40,210
1777321304798,19070.00,6570.00,260000.00,392.40,210
1777321304824,9370.00,6582.00,260000.00,196.20,105
1777321304849,17940.00,6540.00,260000.00,392.40,210
1777321304874,18580.00,6537.00,260000.00,392.40,210
1777321304899,19310.00,6582.00,260000.00,392.40,210
1777321304929,9490.00,6588.00,260000.00,196.20,105
1777321304952,18280.00,6573.00,260000.00,392.40,210
1777321304977,9330.00,6568.00,260000.00,196.20,105
1777321305001,19050.00,6603.00,260000.00,392.40,210
1777321305026,18310.00,6588.00,260000.00,392.40,210
1777321305052,18610.00,6571.00,260000.00,392.40,210
1777321305077,9680.00,6594.00,260000.00,196.20,105
1777321305102,18920.00,6588.00,260000.00,392.40,210
1777321305125,17800.00,6588.00,260000.00,392.40,210
1777321305150,8900.00,6568.00,260000.00,196.20,105
1777321305174,17860.00,6590.00,260000.00,392.40,210
1777321305200,9430.00,6588.00,260000.00,196.20,105
1777321305225,18810.00,6560.00,260000.00,392.40,210
1777321305250,9480.00,6588.00,260000.00,196.20,105
1777321305275,18250.00,6582.00,260000.00,392.40,210
1777321305300,9820.00,6547.00,260000.00,196.20,105
1777321305325,9200.00,6560.00,260000.00,196.20,105
1777321305349,19220.00,6573.00,260000.00,392.40,210
1777321305374,19150.00,6585.00,260000.00,392.40,210
1777321305400,9500.00,6573.00,260000.00,196.20,105
1777321305425,18520.00,6594.00,260000.00,392.40,210
1777321305515,8690.00,6468.00,260000.00,196.20,105
1777321305539,18240.00,6497.00,260000.00,392.40,210
1777321305562,8960.00,6498.00,260000.00,196.20,105
1777321305585,17920.00,6465.00,260000.00,392.40,210
1777321305608,19400.00,6502.00,260000.00,392.40,210
1777321305631,9470.00,6520.00,260000.00,196.20,105
1777321305655,18810.00,6530.00,260000.00,392.40,210
1777321305678,18040.00,6516.00,260000.00,392.40,210
1777321305702,9510.00,6531.00,260000.00,196.20,105
1777321305724,9490.00,6510.00,260000.00,196.20,105
1777321305748,18760.00,6490.00,260000.00,392.40,210
1777321305771,18590.00,6517.00,260000.00,392.40,210
1777321305796,9160.00,6495.00,260000.00,196.20,105
1777321305819,19670.00,6510.00,260000.00,392.40,210
1777321305843,18980.00,6552.00,260000.00,392.40,210
1777321305867,9320.00,6546.00,260000.00,196.20,105
1777321305890,18880.00,6548.00,260000.00,392.40,210
1777321305913,9510.00,6525.00,260000.00,196.20,105
1777321305935,18610.00,6531.00,260000.00,392.40,210
1777321305958,19100.00,6533.00,260000.00,392.40,210
1777321305981,9430.00,6588.00,260000.00,196.20,105
1777321306005,18360.00,6624.00,260000.00,392.40,210
1777321306029,19700.00,6636.00,260000.00,392.40,210
1777321306052,9220.00,6678.00,260000.00,196.20,105
1777321306076,18590.00,6689.00,260000.00,392.40,210
1777321306100,19530.00,6741.00,260000.00,392.40,210
1777321306124,9360.00,6726.00,260000.00,196.20,105
1777321306148,18210.00,6720.00,260000.00,392.40,210
1777321306172,18870.00,6735.00,260000.00,392.40,210
1777321306196,8940.00,6718.00,260000.00,196.20,105
1777321306222,10220.00,6693.00,260000.00,196.20,105
1777321306247,28180.00,6720.00,260000.00,588.60,315
1777321306270,9710.00,6749.00,260000.00,196.20,105
1777321306294,18900.00,6723.00,260000.00,392.40,210
1777321306318,9340.00,6709.00,260000.00,196.20,105
1777321306343,18210.00,6699.00,260000.00,392.40,210
1777321306367,9450.00,6714.00,260000.00,196.20,105
1777321306391,18660.00,6723.00,260000.00,392.40,210
1777321306415,18520.00,6705.00,260000.00,392.40,210
1777321306439,9450.00,6660.00,260000.00,196.20,105
1777321306463,18620.00,6693.00,260000.00,392.40,210
1777321306488,9270.00,6708.00,260000.00,196.20,105
1777321306514,19190.00,6678.00,260000.00,392.40,210
1777321306538,18680.00,6693.00,260000.00,392.40,210
1777321306563,9320.00,6650.00,260000.00,196.20,105
1777321306587,18350.00,6678.00,260000.00,392.40,210
1777321306611,9120.00,6657.00,260000.00,196.20,105
1777321306635,19100.00,6648.00,260000.00,392.40,210
1777321306660,19150.00,6669.00,260000.00,392.40,210
1777321306685,9660.00,6684.00,260000.00,196.20,105
1777321306709,18800.00,6650.00,260000.00,392.40,210
1777321306734,18840.00,6693.00,260000.00,392.40,210
1777321306759,9130.00,6699.00,260000.00,196.20,105
1777321306785,18840.00,6663.00,260000.00,392.40,210
1777321306810,8920.00,6699.00,260000.00,196.20,105
1777321306834,18750.00,6678.00,260000.00,392.40,210
1777321306859,18040.00,6687.00,260000.00,392.40,210
1777321306884,18610.00,6669.00,260000.00,392.40,210
1777321306909,9620.00,6671.00,260000.00,196.20,105
1777321306935,18670.00,6684.00,260000.00,392.40,210
1777321306959,19060.00,6723.00,260000.00,392.40,210
1777321306983,9160.00,6714.00,260000.00,196.20,105
1777321307009,18680.00,6678.00,260000.00,392.40,210
1777321307033,9610.00,6682.00,260000.00,196.20,105
1777321307058,18530.00,6708.00,260000.00,392.40,210
1777321307084,19210.00,6698.00,260000.00,392.40,210
1777321307109,9210.00,6693.00,260000.00,196.20,105
1777321307134,19500.00,6678.00,260000.00,392.40,210
1777321307159,9570.00,6699.00,260000.00,196.20,105
1777321307184,18620.00,6678.00,260000.00,392.40,210
1777321307209,9680.00,6648.00,260000.00,196.20,105
1777321307235,9780.00,6678.00,260000.00,196.20,105
1777321307260,19460.00,6693.00,260000.00,392.40,210
1777321307285,9390.00,6636.00,260000.00,196.20,105
1777321307311,18620.00,6636.00,260000.00,392.40,210
1777321307431,18750.00,6504.00,260000.00,392.40,210
1777321307454,18740.00,6510.00,260000.00,392.40,210
1777321307478,19710.00,6495.00,260000.00,392.40,210
1777321307501,9400.00,6520.00,260000.00,196.20,105
1777321307524,18700.00,6531.00,260000.00,392.40,210
1777321307547,18700.00,6510.00,260000.00,392.40,210
1777321307571,9750.00,6530.00,260000.00,196.20,105
1777321307595,18830.00,6526.00,260000.00,392.40,210
1777321307618,9850.00,6531.00,260000.00,196.20,105
1777321307642,18710.00,6517.00,260000.00,392.40,210
1777321307665,19100.00,6552.00,260000.00,392.40,210
1777321307688,9190.00,6552.00,260000.00,196.20,105
1777321307711,19230.00,6537.00,260000.00,392.40,210
1777321307734,9840.00,6567.00,260000.00,196.20,105
1777321307758,19630.00,6520.00,260000.00,392.40,210
1777321307781,18960.00,6558.00,260000.00,392.40,210
1777321307806,9620.00,6615.00,260000.00,196.20,105
1777321307829,19180.00,6594.00,260000.00,392.40,210
1777321307853,19290.00,6600.00,260000.00,392.40,210
1777321307877,9500.00,6598.00,260000.00,196.20,105
1777321307901,19490.00,6600.00,260000.00,392.40,210
1777321307925,18280.00,6636.00,260000.00,392.40,210
1777321307948,9780.00,6666.00,260000.00,196.20,105
1777321307972,19190.00,6630.00,260000.00,392.40,210
1777321307996,19230.00,6587.00,260000.00,392.40,210
1777321308019,18870.00,6636.00,260000.00,392.40,210
1777321308046,9360.00,6630.00,260000.00,196.20,105
1777321308070,18980.00,6585.00,260000.00,392.40,210
1777321308093,9380.00,6621.00,260000.00,196.20,105
1777321308117,18890.00,6620.00,260000.00,392.40,210
1777321308141,18300.00,6621.00,260000.00,392.40,210
1777321308165,9800.00,6678.00,260000.00,196.20,105
1777321308189,19790.00,6671.00,260000.00,392.40,210
1777321308213,9820.00,6678.00,260000.00,196.20,105
1777321308237,18270.00,6666.00,260000.00,392.40,210
1777321308262,18940.00,6678.00,260000.00,392.40,210
1777321308288,9470.00,6729.00,260000.00,196.20,105
1777321308314,28780.00,6683.00,260000.00,588.60,315
1777321308338,9850.00,6660.00,260000.00,196.20,105
1777321308363,19260.00,6696.00,260000.00,392.40,210
1777321308388,19140.00,6762.00,260000.00,392.40,210
1777321308412,9920.00,6783.00,260000.00,196.20,105
1777321308437,19380.00,6795.00,260000.00,392.40,210
1777321308463,18020.00,6790.00,260000.00,392.40,210
1777321308487,19010.00,6846.00,260000.00,392.40,210
1777321308511,9430.00,6870.00,260000.00,196.20,105
1777321308536,18430.00,6840.00,260000.00,392.40,210
1777321308561,18770.00,6848.00,260000.00,392.40,210
1777321308586,18350.00,6819.00,260000.00,392.40,210
1777321308611,9300.00,6862.00,260000.00,196.20,105
1777321308636,18870.00,6861.00,260000.00,392.40,210
1777321308661,19360.00,6859.00,260000.00,392.40,210
1777321308686,18910.00,6846.00,260000.00,392.40,210
1777321308711,9110.00,6834.00,260000.00,196.20,105
1777321308736,18280.00,6789.00,260000.00,392.40,210
1777321308761,9250.00,6840.00,260000.00,196.20,105
1777321308786,18350.00,6804.00,260000.00,392.40,210
1777321308811,18190.00,6783.00,260000.00,392.40,210
1777321308836,9350.00,6816.00,260000.00,196.20,105
1777321308861,19000.00,6789.00,260000.00,392.40,210
1777321308892,19000.00,6804.00,260000.00,392.40,210
1777321308919,18530.00,6815.00,260000.00,392.40,210
1777321308944,18440.00,6832.00,260000.00,392.40,210
1777321309020,9580.00,6723.00,260000.00,196.20,105
1777321309042,19060.00,6741.00,260000.00,392.40,210
1777321309065,9130.00,6741.00,260000.00,196.20,105
1777321309089,19130.00,6726.00,260000.00,392.40,210
1777321309113,9240.00,6693.00,260000.00,196.20,105
1777321309137,18490.00,6732.00,260000.00,392.40,210
1777321309161,18310.00,6726.00,260000.00,392.40,210
1777321309185,18700.00,6747.00,260000.00,392.40,210
1777321309208,9330.00,6783.00,260000.00,196.20,105
1777321309231,18630.00,6741.00,260000.00,392.40,210
1777321309255,9180.00,6731.00,260000.00,196.20,105
1777321309281,18720.00,6726.00,260000.00,392.40,210
1777321309304,19240.00,6747.00,260000.00,392.40,210
1777321309329,9500.00,6792.00,260000.00,196.20,105
1777321309352,18890.00,6741.00,260000.00,392.40,210
1777321309376,18420.00,6737.00,260000.00,392.40,210
1777321309399,9260.00,6732.00,260000.00,196.20,105
1777321309423,9500.00,6762.00,260000.00,196.20,105
1777321309448,18870.00,6771.00,260000.00,392.40,210
1777321309473,19240.00,6747.00,260000.00,392.40,210
1777321309498,18420.00,6718.00,260000.00,392.40,210
1777321309526,8920.00,6747.00,260000.00,196.20,105
1777321309551,19310.00,6788.00,260000.00,392.40,210
1777321309575,9580.00,6763.00,260000.00,196.20,105
1777321309599,18720.00,6721.00,260000.00,392.40,210
1777321309625,19260.00,6766.00,260000.00,392.40,210
1777321309648,9310.00,6756.00,260000.00,196.20,105
1777321309673,19430.00,6750.00,260000.00,392.40,210
1777321309702,19130.00,6711.00,260000.00,392.40,210
1777321309728,18720.00,6726.00,260000.00,392.40,210
1777321309752,9430.00,6771.00,260000.00,196.20,105
1777321309777,19840.00,6726.00,260000.00,392.40,210
1777321309802,19440.00,6705.00,260000.00,392.40,210
1777321309827,19230.00,6726.00,260000.00,392.40,210
1777321309852,9960.00,6750.00,260000.00,196.20,105
1777321309881,19320.00,6700.00,260000.00,392.40,210
1777321309906,18940.00,6714.00,260000.00,392.40,210
1777321309931,18800.00,6770.00,260000.00,392.40,210
1777321309956,9620.00,6762.00,260000.00,196.20,105
1777321309981,18690.00,6759.00,260000.00,392.40,210
1777321310006,9820.00,6716.00,260000.00,196.20,105
1777321310032,18550.00,6729.00,260000.00,392.40,210
1777321310058,19290.00,6716.00,260000.00,392.40,210
1777321310083,18650.00,6690.00,260000.00,392.40,210
1777321310108,9730.00,6724.00,260000.00,196.20,105
1777321310134,18830.00,6744.00,260000.00,392.40,210
1777321310159,19360.00,6714.00,260000.00,392.40,210
1777321310184,9330.00,6688.00,260000.00,196.20,105
1777321310209,19620.00,6720.00,260000.00,392.40,210
1777321310235,9690.00,6696.00,260000.00,196.20,105
1777321310260,18460.00,6735.00,260000.00,392.40,210
1777321310286,9510.00,6750.00,260000.00,196.20,105
1777321310311,18450.00,6709.00,260000.00,392.40,210
1777321310336,9660.00,6741.00,260000.00,196.20,105
1777321310362,18920.00,6750.00,260000.00,392.40,210
1777321310386,9440.00,6756.00,260000.00,196.20,105
1777321310412,9790.00,6720.00,260000.00,196.20,105
1777321310437,18540.00,6710.00,260000.00,392.40,210
1777321310463,9350.00,6747.00,260000.00,196.20,105
1777321310489,18500.00,6766.00,260000.00,392.40,210
1777321310538,18610.00,6798.00,260000.00,392.40,210
1777321310564,18330.00,6789.00,260000.00,392.40,210
1777321310591,9520.00,6808.00,260000.00,196.20,105
1777321310616,19420.00,6792.00,260000.00,392.40,210
1777321310641,9740.00,6771.00,260000.00,196.20,105
1777321310666,9880.00,6746.00,260000.00,196.20,105
1777321310693,19080.00,6720.00,260000.00,392.40,210
1777321310725,18720.00,6726.00,260000.00,392.40,210
1777321310751,9320.00,6762.00,260000.00,196.20,105
1777321310782,18920.00,6729.00,260000.00,392.40,210
1777321310808,9470.00,6705.00,260000.00,196.20,105
1777321310835,18800.00,6699.00,260000.00,392.40,210
1777321310861,18880.00,6699.00,260000.00,392.40,210
1777321310887,18800.00,6731.00,260000.00,392.40,210
1777321310914,18970.00,6750.00,260000.00,392.40,210
1777321310941,9390.00,6720.00,260000.00,196.20,105
1777321310968,17890.00,6683.00,260000.00,392.40,210
1777321310994,19070.00,6684.00,260000.00,392.40,210
1777321311021,9760.00,6729.00,260000.00,196.20,105
1777321311047,18260.00,6693.00,260000.00,392.40,210
1777321311074,18860.00,6719.00,260000.00,392.40,210
1777321311101,19290.00,6729.00,260000.00,392.40,210
1777321311127,9330.00,6699.00,260000.00,196.20,105
1777321311155,18680.00,6683.00,260000.00,392.40,210
1777321311180,19440.00,6708.00,260000.00,392.40,210
1777321311207,10040.00,6708.00,260000.00,196.20,105
1777321311235,18930.00,6663.00,260000.00,392.40,210
1777321311262,9070.00,6657.00,260000.00,196.20,105
1777321311288,19120.00,6678.00,260000.00,392.40,210
1777321311313,9130.00,6687.00,260000.00,196.20,105
1777321311339,18940.00,6672.00,260000.00,392.40,210
1777321311365,18560.00,6651.00,260000.00,392.40,210
1777321311392,9390.00,6659.00,260000.00,196.20,105
1777321311418,19250.00,6672.00,260000.00,392.40,210
1777321311444,9540.00,6659.00,260000.00,196.20,105
1777321311470,19270.00,6602.00,260000.00,392.40,210
1777321311503,9400.00,6601.00,260000.00,196.20,105
1777321311530,18520.00,6630.00,260000.00,392.40,210
1777321311556,18690.00,6645.00,260000.00,392.40,210
1777321311582,18380.00,6636.00,260000.00,392.40,210
1777321311608,9320.00,6657.00,260000.00,196.20,105
1777321311635,18800.00,6666.00,260000.00,392.40,210
1777321311661,19430.00,6665.00,260000.00,392.40,210
1777321311688,9980.00,6630.00,260000.00,196.20,105
1777321311718,18310.00,6579.00,260000.00,392.40,210
1777321311746,18810.00,6579.00,260000.00,392.40,210
1777321311773,18340.00,6630.00,260000.00,392.40,210
1777321311799,9180.00,6603.00,260000.00,196.20,105
1777321311830,19250.00,6615.00,260000.00,392.40,210
1777321311862,9500.00,6606.00,260000.00,196.20,105
1777321311889,8830.00,6609.00,260000.00,196.20,105
1777321311917,18940.00,6567.00,260000.00,392.40,210
1777321311944,9190.00,6537.00,260000.00,196.20,105
1777321311971,19400.00,6531.00,260000.00,392.40,210
1777321311999,19320.00,6537.00,260000.00,392.40,210
1777321312027,19140.00,6562.00,260000.00,392.40,210
1777321312053,9580.00,6588.00,260000.00,196.20,105
1777321312081,9430.00,6578.00,260000.00,196.20,105
1777321312108,19060.00,6525.00,260000.00,392.40,210
1777321312134,18660.00,6552.00,260000.00,392.40,210
1777321312161,9570.00,6526.00,260000.00,196.20,105
1777321312258,9490.00,6468.00,260000.00,196.20,105
1777321312279,9130.00,6468.00,260000.00,196.20,105
1777321312301,28390.00,6432.00,260000.00,588.60,315
1777321312324,10150.00,6468.00,260000.00,196.20,105
1777321312347,18680.00,6468.00,260000.00,392.40,210
1777321312375,9470.00,6516.00,260000.00,196.20,105
1777321312398,19510.00,6567.00,260000.00,392.40,210
1777321312422,19470.00,6579.00,260000.00,392.40,210
1777321312446,18690.00,6594.00,260000.00,392.40,210
1777321312469,9140.00,6624.00,260000.00,196.20,105
1777321312493,18470.00,6612.00,260000.00,392.40,210
1777321312517,8710.00,6549.00,260000.00,196.20,105
1777321312540,18720.00,6579.00,260000.00,392.40,210
1777321312564,9490.00,6618.00,260000.00,196.20,105
1777321312587,18840.00,6576.00,260000.00,392.40,210
1777321312611,18640.00,6573.00,260000.00,392.40,210
1777321312637,9440.00,6624.00,260000.00,196.20,105
1777321312661,19050.00,6558.00,260000.00,392.40,210
1777321312685,18760.00,6573.00,260000.00,392.40,210
1777321312708,9520.00,6584.00,260000.00,196.20,105
1777321312732,18970.00,6574.00,260000.00,392.40,210
1777321312759,19120.00,6619.00,260000.00,392.40,210
1777321312785,18510.00,6534.00,260000.00,392.40,210
1777321312809,9080.00,6578.00,260000.00,196.20,105
1777321312833,18420.00,6604.00,260000.00,392.40,210
1777321312857,18560.00,6603.00,260000.00,392.40,210
1777321312881,9760.00,6588.00,260000.00,196.20,105
1777321312905,9430.00,6598.00,260000.00,196.20,105
1777321312929,19170.00,6569.00,260000.00,392.40,210
1777321312953,18190.00,6528.00,260000.00,392.40,210
1777321312977,9330.00,6582.00,260000.00,196.20,105
1777321313002,18570.00,6546.00,260000.00,392.40,210
1777321313026,9840.00,6522.00,260000.00,196.20,105
1777321313051,19630.00,6561.00,260000.00,392.40,210
1777321313075,18360.00,6603.00,260000.00,392.40,210
1777321313099,9980.00,6582.00,260000.00,196.20,105
1777321313124,18640.00,6546.00,260000.00,392.40,210
1777321313151,18860.00,6501.00,260000.00,392.40,210
1777321313176,19560.00,6552.00,260000.00,392.40,210
1777321313200,9810.00,6567.00,260000.00,196.20,105
1777321313225,19050.00,6567.00,260000.00,392.40,210
1777321313249,9370.00,6546.00,260000.00,196.20,105
1777321313274,19010.00,6520.00,260000.00,392.40,210
1777321313299,18380.00,6552.00,260000.00,392.40,210
1777321313324,19010.00,6597.00,260000.00,392.40,210
1777321313348,18770.00,6582.00,260000.00,392.40,210
1777321313374,9390.00,6531.00,260000.00,196.20,105
1777321313399,18270.00,6543.00,260000.00,392.40,210
1777321313424,19040.00,6567.00,260000.00,392.40,210
1777321313449,9840.00,6567.00,260000.00,196.20,105
1777321313473,18850.00,6516.00,260000.00,392.40,210
1777321313499,18720.00,6531.00,260000.00,392.40,210
1777321313523,18470.00,6552.00,260000.00,392.40,210
1777321313548,9150.00,6539.00,260000.00,196.20,105
1777321313576,18650.00,6516.00,260000.00,392.40,210
1777321313601,17800.00,6516.00,260000.00,392.40,210
1777321313627,18850.00,6567.00,260000.00,392.40,210
1777321313653,18630.00,6552.00,260000.00,392.40,210
1777321313678,9310.00,6552.00,260000.00,196.20,105
1777321313703,18220.00,6531.00,260000.00,392.40,210
1777321313728,19800.00,6582.00,260000.00,392.40,210
1777321313754,18550.00,6587.00,260000.00,392.40,210
1777321313778,18390.00,6543.00,260000.00,392.40,210
1777321313804,9300.00,6579.00,260000.00,196.20,105
1777321313829,17950.00,6597.00,260000.00,392.40,210
1777321313855,19020.00,6573.00,260000.00,392.40,210
1777321313879,9300.00,6533.00,260000.00,196.20,105
1777321313904,18930.00,6567.00,260000.00,392.40,210
1777321313930,9320.00,6552.00,260000.00,196.20,105
1777321313960,19300.00,6574.00,260000.00,392.40,210
1777321313985,18770.00,6601.00,260000.00,392.40,210
1777321314011,19240.00,6637.00,260000.00,392.40,210
1777321314037,19180.00,6636.00,260000.00,392.40,210
1777321314062,9290.00,6642.00,260000.00,196.20,105
1777321314087,18840.00,6651.00,260000.00,392.40,210
1777321314112,19180.00,6687.00,260000.00,392.40,210
1777321314139,9130.00,6686.00,260000.00,196.20,105
1777321314166,19050.00,6621.00,260000.00,392.40,210
1777321314192,18760.00,6625.00,260000.00,392.40,210
1777321314217,19030.00,6603.00,260000.00,392.40,210
1777321314243,18860.00,6660.00,260000.00,392.40,210
1777321314268,19570.00,6651.00,260000.00,392.40,210
1777321314294,8910.00,6630.00,260000.00,196.20,105
1777321314319,18860.00,6598.00,260000.00,392.40,210
1777321314345,9070.00,6636.00,260000.00,196.20,105
1777321314370,18430.00,6660.00,260000.00,392.40,210
1777321314396,8980.00,6630.00,260000.00,196.20,105
1777321314421,19000.00,6585.00,260000.00,392.40,210
1777321314447,18990.00,6636.00,260000.00,392.40,210
1777321314473,18730.00,6651.00,260000.00,392.40,210
1777321314500,9300.00,6642.00,260000.00,196.20,105
1777321314526,9380.00,6645.00,260000.00,196.20,105
1777321314551,18980.00,6615.00,260000.00,392.40,210
1777321314577,18810.00,6600.00,260000.00,392.40,210
1777321314604,19350.00,6628.00,260000.00,392.40,210
1777321314628,9220.00,6605.00,260000.00,196.20,105
1777321314653,18860.00,6607.00,260000.00,392.40,210
1777321314678,9270.00,6608.00,260000.00,196.20,105
1777321314703,18610.00,6644.00,260000.00,392.40,210
1777321314728,9660.00,6600.00,260000.00,196.20,105
1777321314755,18810.00,6552.00,260000.00,392.40,210
1777321314779,9610.00,6630.00,260000.00,196.20,105
1777321314803,19170.00,6629.00,260000.00,392.40,210
1777321314828,9360.00,6593.00,260000.00,196.20,105
1777321314856,18400.00,6582.00,260000.00,392.40,210
1777321314997,50040.00,6435.00,260000.00,685.80,630
1777321315023,41090.00,6465.00,260000.00,489.60,525
1777321315069,40250.00,6471.00,260000.00,489.60,525
1777321315094,41480.00,6526.00,260000.00,489.60,525
1777321315118,40670.00,6486.00,260000.00,489.60,525
1777321315164,39970.00,6528.00,260000.00,489.60,525
1777321315188,40050.00,6533.00,260000.00,489.60,525
1777321315212,40570.00,6579.00,260000.00,489.60,525
1777321315258,40940.00,6563.00,260000.00,489.60,525
1777321315281,41320.00,6603.00,260000.00,489.60,525
1777321315328,40230.00,6585.00,260000.00,489.60,525
1777321315352,40560.00,6624.00,260000.00,489.60,525
1777321315398,40400.00,6651.00,260000.00,489.60,525
1777321315424,40330.00,6672.00,260000.00,489.60,525
1777321315450,40660.00,6693.00,260000.00,489.60,525
1777321315497,40480.00,6693.00,260000.00,489.60,525
1777321315523,41300.00,6729.00,260000.00,489.60,525
1777321315549,41100.00,6761.00,260000.00,489.60,525
1777321315596,40490.00,6778.00,260000.00,489.60,525
1777321315622,40960.00,6801.00,260000.00,489.60,525
1777321315648,40500.00,6813.00,260000.00,489.60,525
1777321315696,39740.00,6846.00,260000.00,489.60,525
1777321315723,40330.00,6894.00,260000.00,489.60,525
1777321315749,41900.00,6897.00,260000.00,489.60,525
1777321315776,41320.00,6921.00,260000.00,489.60,525
1777321315824,41670.00,6913.00,260000.00,489.60,525
1777321315850,41070.00,6950.00,260000.00,489.60,525
1777321315877,39580.00,6981.00,260000.00,489.60,525
1777321315925,39280.00,6951.00,260000.00,489.60,525
1777321315950,41540.00,6999.00,260000.00,489.60,525
1777321315977,40530.00,6946.00,260000.00,489.60,525
1777321316026,40550.00,7005.00,260000.00,489.60,525
1777321316054,39940.00,7053.00,260000.00,489.60,525
1777321316081,40910.00,7047.00,260000.00,489.60,525
1777321316109,41020.00,7079.00,260000.00,489.60,525
1777321316158,40710.00,7092.00,260000.00,489.60,525
1777321316185,42310.00,7087.00,260000.00,489.60,525
1777321316212,40730.00,7106.00,260000.00,489.60,525
1777321316260,41360.00,7110.00,260000.00,489.60,525
1777321316286,39960.00,7149.00,260000.00,489.60,525
1777321316312,40610.00,7172.00,260000.00,489.60,525
1777321316337,40480.00,7206.00,260000.00,489.60,525
1777321316385,40720.00,7224.00,260000.00,489.60,525
1777321316411,40150.00,7209.00,260000.00,489.60,525
1777321316437,41210.00,7260.00,260000.00,489.60,525
1777321316484,41250.00,7302.00,260000.00,489.60,525
1777321316510,40750.00,7290.00,260000.00,489.60,525
1777321316536,40730.00,7305.00,260000.00,489.60,525
1777321316584,39980.00,7311.00,260000.00,489.60,525
1777321316610,40060.00,7329.00,260000.00,489.60,525
1777321316638,41000.00,7308.00,260000.00,489.60,525
1777321316684,39630.00,7365.00,260000.00,489.60,525
1777321316710,41850.00,7413.00,260000.00,489.60,525
1777321316737,39650.00,7434.00,260000.00,489.60,525
1777321316784,40540.00,7407.00,260000.00,489.60,525
1777321316811,40230.00,7416.00,260000.00,489.60,525
1777321316836,40190.00,7471.00,260000.00,489.60,525
1777321316886,40320.00,7473.00,260000.00,489.60,525
1777321316913,41070.00,7512.00,260000.00,489.60,525
1777321316938,40200.00,7533.00,260000.00,489.60,525
1777321316986,40830.00,7542.00,260000.00,489.60,525
1777321317013,40930.00,7589.00,260000.00,489.60,525
1777321317038,39240.00,7563.00,260000.00,489.60,525
1777321317088,40790.00,7602.00,260000.00,489.60,525
1777321317117,39600.00,7635.00,260000.00,489.60,525
1777321317145,39690.00,7647.00,260000.00,489.60,525
1777321317175,40280.00,7656.00,260000.00,489.60,525
1777321317203,41670.00,7716.00,260000.00,489.60,525
1777321317253,40830.00,7776.00,260000.00,489.60,525
1777321317283,40590.00,7815.00,260000.00,489.60,525
1777321317318,39670.00,7836.00,260000.00,489.60,525
1777321317348,39780.00,7881.00,260000.00,489.60,525
1777321317378,40400.00,7893.00,260000.00,489.60,525
1777321317408,40330.00,7881.00,260000.00,489.60,525
1777321317438,40520.00,7863.00,260000.00,489.60,525
1777321317467,40290.00,7881.00,260000.00,489.60,525
1777321317520,41370.00,7923.00,260000.00,489.60,525
1777321317595,40370.00,7812.00,260000.00,489.60,525
1777321317618,40240.00,7830.00,260000.00,489.60,525
1777321317641,41080.00,7884.00,260000.00,489.60,525
1777321317685,40450.00,7887.00,260000.00,489.60,525
1777321317709,40770.00,7929.00,260000.00,489.60,525
1777321317754,39670.00,7902.00,260000.00,489.60,525
1777321317777,40560.00,7950.00,260000.00,489.60,525
1777321317822,40050.00,7938.00,260000.00,489.60,525
1777321317846,41580.00,7935.00,260000.00,489.60,525
1777321317870,39800.00,7953.00,260000.00,489.60,525
1777321317916,41960.00,7971.00,260000.00,489.60,525
1777321317940,41220.00,8019.00,260000.00,489.60,525
1777321317985,39220.00,7986.00,260000.00,489.60,525
1777321318009,42150.00,8034.00,260000.00,489.60,525
1777321318055,38540.00,8038.00,260000.00,489.60,525
1777321318079,40460.00,8060.00,260000.00,489.60,525
1777321318104,41330.00,8067.00,260000.00,489.60,525
1777321318150,41020.00,8106.00,260000.00,489.60,525
1777321318174,40140.00,8109.00,260000.00,489.60,525
1777321318220,41770.00,8091.00,260000.00,489.60,525
1777321318245,40760.00,8130.00,260000.00,489.60,525
1777321318270,39840.00,8178.00,260000.00,489.60,525
1777321318316,40630.00,8124.00,260000.00,489.60,525
1777321318342,39840.00,8142.00,260000.00,489.60,525
1777321318388,40470.00,8169.00,260000.00,489.60,525
1777321318413,40250.00,8172.00,260000.00,489.60,525
1777321318438,40140.00,8175.00,260000.00,489.60,525
1777321318484,40830.00,8187.00,260000.00,489.60,525
1777321318510,40360.00,8190.00,260000.00,489.60,525
1777321318535,41800.00,8229.00,260000.00,489.60,525
1777321318582,40550.00,8247.00,260000.00,489.60,525
1777321318606,40000.00,8251.00,260000.00,489.60,525
1777321318652,39850.00,8271.00,260000.00,489.60,525
1777321318678,39830.00,8274.00,260000.00,489.60,525
1777321318704,41300.00,8318.00,260000.00,489.60,525
1777321318751,40300.00,8274.00,260000.00,489.60,525
1777321318777,41060.00,8322.00,260000.00,489.60,525
1777321318802,39950.00,8325.00,260000.00,489.60,525
1777321318849,42330.00,8322.00,260000.00,489.60,525
1777321318875,41200.00,8370.00,260000.00,489.60,525
1777321318901,40330.00,8379.00,260000.00,489.60,525
1777321318947,39470.00,8361.00,260000.00,489.60,525
1777321318974,40130.00,8394.00,260000.00,489.60,525
1777321318999,39430.00,8442.00,260000.00,489.60,525
1777321319048,40050.00,8394.00,260000.00,489.60,525
1777321319075,41120.00,8442.00,260000.00,489.60,525
1777321319102,41500.00,8445.00,260000.00,489.60,525
1777321319149,41000.00,8442.00,260000.00,489.60,525
1777321319175,40850.00,8445.00,260000.00,489.60,525
1777321319202,41180.00,8493.00,260000.00,489.60,525
1777321319250,40550.00,8479.00,260000.00,489.60,525
1777321319277,40780.00,8478.00,260000.00,489.60,525
1777321319304,41120.00,8526.00,260000.00,489.60,525
1777321319331,41400.00,8529.00,260000.00,489.60,525
1777321319378,39950.00,8545.00,260000.00,489.60,525
1777321319403,40320.00,8580.00,260000.00,489.60,525
1777321319428,40040.00,8594.00,260000.00,489.60,525
1777321319478,40520.00,8586.00,260000.00,489.60,525
1777321319506,39860.00,8623.00,260000.00,489.60,525
1777321319533,41290.00,8636.00,260000.00,489.60,525
1777321319562,41460.00,8655.00,260000.00,489.60,525
1777321319611,40440.00,8658.00,260000.00,489.60,525
1777321319639,40160.00,8655.00,260000.00,489.60,525
1777321319667,40660.00,8703.00,260000.00,489.60,525
1777321319695,39620.00,8712.00,260000.00,489.60,525
1777321319745,40950.00,8754.00,260000.00,489.60,525
1777321319772,40720.00,8727.00,260000.00,489.60,525
1777321319800,39910.00,8766.00,260000.00,489.60,525
1777321319828,40810.00,8814.00,260000.00,489.60,525
1777321319878,39950.00,8791.00,260000.00,489.60,525
1777321319906,40000.00,8851.00,260000.00,489.60,525
1777321319934,40370.00,8911.00,260000.00,489.60,525
1777321319962,40020.00,8971.00,260000.00,489.60,525
1777321320057,39820.00,8880.00,260000.00,489.60,525
1777321320081,41280.00,8880.00,260000.00,489.60,525
1777321320125,40560.00,8832.00,260000.00,489.60,525
1777321320150,40880.00,8886.00,260000.00,489.60,525
1777321320174,41190.00,8886.00,260000.00,489.60,525
1777321320220,41060.00,8820.00,260000.00,489.60,525
1777321320243,39960.00,8880.00,260000.00,489.60,525
1777321320287,40750.00,8842.00,260000.00,489.60,525
1777321320311,39770.00,8872.00,260000.00,489.60,525
1777321320356,40610.00,8876.00,260000.00,489.60,525
1777321320381,39560.00,8880.00,260000.00,489.60,525
1777321320405,40790.00,8891.00,260000.00,489.60,525
1777321320450,40330.00,8880.00,260000.00,489.60,525
1777321320475,41490.00,8885.00,260000.00,489.60,525
1777321320520,39790.00,8887.00,260000.00,489.60,525
1777321320545,39770.00,8892.00,260000.00,489.60,525
1777321320590,41090.00,8880.00,260000.00,489.60,525
1777321320615,40170.00,8880.00,260000.00,489.60,525
1777321320640,40960.00,8892.00,260000.00,489.60,525
1777321320686,40150.00,8892.00,260000.00,489.60,525
1777321320711,40960.00,8872.00,260000.00,489.60,525
1777321320757,41030.00,8843.00,260000.00,489.60,525
1777321320782,40310.00,8863.00,260000.00,489.60,525
1777321320807,40570.00,8884.00,260000.00,489.60,525
1777321320853,39580.00,8886.00,260000.00,489.60,525
1777321320878,40920.00,8892.00,260000.00,489.60,525
1777321320904,40000.00,8880.00,260000.00,489.60,525
1777321320951,40170.00,8880.00,260000.00,489.60,525
1777321320977,40700.00,8935.00,260000.00,489.60,525
1777321321024,40230.00,8880.00,260000.00,489.60,525
1777321321050,40270.00,8880.00,260000.00,489.60,525
1777321321075,39650.00,8872.00,260000.00,489.60,525
1777321321122,41770.00,8832.00,260000.00,489.60,525
1777321321148,41320.00,8880.00,260000.00,489.60,525
1777321321174,40640.00,8880.00,260000.00,489.60,525
1777321321200,40770.00,8887.00,260000.00,489.60,525
1777321321247,40840.00,8880.00,260000.00,489.60,525
1777321321274,40630.00,8880.00,260000.00,489.60,525
1777321321304,41000.00,8880.00,260000.00,489.60,525
1777321321352,41230.00,8880.00,260000.00,489.60,525
1777321321379,39670.00,8885.00,260000.00,489.60,525
1777321321405,41210.00,8885.00,260000.00,489.60,525
1777321321432,39910.00,8873.00,260000.00,489.60,525
1777321321480,41690.00,8880.00,260000.00,489.60,525
1777321321508,40250.00,8880.00,260000.00,489.60,525
1777321321535,40570.00,8892.00,260000.00,489.60,525
1777321321583,40690.00,8880.00,260000.00,489.60,525
1777321321610,40830.00,8880.00,260000.00,489.60,525
1777321321638,39880.00,8939.00,260000.00,489.60,525
1777321321663,40800.00,8884.00,260000.00,489.60,525
1777321321713,39110.00,8880.00,260000.00,489.60,525
1777321321740,41120.00,8886.00,260000.00,489.60,525
1777321321767,40580.00,8872.00,260000.00,489.60,525
1777321321794,40360.00,8875.00,260000.00,489.60,525
1777321321843,40500.00,8880.00,260000.00,489.60,525
1777321321872,41050.00,8880.00,260000.00,489.60,525
1777321321900,41300.00,8880.00,260000.00,489.60,525
1777321321929,41470.00,8892.00,260000.00,489.60,525
1777321321978,39920.00,8880.00,260000.00,489.60,525
1777321322006,39910.00,8880.00,260000.00,489.60,525
1777321322034,40730.00,8868.00,260000.00,489.60,525
1777321322063,40250.00,8871.00,260000.00,489.60,525
1777321322112,40690.00,8880.00,260000.00,489.60,525
1777321322143,39160.00,8880.00,260000.00,489.60,525
1777321322171,41340.00,8880.00,260000.00,489.60,525
1777321322199,39950.00,8868.00,260000.00,489.60,525
1777321322228,40550.00,8868.00,260000.00,489.60,525
1777321322279,39690.00,8880.00,260000.00,489.60,525
1777321322308,40650.00,8880.00,260000.00,489.60,525
1777321322336,41090.00,8880.00,260000.00,489.60,525
1777321322366,40750.00,8871.00,260000.00,489.60,525
1777321322395,40900.00,8869.00,260000.00,489.60,525
1777321322424,39580.00,8872.00,260000.00,489.60,525
1777321322475,40940.00,8880.00,260000.00,489.60,525
1777321322505,41520.00,8880.00,260000.00,489.60,525
1777321322535,40540.00,8901.00,260000.00,489.60,525
1777321322563,41890.00,8961.00,260000.00,489.60,525
1777321322657,79790.00,8820.00,260000.00,979.20,1050
1777321322683,40490.00,8940.00,260000.00,489.60,525
1777321322728,39660.00,8880.00,260000.00,489.60,525
1777321322752,40510.00,8935.00,260000.00,489.60,525
1777321322797,40400.00,8880.00,260000.00,489.60,525
1777321322821,40090.00,8940.00,260000.00,489.60,525
1777321322846,40070.00,8890.00,260000.00,489.60,525
1777321322892,40250.00,8892.00,260000.00,489.60,525
1777321322917,41240.00,8928.00,260000.00,489.60,525
1777321322963,40800.00,8880.00,260000.00,489.60,525
1777321322988,39810.00,8940.00,260000.00,489.60,525
1777321323013,39860.00,8939.00,260000.00,489.60,525
1777321323060,41170.00,8924.00,260000.00,489.60,525
1777321323085,41440.00,8921.00,260000.00,489.60,525
1777321323110,40410.00,8911.00,260000.00,489.60,525
1777321323156,39650.00,8906.00,260000.00,489.60,525
1777321323181,40000.00,8903.00,260000.00,489.60,525
1777321323228,40550.00,8908.00,260000.00,489.60,525
1777321323253,40810.00,8890.00,260000.00,489.60,525
1777321323279,40160.00,8871.00,260000.00,489.60,525
1777321323326,39480.00,8891.00,260000.00,489.60,525
1777321323351,39070.00,8880.00,260000.00,489.60,525
1777321323377,40590.00,8936.00,260000.00,489.60,525
1777321323423,40400.00,8880.00,260000.00,489.60,525
1777321323449,40920.00,8892.00,260000.00,489.60,525
1777321323475,41260.00,8882.00,260000.00,489.60,525
1777321323522,39860.00,8873.00,260000.00,489.60,525
1777321323548,40030.00,8868.00,260000.00,489.60,525
1777321323595,39430.00,8880.00,260000.00,489.60,525
1777321323621,40320.00,8878.00,260000.00,489.60,525
1777321323647,39550.00,8940.00,260000.00,489.60,525
1777321323674,39650.00,8940.00,260000.00,489.60,525
1777321323722,39870.00,8892.00,260000.00,489.60,525
1777321323749,39920.00,8934.00,260000.00,489.60,525
1777321323775,39530.00,8940.00,260000.00,489.60,525
1777321323824,39040.00,8892.00,260000.00,489.60,525
1777321323852,40910.00,8928.00,260000.00,489.60,525
1777321323878,39520.00,8928.00,260000.00,489.60,525
1777321323926,40890.00,8878.00,260000.00,489.60,525
1777321323952,40690.00,8935.00,260000.00,489.60,525
1777321323979,40470.00,8933.00,260000.00,489.60,525
1777321324027,41000.00,8880.00,260000.00,489.60,525
1777321324052,41390.00,8934.00,260000.00,489.60,525
1777321324079,39790.00,8940.00,260000.00,489.60,525
1777321324126,40020.00,8880.00,260000.00,489.60,525
1777321324153,40320.00,8940.00,260000.00,489.60,525
1777321324180,39860.00,8940.00,260000.00,489.60,525
1777321324206,40040.00,8940.00,260000.00,489.60,525
1777321324254,39470.00,8940.00,260000.00,489.60,525
1777321324282,41060.00,8933.00,260000.00,489.60,525
1777321324310,39830.00,8937.00,260000.00,489.60,525
1777321324360,40160.00,8880.00,260000.00,489.60,525
1777321324387,40670.00,8898.00,260000.00,489.60,525
1777321324416,39580.00,8902.00,260000.00,489.60,525
1777321324444,40250.00,8892.00,260000.00,489.60,525
1777321324471,40300.00,8940.00,260000.00,489.60,525
1777321324519,39950.00,8880.00,260000.00,489.60,525
1777321324547,40070.00,8868.00,260000.00,489.60,525
1777321324576,39990.00,8880.00,260000.00,489.60,525
1777321324626,41260.00,8913.00,260000.00,489.60,525
1777321324655,40270.00,8877.00,260000.00,489.60,525
1777321324683,39880.00,8880.00,260000.00,489.60,525
1777321324711,40320.00,8892.00,260000.00,489.60,525
1777321324739,39700.00,8932.00,260000.00,489.60,525
1777321324789,40720.00,8880.00,260000.00,489.60,525
1777321324818,41490.00,8880.00,260000.00,489.60,525
1777321324847,39860.00,8880.00,260000.00,489.60,525
1777321324875,41280.00,8928.00,260000.00,489.60,525
1777321324908,40200.00,8928.00,260000.00,489.60,525
1777321324958,40510.00,8880.00,260000.00,489.60,525
1777321324987,40390.00,8880.00,260000.00,489.60,525
1777321325017,40280.00,8940.00,260000.00,489.60,525
1777321325047,41130.00,9000.00,260000.00,489.60,525
1777321325077,40590.00,9000.00,260000.00,489.60,525
1777321325106,40920.00,9012.00,260000.00,489.60,525
1777321325201,40670.00,8892.00,260000.00,489.60,525
1777321325225,41150.00,8932.00,260000.00,489.60,525
1777321325270,40160.00,8891.00,260000.00,489.60,525
1777321325295,42400.00,8885.00,260000.00,489.60,525
1777321325320,39950.00,8868.00,260000.00,489.60,525
1777321325366,40020.00,8880.00,260000.00,489.60,525
1777321325391,39870.00,8875.00,260000.00,489.60,525
1777321325437,40450.00,8880.00,260000.00,489.60,525
1777321325462,40690.00,8892.00,260000.00,489.60,525
1777321325485,40480.00,8885.00,260000.00,489.60,525
1777321325531,38910.00,8880.00,260000.00,489.60,525
1777321325555,40790.00,8868.00,260000.00,489.60,525
1777321325600,39690.00,8871.00,260000.00,489.60,525
1777321325630,40870.00,8880.00,260000.00,489.60,525
1777321325655,40030.00,8885.00,260000.00,489.60,525
1777321325701,39840.00,8892.00,260000.00,489.60,525
1777321325727,40660.00,8892.00,260000.00,489.60,525
1777321325752,39000.00,8932.00,260000.00,489.60,525
1777321325798,40390.00,8892.00,260000.00,489.60,525
1777321325824,41060.00,8880.00,260000.00,489.60,525
1777321325849,40370.00,8880.00,260000.00,489.60,525
1777321325895,40940.00,8868.00,260000.00,489.60,525
1777321325925,41480.00,8868.00,260000.00,489.60,525
1777321325952,39850.00,8928.00,260000.00,489.60,525
1777321325999,40030.00,8880.00,260000.00,489.60,525
1777321326025,40420.00,8940.00,260000.00,489.60,525
1777321326051,39670.00,8934.00,260000.00,489.60,525
1777321326098,41780.00,8940.00,260000.00,489.60,525
1777321326124,40990.00,8940.00,260000.00,489.60,525
1777321326150,39510.00,8952.00,260000.00,489.60,525
1777321326197,40480.00,8892.00,260000.00,489.60,525
1777321326224,41270.00,8872.00,260000.00,489.60,525
1777321326250,41130.00,8928.00,260000.00,489.60,525
1777321326298,40340.00,8892.00,260000.00,489.60,525
1777321326324,40950.00,8885.00,260000.00,489.60,525
1777321326351,40700.00,8934.00,260000.00,489.60,525
1777321326378,41950.00,8943.00,260000.00,489.60,525
1777321326425,40860.00,8892.00,260000.00,489.60,525
1777321326453,40820.00,8880.00,260000.00,489.60,525
1777321326480,40790.00,8932.00,260000.00,489.60,525
1777321326528,40150.00,8880.00,260000.00,489.60,525
1777321326554,39970.00,8868.00,260000.00,489.60,525
1777321326582,40300.00,8934.00,260000.00,489.60,525
1777321326630,41440.00,8880.00,260000.00,489.60,525
1777321326658,41540.00,8886.00,260000.00,489.60,525
1777321326686,40180.00,8885.00,260000.00,489.60,525
1777321326714,41630.00,8933.00,260000.00,489.60,525
1777321326764,40980.00,8892.00,260000.00,489.60,525
1777321326794,38850.00,8880.00,260000.00,489.60,525
1777321326820,40620.00,8908.00,260000.00,489.60,525
1777321326845,40440.00,8940.00,260000.00,489.60,525
1777321326892,40060.00,8880.00,260000.00,489.60,525
1777321326918,39710.00,8880.00,260000.00,489.60,525
1777321326944,39900.00,8880.00,260000.00,489.60,525
1777321326992,40190.00,8880.00,260000.00,489.60,525
1777321327018,41300.00,8892.00,260000.00,489.60,525
1777321327044,40910.00,8880.00,260000.00,489.60,525
1777321327093,41240.00,8880.00,260000.00,489.60,525
1777321327120,40470.00,8915.00,260000.00,489.60,525
1777321327147,40890.00,8940.00,260000.00,489.60,525
1777321327195,40190.00,8892.00,260000.00,489.60,525
1777321327223,39410.00,8892.00,260000.00,489.60,525
1777321327249,40790.00,8892.00,260000.00,489.60,525
1777321327278,40900.00,8933.00,260000.00,489.60,525
1777321327327,40770.00,8876.00,260000.00,489.60,525
1777321327356,40730.00,8892.00,260000.00,489.60,525
1777321327384,40370.00,8889.00,260000.00,489.60,525
1777321327412,41430.00,8892.00,260000.00,489.60,525
1777321327439,40500.00,8892.00,260000.00,489.60,525
1777321327489,39490.00,8880.00,260000.00,489.60,525
1777321327520,40660.00,8880.00,260000.00,489.60,525
1777321327548,40800.00,8880.00,260000.00,489.60,525
1777321327576,41610.00,8880.00,260000.00,489.60,525
1777321327688,41420.00,8940.00,260000.00,489.60,525
1777321327711,40870.00,8820.00,260000.00,489.60,525
1777321327735,41530.00,8829.00,260000.00,489.60,525
1777321327780,39100.00,8814.00,260000.00,489.60,525
1777321327805,40290.00,8821.00,260000.00,489.60,525
1777321327829,38910.00,8872.00,260000.00,489.60,525
1777321327874,39740.00,8832.00,260000.00,489.60,525
1777321327899,40690.00,8832.00,260000.00,489.60,525
1777321327945,40740.00,8829.00,260000.00,489.60,525
1777321327970,40950.00,8829.00,260000.00,489.60,525
1777321327994,40120.00,8833.00,260000.00,489.60,525
1777321328041,40070.00,8831.00,260000.00,489.60,525
1777321328066,40440.00,8858.00,260000.00,489.60,525
1777321328091,41170.00,8853.00,260000.00,489.60,525
1777321328137,39590.00,8808.00,260000.00,489.60,525
1777321328162,40230.00,8844.00,260000.00,489.60,525
1777321328209,40620.00,8819.00,260000.00,489.60,525
1777321328234,40280.00,8864.00,260000.00,489.60,525
1777321328261,39650.00,8847.00,260000.00,489.60,525
1777321328307,40090.00,8829.00,260000.00,489.60,525
1777321328332,39110.00,8846.00,260000.00,489.60,525
1777321328357,41960.00,8855.00,260000.00,489.60,525
1777321328403,39800.00,8820.00,260000.00,489.60,525
1777321328429,39600.00,8871.00,260000.00,489.60,525
1777321328475,41140.00,8877.00,260000.00,489.60,525
1777321328500,39240.00,8878.00,260000.00,489.60,525
1777321328526,40020.00,8880.00,260000.00,489.60,525
1777321328573,42040.00,8832.00,260000.00,489.60,525
1777321328598,41070.00,8871.00,260000.00,489.60,525
1777321328624,40390.00,8874.00,260000.00,489.60,525
1777321328673,40300.00,8820.00,260000.00,489.60,525
1777321328698,40600.00,8825.00,260000.00,489.60,525
1777321328724,40270.00,8873.00,260000.00,489.60,525
1777321328771,41110.00,8832.00,260000.00,489.60,525
1777321328798,40320.00,8832.00,260000.00,489.60,525
1777321328824,39500.00,8868.00,260000.00,489.60,525
1777321328872,40750.00,8822.00,260000.00,489.60,525
1777321328900,39450.00,8829.00,260000.00,489.60,525
1777321328926,39870.00,8874.00,260000.00,489.60,525
1777321328974,40160.00,8832.00,260000.00,489.60,525
1777321329001,41130.00,8826.00,260000.00,489.60,525
1777321329027,39350.00,8873.00,260000.00,489.60,525
1777321329053,40910.00,8877.00,260000.00,489.60,525
1777321329102,40660.00,8820.00,260000.00,489.60,525
1777321329129,40770.00,8868.00,260000.00,489.60,525
1777321329154,40210.00,8868.00,260000.00,489.60,525
1777321329203,40370.00,8809.00,260000.00,489.60,525
1777321329230,40520.00,8820.00,260000.00,489.60,525
1777321329257,40550.00,8874.00,260000.00,489.60,525
1777321329307,40410.00,8832.00,260000.00,489.60,525
1777321329334,40700.00,8832.00,260000.00,489.60,525
1777321329361,40660.00,8880.00,260000.00,489.60,525
1777321329388,40210.00,8874.00,260000.00,489.60,525
1777321329438,41080.00,8820.00,260000.00,489.60,525
1777321329465,40690.00,8820.00,260000.00,489.60,525
1777321329496,41440.00,8820.00,260000.00,489.60,525
1777321329523,38660.00,8873.00,260000.00,489.60,525
1777321329553,40930.00,8880.00,260000.00,489.60,525
1777321329603,39710.00,8832.00,260000.00,489.60,525
1777321329632,39530.00,8876.00,260000.00,489.60,525
1777321329661,40610.00,8877.00,260000.00,489.60,525
1777321329689,40000.00,8875.00,260000.00,489.60,525
1777321329737,39900.00,8832.00,260000.00,489.60,525
1777321329765,40690.00,8827.00,260000.00,489.60,525
1777321329793,39730.00,8874.00,260000.00,489.60,525
1777321329823,41200.00,8868.00,260000.00,489.60,525
1777321329852,41330.00,8868.00,260000.00,489.60,525
1777321329902,40690.00,8832.00,260000.00,489.60,525
1777321329929,39910.00,8820.00,260000.00,489.60,525
1777321329958,40070.00,8880.00,260000.00,489.60,525
1777321329987,40740.00,8880.00,260000.00,489.60,525
1777321330038,42170.00,8820.00,260000.00,489.60,525
1777321330126,39990.00,8820.00,260000.00,489.60,525
1777321330150,40840.00,8760.00,260000.00,489.60,525
1777321330174,40360.00,8820.00,260000.00,489.60,525
1777321330218,39040.00,8820.00,260000.00,489.60,525
1777321330242,40280.00,8823.00,260000.00,489.60,525
1777321330267,41380.00,8880.00,260000.00,489.60,525
1777321330312,40740.00,8832.00,260000.00,489.60,525
1777321330336,40430.00,8819.00,260000.00,489.60,525
1777321330381,40210.00,8832.00,260000.00,489.60,525
1777321330406,40340.00,8825.00,260000.00,489.60,525
1777321330431,39520.00,8875.00,260000.00,489.60,525
1777321330476,40730.00,8827.00,260000.00,489.60,525
1777321330501,40470.00,8820.00,260000.00,489.60,525
1777321330546,39650.00,8832.00,260000.00,489.60,525
1777321330571,40340.00,8844.00,260000.00,489.60,525
1777321330596,39940.00,8880.00,260000.00,489.60,525
1777321330642,40270.00,8839.00,260000.00,489.60,525
1777321330667,39870.00,8827.00,260000.00,489.60,525
1777321330713,40820.00,8845.00,260000.00,489.60,525
1777321330738,40440.00,8832.00,260000.00,489.60,525
1777321330763,41030.00,8824.00,260000.00,489.60,525
1777321330810,40440.00,8820.00,260000.00,489.60,525
1777321330836,40340.00,8880.00,260000.00,489.60,525
1777321330862,41270.00,8880.00,260000.00,489.60,525
1777321330908,40220.00,8832.00,260000.00,489.60,525
1777321330934,39930.00,8828.00,260000.00,489.60,525
1777321330981,39010.00,8820.00,260000.00,489.60,525
1777321331005,41170.00,8854.00,260000.00,489.60,525
1777321331030,39990.00,8871.00,260000.00,489.60,525
1777321331077,40070.00,8820.00,260000.00,489.60,525
1777321331102,40470.00,8865.00,260000.00,489.60,525
1777321331128,40690.00,8834.00,260000.00,489.60,525
1777321331176,40870.00,8880.00,260000.00,489.60,525
1777321331203,40050.00,8872.00,260000.00,489.60,525
1777321331229,40650.00,8868.00,260000.00,489.60,525
1777321331276,41690.00,8879.00,260000.00,489.60,525
1777321331303,40340.00,8873.00,260000.00,489.60,525
1777321331330,41250.00,8870.00,260000.00,489.60,525
1777321331377,40530.00,8832.00,260000.00,489.60,525
1777321331403,40620.00,8831.00,260000.00,489.60,525
1777321331430,41360.00,8875.00,260000.00,489.60,525
1777321331479,39920.00,8832.00,260000.00,489.60,525
1777321331506,40710.00,8873.00,260000.00,489.60,525
1777321331533,41020.00,8874.00,260000.00,489.60,525
1777321331562,39380.00,8850.00,260000.00,489.60,525
1777321331610,39710.00,8832.00,260000.00,489.60,525
1777321331637,39620.00,8877.00,260000.00,489.60,525
1777321331665,40860.00,8880.00,260000.00,489.60,525
1777321331692,40630.00,8874.00,260000.00,489.60,525
1777321331741,40720.00,8826.00,260000.00,489.60,525
1777321331768,39080.00,8868.00,260000.00,489.60,525
1777321331796,40440.00,8891.00,260000.00,489.60,525
1777321331845,40890.00,8820.00,260000.00,489.60,525
1777321331872,40610.00,8812.00,260000.00,489.60,525
1777321331899,40100.00,8863.00,260000.00,489.60,525
1777321331926,40870.00,8844.00,260000.00,489.60,525
1777321331975,40670.00,8820.00,260000.00,489.60,525
1777321332001,39690.00,8862.00,260000.00,489.60,525
1777321332028,41150.00,8832.00,260000.00,489.60,525
1777321332056,40540.00,8825.00,260000.00,489.60,525
1777321332105,40160.00,8820.00,260000.00,489.60,525
1777321332133,41220.00,8820.00,260000.00,489.60,525
1777321332161,40340.00,8820.00,260000.00,489.60,525
1777321332189,40590.00,8880.00,260000.00,489.60,525
1777321332237,39850.00,8820.00,260000.00,489.60,525
1777321332265,40540.00,8824.00,260000.00,489.60,525
1777321332294,40330.00,8825.00,260000.00,489.60,525
1777321332323,41110.00,8886.00,260000.00,489.60,525
1777321332374,39150.00,8825.00,260000.00,489.60,525
1777321332403,40450.00,8820.00,260000.00,489.60,525
1777321332432,40550.00,8820.00,260000.00,489.60,525
1777321332522,40510.00,8832.00,260000.00,489.60,525
1777321332545,38790.00,8760.00,260000.00,489.60,525
1777321332569,40010.00,8760.00,260000.00,489.60,525
1777321332614,39460.00,8760.00,260000.00,489.60,525
1777321332641,41490.00,8808.00,260000.00,489.60,525
1777321332666,40460.00,8868.00,260000.00,489.60,525
1777321332712,39810.00,8880.00,260000.00,489.60,525
1777321332737,42420.00,8872.00,260000.00,489.60,525
1777321332783,40290.00,8880.00,260000.00,489.60,525
1777321332808,40060.00,8872.00,260000.00,489.60,525
1777321332833,42050.00,8875.00,260000.00,489.60,525
1777321332880,41140.00,8855.00,260000.00,489.60,525
1777321332906,39580.00,8859.00,260000.00,489.60,525
1777321332931,41170.00,8880.00,260000.00,489.60,525
1777321332977,41360.00,8860.00,260000.00,489.60,525
1777321333003,39920.00,8834.00,260000.00,489.60,525
1777321333028,40270.00,8868.00,260000.00,489.60,525
1777321333074,40600.00,8840.00,260000.00,489.60,525
1777321333099,41010.00,8880.00,260000.00,489.60,525
1777321333125,39720.00,8892.00,260000.00,489.60,525
1777321333173,39450.00,8878.00,260000.00,489.60,525
1777321333199,40000.00,8884.00,260000.00,489.60,525
1777321333225,39950.00,8885.00,260000.00,489.60,525
1777321333275,39510.00,8827.00,260000.00,489.60,525
1777321333299,41170.00,8880.00,260000.00,489.60,525
1777321333326,41130.00,8880.00,260000.00,489.60,525
1777321333373,38730.00,8832.00,260000.00,489.60,525
1777321333400,41390.00,8872.00,260000.00,489.60,525
1777321333427,38710.00,8883.00,260000.00,489.60,525
1777321333475,39470.00,8880.00,260000.00,489.60,525
1777321333501,39490.00,8880.00,260000.00,489.60,525
1777321333527,40410.00,8872.00,260000.00,489.60,525
1777321333575,39950.00,8880.00,260000.00,489.60,525
1777321333601,40270.00,8881.00,260000.00,489.60,525
1777321333627,40380.00,8880.00,260000.00,489.60,525
1777321333654,39630.00,8880.00,260000.00,489.60,525
1777321333702,40510.00,8886.00,260000.00,489.60,525
1777321333728,40580.00,8870.00,260000.00,489.60,525
1777321333755,39660.00,8872.00,260000.00,489.60,525
1777321333803,40690.00,8880.00,260000.00,489.60,525
1777321333831,41610.00,8885.00,260000.00,489.60,525
1777321333857,39950.00,8885.00,260000.00,489.60,525
1777321333905,40470.00,8880.00,260000.00,489.60,525
1777321333932,39950.00,8865.00,260000.00,489.60,525
1777321333959,41250.00,8868.00,260000.00,489.60,525
1777321333986,41190.00,8880.00,260000.00,489.60,525
1777321334035,39600.00,8879.00,260000.00,489.60,525
1777321334063,40960.00,8840.00,260000.00,489.60,525
1777321334090,40510.00,8871.00,260000.00,489.60,525
1777321334117,40900.00,8883.00,260000.00,489.60,525
1777321334166,41430.00,8844.00,260000.00,489.60,525
1777321334194,39790.00,8892.00,260000.00,489.60,525
1777321334223,41300.00,8868.00,260000.00,489.60,525
1777321334250,40680.00,8832.00,260000.00,489.60,525
1777321334300,40780.00,8868.00,260000.00,489.60,525
1777321334327,39820.00,8874.00,260000.00,489.60,525
1777321334355,41390.00,8873.00,260000.00,489.60,525
1777321334405,39320.00,8832.00,260000.00,489.60,525
1777321334434,40100.00,8880.00,260000.00,489.60,525
1777321334463,40140.00,8873.00,260000.00,489.60,525
1777321334492,41650.00,8892.00,260000.00,489.60,525
1777321334523,40860.00,8884.00,260000.00,489.60,525
1777321334551,40170.00,8885.00,260000.00,489.60,525
1777321334581,40540.00,8885.00,260000.00,489.60,525
1777321334631,40900.00,8892.00,260000.00,489.60,525
1777321334663,40860.00,8892.00,260000.00,489.60,525
1777321334693,40600.00,8878.00,260000.00,489.60,525
1777321334722,39320.00,8885.00,260000.00,489.60,525
1777321334749,41310.00,8881.00,260000.00,489.60,525
1777321334864,40080.00,8712.00,260000.00,489.60,525
1777321334890,40570.00,8760.00,260000.00,489.60,525
1777321334915,41060.00,8749.00,260000.00,489.60,525
1777321334962,39650.00,8757.00,260000.00,489.60,525
1777321334987,39740.00,8752.00,260000.00,489.60,525
1777321335035,40280.00,8760.00,260000.00,489.60,525
1777321335061,40070.00,8760.00,260000.00,489.60,525
1777321335086,40000.00,8811.00,260000.00,489.60,525
1777321335133,40320.00,8855.00,260000.00,489.60,525
1777321335160,41360.00,8808.00,260000.00,489.60,525
1777321335186,40860.00,8808.00,260000.00,489.60,525
1777321335233,39910.00,8832.00,260000.00,489.60,525
1777321335260,40870.00,8826.00,260000.00,489.60,525
1777321335288,40330.00,8837.00,260000.00,489.60,525
1777321335315,40960.00,8877.00,260000.00,489.60,525
1777321335363,40440.00,8820.00,260000.00,489.60,525
1777321335388,40010.00,8856.00,260000.00,489.60,525
1777321335415,40710.00,8832.00,260000.00,489.60,525
1777321335463,40090.00,8820.00,260000.00,489.60,525
1777321335490,40770.00,8820.00,260000.00,489.60,525
1777321335517,41410.00,8820.00,260000.00,489.60,525
1777321335565,41290.00,8820.00,260000.00,489.60,525
1777321335592,39610.00,8826.00,260000.00,489.60,525
1777321335619,41810.00,8825.00,260000.00,489.60,525
1777321335646,41160.00,8871.00,260000.00,489.60,525
1777321335695,40050.00,8831.00,260000.00,489.60,525
1777321335723,39320.00,8861.00,260000.00,489.60,525
1777321335751,41130.00,8810.00,260000.00,489.60,525
1777321335799,40690.00,8832.00,260000.00,489.60,525
1777321335826,40700.00,8836.00,260000.00,489.60,525
1777321335853,39680.00,8836.00,260000.00,489.60,525
1777321335881,40690.00,8880.00,260000.00,489.60,525
1777321335930,40140.00,8832.00,260000.00,489.60,525
1777321335957,40000.00,8832.00,260000.00,489.60,525
1777321335985,40710.00,8872.00,260000.00,489.60,525
1777321336012,40740.00,8871.00,260000.00,489.60,525
1777321336062,41030.00,8808.00,260000.00,489.60,525
1777321336091,41250.00,8836.00,260000.00,489.60,525
1777321336118,39450.00,8877.00,260000.00,489.60,525
1777321336146,41010.00,8884.00,260000.00,489.60,525
1777321336195,41070.00,8832.00,260000.00,489.60,525
1777321336223,40520.00,8832.00,260000.00,489.60,525
1777321336250,41510.00,8832.00,260000.00,489.60,525
1777321336278,39850.00,8880.00,260000.00,489.60,525
1777321336327,39450.00,8832.00,260000.00,489.60,525
1777321336355,39600.00,8813.00,260000.00,489.60,525
1777321336382,41350.00,8880.00,260000.00,489.60,525
1777321336411,40200.00,8872.00,260000.00,489.60,525
1777321336460,39960.00,8835.00,260000.00,489.60,525
1777321336488,39900.00,8847.00,260000.00,489.60,525
1777321336516,40460.00,8848.00,260000.00,489.60,525
1777321336545,41600.00,8835.00,260000.00,489.60,525
1777321336594,40530.00,8832.00,260000.00,489.60,525
1777321336620,41110.00,8821.00,260000.00,489.60,525
1777321336649,39600.00,8817.00,260000.00,489.60,525
1777321336676,41900.00,8825.00,260000.00,489.60,525
1777321336726,40680.00,8820.00,260000.00,489.60,525
1777321336754,40920.00,8832.00,260000.00,489.60,525
1777321336782,41120.00,8832.00,260000.00,489.60,525
1777321336810,40230.00,8820.00,260000.00,489.60,525
1777321336837,39890.00,8868.00,260000.00,489.60,525
1777321336887,41340.00,8820.00,260000.00,489.60,525
1777321336914,40400.00,8824.00,260000.00,489.60,525
1777321336942,40320.00,8835.00,260000.00,489.60,525
1777321336970,40140.00,8871.00,260000.00,489.60,525
1777321337078,40420.00,8820.00,260000.00,489.60,525
1777321337100,40580.00,8760.00,260000.00,489.60,525
1777321337125,41080.00,8760.00,260000.00,489.60,525
1777321337170,39180.00,8688.00,260000.00,489.60,525
1777321337195,40660.00,8712.00,260000.00,489.60,525
1777321337219,41180.00,8753.00,260000.00,489.60,525
1777321337264,40830.00,8767.00,260000.00,489.60,525
1777321337290,40510.00,8766.00,260000.00,489.60,525
1777321337336,41240.00,8712.00,260000.00,489.60,525
1777321337360,40340.00,8765.00,260000.00,489.60,525
1777321337385,39800.00,8754.00,260000.00,489.60,525
1777321337431,40060.00,8760.00,260000.00,489.60,525
1777321337455,40490.00,8760.00,260000.00,489.60,525
1777321337502,40880.00,8820.00,260000.00,489.60,525
1777321337527,39930.00,8823.00,260000.00,489.60,525
1777321337552,39560.00,8808.00,260000.00,489.60,525
1777321337598,40190.00,8830.00,260000.00,489.60,525
1777321337623,41720.00,8824.00,260000.00,489.60,525
1777321337669,40680.00,8832.00,260000.00,489.60,525
1777321337695,39790.00,8820.00,260000.00,489.60,525
1777321337720,40840.00,8822.00,260000.00,489.60,525
1777321337767,40140.00,8820.00,260000.00,489.60,525
1777321337792,40020.00,8850.00,260000.00,489.60,525
1777321337818,40250.00,8826.00,260000.00,489.60,525
1777321337865,40660.00,8820.00,260000.00,489.60,525
1777321337890,40830.00,8820.00,260000.00,489.60,525
1777321337937,40440.00,8832.00,260000.00,489.60,525
1777321337964,40960.00,8825.00,260000.00,489.60,525
1777321337990,42430.00,8825.00,260000.00,489.60,525
1777321338016,40170.00,8824.00,260000.00,489.60,525
1777321338063,39840.00,8832.00,260000.00,489.60,525
1777321338089,40150.00,8820.00,260000.00,489.60,525
1777321338117,40500.00,8820.00,260000.00,489.60,525
1777321338164,39770.00,8820.00,260000.00,489.60,525
1777321338191,38330.00,8832.00,260000.00,489.60,525
1777321338218,41270.00,8832.00,260000.00,489.60,525
1777321338245,40710.00,8832.00,260000.00,489.60,525
1777321338294,41750.00,8820.00,260000.00,489.60,525
1777321338321,40960.00,8813.00,260000.00,489.60,525
1777321338347,41450.00,8827.00,260000.00,489.60,525
1777321338395,40700.00,8832.00,260000.00,489.60,525
1777321338423,39690.00,8832.00,260000.00,489.60,525
1777321338449,41050.00,8823.00,260000.00,489.60,525
1777321338498,40140.00,8820.00,260000.00,489.60,525
1777321338526,40940.00,8824.00,260000.00,489.60,525
1777321338554,40920.00,8808.00,260000.00,489.60,525
1777321338582,40880.00,8851.00,260000.00,489.60,525
1777321338631,39420.00,8818.00,260000.00,489.60,525
1777321338659,40990.00,8815.00,260000.00,489.60,525
1777321338686,40690.00,8813.00,260000.00,489.60,525
1777321338714,41110.00,8825.00,260000.00,489.60,525
1777321338765,40490.00,8772.00,260000.00,489.60,525
1777321338794,40860.00,8808.00,260000.00,489.60,525
1777321338822,41510.00,8820.00,260000.00,489.60,525
1777321338850,39410.00,8820.00,260000.00,489.60,525
1777321338900,40480.00,8819.00,260000.00,489.60,525
1777321338928,39830.00,8832.00,260000.00,489.60,525
1777321338955,39520.00,8832.00,260000.00,489.60,525
1777321338983,40570.00,8832.00,260000.00,489.60,525
1777321339011,41220.00,8832.00,260000.00,489.60,525
1777321339061,41420.00,8832.00,260000.00,489.60,525
1777321339090,40560.00,8825.00,260000.00,489.60,525
1777321339119,40440.00,8828.00,260000.00,489.60,525
1777321339148,40390.00,8820.00,260000.00,489.60,525
1777321339176,40130.00,8853.00,260000.00,489.60,525
1777321339274,39650.00,8756.00,260000.00,489.60,525
1777321339298,41090.00,8771.00,260000.00,489.60,525
1777321339322,41230.00,8772.00,260000.00,489.60,525
1777321339346,40880.00,8766.00,260000.00,489.60,525
1777321339391,41030.00,8760.00,260000.00,489.60,525
1777321339415,40410.00,8748.00,260000.00,489.60,525
1777321339460,39240.00,8764.00,260000.00,489.60,525
1777321339485,40080.00,8752.00,260000.00,489.60,525
1777321339530,39750.00,8751.00,260000.00,489.60,525
1777321339555,40710.00,8754.00,260000.00,489.60,525
1777321339579,41620.00,8760.00,260000.00,489.60,525
1777321339624,41210.00,8760.00,260000.00,489.60,525
1777321339649,39760.00,8760.00,260000.00,489.60,525
1777321339695,40840.00,8760.00,260000.00,489.60,525
1777321339720,40620.00,8766.00,260000.00,489.60,525
1777321339745,41210.00,8760.00,260000.00,489.60,525
1777321339791,40900.00,8762.00,260000.00,489.60,525
1777321339816,40650.00,8825.00,260000.00,489.60,525
1777321339862,39560.00,8880.00,260000.00,489.60,525
1777321339887,41750.00,8880.00,260000.00,489.60,525
1777321339911,38480.00,8832.00,260000.00,489.60,525
1777321339958,40000.00,8880.00,260000.00,489.60,525
1777321339984,39650.00,8880.00,260000.00,489.60,525
1777321340030,39830.00,8877.00,260000.00,489.60,525
1777321340056,40470.00,8873.00,260000.00,489.60,525
1777321340082,41970.00,8886.00,260000.00,489.60,525
1777321340129,39400.00,8880.00,260000.00,489.60,525
1777321340175,40030.00,8844.00,260000.00,489.60,525
1777321340199,39890.00,8844.00,260000.00,489.60,525
1777321340223,40730.00,8892.00,260000.00,489.60,525
1777321340249,42000.00,8885.00,260000.00,489.60,525
1777321340275,40350.00,8885.00,260000.00,489.60,525
1777321340321,39220.00,8874.00,260000.00,489.60,525
1777321340348,40840.00,8880.00,260000.00,489.60,525
1777321340394,39940.00,8871.00,260000.00,489.60,525
1777321340420,40990.00,8874.00,260000.00,489.60,525
1777321340446,39730.00,8880.00,260000.00,489.60,525
1777321340492,40200.00,8880.00,260000.00,489.60,525
1777321340518,39920.00,8874.00,260000.00,489.60,525
1777321340544,41590.00,8874.00,260000.00,489.60,525
1777321340591,40310.00,8890.00,260000.00,489.60,525
1777321340617,39500.00,8891.00,260000.00,489.60,525
1777321340643,40670.00,8880.00,260000.00,489.60,525
1777321340690,40360.00,8880.00,260000.00,489.60,525
1777321340717,40740.00,8892.00,260000.00,489.60,525
1777321340744,40380.00,8901.00,260000.00,489.60,525
1777321340793,40780.00,8892.00,260000.00,489.60,525
1777321340820,41320.00,8886.00,260000.00,489.60,525
1777321340846,41060.00,8887.00,260000.00,489.60,525
1777321340872,40510.00,8886.00,260000.00,489.60,525
1777321340921,41130.00,8892.00,260000.00,489.60,525
1777321340947,40080.00,8880.00,260000.00,489.60,525
1777321340974,40750.00,8885.00,260000.00,489.60,525
1777321341022,41130.00,8880.00,260000.00,489.60,525
1777321341049,40160.00,8892.00,260000.00,489.60,525
1777321341097,40560.00,8880.00,260000.00,489.60,525
1777321341123,40540.00,8880.00,260000.00,489.60,525
1777321341149,40070.00,8875.00,260000.00,489.60,525
1777321341177,39010.00,8875.00,260000.00,489.60,525
1777321341225,40320.00,8880.00,260000.00,489.60,525
1777321341252,40440.00,8880.00,260000.00,489.60,525
1777321341281,41760.00,8880.00,260000.00,489.60,525
1777321341374,41050.00,8760.00,260000.00,489.60,525
1777321341396,40660.00,8772.00,260000.00,489.60,525
1777321341420,41150.00,8785.00,260000.00,489.60,525
1777321341465,39710.00,8808.00,260000.00,489.60,525
1777321341490,40760.00,8808.00,260000.00,489.60,525
1777321341514,41430.00,8808.00,260000.00,489.60,525
1777321341559,40560.00,8760.00,260000.00,489.60,525
1777321341583,39840.00,8820.00,260000.00,489.60,525
1777321341630,40930.00,8772.00,260000.00,489.60,525
1777321341654,40390.00,8786.00,260000.00,489.60,525
1777321341700,39780.00,8772.00,260000.00,489.60,525
1777321341725,41350.00,8820.00,260000.00,489.60,525
1777321341749,40390.00,8808.00,260000.00,489.60,525
1777321341795,39190.00,8760.00,260000.00,489.60,525
1777321341820,40380.00,8772.00,260000.00,489.60,525
1777321341845,42100.00,8820.00,260000.00,489.60,525
1777321341891,41040.00,8820.00,260000.00,489.60,525
1777321341915,40580.00,8820.00,260000.00,489.60,525
1777321341961,39180.00,8772.00,260000.00,489.60,525
1777321341986,39860.00,8751.00,260000.00,489.60,525
1777321342011,41120.00,8764.00,260000.00,489.60,525
1777321342057,40590.00,8868.00,260000.00,489.60,525
1777321342083,39840.00,8915.00,260000.00,489.60,525
1777321342129,39910.00,8880.00,260000.00,489.60,525
1777321342154,40880.00,8892.00,260000.00,489.60,525
1777321342180,39480.00,8904.00,260000.00,489.60,525
1777321342227,39380.00,8832.00,260000.00,489.60,525
1777321342253,41860.00,8874.00,260000.00,489.60,525
1777321342278,41390.00,8874.00,260000.00,489.60,525
1777321342325,40730.00,8892.00,260000.00,489.60,525
1777321342350,40570.00,8892.00,260000.00,489.60,525
1777321342376,41430.00,8887.00,260000.00,489.60,525
1777321342425,39330.00,8868.00,260000.00,489.60,525
1777321342451,41010.00,8868.00,260000.00,489.60,525
1777321342477,39920.00,8880.00,260000.00,489.60,525
1777321342524,39610.00,8892.00,260000.00,489.60,525
1777321342550,40260.00,8886.00,260000.00,489.60,525
1777321342576,40160.00,8919.00,260000.00,489.60,525
1777321342623,41380.00,8892.00,260000.00,489.60,525
1777321342649,39050.00,8882.00,260000.00,489.60,525
1777321342676,41220.00,8923.00,260000.00,489.60,525
1777321342723,40160.00,8889.00,260000.00,489.60,525
1777321342752,41350.00,8880.00,260000.00,489.60,525
1777321342779,41240.00,8868.00,260000.00,489.60,525
1777321342806,41180.00,8892.00,260000.00,489.60,525
1777321342854,40060.00,8880.00,260000.00,489.60,525
1777321342881,40490.00,8873.00,260000.00,489.60,525
1777321342908,40260.00,8885.00,260000.00,489.60,525
1777321342955,39930.00,8892.00,260000.00,489.60,525
1777321342981,41220.00,8880.00,260000.00,489.60,525
1777321343008,40360.00,8832.00,260000.00,489.60,525
1777321343056,40450.00,8880.00,260000.00,489.60,525
1777321343083,39900.00,8880.00,260000.00,489.60,525
1777321343111,41710.00,8880.00,260000.00,489.60,525
1777321343138,40360.00,8892.00,260000.00,489.60,525
1777321343185,40380.00,8880.00,260000.00,489.60,525
1777321343291,39280.00,8760.00,260000.00,489.60,525
1777321343314,40050.00,8772.00,260000.00,489.60,525
1777321343359,41260.00,8712.00,260000.00,489.60,525
1777321343383,41370.00,8760.00,260000.00,489.60,525
1777321343407,41680.00,8748.00,260000.00,489.60,525
1777321343453,40040.00,8760.00,260000.00,489.60,525
1777321343477,39870.00,8765.00,260000.00,489.60,525
1777321343523,40300.00,8767.00,260000.00,489.60,525
1777321343547,40410.00,8772.00,260000.00,489.60,525
1777321343592,40510.00,8712.00,260000.00,489.60,525
1777321343616,39280.00,8760.00,260000.00,489.60,525
1777321343641,40270.00,8760.00,260000.00,489.60,525
1777321343686,39700.00,8766.00,260000.00,489.60,525
1777321343712,40900.00,8755.00,260000.00,489.60,525
1777321343737,40950.00,8772.00,260000.00,489.60,525
1777321343783,41420.00,8772.00,260000.00,489.60,525
1777321343807,40540.00,8766.00,260000.00,489.60,525
1777321343853,40390.00,8772.00,260000.00,489.60,525
1777321343878,40740.00,8764.00,260000.00,489.60,525
1777321343902,40470.00,8813.00,260000.00,489.60,525
1777321343948,41360.00,8760.00,260000.00,489.60,525
1777321343973,41110.00,8760.00,260000.00,489.60,525
1777321344019,39910.00,8716.00,260000.00,489.60,525
1777321344045,40660.00,8760.00,260000.00,489.60,525
1777321344070,40960.00,8772.00,260000.00,489.60,525
1777321344117,41100.00,8760.00,260000.00,489.60,525
1777321344143,41820.00,8760.00,260000.00,489.60,525
1777321344168,40340.00,8753.00,260000.00,489.60,525
1777321344215,41110.00,8760.00,260000.00,489.60,525
1777321344240,39400.00,8808.00,260000.00,489.60,525
1777321344264,42230.00,8820.00,260000.00,489.60,525
1777321344311,40510.00,8808.00,260000.00,489.60,525
1777321344337,41740.00,8820.00,260000.00,489.60,525
1777321344384,40340.00,8832.00,260000.00,489.60,525
1777321344410,39520.00,8825.00,260000.00,489.60,525
1777321344435,39300.00,8838.00,260000.00,489.60,525
1777321344483,39470.00,8832.00,260000.00,489.60,525
1777321344510,40650.00,8815.00,260000.00,489.60,525
1777321344536,40980.00,8866.00,260000.00,489.60,525
1777321344584,39710.00,8823.00,260000.00,489.60,525
1777321344612,40440.00,8820.00,260000.00,489.60,525
1777321344639,39640.00,8808.00,260000.00,489.60,525
1777321344665,40750.00,8820.00,260000.00,489.60,525
1777321344713,40440.00,8812.00,260000.00,489.60,525
1777321344740,40440.00,8825.00,260000.00,489.60,525
1777321344767,40390.00,8843.00,260000.00,489.60,525
1777321344816,39970.00,8832.00,260000.00,489.60,525
1777321344843,39800.00,8808.00,260000.00,489.60,525
1777321344868,41150.00,8849.00,260000.00,489.60,525
1777321344916,40370.00,8866.00,260000.00,489.60,525
1777321344943,40950.00,8832.00,260000.00,489.60,525
1777321344969,40790.00,8832.00,260000.00,489.60,525
1777321345017,41160.00,8820.00,260000.00,489.60,525
1777321345093,41200.00,8700.00,260000.00,489.60,525
1777321345116,40530.00,8760.00,260000.00,489.60,525
1777321345161,40990.00,8760.00,260000.00,489.60,525
1777321345186,40870.00,8754.00,260000.00,489.60,525
1777321345231,40660.00,8712.00,260000.00,489.60,525
1777321345256,40030.00,8724.00,260000.00,489.60,525
1777321345280,41060.00,8728.00,260000.00,489.60,525
1777321345326,40550.00,8750.00,260000.00,489.60,525
1777321345350,39700.00,8760.00,260000.00,489.60,525
1777321345396,40400.00,8760.00,260000.00,489.60,525
1777321345420,40620.00,8753.00,260000.00,489.60,525
1777321345444,40690.00,8748.00,260000.00,489.60,525
1777321345489,40970.00,8758.00,260000.00,489.60,525
1777321345514,40480.00,8766.00,260000.00,489.60,525
1777321345559,41280.00,8712.00,260000.00,489.60,525
1777321345584,39240.00,8755.00,260000.00,489.60,525
1777321345630,40490.00,8712.00,260000.00,489.60,525
1777321345655,40080.00,8724.00,260000.00,489.60,525
1777321345680,40860.00,8760.00,260000.00,489.60,525
1777321345726,40110.00,8700.00,260000.00,489.60,525
1777321345751,39920.00,8717.00,260000.00,489.60,525
1777321345776,40340.00,8748.00,260000.00,489.60,525
1777321345822,39650.00,8765.00,260000.00,489.60,525
1777321345846,41450.00,8764.00,260000.00,489.60,525
1777321345872,41230.00,8760.00,260000.00,489.60,525
1777321345919,40190.00,8760.00,260000.00,489.60,525
1777321345945,39840.00,8760.00,260000.00,489.60,525
1777321345992,40600.00,8700.00,260000.00,489.60,525
1777321346017,40830.00,8760.00,260000.00,489.60,525
1777321346043,39120.00,8755.00,260000.00,489.60,525
1777321346090,41230.00,8760.00,260000.00,489.60,525
1777321346116,40630.00,8754.00,260000.00,489.60,525
1777321346142,41140.00,8760.00,260000.00,489.60,525
1777321346189,41350.00,8712.00,260000.00,489.60,525
1777321346215,40880.00,8754.00,260000.00,489.60,525
1777321346241,40040.00,8753.00,260000.00,489.60,525
1777321346288,40640.00,8738.00,260000.00,489.60,525
1777321346314,40900.00,8760.00,260000.00,489.60,525
1777321346340,40310.00,8813.00,260000.00,489.60,525
1777321346387,39580.00,8820.00,260000.00,489.60,525
1777321346413,40670.00,8813.00,260000.00,489.60,525
1777321346439,40770.00,8868.00,260000.00,489.60,525
1777321346487,39680.00,8832.00,260000.00,489.60,525
1777321346514,40100.00,8824.00,260000.00,489.60,525
1777321346541,39800.00,8826.00,260000.00,489.60,525
1777321346589,41120.00,8820.00,260000.00,489.60,525
1777321346616,40180.00,8829.00,260000.00,489.60,525
1777321346642,40310.00,8832.00,260000.00,489.60,525
1777321346670,39460.00,8831.00,260000.00,489.60,525
1777321346718,39820.00,8820.00,260000.00,489.60,525
1777321346792,41150.00,8748.00,260000.00,489.60,525
1777321346816,40240.00,8748.00,260000.00,489.60,525
1777321346840,40490.00,8757.00,260000.00,489.60,525
1777321346864,39530.00,8769.00,260000.00,489.60,525
1777321346910,40340.00,8772.00,260000.00,489.60,525
1777321346933,41170.00,8752.00,260000.00,489.60,525
1777321346978,40370.00,8772.00,260000.00,489.60,525
1777321347002,39300.00,8820.00,260000.00,489.60,525
1777321347047,40960.00,8772.00,260000.00,489.60,525
1777321347072,41860.00,8772.00,260000.00,489.60,525
1777321347117,40120.00,8772.00,260000.00,489.60,525
1777321347141,40160.00,8753.00,260000.00,489.60,525
1777321347165,41990.00,8760.00,260000.00,489.60,525
1777321347211,39950.00,8772.00,260000.00,489.60,525
1777321347235,40230.00,8767.00,260000.00,489.60,525
1777321347282,40070.00,8760.00,260000.00,489.60,525
1777321347307,41010.00,8760.00,260000.00,489.60,525
1777321347331,39860.00,8810.00,260000.00,489.60,525
1777321347377,40990.00,8764.00,260000.00,489.60,525
1777321347402,40520.00,8794.00,260000.00,489.60,525
1777321347448,40750.00,8772.00,260000.00,489.60,525
1777321347472,40550.00,8764.00,260000.00,489.60,525
1777321347497,40100.00,8766.00,260000.00,489.60,525
1777321347543,40570.00,8772.00,260000.00,489.60,525
1777321347569,41700.00,8760.00,260000.00,489.60,525
1777321347615,40490.00,8760.00,260000.00,489.60,525
1777321347641,39270.00,8772.00,260000.00,489.60,525
1777321347667,40820.00,8772.00,260000.00,489.60,525
1777321347713,39930.00,8760.00,260000.00,489.60,525
1777321347738,40640.00,8753.00,260000.00,489.60,525
1777321347764,39520.00,8767.00,260000.00,489.60,525
1777321347811,40050.00,8760.00,260000.00,489.60,525
1777321347837,40800.00,8754.00,260000.00,489.60,525
1777321347863,40800.00,8766.00,260000.00,489.60,525
1777321347910,41490.00,8766.00,260000.00,489.60,525
1777321347936,41530.00,8760.00,260000.00,489.60,525
1777321347962,40410.00,8797.00,260000.00,489.60,525
1777321348009,40560.00,8819.00,260000.00,489.60,525
1777321348035,41480.00,8760.00,260000.00,489.60,525
1777321348066,40650.00,8783.00,260000.00,489.60,525
1777321348092,40630.00,8768.00,260000.00,489.60,525
1777321348141,40090.00,8760.00,260000.00,489.60,525
1777321348167,40170.00,8760.00,260000.00,489.60,525
1777321348194,40000.00,8787.00,260000.00,489.60,525
1777321348242,40650.00,8847.00,260000.00,489.60,525
1777321348269,41260.00,8907.00,260000.00,489.60,525
1777321348295,40200.00,8940.00,260000.00,489.60,525
1777321348343,40470.00,8880.00,260000.00,489.60,525
1777321348371,41110.00,8880.00,260000.00,489.60,525
1777321348455,39590.00,8820.00,260000.00,489.60,525
1777321348479,41620.00,8820.00,260000.00,489.60,525
1777321348524,41010.00,8820.00,260000.00,489.60,525
1777321348548,40610.00,8815.00,260000.00,489.60,525
1777321348573,40070.00,8845.00,260000.00,489.60,525
1777321348618,40970.00,8832.00,260000.00,489.60,525
1777321348642,40400.00,8832.00,260000.00,489.60,525
1777321348688,40430.00,8808.00,260000.00,489.60,525
1777321348712,41110.00,8831.00,260000.00,489.60,525
1777321348757,40680.00,8760.00,260000.00,489.60,525
1777321348782,40020.00,8820.00,260000.00,489.60,525
1777321348807,41500.00,8825.00,260000.00,489.60,525
1777321348852,41380.00,8819.00,260000.00,489.60,525
1777321348877,40760.00,8825.00,260000.00,489.60,525
1777321348922,41440.00,8772.00,260000.00,489.60,525
1777321348947,38890.00,8820.00,260000.00,489.60,525
1777321348972,42310.00,8820.00,260000.00,489.60,525
1777321349018,41330.00,8808.00,260000.00,489.60,525
1777321349043,39170.00,8808.00,260000.00,489.60,525
1777321349089,40140.00,8760.00,260000.00,489.60,525
1777321349114,41800.00,8812.00,260000.00,489.60,525
1777321349139,40480.00,8808.00,260000.00,489.60,525
1777321349186,39410.00,8772.00,260000.00,489.60,525
1777321349211,40110.00,8815.00,260000.00,489.60,525
1777321349237,39980.00,8832.00,260000.00,489.60,525
1777321349284,39480.00,8832.00,260000.00,489.60,525
1777321349310,41060.00,8820.00,260000.00,489.60,525
1777321349335,40250.00,8775.00,260000.00,489.60,525
1777321349383,41670.00,8808.00,260000.00,489.60,525
1777321349408,40880.00,8832.00,260000.00,489.60,525
1777321349434,41310.00,8820.00,260000.00,489.60,525
1777321349481,41460.00,8808.00,260000.00,489.60,525
1777321349507,39510.00,8826.00,260000.00,489.60,525
1777321349555,41480.00,8772.00,260000.00,489.60,525
1777321349581,41280.00,8820.00,260000.00,489.60,525
1777321349607,39740.00,8813.00,260000.00,489.60,525
1777321349633,40480.00,8825.00,260000.00,489.60,525
1777321349681,38960.00,8784.00,260000.00,489.60,525
1777321349706,40000.00,8820.00,260000.00,489.60,525
1777321349753,39700.00,8760.00,260000.00,489.60,525
1777321349779,41160.00,8753.00,260000.00,489.60,525
1777321349805,39970.00,8808.00,260000.00,489.60,525
1777321349854,39030.00,8822.00,260000.00,489.60,525
1777321349880,40610.00,8772.00,260000.00,489.60,525
1777321349907,39980.00,8814.00,260000.00,489.60,525
1777321349954,41180.00,8772.00,260000.00,489.60,525
1777321350039,40420.00,8753.00,260000.00,489.60,525
1777321350065,39760.00,8801.00,260000.00,489.60,525
1777321350090,39970.00,8820.00,260000.00,489.60,525
1777321350115,39590.00,8816.00,260000.00,489.60,525
1777321350163,40660.00,8820.00,260000.00,489.60,525
1777321350188,40740.00,8808.00,260000.00,489.60,525
1777321350214,40510.00,8808.00,260000.00,489.60,525
1777321350260,40200.00,8815.00,260000.00,489.60,525
1777321350286,40870.00,8812.00,260000.00,489.60,525
1777321350312,40200.00,8820.00,260000.00,489.60,525
1777321350358,40200.00,8775.00,260000.00,489.60,525
1777321350384,40540.00,8814.00,260000.00,489.60,525
1777321350410,40820.00,8826.00,260000.00,489.60,525
1777321350457,39490.00,8784.00,260000.00,489.60,525
1777321350484,41500.00,8832.00,260000.00,489.60,525
1777321350510,40230.00,8832.00,260000.00,489.60,525
1777321350557,40840.00,8820.00,260000.00,489.60,525
1777321350583,39370.00,8832.00,260000.00,489.60,525
1777321350609,41300.00,8820.00,260000.00,489.60,525
1777321350657,40950.00,8820.00,260000.00,489.60,525
1777321350684,40080.00,8815.00,260000.00,489.60,525
1777321350711,40370.00,8814.00,260000.00,489.60,525
1777321350758,41740.00,8800.00,260000.00,489.60,525
1777321350784,40810.00,8784.00,260000.00,489.60,525
1777321350811,40770.00,8832.00,260000.00,489.60,525
1777321350858,39720.00,8772.00,260000.00,489.60,525
1777321350886,39970.00,8772.00,260000.00,489.60,525
1777321350913,41160.00,8829.00,260000.00,489.60,525
1777321350940,39970.00,8820.00,260000.00,489.60,525
1777321350988,40370.00,8820.00,260000.00,489.60,525
1777321351014,39800.00,8814.00,260000.00,489.60,525
1777321351040,40660.00,8827.00,260000.00,489.60,525
1777321351088,41020.00,8832.00,260000.00,489.60,525
1777321351115,40560.00,8820.00,260000.00,489.60,525
1777321351142,39710.00,8820.00,260000.00,489.60,525
1777321351190,40610.00,8820.00,260000.00,489.60,525
1777321351218,40570.00,8820.00,260000.00,489.60,525
1777321351245,41090.00,8814.00,260000.00,489.60,525
1777321351272,40360.00,8812.00,260000.00,489.60,525
1777321351321,40290.00,8820.00,260000.00,489.60,525
1777321351349,39290.00,8791.00,260000.00,489.60,525
1777321351377,41130.00,8814.00,260000.00,489.60,525
1777321351405,40430.00,8773.00,260000.00,489.60,525
1777321351486,39340.00,8748.00,260000.00,489.60,525
1777321351509,41380.00,8772.00,260000.00,489.60,525
1777321351533,40100.00,8772.00,260000.00,489.60,525
1777321351557,41010.00,8740.00,260000.00,489.60,525
1777321351602,41480.00,8760.00,260000.00,489.60,525
1777321351626,39660.00,8748.00,260000.00,489.60,525
1777321351672,40060.00,8760.00,260000.00,489.60,525
1777321351697,40550.00,8775.00,260000.00,489.60,525
1777321351742,39790.00,8772.00,260000.00,489.60,525
1777321351767,40900.00,8826.00,260000.00,489.60,525
1777321351792,40540.00,8887.00,260000.00,489.60,525
1777321351838,39560.00,8844.00,260000.00,489.60,525
1777321351862,40380.00,8832.00,260000.00,489.60,525
1777321351908,39510.00,8824.00,260000.00,489.60,525
1777321351934,40640.00,8826.00,260000.00,489.60,525
1777321351960,39920.00,8808.00,260000.00,489.60,525
1777321352006,41030.00,8820.00,260000.00,489.60,525
1777321352031,40240.00,8832.00,260000.00,489.60,525
1777321352056,40690.00,8825.00,260000.00,489.60,525
1777321352102,39910.00,8820.00,260000.00,489.60,525
1777321352127,40530.00,8825.00,260000.00,489.60,525
1777321352173,39230.00,8766.00,260000.00,489.60,525
1777321352200,40720.00,8820.00,260000.00,489.60,525
1777321352225,40800.00,8832.00,260000.00,489.60,525
1777321352272,40310.00,8820.00,260000.00,489.60,525
1777321352297,40940.00,8813.00,260000.00,489.60,525
1777321352323,39340.00,8814.00,260000.00,489.60,525
1777321352369,40550.00,8820.00,260000.00,489.60,525
1777321352395,40430.00,8826.00,260000.00,489.60,525
1777321352421,41090.00,8826.00,260000.00,489.60,525
1777321352468,39210.00,8832.00,260000.00,489.60,525
1777321352494,40850.00,8832.00,260000.00,489.60,525
1777321352520,40390.00,8832.00,260000.00,489.60,525
1777321352568,40620.00,8820.00,260000.00,489.60,525
1777321352594,39830.00,8825.00,260000.00,489.60,525
1777321352621,39290.00,8858.00,260000.00,489.60,525
1777321352669,40210.00,8815.00,260000.00,489.60,525
1777321352695,40030.00,8825.00,260000.00,489.60,525
1777321352722,40680.00,8826.00,260000.00,489.60,525
1777321352769,39660.00,8820.00,260000.00,489.60,525
1777321352796,40070.00,8813.00,260000.00,489.60,525
1777321352889,80530.00,8700.00,260000.00,979.20,1050
1777321352913,40810.00,8816.00,260000.00,489.60,525
1777321352938,39500.00,8820.00,260000.00,489.60,525
1777321352984,40920.00,8772.00,260000.00,489.60,525
1777321353009,39810.00,8808.00,260000.00,489.60,525
1777321353055,40320.00,8760.00,260000.00,489.60,525
1777321353081,42350.00,8760.00,260000.00,489.60,525
1777321353106,40940.00,8760.00,260000.00,489.60,525
1777321353151,39990.00,8760.00,260000.00,489.60,525
1777321353176,39230.00,8757.00,260000.00,489.60,525
1777321353223,39430.00,8760.00,260000.00,489.60,525
1777321353248,40930.00,8798.00,260000.00,489.60,525
1777321353273,42070.00,8804.00,260000.00,489.60,525
1777321353319,40320.00,8754.00,260000.00,489.60,525
1777321353345,40390.00,8817.00,260000.00,489.60,525
1777321353370,39700.00,8817.00,260000.00,489.60,525
1777321353416,41510.00,8820.00,260000.00,489.60,525
1777321353442,40120.00,8880.00,260000.00,489.60,525
1777321353488,40760.00,8832.00,260000.00,489.60,525
1777321353514,39500.00,8892.00,260000.00,489.60,525
1777321353539,39730.00,8889.00,260000.00,489.60,525
1777321353586,40260.00,8832.00,260000.00,489.60,525
1777321353612,40550.00,8868.00,260000.00,489.60,525
1777321353637,39860.00,8868.00,260000.00,489.60,525
1777321353685,40640.00,8892.00,260000.00,489.60,525
1777321353711,41030.00,8880.00,260000.00,489.60,525
1777321353737,39860.00,8891.00,260000.00,489.60,525
1777321353783,39610.00,8880.00,260000.00,489.60,525
1777321353809,40810.00,8880.00,260000.00,489.60,525
1777321353834,41740.00,8832.00,260000.00,489.60,525
1777321353882,41500.00,8868.00,260000.00,489.60,525
1777321353907,40190.00,8868.00,260000.00,489.60,525
1777321353933,40700.00,8868.00,260000.00,489.60,525
1777321353980,40250.00,8876.00,260000.00,489.60,525
1777321354006,40420.00,8884.00,260000.00,489.60,525
1777321354033,39980.00,8892.00,260000.00,489.60,525
1777321354080,41120.00,8892.00,260000.00,489.60,525
1777321354106,40770.00,8892.00,260000.00,489.60,525
1777321354183,40810.00,8820.00,260000.00,489.60,525
1777321354206,40230.00,8832.00,260000.00,489.60,525
1777321354251,41130.00,8768.00,260000.00,489.60,525
1777321354275,39610.00,8812.00,260000.00,489.60,525
1777321354320,39360.00,8832.00,260000.00,489.60,525
1777321354344,40750.00,8832.00,260000.00,489.60,525
1777321354369,40350.00,8823.00,260000.00,489.60,525
1777321354413,39510.00,8802.00,260000.00,489.60,525
1777321354438,41110.00,8832.00,260000.00,489.60,525
1777321354483,40240.00,8822.00,260000.00,489.60,525
1777321354509,40480.00,8809.00,260000.00,489.60,525
1777321354533,40800.00,8808.00,260000.00,489.60,525
1777321354578,40290.00,8820.00,260000.00,489.60,525
1777321354602,40840.00,8827.00,260000.00,489.60,525
1777321354648,39620.00,8766.00,260000.00,489.60,525
1777321354672,40700.00,8811.00,260000.00,489.60,525
1777321354697,41440.00,8829.00,260000.00,489.60,525
1777321354742,39980.00,8832.00,260000.00,489.60,525
1777321354767,41340.00,8832.00,260000.00,489.60,525
1777321354813,40380.00,8786.00,260000.00,489.60,525
1777321354838,41230.00,8808.00,260000.00,489.60,525
1777321354863,39320.00,8819.00,260000.00,489.60,525
1777321354909,40870.00,8825.00,260000.00,489.60,525
1777321354934,41020.00,8813.00,260000.00,489.60,525
1777321354981,41410.00,8820.00,260000.00,489.60,525
1777321355007,40150.00,8874.00,260000.00,489.60,525
1777321355032,40470.00,8940.00,260000.00,489.60,525
1777321355078,40270.00,8892.00,260000.00,489.60,525
1777321355103,40530.00,8892.00,260000.00,489.60,525
1777321355128,39870.00,8892.00,260000.00,489.60,525
1777321355174,41320.00,8892.00,260000.00,489.60,525
1777321355200,39740.00,8904.00,260000.00,489.60,525
1777321355246,41760.00,8892.00,260000.00,489.60,525
1777321355271,40160.00,8885.00,260000.00,489.60,525
1777321355297,40150.00,8876.00,260000.00,489.60,525
1777321355343,39390.00,8892.00,260000.00,489.60,525
1777321355366,39810.00,8881.00,260000.00,489.60,525
1777321355449,80090.00,8820.00,260000.00,979.20,1050
1777321355473,40700.00,8880.00,260000.00,489.60,525
1777321355518,41790.00,8816.00,260000.00,489.60,525
1777321355543,41420.00,8878.00,260000.00,489.60,525
1777321355589,42310.00,8858.00,260000.00,489.60,525
1777321355613,40880.00,8892.00,260000.00,489.60,525
1777321355637,39610.00,8880.00,260000.00,489.60,525
1777321355683,38970.00,8884.00,260000.00,489.60,525
1777321355707,39370.00,8880.00,260000.00,489.60,525
1777321355753,41310.00,8868.00,260000.00,489.60,525
1777321355778,40240.00,8880.00,260000.00,489.60,525
1777321355803,40310.00,8875.00,260000.00,489.60,525
1777321355849,40690.00,8878.00,260000.00,489.60,525
1777321355874,40930.00,8874.00,260000.00,489.60,525
1777321355920,41200.00,8839.00,260000.00,489.60,525
1777321355945,40180.00,8867.00,260000.00,489.60,525
1777321355970,39450.00,8880.00,260000.00,489.60,525
1777321356016,41090.00,8885.00,260000.00,489.60,525
1777321356041,41250.00,8877.00,260000.00,489.60,525
1777321356067,39930.00,8868.00,260000.00,489.60,525
1777321356113,41060.00,8892.00,260000.00,489.60,525
1777321356138,41850.00,8892.00,260000.00,489.60,525
1777321356184,40290.00,8880.00,260000.00,489.60,525
1777321356211,41340.00,8892.00,260000.00,489.60,525
1777321356236,40880.00,8886.00,260000.00,489.60,525
1777321356283,40410.00,8832.00,260000.00,489.60,525
1777321356309,40230.00,8892.00,260000.00,489.60,525
1777321356334,40140.00,8892.00,260000.00,489.60,525
1777321356381,41150.00,8880.00,260000.00,489.60,525
1777321356407,40740.00,8938.00,260000.00,489.60,525
1777321356432,40320.00,8894.00,260000.00,489.60,525
1777321356479,41030.00,8952.00,260000.00,489.60,525
1777321356505,41940.00,8946.00,260000.00,489.60,525
1777321356531,40130.00,8931.00,260000.00,489.60,525
1777321356579,39700.00,8952.00,260000.00,489.60,525
1777321356651,41440.00,8928.00,260000.00,489.60,525
1777321356674,40180.00,8866.00,260000.00,489.60,525
1777321356700,40560.00,8880.00,260000.00,489.60,525
1777321356745,40590.00,8878.00,260000.00,489.60,525
1777321356769,40400.00,8878.00,260000.00,489.60,525
1777321356793,40950.00,8872.00,260000.00,489.60,525
1777321356838,41120.00,8880.00,260000.00,489.60,525
1777321356863,39600.00,8874.00,260000.00,489.60,525
1777321356910,39720.00,8880.00,260000.00,489.60,525
1777321356935,41100.00,8885.00,260000.00,489.60,525
1777321356958,41400.00,8892.00,260000.00,489.60,525
1777321357004,40020.00,8886.00,260000.00,489.60,525
1777321357029,41150.00,8868.00,260000.00,489.60,525
1777321357075,40920.00,8832.00,260000.00,489.60,525
1777321357100,39700.00,8874.00,260000.00,489.60,525
1777321357124,41270.00,8886.00,260000.00,489.60,525
1777321357170,40410.00,8880.00,260000.00,489.60,525
1777321357196,41030.00,8873.00,260000.00,489.60,525
1777321357243,39930.00,8820.00,260000.00,489.60,525
1777321357267,41120.00,8880.00,260000.00,489.60,525
1777321357292,40380.00,8892.00,260000.00,489.60,525
1777321357339,40510.00,8832.00,260000.00,489.60,525
1777321357364,40010.00,8886.00,260000.00,489.60,525
1777321357390,40800.00,8892.00,260000.00,489.60,525
1777321357437,39640.00,8832.00,260000.00,489.60,525
1777321357462,39890.00,8874.00,260000.00,489.60,525
1777321357488,39640.00,8871.00,260000.00,489.60,525
1777321357535,39800.00,8832.00,260000.00,489.60,525
1777321357561,41730.00,8872.00,260000.00,489.60,525
1777321357607,40390.00,8832.00,260000.00,489.60,525
1777321357632,40050.00,8832.00,260000.00,489.60,525
1777321357658,40250.00,8892.00,260000.00,489.60,525
1777321357705,40550.00,8832.00,260000.00,489.60,525
1777321357731,40810.00,8824.00,260000.00,489.60,525
1777321357803,40760.00,8756.00,260000.00,489.60,525
1777321357827,41380.00,8820.00,260000.00,489.60,525
1777321357872,39720.00,8868.00,260000.00,489.60,525
1777321357896,40550.00,8881.00,260000.00,489.60,525
1777321357941,40100.00,8820.00,260000.00,489.60,525
1777321357965,41500.00,8832.00,260000.00,489.60,525
1777321357990,39860.00,8832.00,260000.00,489.60,525
1777321358035,39770.00,8831.00,260000.00,489.60,525
1777321358059,40940.00,8870.00,260000.00,489.60,525
1777321358105,40350.00,8822.00,260000.00,489.60,525
1777321358130,39970.00,8822.00,260000.00,489.60,525
1777321358154,39700.00,8875.00,260000.00,489.60,525
1777321358201,39990.00,8808.00,260000.00,489.60,525
1777321358226,40480.00,8868.00,260000.00,489.60,525
1777321358251,40410.00,8868.00,260000.00,489.60,525
1777321358297,41130.00,8832.00,260000.00,489.60,525
1777321358322,40840.00,8875.00,260000.00,489.60,525
1777321358369,40920.00,8830.00,260000.00,489.60,525
1777321358395,41930.00,8826.00,260000.00,489.60,525
1777321358420,40600.00,8873.00,260000.00,489.60,525
1777321358466,40230.00,8825.00,260000.00,489.60,525
1777321358492,41200.00,8880.00,260000.00,489.60,525
1777321358518,40310.00,8880.00,260000.00,489.60,525
1777321358564,40740.00,8832.00,260000.00,489.60,525
1777321358590,40070.00,8880.00,260000.00,489.60,525
1777321358616,42160.00,8892.00,260000.00,489.60,525
1777321358660,40220.00,8820.00,260000.00,489.60,525
1777321358683,40540.00,8869.00,260000.00,489.60,525
1777321358728,40550.00,8811.00,260000.00,489.60,525
1777321358754,39830.00,8812.00,260000.00,489.60,525
1777321358800,39090.00,8820.00,260000.00,489.60,525
1777321358823,40480.00,8880.00,260000.00,489.60,525
1777321358901,79210.00,8772.00,260000.00,979.20,1050
1777321358924,40350.00,8840.00,260000.00,489.60,525
1777321358970,40630.00,8832.00,260000.00,489.60,525
1777321358994,40810.00,8824.00,260000.00,489.60,525
1777321359039,40980.00,8782.00,260000.00,489.60,525
1777321359063,39400.00,8808.00,260000.00,489.60,525
1777321359087,41260.00,8822.00,260000.00,489.60,525
1777321359132,39350.00,8832.00,260000.00,489.60,525
1777321359157,40510.00,8892.00,260000.00,489.60,525
1777321359201,40590.00,8880.00,260000.00,489.60,525
1777321359225,40310.00,8883.00,260000.00,489.60,525
1777321359271,41670.00,8892.00,260000.00,489.60,525
1777321359294,40250.00,8882.00,260000.00,489.60,525
1777321359318,39840.00,8940.00,260000.00,489.60,525
1777321359363,40740.00,8892.00,260000.00,489.60,525
1777321359387,40340.00,8853.00,260000.00,489.60,525
1777321359432,40100.00,8871.00,260000.00,489.60,525
1777321359459,40240.00,8868.00,260000.00,489.60,525
1777321359484,39730.00,8940.00,260000.00,489.60,525
1777321359530,39410.00,8892.00,260000.00,489.60,525
1777321359555,40950.00,8901.00,260000.00,489.60,525
1777321359602,40300.00,8892.00,260000.00,489.60,525
1777321359627,40240.00,8884.00,260000.00,489.60,525
1777321359653,42290.00,8931.00,260000.00,489.60,525
1777321359700,40290.00,8880.00,260000.00,489.60,525
1777321359725,39830.00,8880.00,260000.00,489.60,525
1777321359750,41440.00,8826.00,260000.00,489.60,525
1777321359798,40020.00,8868.00,260000.00,489.60,525
1777321359824,40750.00,8886.00,260000.00,489.60,525
1777321359850,41520.00,8896.00,260000.00,489.60,525
1777321359897,40110.00,8892.00,260000.00,489.60,525
1777321359962,40390.00,8820.00,260000.00,489.60,525
1777321359987,41250.00,8860.00,260000.00,489.60,525
1777321360011,41300.00,8870.00,260000.00,489.60,525
1777321360036,40370.00,8870.00,260000.00,489.60,525
1777321360084,39110.00,8835.00,260000.00,489.60,525
1777321360108,40820.00,8844.00,260000.00,489.60,525
1777321360133,39170.00,8860.00,260000.00,489.60,525
1777321360179,40520.00,8877.00,260000.00,489.60,525
1777321360204,41490.00,8877.00,260000.00,489.60,525
1777321360249,41130.00,8880.00,260000.00,489.60,525
1777321360274,41680.00,8880.00,260000.00,489.60,525
1777321360301,40570.00,8868.00,260000.00,489.60,525
1777321360347,40530.00,8878.00,260000.00,489.60,525
1777321360372,39920.00,8827.00,260000.00,489.60,525
1777321360397,41910.00,8886.00,260000.00,489.60,525
1777321360443,40170.00,8940.00,260000.00,489.60,525
1777321360468,39330.00,8875.00,260000.00,489.60,525
1777321360514,40760.00,8892.00,260000.00,489.60,525
1777321360540,40760.00,8880.00,260000.00,489.60,525
1777321360565,40110.00,8880.00,260000.00,489.60,525
1777321360612,40600.00,8880.00,260000.00,489.60,525
1777321360637,40720.00,8885.00,260000.00,489.60,525
1777321360664,40940.00,8933.00,260000.00,489.60,525
1777321360712,40880.00,8892.00,260000.00,489.60,525
1777321360737,39630.00,8892.00,260000.00,489.60,525
1777321360763,41760.00,8873.00,260000.00,489.60,525
1777321360810,40160.00,8845.00,260000.00,489.60,525
1777321360836,39300.00,8880.00,260000.00,489.60,525
1777321360863,41340.00,8880.00,260000.00,489.60,525
1777321360910,40900.00,8880.00,260000.00,489.60,525
1777321360936,40550.00,8875.00,260000.00,489.60,525
1777321360963,38670.00,8890.00,260000.00,489.60,525
1777321361057,40580.00,8892.00,260000.00,489.60,525
1777321361080,40520.00,8784.00,260000.00,489.60,525
1777321361104,41920.00,8832.00,260000.00,489.60,525
1777321361148,40540.00,8748.00,260000.00,489.60,525
1777321361173,40940.00,8815.00,260000.00,489.60,525
1777321361197,40270.00,8808.00,260000.00,489.60,525
1777321361242,40820.00,8795.00,260000.00,489.60,525
1777321361266,40660.00,8820.00,260000.00,489.60,525
1777321361313,41010.00,8801.00,260000.00,489.60,525
1777321361338,41760.00,8814.00,260000.00,489.60,525
1777321361363,41320.00,8827.00,260000.00,489.60,525
1777321361408,40020.00,8820.00,260000.00,489.60,525
1777321361433,40840.00,8820.00,260000.00,489.60,525
1777321361478,39600.00,8820.00,260000.00,489.60,525
1777321361504,40500.00,8813.00,260000.00,489.60,525
1777321361529,41250.00,8816.00,260000.00,489.60,525
1777321361575,39560.00,8820.00,260000.00,489.60,525
1777321361600,40040.00,8829.00,260000.00,489.60,525
1777321361645,41320.00,8892.00,260000.00,489.60,525
1777321361671,39930.00,8892.00,260000.00,489.60,525
1777321361696,38780.00,8875.00,260000.00,489.60,525
1777321361742,40950.00,8892.00,260000.00,489.60,525
1777321361767,40530.00,8892.00,260000.00,489.60,525
1777321361793,40160.00,8880.00,260000.00,489.60,525
1777321361839,40630.00,8881.00,260000.00,489.60,525
1777321361865,41410.00,8880.00,260000.00,489.60,525
1777321361912,40410.00,8880.00,260000.00,489.60,525
1777321361938,41320.00,8874.00,260000.00,489.60,525
1777321361963,39610.00,8874.00,260000.00,489.60,525
1777321362009,40530.00,8872.00,260000.00,489.60,525
1777321362035,41000.00,8874.00,260000.00,489.60,525
1777321362061,39410.00,8892.00,260000.00,489.60,525
1777321362108,39260.00,8845.00,260000.00,489.60,525
1777321362134,41310.00,8820.00,260000.00,489.60,525
1777321362206,40890.00,8772.00,260000.00,489.60,525
1777321362229,40540.00,8820.00,260000.00,489.60,525
1777321362272,41610.00,8776.00,260000.00,489.60,525
1777321362296,40470.00,8812.00,260000.00,489.60,525
1777321362339,40460.00,8820.00,260000.00,489.60,525
1777321362363,40460.00,8825.00,260000.00,489.60,525
1777321362408,40900.00,8760.00,260000.00,489.60,525
1777321362431,40630.00,8810.00,260000.00,489.60,525
1777321362454,40780.00,8820.00,260000.00,489.60,525
1777321362498,40020.00,8766.00,260000.00,489.60,525
1777321362521,40260.00,8820.00,260000.00,489.60,525
1777321362566,40750.00,8809.00,260000.00,489.60,525
1777321362590,40560.00,8809.00,260000.00,489.60,525
1777321362635,41030.00,8820.00,260000.00,489.60,525
1777321362660,39800.00,8820.00,260000.00,489.60,525
1777321362706,40080.00,8820.00,260000.00,489.60,525
1777321362731,41440.00,8821.00,260000.00,489.60,525
1777321362756,40120.00,8820.00,260000.00,489.60,525
1777321362803,39640.00,8892.00,260000.00,489.60,525
1777321362828,40990.00,8874.00,260000.00,489.60,525
1777321362853,40840.00,8916.00,260000.00,489.60,525
1777321362900,39840.00,8892.00,260000.00,489.60,525
1777321362925,39820.00,8880.00,260000.00,489.60,525
1777321362972,40970.00,8876.00,260000.00,489.60,525
1777321362998,39710.00,8832.00,260000.00,489.60,525
1777321363023,39940.00,8892.00,260000.00,489.60,525
1777321363049,40430.00,8892.00,260000.00,489.60,525
1777321363096,40670.00,8880.00,260000.00,489.60,525
1777321363122,40190.00,8880.00,260000.00,489.60,525
1777321363149,39530.00,8892.00,260000.00,489.60,525
1777321363196,39390.00,8892.00,260000.00,489.60,525
1777321363223,40960.00,8884.00,260000.00,489.60,525
1777321363315,40190.00,8772.00,260000.00,489.60,525
1777321363340,40450.00,8772.00,260000.00,489.60,525
1777321363365,39650.00,8824.00,260000.00,489.60,525
1777321363411,40620.00,8770.00,260000.00,489.60,525
1777321363437,41220.00,8754.00,260000.00,489.60,525
1777321363462,39340.00,8815.00,260000.00,489.60,525
1777321363509,39720.00,8772.00,260000.00,489.60,525
1777321363534,39780.00,8772.00,260000.00,489.60,525
1777321363560,40270.00,8820.00,260000.00,489.60,525
1777321363606,41070.00,8757.00,260000.00,489.60,525
1777321363632,40470.00,8764.00,260000.00,489.60,525
1777321363678,41000.00,8768.00,260000.00,489.60,525
1777321363704,40020.00,8765.00,260000.00,489.60,525
1777321363729,40120.00,8822.00,260000.00,489.60,525
1777321363775,40990.00,8772.00,260000.00,489.60,525
1777321363801,40370.00,8820.00,260000.00,489.60,525
1777321363826,41450.00,8760.00,260000.00,489.60,525
1777321363873,40950.00,8808.00,260000.00,489.60,525
1777321363900,39980.00,8880.00,260000.00,489.60,525
1777321363926,41160.00,8808.00,260000.00,489.60,525
1777321363973,39720.00,8808.00,260000.00,489.60,525
1777321363999,39980.00,8813.00,260000.00,489.60,525
1777321364047,40230.00,8820.00,260000.00,489.60,525
1777321364072,40600.00,8820.00,260000.00,489.60,525
1777321364098,41280.00,8772.00,260000.00,489.60,525
1777321364125,40440.00,8810.00,260000.00,489.60,525
1777321364172,40420.00,8760.00,260000.00,489.60,525
1777321364200,41940.00,8820.00,260000.00,489.60,525
1777321364227,40620.00,8831.00,260000.00,489.60,525
1777321364274,40850.00,8820.00,260000.00,489.60,525
1777321364301,40950.00,8802.00,260000.00,489.60,525
1777321364328,40590.00,8781.00,260000.00,489.60,525
1777321364420,80720.00,8712.00,260000.00,979.20,1050
1777321364446,40780.00,8772.00,260000.00,489.60,525
1777321364472,40910.00,8760.00,260000.00,489.60,525
1777321364518,41110.00,8760.00,260000.00,489.60,525
1777321364544,39430.00,8771.00,260000.00,489.60,525
1777321364590,41150.00,8760.00,260000.00,489.60,525
1777321364616,39830.00,8772.00,260000.00,489.60,525
1777321364642,40380.00,8772.00,260000.00,489.60,525
1777321364689,39780.00,8760.00,260000.00,489.60,525
1777321364715,40260.00,8756.00,260000.00,489.60,525
1777321364741,40360.00,8814.00,260000.00,489.60,525
1777321364787,41730.00,8772.00,260000.00,489.60,525
1777321364812,40160.00,8767.00,260000.00,489.60,525
1777321364838,40990.00,8772.00,260000.00,489.60,525
1777321364884,39630.00,8772.00,260000.00,489.60,525
1777321364910,40140.00,8748.00,260000.00,489.60,525
1777321364957,41520.00,8820.00,260000.00,489.60,525
1777321364982,41290.00,8815.00,260000.00,489.60,525
1777321365008,40570.00,8808.00,260000.00,489.60,525
1777321365057,40880.00,8772.00,260000.00,489.60,525
1777321365093,41470.00,8811.00,260000.00,489.60,525
1777321365119,39480.00,8772.00,260000.00,489.60,525
1777321365145,39460.00,8763.00,260000.00,489.60,525
1777321365194,41130.00,8760.00,260000.00,489.60,525
1777321365223,40240.00,8760.00,260000.00,489.60,525
1777321365249,40590.00,8820.00,260000.00,489.60,525
1777321365276,40490.00,8820.00,260000.00,489.60,525
1777321365323,40550.00,8772.00,260000.00,489.60,525
1777321365350,40720.00,8820.00,260000.00,489.60,525
1777321365377,39430.00,8824.00,260000.00,489.60,525
1777321365403,39910.00,8809.00,260000.00,489.60,525
1777321365481,40420.00,8760.00,260000.00,489.60,525
1777321365504,40850.00,8766.00,260000.00,489.60,525
1777321365528,40970.00,8765.00,260000.00,489.60,525
1777321365552,41620.00,8762.00,260000.00,489.60,525
1777321365596,39970.00,8771.00,260000.00,489.60,525
1777321365621,40320.00,8764.00,260000.00,489.60,525
1777321365667,40310.00,8760.00,260000.00,489.60,525
1777321365692,40270.00,8760.00,260000.00,489.60,525
1777321365737,40500.00,8756.00,260000.00,489.60,525
1777321365762,40470.00,8763.00,260000.00,489.60,525
1777321365787,40320.00,8759.00,260000.00,489.60,525
1777321365833,40490.00,8770.00,260000.00,489.60,525
1777321365859,42060.00,8764.00,260000.00,489.60,525
1777321365905,40240.00,8772.00,260000.00,489.60,525
1777321365930,40270.00,8762.00,260000.00,489.60,525
1777321365956,40320.00,8766.00,260000.00,489.60,525
1777321366001,40260.00,8760.00,260000.00,489.60,525
1777321366026,41000.00,8820.00,260000.00,489.60,525
1777321366052,40340.00,8880.00,260000.00,489.60,525
1777321366098,40310.00,8817.00,260000.00,489.60,525
1777321366124,39630.00,8824.00,260000.00,489.60,525
1777321366170,40940.00,8832.00,260000.00,489.60,525
1777321366195,40570.00,8825.00,260000.00,489.60,525
1777321366221,40760.00,8832.00,260000.00,489.60,525
1777321366268,39180.00,8820.00,260000.00,489.60,525
1777321366293,40080.00,8832.00,260000.00,489.60,525
1777321366319,40090.00,8873.00,260000.00,489.60,525
1777321366365,40270.00,8824.00,260000.00,489.60,525
1777321366390,39800.00,8820.00,260000.00,489.60,525
1777321366415,39550.00,8823.00,260000.00,489.60,525
1777321366462,40560.00,8820.00,260000.00,489.60,525
1777321366487,42910.00,8827.00,260000.00,489.60,525
1777321366568,40340.00,8772.00,260000.00,489.60,525
1777321366591,40770.00,8772.00,260000.00,489.60,525
1777321366615,39620.00,8772.00,260000.00,489.60,525
1777321366660,40600.00,8760.00,260000.00,489.60,525
1777321366685,40100.00,8772.00,260000.00,489.60,525
1777321366709,39940.00,8772.00,260000.00,489.60,525
1777321366754,40280.00,8760.00,260000.00,489.60,525
1777321366778,39980.00,8760.00,260000.00,489.60,525
1777321366823,41870.00,8772.00,260000.00,489.60,525
1777321366847,40280.00,8764.00,260000.00,489.60,525
1777321366892,41020.00,8760.00,260000.00,489.60,525
1777321366917,39780.00,8796.00,260000.00,489.60,525
1777321366941,40390.00,8813.00,260000.00,489.60,525
1777321366985,38960.00,8772.00,260000.00,489.60,525
1777321367009,40340.00,8760.00,260000.00,489.60,525
1777321367055,39430.00,8748.00,260000.00,489.60,525
1777321367081,40160.00,8760.00,260000.00,489.60,525
1777321367127,41390.00,8759.00,260000.00,489.60,525
1777321367152,41280.00,8760.00,260000.00,489.60,525
1777321367177,40000.00,8818.00,260000.00,489.60,525
1777321367225,39780.00,8820.00,260000.00,489.60,525
1777321367249,39990.00,8832.00,260000.00,489.60,525
1777321367274,41040.00,8871.00,260000.00,489.60,525
1777321367320,39630.00,8832.00,260000.00,489.60,525
1777321367345,40650.00,8851.00,260000.00,489.60,525
1777321367392,41670.00,8832.00,260000.00,489.60,525
1777321367418,40610.00,8825.00,260000.00,489.60,525
1777321367441,39830.00,8822.00,260000.00,489.60,525
1777321367488,39460.00,8831.00,260000.00,489.60,525
1777321367514,39140.00,8811.00,260000.00,489.60,525
1777321367539,40370.00,8832.00,260000.00,489.60,525
1777321367587,40600.00,8832.00,260000.00,489.60,525
1777321367612,39920.00,8832.00,260000.00,489.60,525
1777321367688,40710.00,8759.00,260000.00,489.60,525
1777321367713,40170.00,8777.00,260000.00,489.60,525
1777321367758,40920.00,8772.00,260000.00,489.60,525
1777321367782,40300.00,8769.00,260000.00,489.60,525
1777321367806,39330.00,8808.00,260000.00,489.60,525
1777321367852,39890.00,8766.00,260000.00,489.60,525
1777321367876,40630.00,8772.00,260000.00,489.60,525
1777321367922,40310.00,8760.00,260000.00,489.60,525
1777321367946,40740.00,8760.00,260000.00,489.60,525
1777321367992,41030.00,8760.00,260000.00,489.60,525
1777321368017,40640.00,8752.00,260000.00,489.60,525
1777321368044,40660.00,8748.00,260000.00,489.60,525
1777321368091,41430.00,8760.00,260000.00,489.60,525
1777321368117,39770.00,8760.00,260000.00,489.60,525
1777321368141,40450.00,8760.00,260000.00,489.60,525
1777321368188,41380.00,8772.00,260000.00,489.60,525
1777321368213,40140.00,8772.00,260000.00,489.60,525
1777321368238,40460.00,8763.00,260000.00,489.60,525
1777321368285,40460.00,8832.00,260000.00,489.60,525
1777321368311,41150.00,8872.00,260000.00,489.60,525
1777321368337,38440.00,8868.00,260000.00,489.60,525
1777321368384,40070.00,8832.00,260000.00,489.60,525
1777321368410,40250.00,8888.00,260000.00,489.60,525
1777321368436,40210.00,8892.00,260000.00,489.60,525
1777321368484,39010.00,8832.00,260000.00,489.60,525
1777321368510,41150.00,8880.00,260000.00,489.60,525
1777321368537,39940.00,8873.00,260000.00,489.60,525
1777321368584,41340.00,8880.00,260000.00,489.60,525
1777321368612,40750.00,8858.00,260000.00,489.60,525
1777321368640,41240.00,8870.00,260000.00,489.60,525
1777321368666,40700.00,8880.00,260000.00,489.60,525
1777321368714,41860.00,8832.00,260000.00,489.60,525
1777321368785,40850.00,8752.00,260000.00,489.60,525
1777321368809,40620.00,8820.00,260000.00,489.60,525
1777321368833,41370.00,8777.00,260000.00,489.60,525
1777321368878,41710.00,8772.00,260000.00,489.60,525
1777321368902,40000.00,8808.00,260000.00,489.60,525
1777321368947,38050.00,8772.00,260000.00,489.60,525
1777321368972,40900.00,8828.00,260000.00,489.60,525
1777321369017,39260.00,8772.00,260000.00,489.60,525
1777321369042,39260.00,8814.00,260000.00,489.60,525
1777321369088,40720.00,8760.00,260000.00,489.60,525
1777321369113,40680.00,8772.00,260000.00,489.60,525
1777321369137,40670.00,8772.00,260000.00,489.60,525
1777321369183,39940.00,8758.00,260000.00,489.60,525
1777321369208,41170.00,8758.00,260000.00,489.60,525
1777321369233,41970.00,8791.00,260000.00,489.60,525
1777321369279,39160.00,8809.00,260000.00,489.60,525
1777321369305,40440.00,8812.00,260000.00,489.60,525
1777321369351,40500.00,8772.00,260000.00,489.60,525
1777321369376,41030.00,8823.00,260000.00,489.60,525
1777321369401,40520.00,8880.00,260000.00,489.60,525
1777321369447,41400.00,8820.00,260000.00,489.60,525
1777321369473,40040.00,8820.00,260000.00,489.60,525
1777321369519,39570.00,8820.00,260000.00,489.60,525
1777321369545,41430.00,8813.00,260000.00,489.60,525
1777321369570,41730.00,8808.00,260000.00,489.60,525
1777321369616,40390.00,8820.00,260000.00,489.60,525
1777321369643,40580.00,8813.00,260000.00,489.60,525
1777321369669,40340.00,8820.00,260000.00,489.60,525
1777321369715,39770.00,8823.00,260000.00,489.60,525
1777321369740,40900.00,8819.00,260000.00,489.60,525
1777321369767,40660.00,8826.00,260000.00,489.60,525
1777321369813,39480.00,8813.00,260000.00,489.60,525
1777321369887,39930.00,8760.00,260000.00,489.60,525
1777321369912,40760.00,8765.00,260000.00,489.60,525
1777321369957,40320.00,8760.00,260000.00,489.60,525
1777321369980,40660.00,8767.00,260000.00,489.60,525
1777321370005,40370.00,8765.00,260000.00,489.60,525
1777321370050,40520.00,8772.00,260000.00,489.60,525
1777321370076,40600.00,8760.00,260000.00,489.60,525
1777321370121,40660.00,8755.00,260000.00,489.60,525
1777321370145,41660.00,8756.00,260000.00,489.60,525
1777321370192,40370.00,8760.00,260000.00,489.60,525
1777321370217,39890.00,8760.00,260000.00,489.60,525
1777321370242,39820.00,8760.00,260000.00,489.60,525
1777321370286,41220.00,8712.00,260000.00,489.60,525
1777321370310,41010.00,8760.00,260000.00,489.60,525
1777321370335,40720.00,8751.00,260000.00,489.60,525
1777321370381,41990.00,8760.00,260000.00,489.60,525
1777321370406,41450.00,8748.00,260000.00,489.60,525
1777321370450,41640.00,8760.00,260000.00,489.60,525
1777321370476,40990.00,8814.00,260000.00,489.60,525
1777321370501,40420.00,8824.00,260000.00,489.60,525
1777321370547,40900.00,8772.00,260000.00,489.60,525
1777321370573,40820.00,8772.00,260000.00,489.60,525
1777321370598,40020.00,8812.00,260000.00,489.60,525
1777321370644,39810.00,8760.00,260000.00,489.60,525
1777321370671,40610.00,8820.00,260000.00,489.60,525
1777321370717,40110.00,8819.00,260000.00,489.60,525
1777321370742,40740.00,8810.00,260000.00,489.60,525
1777321370768,40120.00,8801.00,260000.00,489.60,525
1777321370815,40450.00,8772.00,260000.00,489.60,525
1777321370841,39610.00,8783.00,260000.00,489.60,525
1777321370868,41030.00,8781.00,260000.00,489.60,525
1777321370915,39460.00,8793.00,260000.00,489.60,525
1777321370976,39780.00,8700.00,260000.00,489.60,525
1777321370999,40670.00,8754.00,260000.00,489.60,525
1777321371022,39050.00,8760.00,260000.00,489.60,525
1777321371067,40960.00,8753.00,260000.00,489.60,525
1777321371091,41100.00,8772.00,260000.00,489.60,525
1777321371116,40300.00,8766.00,260000.00,489.60,525
1777321371160,40080.00,8760.00,260000.00,489.60,525
1777321371185,38830.00,8760.00,260000.00,489.60,525
1777321371230,41120.00,8712.00,260000.00,489.60,525
1777321371255,41120.00,8765.00,260000.00,489.60,525
1777321371302,40730.00,8713.00,260000.00,489.60,525
1777321371326,41070.00,8712.00,260000.00,489.60,525
1777321371349,40990.00,8750.00,260000.00,489.60,525
1777321371394,40550.00,8760.00,260000.00,489.60,525
1777321371419,41210.00,8767.00,260000.00,489.60,525
1777321371465,40530.00,8760.00,260000.00,489.60,525
1777321371491,40460.00,8757.00,260000.00,489.60,525
1777321371514,41060.00,8748.00,260000.00,489.60,525
1777321371560,40120.00,8808.00,260000.00,489.60,525
1777321371585,40110.00,8813.00,260000.00,489.60,525
1777321371631,41340.00,8772.00,260000.00,489.60,525
1777321371656,39510.00,8820.00,260000.00,489.60,525
1777321371680,39820.00,8820.00,260000.00,489.60,525
1777321371725,40180.00,8760.00,260000.00,489.60,525
1777321371751,40990.00,8820.00,260000.00,489.60,525
1777321371797,41890.00,8784.00,260000.00,489.60,525
1777321371824,40520.00,8820.00,260000.00,489.60,525
1777321371850,39520.00,8820.00,260000.00,489.60,525
1777321371896,40590.00,8820.00,260000.00,489.60,525
1777321371922,41700.00,8820.00,260000.00,489.60,525
1777321371947,41070.00,8770.00,260000.00,489.60,525
1777321371994,41000.00,8820.00,260000.00,489.60,525
1777321372053,39990.00,8772.00,260000.00,489.60,525
1777321372075,40360.00,8763.00,260000.00,489.60,525
1777321372097,40070.00,8772.00,260000.00,489.60,525
1777321372142,39470.00,8760.00,260000.00,489.60,525
1777321372166,40540.00,8766.00,260000.00,489.60,525
1777321372211,41300.00,8772.00,260000.00,489.60,525
1777321372236,40260.00,8760.00,260000.00,489.60,525
1777321372260,40370.00,8760.00,260000.00,489.60,525
1777321372306,41400.00,8760.00,260000.00,489.60,525
1777321372330,40510.00,8749.00,260000.00,489.60,525
1777321372375,41270.00,8758.00,260000.00,489.60,525
1777321372399,41150.00,8770.00,260000.00,489.60,525
1777321372422,40730.00,8810.00,260000.00,489.60,525
1777321372468,40740.00,8772.00,260000.00,489.60,525
1777321372493,41080.00,8812.00,260000.00,489.60,525
1777321372538,40520.00,8760.00,260000.00,489.60,525
1777321372563,40830.00,8760.00,260000.00,489.60,525
1777321372608,40570.00,8760.00,260000.00,489.60,525
1777321372633,40320.00,8773.00,260000.00,489.60,525
1777321372659,40020.00,8827.00,260000.00,489.60,525
1777321372705,40690.00,8817.00,260000.00,489.60,525
1777321372731,41050.00,8829.00,260000.00,489.60,525
1777321372756,40990.00,8892.00,260000.00,489.60,525
1777321372803,40410.00,8832.00,260000.00,489.60,525
1777321372828,40330.00,8824.00,260000.00,489.60,525
1777321372875,39920.00,8820.00,260000.00,489.60,525
1777321372902,39480.00,8832.00,260000.00,489.60,525
1777321372927,40740.00,8878.00,260000.00,489.60,525
1777321372974,40170.00,8832.00,260000.00,489.60,525
1777321373000,40070.00,8832.00,260000.00,489.60,525
1777321373026,39990.00,8832.00,260000.00,489.60,525
1777321373073,40650.00,8820.00,260000.00,489.60,525
1777321373145,40450.00,8834.00,260000.00,489.60,525
1777321373168,40090.00,8760.00,260000.00,489.60,525
1777321373192,41250.00,8798.00,260000.00,489.60,525
1777321373237,39810.00,8768.00,260000.00,489.60,525
1777321373262,39670.00,8764.00,260000.00,489.60,525
1777321373286,40280.00,8808.00,260000.00,489.60,525
1777321373331,40550.00,8772.00,260000.00,489.60,525
1777321373355,39420.00,8763.00,260000.00,489.60,525
1777321373400,41230.00,8760.00,260000.00,489.60,525
1777321373425,39770.00,8753.00,260000.00,489.60,525
1777321373471,41070.00,8760.00,260000.00,489.60,525
1777321373495,40300.00,8748.00,260000.00,489.60,525
1777321373520,39600.00,8760.00,260000.00,489.60,525
1777321373566,39980.00,8760.00,260000.00,489.60,525
1777321373594,39570.00,8772.00,260000.00,489.60,525
1777321373620,41240.00,8761.00,260000.00,489.60,525
1777321373665,40210.00,8772.00,260000.00,489.60,525
1777321373690,39590.00,8813.00,260000.00,489.60,525
1777321373736,40860.00,8799.00,260000.00,489.60,525
1777321373761,40150.00,8859.00,260000.00,489.60,525
1777321373786,39980.00,8892.00,260000.00,489.60,525
1777321373832,41100.00,8880.00,260000.00,489.60,525
1777321373858,39990.00,8868.00,260000.00,489.60,525
1777321373883,40510.00,8874.00,260000.00,489.60,525
1777321373930,39190.00,8832.00,260000.00,489.60,525
1777321373956,39260.00,8834.00,260000.00,489.60,525
1777321374003,40620.00,8832.00,260000.00,489.60,525
1777321374028,39910.00,8832.00,260000.00,489.60,525
1777321374053,41130.00,8822.00,260000.00,489.60,525
1777321374100,39720.00,8820.00,260000.00,489.60,525
1777321374126,40820.00,8820.00,260000.00,489.60,525
1777321374151,40800.00,8880.00,260000.00,489.60,525
1777321374233,40090.00,8832.00,260000.00,489.60,525
1777321374255,40510.00,8763.00,260000.00,489.60,525
1777321374279,41070.00,8827.00,260000.00,489.60,525
1777321374323,40780.00,8757.00,260000.00,489.60,525
1777321374347,40360.00,8814.00,260000.00,489.60,525
1777321374371,40370.00,8825.00,260000.00,489.60,525
1777321374416,40630.00,8771.00,260000.00,489.60,525
1777321374440,40330.00,8814.00,260000.00,489.60,525
1777321374485,40420.00,8760.00,260000.00,489.60,525
1777321374510,41420.00,8808.00,260000.00,489.60,525
1777321374555,41290.00,8772.00,260000.00,489.60,525
1777321374580,41200.00,8760.00,260000.00,489.60,525
1777321374605,40290.00,8820.00,260000.00,489.60,525
1777321374650,39350.00,8790.00,260000.00,489.60,525
1777321374675,40970.00,8801.00,260000.00,489.60,525
1777321374721,40080.00,8801.00,260000.00,489.60,525
1777321374745,40700.00,8795.00,260000.00,489.60,525
1777321374770,40940.00,8814.00,260000.00,489.60,525
1777321374814,40940.00,8809.00,260000.00,489.60,525
1777321374837,41090.00,8820.00,260000.00,489.60,525
1777321374884,40220.00,8880.00,260000.00,489.60,525
1777321374910,40440.00,8880.00,260000.00,489.60,525
1777321374936,40810.00,8880.00,260000.00,489.60,525
1777321374982,39750.00,8880.00,260000.00,489.60,525
1777321375008,40370.00,8874.00,260000.00,489.60,525
1777321375055,39620.00,8880.00,260000.00,489.60,525
1777321375081,39190.00,8892.00,260000.00,489.60,525
1777321375105,41410.00,8884.00,260000.00,489.60,525
1777321375151,41100.00,8878.00,260000.00,489.60,525
1777321375177,40890.00,8880.00,260000.00,489.60,525
1777321375202,40780.00,8900.00,260000.00,489.60,525
1777321375249,40720.00,8862.00,260000.00,489.60,525
1777321375275,40760.00,8880.00,260000.00,489.60,525
1777321375351,39620.00,8760.00,260000.00,489.60,525
1777321375375,40780.00,8820.00,260000.00,489.60,525
1777321375421,38510.00,8772.00,260000.00,489.60,525
1777321375446,41480.00,8808.00,260000.00,489.60,525
1777321375471,41240.00,8832.00,260000.00,489.60,525
1777321375517,39740.00,8772.00,260000.00,489.60,525
1777321375542,40710.00,8832.00,260000.00,489.60,525
