Timestamp,SystemTPS,LeaderId
1777321123457,0.00,1
1777321123544,64.00,1
1777321123596,280.00,1
1777321123626,348.00,1
1777321123660,454.00,1
1777321123687,1324.00,1
1777321123725,1404.00,1
1777321123754,1497.00,1
1777321123784,1577.00,1
1777321123813,1644.00,1
1777321123844,1737.00,1
1777321123891,1817.00,1
1777321123919,2781.00,1
1777321123948,2874.00,1
1777321123978,2954.00,1
1777321124027,3034.00,1
1777321124057,3114.00,1
1777321124089,3194.00,1
1777321124121,4000.00,1
1777321124158,4080.00,1
1777321124188,4160.00,1
1777321124236,4240.00,1
1777321124282,4400.00,1
1777321124310,4467.00,1
1777321124341,5387.00,1
1777321124375,5467.00,1
1777321124409,5547.00,1
1777321124440,5627.00,1
1777321124471,5720.00,1
1777321124504,5800.00,1
1777321124539,6600.00,1
1777321124572,6680.00,1
1777321124604,6760.00,1
1777321124635,6840.00,1
1777321124666,6907.00,1
1777321124716,7000.00,1
1777321124744,7800.00,1
1777321124771,7880.00,1
1777321124819,7960.00,1
1777321124847,8040.00,1
1777321124880,8120.00,1
1777321124909,8187.00,1
1777321124938,8279.00,1
1777321124979,9086.00,1
1777321125005,9153.00,1
1777321125032,9233.00,1
1777321125077,9326.00,1
1777321125104,9406.00,1
1777321125153,9486.00,1
1777321125180,9553.00,1
1777321125205,10566.00,1
1777321125259,10646.00,1
1777321125286,10726.00,1
1777321125312,10806.00,1
1777321125361,10886.00,1
1777321125390,10953.00,1
1777321125422,11730.00,1
1777321125453,11810.00,1
1777321125484,11890.00,1
1777321125514,11970.00,1
1777321125543,12050.00,1
1777321125593,12143.00,1
1777321125625,12994.00,1
1777321125655,13074.00,1
1777321125684,13154.00,1
1777321125719,13234.00,1
1777321125751,13314.00,1
1777321125781,13381.00,1
1777321125811,13461.00,1
1777321125842,14261.00,1
1777321125873,14341.00,1
1777321125920,14434.00,1
1777321125947,14514.00,1
1777321125975,14594.00,1
1777321126024,14674.00,1
1777321126055,15524.00,1
1777321126087,15604.00,1
1777321126120,15684.00,1
1777321126152,15764.00,1
1777321126186,15857.00,1
1777321126217,15937.00,1
1777321126248,16800.00,1
1777321126279,16880.00,1
1777321126308,16960.00,1
1777321126342,17040.00,1
1777321126373,17120.00,1
1777321126404,17200.00,1
1777321126442,17280.00,1
1777321126477,18094.00,1
1777321126509,18174.00,1
1777321126543,18267.00,1
1777321126578,18347.00,1
1777321126611,18427.00,1
1777321126643,18507.00,1
1777321126672,19337.00,1
1777321126703,19417.00,1
1777321126756,19497.00,1
1777321126789,19577.00,1
1777321126822,19657.00,1
1777321126855,19737.00,1
1777321126889,20585.00,1
1777321126922,20665.00,1
1777321126954,20732.00,1
1777321126986,20812.00,1
1777321127020,20892.00,1
1777321127053,20972.00,1
1777321127086,21052.00,1
1777321127119,21928.00,1
1777321127153,22008.00,1
1777321127186,22088.00,1
1777321127228,22168.00,1
1777321127262,22235.00,1
1777321127312,22315.00,1
1777321127338,23115.00,1
1777321127365,23208.00,1
1777321127393,23288.00,1
1777321127421,23368.00,1
1777321127452,23448.00,1
1777321127502,23528.00,1
1777321127531,24401.00,1
1777321127561,24481.00,1
1777321127592,24561.00,1
1777321127621,24628.00,1
1777321127651,24721.00,1
1777321127700,24801.00,1
1777321127731,24868.00,1
1777321127763,25787.00,1
1777321127794,25867.00,1
1777321127825,25947.00,1
1777321127855,26027.00,1
1777321127883,26107.00,1
1777321127919,26171.00,1
1777321127950,26247.00,1
1777321127981,27015.00,1
1777321128032,27136.00,1
1777321128062,27187.00,1
1777321128091,27267.00,1
1777321128122,27347.00,1
1777321128152,27405.00,1
1777321128182,28200.00,1
1777321128235,28336.00,1
1777321128269,28416.00,1
1777321128301,28496.00,1
1777321128332,28547.00,1
1777321128365,28627.00,1
1777321128399,29499.00,1
1777321128432,29579.00,1
1777321128464,29659.00,1
1777321128496,29764.00,1
1777321128533,29784.00,1
1777321128565,29864.00,1
1777321128605,29698.00,1
1777321128645,29987.00,1
1777321128678,29977.00,1
1777321128716,29964.00,1
1777321128755,29964.00,1
1777321128798,29906.00,1
1777321128837,29873.00,1
1777321128874,29873.00,1
1777321128909,29844.00,1
1777321128946,29831.00,1
1777321128983,29831.00,1
1777321129017,29908.00,1
1777321129056,29943.00,1
1777321129161,29883.00,1
1777321129186,29828.00,1
1777321129219,29850.00,1
1777321129248,29928.00,1
1777321129282,29848.00,1
1777321129309,29861.00,1
1777321129360,29781.00,1
1777321129387,29764.00,1
1777321129414,29819.00,1
1777321129463,29654.00,1
1777321129494,29654.00,1
1777321129522,29654.00,1
1777321129552,29654.00,1
1777321129582,29709.00,1
1777321129615,29654.00,1
1777321129646,29691.00,1
1777321129677,29766.00,1
1777321129708,29828.00,1
1777321129739,29841.00,1
1777321129791,29761.00,1
1777321129821,29828.00,1
1777321129854,29804.00,1
1777321129884,29863.00,1
1777321129916,29876.00,1
1777321129949,29821.00,1
1777321129979,29863.00,1
1777321130017,29767.00,1
1777321130049,29770.00,1
1777321130085,29811.00,1
1777321130119,29733.00,1
1777321130151,29800.00,1
1777321130183,29813.00,1
1777321130217,29733.00,1
1777321130250,29800.00,1
1777321130283,29771.00,1
1777321130319,29736.00,1
1777321130353,29736.00,1
1777321130386,29749.00,1
1777321130420,29778.00,1
1777321130453,29778.00,1
1777321130485,29778.00,1
1777321130517,29822.00,1
1777321130554,29713.00,1
1777321130587,29780.00,1
1777321130621,29780.00,1
1777321130654,29780.00,1
1777321130687,29780.00,1
1777321130749,29612.00,1
1777321130782,29705.00,1
1777321130812,29705.00,1
1777321130861,29625.00,1
1777321130891,29599.00,1
1777321130920,29663.00,1
1777321130949,29663.00,1
1777321130977,29717.00,1
1777321131007,29717.00,1
1777321131058,29746.00,1
1777321131087,29759.00,1
1777321131117,29759.00,1
1777321131147,29759.00,1
1777321131177,29813.00,1
1777321131206,29813.00,1
1777321131238,29813.00,1
1777321131289,29733.00,1
1777321131320,29733.00,1
1777321131353,29733.00,1
1777321131383,29736.00,1
1777321131416,29736.00,1
1777321131446,29803.00,1
1777321131473,29816.00,1
1777321131524,29736.00,1
1777321131554,29753.00,1
1777321131584,29863.00,1
1777321131613,29863.00,1
1777321131643,29863.00,1
1777321131676,29892.00,1
1777321131705,29892.00,1
1777321131757,29892.00,1
1777321131789,29863.00,1
1777321131847,29751.00,1
1777321131879,29751.00,1
1777321131914,29802.00,1
1777321131947,29873.00,1
1777321131980,29873.00,1
1777321132012,29813.00,1
1777321132045,29813.00,1
1777321132078,29813.00,1
1777321132111,29813.00,1
1777321132145,29771.00,1
1777321132180,29771.00,1
1777321132219,29768.00,1
1777321132253,29789.00,1
1777321132319,29709.00,1
1777321132357,29718.00,1
1777321132386,29747.00,1
1777321132417,29747.00,1
1777321132447,29776.00,1
1777321132498,29805.00,1
1777321132528,29818.00,1
1777321132557,29818.00,1
1777321132587,29818.00,1
1777321132617,29818.00,1
1777321132647,29916.00,1
1777321132677,29916.00,1
1777321132729,29916.00,1
1777321132759,29916.00,1
1777321132792,29916.00,1
1777321132823,29916.00,1
1777321132854,29869.00,1
1777321132886,29869.00,1
1777321132917,29885.00,1
1777321132947,29888.00,1
1777321132978,29903.00,1
1777321133009,29911.00,1
1777321133061,29853.00,1
1777321133091,29853.00,1
1777321133121,29853.00,1
1777321133151,29874.00,1
1777321133181,29879.00,1
1777321133212,29884.00,1
1777321133242,29904.00,1
1777321133275,29932.00,1
1777321133306,29932.00,1
1777321133358,29881.00,1
1777321133391,29881.00,1
1777321133423,29881.00,1
1777321133455,29881.00,1
1777321133487,29856.00,1
1777321133521,29856.00,1
1777321133551,29827.00,1
1777321133582,29862.00,1
1777321133613,29878.00,1
1777321133644,29907.00,1
1777321133677,29878.00,1
1777321133709,29946.00,1
1777321133742,29946.00,1
1777321133775,29953.00,1
1777321133808,29975.00,1
1777321133840,29975.00,1
1777321133872,29975.00,1
1777321133907,29957.00,1
1777321133938,29957.00,1
1777321133971,29957.00,1
1777321134006,29928.00,1
1777321134040,29877.00,1
1777321134074,29906.00,1
1777321134109,30005.00,1
1777321134140,30056.00,1
1777321134174,30085.00,1
1777321134211,30034.00,1
1777321134245,29947.00,1
1777321134277,29976.00,1
1777321134313,29947.00,1
1777321134350,29947.00,1
1777321134425,29853.00,1
1777321134454,29918.00,1
1777321134481,29922.00,1
1777321134530,29912.00,1
1777321134559,29952.00,1
1777321134587,29952.00,1
1777321134617,29952.00,1
1777321134646,29952.00,1
1777321134695,29872.00,1
1777321134724,29843.00,1
1777321134754,29872.00,1
1777321134785,29923.00,1
1777321134814,29923.00,1
1777321134844,29923.00,1
1777321134895,29913.00,1
1777321134925,29952.00,1
1777321134955,29987.00,1
1777321134985,29987.00,1
1777321135015,30016.00,1
1777321135045,30016.00,1
1777321135077,30016.00,1
1777321135129,29943.00,1
1777321135160,29974.00,1
1777321135190,30004.00,1
1777321135222,30004.00,1
1777321135254,30004.00,1
1777321135284,30033.00,1
1777321135317,30033.00,1
1777321135349,30033.00,1
1777321135380,29981.00,1
1777321135411,29981.00,1
1777321135442,29952.00,1
1777321135475,29923.00,1
1777321135507,29923.00,1
1777321135560,29981.00,1
1777321135592,30005.00,1
1777321135624,29947.00,1
1777321135656,29947.00,1
1777321135687,29947.00,1
1777321135719,30027.00,1
1777321135750,30027.00,1
1777321135782,29947.00,1
1777321135816,29947.00,1
1777321135849,29976.00,1
1777321135883,30005.00,1
1777321135915,30005.00,1
1777321135947,30005.00,1
1777321135980,30005.00,1
1777321136013,30032.00,1
1777321136047,29974.00,1
1777321136081,29974.00,1
1777321136116,29974.00,1
1777321136151,30003.00,1
1777321136186,30003.00,1
1777321136221,29973.00,1
1777321136260,29915.00,1
1777321136294,29995.00,1
1777321136330,30024.00,1
1777321136363,30024.00,1
1777321136433,29835.00,1
1777321136459,29619.00,1
1777321136486,29677.00,1
1777321136514,29728.00,1
1777321136542,29757.00,1
1777321136591,29728.00,1
1777321136619,29699.00,1
1777321136647,29699.00,1
1777321136676,29710.00,1
1777321136705,29710.00,1
1777321136754,29739.00,1
1777321136783,29768.00,1
1777321136812,29819.00,1
1777321136840,29848.00,1
1777321136890,29933.00,1
1777321136919,29891.00,1
1777321136949,29891.00,1
1777321136979,29891.00,1
1777321137009,29891.00,1
1777321137040,29891.00,1
1777321137072,29891.00,1
1777321137124,29737.00,1
1777321137155,29723.00,1
1777321137185,29759.00,1
1777321137217,29759.00,1
1777321137248,29759.00,1
1777321137278,29839.00,1
1777321137310,29812.00,1
1777321137342,29815.00,1
1777321137373,29815.00,1
1777321137405,29786.00,1
1777321137439,29815.00,1
1777321137471,29815.00,1
1777321137503,29864.00,1
1777321137537,29858.00,1
1777321137570,29813.00,1
1777321137603,29755.00,1
1777321137635,29755.00,1
1777321137678,29755.00,1
1777321137709,29815.00,1
1777321137745,29817.00,1
1777321137780,29817.00,1
1777321137813,29759.00,1
1777321137848,29759.00,1
1777321137883,29759.00,1
1777321137916,29759.00,1
1777321137951,29902.00,1
1777321137986,29902.00,1
1777321138044,29822.00,1
1777321138076,29851.00,1
1777321138109,29851.00,1
1777321138173,29778.00,1
1777321138234,29676.00,1
1777321138265,29647.00,1
1777321138300,29698.00,1
1777321138335,29727.00,1
1777321138371,29677.00,1
1777321138421,29648.00,1
1777321138497,29526.00,1
1777321138556,29462.00,1
1777321138605,29167.00,1
1777321138634,29191.00,1
1777321138677,29191.00,1
1777321138717,29186.00,1
1777321138751,29178.00,1
1777321138784,29191.00,1
1777321138817,29305.00,1
1777321138849,29305.00,1
1777321138879,29356.00,1
1777321138909,29356.00,1
1777321138942,29356.00,1
1777321138972,29356.00,1
1777321139004,29385.00,1
1777321139034,29463.00,1
1777321139086,29383.00,1
1777321139119,29383.00,1
1777321139151,29383.00,1
1777321139182,29417.00,1
1777321139213,29434.00,1
1777321139244,29449.00,1
1777321139276,29449.00,1
1777321139307,29449.00,1
1777321139338,29449.00,1
1777321139369,29449.00,1
1777321139399,29529.00,1
1777321139452,29460.00,1
1777321139485,29431.00,1
1777321139517,29431.00,1
1777321139549,29431.00,1
1777321139582,29373.00,1
1777321139615,29373.00,1
1777321139646,29373.00,1
1777321139678,29349.00,1
1777321139711,29378.00,1
1777321139744,29378.00,1
1777321139778,29407.00,1
1777321139810,29407.00,1
1777321139842,29407.00,1
1777321139875,29509.00,1
1777321139908,29509.00,1
1777321139945,29451.00,1
1777321139978,29451.00,1
1777321140014,29451.00,1
1777321140047,29480.00,1
1777321140080,29400.00,1
1777321140113,29400.00,1
1777321140147,29429.00,1
1777321140180,29429.00,1
1777321140214,29371.00,1
1777321140247,29371.00,1
1777321140281,29371.00,1
1777321140315,29435.00,1
1777321140349,29464.00,1
1777321140383,29464.00,1
1777321140438,29413.00,1
1777321140472,29413.00,1
1777321140564,29083.00,1
1777321140598,29174.00,1
1777321140627,29203.00,1
1777321140657,29203.00,1
1777321140689,29174.00,1
1777321140742,29123.00,1
1777321140772,29277.00,1
1777321140802,29277.00,1
1777321140835,29277.00,1
1777321140869,29248.00,1
1777321140900,29248.00,1
1777321140930,29219.00,1
1777321140962,29219.00,1
1777321140994,29188.00,1
1777321141025,29217.00,1
1777321141058,29217.00,1
1777321141090,29220.00,1
1777321141122,29268.00,1
1777321141153,29287.00,1
1777321141187,29380.00,1
1777321141219,29389.00,1
1777321141273,29338.00,1
1777321141305,29329.00,1
1777321141336,29369.00,1
1777321141366,29389.00,1
1777321141398,29390.00,1
1777321141429,29470.00,1
1777321141461,29470.00,1
1777321141492,29441.00,1
1777321141524,29390.00,1
1777321141553,29390.00,1
1777321141584,29441.00,1
1777321141638,29477.00,1
1777321141668,29477.00,1
1777321141698,29468.00,1
1777321141732,29477.00,1
1777321141764,29477.00,1
1777321141793,29478.00,1
1777321141824,29509.00,1
1777321141855,29509.00,1
1777321141887,29560.00,1
1777321141920,29589.00,1
1777321141952,29560.00,1
1777321141985,29531.00,1
1777321142019,29496.00,1
1777321142052,29496.00,1
1777321142089,29525.00,1
1777321142133,29547.00,1
1777321142165,29501.00,1
1777321142197,29496.00,1
1777321142229,29496.00,1
1777321142261,29424.00,1
1777321142293,29455.00,1
1777321142327,29424.00,1
1777321142361,29453.00,1
1777321142399,29453.00,1
1777321142481,29320.00,1
1777321142513,29229.00,1
1777321142572,29260.00,1
1777321142607,29289.00,1
1777321142641,29289.00,1
1777321142679,29246.00,1
1777321142711,29275.00,1
1777321142746,29275.00,1
1777321142785,29304.00,1
1777321142827,29317.00,1
1777321142866,29224.00,1
1777321142906,29364.00,1
1777321142947,29344.00,1
1777321142989,29366.00,1
1777321143027,29424.00,1
1777321143087,29322.00,1
1777321143112,29280.00,1
1777321143140,29260.00,1
1777321143170,29280.00,1
1777321143201,29309.00,1
1777321143235,29360.00,1
1777321143265,29389.00,1
1777321143297,29338.00,1
1777321143328,29377.00,1
1777321143379,29344.00,1
1777321143410,29348.00,1
1777321143441,29428.00,1
1777321143474,29508.00,1
1777321143509,29537.00,1
1777321143539,29714.00,1
1777321143570,29750.00,1
1777321143602,29685.00,1
1777321143635,29651.00,1
1777321143667,29651.00,1
1777321143699,29597.00,1
1777321143734,29584.00,1
1777321143767,29636.00,1
1777321143799,29656.00,1
1777321143831,29665.00,1
1777321143864,29665.00,1
1777321143896,29665.00,1
1777321143928,29681.00,1
1777321143963,29619.00,1
1777321143997,29619.00,1
1777321144030,29619.00,1
1777321144064,29619.00,1
1777321144096,29728.00,1
1777321144130,29696.00,1
1777321144162,29675.00,1
1777321144195,29675.00,1
1777321144228,29675.00,1
1777321144261,29675.00,1
1777321144295,29617.00,1
1777321144329,29617.00,1
1777321144363,29617.00,1
1777321144397,29588.00,1
1777321144430,29588.00,1
1777321144464,29639.00,1
1777321144498,29617.00,1
1777321144533,29617.00,1
1777321144569,29588.00,1
1777321144604,29607.00,1
1777321144640,29607.00,1
1777321144674,29636.00,1
1777321144709,29636.00,1
1777321144743,29607.00,1
1777321144780,29578.00,1
1777321144813,29672.00,1
1777321144848,29683.00,1
1777321144880,29698.00,1
1777321144914,29701.00,1
1777321144949,29730.00,1
1777321144981,29730.00,1
1777321145017,29671.00,1
1777321145052,29671.00,1
1777321145084,29671.00,1
1777321145117,29671.00,1
1777321145155,29700.00,1
1777321145195,29649.00,1
1777321145235,29696.00,1
1777321145270,29696.00,1
1777321145307,29725.00,1
1777321145343,29696.00,1
1777321145380,29667.00,1
1777321145417,29667.00,1
1777321145459,29745.00,1
1777321145503,29754.00,1
1777321145540,29834.00,1
1777321145579,29796.00,1
1777321145614,29665.00,1
1777321145710,29685.00,1
1777321145737,29691.00,1
1777321145766,29691.00,1
1777321145802,29691.00,1
1777321145834,29576.00,1
1777321145866,29576.00,1
1777321145896,29567.00,1
1777321145947,29525.00,1
1777321145977,29496.00,1
1777321146008,29496.00,1
1777321146040,29496.00,1
1777321146071,29472.00,1
1777321146105,29492.00,1
1777321146136,29492.00,1
1777321146166,29501.00,1
1777321146197,29510.00,1
1777321146228,29523.00,1
1777321146280,29555.00,1
1777321146311,29526.00,1
1777321146343,29526.00,1
1777321146376,29546.00,1
1777321146408,29507.00,1
1777321146439,29527.00,1
1777321146472,29513.00,1
1777321146507,29501.00,1
1777321146539,29501.00,1
1777321146576,29443.00,1
1777321146608,29443.00,1
1777321146641,29523.00,1
1777321146674,29523.00,1
1777321146708,29466.00,1
1777321146740,29480.00,1
1777321146777,29429.00,1
1777321146810,29429.00,1
1777321146843,29400.00,1
1777321146877,29371.00,1
1777321146911,29503.00,1
1777321146945,29503.00,1
1777321146979,29532.00,1
1777321147013,29561.00,1
1777321147047,29561.00,1
1777321147081,29561.00,1
1777321147114,29520.00,1
1777321147149,29520.00,1
1777321147182,29520.00,1
1777321147217,29520.00,1
1777321147253,29549.00,1
1777321147289,29549.00,1
1777321147326,29567.00,1
1777321147362,29567.00,1
1777321147397,29567.00,1
1777321147433,29596.00,1
1777321147468,29676.00,1
1777321147505,29705.00,1
1777321147543,29749.00,1
1777321147577,29771.00,1
1777321147613,29799.00,1
1777321147649,29800.00,1
1777321147685,29778.00,1
1777321147720,29691.00,1
1777321147760,29643.00,1
1777321147797,29752.00,1
1777321147835,29752.00,1
1777321147871,29723.00,1
1777321147909,29723.00,1
1777321147946,29800.00,1
1777321147982,29729.00,1
1777321148017,29642.00,1
1777321148098,29562.00,1
1777321148126,29700.00,1
1777321148154,29720.00,1
1777321148185,29720.00,1
1777321148215,29720.00,1
1777321148250,29720.00,1
1777321148281,29691.00,1
1777321148312,29691.00,1
1777321148430,29531.00,1
1777321148526,28952.00,1
1777321148570,28974.00,1
1777321148600,29061.00,1
1777321148632,29061.00,1
1777321148665,29061.00,1
1777321148697,29061.00,1
1777321148729,29313.00,1
1777321148764,29284.00,1
1777321148796,29284.00,1
1777321148829,29255.00,1
1777321148861,29255.00,1
1777321148894,29255.00,1
1777321148926,29214.00,1
1777321148958,29269.00,1
1777321148991,29269.00,1
1777321149022,29269.00,1
1777321149053,29269.00,1
1777321149085,29269.00,1
1777321149117,29269.00,1
1777321149149,29301.00,1
1777321149179,29301.00,1
1777321149211,29301.00,1
1777321149242,29272.00,1
1777321149272,29272.00,1
1777321149311,29272.00,1
1777321149342,29272.00,1
1777321149375,29253.00,1
1777321149406,29253.00,1
1777321149438,29304.00,1
1777321149472,29304.00,1
1777321149506,29304.00,1
1777321149548,29304.00,1
1777321149582,29187.00,1
1777321149618,29187.00,1
1777321149653,29216.00,1
1777321149691,29216.00,1
1777321149728,29158.00,1
1777321149764,29187.00,1
1777321149801,29324.00,1
1777321149835,29324.00,1
1777321149872,29324.00,1
1777321149911,29317.00,1
1777321149946,29346.00,1
1777321149984,29272.00,1
1777321150022,29250.00,1
1777321150061,29192.00,1
1777321150099,29112.00,1
1777321150135,29141.00,1
1777321150170,29141.00,1
1777321150210,29186.00,1
1777321150261,29215.00,1
1777321150332,29080.00,1
1777321150357,29135.00,1
1777321150387,29186.00,1
1777321150418,29128.00,1
1777321150449,29048.00,1
1777321150481,29077.00,1
1777321150513,29097.00,1
1777321150544,29128.00,1
1777321150576,29157.00,1
1777321150609,29056.00,1
1777321150640,29136.00,1
1777321150669,29216.00,1
1777321150718,29085.00,1
1777321150757,29056.00,1
1777321150784,29085.00,1
1777321150814,29307.00,1
1777321150842,29358.00,1
1777321150871,29329.00,1
1777321150923,29307.00,1
1777321150955,29329.00,1
1777321150986,29278.00,1
1777321151021,29278.00,1
1777321151052,29212.00,1
1777321151082,29263.00,1
1777321151113,29212.00,1
1777321151148,29232.00,1
1777321151183,29241.00,1
1777321151217,29241.00,1
1777321151250,29296.00,1
1777321151286,29318.00,1
1777321151321,29318.00,1
1777321151355,29267.00,1
1777321151389,29287.00,1
1777321151422,29296.00,1
1777321151462,29349.00,1
1777321151500,29291.00,1
1777321151534,29291.00,1
1777321151570,29340.00,1
1777321151604,29349.00,1
1777321151647,29342.00,1
1777321151683,29371.00,1
1777321151718,29320.00,1
1777321151753,29349.00,1
1777321151788,29349.00,1
1777321151823,29349.00,1
1777321151859,29320.00,1
1777321151893,29320.00,1
1777321151928,29348.00,1
1777321151965,29349.00,1
1777321151999,29349.00,1
1777321152039,29291.00,1
1777321152078,29342.00,1
1777321152115,29296.00,1
1777321152150,29296.00,1
1777321152187,29267.00,1
1777321152222,29238.00,1
1777321152256,29238.00,1
1777321152293,29251.00,1
1777321152330,29258.00,1
1777321152367,29171.00,1
1777321152408,29222.00,1
1777321152445,29229.00,1
1777321152481,29229.00,1
1777321152520,29320.00,1
1777321152556,29320.00,1
1777321152593,29349.00,1
1777321152631,29349.00,1
1777321152673,29342.00,1
1777321152710,29400.00,1
1777321152747,29294.00,1
1777321152785,29265.00,1
1777321152823,29207.00,1
1777321152860,29236.00,1
1777321152897,29265.00,1
1777321152935,29369.00,1
1777321153019,29289.00,1
1777321153046,29289.00,1
1777321153075,29369.00,1
1777321153126,29248.00,1
1777321153158,29248.00,1
1777321153188,29248.00,1
1777321153218,29248.00,1
1777321153249,29248.00,1
1777321153279,29277.00,1
1777321153310,29277.00,1
1777321153341,29369.00,1
1777321153372,29449.00,1
1777321153404,29529.00,1
1777321153435,29529.00,1
1777321153487,29507.00,1
1777321153518,29500.00,1
1777321153550,29658.00,1
1777321153579,29629.00,1
1777321153610,29629.00,1
1777321153643,29629.00,1
1777321153676,29629.00,1
1777321153707,29629.00,1
1777321153739,29680.00,1
1777321153774,29628.00,1
1777321153806,29619.00,1
1777321153838,29628.00,1
1777321153871,29628.00,1
1777321153903,29628.00,1
1777321153934,29657.00,1
1777321153987,29600.00,1
1777321154019,29571.00,1
1777321154051,29571.00,1
1777321154082,29571.00,1
1777321154116,29571.00,1
1777321154150,29600.00,1
1777321154182,29613.00,1
1777321154214,29613.00,1
1777321154247,29642.00,1
1777321154279,29642.00,1
1777321154311,29642.00,1
1777321154344,29584.00,1
1777321154376,29584.00,1
1777321154411,29542.00,1
1777321154446,29542.00,1
1777321154480,29571.00,1
1777321154515,29571.00,1
1777321154552,29571.00,1
1777321154587,29542.00,1
1777321154622,29622.00,1
1777321154660,29642.00,1
1777321154696,29651.00,1
1777321154733,29680.00,1
1777321154771,29673.00,1
1777321154808,29702.00,1
1777321154845,29656.00,1
1777321154880,29656.00,1
1777321154917,29634.00,1
1777321154957,29547.00,1
1777321154996,29576.00,1
1777321155031,29582.00,1
1777321155071,29604.00,1
1777321155109,29633.00,1
1777321155145,29662.00,1
1777321155180,29662.00,1
1777321155216,29640.00,1
1777321155252,29648.00,1
1777321155289,29677.00,1
1777321155325,29786.00,1
1777321155362,29786.00,1
1777321155403,29677.00,1
1777321155513,29539.00,1
1777321155551,29375.00,1
1777321155581,29375.00,1
1777321155612,29375.00,1
1777321155643,29375.00,1
1777321155674,29375.00,1
1777321155706,29404.00,1
1777321155736,29530.00,1
1777321155768,29539.00,1
1777321155800,29539.00,1
1777321155832,29539.00,1
1777321155864,29539.00,1
1777321155896,29539.00,1
1777321155928,29590.00,1
1777321155961,29638.00,1
1777321155994,29609.00,1
1777321156027,29580.00,1
1777321156061,29529.00,1
1777321156093,29529.00,1
1777321156127,29529.00,1
1777321156160,29624.00,1
1777321156193,29624.00,1
1777321156228,29624.00,1
1777321156260,29624.00,1
1777321156293,29653.00,1
1777321156329,29595.00,1
1777321156363,29595.00,1
1777321156397,29488.00,1
1777321156431,29517.00,1
1777321156464,29517.00,1
1777321156498,29546.00,1
1777321156532,29546.00,1
1777321156565,29517.00,1
1777321156600,29595.00,1
1777321156635,29573.00,1
1777321156670,29570.00,1
1777321156706,29573.00,1
1777321156741,29573.00,1
1777321156776,29515.00,1
1777321156812,29443.00,1
1777321156849,29523.00,1
1777321156885,29581.00,1
1777321156919,29581.00,1
1777321156955,29581.00,1
1777321156991,29523.00,1
1777321157028,29564.00,1
1777321157064,29533.00,1
1777321157100,29513.00,1
1777321157137,29455.00,1
1777321157175,29484.00,1
1777321157213,29447.00,1
1777321157255,29592.00,1
1777321157291,29563.00,1
1777321157329,29534.00,1
1777321157365,29592.00,1
1777321157403,29541.00,1
1777321157441,29543.00,1
1777321157483,29565.00,1
1777321157521,29652.00,1
1777321157557,29594.00,1
1777321157595,29594.00,1
1777321157634,29594.00,1
1777321157673,29566.00,1
1777321157763,29479.00,1
1777321157791,29450.00,1
1777321157818,29508.00,1
1777321157848,29357.00,1
1777321157879,29357.00,1
1777321157910,29306.00,1
1777321157940,29299.00,1
1777321157972,29328.00,1
1777321158024,29408.00,1
1777321158055,29525.00,1
1777321158086,29525.00,1
1777321158115,29576.00,1
1777321158143,29605.00,1
1777321158174,29605.00,1
1777321158206,29605.00,1
1777321158238,29605.00,1
1777321158291,29597.00,1
1777321158324,29597.00,1
1777321158356,29597.00,1
1777321158388,29597.00,1
1777321158420,29597.00,1
1777321158451,29539.00,1
1777321158483,29567.00,1
1777321158515,29567.00,1
1777321158546,29567.00,1
1777321158577,29567.00,1
1777321158609,29567.00,1
1777321158640,29567.00,1
1777321158672,29567.00,1
1777321158704,29550.00,1
1777321158736,29556.00,1
1777321158769,29608.00,1
1777321158800,29608.00,1
1777321158854,29528.00,1
1777321158888,29592.00,1
1777321158921,29633.00,1
1777321158956,29633.00,1
1777321158989,29684.00,1
1777321159023,29713.00,1
1777321159057,29655.00,1
1777321159090,29655.00,1
1777321159124,29565.00,1
1777321159157,29565.00,1
1777321159191,29594.00,1
1777321159225,29543.00,1
1777321159259,29543.00,1
1777321159293,29543.00,1
1777321159327,29544.00,1
1777321159361,29544.00,1
1777321159396,29544.00,1
1777321159430,29573.00,1
1777321159468,29573.00,1
1777321159505,29653.00,1
1777321159540,29583.00,1
1777321159575,29612.00,1
1777321159611,29641.00,1
1777321159646,29641.00,1
1777321159682,29641.00,1
1777321159718,29583.00,1
1777321159754,29560.00,1
1777321159790,29531.00,1
1777321159876,29451.00,1
1777321159906,29473.00,1
1777321159935,29396.00,1
1777321159967,29456.00,1
1777321159998,29456.00,1
1777321160050,29354.00,1
1777321160083,29296.00,1
1777321160114,29347.00,1
1777321160146,29302.00,1
1777321160177,29331.00,1
1777321160208,29331.00,1
1777321160239,29360.00,1
1777321160271,29360.00,1
1777321160303,29360.00,1
1777321160336,29360.00,1
1777321160368,29468.00,1
1777321160401,29497.00,1
1777321160434,29417.00,1
1777321160466,29497.00,1
1777321160520,29606.00,1
1777321160552,29519.00,1
1777321160586,29706.00,1
1777321160621,29706.00,1
1777321160654,29655.00,1
1777321160688,29684.00,1
1777321160721,29684.00,1
1777321160754,29684.00,1
1777321160787,29629.00,1
1777321160821,29629.00,1
1777321160855,29571.00,1
1777321160892,29571.00,1
1777321160925,29571.00,1
1777321160959,29600.00,1
1777321160993,29623.00,1
1777321161027,29623.00,1
1777321161065,29674.00,1
1777321161100,29645.00,1
1777321161134,29645.00,1
1777321161167,29662.00,1
1777321161201,29775.00,1
1777321161236,29775.00,1
1777321161270,29775.00,1
1777321161304,29724.00,1
1777321161338,29746.00,1
1777321161373,29746.00,1
1777321161408,29746.00,1
1777321161443,29647.00,1
1777321161477,29647.00,1
1777321161512,29647.00,1
1777321161547,29618.00,1
1777321161584,29618.00,1
1777321161621,29618.00,1
1777321161657,29737.00,1
1777321161694,29817.00,1
1777321161729,29759.00,1
1777321161765,29788.00,1
1777321161802,29817.00,1
1777321161839,29766.00,1
1777321161876,29737.00,1
1777321161912,29679.00,1
1777321161950,29679.00,1
1777321161986,29737.00,1
1777321162022,29737.00,1
1777321162058,29636.00,1
1777321162094,29658.00,1
1777321162131,29745.00,1
1777321162167,29745.00,1
1777321162206,29745.00,1
1777321162244,29665.00,1
1777321162283,29773.00,1
1777321162322,29773.00,1
1777321162358,29715.00,1
1777321162399,29766.00,1
1777321162437,29853.00,1
1777321162475,29729.00,1
1777321162513,29642.00,1
1777321162551,29671.00,1
1777321162589,29700.00,1
1777321162678,29485.00,1
1777321162707,29594.00,1
1777321162755,29645.00,1
1777321162784,29623.00,1
1777321162813,29585.00,1
1777321162842,29565.00,1
1777321162892,29749.00,1
1777321162922,29720.00,1
1777321162951,29749.00,1
1777321162982,29749.00,1
1777321163012,29800.00,1
1777321163042,29800.00,1
1777321163071,29800.00,1
1777321163120,29716.00,1
1777321163147,29716.00,1
1777321163176,29716.00,1
1777321163206,29716.00,1
1777321163237,29716.00,1
1777321163287,29716.00,1
1777321163317,29687.00,1
1777321163349,29711.00,1
1777321163380,29711.00,1
1777321163411,29711.00,1
1777321163441,29740.00,1
1777321163473,29740.00,1
1777321163504,29740.00,1
1777321163555,29725.00,1
1777321163586,29747.00,1
1777321163619,29696.00,1
1777321163649,29696.00,1
1777321163680,29747.00,1
1777321163712,29747.00,1
1777321163745,29747.00,1
1777321163776,29770.00,1
1777321163808,29799.00,1
1777321163847,29799.00,1
1777321163881,29828.00,1
1777321163915,29770.00,1
1777321163948,29770.00,1
1777321163982,29759.00,1
1777321164016,29759.00,1
1777321164050,29817.00,1
1777321164084,29817.00,1
1777321164119,29817.00,1
1777321164151,29817.00,1
1777321164182,29818.00,1
1777321164217,29789.00,1
1777321164247,29789.00,1
1777321164277,29789.00,1
1777321164308,29818.00,1
1777321164339,29818.00,1
1777321164370,29898.00,1
1777321164403,29851.00,1
1777321164437,29851.00,1
1777321164473,29880.00,1
1777321164509,29800.00,1
1777321164545,29829.00,1
1777321164581,29800.00,1
1777321164619,29807.00,1
1777321164655,29836.00,1
1777321164688,29836.00,1
1777321164719,29865.00,1
1777321164749,29865.00,1
1777321164785,29865.00,1
1777321164820,29897.00,1
1777321164857,29977.00,1
1777321164891,29904.00,1
1777321164928,29875.00,1
1777321165108,29577.00,1
1777321165353,28496.00,1
1777321165382,28272.00,1
1777321165413,28339.00,1
1777321165441,28432.00,1
1777321165471,28162.00,1
1777321165519,28149.00,1
1777321165547,28178.00,1
1777321165575,28178.00,1
1777321165623,28178.00,1
1777321165652,28165.00,1
1777321165681,28151.00,1
1777321165710,28180.00,1
1777321165739,28193.00,1
1777321165788,28164.00,1
1777321165816,28164.00,1
1777321165844,28193.00,1
1777321165872,28180.00,1
1777321165901,28187.00,1
1777321165950,28187.00,1
1777321165979,28187.00,1
1777321166007,28187.00,1
1777321166037,28238.00,1
1777321166087,28113.00,1
1777321166118,28113.00,1
1777321166150,28113.00,1
1777321166182,28113.00,1
1777321166216,28113.00,1
1777321166249,28113.00,1
1777321166281,28113.00,1
1777321166318,28096.00,1
1777321166349,28096.00,1
1777321166381,28147.00,1
1777321166415,28147.00,1
1777321166449,28176.00,1
1777321166481,28176.00,1
1777321166512,28164.00,1
1777321166544,28193.00,1
1777321166575,28193.00,1
1777321166606,28193.00,1
1777321166638,28193.00,1
1777321166669,28142.00,1
1777321166701,28164.00,1
1777321166740,27988.00,1
1777321166775,27988.00,1
1777321166809,28068.00,1
1777321166843,28068.00,1
1777321166879,28068.00,1
1777321166915,28068.00,1
1777321166947,28135.00,1
1777321166980,28135.00,1
1777321167012,28135.00,1
1777321167047,28164.00,1
1777321167080,28142.00,1
1777321167114,28113.00,1
1777321167150,28041.00,1
1777321167185,27983.00,1
1777321167221,28012.00,1
1777321167255,28063.00,1
1777321167291,28092.00,1
1777321167325,28092.00,1
1777321167362,28073.00,1
1777321167398,27986.00,1
1777321167431,28015.00,1
1777321167465,28015.00,1
1777321167501,28044.00,1
1777321167540,28073.00,1
1777321167576,28089.00,1
1777321167614,28038.00,1
1777321167650,28138.00,1
1777321167688,28169.00,1
1777321167725,28038.00,1
1777321167794,27884.00,1
1777321167820,27882.00,1
1777321167847,27904.00,1
1777321167877,27904.00,1
1777321167907,27933.00,1
1777321167937,27933.00,1
1777321167988,27962.00,1
1777321168019,28026.00,1
1777321168049,28026.00,1
1777321168079,27975.00,1
1777321168109,27997.00,1
1777321168148,27997.00,1
1777321168179,27968.00,1
1777321168211,27968.00,1
1777321168244,27893.00,1
1777321168276,27973.00,1
1777321168308,28002.00,1
1777321168340,28002.00,1
1777321168372,28002.00,1
1777321168405,28002.00,1
1777321168436,27956.00,1
1777321168467,27956.00,1
1777321168500,27956.00,1
1777321168553,27927.00,1
1777321168585,27956.00,1
1777321168618,27956.00,1
1777321168649,27993.00,1
1777321168682,27993.00,1
1777321168715,27935.00,1
1777321168748,27935.00,1
1777321168781,27935.00,1
1777321168814,27935.00,1
1777321168846,27935.00,1
1777321168879,27943.00,1
1777321168911,27972.00,1
1777321168943,27972.00,1
1777321168979,27972.00,1
1777321169012,27972.00,1
1777321169046,27914.00,1
1777321169079,27890.00,1
1777321169112,27890.00,1
1777321169153,27910.00,1
1777321169189,27948.00,1
1777321169222,27948.00,1
1777321169262,27839.00,1
1777321169300,27849.00,1
1777321169335,27878.00,1
1777321169375,27958.00,1
1777321169411,27900.00,1
1777321169446,27900.00,1
1777321169481,27900.00,1
1777321169518,27950.00,1
1777321169556,27950.00,1
1777321169590,27870.00,1
1777321169622,27921.00,1
1777321169654,27921.00,1
1777321169686,27921.00,1
1777321169722,27914.00,1
1777321169756,27914.00,1
1777321169792,27914.00,1
1777321169826,27914.00,1
1777321169909,27709.00,1
1777321169936,27596.00,1
1777321169964,27676.00,1
1777321169993,27756.00,1
1777321170022,27836.00,1
1777321170051,27916.00,1
1777321170101,27894.00,1
1777321170133,27894.00,1
1777321170165,28606.00,1
1777321170199,28715.00,1
1777321170233,28795.00,1
1777321170267,28788.00,1
1777321170301,28868.00,1
1777321170329,28919.00,1
1777321170360,29746.00,1
1777321170391,29715.00,1
1777321170424,29635.00,1
1777321170456,29638.00,1
1777321170489,29638.00,1
1777321170524,29702.00,1
1777321170557,29482.00,1
1777321170592,29366.00,1
1777321170626,29433.00,1
1777321170659,29445.00,1
1777321170693,29369.00,1
1777321170728,29327.00,1
1777321170762,29324.00,1
1777321170796,29515.00,1
1777321170831,29449.00,1
1777321170864,29449.00,1
1777321170899,29449.00,1
1777321170934,29436.00,1
1777321170970,29407.00,1
1777321171005,29453.00,1
1777321171040,29482.00,1
1777321171075,29482.00,1
1777321171111,29495.00,1
1777321171150,29504.00,1
1777321171185,29533.00,1
1777321171221,29488.00,1
1777321171256,29488.00,1
1777321171292,29488.00,1
1777321171329,29408.00,1
1777321171365,29408.00,1
1777321171399,29408.00,1
1777321171435,29495.00,1
1777321171470,29495.00,1
1777321171506,29466.00,1
1777321171545,29437.00,1
1777321171587,29488.00,1
1777321171624,29577.00,1
1777321171660,29519.00,1
1777321171697,29519.00,1
1777321171733,29577.00,1
1777321171770,29577.00,1
1777321171807,29548.00,1
1777321171845,29485.00,1
1777321171883,29536.00,1
1777321171920,29594.00,1
1777321171957,29565.00,1
1777321171994,29514.00,1
1777321172030,29514.00,1
1777321172066,29485.00,1
1777321172103,29485.00,1
1777321172141,29456.00,1
1777321172181,29456.00,1
1777321172225,29565.00,1
1777321172263,29646.00,1
1777321172303,29646.00,1
1777321172344,29624.00,1
1777321172386,29595.00,1
1777321172426,29615.00,1
1777321172464,29582.00,1
1777321172504,29524.00,1
1777321172543,29529.00,1
1777321172586,29633.00,1
1777321172626,29604.00,1
1777321172664,29604.00,1
1777321172704,29501.00,1
1777321172747,29523.00,1
1777321172786,29661.00,1
1777321172825,29661.00,1
1777321172864,29552.00,1
1777321172903,29740.00,1
1777321173002,29669.00,1
1777321173104,29451.00,1
1777321173133,29148.00,1
1777321173163,29149.00,1
1777321173193,29164.00,1
1777321173224,29148.00,1
1777321173254,29177.00,1
1777321173285,29177.00,1
1777321173318,29116.00,1
1777321173348,29114.00,1
1777321173379,29114.00,1
1777321173411,29114.00,1
1777321173442,29114.00,1
1777321173495,29034.00,1
1777321173526,29034.00,1
1777321173557,29180.00,1
1777321173589,29180.00,1
1777321173620,29180.00,1
1777321173652,29180.00,1
1777321173684,29180.00,1
1777321173717,29209.00,1
1777321173751,29180.00,1
1777321173782,29151.00,1
1777321173814,29122.00,1
1777321173847,29151.00,1
1777321173878,29122.00,1
1777321173910,29122.00,1
1777321173942,29122.00,1
1777321173974,29086.00,1
1777321174008,29115.00,1
1777321174040,29144.00,1
1777321174092,29064.00,1
1777321174125,29035.00,1
1777321174158,29086.00,1
1777321174189,29175.00,1
1777321174224,29175.00,1
1777321174257,29204.00,1
1777321174293,29204.00,1
1777321174327,29146.00,1
1777321174362,29124.00,1
1777321174397,29100.00,1
1777321174430,29129.00,1
1777321174464,29129.00,1
1777321174498,29129.00,1
1777321174534,29129.00,1
1777321174568,29151.00,1
1777321174603,29060.00,1
1777321174639,29064.00,1
1777321174673,29089.00,1
1777321174712,29169.00,1
1777321174748,29111.00,1
1777321174783,29111.00,1
1777321174820,29026.00,1
1777321174857,29055.00,1
1777321174893,29135.00,1
1777321174929,29106.00,1
1777321174965,29077.00,1
1777321175001,29077.00,1
1777321175039,29370.00,1
1777321175079,29421.00,1
1777321175115,29472.00,1
1777321175152,29450.00,1
1777321175189,29450.00,1
1777321175225,29429.00,1
1777321175262,29371.00,1
1777321175301,29371.00,1
1777321175349,29429.00,1
1777321175386,29342.00,1
1777321175423,29400.00,1
1777321175460,29429.00,1
1777321175498,29429.00,1
1777321175536,29371.00,1
1777321175577,29391.00,1
1777321175616,29400.00,1
1777321175654,29446.00,1
1777321175692,29475.00,1
1777321175730,29504.00,1
1777321175769,29475.00,1
1777321175813,29497.00,1
1777321175851,29395.00,1
1777321175890,29371.00,1
1777321175930,29342.00,1
1777321175970,29400.00,1
1777321176012,29393.00,1
1777321176052,29422.00,1
1777321176092,29382.00,1
1777321176152,29302.00,1
1777321176179,29273.00,1
1777321176208,29302.00,1
1777321176239,29302.00,1
1777321176270,29325.00,1
1777321176302,29318.00,1
1777321176333,29398.00,1
1777321176366,29369.00,1
1777321176398,29398.00,1
1777321176431,29369.00,1
1777321176463,29369.00,1
1777321176496,29340.00,1
1777321176528,29284.00,1
1777321176561,29233.00,1
1777321176593,29255.00,1
1777321176625,29255.00,1
1777321176657,29284.00,1
1777321176710,29294.00,1
1777321176743,29294.00,1
1777321176775,29345.00,1
1777321176807,29345.00,1
1777321176840,29374.00,1
1777321176874,29323.00,1
1777321176907,29277.00,1
1777321176941,29355.00,1
1777321176974,29355.00,1
1777321177006,29378.00,1
1777321177038,29435.00,1
1777321177074,29435.00,1
1777321177107,29381.00,1
1777321177143,29347.00,1
1777321177178,29289.00,1
1777321177213,29209.00,1
1777321177247,29238.00,1
1777321177281,29267.00,1
1777321177316,29244.00,1
1777321177350,29302.00,1
1777321177383,29280.00,1
1777321177418,29193.00,1
1777321177452,29222.00,1
1777321177487,29222.00,1
1777321177525,29273.00,1
1777321177560,29351.00,1
1777321177592,29373.00,1
1777321177625,29344.00,1
1777321177660,29373.00,1
1777321177692,29344.00,1
1777321177726,29322.00,1
1777321177762,29208.00,1
1777321177796,29259.00,1
1777321177830,29259.00,1
1777321177864,29288.00,1
1777321177898,29230.00,1
1777321177935,29208.00,1
1777321177970,29361.00,1
1777321178004,29527.00,1
1777321178038,29556.00,1
1777321178073,29636.00,1
1777321178107,29687.00,1
1777321178143,29658.00,1
1777321178180,29785.00,1
1777321178220,29909.00,1
1777321178259,29902.00,1
1777321178296,29931.00,1
1777321178332,29909.00,1
1777321178367,29943.00,1
1777321178403,29934.00,1
1777321178438,29876.00,1
1777321178474,29876.00,1
1777321178509,29905.00,1
1777321178546,29934.00,1
1777321178584,29972.00,1
1777321178619,29890.00,1
1777321178656,29890.00,1
1777321178693,29919.00,1
1777321178729,29919.00,1
1777321178766,29868.00,1
1777321178803,29860.00,1
1777321178842,29947.00,1
1777321178881,29976.00,1
1777321178920,29969.00,1
1777321178960,29947.00,1
1777321179054,29594.00,1
1777321179087,29725.00,1
1777321179115,29754.00,1
1777321179145,29754.00,1
1777321179174,29754.00,1
1777321179224,29725.00,1
1777321179254,29696.00,1
1777321179284,29800.00,1
1777321179314,29829.00,1
1777321179344,29820.00,1
1777321179394,29800.00,1
1777321179425,29771.00,1
1777321179455,29771.00,1
1777321179487,29736.00,1
1777321179518,29736.00,1
1777321179549,29765.00,1
1777321179580,29765.00,1
1777321179611,29816.00,1
1777321179643,29816.00,1
1777321179674,29816.00,1
1777321179706,29769.00,1
1777321179758,29718.00,1
1777321179789,29769.00,1
1777321179822,29740.00,1
1777321179854,29740.00,1
1777321179886,29740.00,1
1777321179918,29768.00,1
1777321179949,29768.00,1
1777321179982,29768.00,1
1777321180015,29768.00,1
1777321180047,29819.00,1
1777321180080,29739.00,1
1777321180113,29777.00,1
1777321180145,29719.00,1
1777321180179,29719.00,1
1777321180211,29719.00,1
1777321180244,29748.00,1
1777321180278,29777.00,1
1777321180311,29712.00,1
1777321180343,29763.00,1
1777321180378,29741.00,1
1777321180412,29712.00,1
1777321180445,29654.00,1
1777321180481,29654.00,1
1777321180515,29683.00,1
1777321180549,29679.00,1
1777321180584,29701.00,1
1777321180624,29701.00,1
1777321180659,29672.00,1
1777321180696,29672.00,1
1777321180730,29672.00,1
1777321180763,29776.00,1
1777321180795,29725.00,1
1777321180829,29696.00,1
1777321180864,29696.00,1
1777321180900,29769.00,1
1777321180936,29798.00,1
1777321180970,29817.00,1
1777321181006,29795.00,1
1777321181042,29766.00,1
1777321181075,29708.00,1
1777321181111,29737.00,1
1777321181149,29817.00,1
1777321181184,29969.00,1
1777321181219,29940.00,1
1777321181253,29889.00,1
1777321181290,29860.00,1
1777321181325,29860.00,1
1777321181360,29860.00,1
1777321181395,30003.00,1
1777321181431,30083.00,1
1777321181467,30054.00,1
1777321181502,30025.00,1
1777321181537,30025.00,1
1777321181574,30025.00,1
1777321181674,29915.00,1
1777321181701,29777.00,1
1777321181728,29806.00,1
1777321181756,29835.00,1
1777321181787,29557.00,1
1777321181817,29557.00,1
1777321181864,29528.00,1
1777321181891,29528.00,1
1777321181917,29528.00,1
1777321181964,29557.00,1
1777321181990,29611.00,1
1777321182016,29611.00,1
1777321182063,29582.00,1
1777321182090,29582.00,1
1777321182116,29611.00,1
1777321182163,29611.00,1
1777321182190,29582.00,1
1777321182217,29615.00,1
1777321182265,29593.00,1
1777321182298,29593.00,1
1777321182329,29593.00,1
1777321182358,29593.00,1
1777321182394,29593.00,1
1777321182426,29546.00,1
1777321182455,29597.00,1
1777321182484,29597.00,1
1777321182514,29575.00,1
1777321182566,29546.00,1
1777321182598,29546.00,1
1777321182630,29629.00,1
1777321182664,29571.00,1
1777321182699,29571.00,1
1777321182733,29571.00,1
1777321182768,29600.00,1
1777321182803,29600.00,1
1777321182837,29699.00,1
1777321182872,29699.00,1
1777321182907,29670.00,1
1777321182938,29699.00,1
1777321182972,29670.00,1
1777321183006,29690.00,1
1777321183038,29670.00,1
1777321183072,29569.00,1
1777321183106,29598.00,1
1777321183142,29598.00,1
1777321183178,29540.00,1
1777321183214,29540.00,1
1777321183253,29569.00,1
1777321183288,29593.00,1
1777321183325,29593.00,1
1777321183361,29535.00,1
1777321183398,29535.00,1
1777321183434,29593.00,1
1777321183470,29602.00,1
1777321183508,29544.00,1
1777321183544,29544.00,1
1777321183585,29515.00,1
1777321183622,29602.00,1
1777321183659,29544.00,1
1777321183696,29558.00,1
1777321183733,29587.00,1
1777321183769,29587.00,1
1777321183804,29616.00,1
1777321183840,29558.00,1
1777321183880,29609.00,1
1777321183918,29571.00,1
1777321183957,29542.00,1
1777321183995,29564.00,1
1777321184030,29644.00,1
1777321184067,29673.00,1
1777321184102,29686.00,1
1777321184136,29657.00,1
1777321184171,29628.00,1
1777321184208,29628.00,1
1777321184249,29728.00,1
1777321184288,29766.00,1
1777321184328,29868.00,1
1777321184367,29846.00,1
1777321184408,29897.00,1
1777321184450,29868.00,1
1777321184491,29926.00,1
1777321184534,29721.00,1
1777321184570,29721.00,1
1777321184606,29750.00,1
1777321184647,29830.00,1
1777321184682,29772.00,1
1777321184716,29772.00,1
1777321184752,29783.00,1
1777321184795,29821.00,1
1777321184832,29763.00,1
1777321184868,29712.00,1
1777321184909,29783.00,1
1777321184948,29825.00,1
1777321184991,29767.00,1
1777321185030,29796.00,1
1777321185070,29716.00,1
1777321185114,29738.00,1
1777321185154,29828.00,1
1777321185196,29720.00,1
1777321185236,29749.00,1
1777321185278,29829.00,1
1777321185317,29771.00,1
1777321185356,29771.00,1
1777321185397,29860.00,1
1777321185437,29831.00,1
1777321185481,29882.00,1
1777321185524,29911.00,1
1777321185565,29882.00,1
1777321185608,29673.00,1
1777321185648,29644.00,1
1777321185692,29753.00,1
1777321185734,29724.00,1
1777321185774,29695.00,1
1777321185820,29781.00,1
1777321185862,29723.00,1
1777321185903,29730.00,1
1777321185948,29672.00,1
1777321185993,29643.00,1
1777321186034,29593.00,1
1777321186073,29627.00,1
1777321186114,29731.00,1
1777321186153,29702.00,1
1777321186199,29673.00,1
1777321186244,29658.00,1
1777321186289,29709.00,1
1777321186331,29767.00,1
1777321186374,29709.00,1
1777321186414,29658.00,1
1777321186454,29652.00,1
1777321186494,29652.00,1
1777321186532,29681.00,1
1777321186571,29652.00,1
1777321186617,29674.00,1
1777321186661,29824.00,1
1777321186704,29824.00,1
1777321186750,29882.00,1
1777321186791,29795.00,1
1777321186832,29795.00,1
1777321186874,30001.00,1
1777321186922,30001.00,1
1777321186965,30001.00,1
1777321187007,29950.00,1
1777321187049,30001.00,1
1777321187090,30016.00,1
1777321187136,29965.00,1
1777321187176,29987.00,1
1777321187228,30045.00,1
1777321187270,30030.00,1
1777321187313,30143.00,1
1777321187354,30034.00,1
1777321187398,30034.00,1
1777321187441,30092.00,1
1777321187482,29954.00,1
1777321187525,30054.00,1
1777321187567,30012.00,1
1777321187610,30025.00,1
1777321187653,30028.00,1
1777321187696,30054.00,1
1777321187737,30029.00,1
1777321187782,30054.00,1
1777321187824,30029.00,1
1777321187867,29987.00,1
1777321187910,30029.00,1
1777321187954,30054.00,1
1777321187996,30029.00,1
1777321188039,30029.00,1
1777321188082,29971.00,1
1777321188127,30065.00,1
1777321188167,30052.00,1
1777321188208,30065.00,1
1777321188249,30014.00,1
1777321188292,30010.00,1
1777321188334,30024.00,1
1777321188376,29995.00,1
1777321188416,29973.00,1
1777321188457,30053.00,1
1777321188498,30040.00,1
1777321188539,30029.00,1
1777321188583,29978.00,1
1777321188630,29942.00,1
1777321188669,30029.00,1
1777321188721,30003.00,1
1777321188762,30051.00,1
1777321188801,30051.00,1
1777321188842,30173.00,1
1777321188883,30093.00,1
1777321188922,30035.00,1
1777321188963,30032.00,1
1777321189003,30003.00,1
1777321189042,30032.00,1
1777321189083,30061.00,1
1777321189121,30033.00,1
1777321189162,29975.00,1
1777321189209,29950.00,1
1777321189252,29813.00,1
1777321189302,29921.00,1
1777321189341,29908.00,1
1777321189381,29999.00,1
1777321189419,30053.00,1
1777321189455,30044.00,1
1777321189494,29974.00,1
1777321189534,30028.00,1
1777321189578,29992.00,1
1777321189616,30041.00,1
1777321189652,29961.00,1
1777321189689,29936.00,1
1777321189729,29936.00,1
1777321189763,29961.00,1
1777321189800,29940.00,1
1777321189840,29940.00,1
1777321189880,29919.00,1
1777321189922,29940.00,1
1777321189966,29927.00,1
1777321190007,29981.00,1
1777321190050,29870.00,1
1777321190097,29863.00,1
1777321190138,29870.00,1
1777321190179,29857.00,1
1777321190222,29969.00,1
1777321190263,29905.00,1
1777321190302,29875.00,1
1777321190340,29889.00,1
1777321190385,29911.00,1
1777321190428,29973.00,1
1777321190470,29922.00,1
1777321190516,29973.00,1
1777321190556,29973.00,1
1777321190595,29931.00,1
1777321190637,30087.00,1
1777321190678,30058.00,1
1777321190725,30016.00,1
1777321190769,30029.00,1
1777321190820,29907.00,1
1777321190865,29959.00,1
1777321190907,29985.00,1
1777321190949,30065.00,1
1777321190989,30030.00,1
1777321191029,30001.00,1
1777321191072,29940.00,1
1777321191120,29860.00,1
1777321191164,29914.00,1
1777321191207,29927.00,1
1777321191247,29940.00,1
1777321191291,29810.00,1
1777321191340,29903.00,1
1777321191383,29890.00,1
1777321191434,29852.00,1
1777321191477,29889.00,1
1777321191519,29889.00,1
1777321191563,29943.00,1
1777321191609,29918.00,1
1777321191659,29847.00,1
1777321191705,29974.00,1
1777321191746,29920.00,1
1777321191791,30000.00,1
1777321191831,30000.00,1
1777321191872,30029.00,1
1777321191916,29904.00,1
1777321191959,30026.00,1
1777321191997,30026.00,1
1777321192033,29962.00,1
1777321192071,30000.00,1
1777321192109,30029.00,1
1777321192147,30080.00,1
1777321192184,30063.00,1
1777321192221,30000.00,1
1777321192258,30029.00,1
1777321192294,29978.00,1
1777321192339,30038.00,1
1777321192380,30077.00,1
1777321192419,30048.00,1
1777321192456,30052.00,1
1777321192497,29969.00,1
1777321192535,30046.00,1
1777321192572,30021.00,1
1777321192607,30019.00,1
1777321192646,29992.00,1
1777321192690,29966.00,1
1777321192824,29697.00,1
1777321192907,29815.00,1
1777321192930,29238.00,1
1777321192956,29275.00,1
1777321192982,29275.00,1
1777321193031,29292.00,1
1777321193058,29321.00,1
1777321193086,29372.00,1
1777321193114,29292.00,1
1777321193163,29280.00,1
1777321193190,29253.00,1
1777321193218,29206.00,1
1777321193244,29360.00,1
1777321193292,29280.00,1
1777321193321,29280.00,1
1777321193349,29280.00,1
1777321193377,29451.00,1
1777321193427,29346.00,1
1777321193455,29400.00,1
1777321193484,29413.00,1
1777321193513,29413.00,1
1777321193542,29480.00,1
1777321193593,29480.00,1
1777321193622,29400.00,1
1777321193651,29398.00,1
1777321193681,29344.00,1
1777321193711,29404.00,1
1777321193761,29400.00,1
1777321193795,29256.00,1
1777321193825,29176.00,1
1777321193855,29205.00,1
1777321193886,29237.00,1
1777321193917,29280.00,1
1777321193948,29269.00,1
1777321193981,29314.00,1
1777321194014,29222.00,1
1777321194046,29344.00,1
1777321194079,29279.00,1
1777321194112,29322.00,1
1777321194145,29337.00,1
1777321194178,29352.00,1
1777321194210,29382.00,1
1777321194242,29363.00,1
1777321194275,29319.00,1
1777321194308,29357.00,1
1777321194342,29391.00,1
1777321194376,29392.00,1
1777321194409,29363.00,1
1777321194443,29323.00,1
1777321194477,29349.00,1
1777321194511,29364.00,1
1777321194545,29370.00,1
1777321194579,29353.00,1
1777321194614,29320.00,1
1777321194648,29245.00,1
1777321194684,29349.00,1
1777321194716,29364.00,1
1777321194752,29376.00,1
1777321194787,29305.00,1
1777321194827,29320.00,1
1777321194861,29375.00,1
1777321194897,29315.00,1
1777321194932,29335.00,1
1777321194967,29347.00,1
1777321195002,29349.00,1
1777321195041,29394.00,1
1777321195078,29404.00,1
1777321195114,29384.00,1
1777321195149,29347.00,1
1777321195186,29442.00,1
1777321195223,29429.00,1
1777321195260,29398.00,1
1777321195298,29415.00,1
1777321195335,29365.00,1
1777321195373,29393.00,1
1777321195414,29489.00,1
1777321195453,29425.00,1
1777321195491,29420.00,1
1777321195529,29483.00,1
1777321195567,29525.00,1
1777321195609,29511.00,1
1777321195649,29594.00,1
1777321195688,29399.00,1
1777321195727,29349.00,1
1777321195764,29429.00,1
1777321195802,29457.00,1
1777321195839,29390.00,1
1777321195875,29492.00,1
1777321195914,29368.00,1
1777321195952,29325.00,1
1777321195991,29275.00,1
1777321196030,29290.00,1
1777321196071,29370.00,1
1777321196123,29303.00,1
1777321196163,29446.00,1
1777321196203,29370.00,1
1777321196245,29415.00,1
1777321196285,29573.00,1
1777321196330,29492.00,1
1777321196371,29540.00,1
1777321196414,29427.00,1
1777321196455,29520.00,1
1777321196495,29600.00,1
1777321196540,29437.00,1
1777321196581,29494.00,1
1777321196618,29576.00,1
1777321196654,29549.00,1
1777321196693,29497.00,1
1777321196734,29554.00,1
1777321196777,29350.00,1
1777321196818,29488.00,1
1777321196859,29503.00,1
1777321196900,29463.00,1
1777321196942,29451.00,1
1777321196982,29427.00,1
1777321197023,29455.00,1
1777321197062,29458.00,1
1777321197101,29405.00,1
1777321197148,29447.00,1
1777321197188,29295.00,1
1777321197227,29255.00,1
1777321197271,29310.00,1
1777321197314,29319.00,1
1777321197360,29256.00,1
1777321197405,29375.00,1
1777321197450,29399.00,1
1777321197493,29524.00,1
1777321197535,29370.00,1
1777321197576,29435.00,1
1777321197621,29359.00,1
1777321197666,29398.00,1
1777321197710,29338.00,1
1777321197755,29583.00,1
1777321197804,29691.00,1
1777321197849,29826.00,1
1777321197892,29866.00,1
1777321197935,29891.00,1
1777321197980,29808.00,1
1777321198029,30231.00,1
1777321198074,30191.00,1
1777321198120,30276.00,1
1777321198162,30236.00,1
1777321198206,30277.00,1
1777321198254,29920.00,1
1777321198302,30045.00,1
1777321198349,29994.00,1
1777321198392,30090.00,1
1777321198442,30037.00,1
1777321198492,29967.00,1
1777321198533,29986.00,1
1777321198577,29957.00,1
1777321198616,30056.00,1
1777321198659,30102.00,1
1777321198702,30003.00,1
1777321198742,30072.00,1
1777321198781,30043.00,1
1777321198824,30090.00,1
1777321198867,30125.00,1
1777321198910,30010.00,1
1777321198950,30063.00,1
1777321198998,30157.00,1
1777321199040,30009.00,1
1777321199086,30157.00,1
1777321199129,30157.00,1
1777321199177,30157.00,1
1777321199219,30157.00,1
1777321199261,30293.00,1
1777321199307,30114.00,1
1777321199350,30168.00,1
1777321199403,30047.00,1
1777321199447,30048.00,1
1777321199497,30104.00,1
1777321199544,30059.00,1
1777321199586,30169.00,1
1777321199632,30089.00,1
1777321199677,30114.00,1
1777321199722,30049.00,1
1777321199771,30199.00,1
1777321199814,30114.00,1
1777321199860,30264.00,1
1777321199906,30252.00,1
1777321199949,30252.00,1
1777321199997,30207.00,1
1777321200040,30287.00,1
1777321200092,30102.00,1
1777321200138,30059.00,1
1777321200183,30169.00,1
1777321200231,30089.00,1
1777321200275,30199.00,1
1777321200330,30062.00,1
1777321200377,30144.00,1
1777321200421,30049.00,1
1777321200467,30099.00,1
1777321200509,30059.00,1
1777321200555,30095.00,1
1777321200599,30075.00,1
1777321200644,30000.00,1
1777321200688,29985.00,1
1777321200730,30105.00,1
1777321200775,30116.00,1
1777321200821,30227.00,1
1777321200865,30100.00,1
1777321200909,30155.00,1
1777321200956,30037.00,1
1777321201001,30212.00,1
1777321201044,30092.00,1
1777321201090,30242.00,1
1777321201135,30092.00,1
1777321201179,30199.00,1
1777321201227,30124.00,1
1777321201271,30169.00,1
1777321201318,30114.00,1
1777321201363,30154.00,1
1777321201406,30179.00,1
1777321201452,30264.00,1
1777321201496,30144.00,1
1777321201537,30264.00,1
1777321201592,30089.00,1
1777321201634,30104.00,1
1777321201681,30144.00,1
1777321201757,30062.00,1
1777321201782,29807.00,1
1777321201808,29792.00,1
1777321201835,29792.00,1
1777321201864,29854.00,1
1777321201915,29862.00,1
1777321201944,29847.00,1
1777321201973,30087.00,1
1777321202002,30087.00,1
1777321202031,30087.00,1
1777321202080,30087.00,1
1777321202110,29992.00,1
1777321202139,30087.00,1
1777321202169,29977.00,1
1777321202200,29999.00,1
1777321202230,30039.00,1
1777321202259,29944.00,1
1777321202310,30064.00,1
1777321202340,30054.00,1
1777321202371,30054.00,1
1777321202402,30101.00,1
1777321202435,30116.00,1
1777321202466,30006.00,1
1777321202496,30101.00,1
1777321202527,30101.00,1
1777321202580,30061.00,1
1777321202612,29894.00,1
1777321202646,29839.00,1
1777321202678,29894.00,1
1777321202709,29934.00,1
1777321202741,29839.00,1
1777321202774,29894.00,1
1777321202807,30040.00,1
1777321202839,29991.00,1
1777321202872,30055.00,1
1777321202906,30055.00,1
1777321202939,30095.00,1
1777321202973,30110.00,1
1777321203292,29185.00,1
1777321203648,26409.00,1
1777321203684,26559.00,1
1777321203715,26559.00,1
1777321203743,26599.00,1
1777321203794,26489.00,1
1777321203827,26429.00,1
1777321203862,26474.00,1
1777321203893,26529.00,1
1777321203926,26529.00,1
1777321203959,26539.00,1
1777321203991,26474.00,1
1777321204024,26399.00,1
1777321204057,26344.00,1
1777321204087,26439.00,1
1777321204119,26439.00,1
1777321204155,26344.00,1
1777321204186,26454.00,1
1777321204215,26439.00,1
1777321204247,26345.00,1
1777321204279,26455.00,1
1777321204309,26495.00,1
1777321204342,26495.00,1
1777321204375,26512.00,1
1777321204409,26495.00,1
1777321204444,26488.00,1
1777321204480,26377.00,1
1777321204516,26392.00,1
1777321204551,26432.00,1
1777321204584,26432.00,1
1777321204617,26447.00,1
1777321204655,26383.00,1
1777321204693,26328.00,1
1777321204729,26368.00,1
1777321204764,26328.00,1
1777321204799,26383.00,1
1777321204831,26343.00,1
1777321204864,26512.00,1
1777321204899,26457.00,1
1777321204940,26457.00,1
1777321204976,26527.00,1
1777321205019,26512.00,1
1777321205058,26512.00,1
1777321205097,26591.00,1
1777321205137,26551.00,1
1777321205176,26386.00,1
1777321205216,26468.00,1
1777321205254,26496.00,1
1777321205294,26439.00,1
1777321205333,26454.00,1
1777321205371,26414.00,1
1777321205411,26359.00,1
1777321205454,26414.00,1
1777321205495,26455.00,1
1777321205535,26250.00,1
1777321205577,26305.00,1
1777321205620,26400.00,1
1777321205659,26360.00,1
1777321205696,26345.00,1
1777321205736,26347.00,1
1777321205776,26292.00,1
1777321205819,26246.00,1
1777321205860,26347.00,1
1777321205899,26292.00,1
1777321205940,26463.00,1
1777321205982,26338.00,1
1777321206021,26448.00,1
1777321206063,26463.00,1
1777321206099,26390.00,1
1777321206137,26440.00,1
1777321206174,26495.00,1
1777321206214,26510.00,1
1777321206253,26345.00,1
1777321206289,26399.00,1
1777321206329,26434.00,1
1777321206370,26395.00,1
1777321206416,26375.00,1
1777321206458,26395.00,1
1777321206500,26337.00,1
1777321206541,26382.00,1
1777321206584,26267.00,1
1777321206624,26379.00,1
1777321206663,26397.00,1
1777321206705,26287.00,1
1777321206748,26419.00,1
1777321206787,26547.00,1
1777321206825,26449.00,1
1777321206865,26507.00,1
1777321206907,26547.00,1
1777321206945,26489.00,1
1777321206983,26707.00,1
1777321207022,26693.00,1
1777321207070,26582.00,1
1777321207120,26788.00,1
1777321207165,26638.00,1
1777321207211,26760.00,1
1777321207259,26610.00,1
1777321207300,26610.00,1
1777321207343,26595.00,1
1777321207384,26599.00,1
1777321207431,26519.00,1
1777321207472,26544.00,1
1777321207516,26504.00,1
1777321207556,26559.00,1
1777321207598,26699.00,1
1777321207645,26684.00,1
1777321207687,26794.00,1
1777321207730,26644.00,1
1777321207774,26794.00,1
1777321207813,26544.00,1
1777321207853,26542.00,1
1777321207895,26514.00,1
1777321207938,26489.00,1
1777321207980,26599.00,1
1777321208021,26609.00,1
1777321208066,26689.00,1
1777321208106,26894.00,1
1777321208146,26934.00,1
1777321208189,27084.00,1
1777321208232,27905.00,1
1777321208277,27945.00,1
1777321208317,28030.00,1
1777321208363,28110.00,1
1777321208410,28315.00,1
1777321208453,29054.00,1
1777321208499,29204.00,1
1777321208549,29284.00,1
1777321208592,29434.00,1
1777321208637,29459.00,1
1777321208680,30320.00,1
1777321208728,30131.00,1
1777321208777,30210.00,1
1777321208819,30265.00,1
1777321208866,30200.00,1
1777321208909,30099.00,1
1777321208949,30071.00,1
1777321208996,29983.00,1
1777321209041,30151.00,1
1777321209085,30061.00,1
1777321209262,29583.00,1
1777321209292,29519.00,1
1777321209320,29519.00,1
1777321209370,29464.00,1
1777321209399,29409.00,1
1777321209428,29409.00,1
1777321209459,29464.00,1
1777321209489,29430.00,1
1777321209519,29427.00,1
1777321209570,29442.00,1
1777321209600,29442.00,1
1777321209630,29387.00,1
1777321209660,29419.00,1
1777321209694,29455.00,1
1777321209724,29463.00,1
1777321209756,29408.00,1
1777321209787,29408.00,1
1777321209839,29423.00,1
1777321209871,29448.00,1
1777321209905,29447.00,1
1777321209937,29600.00,1
1777321209968,29545.00,1
1777321210000,29450.00,1
1777321210033,29505.00,1
1777321210065,29563.00,1
1777321210097,29544.00,1
1777321210129,29538.00,1
1777321210162,29593.00,1
1777321210194,29553.00,1
1777321210225,29503.00,1
1777321210257,29538.00,1
1777321210290,29593.00,1
1777321210329,29471.00,1
1777321210362,29488.00,1
1777321210396,29543.00,1
1777321210430,29563.00,1
1777321210464,29533.00,1
1777321210499,29548.00,1
1777321210533,29585.00,1
1777321210569,29538.00,1
1777321210603,29388.00,1
1777321210638,29494.00,1
1777321210673,29507.00,1
1777321210708,29507.00,1
1777321210743,29547.00,1
1777321210778,29521.00,1
1777321210814,29371.00,1
1777321210850,29436.00,1
1777321210885,29491.00,1
1777321210926,29531.00,1
1777321210962,29568.00,1
1777321210998,29476.00,1
1777321211035,29541.00,1
1777321211072,29581.00,1
1777321211108,29571.00,1
1777321211150,29381.00,1
1777321211187,29483.00,1
1777321211227,29579.00,1
1777321211264,29529.00,1
1777321211301,29546.00,1
1777321211339,29616.00,1
1777321211375,29567.00,1
1777321211413,29468.00,1
1777321211452,29353.00,1
1777321211492,29570.00,1
1777321211528,29448.00,1
1777321211566,29467.00,1
1777321211604,29509.00,1
1777321211643,29509.00,1
1777321211682,29444.00,1
1777321211723,29436.00,1
1777321211761,29521.00,1
1777321211797,29537.00,1
1777321211834,29529.00,1
1777321211874,29509.00,1
1777321211913,29442.00,1
1777321211955,29407.00,1
1777321211994,29472.00,1
1777321212035,29494.00,1
1777321212073,29429.00,1
1777321212113,29334.00,1
1777321212150,29549.00,1
1777321212187,29509.00,1
1777321212226,29447.00,1
1777321212264,29660.00,1
1777321212300,29605.00,1
1777321212335,29620.00,1
1777321212371,29445.00,1
1777321212412,29500.00,1
1777321212447,29470.00,1
1777321212489,29510.00,1
1777321212526,29485.00,1
1777321212565,29550.00,1
1777321212602,29550.00,1
1777321212648,29371.00,1
1777321212689,29494.00,1
1777321212728,29549.00,1
1777321212770,29334.00,1
1777321212813,29454.00,1
1777321212864,29365.00,1
1777321212905,29478.00,1
1777321212946,29318.00,1
1777321212987,29354.00,1
1777321213028,29478.00,1
1777321213066,29317.00,1
1777321213107,29433.00,1
1777321213147,29528.00,1
1777321213189,29466.00,1
1777321213230,29433.00,1
1777321213269,29447.00,1
1777321213309,29405.00,1
1777321213351,29576.00,1
1777321213394,29405.00,1
1777321213436,29459.00,1
1777321213477,29510.00,1
1777321213521,29485.00,1
1777321213564,29534.00,1
1777321213605,29508.00,1
1777321213651,29446.00,1
1777321213709,29358.00,1
1777321213759,29420.00,1
1777321213801,29483.00,1
1777321213843,29390.00,1
1777321213891,29373.00,1
1777321213936,29352.00,1
1777321213979,29354.00,1
1777321214024,29322.00,1
1777321214069,29328.00,1
1777321214115,29363.00,1
1777321214159,29545.00,1
1777321214200,29750.00,1
1777321214242,29830.00,1
1777321214282,29832.00,1
1777321214334,29854.00,1
1777321214381,30211.00,1
1777321214430,30116.00,1
1777321214473,30116.00,1
1777321214515,30061.00,1
1777321214558,30224.00,1
1777321214599,30114.00,1
1777321214643,30312.00,1
1777321214687,30184.00,1
1777321214737,30169.00,1
1777321214780,30036.00,1
1777321214827,30186.00,1
1777321214871,30076.00,1
1777321214920,30281.00,1
1777321214971,30140.00,1
1777321215016,30070.00,1
1777321215059,30125.00,1
1777321215101,30140.00,1
1777321215153,30030.00,1
1777321215199,30017.00,1
1777321215246,30035.00,1
1777321215290,29962.00,1
1777321215334,30131.00,1
1777321215392,30035.00,1
1777321215439,30080.00,1
1777321215485,30198.00,1
1777321215533,30080.00,1
1777321215573,30183.00,1
1777321215617,30030.00,1
1777321215665,30053.00,1
1777321215712,29975.00,1
1777321215759,30085.00,1
1777321215806,30040.00,1
1777321215850,30183.00,1
1777321215893,30128.00,1
1777321215944,30183.00,1
1777321215990,30098.00,1
1777321216032,30117.00,1
1777321216076,30062.00,1
1777321216118,30182.00,1
1777321216167,30062.00,1
1777321216211,30146.00,1
1777321216253,30094.00,1
1777321216299,30244.00,1
1777321216342,30124.00,1
1777321216385,30179.00,1
1777321216443,30094.00,1
1777321216490,29999.00,1
1777321216533,30269.00,1
1777321216577,30214.00,1
1777321216621,30144.00,1
1777321216670,30011.00,1
1777321216714,30091.00,1
1777321216758,29906.00,1
1777321216804,30001.00,1
1777321216861,30080.00,1
1777321216905,30052.00,1
1777321216948,30197.00,1
1777321216993,30227.00,1
1777321217038,30107.00,1
1777321217083,30167.00,1
1777321217127,30112.00,1
1777321217173,30072.00,1
1777321217220,30082.00,1
1777321217266,30167.00,1
1777321217374,29833.00,1
1777321217399,29898.00,1
1777321217424,29953.00,1
1777321217452,29983.00,1
1777321217480,29728.00,1
1777321217528,29728.00,1
1777321217557,29673.00,1
1777321217586,29673.00,1
1777321217615,29768.00,1
1777321217664,29763.00,1
1777321217693,29678.00,1
1777321217723,29679.00,1
1777321217752,29744.00,1
1777321217781,29744.00,1
1777321217811,29774.00,1
1777321217861,29679.00,1
1777321217891,29624.00,1
1777321217921,29757.00,1
1777321217952,29787.00,1
1777321217983,29692.00,1
1777321218013,29692.00,1
1777321218045,29797.00,1
1777321218097,29747.00,1
1777321218129,29583.00,1
1777321218160,29644.00,1
1777321218191,29678.00,1
1777321218222,29678.00,1
1777321218253,29678.00,1
1777321218284,29739.00,1
1777321218316,29775.00,1
1777321218348,29717.00,1
1777321218380,29778.00,1
1777321218412,29778.00,1
1777321218444,29789.00,1
1777321218476,29812.00,1
1777321218509,29840.00,1
1777321218541,29816.00,1
1777321218574,29762.00,1
1777321218606,29796.00,1
1777321218639,29796.00,1
1777321218672,29891.00,1
1777321218725,29784.00,1
1777321218758,29745.00,1
1777321218790,29745.00,1
1777321218824,29807.00,1
1777321218856,29816.00,1
1777321218889,29911.00,1
1777321218921,29856.00,1
1777321218953,29854.00,1
1777321218986,29894.00,1
1777321219019,29799.00,1
1777321219054,29854.00,1
1777321219088,29798.00,1
1777321219124,29819.00,1
1777321219160,29735.00,1
1777321219194,29748.00,1
1777321219231,29763.00,1
1777321219266,29589.00,1
1777321219302,29644.00,1
1777321219341,29715.00,1
1777321219377,29766.00,1
1777321219413,29821.00,1
1777321219457,29701.00,1
1777321219492,29781.00,1
1777321219526,29726.00,1
1777321219561,29766.00,1
1777321219598,29734.00,1
1777321219634,29649.00,1
1777321219674,29725.00,1
1777321219711,29854.00,1
1777321219747,29829.00,1
1777321219784,29829.00,1
1777321219821,29768.00,1
1777321219858,29823.00,1
1777321219895,29783.00,1
1777321219932,29702.00,1
1777321219974,29733.00,1
1777321220012,29939.00,1
1777321220051,29764.00,1
1777321220092,29764.00,1
1777321220129,29844.00,1
1777321220169,29789.00,1
1777321220207,29794.00,1
1777321220246,29887.00,1
1777321220286,29902.00,1
1777321220324,29727.00,1
1777321220363,29807.00,1
1777321220401,29792.00,1
1777321220444,29819.00,1
1777321220481,29789.00,1
1777321220520,29909.00,1
1777321220557,29869.00,1
1777321220595,29749.00,1
1777321220639,29779.00,1
1777321220679,29815.00,1
1777321220719,29722.00,1
1777321220758,29783.00,1
1777321220800,29798.00,1
1777321220848,29655.00,1
1777321220890,29804.00,1
1777321220932,29644.00,1
1777321220977,29859.00,1
1777321221019,29646.00,1
1777321221061,29754.00,1
1777321221104,29699.00,1
1777321221148,29721.00,1
1777321221191,29809.00,1
1777321221238,29691.00,1
1777321221282,29713.00,1
1777321221326,29603.00,1
1777321221368,29658.00,1
1777321221414,29643.00,1
1777321221454,29793.00,1
1777321221498,29618.00,1
1777321221544,29673.00,1
1777321221585,29618.00,1
1777321221625,29695.00,1
1777321221670,29673.00,1
1777321221716,29689.00,1
1777321221760,29744.00,1
1777321221804,29634.00,1
1777321221848,29799.00,1
1777321221900,29704.00,1
1777321221946,29872.00,1
1777321221990,29772.00,1
1777321222036,29927.00,1
1777321222081,29817.00,1
1777321222125,29769.00,1
1777321222170,29646.00,1
1777321222216,29769.00,1
1777321222261,29641.00,1
1777321222321,29701.00,1
1777321222371,30069.00,1
1777321222415,30139.00,1
1777321222460,29974.00,1
1777321222508,29974.00,1
1777321222555,30042.00,1
1777321222603,30191.00,1
1777321222647,30042.00,1
1777321222691,30097.00,1
1777321222741,30012.00,1
1777321222787,30039.00,1
1777321222833,30039.00,1
1777321222876,30119.00,1
1777321222916,30094.00,1
1777321222965,30201.00,1
1777321223008,30161.00,1
1777321223053,30106.00,1
1777321223100,30091.00,1
1777321223142,30201.00,1
1777321223184,30084.00,1
1777321223229,30234.00,1
1777321223272,30084.00,1
1777321223317,30139.00,1
1777321223370,30029.00,1
1777321223412,30111.00,1
1777321223457,30096.00,1
1777321223501,30166.00,1
1777321223547,30056.00,1
1777321223596,30159.00,1
1777321223640,30159.00,1
1777321223684,30104.00,1
1777321223731,30089.00,1
1777321223771,30199.00,1
1777321223814,30075.00,1
1777321223859,30225.00,1
1777321223903,30115.00,1
1777321223943,30134.00,1
1777321224002,30060.00,1
1777321224045,30102.00,1
1777321224089,30205.00,1
1777321224134,30315.00,1
1777321224177,30186.00,1
1777321224223,30192.00,1
1777321224267,30200.00,1
1777321224310,30192.00,1
1777321224354,30082.00,1
1777321224394,30160.00,1
1777321224437,30119.00,1
1777321224485,30269.00,1
1777321224529,30149.00,1
1777321224573,30204.00,1
1777321224633,30149.00,1
1777321224678,30078.00,1
1777321224725,30118.00,1
1777321224770,30143.00,1
1777321224810,30183.00,1
1777321224852,30199.00,1
1777321224894,30144.00,1
1777321224934,30264.00,1
1777321224978,30219.00,1
1777321225021,30144.00,1
1777321225064,30116.00,1
1777321225105,30061.00,1
1777321225148,30181.00,1
1777321225276,29776.00,1
1777321225301,29665.00,1
1777321225329,29680.00,1
1777321225357,29735.00,1
1777321225385,29800.00,1
1777321225435,29825.00,1
1777321225465,29760.00,1
1777321225494,29797.00,1
1777321225523,29827.00,1
1777321225573,29797.00,1
1777321225603,29786.00,1
1777321225633,29677.00,1
1777321225663,29677.00,1
1777321225693,29738.00,1
1777321225724,29773.00,1
1777321225754,29793.00,1
1777321225806,29828.00,1
1777321225838,29678.00,1
1777321225869,29678.00,1
1777321225900,29742.00,1
1777321225933,29809.00,1
1777321225965,29715.00,1
1777321225996,29831.00,1
1777321226028,29840.00,1
1777321226059,29864.00,1
1777321226092,29864.00,1
1777321226125,29900.00,1
1777321226157,29841.00,1
1777321226189,29867.00,1
1777321226222,29930.00,1
1777321226256,29841.00,1
1777321226290,29812.00,1
1777321226323,29812.00,1
1777321226356,29779.00,1
1777321226391,29849.00,1
1777321226423,29795.00,1
1777321226457,29834.00,1
1777321226491,29889.00,1
1777321226524,29794.00,1
1777321226558,29818.00,1
1777321226592,29857.00,1
1777321226626,29857.00,1
1777321226661,29818.00,1
1777321226695,29873.00,1
1777321226730,29873.00,1
1777321226764,29924.00,1
1777321226799,29769.00,1
1777321226833,29769.00,1
1777321226867,29824.00,1
1777321226903,29924.00,1
1777321226939,29829.00,1
1777321226975,29818.00,1
1777321227010,29660.00,1
1777321227051,29752.00,1
1777321227086,29913.00,1
1777321227121,29913.00,1
1777321227157,29875.00,1
1777321227193,29707.00,1
1777321227229,29770.00,1
1777321227268,29867.00,1
1777321227307,29895.00,1
1777321227345,29722.00,1
1777321227382,29634.00,1
1777321227422,29826.00,1
1777321227461,29761.00,1
1777321227499,29666.00,1
1777321227536,29786.00,1
1777321227574,29746.00,1
1777321227612,29804.00,1
1777321227654,29834.00,1
1777321227693,29964.00,1
1777321227732,29914.00,1
1777321227769,29859.00,1
1777321227815,29867.00,1
1777321227856,29747.00,1
1777321227900,29798.00,1
1777321227942,29867.00,1
1777321227983,29812.00,1
1777321228025,29854.00,1
1777321228065,29814.00,1
1777321228105,29799.00,1
1777321228143,29799.00,1
1777321228184,29764.00,1
1777321228221,29767.00,1
1777321228256,29876.00,1
1777321228295,29876.00,1
1777321228333,29850.00,1
1777321228373,29756.00,1
1777321228416,29916.00,1
1777321228454,29830.00,1
1777321228494,29830.00,1
1777321228534,29950.00,1
1777321228574,29845.00,1
1777321228616,29820.00,1
1777321228656,29854.00,1
1777321228699,29770.00,1
1777321228744,29787.00,1
1777321228789,29724.00,1
1777321228829,29815.00,1
1777321228869,29884.00,1
1777321228911,29849.00,1
1777321228952,29979.00,1
1777321228993,29929.00,1
1777321229033,29874.00,1
1777321229075,29920.00,1
1777321229122,29775.00,1
1777321229165,29960.00,1
1777321229209,29855.00,1
1777321229256,29960.00,1
1777321229300,29734.00,1
1777321229341,29814.00,1
1777321229383,29744.00,1
1777321229424,29799.00,1
1777321229465,29814.00,1
1777321229510,29825.00,1
1777321229555,29935.00,1
1777321229598,29890.00,1
1777321229642,29880.00,1
1777321229688,29865.00,1
1777321229730,29817.00,1
1777321229774,29872.00,1
1777321229821,29762.00,1
1777321229864,29872.00,1
1777321229907,29817.00,1
1777321229950,29826.00,1
1777321229994,29718.00,1
1777321230038,29759.00,1
1777321230084,29744.00,1
1777321230128,29817.00,1
1777321230175,29707.00,1
1777321230223,29952.00,1
1777321230267,29992.00,1
1777321230314,30087.00,1
1777321230364,30078.00,1
1777321230409,29983.00,1
1777321230454,30078.00,1
1777321230498,30023.00,1
1777321230544,30023.00,1
1777321230599,30103.00,1
1777321230647,30198.00,1
1777321230691,30158.00,1
1777321230737,30103.00,1
1777321230786,30090.00,1
1777321230833,30145.00,1
1777321230882,30295.00,1
1777321230928,30145.00,1
1777321230972,30053.00,1
1777321231018,29998.00,1
1777321231063,30053.00,1
1777321231107,29998.00,1
1777321231152,30053.00,1
1777321231202,30030.00,1
1777321231248,30030.00,1
1777321231293,30140.00,1
1777321231337,30070.00,1
1777321231381,30085.00,1
1777321231440,30057.00,1
1777321231487,30002.00,1
1777321231531,30167.00,1
1777321231577,30092.00,1
1777321231618,30245.00,1
1777321231663,30244.00,1
1777321231708,30229.00,1
1777321231752,30302.00,1
1777321231794,30249.00,1
1777321231834,30149.00,1
1777321231880,30144.00,1
1777321231923,30164.00,1
1777321231970,30089.00,1
1777321232013,30243.00,1
1777321232074,30051.00,1
1777321232121,29976.00,1
1777321232167,30245.00,1
1777321232211,30111.00,1
1777321232251,30254.00,1
1777321232298,30230.00,1
1777321232341,30404.00,1
1777321232384,30340.00,1
1777321232430,30230.00,1
1777321232471,30199.00,1
1777321232514,30144.00,1
1777321232557,30169.00,1
1777321232602,30154.00,1
1777321232735,30245.00,1
1777321232760,29818.00,1
1777321232786,30033.00,1
1777321232814,30063.00,1
1777321232863,29790.00,1
1777321232892,29640.00,1
1777321232921,29640.00,1
1777321232950,29731.00,1
1777321232979,29735.00,1
1777321233029,29695.00,1
1777321233059,29770.00,1
1777321233089,29770.00,1
1777321233118,29770.00,1
1777321233148,29800.00,1
1777321233178,29835.00,1
1777321233229,29685.00,1
1777321233260,29810.00,1
1777321233290,29810.00,1
1777321233321,29875.00,1
1777321233351,29875.00,1
1777321233382,29905.00,1
1777321233414,29810.00,1
1777321233445,29875.00,1
1777321233476,29785.00,1
1777321233508,29785.00,1
1777321233541,29815.00,1
1777321233572,29760.00,1
1777321233626,29690.00,1
1777321233658,29720.00,1
1777321233690,29864.00,1
1777321233723,29809.00,1
1777321233756,29825.00,1
1777321233788,29744.00,1
1777321233823,29744.00,1
1777321233855,29744.00,1
1777321233888,29811.00,1
1777321233923,29769.00,1
1777321233957,29799.00,1
1777321233991,29864.00,1
1777321234028,29744.00,1
1777321234064,29744.00,1
1777321234099,29744.00,1
1777321234134,29693.00,1
1777321234168,29723.00,1
1777321234204,29788.00,1
1777321234241,29613.00,1
1777321234276,29733.00,1
1777321234312,29699.00,1
1777321234347,29769.00,1
1777321234383,29784.00,1
1777321234420,29619.00,1
1777321234455,29619.00,1
1777321234492,29689.00,1
1777321234529,29670.00,1
1777321234564,29710.00,1
1777321234601,29653.00,1
1777321234637,29653.00,1
1777321234679,29778.00,1
1777321234716,29765.00,1
1777321234752,29799.00,1
1777321234786,29834.00,1
1777321234821,29858.00,1
1777321234857,29858.00,1
1777321234893,29913.00,1
1777321234932,29812.00,1
1777321234969,29760.00,1
1777321235009,29916.00,1
1777321235047,29956.00,1
1777321235086,29798.00,1
1777321235126,29861.00,1
1777321235164,29800.00,1
1777321235200,29585.00,1
1777321235239,29690.00,1
1777321235274,29816.00,1
1777321235312,29745.00,1
1777321235345,29735.00,1
1777321235382,29789.00,1
1777321235419,29829.00,1
1777321235455,29799.00,1
1777321235492,29854.00,1
1777321235529,29749.00,1
1777321235570,29724.00,1
1777321235608,29894.00,1
1777321235647,29799.00,1
1777321235684,29734.00,1
1777321235722,29764.00,1
1777321235759,29814.00,1
1777321235802,29634.00,1
1777321235845,29739.00,1
1777321235889,29709.00,1
1777321235928,29644.00,1
1777321235972,29732.00,1
1777321236010,29927.00,1
1777321236046,29817.00,1
1777321236084,29922.00,1
1777321236125,29897.00,1
1777321236167,29777.00,1
1777321236210,29886.00,1
1777321236253,29799.00,1
1777321236291,29734.00,1
1777321236331,29803.00,1
1777321236372,29799.00,1
1777321236411,29789.00,1
1777321236450,29785.00,1
1777321236486,29800.00,1
1777321236523,29625.00,1
1777321236566,29670.00,1
1777321236605,29745.00,1
1777321236645,29775.00,1
1777321236683,29790.00,1
1777321236720,29797.00,1
1777321236759,29837.00,1
1777321236801,29806.00,1
1777321236842,29784.00,1
1777321236882,29748.00,1
1777321236920,29749.00,1
1777321236961,29762.00,1
1777321237001,29687.00,1
1777321237041,29802.00,1
1777321237083,29914.00,1
1777321237126,29756.00,1
1777321237173,29695.00,1
1777321237214,29810.00,1
1777321237255,29758.00,1
1777321237299,29942.00,1
1777321237340,29771.00,1
1777321237385,29770.00,1
1777321237427,29785.00,1
1777321237473,29708.00,1
1777321237515,29725.00,1
1777321237554,29725.00,1
1777321237596,29780.00,1
1777321237638,29725.00,1
1777321237679,29903.00,1
1777321237721,30039.00,1
1777321237764,30079.00,1
1777321237808,29944.00,1
1777321237849,29881.00,1
1777321237891,30085.00,1
1777321237935,30129.00,1
1777321237978,30144.00,1
1777321238018,30199.00,1
1777321238062,30129.00,1
1777321238105,30173.00,1
1777321238149,30043.00,1
1777321238191,30104.00,1
1777321238249,30029.00,1
1777321238293,30104.00,1
1777321238337,30085.00,1
1777321238382,30182.00,1
1777321238432,30037.00,1
1777321238478,30017.00,1
1777321238521,30072.00,1
1777321238565,30052.00,1
1777321238609,30135.00,1
1777321238655,30107.00,1
1777321238700,30092.00,1
1777321238743,30177.00,1
1777321238786,30122.00,1
1777321238834,30217.00,1
1777321238882,30177.00,1
1777321238928,30107.00,1
1777321238972,30146.00,1
1777321239014,30052.00,1
1777321239062,30092.00,1
1777321239105,30092.00,1
1777321239148,30092.00,1
1777321239191,30209.00,1
1777321239233,30169.00,1
1777321239277,30114.00,1
1777321239320,30099.00,1
1777321239363,30160.00,1
1777321239407,30135.00,1
1777321239447,30190.00,1
1777321239492,30150.00,1
1777321239535,30175.00,1
1777321239574,30186.00,1
1777321239620,30132.00,1
1777321239661,30203.00,1
1777321239698,30147.00,1
1777321239855,29439.00,1
1777321239883,29424.00,1
1777321239909,29539.00,1
1777321239938,29574.00,1
1777321239987,29560.00,1
1777321240016,29530.00,1
1777321240045,29534.00,1
1777321240074,29620.00,1
1777321240103,29622.00,1
1777321240153,29557.00,1
1777321240183,29622.00,1
1777321240213,29560.00,1
1777321240243,29502.00,1
1777321240274,29550.00,1
1777321240304,29561.00,1
1777321240355,29531.00,1
1777321240385,29506.00,1
1777321240416,29506.00,1
1777321240446,29506.00,1
1777321240477,29571.00,1
1777321240509,29500.00,1
1777321240540,29519.00,1
1777321240571,29435.00,1
1777321240603,29435.00,1
1777321240634,29460.00,1
1777321240687,29555.00,1
1777321240721,29479.00,1
1777321240752,29479.00,1
1777321240784,29514.00,1
1777321240815,29467.00,1
1777321240847,29534.00,1
1777321240878,29534.00,1
1777321240911,29528.00,1
1777321240944,29498.00,1
1777321240975,29463.00,1
1777321241009,29528.00,1
1777321241044,29463.00,1
1777321241076,29404.00,1
1777321241109,29468.00,1
1777321241144,29437.00,1
1777321241178,29527.00,1
1777321241212,29432.00,1
1777321241245,29432.00,1
1777321241278,29497.00,1
1777321241313,29467.00,1
1777321241348,29495.00,1
1777321241382,29520.00,1
1777321241416,29535.00,1
1777321241450,29600.00,1
1777321241484,29600.00,1
1777321241519,29665.00,1
1777321241553,29580.00,1
1777321241592,29385.00,1
1777321241627,29446.00,1
1777321241662,29511.00,1
1777321241698,29511.00,1
1777321241733,29542.00,1
1777321241772,29508.00,1
1777321241809,29520.00,1
1777321241844,29585.00,1
1777321241881,29646.00,1
1777321241917,29520.00,1
1777321241954,29582.00,1
1777321241992,29576.00,1
1777321242029,29582.00,1
1777321242065,29581.00,1
1777321242103,29516.00,1
1777321242142,29512.00,1
1777321242178,29652.00,1
1777321242217,29652.00,1
1777321242253,29587.00,1
1777321242292,29492.00,1
1777321242331,29617.00,1
1777321242369,29553.00,1
1777321242414,29513.00,1
1777321242453,29610.00,1
1777321242492,29477.00,1
1777321242531,29478.00,1
1777321242573,29597.00,1
1777321242614,29513.00,1
1777321242653,29541.00,1
1777321242692,29578.00,1
1777321242730,29553.00,1
1777321242773,29488.00,1
1777321242811,29656.00,1
1777321242847,29656.00,1
1777321242885,29591.00,1
1777321242924,29671.00,1
1777321242965,29616.00,1
1777321243008,29581.00,1
1777321243050,29531.00,1
1777321243090,29541.00,1
1777321243129,29481.00,1
1777321243170,29606.00,1
1777321243211,29676.00,1
1777321243257,29562.00,1
1777321243298,29627.00,1
1777321243341,29497.00,1
1777321243383,29627.00,1
1777321243427,29617.00,1
1777321243466,29550.00,1
1777321243516,29600.00,1
1777321243556,29615.00,1
1777321243598,29560.00,1
1777321243640,29470.00,1
1777321243682,29558.00,1
1777321243725,29448.00,1
1777321243766,29552.00,1
1777321243810,29623.00,1
1777321243846,29542.00,1
1777321243890,29530.00,1
1777321243926,29610.00,1
1777321243965,29465.00,1
1777321244007,29611.00,1
1777321244044,29610.00,1
1777321244081,29539.00,1
1777321244123,29539.00,1
1777321244163,29662.00,1
1777321244203,29580.00,1
1777321244245,29581.00,1
1777321244285,29577.00,1
1777321244329,29420.00,1
1777321244373,29577.00,1
1777321244413,29514.00,1
1777321244453,29522.00,1
1777321244498,29497.00,1
1777321244544,29539.00,1
1777321244589,29601.00,1
1777321244631,29445.00,1
1777321244676,29586.00,1
1777321244716,29488.00,1
1777321244764,29647.00,1
1777321244807,29727.00,1
1777321244855,29841.00,1
1777321244895,29691.00,1
1777321244937,29945.00,1
1777321244983,30000.00,1
1777321245025,29945.00,1
1777321245070,30055.00,1
1777321245114,29945.00,1
1777321245153,30076.00,1
1777321245200,30112.00,1
1777321245247,30182.00,1
1777321245293,30051.00,1
1777321245347,30013.00,1
1777321245394,30123.00,1
1777321245438,30013.00,1
1777321245480,30123.00,1
1777321245522,30123.00,1
1777321245570,30140.00,1
1777321245614,30195.00,1
1777321245655,30100.00,1
1777321245694,30290.00,1
1777321245737,30235.00,1
1777321245779,30052.00,1
1777321245822,30052.00,1
1777321245869,29997.00,1
1777321245910,30107.00,1
1777321245955,29997.00,1
1777321245999,30032.00,1
1777321246040,30029.00,1
1777321246079,30142.00,1
1777321246123,30179.00,1
1777321246167,30091.00,1
1777321246207,30203.00,1
1777321246251,30126.00,1
1777321246300,30236.00,1
1777321246431,29866.00,1
1777321246457,29466.00,1
1777321246486,29590.00,1
1777321246515,29590.00,1
1777321246544,29590.00,1
1777321246594,29590.00,1
1777321246623,29535.00,1
1777321246652,29535.00,1
1777321246683,29632.00,1
1777321246713,29640.00,1
1777321246743,29727.00,1
1777321246793,29665.00,1
1777321246824,29665.00,1
1777321246854,29666.00,1
1777321246884,29695.00,1
1777321246915,29760.00,1
1777321246946,29760.00,1
1777321246977,29760.00,1
1777321247008,29760.00,1
1777321247039,29760.00,1
1777321247089,29847.00,1
1777321247118,29817.00,1
1777321247149,29782.00,1
1777321247181,29782.00,1
1777321247213,29782.00,1
1777321247245,29847.00,1
1777321247283,29782.00,1
1777321247318,29639.00,1
1777321247350,29702.00,1
1777321247384,29678.00,1
1777321247415,29825.00,1
1777321247447,29662.00,1
1777321247478,29760.00,1
1777321247510,29699.00,1
1777321247544,29713.00,1
1777321247578,29625.00,1
1777321247611,29690.00,1
1777321247646,29561.00,1
1777321247678,29561.00,1
1777321247715,29626.00,1
1777321247749,29674.00,1
1777321247784,29609.00,1
1777321247817,29639.00,1
1777321247850,29639.00,1
1777321247885,29639.00,1
1777321247918,29574.00,1
1777321247952,29734.00,1
1777321247987,29769.00,1
1777321248022,29769.00,1
1777321248056,29799.00,1
1777321248091,29799.00,1
1777321248126,29734.00,1
1777321248164,29629.00,1
1777321248200,29649.00,1
1777321248236,29759.00,1
1777321248276,29789.00,1
1777321248313,29801.00,1
1777321248351,29724.00,1
1777321248387,29695.00,1
1777321248424,29760.00,1
1777321248458,29695.00,1
1777321248496,29535.00,1
1777321248532,29665.00,1
1777321248568,29798.00,1
1777321248605,29799.00,1
1777321248644,29799.00,1
1777321248682,29780.00,1
1777321248721,29864.00,1
1777321248759,29734.00,1
1777321248795,29639.00,1
1777321248832,29769.00,1
1777321248867,29769.00,1
1777321248904,29864.00,1
1777321248942,29802.00,1
1777321248979,29704.00,1
1777321249019,29695.00,1
1777321249059,29665.00,1
1777321249099,29625.00,1
1777321249138,29644.00,1
1777321249181,29663.00,1
1777321249225,29766.00,1
1777321249266,29768.00,1
1777321249302,29730.00,1
1777321249344,29703.00,1
1777321249383,29799.00,1
1777321249428,29590.00,1
1777321249468,29695.00,1
1777321249512,29695.00,1
1777321249555,29630.00,1
1777321249594,29695.00,1
1777321249638,29643.00,1
1777321249683,29672.00,1
1777321249723,29707.00,1
1777321249764,29643.00,1
1777321249802,29723.00,1
1777321249851,29663.00,1
1777321249893,29848.00,1
1777321249933,29743.00,1
1777321249975,29633.00,1
1777321250018,29848.00,1
1777321250058,29639.00,1
1777321250098,29759.00,1
1777321250144,29854.00,1
1777321250187,29784.00,1
1777321250229,29704.00,1
1777321250273,29591.00,1
1777321250314,29710.00,1
1777321250350,29684.00,1
1777321250388,29632.00,1
1777321250428,29710.00,1
1777321250471,29569.00,1
1777321250511,29618.00,1
1777321250555,29695.00,1
1777321250597,29522.00,1
1777321250640,29625.00,1
1777321250684,29710.00,1
1777321250729,29573.00,1
1777321250771,29638.00,1
1777321250816,29568.00,1
1777321250858,29693.00,1
1777321250908,29605.00,1
1777321250954,29765.00,1
1777321251000,29615.00,1
1777321251047,29580.00,1
1777321251095,29630.00,1
1777321251138,29543.00,1
1777321251183,29677.00,1
1777321251226,29592.00,1
1777321251266,29544.00,1
1777321251312,29610.00,1
1777321251355,29569.00,1
1777321251406,29719.00,1
1777321251453,29778.00,1
1777321251497,29629.00,1
1777321251542,30045.00,1
1777321251586,30049.00,1
1777321251629,30159.00,1
1777321251675,30229.00,1
1777321251719,30104.00,1
1777321251766,30170.00,1
1777321251812,30264.00,1
1777321251854,30140.00,1
1777321251898,30140.00,1
1777321251948,30085.00,1
1777321251992,29962.00,1
1777321252038,29852.00,1
1777321252080,29962.00,1
1777321252122,29962.00,1
1777321252207,29812.00,1
1777321252249,29849.00,1
1777321252291,29929.00,1
1777321252334,29999.00,1
1777321252383,30001.00,1
1777321252426,29999.00,1
1777321252464,30018.00,1
1777321252579,29757.00,1
1777321252606,29634.00,1
1777321252634,29697.00,1
1777321252683,29634.00,1
1777321252711,29642.00,1
1777321252740,29644.00,1
1777321252769,29691.00,1
1777321252797,29646.00,1
1777321252847,29547.00,1
1777321252876,29547.00,1
1777321252906,29557.00,1
1777321252936,29612.00,1
1777321252966,29612.00,1
1777321252996,29612.00,1
1777321253047,29494.00,1
1777321253078,29439.00,1
1777321253109,29504.00,1
1777321253140,29504.00,1
1777321253170,29534.00,1
1777321253202,29534.00,1
1777321253233,29534.00,1
1777321253264,29494.00,1
1777321253297,29559.00,1
1777321253328,29559.00,1
1777321253359,29565.00,1
1777321253412,29494.00,1
1777321253443,29502.00,1
1777321253474,29567.00,1
1777321253505,29621.00,1
1777321253536,29642.00,1
1777321253568,29642.00,1
1777321253599,29642.00,1
1777321253632,29677.00,1
1777321253663,29559.00,1
1777321253695,29559.00,1
1777321253727,29589.00,1
1777321253760,29654.00,1
1777321253792,29525.00,1
1777321253825,29524.00,1
1777321253860,29497.00,1
1777321253895,29455.00,1
1777321253928,29585.00,1
1777321253962,29585.00,1
1777321253997,29585.00,1
1777321254033,29585.00,1
1777321254068,29679.00,1
1777321254101,29660.00,1
1777321254134,29660.00,1
1777321254167,29581.00,1
1777321254201,29695.00,1
1777321254234,29725.00,1
1777321254268,29691.00,1
1777321254301,29778.00,1
1777321254336,29683.00,1
1777321254372,29553.00,1
1777321254407,29618.00,1
1777321254449,29620.00,1
1777321254489,29811.00,1
1777321254534,29817.00,1
1777321254584,30041.00,1
1777321254634,30417.00,1
1777321254680,30550.00,1
1777321254724,30727.00,1
1777321254773,31024.00,1
1777321254820,31337.00,1
1777321254868,31519.00,1
1777321254928,31812.00,1
1777321254976,31993.00,1
1777321255024,32187.00,1
1777321255076,32478.00,1
1777321255125,32607.00,1
1777321255173,32840.00,1
1777321255223,33064.00,1
1777321255271,33385.00,1
1777321255328,33579.00,1
1777321255379,33641.00,1
1777321255430,33872.00,1
1777321255482,34090.00,1
1777321255532,34355.00,1
1777321255584,34584.00,1
1777321255638,34645.00,1
1777321255691,34966.00,1
1777321255745,35277.00,1
1777321255799,35395.00,1
1777321255853,35451.00,1
1777321255907,35751.00,1
1777321255966,35852.00,1
1777321256024,36029.00,1
1777321256079,35885.00,1
1777321256134,36065.00,1
1777321256208,36061.00,1
1777321256264,36234.00,1
1777321256321,36039.00,1
1777321256385,36236.00,1
1777321256441,36358.00,1
1777321256499,36420.00,1
1777321256557,36108.00,1
1777321256632,36249.00,1
1777321256691,36333.00,1
1777321256749,36440.00,1
1777321256808,36350.00,1
1777321256870,36447.00,1
1777321256934,36673.00,1
1777321256996,36710.00,1
1777321257064,36662.00,1
1777321257143,36504.00,1
1777321257204,36733.00,1
1777321257273,36712.00,1
1777321257337,36618.00,1
1777321257403,36828.00,1
1777321257483,36637.00,1
1777321257553,36843.00,1
1777321257623,36983.00,1
1777321257698,37071.00,1
1777321257766,37292.00,1
1777321257833,37336.00,1
1777321257964,36961.00,1
1777321257996,37203.00,1
1777321258034,36977.00,1
1777321258070,37321.00,1
1777321258103,37726.00,1
1777321258138,37918.00,1
1777321258172,37950.00,1
1777321258210,37832.00,1
1777321258251,37906.00,1
1777321258287,38187.00,1
1777321258320,38237.00,1
1777321258357,38122.00,1
1777321258395,38229.00,1
1777321258436,38347.00,1
1777321258475,38332.00,1
1777321258517,38216.00,1
1777321258558,38337.00,1
1777321258598,38486.00,1
1777321258638,38427.00,1
1777321258679,38550.00,1
1777321258718,38696.00,1
1777321258761,38637.00,1
1777321258802,39015.00,1
1777321258843,38874.00,1
1777321258885,38899.00,1
1777321258923,39109.00,1
1777321258961,38997.00,1
1777321259002,39108.00,1
1777321259044,39315.00,1
1777321259087,39128.00,1
1777321259129,39250.00,1
1777321259172,39343.00,1
1777321259216,39456.00,1
1777321259260,39684.00,1
1777321259307,39558.00,1
1777321259352,39864.00,1
1777321259398,39787.00,1
1777321259445,40099.00,1
1777321259490,39827.00,1
1777321259550,39381.00,1
1777321259599,39238.00,1
1777321259645,39117.00,1
1777321259688,39294.00,1
1777321259732,39060.00,1
1777321259777,38937.00,1
1777321259820,38741.00,1
1777321259866,38716.00,1
1777321259912,38364.00,1
1777321259969,38239.00,1
1777321260018,38034.00,1
1777321260066,38135.00,1
1777321260112,37787.00,1
1777321260155,37636.00,1
1777321260201,37475.00,1
1777321260246,37662.00,1
1777321260291,37096.00,1
1777321260339,37249.00,1
1777321260392,36633.00,1
1777321260441,36773.00,1
1777321260489,36464.00,1
1777321260538,36525.00,1
1777321260584,36583.00,1
1777321260632,36217.00,1
1777321260682,36048.00,1
1777321260731,36073.00,1
1777321260785,35769.00,1
1777321260834,35610.00,1
1777321260884,35542.00,1
1777321260933,35385.00,1
1777321260985,35501.00,1
1777321261051,35464.00,1
1777321261111,35374.00,1
1777321261163,35393.00,1
1777321261211,35503.00,1
1777321261263,35484.00,1
1777321261323,35412.00,1
1777321261376,35609.00,1
1777321261433,35646.00,1
1777321261487,35943.00,1
1777321261541,35659.00,1
1777321261597,35598.00,1
1777321261671,35722.00,1
1777321261730,35694.00,1
1777321261786,35713.00,1
1777321261844,35698.00,1
1777321261915,35738.00,1
1777321261972,35882.00,1
1777321262032,35670.00,1
1777321262095,35983.00,1
1777321262156,35965.00,1
1777321262214,36365.00,1
1777321262427,35017.00,1
1777321262465,34856.00,1
1777321262502,35063.00,1
1777321262544,34955.00,1
1777321262585,35289.00,1
1777321262624,35622.00,1
1777321262663,35442.00,1
1777321262706,35859.00,1
1777321262745,36138.00,1
1777321262787,35992.00,1
1777321262827,36316.00,1
1777321262871,36057.00,1
1777321262912,36787.00,1
1777321262954,36835.00,1
1777321262994,36688.00,1
1777321263037,36755.00,1
1777321263085,36038.00,1
1777321263127,36406.00,1
1777321263170,36160.00,1
1777321263213,36513.00,1
1777321263257,36405.00,1
1777321263297,36253.00,1
1777321263341,36346.00,1
1777321263385,36176.00,1
1777321263431,36223.00,1
1777321263472,36138.00,1
1777321263512,36349.00,1
1777321263554,36288.00,1
1777321263600,36184.00,1
1777321263644,36579.00,1
1777321263686,36205.00,1
1777321263727,36280.00,1
1777321263768,36473.00,1
1777321263811,36454.00,1
1777321263854,36454.00,1
1777321263898,36281.00,1
1777321263943,36317.00,1
1777321263985,36255.00,1
1777321264030,36259.00,1
1777321264073,36295.00,1
1777321264121,36240.00,1
1777321264169,36250.00,1
1777321264219,36235.00,1
1777321264265,36282.00,1
1777321264311,36388.00,1
1777321264355,36220.00,1
1777321264402,36084.00,1
1777321264450,36169.00,1
1777321264496,36042.00,1
1777321264545,36432.00,1
1777321264596,36222.00,1
1777321264644,35998.00,1
1777321264694,36389.00,1
1777321264742,36229.00,1
1777321264806,35982.00,1
1777321264856,35864.00,1
1777321264908,36309.00,1
1777321264960,36194.00,1
1777321265017,36248.00,1
1777321265068,35875.00,1
1777321265120,36258.00,1
1777321265173,36080.00,1
1777321265228,35891.00,1
1777321265281,35993.00,1
1777321265332,36101.00,1
1777321265385,36193.00,1
1777321265443,36164.00,1
1777321265495,35753.00,1
1777321265547,35797.00,1
1777321265600,36079.00,1
1777321265657,35919.00,1
1777321265711,35729.00,1
1777321265770,35776.00,1
1777321265834,35887.00,1
1777321265889,35575.00,1
1777321265945,35666.00,1
1777321266000,35907.00,1
1777321266057,35801.00,1
1777321266229,35841.00,1
1777321266269,34962.00,1
1777321266310,35071.00,1
1777321266350,35214.00,1
1777321266391,35385.00,1
1777321266432,35514.00,1
1777321266473,35453.00,1
1777321266512,35782.00,1
1777321266551,35604.00,1
1777321266589,35571.00,1
1777321266627,35821.00,1
1777321266667,35808.00,1
1777321266706,35934.00,1
1777321266745,35969.00,1
1777321266786,36072.00,1
1777321266827,36067.00,1
1777321267450,22255.00,1
1777321268350,26367.00,1
1777321268390,26252.00,1
1777321268439,25930.00,1
1777321268485,25869.00,1
1777321268531,26069.00,1
1777321268575,26301.00,1
1777321268619,26451.00,1
1777321268661,26647.00,1
1777321268707,26802.00,1
1777321268751,27022.00,1
1777321268796,27201.00,1
1777321268840,27401.00,1
1777321268890,27549.00,1
1777321268938,27608.00,1
1777321268990,28025.00,1
1777321269039,27983.00,1
1777321269094,28190.00,1
1777321269143,28334.00,1
1777321269195,28585.00,1
1777321269244,28672.00,1
1777321269293,28806.00,1
1777321269345,28884.00,1
1777321269395,29081.00,1
1777321269458,29093.00,1
1777321269508,29268.00,1
1777321269561,29369.00,1
1777321269614,29561.00,1
1777321269666,29710.00,1
1777321269719,29863.00,1
1777321269776,29969.00,1
1777321269828,30332.00,1
1777321269881,30131.00,1
1777321270107,29148.00,1
1777321270147,28923.00,1
1777321270187,28941.00,1
1777321270231,28815.00,1
1777321270275,29155.00,1
1777321270323,29281.00,1
1777321270366,29198.00,1
1777321270410,29477.00,1
1777321270453,29711.00,1
1777321270497,29674.00,1
1777321270539,29946.00,1
1777321270578,29801.00,1
1777321270619,29928.00,1
1777321270659,30076.00,1
1777321270701,29849.00,1
1777321270743,30056.00,1
1777321270787,30137.00,1
1777321270830,30325.00,1
1777321270874,30275.00,1
1777321270918,30230.00,1
1777321270961,30269.00,1
1777321271004,30396.00,1
1777321271046,30738.00,1
1777321271091,30219.00,1
1777321271134,30603.00,1
1777321271186,30728.00,1
1777321271232,31286.00,1
1777321271276,31050.00,1
1777321271318,31454.00,1
1777321271371,30723.00,1
1777321271420,30745.00,1
1777321271463,30785.00,1
1777321271510,30568.00,1
1777321271552,30981.00,1
1777321271607,30555.00,1
1777321271649,30787.00,1
1777321271693,30613.00,1
1777321271738,30833.00,1
1777321271781,30540.00,1
1777321271826,30782.00,1
1777321271870,30649.00,1
1777321271916,30854.00,1
1777321271960,31079.00,1
1777321272005,31281.00,1
1777321272053,31906.00,1
1777321272098,32315.00,1
1777321272144,32363.00,1
1777321272265,32586.00,1
1777321272295,33394.00,1
1777321272330,33710.00,1
1777321272373,33758.00,1
1777321272414,34158.00,1
1777321272452,34542.00,1
1777321272491,34530.00,1
1777321272531,35495.00,1
1777321272569,35807.00,1
1777321272611,35843.00,1
1777321272653,36068.00,1
1777321272693,36439.00,1
1777321272737,36771.00,1
1777321272779,37267.00,1
1777321272823,37688.00,1
1777321272865,37777.00,1
1777321272906,38100.00,1
1777321272951,38439.00,1
1777321272992,38850.00,1
1777321273035,38968.00,1
1777321273076,39191.00,1
1777321273120,39197.00,1
1777321273163,39554.00,1
1777321273208,40252.00,1
1777321273253,40288.00,1
1777321273297,40656.00,1
1777321273340,40697.00,1
1777321273387,41362.00,1
1777321273432,41354.00,1
1777321273479,41141.00,1
1777321273523,40998.00,1
1777321273568,40776.00,1
1777321273614,40552.00,1
1777321273658,40562.00,1
1777321273701,40210.00,1
1777321273743,40058.00,1
1777321273796,39831.00,1
1777321273841,39873.00,1
1777321273886,39157.00,1
1777321273928,39548.00,1
1777321273977,38832.00,1
1777321274024,39093.00,1
1777321274073,38757.00,1
1777321274119,38599.00,1
1777321274231,38061.00,1
1777321274273,37717.00,1
1777321274316,37725.00,1
1777321274352,37737.00,1
1777321274392,37506.00,1
1777321274431,37870.00,1
1777321274468,37688.00,1
1777321274507,37799.00,1
1777321274548,37264.00,1
1777321274586,37492.00,1
1777321274628,37181.00,1
1777321274667,37242.00,1
1777321274706,37454.00,1
1777321274747,37106.00,1
1777321274790,36944.00,1
1777321274831,36930.00,1
1777321274876,36827.00,1
1777321274919,37256.00,1
1777321274960,37304.00,1
1777321275003,37661.00,1
1777321275045,37722.00,1
1777321275087,38126.00,1
1777321275128,38444.00,1
1777321275168,38323.00,1
1777321275208,38403.00,1
1777321275247,38354.00,1
1777321275286,38366.00,1
1777321275334,38109.00,1
1777321275376,38264.00,1
1777321275421,37654.00,1
1777321275464,37837.00,1
1777321275508,37612.00,1
1777321275552,37674.00,1
1777321275595,37555.00,1
1777321275639,37657.00,1
1777321275687,37562.00,1
1777321275733,37741.00,1
1777321275777,37584.00,1
1777321275822,37786.00,1
1777321275959,37041.00,1
1777321275996,37163.00,1
1777321276038,36831.00,1
1777321276081,37171.00,1
1777321276119,37182.00,1
1777321276158,37384.00,1
1777321276196,37413.00,1
1777321276232,37422.00,1
1777321276272,37422.00,1
1777321276311,37185.00,1
1777321276351,37480.00,1
1777321276388,37308.00,1
1777321276426,37435.00,1
1777321276469,37458.00,1
1777321276507,37701.00,1
1777321276549,37304.00,1
1777321276588,37624.00,1
1777321276629,37522.00,1
1777321276668,37460.00,1
1777321276708,37353.00,1
1777321276749,37511.00,1
1777321276788,37533.00,1
1777321276825,37354.00,1
1777321276863,37616.00,1
1777321276901,37446.00,1
1777321276943,37458.00,1
1777321276984,37550.00,1
1777321277027,37370.00,1
1777321277068,37401.00,1
1777321277108,37598.00,1
1777321277149,37422.00,1
1777321277193,37677.00,1
1777321277237,37790.00,1
1777321277285,38155.00,1
1777321277328,38188.00,1
1777321277374,38020.00,1
1777321277419,37639.00,1
1777321277516,37463.00,1
1777321277555,37308.00,1
1777321277597,37186.00,1
1777321277642,37293.00,1
1777321277683,37322.00,1
1777321277720,37542.00,1
1777321277758,37656.00,1
1777321277803,37465.00,1
1777321277843,37470.00,1
1777321277884,37633.00,1
1777321277917,37476.00,1
1777321277956,37439.00,1
1777321277995,37411.00,1
1777321278035,37690.00,1
1777321278074,37367.00,1
1777321278112,37366.00,1
1777321278153,37628.00,1
1777321278191,37462.00,1
1777321278228,37552.00,1
1777321278266,37668.00,1
1777321278303,37636.00,1
1777321278346,37640.00,1
1777321278389,37503.00,1
1777321278428,37786.00,1
1777321278468,37647.00,1
1777321278507,37622.00,1
1777321278552,37798.00,1
1777321278591,37568.00,1
1777321278632,37572.00,1
1777321278672,37565.00,1
1777321278712,37515.00,1
1777321278756,37537.00,1
1777321278795,37731.00,1
1777321278838,37533.00,1
1777321278882,37823.00,1
1777321278922,37417.00,1
1777321278967,37551.00,1
1777321279007,37591.00,1
1777321279052,37533.00,1
1777321279096,37559.00,1
1777321279142,37574.00,1
1777321279188,37795.00,1
1777321279232,37796.00,1
1777321279277,37990.00,1
1777321279323,37775.00,1
1777321279378,37804.00,1
1777321279425,37978.00,1
1777321279471,37836.00,1
1777321279518,37863.00,1
1777321279563,37718.00,1
1777321279609,37773.00,1
1777321279658,37900.00,1
1777321279706,37677.00,1
1777321279753,38027.00,1
1777321279804,37684.00,1
1777321279855,37699.00,1
1777321279905,37708.00,1
1777321279953,37731.00,1
1777321280016,37442.00,1
1777321280068,37500.00,1
1777321280118,37703.00,1
1777321280167,37667.00,1
1777321280228,37418.00,1
1777321280279,37430.00,1
1777321280331,37646.00,1
1777321280381,37689.00,1
1777321280435,37377.00,1
1777321280491,37551.00,1
1777321280544,37257.00,1
1777321280596,37412.00,1
1777321280653,37140.00,1
1777321280708,37146.00,1
1777321280764,37190.00,1
1777321280819,37071.00,1
1777321280876,37135.00,1
1777321281023,36959.00,1
1777321281070,36759.00,1
1777321281114,36688.00,1
1777321281157,36874.00,1
1777321281198,36901.00,1
1777321281237,37024.00,1
1777321281276,37369.00,1
1777321281314,37103.00,1
1777321281352,37065.00,1
1777321281392,37364.00,1
1777321281430,37260.00,1
1777321281468,37064.00,1
1777321281508,37295.00,1
1777321281546,37435.00,1
1777321281583,37110.00,1
1777321281622,37233.00,1
1777321281662,37301.00,1
1777321281704,37248.00,1
1777321281746,37140.00,1
1777321281784,37499.00,1
1777321281825,37322.00,1
1777321281865,37187.00,1
1777321281907,37486.00,1
1777321281949,37125.00,1
1777321281991,37294.00,1
1777321282031,37373.00,1
1777321282071,37188.00,1
1777321282110,37349.00,1
1777321282150,37487.00,1
1777321282189,37155.00,1
1777321282232,37336.00,1
1777321282274,37295.00,1
1777321282319,37233.00,1
1777321282363,37469.00,1
1777321282405,37229.00,1
1777321282447,37383.00,1
1777321282495,37431.00,1
1777321282538,37922.00,1
1777321282582,37629.00,1
1777321282627,37833.00,1
1777321282673,37467.00,1
1777321282719,37427.00,1
1777321282763,37343.00,1
1777321282807,37647.00,1
1777321282851,37302.00,1
1777321282895,37383.00,1
1777321282949,37348.00,1
1777321282995,37532.00,1
1777321283043,37337.00,1
1777321283089,37538.00,1
1777321283135,37374.00,1
1777321283179,37343.00,1
1777321283224,37339.00,1
1777321283270,37144.00,1
1777321283318,37149.00,1
1777321283371,37135.00,1
1777321283418,37093.00,1
1777321283464,37263.00,1
1777321283511,37162.00,1
1777321283557,37150.00,1
1777321283605,37100.00,1
1777321283652,37273.00,1
1777321283700,37150.00,1
1777321283750,37233.00,1
1777321283887,36512.00,1
1777321283926,36528.00,1
1777321283971,36790.00,1
1777321284010,36806.00,1
1777321284049,37063.00,1
1777321284086,37035.00,1
1777321284122,37099.00,1
1777321284162,36914.00,1
1777321284199,36934.00,1
1777321284239,36982.00,1
1777321284280,37217.00,1
1777321284317,37071.00,1
1777321284359,37068.00,1
1777321284397,37165.00,1
1777321284435,37030.00,1
1777321284476,36962.00,1
1777321284515,37269.00,1
1777321284557,37068.00,1
1777321284598,37089.00,1
1777321284639,37237.00,1
1777321284679,37071.00,1
1777321284718,37129.00,1
1777321284760,37137.00,1
1777321284800,37022.00,1
1777321284840,37335.00,1
1777321284879,37188.00,1
1777321284921,36976.00,1
1777321284963,37404.00,1
1777321285002,37388.00,1
1777321285041,37286.00,1
1777321285080,37341.00,1
1777321285124,37132.00,1
1777321285168,37125.00,1
1777321285211,37468.00,1
1777321285254,37288.00,1
1777321285300,37430.00,1
1777321285345,37256.00,1
1777321285391,37486.00,1
1777321285436,37259.00,1
1777321285480,37606.00,1
1777321285521,37364.00,1
1777321285566,37271.00,1
1777321285609,37536.00,1
1777321285651,37457.00,1
1777321285695,37605.00,1
1777321285739,37523.00,1
1777321285783,37693.00,1
1777321285826,37718.00,1
1777321285872,37707.00,1
1777321285916,37737.00,1
1777321285961,38131.00,1
1777321286006,38167.00,1
1777321286051,38674.00,1
1777321286095,38300.00,1
1777321286142,38051.00,1
1777321286188,37881.00,1
1777321286235,37954.00,1
1777321286362,37669.00,1
1777321286394,37351.00,1
1777321286435,37184.00,1
1777321286477,37273.00,1
1777321286518,37397.00,1
1777321286556,37530.00,1
1777321286595,37408.00,1
1777321286634,37476.00,1
1777321286672,37653.00,1
1777321286716,37470.00,1
1777321286757,37478.00,1
1777321286795,37622.00,1
1777321286833,37590.00,1
1777321286875,37453.00,1
1777321286917,37572.00,1
1777321286957,37404.00,1
1777321286997,37482.00,1
1777321287038,37740.00,1
1777321287077,37559.00,1
1777321287118,37500.00,1
1777321287159,37641.00,1
1777321287197,37490.00,1
1777321287233,37472.00,1
1777321287275,37752.00,1
1777321287323,37432.00,1
1777321287367,37588.00,1
1777321287411,37432.00,1
1777321287456,37653.00,1
1777321287501,37641.00,1
1777321287542,37502.00,1
1777321287585,37662.00,1
1777321287627,37477.00,1
1777321287673,37756.00,1
1777321287717,37435.00,1
1777321287764,37702.00,1
1777321287811,37564.00,1
1777321287860,37413.00,1
1777321287909,37527.00,1
1777321287958,37469.00,1
1777321288008,37452.00,1
1777321288055,37473.00,1
1777321288103,37464.00,1
1777321288147,37553.00,1
1777321288198,37377.00,1
1777321288246,37450.00,1
1777321288293,37448.00,1
1777321288337,37536.00,1
1777321288384,37425.00,1
1777321288432,37408.00,1
1777321288479,37508.00,1
1777321288526,37371.00,1
1777321288614,37115.00,1
1777321288644,37112.00,1
1777321288687,37360.00,1
1777321288727,37356.00,1
1777321288766,37704.00,1
1777321288802,37842.00,1
1777321288841,37890.00,1
1777321288881,38113.00,1
1777321288918,38365.00,1
1777321288955,38175.00,1
1777321288989,37823.00,1
1777321289026,37981.00,1
1777321289065,37660.00,1
1777321289101,37650.00,1
1777321289137,37546.00,1
1777321289173,37739.00,1
1777321289215,37574.00,1
1777321289256,37709.00,1
1777321289299,37683.00,1
1777321289339,37788.00,1
1777321289379,37850.00,1
1777321289420,37712.00,1
1777321289462,37767.00,1
1777321289509,37639.00,1
1777321289553,37788.00,1
1777321289593,37747.00,1
1777321289634,37548.00,1
1777321289675,37921.00,1
1777321289720,37656.00,1
1777321289763,37726.00,1
1777321289807,37780.00,1
1777321289848,37676.00,1
1777321289891,37856.00,1
1777321289933,37650.00,1
1777321289976,37798.00,1
1777321290018,37744.00,1
1777321290060,37768.00,1
1777321290100,37778.00,1
1777321290143,37681.00,1
1777321290187,37890.00,1
1777321290227,37784.00,1
1777321290269,37790.00,1
1777321290309,37885.00,1
1777321290353,37639.00,1
1777321290397,37820.00,1
1777321290442,37832.00,1
1777321290547,37449.00,1
1777321290580,37225.00,1
1777321290619,37217.00,1
1777321290663,37353.00,1
1777321290704,37540.00,1
1777321290740,37566.00,1
1777321290782,37727.00,1
1777321290819,37743.00,1
1777321290860,37723.00,1
1777321290903,37844.00,1
1777321290944,37673.00,1
1777321290984,37664.00,1
1777321291026,37756.00,1
1777321291066,37611.00,1
1777321291107,37715.00,1
1777321291147,37722.00,1
1777321291188,37559.00,1
1777321291227,37730.00,1
1777321291267,38007.00,1
1777321291310,38043.00,1
1777321291350,38328.00,1
1777321291392,38253.00,1
1777321291428,38358.00,1
1777321291467,38329.00,1
1777321291510,38203.00,1
1777321291554,37905.00,1
1777321291597,38299.00,1
1777321291642,37957.00,1
1777321291687,38175.00,1
1777321291733,37972.00,1
1777321291783,38139.00,1
1777321291824,37965.00,1
1777321291868,37916.00,1
1777321291911,37824.00,1
1777321291958,37994.00,1
1777321292002,37806.00,1
1777321292051,37758.00,1
1777321292096,37793.00,1
1777321292140,37951.00,1
1777321292183,37785.00,1
1777321292226,37945.00,1
1777321292354,37263.00,1
1777321292392,37095.00,1
1777321292434,37211.00,1
1777321292475,37251.00,1
1777321292518,37349.00,1
1777321292556,37692.00,1
1777321292595,37519.00,1
1777321292634,37684.00,1
1777321292670,37657.00,1
1777321292710,37645.00,1
1777321292750,37675.00,1
1777321292788,37625.00,1
1777321292830,37714.00,1
1777321292871,37714.00,1
1777321292913,37611.00,1
1777321292954,37627.00,1
1777321292993,37628.00,1
1777321293036,37905.00,1
1777321293079,37728.00,1
1777321293120,37675.00,1
1777321293160,37795.00,1
1777321293201,37664.00,1
1777321293241,37790.00,1
1777321293280,37918.00,1
1777321293319,37821.00,1
1777321293358,37998.00,1
1777321293397,37941.00,1
1777321293442,37771.00,1
1777321293486,37977.00,1
1777321293533,37769.00,1
1777321293582,38134.00,1
1777321293627,38162.00,1
1777321293672,38419.00,1
1777321293721,38055.00,1
1777321293768,37795.00,1
1777321293817,37882.00,1
1777321293923,37541.00,1
1777321293955,37517.00,1
1777321293992,37517.00,1
1777321294029,37608.00,1
1777321294065,37667.00,1
1777321294101,37838.00,1
1777321294140,37974.00,1
1777321294184,37692.00,1
1777321294223,37673.00,1
1777321294261,37782.00,1
1777321294299,37782.00,1
1777321294341,37625.00,1
1777321294377,37745.00,1
1777321294416,37897.00,1
1777321294458,37537.00,1
1777321294499,37852.00,1
1777321294541,37806.00,1
1777321294581,37798.00,1
1777321294621,37920.00,1
1777321294663,37707.00,1
1777321294703,37741.00,1
1777321294744,37892.00,1
1777321294784,37744.00,1
1777321294826,37683.00,1
1777321294866,37884.00,1
1777321294904,37722.00,1
1777321294945,37681.00,1
1777321294986,37794.00,1
1777321295029,37607.00,1
1777321295074,37569.00,1
1777321295119,37597.00,1
1777321295165,37521.00,1
1777321295207,37542.00,1
1777321295254,37464.00,1
1777321295298,37436.00,1
1777321295404,37189.00,1
1777321295446,37013.00,1
1777321295492,37188.00,1
1777321295532,37588.00,1
1777321295566,37692.00,1
1777321295602,37723.00,1
1777321295640,37830.00,1
1777321295683,37467.00,1
1777321295722,37532.00,1
1777321295764,37673.00,1
1777321295806,37532.00,1
1777321295844,37610.00,1
1777321295882,37705.00,1
1777321295923,37542.00,1
1777321295963,37525.00,1
1777321296006,37679.00,1
1777321296048,37519.00,1
1777321296090,37466.00,1
1777321296129,37458.00,1
1777321296169,37468.00,1
1777321296209,37501.00,1
1777321296247,37618.00,1
1777321296288,37496.00,1
1777321296330,37591.00,1
1777321296369,37525.00,1
1777321296406,37498.00,1
1777321296447,37500.00,1
1777321296483,37684.00,1
1777321296523,37589.00,1
1777321296575,37478.00,1
1777321296621,37454.00,1
1777321296669,37440.00,1
1777321296715,37487.00,1
1777321296770,37418.00,1
1777321296819,37716.00,1
1777321296864,37320.00,1
1777321296920,37381.00,1
1777321296969,37337.00,1
1777321297023,37423.00,1
1777321297071,37401.00,1
1777321297124,37420.00,1
1777321297177,37486.00,1
1777321297226,37295.00,1
1777321297273,37621.00,1
1777321297319,37739.00,1
1777321297369,37900.00,1
1777321297417,37900.00,1
1777321297462,37788.00,1
1777321297512,37691.00,1
1777321297561,37461.00,1
1777321297611,37660.00,1
1777321297659,37495.00,1
1777321297705,37569.00,1
1777321297754,37524.00,1
1777321297803,37512.00,1
1777321297853,37431.00,1
1777321297905,37449.00,1
1777321297952,37406.00,1
1777321298004,37246.00,1
1777321298055,37489.00,1
1777321298106,37259.00,1
1777321298158,37205.00,1
1777321298211,37335.00,1
1777321298263,37157.00,1
1777321298314,37172.00,1
1777321298423,36824.00,1
1777321298454,36897.00,1
1777321298495,36781.00,1
1777321298536,36824.00,1
1777321298574,37005.00,1
1777321298611,37211.00,1
1777321298646,37032.00,1
1777321298682,37119.00,1
1777321298717,37284.00,1
1777321298756,37334.00,1
1777321298790,37254.00,1
1777321298831,37095.00,1
1777321298869,37296.00,1
1777321298905,37557.00,1
1777321298946,37667.00,1
1777321298986,37472.00,1
1777321299024,37289.00,1
1777321299063,37351.00,1
1777321299104,37239.00,1
1777321299142,37194.00,1
1777321299186,37502.00,1
1777321299226,37203.00,1
1777321299265,37266.00,1
1777321299303,37404.00,1
1777321299346,37239.00,1
1777321299387,37196.00,1
1777321299428,37394.00,1
1777321299470,37355.00,1
1777321299509,37180.00,1
1777321299547,37544.00,1
1777321299584,37371.00,1
1777321299625,37272.00,1
1777321299669,37580.00,1
1777321299714,37223.00,1
1777321299757,37458.00,1
1777321299801,37444.00,1
1777321299846,37434.00,1
1777321299891,37290.00,1
1777321299936,37320.00,1
1777321299979,37262.00,1
1777321300028,37246.00,1
1777321300070,37119.00,1
1777321300112,37410.00,1
1777321300165,37134.00,1
1777321300209,37471.00,1
1777321300254,37119.00,1
1777321300298,37555.00,1
1777321300348,37421.00,1
1777321300394,37844.00,1
1777321300440,37648.00,1
1777321300485,37669.00,1
1777321300529,37483.00,1
1777321300575,37421.00,1
1777321300619,37417.00,1
1777321300667,37471.00,1
1777321300713,37312.00,1
1777321300757,37368.00,1
1777321300808,37276.00,1
1777321300855,37320.00,1
1777321300904,37398.00,1
1777321300954,37133.00,1
1777321301109,36448.00,1
1777321301150,36340.00,1
1777321301190,36463.00,1
1777321301228,36694.00,1
1777321301262,36930.00,1
1777321301294,37001.00,1
1777321301332,36870.00,1
1777321301367,37153.00,1
1777321301405,37111.00,1
1777321301443,36804.00,1
1777321301480,36878.00,1
1777321301518,37141.00,1
1777321301557,37223.00,1
1777321301597,37006.00,1
1777321301640,37114.00,1
1777321301677,37169.00,1
1777321301718,36964.00,1
1777321301759,37342.00,1
1777321301798,37306.00,1
1777321301839,37109.00,1
1777321301880,37293.00,1
1777321301926,37093.00,1
1777321301973,37238.00,1
1777321302014,37222.00,1
1777321302058,37120.00,1
1777321302106,37311.00,1
1777321302147,37076.00,1
1777321302187,37334.00,1
1777321302230,37334.00,1
1777321302270,37157.00,1
1777321302309,37322.00,1
1777321302347,37342.00,1
1777321302390,37295.00,1
1777321302432,37342.00,1
1777321302473,37253.00,1
1777321302520,37614.00,1
1777321302566,37203.00,1
1777321302612,37656.00,1
1777321302661,37274.00,1
1777321302710,37322.00,1
1777321302764,37263.00,1
1777321302831,37270.00,1
1777321302877,37219.00,1
1777321302923,37248.00,1
1777321302970,37584.00,1
1777321303019,37355.00,1
1777321303065,37624.00,1
1777321303114,37415.00,1
1777321303161,37623.00,1
1777321303209,37624.00,1
1777321303256,37429.00,1
1777321303304,37532.00,1
1777321303439,37273.00,1
1777321303476,37265.00,1
1777321303519,37123.00,1
1777321303559,37170.00,1
1777321303595,37270.00,1
1777321303627,37456.00,1
1777321303664,37411.00,1
1777321303700,37408.00,1
1777321303737,37541.00,1
1777321303780,37451.00,1
1777321303820,37463.00,1
1777321303860,37586.00,1
1777321303899,37593.00,1
1777321303937,37467.00,1
1777321303976,37570.00,1
1777321304015,37709.00,1
1777321304056,37397.00,1
1777321304096,37579.00,1
1777321304132,37527.00,1
1777321304174,37409.00,1
1777321304216,37427.00,1
1777321304255,37506.00,1
1777321304297,37251.00,1
1777321304338,37550.00,1
1777321304380,37689.00,1
1777321304426,37369.00,1
1777321304470,37686.00,1
1777321304514,37358.00,1
1777321304554,37358.00,1
1777321304597,37390.00,1
1777321304640,37542.00,1
1777321304684,37589.00,1
1777321304726,37589.00,1
1777321304768,37433.00,1
1777321304813,37398.00,1
1777321304854,37575.00,1
1777321304897,37405.00,1
1777321304939,37416.00,1
1777321304978,37688.00,1
1777321305022,37318.00,1
1777321305066,37650.00,1
1777321305113,37331.00,1
1777321305162,37680.00,1
1777321305211,37358.00,1
1777321305258,37544.00,1
1777321305305,37345.00,1
1777321305348,37533.00,1
1777321305392,37263.00,1
1777321305513,37397.00,1
1777321305545,37073.00,1
1777321305585,36992.00,1
1777321305627,37279.00,1
1777321305663,37462.00,1
1777321305700,37462.00,1
1777321305735,37443.00,1
1777321305774,37565.00,1
1777321305810,37449.00,1
1777321305853,37280.00,1
1777321305891,37246.00,1
1777321305927,37511.00,1
1777321305964,37550.00,1
1777321306000,37597.00,1
1777321306036,38036.00,1
1777321306076,38243.00,1
1777321306113,38257.00,1
1777321306153,38245.00,1
1777321306194,37714.00,1
1777321306234,38045.00,1
1777321306276,37502.00,1
1777321306316,37583.00,1
1777321306356,37691.00,1
1777321306398,37473.00,1
1777321306438,37685.00,1
1777321306479,37789.00,1
1777321306518,37532.00,1
1777321306561,37458.00,1
1777321306600,37650.00,1
1777321306640,37483.00,1
1777321306680,37572.00,1
1777321306719,37830.00,1
1777321306758,37437.00,1
1777321306801,37537.00,1
1777321306841,37680.00,1
1777321306880,37508.00,1
1777321306920,37730.00,1
1777321306959,37791.00,1
1777321306997,37624.00,1
1777321307040,37697.00,1
1777321307084,37654.00,1
1777321307135,37506.00,1
1777321307181,37482.00,1
1777321307228,37731.00,1
1777321307278,37439.00,1
1777321307411,37700.00,1
1777321307450,36966.00,1
1777321307492,36982.00,1
1777321307533,36988.00,1
1777321307572,37237.00,1
1777321307609,37411.00,1
1777321307645,37490.00,1
1777321307686,37315.00,1
1777321307726,37340.00,1
1777321307764,37432.00,1
1777321307802,37448.00,1
1777321307840,37535.00,1
1777321307879,37830.00,1
1777321307921,37724.00,1
1777321307962,37369.00,1
1777321308003,37707.00,1
1777321308043,37540.00,1
1777321308083,37572.00,1
1777321308122,37668.00,1
1777321308165,37668.00,1
1777321308206,37494.00,1
1777321308245,37749.00,1
1777321308289,37695.00,1
1777321308330,37639.00,1
1777321308369,38033.00,1
1777321308409,38081.00,1
1777321308450,38099.00,1
1777321308489,38450.00,1
1777321308533,38244.00,1
1777321308575,38034.00,1
1777321308618,38018.00,1
1777321308662,37849.00,1
1777321308707,37947.00,1
1777321308752,37873.00,1
1777321308797,37826.00,1
1777321308841,37823.00,1
1777321308884,37833.00,1
1777321308928,37785.00,1
1777321309023,37528.00,1
1777321309053,37558.00,1
1777321309091,37341.00,1
1777321309132,37441.00,1
1777321309171,37857.00,1
1777321309211,37652.00,1
1777321309250,37556.00,1
1777321309290,37795.00,1
1777321309328,37707.00,1
1777321309368,37598.00,1
1777321309410,37782.00,1
1777321309448,37786.00,1
1777321309495,37769.00,1
1777321309538,37828.00,1
1777321309578,37783.00,1
1777321309624,37746.00,1
1777321309666,37615.00,1
1777321309710,37755.00,1
1777321309754,37827.00,1
1777321309796,37791.00,1
1777321309839,37941.00,1
1777321309887,37809.00,1
1777321309928,37865.00,1
1777321309970,37668.00,1
1777321310013,37885.00,1
1777321310055,37824.00,1
1777321310100,37763.00,1
1777321310145,37728.00,1
1777321310189,37739.00,1
1777321310231,37634.00,1
1777321310272,37645.00,1
1777321310319,37561.00,1
1777321310361,37741.00,1
1777321310405,37615.00,1
1777321310452,37914.00,1
1777321310501,38065.00,1
1777321310546,38111.00,1
1777321310590,38424.00,1
1777321310639,37712.00,1
1777321310689,37735.00,1
1777321310743,37801.00,1
1777321310790,37693.00,1
1777321310837,37763.00,1
1777321310882,37734.00,1
1777321310926,37667.00,1
1777321310974,37694.00,1
1777321311021,37733.00,1
1777321311067,37643.00,1
1777321311116,37605.00,1
1777321311162,37960.00,1
1777321311207,37652.00,1
1777321311255,37894.00,1
1777321311301,37632.00,1
1777321311347,37514.00,1
1777321311392,37766.00,1
1777321311438,37724.00,1
1777321311486,37472.00,1
1777321311537,37493.00,1
1777321311586,37669.00,1
1777321311633,37542.00,1
1777321311681,37400.00,1
1777321311732,37516.00,1
1777321311781,37455.00,1
1777321311830,37504.00,1
1777321311881,37712.00,1
1777321311932,37323.00,1
1777321311984,37270.00,1
1777321312035,37428.00,1
1777321312085,37327.00,1
1777321312148,37294.00,1
1777321312262,37040.00,1
1777321312291,37040.00,1
1777321312328,37013.00,1
1777321312367,37313.00,1
1777321312405,37829.00,1
1777321312441,37921.00,1
1777321312479,37684.00,1
1777321312517,37663.00,1
1777321312556,37529.00,1
1777321312593,37588.00,1
1777321312633,37333.00,1
1777321312674,37526.00,1
1777321312711,37534.00,1
1777321312755,37272.00,1
1777321312794,37512.00,1
1777321312835,37640.00,1
1777321312878,37388.00,1
1777321312916,37486.00,1
1777321312955,37613.00,1
1777321312998,37275.00,1
1777321313038,37490.00,1
1777321313077,37529.00,1
1777321313120,37286.00,1
1777321313160,37492.00,1
1777321313200,37600.00,1
1777321313240,37360.00,1
1777321313279,37628.00,1
1777321313322,37620.00,1
1777321313365,37316.00,1
1777321313408,37651.00,1
1777321313451,37329.00,1
1777321313495,37436.00,1
1777321313538,37538.00,1
1777321313583,37369.00,1
1777321313626,37272.00,1
1777321313669,37284.00,1
1777321313711,37606.00,1
1777321313753,37286.00,1
1777321313796,37450.00,1
1777321313838,37451.00,1
1777321313879,37437.00,1
1777321313919,37510.00,1
1777321313962,37339.00,1
1777321314007,37598.00,1
1777321314052,37703.00,1
1777321314095,37893.00,1
1777321314139,37694.00,1
1777321314182,37569.00,1
1777321314240,37420.00,1
1777321314288,37420.00,1
1777321314338,37563.00,1
1777321314386,37513.00,1
1777321314431,37361.00,1
1777321314474,37466.00,1
1777321314520,37593.00,1
1777321314563,37395.00,1
1777321314610,37407.00,1
1777321314661,37409.00,1
1777321314710,37457.00,1
1777321314759,37396.00,1
1777321314806,37434.00,1
1777321314854,37309.00,1
1777321314983,36733.00,1
1777321315020,36892.00,1
1777321315053,36940.00,1
1777321315088,36811.00,1
1777321315122,36629.00,1
1777321315157,36545.00,1
1777321315196,36500.00,1
1777321315231,36483.00,1
1777321315273,36518.00,1
1777321315309,36573.00,1
1777321315344,36400.00,1
1777321315379,36307.00,1
1777321315414,36253.00,1
1777321315450,36197.00,1
1777321315485,36229.00,1
1777321315520,36210.00,1
1777321315558,36201.00,1
1777321315594,36009.00,1
1777321315630,36044.00,1
1777321315669,36055.00,1
1777321315705,35943.00,1
1777321315741,35767.00,1
1777321315777,35786.00,1
1777321315814,35640.00,1
1777321315851,35733.00,1
1777321315886,35536.00,1
1777321315925,35795.00,1
1777321315961,35633.00,1
1777321315998,35521.00,1
1777321316035,35434.00,1
1777321316071,35352.00,1
1777321316114,35176.00,1
1777321316149,35260.00,1
1777321316181,35292.00,1
1777321316212,35186.00,1
1777321316245,35034.00,1
1777321316279,35133.00,1
1777321316314,35074.00,1
1777321316351,35209.00,1
1777321316390,34817.00,1
1777321316428,34898.00,1
1777321316466,34809.00,1
1777321316503,34795.00,1
1777321316542,34713.00,1
1777321316581,34669.00,1
1777321316624,34740.00,1
1777321316660,34631.00,1
1777321316694,34756.00,1
1777321316726,34607.00,1
1777321316760,34642.00,1
1777321316795,34490.00,1
1777321316831,34537.00,1
1777321316867,34168.00,1
1777321316904,34365.00,1
1777321316939,34316.00,1
1777321316975,34435.00,1
1777321317013,34231.00,1
1777321317048,34095.00,1
1777321317082,33979.00,1
1777321317121,34206.00,1
1777321317170,34001.00,1
1777321317209,34295.00,1
1777321317249,34375.00,1
1777321317292,34197.00,1
1777321317331,34336.00,1
1777321317370,34032.00,1
1777321317411,33763.00,1
1777321317453,33816.00,1
1777321317492,33831.00,1
1777321317597,33599.00,1
1777321317626,33236.00,1
1777321317657,33155.00,1
1777321317685,33060.00,1
1777321317714,33030.00,1
1777321317743,33143.00,1
1777321317794,32827.00,1
1777321317824,32795.00,1
1777321317852,32855.00,1
1777321317877,32744.00,1
1777321317926,32689.00,1
1777321317956,32689.00,1
1777321317986,32721.00,1
1777321318017,32537.00,1
1777321318047,32609.00,1
1777321318077,32587.00,1
1777321318107,32619.00,1
1777321318159,32373.00,1
1777321318189,32254.00,1
1777321318220,32286.00,1
1777321318250,32194.00,1
1777321318280,32163.00,1
1777321318310,32009.00,1
1777321318339,32041.00,1
1777321318389,31994.00,1
1777321318418,31833.00,1
1777321318446,31913.00,1
1777321318476,31844.00,1
1777321318508,31713.00,1
1777321318539,31793.00,1
1777321318592,31603.00,1
1777321318623,31624.00,1
1777321318654,31503.00,1
1777321318687,31515.00,1
1777321318718,31409.00,1
1777321318748,31459.00,1
1777321318781,31339.00,1
1777321318813,31258.00,1
1777321318845,31297.00,1
1777321318876,31039.00,1
1777321318907,31063.00,1
1777321318939,31095.00,1
1777321318972,30946.00,1
1777321319004,30960.00,1
1777321319035,30992.00,1
1777321319069,30863.00,1
1777321319100,30912.00,1
1777321319153,30705.00,1
1777321319183,30624.00,1
1777321319213,30707.00,1
1777321319243,30613.00,1
1777321319276,30641.00,1
1777321319310,30512.00,1
1777321319343,30426.00,1
1777321319375,30441.00,1
1777321319408,30270.00,1
1777321319441,30195.00,1
1777321319473,30111.00,1
1777321319509,29981.00,1
1777321319542,30144.00,1
1777321319575,30063.00,1
1777321319607,30014.00,1
1777321319641,30050.00,1
1777321319676,29916.00,1
1777321319710,29996.00,1
1777321319743,29692.00,1
1777321319778,29765.00,1
1777321319811,29662.00,1
1777321319844,29644.00,1
1777321319877,29704.00,1
1777321319911,29784.00,1
1777321319953,30024.00,1
1777321320036,29526.00,1
1777321320063,29617.00,1
1777321320092,29650.00,1
1777321320121,29684.00,1
1777321320153,29719.00,1
1777321320182,29639.00,1
1777321320213,29639.00,1
1777321320242,29693.00,1
1777321320294,29669.00,1
1777321320324,29669.00,1
1777321320354,29642.00,1
1777321320384,29708.00,1
1777321320415,29709.00,1
1777321320445,29722.00,1
1777321320475,29714.00,1
1777321320526,29694.00,1
1777321320557,29711.00,1
1777321320588,29712.00,1
1777321320618,29725.00,1
1777321320649,29725.00,1
1777321320679,29793.00,1
1777321320710,29860.00,1
1777321320742,29860.00,1
1777321320773,29693.00,1
1777321320825,29613.00,1
1777321320857,29641.00,1
1777321320889,29632.00,1
1777321320922,29552.00,1
1777321320954,29565.00,1
1777321320985,29685.00,1
1777321321018,29685.00,1
1777321321050,29672.00,1
1777321321083,29723.00,1
1777321321116,29651.00,1
1777321321149,29571.00,1
1777321321184,29571.00,1
1777321321217,29501.00,1
1777321321249,29501.00,1
1777321321279,29501.00,1
1777321321309,29561.00,1
1777321321340,29582.00,1
1777321321370,29582.00,1
1777321321422,29624.00,1
1777321321456,29624.00,1
1777321321489,29649.00,1
1777321321523,29650.00,1
1777321321558,29650.00,1
1777321321593,29682.00,1
1777321321632,29614.00,1
1777321321667,29614.00,1
1777321321701,29643.00,1
1777321321740,29652.00,1
1777321321776,29626.00,1
1777321321810,29625.00,1
1777321321844,29523.00,1
1777321321881,29552.00,1
1777321321917,29552.00,1
1777321321953,29552.00,1
1777321321989,29550.00,1
1777321322024,29498.00,1
1777321322061,29501.00,1
1777321322096,29501.00,1
1777321322132,29552.00,1
1777321322172,29562.00,1
1777321322208,29591.00,1
1777321322243,29591.00,1
1777321322281,29598.00,1
1777321322318,29511.00,1
1777321322356,29512.00,1
1777321322394,29617.00,1
1777321322431,29566.00,1
1777321322478,29559.00,1
1777321322516,29617.00,1
1777321322552,29668.00,1
1777321322635,29630.00,1
1777321322659,29628.00,1
1777321322689,29708.00,1
1777321322717,29708.00,1
1777321322745,29708.00,1
1777321322795,29675.00,1
1777321322824,29646.00,1
1777321322853,29646.00,1
1777321322881,29613.00,1
1777321322931,29668.00,1
1777321322961,29668.00,1
1777321322990,29680.00,1
1777321323019,29680.00,1
1777321323049,29680.00,1
1777321323079,29740.00,1
1777321323130,29660.00,1
1777321323159,29711.00,1
1777321323189,29711.00,1
1777321323219,29676.00,1
1777321323249,29676.00,1
1777321323280,29676.00,1
1777321323310,29676.00,1
1777321323362,29625.00,1
1777321323392,29676.00,1
1777321323422,29711.00,1
1777321323452,29740.00,1
1777321323483,29695.00,1
1777321323515,29622.00,1
1777321323547,29639.00,1
1777321323598,29680.00,1
1777321323629,29697.00,1
1777321323658,29697.00,1
1777321323687,29697.00,1
1777321323717,29757.00,1
1777321323749,29757.00,1
1777321323781,29728.00,1
1777321323813,29699.00,1
1777321323847,29663.00,1
1777321323880,29663.00,1
1777321323913,29663.00,1
1777321323946,29692.00,1
1777321323983,29656.00,1
1777321324020,29641.00,1
1777321324058,29622.00,1
1777321324095,29593.00,1
1777321324131,29622.00,1
1777321324169,29651.00,1
1777321324206,29622.00,1
1777321324242,29593.00,1
1777321324279,29660.00,1
1777321324322,29716.00,1
1777321324363,29660.00,1
1777321324400,29689.00,1
1777321324436,29689.00,1
1777321324473,29612.00,1
1777321324511,29583.00,1
1777321324549,29634.00,1
1777321324584,29632.00,1
1777321324620,29581.00,1
1777321324658,29581.00,1
1777321324694,29537.00,1
1777321324732,29566.00,1
1777321324766,29637.00,1
1777321324803,29637.00,1
1777321324839,29579.00,1
1777321324877,29579.00,1
1777321324919,29739.00,1
1777321324953,29739.00,1
1777321324995,29728.00,1
1777321325032,29837.00,1
1777321325070,29837.00,1
1777321325109,29829.00,1
1777321325201,29809.00,1
1777321325227,29796.00,1
1777321325253,29780.00,1
1777321325303,29737.00,1
1777321325332,29740.00,1
1777321325361,29776.00,1
1777321325391,29788.00,1
1777321325420,29728.00,1
1777321325471,29648.00,1
1777321325500,29619.00,1
1777321325529,29722.00,1
1777321325560,29722.00,1
1777321325589,29722.00,1
1777321325620,29722.00,1
1777321325671,29671.00,1
1777321325702,29642.00,1
1777321325732,29604.00,1
1777321325762,29604.00,1
1777321325792,29604.00,1
1777321325824,29684.00,1
1777321325854,29601.00,1
1777321325883,29629.00,1
1777321325934,29562.00,1
1777321325965,29562.00,1
1777321325996,29562.00,1
1777321326028,29572.00,1
1777321326059,29628.00,1
1777321326090,29697.00,1
1777321326123,29668.00,1
1777321326156,29705.00,1
1777321326187,29734.00,1
1777321326220,29705.00,1
1777321326254,29705.00,1
1777321326286,29674.00,1
1777321326317,29645.00,1
1777321326349,29617.00,1
1777321326384,29617.00,1
1777321326417,29668.00,1
1777321326451,29668.00,1
1777321326489,29699.00,1
1777321326521,29699.00,1
1777321326556,29699.00,1
1777321326590,29668.00,1
1777321326621,29697.00,1
1777321326656,29697.00,1
1777321326690,29697.00,1
1777321326724,29646.00,1
1777321326757,29559.00,1
1777321326791,29612.00,1
1777321326826,29612.00,1
1777321326861,29641.00,1
1777321326893,29641.00,1
1777321326927,29650.00,1
1777321326961,29692.00,1
1777321326993,29711.00,1
1777321327029,29740.00,1
1777321327064,29711.00,1
1777321327098,29711.00,1
1777321327133,29800.00,1
1777321327167,29778.00,1
1777321327203,29672.00,1
1777321327238,29672.00,1
1777321327274,29643.00,1
1777321327311,29672.00,1
1777321327348,29581.00,1
1777321327390,29632.00,1
1777321327426,29600.00,1
1777321327462,29607.00,1
1777321327497,29578.00,1
1777321327532,29658.00,1
1777321327567,29629.00,1
1777321327604,29709.00,1
1777321327689,29559.00,1
1777321327713,29559.00,1
1777321327740,29479.00,1
1777321327768,29507.00,1
1777321327796,29588.00,1
1777321327846,29429.00,1
1777321327876,29461.00,1
1777321327905,29462.00,1
1777321327934,29540.00,1
1777321327964,29540.00,1
1777321327994,29540.00,1
1777321328044,29486.00,1
1777321328074,29457.00,1
1777321328104,29457.00,1
1777321328134,29537.00,1
1777321328165,29417.00,1
1777321328195,29417.00,1
1777321328246,29417.00,1
1777321328276,29417.00,1
1777321328305,29417.00,1
1777321328334,29417.00,1
1777321328364,29587.00,1
1777321328394,29616.00,1
1777321328444,29527.00,1
1777321328475,29550.00,1
1777321328505,29560.00,1
1777321328536,29527.00,1
1777321328566,29580.00,1
1777321328596,29634.00,1
1777321328627,29634.00,1
1777321328657,29643.00,1
1777321328708,29563.00,1
1777321328739,29534.00,1
1777321328769,29534.00,1
1777321328800,29508.00,1
1777321328833,29508.00,1
1777321328865,29508.00,1
1777321328897,29489.00,1
1777321328930,29489.00,1
1777321328963,29489.00,1
1777321328995,29480.00,1
1777321329029,29480.00,1
1777321329062,29480.00,1
1777321329094,29511.00,1
1777321329126,29511.00,1
1777321329158,29511.00,1
1777321329193,29511.00,1
1777321329225,29509.00,1
1777321329258,29509.00,1
1777321329291,29554.00,1
1777321329323,29474.00,1
1777321329357,29503.00,1
1777321329389,29503.00,1
1777321329421,29563.00,1
1777321329454,29505.00,1
1777321329487,29534.00,1
1777321329520,29531.00,1
1777321329556,29451.00,1
1777321329591,29480.00,1
1777321329624,29505.00,1
1777321329660,29505.00,1
1777321329696,29476.00,1
1777321329729,29476.00,1
1777321329763,29476.00,1
1777321329796,29485.00,1
1777321329831,29505.00,1
1777321329866,29504.00,1
1777321329899,29453.00,1
1777321329935,29453.00,1
1777321329971,29453.00,1
1777321330008,29466.00,1
1777321330043,29495.00,1
1777321330128,29458.00,1
1777321330154,29360.00,1
1777321330182,29438.00,1
1777321330210,29300.00,1
1777321330238,29280.00,1
1777321330268,29280.00,1
1777321330317,29309.00,1
1777321330346,29417.00,1
1777321330375,29417.00,1
1777321330404,29417.00,1
1777321330434,29417.00,1
1777321330485,29417.00,1
1777321330514,29417.00,1
1777321330543,29441.00,1
1777321330574,29441.00,1
1777321330604,29441.00,1
1777321330634,29441.00,1
1777321330684,29441.00,1
1777321330715,29412.00,1
1777321330745,29412.00,1
1777321330775,29460.00,1
1777321330805,29460.00,1
1777321330836,29492.00,1
1777321330867,29460.00,1
1777321330897,29490.00,1
1777321330949,29489.00,1
1777321330979,29417.00,1
1777321331011,29388.00,1
1777321331043,29388.00,1
1777321331074,29359.00,1
1777321331105,29335.00,1
1777321331138,29388.00,1
1777321331169,29388.00,1
1777321331200,29448.00,1
1777321331232,29448.00,1
1777321331263,29469.00,1
1777321331316,29448.00,1
1777321331347,29419.00,1
1777321331377,29419.00,1
1777321331408,29373.00,1
1777321331437,29373.00,1
1777321331466,29402.00,1
1777321331496,29453.00,1
1777321331526,29453.00,1
1777321331579,29431.00,1
1777321331610,29400.00,1
1777321331643,29371.00,1
1777321331674,29407.00,1
1777321331707,29371.00,1
1777321331739,29400.00,1
1777321331774,29400.00,1
1777321331806,29422.00,1
1777321331837,29469.00,1
1777321331869,29519.00,1
1777321331899,29520.00,1
1777321331927,29491.00,1
1777321331980,29424.00,1
1777321332014,29395.00,1
1777321332047,29408.00,1
1777321332080,29417.00,1
1777321332114,29417.00,1
1777321332148,29462.00,1
1777321332181,29433.00,1
1777321332212,29450.00,1
1777321332243,29511.00,1
1777321332277,29511.00,1
1777321332310,29540.00,1
1777321332345,29511.00,1
1777321332377,29493.00,1
1777321332412,29522.00,1
1777321332446,29462.00,1
1777321332523,29353.00,1
1777321332547,29353.00,1
1777321332573,29272.00,1
1777321332601,29311.00,1
1777321332650,29357.00,1
1777321332678,29437.00,1
1777321332707,29437.00,1
1777321332735,29437.00,1
1777321332765,29562.00,1
1777321332815,29448.00,1
1777321332845,29499.00,1
1777321332873,29583.00,1
1777321332903,29583.00,1
1777321332932,29583.00,1
1777321332962,29583.00,1
1777321332992,29496.00,1
1777321333042,29552.00,1
1777321333073,29569.00,1
1777321333103,29569.00,1
1777321333133,29569.00,1
1777321333163,29569.00,1
1777321333192,29629.00,1
1777321333244,29600.00,1
1777321333274,29600.00,1
1777321333305,29547.00,1
1777321333336,29547.00,1
1777321333366,29547.00,1
1777321333397,29517.00,1
1777321333428,29546.00,1
1777321333459,29575.00,1
1777321333511,29597.00,1
1777321333543,29568.00,1
1777321333574,29597.00,1
1777321333606,29520.00,1
1777321333637,29610.00,1
1777321333669,29607.00,1
1777321333700,29672.00,1
1777321333732,29701.00,1
1777321333764,29701.00,1
1777321333796,29701.00,1
1777321333828,29641.00,1
1777321333861,29641.00,1
1777321333893,29583.00,1
1777321333926,29573.00,1
1777321333959,29573.00,1
1777321333993,29573.00,1
1777321334026,29573.00,1
1777321334059,29602.00,1
1777321334093,29631.00,1
1777321334127,29629.00,1
1777321334160,29629.00,1
1777321334192,29600.00,1
1777321334223,29545.00,1
1777321334259,29487.00,1
1777321334292,29511.00,1
1777321334327,29530.00,1
1777321334362,29528.00,1
1777321334396,29528.00,1
1777321334430,29528.00,1
1777321334471,29457.00,1
1777321334507,29457.00,1
1777321334541,29483.00,1
1777321334577,29483.00,1
1777321334611,29483.00,1
1777321334647,29425.00,1
1777321334681,29517.00,1
1777321334717,29517.00,1
1777321334753,29609.00,1
1777321334865,29428.00,1
1777321334895,29428.00,1
1777321334925,29428.00,1
1777321334955,29277.00,1
1777321334986,29277.00,1
1777321335017,29288.00,1
1777321335068,29248.00,1
1777321335097,29239.00,1
1777321335126,29319.00,1
1777321335158,29319.00,1
1777321335190,29379.00,1
1777321335222,29328.00,1
1777321335254,29348.00,1
1777321335287,29328.00,1
1777321335319,29468.00,1
1777321335349,29468.00,1
1777321335401,29406.00,1
1777321335433,29377.00,1
1777321335465,29406.00,1
1777321335497,29435.00,1
1777321335529,29435.00,1
1777321335560,29435.00,1
1777321335593,29429.00,1
1777321335626,29429.00,1
1777321335659,29429.00,1
1777321335691,29480.00,1
1777321335727,29411.00,1
1777321335760,29400.00,1
1777321335792,29400.00,1
1777321335824,29420.00,1
1777321335858,29449.00,1
1777321335893,29449.00,1
1777321335926,29467.00,1
1777321335959,29518.00,1
1777321335993,29467.00,1
1777321336027,29466.00,1
1777321336061,29466.00,1
1777321336096,29496.00,1
1777321336130,29466.00,1
1777321336164,29597.00,1
1777321336197,29597.00,1
1777321336232,29572.00,1
1777321336266,29514.00,1
1777321336301,29514.00,1
1777321336336,29543.00,1
1777321336370,29506.00,1
1777321336405,29506.00,1
1777321336437,29515.00,1
1777321336469,29515.00,1
1777321336503,29515.00,1
1777321336534,29457.00,1
1777321336566,29479.00,1
1777321336598,29479.00,1
1777321336633,29508.00,1
1777321336668,29546.00,1
1777321336703,29553.00,1
1777321336739,29553.00,1
1777321336775,29508.00,1
1777321336809,29479.00,1
1777321336848,29530.00,1
1777321336882,29537.00,1
1777321336919,29537.00,1
1777321336956,29508.00,1
1777321336994,29524.00,1
1777321337079,29424.00,1
1777321337105,29227.00,1
1777321337132,29256.00,1
1777321337160,29227.00,1
1777321337188,29039.00,1
1777321337238,29062.00,1
1777321337267,29062.00,1
1777321337297,29133.00,1
1777321337326,29133.00,1
1777321337355,29133.00,1
1777321337405,29211.00,1
1777321337435,29182.00,1
1777321337465,29182.00,1
1777321337495,29262.00,1
1777321337526,29391.00,1
1777321337556,29340.00,1
1777321337587,29340.00,1
1777321337638,29429.00,1
1777321337667,29429.00,1
1777321337697,29429.00,1
1777321337726,29477.00,1
1777321337754,29477.00,1
1777321337803,29448.00,1
1777321337833,29537.00,1
1777321337863,29537.00,1
1777321337895,29537.00,1
1777321337927,29489.00,1
1777321337958,29489.00,1
1777321337988,29524.00,1
1777321338017,29447.00,1
1777321338069,29427.00,1
1777321338102,29398.00,1
1777321338134,29398.00,1
1777321338166,29468.00,1
1777321338200,29468.00,1
1777321338231,29500.00,1
1777321338261,29529.00,1
1777321338290,29529.00,1
1777321338324,29529.00,1
1777321338357,29488.00,1
1777321338390,29488.00,1
1777321338424,29459.00,1
1777321338457,29371.00,1
1777321338489,29371.00,1
1777321338522,29401.00,1
1777321338555,29400.00,1
1777321338589,29417.00,1
1777321338622,29417.00,1
1777321338656,29417.00,1
1777321338689,29417.00,1
1777321338724,29388.00,1
1777321338756,29359.00,1
1777321338790,29370.00,1
1777321338825,29370.00,1
1777321338860,29370.00,1
1777321338895,29368.00,1
1777321338929,29368.00,1
1777321338965,29339.00,1
1777321339000,29335.00,1
1777321339032,29335.00,1
1777321339066,29335.00,1
1777321339101,29424.00,1
1777321339137,29424.00,1
1777321339172,29391.00,1
1777321339208,29352.00,1
1777321339275,29216.00,1
1777321339302,29213.00,1
1777321339330,29264.00,1
1777321339359,29235.00,1
1777321339387,29235.00,1
1777321339416,29163.00,1
1777321339466,29221.00,1
1777321339495,29157.00,1
1777321339524,29157.00,1
1777321339554,29157.00,1
1777321339584,29178.00,1
1777321339614,29220.00,1
1777321339664,29169.00,1
1777321339693,29140.00,1
1777321339722,29271.00,1
1777321339752,29280.00,1
1777321339782,29229.00,1
1777321339832,29398.00,1
1777321339862,29391.00,1
1777321339892,29391.00,1
1777321339923,29486.00,1
1777321339954,29511.00,1
1777321339984,29511.00,1
1777321340015,29511.00,1
1777321340066,29588.00,1
1777321340097,29617.00,1
1777321340146,29508.00,1
1777321340177,29537.00,1
1777321340208,29537.00,1
1777321340239,29565.00,1
1777321340269,29565.00,1
1777321340300,29565.00,1
1777321340330,29565.00,1
1777321340362,29565.00,1
1777321340393,29676.00,1
1777321340424,29705.00,1
1777321340455,29689.00,1
1777321340485,29689.00,1
1777321340517,29689.00,1
1777321340549,29689.00,1
1777321340581,29689.00,1
1777321340633,29660.00,1
1777321340666,29650.00,1
1777321340699,29650.00,1
1777321340730,29679.00,1
1777321340759,29679.00,1
1777321340787,29679.00,1
1777321340816,29619.00,1
1777321340846,29619.00,1
1777321340879,29648.00,1
1777321340910,29648.00,1
1777321340961,29619.00,1
1777321340992,29619.00,1
1777321341022,29708.00,1
1777321341051,29708.00,1
1777321341081,29698.00,1
1777321341112,29698.00,1
1777321341144,29698.00,1
1777321341173,29716.00,1
1777321341224,29609.00,1
1777321341260,29638.00,1
1777321341295,29615.00,1
1777321341375,29440.00,1
1777321341401,29506.00,1
1777321341426,29477.00,1
1777321341453,29357.00,1
1777321341482,29357.00,1
1777321341532,29357.00,1
1777321341562,29357.00,1
1777321341589,29357.00,1
1777321341616,29357.00,1
1777321341664,29367.00,1
1777321341691,29338.00,1
1777321341718,29331.00,1
1777321341746,29379.00,1
1777321341796,29360.00,1
1777321341823,29309.00,1
1777321341852,29331.00,1
1777321341902,29272.00,1
1777321341934,29291.00,1
1777321341963,29371.00,1
1777321341991,29371.00,1
1777321342022,29346.00,1
1777321342053,29439.00,1
1777321342081,29504.00,1
1777321342132,29556.00,1
1777321342159,29556.00,1
1777321342188,29555.00,1
1777321342217,29527.00,1
1777321342247,29588.00,1
1777321342298,29528.00,1
1777321342328,29499.00,1
1777321342359,29523.00,1
1777321342388,29523.00,1
1777321342417,29552.00,1
1777321342447,29552.00,1
1777321342476,29552.00,1
1777321342528,29581.00,1
1777321342560,29581.00,1
1777321342593,29552.00,1
1777321342624,29523.00,1
1777321342657,29523.00,1
1777321342691,29523.00,1
1777321342723,29583.00,1
1777321342756,29603.00,1
1777321342789,29600.00,1
1777321342823,29629.00,1
1777321342854,29629.00,1
1777321342888,29629.00,1
1777321342921,29629.00,1
1777321342954,29571.00,1
1777321342988,29583.00,1
1777321343022,29583.00,1
1777321343055,29583.00,1
1777321343090,29641.00,1
1777321343124,29641.00,1
1777321343157,29641.00,1
1777321343268,29659.00,1
1777321343297,29470.00,1
1777321343326,29409.00,1
1777321343354,29409.00,1
1777321343384,29259.00,1
1777321343413,29259.00,1
1777321343443,29288.00,1
1777321343493,29259.00,1
1777321343522,29230.00,1
1777321343552,29231.00,1
1777321343582,29231.00,1
1777321343611,29147.00,1
1777321343642,29184.00,1
1777321343693,29207.00,1
1777321343723,29207.00,1
1777321343755,29176.00,1
1777321343785,29176.00,1
1777321343815,29264.00,1
1777321343846,29264.00,1
1777321343877,29264.00,1
1777321343908,29264.00,1
1777321343938,29279.00,1
1777321343991,29264.00,1
1777321344022,29229.00,1
1777321344054,29229.00,1
1777321344086,29229.00,1
1777321344117,29229.00,1
1777321344148,29229.00,1
1777321344180,29219.00,1
1777321344212,29191.00,1
1777321344245,29243.00,1
1777321344278,29323.00,1
1777321344310,29271.00,1
1777321344343,29220.00,1
1777321344376,29249.00,1
1777321344409,29369.00,1
1777321344442,29441.00,1
1777321344475,29492.00,1
1777321344510,29441.00,1
1777321344544,29412.00,1
1777321344578,29383.00,1
1777321344612,29388.00,1
1777321344647,29388.00,1
1777321344681,29422.00,1
1777321344714,29422.00,1
1777321344749,29422.00,1
1777321344783,29393.00,1
1777321344815,29418.00,1
1777321344850,29447.00,1
1777321344884,29456.00,1
1777321344913,29515.00,1
1777321344947,29456.00,1
1777321344981,29485.00,1
1777321345017,29486.00,1
1777321345094,29284.00,1
1777321345120,29364.00,1
1777321345146,29364.00,1
1777321345195,29313.00,1
1777321345223,29133.00,1
1777321345251,29133.00,1
1777321345280,29133.00,1
1777321345330,29130.00,1
1777321345358,29101.00,1
1777321345384,29101.00,1
1777321345413,29101.00,1
1777321345443,29101.00,1
1777321345493,29094.00,1
1777321345522,29140.00,1
1777321345551,29140.00,1
1777321345579,29140.00,1
1777321345631,29200.00,1
1777321345662,29171.00,1
1777321345689,29171.00,1
1777321345719,29171.00,1
1777321345749,29171.00,1
1777321345779,29171.00,1
1777321345811,29171.00,1
1777321345843,29171.00,1
1777321345895,29120.00,1
1777321345926,29091.00,1
1777321345958,29176.00,1
1777321345989,29176.00,1
1777321346021,29176.00,1
1777321346052,29176.00,1
1777321346083,29205.00,1
1777321346116,29205.00,1
1777321346148,29200.00,1
1777321346180,29200.00,1
1777321346212,29200.00,1
1777321346245,29229.00,1
1777321346277,29169.00,1
1777321346309,29205.00,1
1777321346342,29285.00,1
1777321346375,29420.00,1
1777321346407,29355.00,1
1777321346440,29304.00,1
1777321346474,29275.00,1
1777321346508,29483.00,1
1777321346541,29504.00,1
1777321346574,29488.00,1
1777321346609,29488.00,1
1777321346642,29459.00,1
1777321346678,29459.00,1
1777321346711,29459.00,1
1777321346793,29350.00,1
1777321346819,29219.00,1
1777321346847,29277.00,1
1777321346875,29277.00,1
1777321346903,29268.00,1
1777321346931,29297.00,1
1777321346981,29217.00,1
1777321347010,29291.00,1
1777321347039,29281.00,1
1777321347069,29288.00,1
1777321347119,29287.00,1
1777321347148,29316.00,1
1777321347178,29316.00,1
1777321347207,29316.00,1
1777321347236,29308.00,1
1777321347265,29308.00,1
1777321347316,29341.00,1
1777321347347,29341.00,1
1777321347377,29341.00,1
1777321347408,29341.00,1
1777321347438,29339.00,1
1777321347468,29339.00,1
1777321347520,29310.00,1
1777321347551,29234.00,1
1777321347584,29264.00,1
1777321347614,29292.00,1
1777321347645,29254.00,1
1777321347677,29254.00,1
1777321347707,29254.00,1
1777321347738,29241.00,1
1777321347768,29241.00,1
1777321347798,29245.00,1
1777321347831,29270.00,1
1777321347863,29307.00,1
1777321347914,29248.00,1
1777321347947,29277.00,1
1777321347979,29277.00,1
1777321348011,29277.00,1
1777321348044,29277.00,1
1777321348078,29289.00,1
1777321348109,29289.00,1
1777321348141,29260.00,1
1777321348176,29253.00,1
1777321348209,29333.00,1
1777321348241,29413.00,1
1777321348275,29493.00,1
1777321348310,29544.00,1
1777321348343,29544.00,1
1777321348377,29702.00,1
1777321348457,29542.00,1
1777321348485,29522.00,1
1777321348513,29551.00,1
1777321348542,29542.00,1
1777321348592,29384.00,1
1777321348621,29354.00,1
1777321348650,29363.00,1
1777321348678,29403.00,1
1777321348707,29417.00,1
1777321348757,29388.00,1
1777321348787,29388.00,1
1777321348816,29388.00,1
1777321348845,29388.00,1
1777321348874,29388.00,1
1777321348926,29320.00,1
1777321348956,29291.00,1
1777321348986,29371.00,1
1777321349016,29339.00,1
1777321349047,29339.00,1
1777321349077,29339.00,1
1777321349108,29339.00,1
1777321349139,29327.00,1
1777321349191,29305.00,1
1777321349222,29323.00,1
1777321349254,29318.00,1
1777321349285,29359.00,1
1777321349317,29359.00,1
1777321349349,29311.00,1
1777321349381,29311.00,1
1777321349413,29331.00,1
1777321349445,29280.00,1
1777321349476,29280.00,1
1777321349509,29280.00,1
1777321349543,29340.00,1
1777321349576,29369.00,1
1777321349607,29369.00,1
1777321349641,29429.00,1
1777321349674,29371.00,1
1777321349707,29371.00,1
1777321349741,29371.00,1
1777321349774,29365.00,1
1777321349806,29394.00,1
1777321349840,29423.00,1
1777321349874,29423.00,1
1777321349908,29423.00,1
1777321349942,29423.00,1
1777321350039,29291.00,1
1777321350066,29251.00,1
1777321350095,29251.00,1
1777321350125,29251.00,1
1777321350155,29203.00,1
1777321350184,29263.00,1
1777321350214,29263.00,1
1777321350265,29361.00,1
1777321350294,29361.00,1
1777321350324,29412.00,1
1777321350354,29441.00,1
1777321350384,29417.00,1
1777321350415,29417.00,1
1777321350445,29417.00,1
1777321350496,29440.00,1
1777321350526,29440.00,1
1777321350557,29440.00,1
1777321350587,29458.00,1
1777321350618,29464.00,1
1777321350649,29493.00,1
1777321350681,29415.00,1
1777321350712,29415.00,1
1777321350744,29415.00,1
1777321350796,29287.00,1
1777321350828,29287.00,1
1777321350859,29287.00,1
1777321350890,29371.00,1
1777321350922,29400.00,1
1777321350954,29400.00,1
1777321350986,29400.00,1
1777321351018,29424.00,1
1777321351051,29424.00,1
1777321351083,29366.00,1
1777321351117,29333.00,1
1777321351151,29359.00,1
1777321351183,29359.00,1
1777321351217,29388.00,1
1777321351251,29400.00,1
1777321351284,29400.00,1
1777321351318,29383.00,1
1777321351353,29352.00,1
1777321351386,29324.00,1
1777321351420,29303.00,1
1777321351486,29172.00,1
1777321351511,29269.00,1
1777321351539,29269.00,1
1777321351566,29240.00,1
1777321351594,29240.00,1
1777321351644,29248.00,1
1777321351673,29277.00,1
1777321351701,29277.00,1
1777321351730,29298.00,1
1777321351759,29378.00,1
1777321351809,29378.00,1
1777321351838,29320.00,1
1777321351868,29406.00,1
1777321351897,29406.00,1
1777321351926,29406.00,1
1777321351976,29434.00,1
1777321352006,29463.00,1
1777321352035,29463.00,1
1777321352065,29497.00,1
1777321352094,29497.00,1
1777321352124,29548.00,1
1777321352175,29507.00,1
1777321352205,29507.00,1
1777321352235,29507.00,1
1777321352266,29471.00,1
1777321352296,29471.00,1
1777321352327,29500.00,1
1777321352357,29416.00,1
1777321352389,29416.00,1
1777321352442,29387.00,1
1777321352473,29374.00,1
1777321352504,29387.00,1
1777321352534,29416.00,1
1777321352562,29387.00,1
1777321352593,29418.00,1
1777321352625,29441.00,1
1777321352655,29442.00,1
1777321352707,29400.00,1
1777321352740,29371.00,1
1777321352771,29371.00,1
1777321352803,29400.00,1
1777321352888,29152.00,1
1777321352919,29254.00,1
1777321352947,29283.00,1
1777321352975,29283.00,1
1777321353024,29148.00,1
1777321353052,29158.00,1
1777321353080,29199.00,1
1777321353109,29245.00,1
1777321353138,29245.00,1
1777321353189,29194.00,1
1777321353218,29224.00,1
1777321353248,29265.00,1
1777321353278,29275.00,1
1777321353307,29275.00,1
1777321353338,29274.00,1
1777321353388,29303.00,1
1777321353418,29384.00,1
1777321353449,29413.00,1
1777321353479,29413.00,1
1777321353510,29413.00,1
1777321353541,29588.00,1
1777321353572,29530.00,1
1777321353603,29559.00,1
1777321353656,29648.00,1
1777321353688,29570.00,1
1777321353719,29568.00,1
1777321353750,29588.00,1
1777321353781,29588.00,1
1777321353811,29559.00,1
1777321353843,29555.00,1
1777321353874,29583.00,1
1777321353905,29583.00,1
1777321353935,29626.00,1
1777321353966,29606.00,1
1777321354018,29617.00,1
1777321354051,29621.00,1
1777321354083,29592.00,1
1777321354114,29592.00,1
1777321354183,29505.00,1
1777321354209,29534.00,1
1777321354237,29505.00,1
1777321354286,29417.00,1
1777321354314,29417.00,1
1777321354342,29417.00,1
1777321354371,29417.00,1
1777321354419,29389.00,1
1777321354449,29361.00,1
1777321354477,29445.00,1
1777321354505,29445.00,1
1777321354534,29445.00,1
1777321354583,29442.00,1
1777321354612,29460.00,1
1777321354640,29460.00,1
1777321354669,29465.00,1
1777321354698,29465.00,1
1777321354749,29414.00,1
1777321354778,29407.00,1
1777321354807,29407.00,1
1777321354837,29402.00,1
1777321354866,29402.00,1
1777321354918,29320.00,1
1777321354948,29371.00,1
1777321354975,29400.00,1
1777321355005,29480.00,1
1777321355036,29673.00,1
1777321355066,29673.00,1
1777321355118,29710.00,1
1777321355149,29710.00,1
1777321355180,29710.00,1
1777321355210,29710.00,1
1777321355242,29686.00,1
1777321355273,29729.00,1
1777321355303,29648.00,1
1777321355334,29629.00,1
1777321355364,29629.00,1
1777321355449,29441.00,1
1777321355479,29522.00,1
1777321355506,29576.00,1
1777321355556,29547.00,1
1777321355584,29518.00,1
1777321355613,29518.00,1
1777321355641,29518.00,1
1777321355671,29578.00,1
1777321355721,29524.00,1
1777321355750,29569.00,1
1777321355779,29575.00,1
1777321355809,29604.00,1
1777321355839,29604.00,1
1777321355867,29652.00,1
1777321355916,29623.00,1
1777321355946,29619.00,1
1777321355976,29619.00,1
1777321356006,29619.00,1
1777321356036,29619.00,1
1777321356087,29617.00,1
1777321356117,29641.00,1
1777321356147,29660.00,1
1777321356177,29660.00,1
1777321356207,29660.00,1
1777321356238,29660.00,1
1777321356269,29660.00,1
1777321356301,29624.00,1
1777321356352,29571.00,1
1777321356383,29600.00,1
1777321356415,29600.00,1
1777321356448,29600.00,1
1777321356478,29680.00,1
1777321356510,29835.00,1
1777321356542,29806.00,1
1777321356574,29818.00,1
1777321356651,29772.00,1
1777321356676,29767.00,1
1777321356704,29660.00,1
1777321356732,29660.00,1
1777321356760,29631.00,1
1777321356809,29602.00,1
1777321356837,29631.00,1
1777321356866,29631.00,1
1777321356894,29631.00,1
1777321356944,29551.00,1
1777321356973,29686.00,1
1777321357001,29686.00,1
1777321357030,29657.00,1
1777321357059,29657.00,1
1777321357109,29635.00,1
1777321357139,29635.00,1
1777321357169,29686.00,1
1777321357199,29620.00,1
1777321357229,29620.00,1
1777321357261,29591.00,1
1777321357291,29562.00,1
1777321357343,29482.00,1
1777321357373,29482.00,1
1777321357403,29504.00,1
1777321357433,29555.00,1
1777321357465,29584.00,1
1777321357495,29584.00,1
1777321357526,29584.00,1
1777321357576,29550.00,1
1777321357606,29506.00,1
1777321357637,29506.00,1
1777321357669,29506.00,1
1777321357700,29557.00,1
1777321357732,29586.00,1
1777321357804,29429.00,1
1777321357831,29365.00,1
1777321357859,29445.00,1
1777321357888,29498.00,1
1777321357937,29394.00,1
1777321357967,29394.00,1
1777321357996,29423.00,1
1777321358025,29511.00,1
1777321358075,29431.00,1
1777321358104,29402.00,1
1777321358133,29402.00,1
1777321358163,29402.00,1
1777321358192,29482.00,1
1777321358221,29422.00,1
1777321358253,29413.00,1
1777321358282,29436.00,1
1777321358334,29414.00,1
1777321358364,29414.00,1
1777321358399,29459.00,1
1777321358430,29474.00,1
1777321358459,29549.00,1
1777321358488,29551.00,1
1777321358516,29600.00,1
1777321358568,29549.00,1
1777321358599,29549.00,1
1777321358630,29544.00,1
1777321358659,29506.00,1
1777321358690,29506.00,1
1777321358720,29506.00,1
1777321358751,29506.00,1
1777321358782,29535.00,1
1777321358834,29523.00,1
1777321358902,29432.00,1
1777321358929,29512.00,1
1777321358954,29512.00,1
1777321359001,29483.00,1
1777321359029,29473.00,1
1777321359058,29389.00,1
1777321359108,29401.00,1
1777321359137,29469.00,1
1777321359166,29452.00,1
1777321359195,29481.00,1
1777321359222,29481.00,1
1777321359272,29632.00,1
1777321359301,29603.00,1
1777321359334,29691.00,1
1777321359363,29691.00,1
1777321359392,29691.00,1
1777321359419,29741.00,1
1777321359469,29677.00,1
1777321359498,29677.00,1
1777321359527,29668.00,1
1777321359556,29668.00,1
1777321359585,29719.00,1
1777321359636,29639.00,1
1777321359666,29610.00,1
1777321359697,29694.00,1
1777321359727,29694.00,1
1777321359757,29686.00,1
1777321359787,29675.00,1
1777321359818,29672.00,1
1777321359870,29701.00,1
1777321359901,29631.00,1
1777321359964,29551.00,1
1777321359992,29491.00,1
1777321360021,29491.00,1
1777321360050,29491.00,1
1777321360079,29549.00,1
1777321360109,29485.00,1
1777321360137,29514.00,1
1777321360166,29514.00,1
1777321360216,29511.00,1
1777321360245,29511.00,1
1777321360275,29511.00,1
1777321360304,29554.00,1
1777321360333,29554.00,1
1777321360384,29474.00,1
1777321360414,29534.00,1
1777321360443,29614.00,1
1777321360473,29534.00,1
1777321360503,29534.00,1
1777321360534,29546.00,1
1777321360564,29598.00,1
1777321360615,29604.00,1
1777321360646,29604.00,1
1777321360677,29604.00,1
1777321360708,29604.00,1
1777321360739,29566.00,1
1777321360771,29566.00,1
1777321360802,29537.00,1
1777321360836,29498.00,1
1777321360868,29526.00,1
1777321360898,29526.00,1
1777321360950,29552.00,1
1777321360982,29523.00,1
1777321361058,29523.00,1
1777321361083,29419.00,1
1777321361109,29414.00,1
1777321361137,29390.00,1
1777321361166,29330.00,1
1777321361216,29308.00,1
1777321361246,29350.00,1
1777321361275,29359.00,1
1777321361305,29361.00,1
1777321361334,29390.00,1
1777321361364,29450.00,1
1777321361415,29421.00,1
1777321361445,29421.00,1
1777321361475,29421.00,1
1777321361506,29447.00,1
1777321361536,29447.00,1
1777321361566,29416.00,1
1777321361617,29416.00,1
1777321361648,29467.00,1
1777321361678,29438.00,1
1777321361711,29438.00,1
1777321361742,29449.00,1
1777321361773,29473.00,1
1777321361804,29605.00,1
1777321361835,29605.00,1
1777321361867,29605.00,1
1777321361898,29605.00,1
1777321361930,29578.00,1
1777321361962,29607.00,1
1777321362015,29511.00,1
1777321362049,29511.00,1
1777321362081,29511.00,1
1777321362113,29562.00,1
1777321362183,29600.00,1
1777321362208,29404.00,1
1777321362235,29484.00,1
1777321362262,29484.00,1
1777321362290,29513.00,1
1777321362340,29436.00,1
1777321362368,29407.00,1
1777321362396,29407.00,1
1777321362425,29323.00,1
1777321362474,29301.00,1
1777321362503,29307.00,1
1777321362533,29327.00,1
1777321362561,29330.00,1
1777321362590,29359.00,1
1777321362640,29450.00,1
1777321362670,29421.00,1
1777321362699,29421.00,1
1777321362729,29421.00,1
1777321362759,29457.00,1
1777321362789,29499.00,1
1777321362819,29528.00,1
1777321362870,29538.00,1
1777321362900,29448.00,1
1777321362930,29528.00,1
1777321362960,29528.00,1
1777321362989,29618.00,1
1777321363039,29562.00,1
1777321363070,29613.00,1
1777321363100,29642.00,1
1777321363132,29642.00,1
1777321363162,29642.00,1
1777321363192,29641.00,1
1777321363223,29671.00,1
1777321363313,29409.00,1
1777321363343,29413.00,1
1777321363372,29427.00,1
1777321363401,29399.00,1
1777321363431,29399.00,1
1777321363482,29319.00,1
1777321363512,29290.00,1
1777321363542,29255.00,1
1777321363573,29351.00,1
1777321363603,29322.00,1
1777321363633,29266.00,1
1777321363663,29266.00,1
1777321363694,29266.00,1
1777321363745,29234.00,1
1777321363775,29205.00,1
1777321363806,29205.00,1
1777321363838,29311.00,1
1777321363869,29390.00,1
1777321363901,29391.00,1
1777321363933,29311.00,1
1777321363964,29269.00,1
1777321363996,29320.00,1
1777321364048,29327.00,1
1777321364080,29265.00,1
1777321364111,29345.00,1
1777321364143,29345.00,1
1777321364176,29351.00,1
1777321364208,29333.00,1
1777321364240,29329.00,1
1777321364271,29384.00,1
1777321364304,29413.00,1
1777321364337,29413.00,1
1777321364420,29264.00,1
1777321364452,29294.00,1
1777321364481,29323.00,1
1777321364510,29323.00,1
1777321364560,29301.00,1
1777321364590,29272.00,1
1777321364620,29272.00,1
1777321364651,29301.00,1
1777321364681,29291.00,1
1777321364712,29291.00,1
1777321364743,29320.00,1
1777321364794,29284.00,1
1777321364822,29255.00,1
1777321364852,29255.00,1
1777321364884,29214.00,1
1777321364915,29214.00,1
1777321364945,29294.00,1
1777321364976,29294.00,1
1777321365008,29294.00,1
1777321365070,29272.00,1
1777321365106,29277.00,1
1777321365137,29277.00,1
1777321365169,29277.00,1
1777321365201,29229.00,1
1777321365233,29258.00,1
1777321365264,29258.00,1
1777321365295,29253.00,1
1777321365326,29253.00,1
1777321365359,29253.00,1
1777321365392,29304.00,1
1777321365424,29293.00,1
1777321365482,29209.00,1
1777321365506,29266.00,1
1777321365533,29295.00,1
1777321365560,29295.00,1
1777321365588,29295.00,1
1777321365637,29261.00,1
1777321365666,29232.00,1
1777321365696,29232.00,1
1777321365725,29171.00,1
1777321365756,29171.00,1
1777321365786,29200.00,1
1777321365837,29176.00,1
1777321365866,29169.00,1
1777321365895,29169.00,1
1777321365925,29282.00,1
1777321365954,29333.00,1
1777321366003,29282.00,1
1777321366031,29422.00,1
1777321366061,29473.00,1
1777321366091,29393.00,1
1777321366121,29393.00,1
1777321366173,29398.00,1
1777321366203,29369.00,1
1777321366233,29369.00,1
1777321366272,29361.00,1
1777321366302,29361.00,1
1777321366333,29361.00,1
1777321366365,29393.00,1
1777321366395,29393.00,1
1777321366426,29422.00,1
1777321366458,29430.00,1
1777321366489,29430.00,1
1777321366520,29430.00,1
1777321366589,29287.00,1
1777321366615,29367.00,1
1777321366641,29396.00,1
1777321366690,29256.00,1
1777321366721,29231.00,1
1777321366751,29227.00,1
1777321366778,29278.00,1
1777321366826,29230.00,1
1777321366855,29230.00,1
1777321366881,29289.00,1
1777321366908,29289.00,1
1777321366956,29260.00,1
1777321366982,29231.00,1
1777321367012,29284.00,1
1777321367041,29282.00,1
1777321367092,29229.00,1
1777321367121,29245.00,1
1777321367152,29280.00,1
1777321367182,29360.00,1
1777321367212,29485.00,1
1777321367242,29451.00,1
1777321367293,29496.00,1
1777321367323,29496.00,1
1777321367354,29525.00,1
1777321367383,29525.00,1
1777321367411,29496.00,1
1777321367438,29500.00,1
1777321367489,29529.00,1
1777321367523,29488.00,1
1777321367556,29459.00,1
1777321367586,29459.00,1
1777321367664,29459.00,1
1777321367691,29369.00,1
1777321367719,29317.00,1
1777321367748,29317.00,1
1777321367776,29317.00,1
1777321367829,29237.00,1
1777321367858,29259.00,1
1777321367887,29259.00,1
1777321367916,29284.00,1
1777321367946,29228.00,1
1777321367975,29257.00,1
1777321368025,29257.00,1
1777321368056,29286.00,1
1777321368087,29286.00,1
1777321368118,29289.00,1
1777321368148,29296.00,1
1777321368179,29296.00,1
1777321368210,29296.00,1
1777321368240,29296.00,1
1777321368275,29347.00,1
1777321368306,29398.00,1
1777321368357,29510.00,1
1777321368388,29510.00,1
1777321368419,29510.00,1
1777321368452,29481.00,1
1777321368486,29532.00,1
1777321368518,29532.00,1
1777321368550,29499.00,1
1777321368581,29499.00,1
1777321368615,29468.00,1
1777321368647,29477.00,1
1777321368679,29477.00,1
1777321368711,29477.00,1
1777321368787,29313.00,1
1777321368815,29298.00,1
1777321368842,29335.00,1
1777321368871,29335.00,1
1777321368900,29304.00,1
1777321368950,29313.00,1
1777321368979,29291.00,1
1777321369008,29291.00,1
1777321369037,29342.00,1
1777321369089,29291.00,1
1777321369119,29300.00,1
1777321369148,29313.00,1
1777321369177,29313.00,1
1777321369207,29291.00,1
1777321369236,29291.00,1
1777321369287,29269.00,1
1777321369317,29269.00,1
1777321369347,29269.00,1
1777321369378,29320.00,1
1777321369406,29638.00,1
1777321369435,29616.00,1
1777321369485,29558.00,1
1777321369515,29558.00,1
1777321369543,29558.00,1
1777321369572,29587.00,1
1777321369623,29364.00,1
1777321369654,29364.00,1
1777321369685,29335.00,1
1777321369716,29335.00,1
1777321369746,29335.00,1
1777321369777,29335.00,1
1777321369807,29364.00,1
1777321369887,29347.00,1
1777321369915,29347.00,1
1777321369944,29347.00,1
1777321369972,29347.00,1
1777321370021,29217.00,1
1777321370051,29257.00,1
1777321370080,29319.00,1
1777321370109,29319.00,1
1777321370159,29297.00,1
1777321370188,29297.00,1
1777321370218,29297.00,1
1777321370247,29279.00,1
1777321370274,29279.00,1
1777321370323,29250.00,1
1777321370353,29221.00,1
1777321370383,29250.00,1
1777321370413,29279.00,1
1777321370442,29223.00,1
1777321370471,29280.00,1
1777321370522,29200.00,1
1777321370552,29171.00,1
1777321370584,29171.00,1
1777321370614,29171.00,1
1777321370645,29229.00,1
1777321370676,29169.00,1
1777321370707,29165.00,1
1777321370738,29165.00,1
1777321370771,29165.00,1
1777321370824,29165.00,1
1777321370854,29136.00,1
1777321370883,29296.00,1
1777321370911,29325.00,1
1777321370977,29184.00,1
1777321371001,29296.00,1
1777321371027,29354.00,1
1777321371055,29354.00,1
1777321371083,29184.00,1
1777321371132,29104.00,1
1777321371160,29146.00,1
1777321371189,29155.00,1
1777321371218,29155.00,1
1777321371267,29184.00,1
1777321371295,29216.00,1
1777321371325,29216.00,1
1777321371354,29216.00,1
1777321371383,29216.00,1
1777321371432,29187.00,1
1777321371461,29187.00,1
1777321371490,29158.00,1
1777321371520,29171.00,1
1777321371549,29208.00,1
1777321371600,29200.00,1
1777321371629,29229.00,1
1777321371660,29229.00,1
1777321371690,29280.00,1
1777321371720,29377.00,1
1777321371750,29377.00,1
1777321371802,29326.00,1
1777321371832,29377.00,1
1777321371863,29347.00,1
1777321371893,29326.00,1
1777321371924,29384.00,1
1777321371956,29435.00,1
1777321371986,29464.00,1
1777321372053,29335.00,1
1777321372078,29326.00,1
1777321372104,29384.00,1
1777321372130,29340.00,1
1777321372159,29391.00,1
1777321372208,29311.00,1
1777321372237,29282.00,1
1777321372268,29282.00,1
1777321372297,29362.00,1
1777321372326,29362.00,1
1777321372376,29188.00,1
1777321372405,29188.00,1
1777321372434,29188.00,1
1777321372463,29188.00,1
1777321372492,29239.00,1
1777321372542,29229.00,1
1777321372573,29223.00,1
1777321372602,29229.00,1
1777321372630,29280.00,1
1777321372659,29360.00,1
1777321372710,29309.00,1
1777321372739,29280.00,1
1777321372769,29582.00,1
1777321372798,29582.00,1
1777321372829,29633.00,1
1777321372859,29662.00,1
1777321372890,29662.00,1
1777321372942,29582.00,1
1777321372972,29517.00,1
1777321373002,29517.00,1
1777321373033,29556.00,1
1777321373063,29568.00,1
1777321373095,29567.00,1
1777321373170,29207.00,1
1777321373197,29178.00,1
1777321373223,29178.00,1
1777321373272,29236.00,1
1777321373300,29236.00,1
1777321373327,29236.00,1
1777321373354,29287.00,1
1777321373404,29222.00,1
1777321373433,29193.00,1
1777321373461,29273.00,1
1777321373490,29247.00,1
1777321373519,29270.00,1
1777321373569,29251.00,1
1777321373598,29283.00,1
1777321373627,29283.00,1
1777321373656,29291.00,1
1777321373685,29334.00,1
1777321373735,29289.00,1
1777321373765,29339.00,1
1777321373794,29369.00,1
1777321373823,29371.00,1
1777321373853,29400.00,1
1777321373904,29441.00,1
1777321373935,29429.00,1
1777321373966,29429.00,1
1777321373997,29429.00,1
1777321374028,29553.00,1
1777321374059,29553.00,1
1777321374090,29604.00,1
1777321374120,29604.00,1
1777321374151,29604.00,1
1777321374182,29604.00,1
1777321374256,29300.00,1
1777321374281,29351.00,1
1777321374307,29322.00,1
1777321374355,29300.00,1
1777321374382,29351.00,1
1777321374408,29351.00,1
1777321374455,29271.00,1
1777321374482,29335.00,1
1777321374511,29335.00,1
1777321374541,29335.00,1
1777321374591,29313.00,1
1777321374620,29364.00,1
1777321374650,29393.00,1
1777321374678,29389.00,1
1777321374706,29389.00,1
1777321374756,29309.00,1
1777321374784,29308.00,1
1777321374813,29331.00,1
1777321374842,29360.00,1
1777321374872,29383.00,1
1777321374923,29584.00,1
1777321374953,29547.00,1
1777321374983,29547.00,1
1777321375013,29598.00,1
1777321375043,29627.00,1
1777321375074,29627.00,1
1777321375104,29666.00,1
1777321375156,29637.00,1
1777321375188,29637.00,1
1777321375219,29637.00,1
1777321375251,29637.00,1
1777321375330,29508.00,1
1777321375356,29345.00,1
1777321375383,29345.00,1
1777321375410,29345.00,1
1777321375439,29377.00,1
1777321375490,29323.00,1
1777321375519,29374.00,1
1777321375547,29441.00,1
