Timestamp,Profit,CurrentTPS,CurrentTokens,TokensUsed,TransactionsUpgraded
1777323957507,24080.00,0.00,NA,4530.00,0
1777323957579,24190.00,128.00,NA,4530.00,0
1777323957617,12170.00,256.00,NA,2265.00,0
1777323957647,12220.00,320.00,NA,2265.00,0
1777323957697,23660.00,480.00,NA,4530.00,0
1777323957770,24240.00,640.00,NA,4530.00,0
1777323957803,12060.00,784.00,NA,2265.00,0
1777323957829,11780.00,867.00,NA,2265.00,0
1777323957877,11890.00,960.00,NA,2265.00,0
1777323957904,11930.00,1027.00,NA,2265.00,0
1777323957951,12130.00,1120.00,NA,2265.00,0
1777323957981,11730.00,1187.00,NA,2265.00,0
1777323958009,11570.00,1280.00,NA,2265.00,0
1777323958038,11880.00,1347.00,NA,2265.00,0
1777323958089,11960.00,1440.00,NA,2265.00,0
1777323958119,12140.00,1507.00,NA,2265.00,0
1777323958148,11910.00,1587.00,NA,2265.00,0
1777323958174,11840.00,1667.00,NA,2265.00,0
1777323958204,11760.00,1747.00,NA,2265.00,0
1777323958232,12230.00,1827.00,NA,2265.00,0
1777323958282,11950.00,1920.00,NA,2265.00,0
1777323958310,12000.00,2000.00,NA,2265.00,0
1777323958338,11730.00,2080.00,NA,2265.00,0
1777323958366,11970.00,2160.00,NA,2265.00,0
1777323958394,11930.00,2227.00,NA,2265.00,0
1777323958443,12010.00,2320.00,NA,2265.00,0
1777323958471,12090.00,2387.00,NA,2265.00,0
1777323958515,12270.00,2480.00,NA,2265.00,0
1777323958541,12110.00,2547.00,NA,2265.00,0
1777323958567,12130.00,2627.00,NA,2265.00,0
1777323958595,11810.00,2707.00,NA,2265.00,0
1777323958642,11890.00,2800.00,NA,2265.00,0
1777323958669,11910.00,2880.00,NA,2265.00,0
1777323958694,11860.00,2960.00,NA,2265.00,0
1777323958739,11690.00,3040.00,NA,2265.00,0
1777323958764,12110.00,3120.00,NA,2265.00,0
1777323958790,12000.00,3200.00,NA,2265.00,0
1777323958836,11750.00,3280.00,NA,2265.00,0
1777323958860,12100.00,3347.00,NA,2265.00,0
1777323958891,12000.00,3439.00,NA,2265.00,0
1777323958936,11980.00,3520.00,NA,2265.00,0
1777323958980,12140.00,3600.00,NA,2265.00,0
1777323959005,12000.00,3680.00,NA,2265.00,0
1777323959030,12320.00,3760.00,NA,2265.00,0
1777323959055,12360.00,3840.00,NA,2265.00,0
1777323959100,11790.00,3920.00,NA,2265.00,0
1777323959124,11870.00,4000.00,NA,2265.00,0
1777323959170,11730.00,4080.00,NA,2265.00,0
1777323959194,12040.00,4147.00,NA,2265.00,0
1777323959221,12050.00,4227.00,NA,2265.00,0
1777323959267,11890.00,4320.00,NA,2265.00,0
1777323959292,11650.00,4396.00,NA,2265.00,0
1777323959348,12060.00,4480.00,NA,2265.00,0
1777323959372,12050.00,4547.00,NA,2265.00,0
1777323959396,11990.00,4640.00,NA,2265.00,0
1777323959420,11790.00,4720.00,NA,2265.00,0
1777323959474,11970.00,4800.00,NA,2265.00,0
1777323959500,11950.00,4867.00,NA,2265.00,0
1777323959525,12040.00,4947.00,NA,2265.00,0
1777323959551,11830.00,5027.00,NA,2265.00,0
1777323959596,11920.00,5120.00,NA,2265.00,0
1777323959620,12100.00,5200.00,NA,2265.00,0
1777323959667,12110.00,5280.00,NA,2265.00,0
1777323959719,12080.00,5360.00,NA,2265.00,0
1777323959743,11990.00,5440.00,NA,2265.00,0
1777323959788,12010.00,5520.00,NA,2265.00,0
1777323959811,12160.00,5600.00,NA,2265.00,0
1777323959835,11860.00,5680.00,NA,2265.00,0
1777323959879,11690.00,5760.00,NA,2265.00,0
1777323959905,12040.00,5840.00,NA,2265.00,0
1777323959950,11800.00,5920.00,NA,2265.00,0
1777323959975,12020.00,5987.00,NA,2265.00,0
1777323960022,11880.00,6080.00,NA,2265.00,0
1777323960048,12110.00,6160.00,NA,2265.00,0
1777323960074,12140.00,6240.00,NA,2265.00,0
1777323960120,12200.00,6320.00,NA,2265.00,0
1777323960145,11910.00,6400.00,NA,2265.00,0
1777323960170,12070.00,6480.00,NA,2265.00,0
1777323960216,11990.00,6560.00,NA,2265.00,0
1777323960242,11770.00,6627.00,NA,2265.00,0
1777323960267,11950.00,6720.00,NA,2265.00,0
1777323960302,11990.00,6800.00,NA,2265.00,0
1777323960348,11840.00,6880.00,NA,2265.00,0
1777323960373,11780.00,6960.00,NA,2265.00,0
1777323960418,11780.00,7040.00,NA,2265.00,0
1777323960444,11680.00,7120.00,NA,2265.00,0
1777323960470,11970.00,7200.00,NA,2265.00,0
1777323960516,11840.00,7280.00,NA,2265.00,0
1777323960541,11790.00,7347.00,NA,2265.00,0
1777323960567,12250.00,7440.00,NA,2265.00,0
1777323960613,11940.00,7520.00,NA,2265.00,0
1777323960639,12280.00,7587.00,NA,2265.00,0
1777323960684,12010.00,7680.00,NA,2265.00,0
1777323960709,11990.00,7760.00,NA,2265.00,0
1777323960734,12090.00,7840.00,NA,2265.00,0
1777323960779,12420.00,7920.00,NA,2265.00,0
1777323960804,12010.00,8000.00,NA,2265.00,0
1777323960850,12090.00,8080.00,NA,2265.00,0
1777323960875,12150.00,8147.00,NA,2265.00,0
1777323960902,12170.00,8224.00,NA,2265.00,0
1777323960947,12150.00,8320.00,NA,2265.00,0
1777323960972,12090.00,8397.00,NA,2265.00,0
1777323960997,12110.00,8467.00,NA,2265.00,0
1777323961043,11750.00,8560.00,NA,2265.00,0
1777323961069,12310.00,8640.00,NA,2265.00,0
1777323961114,11950.00,8720.00,NA,2265.00,0
1777323961139,11890.00,8787.00,NA,2265.00,0
1777323961165,12380.00,8880.00,NA,2265.00,0
1777323961211,12180.00,8960.00,NA,2265.00,0
1777323961236,12080.00,9027.00,NA,2265.00,0
1777323961262,11980.00,9107.00,NA,2265.00,0
1777323961307,11960.00,9200.00,NA,2265.00,0
1777323961332,11840.00,9267.00,NA,2265.00,0
1777323961378,12290.00,9360.00,NA,2265.00,0
1777323961404,11820.00,9440.00,NA,2265.00,0
1777323961430,12180.00,9520.00,NA,2265.00,0
1777323961477,12070.00,9600.00,NA,2265.00,0
1777323961504,12070.00,9667.00,NA,2265.00,0
1777323961537,11710.00,9760.00,NA,2265.00,0
1777323961563,11800.00,9827.00,NA,2265.00,0
1777323961610,11710.00,9920.00,NA,2265.00,0
1777323961637,12160.00,10000.00,NA,2265.00,0
1777323961662,11940.00,10067.00,NA,2265.00,0
1777323961709,11990.00,10160.00,NA,2265.00,0
1777323961734,12110.00,10240.00,NA,2265.00,0
1777323961780,12190.00,10320.00,NA,2265.00,0
1777323961806,11850.00,10387.00,NA,2265.00,0
1777323961833,12200.00,10467.00,NA,2265.00,0
1777323961860,11780.00,10560.00,NA,2265.00,0
1777323961907,11740.00,10640.00,NA,2265.00,0
1777323961932,11930.00,10707.00,NA,2265.00,0
1777323961959,12040.00,10787.00,NA,2265.00,0
1777323962005,12170.00,10880.00,NA,2265.00,0
1777323962033,11990.00,10960.00,NA,2265.00,0
1777323962059,12120.00,11040.00,NA,2265.00,0
1777323962106,12120.00,11120.00,NA,2265.00,0
1777323962132,12170.00,11187.00,NA,2265.00,0
1777323962157,11900.00,11280.00,NA,2265.00,0
1777323962204,12130.00,11360.00,NA,2265.00,0
1777323962230,12060.00,11427.00,NA,2265.00,0
1777323962256,12010.00,11507.00,NA,2265.00,0
1777323962303,11510.00,11600.00,NA,2265.00,0
1777323962330,11910.00,11680.00,NA,2265.00,0
1777323962356,12190.00,11760.00,NA,2265.00,0
1777323962403,11780.00,11840.00,NA,2265.00,0
1777323962430,12090.00,11920.00,NA,2265.00,0
1777323962456,12230.00,12000.00,NA,2265.00,0
1777323962504,11830.00,12080.00,NA,2265.00,0
1777323962530,11860.00,12147.00,NA,2265.00,0
1777323962562,12170.00,12099.00,NA,2265.00,0
1777323962594,12170.00,12143.00,NA,2265.00,0
1777323962621,12020.00,12131.00,NA,2265.00,0
1777323962670,11930.00,12067.00,NA,2265.00,0
1777323962698,12170.00,12080.00,NA,2265.00,0
1777323962727,12190.00,12026.00,NA,2265.00,0
1777323962755,11960.00,12106.00,NA,2265.00,0
1777323962802,11670.00,12026.00,NA,2265.00,0
1777323962829,11920.00,12000.00,NA,2265.00,0
1777323962856,11960.00,11987.00,NA,2265.00,0
1777323962905,12010.00,12013.00,NA,2265.00,0
1777323962933,12110.00,12013.00,NA,2265.00,0
1777323962961,12140.00,12034.00,NA,2265.00,0
1777323962990,12110.00,12016.00,NA,2265.00,0
1777323963018,12400.00,12042.00,NA,2265.00,0
1777323963067,11870.00,12013.00,NA,2265.00,0
1777323963094,11970.00,12067.00,NA,2265.00,0
1777323963135,12150.00,11984.00,NA,2265.00,0
1777323963163,12140.00,12000.00,NA,2265.00,0
1777323963192,11910.00,12000.00,NA,2265.00,0
1777323963223,11910.00,12013.00,NA,2265.00,0
1777323963250,12430.00,12016.00,NA,2265.00,0
1777323963298,11610.00,12013.00,NA,2265.00,0
1777323963326,12310.00,12013.00,NA,2265.00,0
1777323963353,11780.00,12013.00,NA,2265.00,0
1777323963403,12010.00,11933.00,NA,2265.00,0
1777323963433,12100.00,11987.00,NA,2265.00,0
1777323963460,11960.00,12000.00,NA,2265.00,0
1777323963486,11960.00,12013.00,NA,2265.00,0
1777323963535,12060.00,12013.00,NA,2265.00,0
1777323963562,11710.00,12013.00,NA,2265.00,0
1777323963590,11990.00,12016.00,NA,2265.00,0
1777323963621,11940.00,12003.00,NA,2265.00,0
1777323963669,12100.00,12000.00,NA,2265.00,0
1777323963696,12130.00,11987.00,NA,2265.00,0
1777323963724,12060.00,12000.00,NA,2265.00,0
1777323963795,11890.00,11853.00,NA,2265.00,0
1777323963819,12080.00,11907.00,NA,2265.00,0
1777323963863,12250.00,11885.00,NA,2265.00,0
1777323963887,12160.00,11923.00,NA,2265.00,0
1777323963910,11830.00,11920.00,NA,2265.00,0
1777323963954,11960.00,11933.00,NA,2265.00,0
1777323963977,12090.00,12000.00,NA,2265.00,0
1777323964022,12120.00,11920.00,NA,2265.00,0
1777323964045,11900.00,11933.00,NA,2265.00,0
1777323964093,12060.00,11920.00,NA,2265.00,0
1777323964118,12030.00,11907.00,NA,2265.00,0
1777323964142,12300.00,11907.00,NA,2265.00,0
1777323964186,12160.00,11933.00,NA,2265.00,0
1777323964210,12150.00,11923.00,NA,2265.00,0
1777323964254,12180.00,11920.00,NA,2265.00,0
1777323964278,11580.00,11933.00,NA,2265.00,0
1777323964322,11790.00,11933.00,NA,2265.00,0
1777323964345,11830.00,12000.00,NA,2265.00,0
1777323964390,11830.00,11920.00,NA,2265.00,0
1777323964414,12040.00,11907.00,NA,2265.00,0
1777323964458,11950.00,11920.00,NA,2265.00,0
1777323964483,12030.00,11933.00,NA,2265.00,0
1777323964506,12060.00,11920.00,NA,2265.00,0
1777323964551,12070.00,11933.00,NA,2265.00,0
1777323964575,11850.00,11921.00,NA,2265.00,0
1777323964619,11960.00,11933.00,NA,2265.00,0
1777323964643,11830.00,11933.00,NA,2265.00,0
1777323964688,11920.00,11933.00,NA,2265.00,0
1777323964711,11690.00,11987.00,NA,2265.00,0
1777323964756,11770.00,11933.00,NA,2265.00,0
1777323964780,12110.00,12000.00,NA,2265.00,0
1777323964804,11950.00,11987.00,NA,2265.00,0
1777323964849,12010.00,11933.00,NA,2265.00,0
1777323964873,11850.00,12000.00,NA,2265.00,0
1777323964918,12100.00,11933.00,NA,2265.00,0
1777323964942,11890.00,12000.00,NA,2265.00,0
1777323964988,12260.00,11936.00,NA,2265.00,0
1777323965012,12300.00,11987.00,NA,2265.00,0
1777323965037,12000.00,12013.00,NA,2265.00,0
1777323965082,11740.00,11933.00,NA,2265.00,0
1777323965107,12120.00,11987.00,NA,2265.00,0
1777323965152,12000.00,11933.00,NA,2265.00,0
1777323965177,12130.00,11933.00,NA,2265.00,0
1777323965201,12040.00,12000.00,NA,2265.00,0
1777323965246,11910.00,11974.00,NA,2265.00,0
1777323965270,12240.00,11952.00,NA,2265.00,0
1777323965315,11970.00,11920.00,NA,2265.00,0
1777323965339,12020.00,11987.00,NA,2265.00,0
1777323965385,12120.00,11933.00,NA,2265.00,0
1777323965413,11750.00,12000.00,NA,2265.00,0
1777323965438,12070.00,11987.00,NA,2265.00,0
1777323965484,12050.00,11933.00,NA,2265.00,0
1777323965509,12010.00,12000.00,NA,2265.00,0
1777323965533,11950.00,12013.00,NA,2265.00,0
1777323965578,12070.00,11933.00,NA,2265.00,0
1777323965604,11930.00,12000.00,NA,2265.00,0
1777323965650,12190.00,11933.00,NA,2265.00,0
1777323965675,12220.00,11987.00,NA,2265.00,0
1777323965700,11980.00,12000.00,NA,2265.00,0
1777323965745,12130.00,11933.00,NA,2265.00,0
1777323965771,11950.00,12000.00,NA,2265.00,0
1777323965796,11740.00,11987.00,NA,2265.00,0
1777323965842,12010.00,12000.00,NA,2265.00,0
1777323965867,11680.00,12013.00,NA,2265.00,0
1777323965913,11820.00,11949.00,NA,2265.00,0
1777323965944,11560.00,12000.00,NA,2265.00,0
1777323965969,11900.00,12000.00,NA,2265.00,0
1777323965994,12050.00,12013.00,NA,2265.00,0
1777323966039,12250.00,12000.00,NA,2265.00,0
1777323966065,12390.00,11987.00,NA,2265.00,0
1777323966111,12120.00,12000.00,NA,2265.00,0
1777323966136,12070.00,12013.00,NA,2265.00,0
1777323966161,12120.00,12003.00,NA,2265.00,0
1777323966207,12160.00,12000.00,NA,2265.00,0
1777323966233,12070.00,12013.00,NA,2265.00,0
1777323966280,11900.00,11923.00,NA,2265.00,0
1777323966305,11890.00,11987.00,NA,2265.00,0
1777323966332,12220.00,12000.00,NA,2265.00,0
1777323966378,11940.00,12000.00,NA,2265.00,0
1777323966403,12020.00,12000.00,NA,2265.00,0
1777323966429,11930.00,11987.00,NA,2265.00,0
1777323966475,11790.00,12000.00,NA,2265.00,0
1777323966501,12220.00,12013.00,NA,2265.00,0
1777323966527,11670.00,12003.00,NA,2265.00,0
1777323966572,11980.00,11949.00,NA,2265.00,0
1777323966598,11920.00,12000.00,NA,2265.00,0
1777323966624,12380.00,12013.00,NA,2265.00,0
1777323966670,11740.00,11933.00,NA,2265.00,0
1777323966696,12040.00,11987.00,NA,2265.00,0
1777323966723,12150.00,12000.00,NA,2265.00,0
1777323966769,12160.00,12000.00,NA,2265.00,0
1777323966796,11940.00,12013.00,NA,2265.00,0
1777323966822,11770.00,12013.00,NA,2265.00,0
1777323966869,12180.00,11933.00,NA,2265.00,0
1777323966896,12090.00,12000.00,NA,2265.00,0
1777323966923,11960.00,12013.00,NA,2265.00,0
1777323966974,12050.00,11933.00,NA,2265.00,0
1777323967004,11820.00,12000.00,NA,2265.00,0
1777323967030,12250.00,11987.00,NA,2265.00,0
1777323967057,11930.00,11987.00,NA,2265.00,0
1777323967104,12100.00,12000.00,NA,2265.00,0
1777323967131,12130.00,12013.00,NA,2265.00,0
1777323967157,12230.00,12002.00,NA,2265.00,0
1777323967203,11750.00,12000.00,NA,2265.00,0
1777323967229,11790.00,12013.00,NA,2265.00,0
1777323967256,11990.00,12013.00,NA,2265.00,0
1777323967334,11730.00,11853.00,NA,2265.00,0
1777323967357,11750.00,11907.00,NA,2265.00,0
1777323967401,11940.00,11920.00,NA,2265.00,0
1777323967424,12150.00,11920.00,NA,2265.00,0
1777323967468,12030.00,11853.00,NA,2265.00,0
1777323967492,11870.00,11920.00,NA,2265.00,0
1777323967515,11900.00,11933.00,NA,2265.00,0
1777323967559,12120.00,11933.00,NA,2265.00,0
1777323967582,12140.00,11933.00,NA,2265.00,0
1777323967626,12070.00,11853.00,NA,2265.00,0
1777323967650,11870.00,11907.00,NA,2265.00,0
1777323967694,12110.00,11920.00,NA,2265.00,0
1777323967717,11980.00,11907.00,NA,2265.00,0
1777323967763,12190.00,11853.00,NA,2265.00,0
1777323967791,11840.00,11920.00,NA,2265.00,0
1777323967815,11930.00,11933.00,NA,2265.00,0
1777323967859,11820.00,11913.00,NA,2265.00,0
1777323967882,12220.00,11933.00,NA,2265.00,0
1777323967926,12270.00,11920.00,NA,2265.00,0
1777323967950,12030.00,11920.00,NA,2265.00,0
1777323967994,12280.00,11869.00,NA,2265.00,0
1777323968018,11950.00,11907.00,NA,2265.00,0
1777323968062,11980.00,11920.00,NA,2265.00,0
1777323968085,11970.00,11933.00,NA,2265.00,0
1777323968110,11600.00,11965.00,NA,2265.00,0
1777323968154,11890.00,11936.00,NA,2265.00,0
1777323968178,12210.00,11933.00,NA,2265.00,0
1777323968222,12270.00,11920.00,NA,2265.00,0
1777323968246,12050.00,11933.00,NA,2265.00,0
1777323968290,11960.00,11920.00,NA,2265.00,0
1777323968314,12200.00,11907.00,NA,2265.00,0
1777323968359,12230.00,11853.00,NA,2265.00,0
1777323968382,12150.00,11920.00,NA,2265.00,0
1777323968426,12020.00,11933.00,NA,2265.00,0
1777323968450,12210.00,11933.00,NA,2265.00,0
1777323968474,12020.00,11933.00,NA,2265.00,0
1777323968518,11760.00,11933.00,NA,2265.00,0
1777323968542,12030.00,11933.00,NA,2265.00,0
1777323968586,11880.00,11920.00,NA,2265.00,0
1777323968610,12080.00,11920.00,NA,2265.00,0
1777323968654,11880.00,11920.00,NA,2265.00,0
1777323968678,12300.00,11920.00,NA,2265.00,0
1777323968723,11820.00,11933.00,NA,2265.00,0
1777323968747,12090.00,11949.00,NA,2265.00,0
1777323968811,12050.00,11920.00,NA,2265.00,0
1777323968897,23810.00,11773.00,NA,4530.00,0
1777323968921,11840.00,11838.00,NA,2265.00,0
1777323968966,11780.00,11853.00,NA,2265.00,0
1777323968991,11910.00,11853.00,NA,2265.00,0
1777323969035,11890.00,11840.00,NA,2265.00,0
1777323969059,12000.00,11827.00,NA,2265.00,0
1777323969104,12170.00,11853.00,NA,2265.00,0
1777323969128,12080.00,11843.00,NA,2265.00,0
1777323969153,11900.00,11856.00,NA,2265.00,0
1777323969198,12140.00,11853.00,NA,2265.00,0
1777323969223,11950.00,11853.00,NA,2265.00,0
1777323969268,11910.00,11853.00,NA,2265.00,0
1777323969292,12120.00,11853.00,NA,2265.00,0
1777323969337,11980.00,11840.00,NA,2265.00,0
1777323969362,11910.00,11827.00,NA,2265.00,0
1777323969386,11910.00,11920.00,NA,2265.00,0
1777323969431,12140.00,11843.00,NA,2265.00,0
1777323969456,11870.00,11907.00,NA,2265.00,0
1777323969502,11910.00,11853.00,NA,2265.00,0
1777323969526,12350.00,11853.00,NA,2265.00,0
1777323969551,11930.00,11920.00,NA,2265.00,0
1777323969596,12050.00,11853.00,NA,2265.00,0
1777323969621,12050.00,11920.00,NA,2265.00,0
1777323969666,11930.00,11840.00,NA,2265.00,0
1777323969690,12180.00,11895.00,NA,2265.00,0
1777323969717,12010.00,11897.00,NA,2265.00,0
1777323969763,11980.00,11853.00,NA,2265.00,0
1777323969788,11660.00,11840.00,NA,2265.00,0
1777323969813,12080.00,11843.00,NA,2265.00,0
1777323969858,12150.00,11853.00,NA,2265.00,0
1777323969883,12220.00,11853.00,NA,2265.00,0
1777323969962,12170.00,11840.00,NA,2265.00,0
1777323969988,24180.00,11840.00,NA,4530.00,0
1777323970036,12120.00,11843.00,NA,2265.00,0
1777323970062,11760.00,11827.00,NA,2265.00,0
1777323970087,12030.00,11840.00,NA,2265.00,0
1777323970170,12130.00,11760.00,NA,2265.00,0
1777323970193,12130.00,11773.00,NA,2265.00,0
1777323970239,11720.00,11760.00,NA,2265.00,0
1777323970263,11980.00,11747.00,NA,2265.00,0
1777323970307,11780.00,11760.00,NA,2265.00,0
1777323970331,12060.00,11773.00,NA,2265.00,0
1777323970355,11930.00,11750.00,NA,2265.00,0
1777323970401,12130.00,11773.00,NA,2265.00,0
1777323970425,11840.00,11773.00,NA,2265.00,0
1777323970469,11720.00,11773.00,NA,2265.00,0
1777323970494,11900.00,11773.00,NA,2265.00,0
1777323970539,11760.00,11693.00,NA,2265.00,0
1777323970564,12280.00,11747.00,NA,2265.00,0
1777323970590,12030.00,11747.00,NA,2265.00,0
1777323970635,11660.00,11760.00,NA,2265.00,0
1777323970660,11880.00,11760.00,NA,2265.00,0
1777323970704,11870.00,11709.00,NA,2265.00,0
1777323970729,12230.00,11760.00,NA,2265.00,0
1777323970754,12070.00,11773.00,NA,2265.00,0
1777323970800,11990.00,11715.00,NA,2265.00,0
1777323970824,12110.00,11773.00,NA,2265.00,0
1777323970849,11760.00,11773.00,NA,2265.00,0
1777323970894,11950.00,11760.00,NA,2265.00,0
1777323970918,12120.00,11801.00,NA,2265.00,0
1777323970963,12020.00,11773.00,NA,2265.00,0
1777323970987,12090.00,11750.00,NA,2265.00,0
1777323971033,12100.00,11760.00,NA,2265.00,0
1777323971058,12020.00,11773.00,NA,2265.00,0
1777323971084,12060.00,11776.00,NA,2265.00,0
1777323971129,12090.00,11773.00,NA,2265.00,0
1777323971154,11840.00,11773.00,NA,2265.00,0
1777323971199,11760.00,11760.00,NA,2265.00,0
1777323971223,11920.00,11747.00,NA,2265.00,0
1777323971247,12130.00,11773.00,NA,2265.00,0
1777323971292,12130.00,11773.00,NA,2265.00,0
1777323971317,12130.00,11763.00,NA,2265.00,0
1777323971365,11990.00,11760.00,NA,2265.00,0
1777323971391,12160.00,11773.00,NA,2265.00,0
1777323971436,11910.00,11693.00,NA,2265.00,0
1777323971461,12120.00,11747.00,NA,2265.00,0
1777323971486,11910.00,11773.00,NA,2265.00,0
1777323971511,11960.00,11773.00,NA,2265.00,0
1777323971556,11870.00,11760.00,NA,2265.00,0
1777323971581,11920.00,11747.00,NA,2265.00,0
1777323971626,11810.00,11727.00,NA,2265.00,0
1777323971651,12290.00,11760.00,NA,2265.00,0
1777323971675,11930.00,11760.00,NA,2265.00,0
1777323971721,12000.00,11773.00,NA,2265.00,0
1777323971746,12090.00,11762.00,NA,2265.00,0
1777323971792,11970.00,11760.00,NA,2265.00,0
1777323971818,12140.00,11773.00,NA,2265.00,0
1777323971843,11530.00,11773.00,NA,2265.00,0
1777323971888,12130.00,11760.00,NA,2265.00,0
1777323971913,11820.00,11747.00,NA,2265.00,0
1777323971959,12220.00,11760.00,NA,2265.00,0
1777323971985,12000.00,11773.00,NA,2265.00,0
1777323972010,12180.00,11760.00,NA,2265.00,0
1777323972056,11930.00,11773.00,NA,2265.00,0
1777323972081,11730.00,11773.00,NA,2265.00,0
1777323972106,12140.00,11840.00,NA,2265.00,0
1777323972151,12300.00,11773.00,NA,2265.00,0
1777323972177,11950.00,11773.00,NA,2265.00,0
1777323972223,11940.00,11760.00,NA,2265.00,0
1777323972249,12130.00,11747.00,NA,2265.00,0
1777323972275,12030.00,11747.00,NA,2265.00,0
1777323972321,11890.00,11840.00,NA,2265.00,0
1777323972346,12330.00,11853.00,NA,2265.00,0
1777323972372,11860.00,11853.00,NA,2265.00,0
1777323972418,12030.00,11853.00,NA,2265.00,0
1777323972444,11800.00,11853.00,NA,2265.00,0
1777323972489,11900.00,11840.00,NA,2265.00,0
1777323972514,11890.00,11827.00,NA,2265.00,0
1777323972539,12140.00,11827.00,NA,2265.00,0
1777323972585,12150.00,11840.00,NA,2265.00,0
1777323972610,11940.00,11827.00,NA,2265.00,0
1777323972636,11840.00,11840.00,NA,2265.00,0
1777323972681,11920.00,11840.00,NA,2265.00,0
1777323972707,11830.00,11853.00,NA,2265.00,0
1777323972732,12010.00,11853.00,NA,2265.00,0
1777323972779,11770.00,11853.00,NA,2265.00,0
1777323972805,12340.00,11853.00,NA,2265.00,0
1777323972851,12220.00,11840.00,NA,2265.00,0
1777323972876,11820.00,11827.00,NA,2265.00,0
1777323972904,11880.00,11827.00,NA,2265.00,0
1777323972952,11830.00,11853.00,NA,2265.00,0
1777323972978,11970.00,11840.00,NA,2265.00,0
1777323973003,12200.00,11853.00,NA,2265.00,0
1777323973051,12170.00,11840.00,NA,2265.00,0
1777323973077,12460.00,11853.00,NA,2265.00,0
1777323973103,11800.00,11853.00,NA,2265.00,0
1777323973151,11730.00,11840.00,NA,2265.00,0
1777323973178,12100.00,11827.00,NA,2265.00,0
1777323973203,12060.00,11827.00,NA,2265.00,0
1777323973250,12380.00,11840.00,NA,2265.00,0
1777323973277,12020.00,11840.00,NA,2265.00,0
1777323973306,11940.00,11840.00,NA,2265.00,0
1777323973332,12060.00,11856.00,NA,2265.00,0
1777323973378,12060.00,11853.00,NA,2265.00,0
1777323973405,11980.00,11853.00,NA,2265.00,0
1777323973431,11600.00,11879.00,NA,2265.00,0
1777323973477,12090.00,11840.00,NA,2265.00,0
1777323973503,11850.00,11827.00,NA,2265.00,0
1777323973533,12050.00,11840.00,NA,2265.00,0
1777323973580,11610.00,11840.00,NA,2265.00,0
1777323973607,12060.00,11853.00,NA,2265.00,0
1777323973634,11960.00,11843.00,NA,2265.00,0
1777323973682,12070.00,11840.00,NA,2265.00,0
1777323973710,12110.00,11853.00,NA,2265.00,0
1777323973735,12020.00,11853.00,NA,2265.00,0
1777323973762,11770.00,11872.00,NA,2265.00,0
1777323973810,11940.00,11933.00,NA,2265.00,0
1777323973838,12090.00,11933.00,NA,2265.00,0
1777323973864,12040.00,12013.00,NA,2265.00,0
1777323973912,11950.00,11946.00,NA,2265.00,0
1777323973939,11870.00,11920.00,NA,2265.00,0
1777323973967,12000.00,12000.00,NA,2265.00,0
1777323973993,12020.00,12000.00,NA,2265.00,0
1777323974041,11830.00,11964.00,NA,2265.00,0
1777323974069,11580.00,11949.00,NA,2265.00,0
1777323974098,12210.00,12000.00,NA,2265.00,0
1777323974147,11850.00,11933.00,NA,2265.00,0
1777323974174,11770.00,11923.00,NA,2265.00,0
1777323974201,11960.00,11987.00,NA,2265.00,0
1777323974229,11940.00,11920.00,NA,2265.00,0
1777323974258,12160.00,11987.00,NA,2265.00,0
1777323974307,12250.00,11933.00,NA,2265.00,0
1777323974335,11980.00,12000.00,NA,2265.00,0
1777323974383,12090.00,11923.00,NA,2265.00,0
1777323974410,11890.00,11907.00,NA,2265.00,0
1777323974481,12160.00,11920.00,NA,2265.00,0
1777323974505,11960.00,11853.00,NA,2265.00,0
1777323974528,12120.00,11856.00,NA,2265.00,0
1777323974572,12200.00,11853.00,NA,2265.00,0
1777323974595,11920.00,11920.00,NA,2265.00,0
1777323974638,11770.00,11840.00,NA,2265.00,0
1777323974661,12150.00,11920.00,NA,2265.00,0
1777323974684,12020.00,11933.00,NA,2265.00,0
1777323974728,12030.00,11853.00,NA,2265.00,0
1777323974751,11740.00,11920.00,NA,2265.00,0
1777323974794,11870.00,11853.00,NA,2265.00,0
1777323974818,12240.00,11856.00,NA,2265.00,0
1777323974861,11980.00,11853.00,NA,2265.00,0
1777323974885,12070.00,11906.00,NA,2265.00,0
1777323974928,12090.00,11920.00,NA,2265.00,0
1777323974951,12210.00,12000.00,NA,2265.00,0
1777323974995,12170.00,11866.00,NA,2265.00,0
1777323975019,11980.00,11920.00,NA,2265.00,0
1777323975062,11920.00,11921.00,NA,2265.00,0
1777323975086,12240.00,11933.00,NA,2265.00,0
1777323975131,11800.00,11988.00,NA,2265.00,0
1777323975154,11990.00,11987.00,NA,2265.00,0
1777323975198,11980.00,11933.00,NA,2265.00,0
1777323975222,12070.00,12000.00,NA,2265.00,0
1777323975266,11720.00,11949.00,NA,2265.00,0
1777323975289,12040.00,12000.00,NA,2265.00,0
1777323975313,11990.00,12013.00,NA,2265.00,0
1777323975357,11890.00,12012.00,NA,2265.00,0
1777323975381,12010.00,12013.00,NA,2265.00,0
1777323975425,12060.00,12000.00,NA,2265.00,0
1777323975449,11920.00,12000.00,NA,2265.00,0
1777323975494,11960.00,12000.00,NA,2265.00,0
1777323975518,12070.00,11987.00,NA,2265.00,0
1777323975563,12140.00,12013.00,NA,2265.00,0
1777323975587,11740.00,12016.00,NA,2265.00,0
1777323975631,12150.00,12000.00,NA,2265.00,0
1777323975655,12190.00,12013.00,NA,2265.00,0
1777323975679,11860.00,12013.00,NA,2265.00,0
1777323975724,11980.00,12000.00,NA,2265.00,0
1777323975748,11810.00,12013.00,NA,2265.00,0
1777323975792,11920.00,12000.00,NA,2265.00,0
1777323975817,11980.00,11987.00,NA,2265.00,0
1777323975843,12070.00,11987.00,NA,2265.00,0
1777323975888,11850.00,12000.00,NA,2265.00,0
1777323975912,11830.00,12000.00,NA,2265.00,0
1777323975957,11880.00,12000.00,NA,2265.00,0
1777323975981,12070.00,12013.00,NA,2265.00,0
1777323976026,11790.00,12000.00,NA,2265.00,0
1777323976055,12260.00,11987.00,NA,2265.00,0
1777323976079,12280.00,11987.00,NA,2265.00,0
1777323976124,11810.00,12000.00,NA,2265.00,0
1777323976149,12060.00,11987.00,NA,2265.00,0
1777323976194,11810.00,12000.00,NA,2265.00,0
1777323976218,11990.00,12013.00,NA,2265.00,0
1777323976242,11940.00,11990.00,NA,2265.00,0
1777323976286,12010.00,12000.00,NA,2265.00,0
1777323976311,11880.00,12013.00,NA,2265.00,0
1777323976355,11950.00,12000.00,NA,2265.00,0
1777323976380,11900.00,11987.00,NA,2265.00,0
1777323976404,11920.00,12013.00,NA,2265.00,0
1777323976450,12330.00,12013.00,NA,2265.00,0
1777323976475,11960.00,11987.00,NA,2265.00,0
1777323976521,12130.00,11933.00,NA,2265.00,0
1777323976549,11820.00,12000.00,NA,2265.00,0
1777323976574,11940.00,12013.00,NA,2265.00,0
1777323976621,12040.00,12000.00,NA,2265.00,0
1777323976646,11990.00,12013.00,NA,2265.00,0
1777323976671,11950.00,12013.00,NA,2265.00,0
1777323976720,12080.00,12000.00,NA,2265.00,0
1777323976746,11810.00,11987.00,NA,2265.00,0
1777323976771,12030.00,11987.00,NA,2265.00,0
1777323976818,11930.00,12000.00,NA,2265.00,0
1777323976844,12070.00,12000.00,NA,2265.00,0
1777323976890,12100.00,12000.00,NA,2265.00,0
1777323976916,11960.00,12013.00,NA,2265.00,0
1777323976942,12090.00,12000.00,NA,2265.00,0
1777323976989,11850.00,11990.00,NA,2265.00,0
1777323977016,12000.00,11920.00,NA,2265.00,0
1777323977043,12190.00,12000.00,NA,2265.00,0
1777323977068,11700.00,12013.00,NA,2265.00,0
1777323977115,11940.00,11933.00,NA,2265.00,0
1777323977141,11580.00,11987.00,NA,2265.00,0
1777323977188,11980.00,11933.00,NA,2265.00,0
1777323977217,11990.00,12000.00,NA,2265.00,0
1777323977243,12270.00,12013.00,NA,2265.00,0
1777323977269,12040.00,12016.00,NA,2265.00,0
1777323977315,11980.00,12000.00,NA,2265.00,0
1777323977342,11820.00,11987.00,NA,2265.00,0
1777323977368,12140.00,12013.00,NA,2265.00,0
1777323977415,12090.00,12000.00,NA,2265.00,0
1777323977472,12250.00,11933.00,NA,2265.00,0
1777323977500,12290.00,11920.00,NA,2265.00,0
1777323977526,11700.00,11923.00,NA,2265.00,0
1777323977552,12070.00,11910.00,NA,2265.00,0
1777323977579,11880.00,12000.00,NA,2265.00,0
1777323977605,12200.00,12013.00,NA,2265.00,0
1777323977651,12070.00,11933.00,NA,2265.00,0
1777323977678,12280.00,11987.00,NA,2265.00,0
1777323977705,12030.00,11987.00,NA,2265.00,0
1777323977736,12320.00,11987.00,NA,2265.00,0
1777323977789,11930.00,11997.00,NA,2265.00,0
1777323977823,12010.00,11933.00,NA,2265.00,0
1777323977849,12250.00,12000.00,NA,2265.00,0
1777323977875,12050.00,12013.00,NA,2265.00,0
1777323977902,11890.00,12016.00,NA,2265.00,0
1777323977949,12110.00,12000.00,NA,2265.00,0
1777323977976,12290.00,11987.00,NA,2265.00,0
1777323978004,12020.00,11987.00,NA,2265.00,0
1777323978051,12330.00,12000.00,NA,2265.00,0
1777323978080,11920.00,12000.00,NA,2265.00,0
1777323978107,11900.00,12000.00,NA,2265.00,0
1777323978133,11970.00,11987.00,NA,2265.00,0
1777323978181,11890.00,12013.00,NA,2265.00,0
1777323978207,12020.00,12013.00,NA,2265.00,0
1777323978235,12050.00,12000.00,NA,2265.00,0
1777323978283,12140.00,11933.00,NA,2265.00,0
1777323978310,11910.00,11983.00,NA,2265.00,0
1777323978337,11950.00,11920.00,NA,2265.00,0
1777323978369,11920.00,11987.00,NA,2265.00,0
1777323978417,11730.00,11933.00,NA,2265.00,0
1777323978445,11770.00,11933.00,NA,2265.00,0
1777323978473,12020.00,12000.00,NA,2265.00,0
1777323978500,12050.00,12013.00,NA,2265.00,0
1777323978548,12030.00,11920.00,NA,2265.00,0
1777323978643,23850.00,11773.00,NA,4530.00,0
1777323978666,11960.00,11894.00,NA,2265.00,0
1777323978710,12010.00,11920.00,NA,2265.00,0
1777323978734,12060.00,11920.00,NA,2265.00,0
1777323978778,12010.00,11840.00,NA,2265.00,0
1777323978801,11940.00,11920.00,NA,2265.00,0
1777323978825,11830.00,11933.00,NA,2265.00,0
1777323978869,12100.00,11869.00,NA,2265.00,0
1777323978893,11990.00,11920.00,NA,2265.00,0
1777323978937,11950.00,11920.00,NA,2265.00,0
1777323978962,11820.00,11907.00,NA,2265.00,0
1777323979007,12180.00,11853.00,NA,2265.00,0
1777323979031,12200.00,11920.00,NA,2265.00,0
1777323979076,12060.00,11853.00,NA,2265.00,0
1777323979100,11820.00,11905.00,NA,2265.00,0
1777323979124,11820.00,11920.00,NA,2265.00,0
1777323979169,12170.00,11933.00,NA,2265.00,0
1777323979192,12180.00,11933.00,NA,2265.00,0
1777323979237,12030.00,11853.00,NA,2265.00,0
1777323979262,12010.00,11840.00,NA,2265.00,0
1777323979306,12100.00,11920.00,NA,2265.00,0
1777323979331,12340.00,11920.00,NA,2265.00,0
1777323979375,12080.00,11920.00,NA,2265.00,0
1777323979400,11990.00,11933.00,NA,2265.00,0
1777323979424,11920.00,11933.00,NA,2265.00,0
1777323979469,12020.00,12013.00,NA,2265.00,0
1777323979493,11930.00,12013.00,NA,2265.00,0
1777323979538,11990.00,11933.00,NA,2265.00,0
1777323979562,12200.00,11987.00,NA,2265.00,0
1777323979607,11970.00,11933.00,NA,2265.00,0
1777323979631,11730.00,12000.00,NA,2265.00,0
1777323979655,12070.00,11987.00,NA,2265.00,0
1777323979701,11960.00,11933.00,NA,2265.00,0
1777323979726,11830.00,12000.00,NA,2265.00,0
1777323979771,11870.00,11920.00,NA,2265.00,0
1777323979796,12090.00,12000.00,NA,2265.00,0
1777323979820,12080.00,11982.00,NA,2265.00,0
1777323979865,11730.00,11933.00,NA,2265.00,0
1777323979890,12050.00,11923.00,NA,2265.00,0
1777323979936,11900.00,11933.00,NA,2265.00,0
1777323979961,11990.00,11933.00,NA,2265.00,0
1777323979986,12230.00,11987.00,NA,2265.00,0
1777323980032,12280.00,11920.00,NA,2265.00,0
1777323980060,12040.00,12000.00,NA,2265.00,0
1777323980087,12270.00,12000.00,NA,2265.00,0
1777323980134,12210.00,11976.00,NA,2265.00,0
1777323980218,11850.00,11840.00,NA,2265.00,0
1777323980263,23770.00,11840.00,NA,4530.00,0
1777323980310,12290.00,11840.00,NA,2265.00,0
1777323980335,12040.00,11853.00,NA,2265.00,0
1777323980360,12030.00,11919.00,NA,2265.00,0
1777323980406,11730.00,11840.00,NA,2265.00,0
1777323980431,11740.00,11840.00,NA,2265.00,0
1777323980477,11550.00,11840.00,NA,2265.00,0
1777323980502,11960.00,11853.00,NA,2265.00,0
1777323980527,12230.00,11840.00,NA,2265.00,0
1777323980572,12000.00,11853.00,NA,2265.00,0
1777323980598,11810.00,11853.00,NA,2265.00,0
1777323980643,12210.00,11840.00,NA,2265.00,0
1777323980674,12020.00,11840.00,NA,2265.00,0
1777323980699,11920.00,11827.00,NA,2265.00,0
1777323980724,11890.00,11920.00,NA,2265.00,0
1777323980770,12470.00,11840.00,NA,2265.00,0
1777323980796,12010.00,11860.00,NA,2265.00,0
1777323980842,12150.00,11853.00,NA,2265.00,0
1777323980867,12120.00,11840.00,NA,2265.00,0
1777323980892,11920.00,11853.00,NA,2265.00,0
1777323980939,12100.00,11853.00,NA,2265.00,0
1777323980966,12020.00,11853.00,NA,2265.00,0
1777323980991,12080.00,11853.00,NA,2265.00,0
1777323981039,12240.00,11853.00,NA,2265.00,0
1777323981064,11840.00,11840.00,NA,2265.00,0
1777323981092,12040.00,11830.00,NA,2265.00,0
1777323981138,12060.00,11853.00,NA,2265.00,0
1777323981164,11780.00,11853.00,NA,2265.00,0
1777323981189,11930.00,11907.00,NA,2265.00,0
1777323981235,11910.00,11853.00,NA,2265.00,0
1777323981260,11880.00,11853.00,NA,2265.00,0
1777323981306,12010.00,11840.00,NA,2265.00,0
1777323981331,11780.00,11827.00,NA,2265.00,0
1777323981358,11980.00,11920.00,NA,2265.00,0
1777323981404,12140.00,11843.00,NA,2265.00,0
1777323981430,11940.00,11827.00,NA,2265.00,0
1777323981455,11960.00,11840.00,NA,2265.00,0
1777323981501,12220.00,11853.00,NA,2265.00,0
1777323981525,11700.00,11872.00,NA,2265.00,0
1777323981572,11700.00,11840.00,NA,2265.00,0
1777323981598,11910.00,11853.00,NA,2265.00,0
1777323981623,12180.00,11920.00,NA,2265.00,0
1777323981670,12200.00,11840.00,NA,2265.00,0
1777323981696,11670.00,11827.00,NA,2265.00,0
1777323981725,12200.00,11840.00,NA,2265.00,0
1777323981772,11760.00,11853.00,NA,2265.00,0
1777323981799,11740.00,11840.00,NA,2265.00,0
1777323981826,12050.00,11853.00,NA,2265.00,0
1777323981872,12040.00,11853.00,NA,2265.00,0
1777323981899,11610.00,11853.00,NA,2265.00,0
1777323981924,12130.00,11853.00,NA,2265.00,0
1777323981950,12090.00,11853.00,NA,2265.00,0
1777323981997,12290.00,11853.00,NA,2265.00,0
1777323982024,11890.00,11840.00,NA,2265.00,0
1777323982051,12340.00,11856.00,NA,2265.00,0
1777323982100,11920.00,11840.00,NA,2265.00,0
1777323982127,11710.00,11853.00,NA,2265.00,0
1777323982153,11580.00,11853.00,NA,2265.00,0
1777323982201,12160.00,11853.00,NA,2265.00,0
1777323982228,12180.00,11853.00,NA,2265.00,0
1777323982254,12120.00,11853.00,NA,2265.00,0
1777323982302,11800.00,11840.00,NA,2265.00,0
1777323982332,12070.00,11840.00,NA,2265.00,0
1777323982361,11970.00,11830.00,NA,2265.00,0
1777323982389,11970.00,11827.00,NA,2265.00,0
1777323982415,11960.00,11907.00,NA,2265.00,0
1777323982463,11760.00,11920.00,NA,2265.00,0
1777323982489,12150.00,11933.00,NA,2265.00,0
1777323982516,12030.00,11933.00,NA,2265.00,0
1777323982564,12120.00,11866.00,NA,2265.00,0
1777323982592,11710.00,11853.00,NA,2265.00,0
1777323982619,12310.00,11853.00,NA,2265.00,0
1777323982646,11950.00,11920.00,NA,2265.00,0
1777323982695,11860.00,11853.00,NA,2265.00,0
1777323982722,11940.00,11851.00,NA,2265.00,0
1777323982752,11900.00,11840.00,NA,2265.00,0
1777323982782,12130.00,11907.00,NA,2265.00,0
1777323982832,11910.00,11853.00,NA,2265.00,0
1777323982861,12140.00,11853.00,NA,2265.00,0
1777323982888,12190.00,11853.00,NA,2265.00,0
1777323982915,12050.00,11853.00,NA,2265.00,0
1777323982964,12270.00,11853.00,NA,2265.00,0
1777323982992,12020.00,11853.00,NA,2265.00,0
1777323983019,12310.00,11843.00,NA,2265.00,0
1777323983046,12110.00,11907.00,NA,2265.00,0
1777323983094,12220.00,11853.00,NA,2265.00,0
1777323983123,12040.00,11853.00,NA,2265.00,0
1777323983150,12130.00,11853.00,NA,2265.00,0
1777323983181,11750.00,11907.00,NA,2265.00,0
1777323983208,12030.00,11920.00,NA,2265.00,0
1777323983257,11950.00,11840.00,NA,2265.00,0
1777323983285,11750.00,11907.00,NA,2265.00,0
1777323983314,11980.00,11907.00,NA,2265.00,0
1777323983342,11830.00,11920.00,NA,2265.00,0
1777323983389,11630.00,11853.00,NA,2265.00,0
1777323983416,12110.00,11920.00,NA,2265.00,0
1777323983442,11970.00,11920.00,NA,2265.00,0
1777323983491,11770.00,11853.00,NA,2265.00,0
1777323983519,11990.00,11853.00,NA,2265.00,0
1777323983546,11870.00,11920.00,NA,2265.00,0
1777323983574,12000.00,11999.00,NA,2265.00,0
1777323983621,11880.00,12079.00,NA,2265.00,0
1777323983648,12020.00,12024.00,NA,2265.00,0
1777323983676,12090.00,11923.00,NA,2265.00,0
1777323983703,12310.00,11987.00,NA,2265.00,0
1777323983752,11950.00,11933.00,NA,2265.00,0
1777323983780,12060.00,12000.00,NA,2265.00,0
1777323983813,11930.00,11920.00,NA,2265.00,0
1777323983841,11900.00,11933.00,NA,2265.00,0
1777323983869,12020.00,12000.00,NA,2265.00,0
1777323983918,12340.00,11920.00,NA,2265.00,0
1777323983945,12060.00,11920.00,NA,2265.00,0
1777323983972,12250.00,11936.00,NA,2265.00,0
1777323984092,12420.00,11933.00,NA,2265.00,0
1777323984117,12070.00,11773.00,NA,2265.00,0
1777323984141,11810.00,11773.00,NA,2265.00,0
1777323984165,11990.00,11840.00,NA,2265.00,0
1777323984209,11990.00,11760.00,NA,2265.00,0
1777323984233,12240.00,11840.00,NA,2265.00,0
1777323984278,11990.00,11763.00,NA,2265.00,0
1777323984301,12140.00,11827.00,NA,2265.00,0
1777323984346,11950.00,11773.00,NA,2265.00,0
1777323984369,12140.00,11840.00,NA,2265.00,0
1777323984414,12030.00,11773.00,NA,2265.00,0
1777323984437,12090.00,11773.00,NA,2265.00,0
1777323984482,11890.00,11760.00,NA,2265.00,0
1777323984505,11700.00,11773.00,NA,2265.00,0
1777323984529,11940.00,11840.00,NA,2265.00,0
1777323984574,12170.00,11763.00,NA,2265.00,0
1777323984598,11870.00,11840.00,NA,2265.00,0
1777323984642,11900.00,11773.00,NA,2265.00,0
1777323984667,12010.00,11763.00,NA,2265.00,0
1777323984711,12260.00,11773.00,NA,2265.00,0
1777323984736,11870.00,11773.00,NA,2265.00,0
1777323984760,12060.00,11840.00,NA,2265.00,0
1777323984804,11920.00,11773.00,NA,2265.00,0
1777323984829,12170.00,11773.00,NA,2265.00,0
1777323984873,11910.00,11773.00,NA,2265.00,0
1777323984898,12000.00,11789.00,NA,2265.00,0
1777323984943,12170.00,11773.00,NA,2265.00,0
1777323984967,12140.00,11760.00,NA,2265.00,0
1777323984991,11850.00,11760.00,NA,2265.00,0
1777323985037,12090.00,11812.00,NA,2265.00,0
1777323985061,11980.00,11827.00,NA,2265.00,0
1777323985107,11980.00,11773.00,NA,2265.00,0
1777323985131,12050.00,11840.00,NA,2265.00,0
1777323985176,12290.00,11872.00,NA,2265.00,0
1777323985201,11810.00,11920.00,NA,2265.00,0
1777323985225,12050.00,11946.00,NA,2265.00,0
1777323985272,12120.00,11866.00,NA,2265.00,0
1777323985296,11970.00,11907.00,NA,2265.00,0
1777323985321,11860.00,11907.00,NA,2265.00,0
1777323985367,12040.00,11853.00,NA,2265.00,0
1777323985392,11990.00,11920.00,NA,2265.00,0
1777323985438,11940.00,11869.00,NA,2265.00,0
1777323985465,11920.00,11920.00,NA,2265.00,0
1777323985489,12090.00,11933.00,NA,2265.00,0
1777323985535,12100.00,11853.00,NA,2265.00,0
1777323985559,12320.00,11907.00,NA,2265.00,0
1777323985605,11940.00,11853.00,NA,2265.00,0
1777323985630,12120.00,11920.00,NA,2265.00,0
1777323985655,12200.00,11907.00,NA,2265.00,0
1777323985701,12020.00,11933.00,NA,2265.00,0
1777323985726,11950.00,11920.00,NA,2265.00,0
1777323985771,11780.00,11920.00,NA,2265.00,0
1777323985797,12070.00,11933.00,NA,2265.00,0
1777323985823,12170.00,11933.00,NA,2265.00,0
1777323985869,12000.00,11920.00,NA,2265.00,0
1777323985895,12010.00,11907.00,NA,2265.00,0
1777323985927,11880.00,11907.00,NA,2265.00,0
1777323985953,11930.00,11907.00,NA,2265.00,0
1777323986001,12090.00,11853.00,NA,2265.00,0
1777323986032,12300.00,11920.00,NA,2265.00,0
1777323986059,11620.00,11933.00,NA,2265.00,0
1777323986087,11990.00,11933.00,NA,2265.00,0
1777323986134,12120.00,11920.00,NA,2265.00,0
1777323986160,12090.00,11920.00,NA,2265.00,0
1777323986185,12150.00,11933.00,NA,2265.00,0
1777323986231,11830.00,11920.00,NA,2265.00,0
1777323986257,12030.00,11907.00,NA,2265.00,0
1777323986282,11750.00,11920.00,NA,2265.00,0
1777323986327,11850.00,11933.00,NA,2265.00,0
1777323986352,12400.00,11923.00,NA,2265.00,0
1777323986398,11820.00,11920.00,NA,2265.00,0
1777323986423,11900.00,11933.00,NA,2265.00,0
1777323986448,12310.00,11933.00,NA,2265.00,0
1777323986494,12300.00,11920.00,NA,2265.00,0
1777323986519,12010.00,11933.00,NA,2265.00,0
1777323986586,23950.00,11840.00,NA,4530.00,0
1777323986616,12040.00,11894.00,NA,2265.00,0
1777323986664,12120.00,11920.00,NA,2265.00,0
1777323986692,12060.00,11933.00,NA,2265.00,0
1777323986719,12060.00,11933.00,NA,2265.00,0
1777323986766,11880.00,11920.00,NA,2265.00,0
1777323986793,11910.00,11907.00,NA,2265.00,0
1777323986818,12240.00,11933.00,NA,2265.00,0
1777323986845,11870.00,11933.00,NA,2265.00,0
1777323986892,11910.00,11920.00,NA,2265.00,0
1777323986919,11580.00,11907.00,NA,2265.00,0
1777323986959,12150.00,11907.00,NA,2265.00,0
1777323986996,11980.00,11920.00,NA,2265.00,0
1777323987023,11900.00,11933.00,NA,2265.00,0
1777323987050,12060.00,11933.00,NA,2265.00,0
1777323987078,11890.00,11920.00,NA,2265.00,0
1777323987126,11920.00,11933.00,NA,2265.00,0
1777323987154,12060.00,11907.00,NA,2265.00,0
1777323987191,11790.00,11907.00,NA,2265.00,0
1777323987219,11790.00,11907.00,NA,2265.00,0
1777323987247,12080.00,11907.00,NA,2265.00,0
1777323987295,12180.00,11920.00,NA,2265.00,0
1777323987323,11930.00,11933.00,NA,2265.00,0
1777323987350,11930.00,11933.00,NA,2265.00,0
1777323987376,12130.00,11920.00,NA,2265.00,0
1777323987424,11950.00,11856.00,NA,2265.00,0
1777323987451,12110.00,11907.00,NA,2265.00,0
1777323987478,11870.00,11933.00,NA,2265.00,0
1777323987527,12240.00,11853.00,NA,2265.00,0
1777323987555,12210.00,11920.00,NA,2265.00,0
1777323987584,12070.00,11907.00,NA,2265.00,0
1777323987616,12110.00,11920.00,NA,2265.00,0
1777323987642,11980.00,11920.00,NA,2265.00,0
1777323987690,11800.00,11920.00,NA,2265.00,0
1777323987717,12110.00,11933.00,NA,2265.00,0
1777323987744,11820.00,11933.00,NA,2265.00,0
1777323987794,11970.00,11853.00,NA,2265.00,0
1777323987822,12070.00,11920.00,NA,2265.00,0
1777323987849,12130.00,11907.00,NA,2265.00,0
1777323987876,11930.00,11907.00,NA,2265.00,0
1777323987924,11850.00,11853.00,NA,2265.00,0
1777323987953,11850.00,11920.00,NA,2265.00,0
1777323987980,12040.00,11933.00,NA,2265.00,0
1777323988006,12030.00,11920.00,NA,2265.00,0
1777323988056,11800.00,11856.00,NA,2265.00,0
1777323988083,11950.00,11907.00,NA,2265.00,0
1777323988111,12040.00,11933.00,NA,2265.00,0
1777323988139,12060.00,11933.00,NA,2265.00,0
1777323988188,11910.00,11853.00,NA,2265.00,0
1777323988216,12050.00,11840.00,NA,2265.00,0
1777323988244,12130.00,11920.00,NA,2265.00,0
1777323988272,12090.00,11920.00,NA,2265.00,0
1777323988321,11960.00,11869.00,NA,2265.00,0
1777323988349,11880.00,11869.00,NA,2265.00,0
1777323988378,12170.00,11920.00,NA,2265.00,0
1777323988406,11790.00,11933.00,NA,2265.00,0
1777323988454,11920.00,11853.00,NA,2265.00,0
1777323988483,12200.00,11907.00,NA,2265.00,0
1777323988512,11790.00,11907.00,NA,2265.00,0
1777323988540,12000.00,11907.00,NA,2265.00,0
1777323988589,12250.00,11853.00,NA,2265.00,0
1777323988618,12140.00,11920.00,NA,2265.00,0
1777323988644,11910.00,11933.00,NA,2265.00,0
1777323988672,11780.00,11933.00,NA,2265.00,0
1777323988721,12040.00,11843.00,NA,2265.00,0
1777323988751,11960.00,11907.00,NA,2265.00,0
1777323988781,12030.00,11907.00,NA,2265.00,0
1777323988810,12030.00,11920.00,NA,2265.00,0
1777323988837,11970.00,11907.00,NA,2265.00,0
1777323988872,12420.00,11907.00,NA,2265.00,0
1777323988900,11930.00,11907.00,NA,2265.00,0
1777323988951,11600.00,11933.00,NA,2265.00,0
1777323988980,11860.00,11869.00,NA,2265.00,0
1777323989010,11940.00,11920.00,NA,2265.00,0
1777323989039,11940.00,12000.00,NA,2265.00,0
1777323989137,11960.00,11920.00,NA,2265.00,0
1777323989160,12130.00,11907.00,NA,2265.00,0
1777323989205,12040.00,11920.00,NA,2265.00,0
1777323989229,12190.00,11907.00,NA,2265.00,0
1777323989253,12010.00,11907.00,NA,2265.00,0
1777323989297,11950.00,11933.00,NA,2265.00,0
1777323989321,12160.00,11923.00,NA,2265.00,0
1777323989366,12260.00,11933.00,NA,2265.00,0
1777323989390,12140.00,11933.00,NA,2265.00,0
1777323989435,11910.00,11920.00,NA,2265.00,0
1777323989458,11950.00,11907.00,NA,2265.00,0
1777323989503,11850.00,11920.00,NA,2265.00,0
1777323989527,11940.00,11907.00,NA,2265.00,0
1777323989553,12340.00,11907.00,NA,2265.00,0
1777323989597,11850.00,11920.00,NA,2265.00,0
1777323989622,12000.00,11920.00,NA,2265.00,0
1777323989667,11800.00,11933.00,NA,2265.00,0
1777323989691,12080.00,11933.00,NA,2265.00,0
1777323989736,12220.00,11920.00,NA,2265.00,0
1777323989762,12140.00,11878.00,NA,2265.00,0
1777323989786,12000.00,11933.00,NA,2265.00,0
1777323989833,12130.00,11853.00,NA,2265.00,0
1777323989858,12180.00,11907.00,NA,2265.00,0
1777323989883,11860.00,11907.00,NA,2265.00,0
1777323989928,11950.00,11920.00,NA,2265.00,0
1777323989952,11750.00,11933.00,NA,2265.00,0
1777323989996,11940.00,11869.00,NA,2265.00,0
1777323990021,11890.00,11920.00,NA,2265.00,0
1777323990066,11820.00,11853.00,NA,2265.00,0
1777323990091,12080.00,11907.00,NA,2265.00,0
1777323990115,12350.00,11933.00,NA,2265.00,0
1777323990161,11790.00,11920.00,NA,2265.00,0
1777323990185,11940.00,11920.00,NA,2265.00,0
1777323990230,11960.00,11853.00,NA,2265.00,0
1777323990255,11980.00,11920.00,NA,2265.00,0
1777323990280,11800.00,11933.00,NA,2265.00,0
1777323990325,11940.00,11869.00,NA,2265.00,0
1777323990350,12040.00,11920.00,NA,2265.00,0
1777323990395,11910.00,11858.00,NA,2265.00,0
1777323990420,11910.00,11907.00,NA,2265.00,0
1777323990469,12140.00,11920.00,NA,2265.00,0
1777323990494,11860.00,11853.00,NA,2265.00,0
1777323990520,12220.00,11907.00,NA,2265.00,0
1777323990545,12030.00,11920.00,NA,2265.00,0
1777323990590,12000.00,11920.00,NA,2265.00,0
1777323990614,11910.00,11933.00,NA,2265.00,0
1777323990659,11930.00,11856.00,NA,2265.00,0
1777323990684,12130.00,11933.00,NA,2265.00,0
1777323990730,11820.00,11853.00,NA,2265.00,0
1777323990756,11960.00,11907.00,NA,2265.00,0
1777323990781,12030.00,11907.00,NA,2265.00,0
1777323990827,11630.00,11853.00,NA,2265.00,0
1777323990852,12070.00,11920.00,NA,2265.00,0
1777323990877,12150.00,11920.00,NA,2265.00,0
1777323990935,11830.00,11933.00,NA,2265.00,0
1777323990961,12110.00,11856.00,NA,2265.00,0
1777323990986,12200.00,11920.00,NA,2265.00,0
1777323991011,12120.00,11933.00,NA,2265.00,0
1777323991058,12100.00,11920.00,NA,2265.00,0
1777323991083,12180.00,11907.00,NA,2265.00,0
1777323991129,11990.00,11920.00,NA,2265.00,0
1777323991154,11680.00,11933.00,NA,2265.00,0
1777323991179,12050.00,11910.00,NA,2265.00,0
1777323991224,12040.00,11920.00,NA,2265.00,0
1777323991250,11880.00,11933.00,NA,2265.00,0
1777323991275,12090.00,11933.00,NA,2265.00,0
1777323991328,11920.00,11920.00,NA,2265.00,0
1777323991354,12180.00,11907.00,NA,2265.00,0
1777323991379,11750.00,11920.00,NA,2265.00,0
1777323991425,12090.00,11920.00,NA,2265.00,0
1777323991450,11860.00,11907.00,NA,2265.00,0
1777323991475,11830.00,11907.00,NA,2265.00,0
1777323991522,12010.00,11920.00,NA,2265.00,0
1777323991548,12120.00,11933.00,NA,2265.00,0
1777323991573,12150.00,12000.00,NA,2265.00,0
1777323991620,11990.00,11937.00,NA,2265.00,0
1777323991645,12130.00,11933.00,NA,2265.00,0
1777323991692,12090.00,11920.00,NA,2265.00,0
1777323991718,11750.00,11907.00,NA,2265.00,0
1777323991744,12150.00,11920.00,NA,2265.00,0
1777323991791,12100.00,11933.00,NA,2265.00,0
1777323991817,12050.00,11920.00,NA,2265.00,0
1777323991842,11970.00,11907.00,NA,2265.00,0
1777323991889,11880.00,11920.00,NA,2265.00,0
1777323991915,11840.00,11933.00,NA,2265.00,0
1777323991941,11930.00,11933.00,NA,2265.00,0
1777323991987,11780.00,11920.00,NA,2265.00,0
1777323992014,11870.00,11907.00,NA,2265.00,0
1777323992040,12280.00,11933.00,NA,2265.00,0
1777323992086,11980.00,11853.00,NA,2265.00,0
1777323992112,11950.00,11920.00,NA,2265.00,0
1777323992138,12040.00,11920.00,NA,2265.00,0
1777323992185,11920.00,11933.00,NA,2265.00,0
1777323992211,11970.00,11933.00,NA,2265.00,0
1777323992237,12040.00,11933.00,NA,2265.00,0
1777323992283,11490.00,11920.00,NA,2265.00,0
1777323992310,11850.00,11933.00,NA,2265.00,0
1777323992336,11980.00,11933.00,NA,2265.00,0
1777323992383,12030.00,11853.00,NA,2265.00,0
1777323992409,12000.00,11907.00,NA,2265.00,0
1777323992435,12300.00,11920.00,NA,2265.00,0
1777323992482,12100.00,11920.00,NA,2265.00,0
1777323992508,11850.00,11920.00,NA,2265.00,0
1777323992534,11860.00,11933.00,NA,2265.00,0
1777323992581,12140.00,11933.00,NA,2265.00,0
1777323992608,12160.00,11933.00,NA,2265.00,0
1777323992634,12170.00,11933.00,NA,2265.00,0
1777323992681,12010.00,11920.00,NA,2265.00,0
1777323992709,12390.00,11907.00,NA,2265.00,0
1777323992736,12170.00,11907.00,NA,2265.00,0
1777323992784,12080.00,11920.00,NA,2265.00,0
1777323992813,12070.00,11933.00,NA,2265.00,0
1777323992840,12060.00,11933.00,NA,2265.00,0
1777323992888,12010.00,11856.00,NA,2265.00,0
1777323992921,11920.00,11907.00,NA,2265.00,0
1777323992947,12180.00,11907.00,NA,2265.00,0
1777323992974,12060.00,11907.00,NA,2265.00,0
1777323993001,11810.00,11920.00,NA,2265.00,0
1777323993049,12130.00,11920.00,NA,2265.00,0
1777323993075,12030.00,11933.00,NA,2265.00,0
1777323993102,12110.00,11910.00,NA,2265.00,0
1777323993131,12130.00,11907.00,NA,2265.00,0
1777323993179,11950.00,11920.00,NA,2265.00,0
1777323993206,12010.00,11933.00,NA,2265.00,0
1777323993234,12030.00,11933.00,NA,2265.00,0
1777323993282,12020.00,11853.00,NA,2265.00,0
1777323993313,11950.00,11907.00,NA,2265.00,0
1777323993344,12010.00,11907.00,NA,2265.00,0
1777323993371,12040.00,11907.00,NA,2265.00,0
1777323993398,12090.00,11907.00,NA,2265.00,0
1777323993447,11970.00,11920.00,NA,2265.00,0
1777323993475,12260.00,11933.00,NA,2265.00,0
1777323993503,12030.00,11933.00,NA,2265.00,0
1777323993529,11850.00,11936.00,NA,2265.00,0
1777323993578,11940.00,11920.00,NA,2265.00,0
1777323993606,11990.00,11907.00,NA,2265.00,0
1777323993633,12220.00,11920.00,NA,2265.00,0
1777323993661,11840.00,11933.00,NA,2265.00,0
1777323993756,12020.00,11773.00,NA,2265.00,0
1777323993780,12060.00,11827.00,NA,2265.00,0
1777323993823,12190.00,11773.00,NA,2265.00,0
1777323993847,12010.00,11760.00,NA,2265.00,0
1777323993891,11820.00,11773.00,NA,2265.00,0
1777323993915,11980.00,11773.00,NA,2265.00,0
1777323993938,11930.00,11827.00,NA,2265.00,0
1777323993982,12000.00,11812.00,NA,2265.00,0
1777323994006,12070.00,11840.00,NA,2265.00,0
1777323994050,11740.00,11773.00,NA,2265.00,0
1777323994074,12190.00,11853.00,NA,2265.00,0
1777323994118,12260.00,11933.00,NA,2265.00,0
1777323994141,12160.00,11920.00,NA,2265.00,0
1777323994185,11790.00,11920.00,NA,2265.00,0
1777323994210,12150.00,11933.00,NA,2265.00,0
1777323994254,12010.00,11933.00,NA,2265.00,0
1777323994278,11780.00,11920.00,NA,2265.00,0
1777323994302,12240.00,11933.00,NA,2265.00,0
1777323994346,12140.00,11933.00,NA,2265.00,0
1777323994370,11940.00,11933.00,NA,2265.00,0
1777323994414,11960.00,11920.00,NA,2265.00,0
1777323994439,11870.00,11920.00,NA,2265.00,0
1777323994485,12170.00,11920.00,NA,2265.00,0
1777323994510,12200.00,11933.00,NA,2265.00,0
1777323994535,12060.00,11920.00,NA,2265.00,0
1777323994579,12140.00,11920.00,NA,2265.00,0
1777323994603,12310.00,11933.00,NA,2265.00,0
1777323994648,12030.00,11933.00,NA,2265.00,0
1777323994672,11880.00,11933.00,NA,2265.00,0
1777323994717,12160.00,11920.00,NA,2265.00,0
1777323994741,11790.00,11939.00,NA,2265.00,0
1777323994786,11880.00,11920.00,NA,2265.00,0
1777323994811,12090.00,11907.00,NA,2265.00,0
1777323994836,12240.00,11939.00,NA,2265.00,0
1777323994881,11930.00,11933.00,NA,2265.00,0
1777323994906,11940.00,11922.00,NA,2265.00,0
1777323994951,11910.00,11920.00,NA,2265.00,0
1777323994976,11810.00,11933.00,NA,2265.00,0
1777323995000,12050.00,11945.00,NA,2265.00,0
1777323995045,11910.00,11920.00,NA,2265.00,0
1777323995069,11920.00,11939.00,NA,2265.00,0
1777323995115,12000.00,11920.00,NA,2265.00,0
1777323995139,11840.00,11907.00,NA,2265.00,0
1777323995164,11780.00,11986.00,NA,2265.00,0
1777323995209,12240.00,11933.00,NA,2265.00,0
1777323995233,11860.00,11976.00,NA,2265.00,0
1777323995279,12110.00,11933.00,NA,2265.00,0
1777323995304,12320.00,11933.00,NA,2265.00,0
1777323995329,12190.00,11952.00,NA,2265.00,0
1777323995375,12050.00,11920.00,NA,2265.00,0
1777323995400,11940.00,11920.00,NA,2265.00,0
1777323995445,11770.00,11920.00,NA,2265.00,0
1777323995470,12100.00,11987.00,NA,2265.00,0
1777323995494,12260.00,11987.00,NA,2265.00,0
1777323995540,11740.00,11933.00,NA,2265.00,0
1777323995564,11870.00,11936.00,NA,2265.00,0
1777323995609,11940.00,11933.00,NA,2265.00,0
1777323995634,12200.00,11933.00,NA,2265.00,0
1777323995658,12240.00,12000.00,NA,2265.00,0
1777323995703,12300.00,11920.00,NA,2265.00,0
1777323995728,12090.00,12000.00,NA,2265.00,0
1777323995774,11860.00,11933.00,NA,2265.00,0
1777323995799,11920.00,11910.00,NA,2265.00,0
1777323995823,12050.00,11987.00,NA,2265.00,0
1777323995873,12250.00,11933.00,NA,2265.00,0
1777323995898,11900.00,11933.00,NA,2265.00,0
1777323995923,12070.00,12000.00,NA,2265.00,0
1777323995968,11980.00,11946.00,NA,2265.00,0
1777323995994,11970.00,11933.00,NA,2265.00,0
1777323996039,11990.00,11920.00,NA,2265.00,0
1777323996065,12130.00,11920.00,NA,2265.00,0
1777323996090,11930.00,11936.00,NA,2265.00,0
1777323996136,11950.00,11933.00,NA,2265.00,0
1777323996162,11950.00,11933.00,NA,2265.00,0
1777323996187,12090.00,11920.00,NA,2265.00,0
1777323996234,12180.00,11933.00,NA,2265.00,0
1777323996259,11920.00,11933.00,NA,2265.00,0
1777323996305,12190.00,11920.00,NA,2265.00,0
1777323996330,12100.00,11987.00,NA,2265.00,0
1777323996356,11960.00,12013.00,NA,2265.00,0
1777323996403,12100.00,11923.00,NA,2265.00,0
1777323996429,11910.00,11978.00,NA,2265.00,0
1777323996454,11940.00,11936.00,NA,2265.00,0
1777323996486,11810.00,11923.00,NA,2265.00,0
1777323996533,11850.00,11933.00,NA,2265.00,0
1777323996558,12170.00,11933.00,NA,2265.00,0
1777323996584,12110.00,11933.00,NA,2265.00,0
1777323996630,12200.00,11933.00,NA,2265.00,0
1777323996657,11880.00,11933.00,NA,2265.00,0
1777323996702,12110.00,11933.00,NA,2265.00,0
1777323996728,11840.00,11920.00,NA,2265.00,0
1777323996753,12140.00,11923.00,NA,2265.00,0
1777323996800,11880.00,11933.00,NA,2265.00,0
1777323996826,12060.00,11933.00,NA,2265.00,0
1777323996852,12060.00,11933.00,NA,2265.00,0
1777323996897,11810.00,11933.00,NA,2265.00,0
1777323996923,12230.00,11933.00,NA,2265.00,0
1777323996948,11850.00,11933.00,NA,2265.00,0
1777323996993,11930.00,11933.00,NA,2265.00,0
1777323997019,12050.00,11949.00,NA,2265.00,0
1777323997065,12200.00,11920.00,NA,2265.00,0
1777323997090,12080.00,11971.00,NA,2265.00,0
1777323997121,12120.00,11920.00,NA,2265.00,0
1777323997146,11950.00,11920.00,NA,2265.00,0
1777323997194,12040.00,11933.00,NA,2265.00,0
1777323997220,12250.00,11933.00,NA,2265.00,0
1777323997245,12070.00,11933.00,NA,2265.00,0
1777323997292,11860.00,11933.00,NA,2265.00,0
1777323997316,11940.00,11933.00,NA,2265.00,0
1777323997364,11960.00,11920.00,NA,2265.00,0
1777323997390,11930.00,11920.00,NA,2265.00,0
1777323997417,11610.00,11920.00,NA,2265.00,0
1777323997465,11970.00,11933.00,NA,2265.00,0
1777323997492,11720.00,11933.00,NA,2265.00,0
1777323997517,12070.00,11933.00,NA,2265.00,0
1777323997563,11730.00,11920.00,NA,2265.00,0
1777323997590,12080.00,11933.00,NA,2265.00,0
1777323997616,11850.00,11933.00,NA,2265.00,0
1777323997642,11840.00,11933.00,NA,2265.00,0
1777323997689,12030.00,11960.00,NA,2265.00,0
1777323997716,12090.00,11920.00,NA,2265.00,0
1777323997752,11980.00,11923.00,NA,2265.00,0
1777323997779,12370.00,11987.00,NA,2265.00,0
1777323997827,11850.00,11933.00,NA,2265.00,0
1777323997855,12260.00,11933.00,NA,2265.00,0
1777323997882,11930.00,12000.00,NA,2265.00,0
1777323997909,12050.00,12013.00,NA,2265.00,0
1777323997958,12180.00,11933.00,NA,2265.00,0
1777323997985,11690.00,11923.00,NA,2265.00,0
1777323998011,12100.00,11936.00,NA,2265.00,0
1777323998059,11980.00,11933.00,NA,2265.00,0
1777323998086,11830.00,11933.00,NA,2265.00,0
1777323998112,12140.00,11933.00,NA,2265.00,0
1777323998142,11950.00,11920.00,NA,2265.00,0
1777323998257,23820.00,11760.00,NA,4530.00,0
1777323998281,11990.00,11894.00,NA,2265.00,0
1777323998325,11870.00,11853.00,NA,2265.00,0
1777323998350,11940.00,11840.00,NA,2265.00,0
1777323998374,12060.00,11872.00,NA,2265.00,0
1777323998418,12230.00,11853.00,NA,2265.00,0
1777323998442,11780.00,11920.00,NA,2265.00,0
1777323998487,11950.00,11853.00,NA,2265.00,0
1777323998511,12000.00,11853.00,NA,2265.00,0
1777323998556,11730.00,11840.00,NA,2265.00,0
1777323998583,12090.00,11840.00,NA,2265.00,0
1777323998628,12140.00,11853.00,NA,2265.00,0
1777323998653,11980.00,11843.00,NA,2265.00,0
1777323998677,11520.00,11827.00,NA,2265.00,0
1777323998722,11780.00,11920.00,NA,2265.00,0
1777323998747,12270.00,12000.00,NA,2265.00,0
1777323998792,12140.00,11923.00,NA,2265.00,0
1777323998817,12050.00,12000.00,NA,2265.00,0
1777323998842,11640.00,12013.00,NA,2265.00,0
1777323998887,11880.00,12000.00,NA,2265.00,0
1777323998912,11910.00,11987.00,NA,2265.00,0
1777323998958,12320.00,11933.00,NA,2265.00,0
1777323998983,12030.00,11991.00,NA,2265.00,0
1777323999008,11860.00,11978.00,NA,2265.00,0
1777323999054,12250.00,11953.00,NA,2265.00,0
1777323999079,11850.00,11933.00,NA,2265.00,0
1777323999124,11890.00,11933.00,NA,2265.00,0
1777323999149,12340.00,11936.00,NA,2265.00,0
1777323999175,11910.00,12000.00,NA,2265.00,0
1777323999220,12010.00,11933.00,NA,2265.00,0
1777323999245,11790.00,11987.00,NA,2265.00,0
1777323999270,12060.00,11987.00,NA,2265.00,0
1777323999316,11830.00,11933.00,NA,2265.00,0
1777323999342,11900.00,12000.00,NA,2265.00,0
1777323999388,12070.00,11933.00,NA,2265.00,0
1777323999414,12170.00,12000.00,NA,2265.00,0
1777323999439,12070.00,12013.00,NA,2265.00,0
1777323999485,12200.00,12000.00,NA,2265.00,0
1777323999510,12110.00,11987.00,NA,2265.00,0
1777323999536,11740.00,12013.00,NA,2265.00,0
1777323999582,11760.00,12000.00,NA,2265.00,0
1777323999611,12170.00,11920.00,NA,2265.00,0
1777323999638,12170.00,11987.00,NA,2265.00,0
1777323999684,12320.00,11933.00,NA,2265.00,0
1777323999710,11930.00,12000.00,NA,2265.00,0
1777323999736,12050.00,12013.00,NA,2265.00,0
1777323999782,11890.00,12000.00,NA,2265.00,0
1777323999808,11900.00,12013.00,NA,2265.00,0
1777323999833,11970.00,12013.00,NA,2265.00,0
1777323999879,12080.00,12000.00,NA,2265.00,0
1777323999905,11910.00,11987.00,NA,2265.00,0
1777323999952,12260.00,12000.00,NA,2265.00,0
1777323999978,12270.00,12000.00,NA,2265.00,0
1777324000004,11950.00,11933.00,NA,2265.00,0
1777324000052,12120.00,11933.00,NA,2265.00,0
1777324000078,12140.00,11949.00,NA,2265.00,0
1777324000104,11860.00,12000.00,NA,2265.00,0
1777324000150,12180.00,11933.00,NA,2265.00,0
1777324000176,12060.00,11910.00,NA,2265.00,0
1777324000203,11990.00,11987.00,NA,2265.00,0
1777324000249,12040.00,11933.00,NA,2265.00,0
1777324000274,12050.00,12000.00,NA,2265.00,0
1777324000300,12150.00,11987.00,NA,2265.00,0
1777324000348,11890.00,11933.00,NA,2265.00,0
1777324000375,11940.00,12000.00,NA,2265.00,0
1777324000402,12000.00,12013.00,NA,2265.00,0
1777324000454,12070.00,11933.00,NA,2265.00,0
1777324000483,11670.00,11933.00,NA,2265.00,0
1777324000509,12210.00,11923.00,NA,2265.00,0
1777324000535,12260.00,11987.00,NA,2265.00,0
1777324000561,11920.00,11987.00,NA,2265.00,0
1777324000609,12020.00,12000.00,NA,2265.00,0
1777324000636,12180.00,12000.00,NA,2265.00,0
1777324000663,12200.00,11979.00,NA,2265.00,0
1777324000713,11890.00,11920.00,NA,2265.00,0
1777324000739,11930.00,11933.00,NA,2265.00,0
1777324000765,12000.00,12000.00,NA,2265.00,0
1777324000812,11940.00,11933.00,NA,2265.00,0
1777324000838,12020.00,11910.00,NA,2265.00,0
1777324000864,12120.00,11987.00,NA,2265.00,0
1777324000896,12100.00,11987.00,NA,2265.00,0
1777324000943,11990.00,11933.00,NA,2265.00,0
1777324000969,12100.00,12000.00,NA,2265.00,0
1777324001017,12050.00,11920.00,NA,2265.00,0
1777324001042,12050.00,11987.00,NA,2265.00,0
1777324001068,11960.00,12012.00,NA,2265.00,0
1777324001093,11830.00,12012.00,NA,2265.00,0
1777324001139,11920.00,12000.00,NA,2265.00,0
1777324001164,12250.00,11987.00,NA,2265.00,0
1777324001191,12260.00,12013.00,NA,2265.00,0
1777324001238,12070.00,12000.00,NA,2265.00,0
1777324001265,12080.00,11933.00,NA,2265.00,0
1777324001291,11950.00,11987.00,NA,2265.00,0
1777324001341,12190.00,11949.00,NA,2265.00,0
1777324001367,12420.00,11933.00,NA,2265.00,0
1777324001393,11850.00,12000.00,NA,2265.00,0
1777324001440,12010.00,11933.00,NA,2265.00,0
1777324001467,11960.00,11936.00,NA,2265.00,0
1777324001493,11910.00,11936.00,NA,2265.00,0
1777324001525,12120.00,12000.00,NA,2265.00,0
1777324001572,11830.00,11933.00,NA,2265.00,0
1777324001599,11910.00,11933.00,NA,2265.00,0
1777324001626,11980.00,12000.00,NA,2265.00,0
1777324001673,11890.00,11933.00,NA,2265.00,0
1777324001701,11870.00,12000.00,NA,2265.00,0
1777324001726,11950.00,12013.00,NA,2265.00,0
1777324001752,11950.00,12013.00,NA,2265.00,0
1777324001799,11990.00,12000.00,NA,2265.00,0
1777324001825,11860.00,11987.00,NA,2265.00,0
1777324001852,12040.00,11987.00,NA,2265.00,0
1777324001899,11710.00,12000.00,NA,2265.00,0
1777324001928,12300.00,11950.00,NA,2265.00,0
1777324001954,11810.00,11933.00,NA,2265.00,0
1777324002002,11980.00,11920.00,NA,2265.00,0
1777324002029,11990.00,11933.00,NA,2265.00,0
1777324002056,11820.00,12000.00,NA,2265.00,0
1777324002104,11820.00,11933.00,NA,2265.00,0
1777324002132,11840.00,11920.00,NA,2265.00,0
1777324002165,11950.00,11933.00,NA,2265.00,0
1777324002192,11960.00,11987.00,NA,2265.00,0
1777324002218,12100.00,11987.00,NA,2265.00,0
1777324002266,11890.00,11933.00,NA,2265.00,0
1777324002292,12030.00,12000.00,NA,2265.00,0
1777324002319,12280.00,12000.00,NA,2265.00,0
1777324002366,11980.00,12000.00,NA,2265.00,0
1777324002393,12060.00,11987.00,NA,2265.00,0
1777324002421,12000.00,12013.00,NA,2265.00,0
1777324002449,12290.00,12013.00,NA,2265.00,0
1777324002497,11820.00,12000.00,NA,2265.00,0
1777324002525,11840.00,11933.00,NA,2265.00,0
1777324002556,11780.00,11987.00,NA,2265.00,0
1777324002589,11630.00,12000.00,NA,2265.00,0
1777324002616,12060.00,12000.00,NA,2265.00,0
1777324002665,11740.00,11920.00,NA,2265.00,0
1777324002692,11820.00,11987.00,NA,2265.00,0
1777324002721,12200.00,12013.00,NA,2265.00,0
1777324002748,11820.00,12013.00,NA,2265.00,0
1777324002795,11870.00,11933.00,NA,2265.00,0
1777324002825,11950.00,12000.00,NA,2265.00,0
1777324002948,12080.00,11747.00,NA,2265.00,0
1777324003037,11840.00,11603.00,NA,2265.00,0
1777324003064,11630.00,11654.00,NA,2265.00,0
1777324003090,12190.00,11656.00,NA,2265.00,0
1777324003117,12210.00,11667.00,NA,2265.00,0
1777324003142,11850.00,11680.00,NA,2265.00,0
1777324003168,12210.00,11693.00,NA,2265.00,0
1777324003216,11940.00,11773.00,NA,2265.00,0
1777324003242,11910.00,11853.00,NA,2265.00,0
1777324003269,11760.00,11773.00,NA,2265.00,0
1777324003316,11970.00,11760.00,NA,2265.00,0
1777324003345,11780.00,11773.00,NA,2265.00,0
1777324003372,11930.00,11773.00,NA,2265.00,0
1777324003422,12140.00,11760.00,NA,2265.00,0
1777324003450,12010.00,11680.00,NA,2265.00,0
1777324003477,11660.00,11747.00,NA,2265.00,0
1777324003505,12010.00,11747.00,NA,2265.00,0
1777324003553,12090.00,11760.00,NA,2265.00,0
1777324003581,11580.00,11773.00,NA,2265.00,0
1777324003606,11890.00,11750.00,NA,2265.00,0
1777324003660,12050.00,11760.00,NA,2265.00,0
1777324003689,12000.00,11680.00,NA,2265.00,0
1777324003720,11640.00,11747.00,NA,2265.00,0
1777324003749,11980.00,11747.00,NA,2265.00,0
1777324003777,12150.00,11747.00,NA,2265.00,0
1777324003806,12050.00,11747.00,NA,2265.00,0
1777324003840,11950.00,11747.00,NA,2265.00,0
1777324003868,11820.00,11747.00,NA,2265.00,0
1777324003957,11950.00,11667.00,NA,2265.00,0
1777324003979,11960.00,11680.00,NA,2265.00,0
1777324004002,11820.00,11693.00,NA,2265.00,0
1777324004045,11990.00,11680.00,NA,2265.00,0
1777324004069,12180.00,11667.00,NA,2265.00,0
1777324004112,12010.00,11680.00,NA,2265.00,0
1777324004136,11870.00,11680.00,NA,2265.00,0
1777324004180,12090.00,11613.00,NA,2265.00,0
1777324004203,12060.00,11680.00,NA,2265.00,0
1777324004247,12060.00,11693.00,NA,2265.00,0
1777324004270,12110.00,11693.00,NA,2265.00,0
1777324004293,12060.00,11680.00,NA,2265.00,0
1777324004337,12060.00,11693.00,NA,2265.00,0
1777324004361,11950.00,11693.00,NA,2265.00,0
1777324004405,11910.00,11680.00,NA,2265.00,0
1777324004428,11850.00,11667.00,NA,2265.00,0
1777324004472,11930.00,11680.00,NA,2265.00,0
1777324004496,12040.00,11680.00,NA,2265.00,0
1777324004540,12060.00,11613.00,NA,2265.00,0
1777324004563,11970.00,11680.00,NA,2265.00,0
1777324004608,12320.00,11693.00,NA,2265.00,0
1777324004632,12090.00,11693.00,NA,2265.00,0
1777324004677,12170.00,11680.00,NA,2265.00,0
1777324004700,12060.00,11667.00,NA,2265.00,0
1777324004745,11950.00,11613.00,NA,2265.00,0
1777324004769,12250.00,11679.00,NA,2265.00,0
1777324004814,12180.00,11613.00,NA,2265.00,0
1777324004838,12170.00,11613.00,NA,2265.00,0
1777324004862,12000.00,11680.00,NA,2265.00,0
1777324004906,11970.00,11693.00,NA,2265.00,0
1777324004930,11900.00,11693.00,NA,2265.00,0
1777324004975,11790.00,11680.00,NA,2265.00,0
1777324004998,11930.00,11667.00,NA,2265.00,0
1777324005043,11870.00,11680.00,NA,2265.00,0
1777324005068,12070.00,11667.00,NA,2265.00,0
1777324005093,11730.00,11667.00,NA,2265.00,0
1777324005137,12180.00,11680.00,NA,2265.00,0
1777324005161,11780.00,11693.00,NA,2265.00,0
1777324005206,11970.00,11629.00,NA,2265.00,0
1777324005230,12060.00,11680.00,NA,2265.00,0
1777324005275,12100.00,11680.00,NA,2265.00,0
1777324005303,12160.00,11642.00,NA,2265.00,0
1777324005327,12010.00,11693.00,NA,2265.00,0
1777324005372,12040.00,11680.00,NA,2265.00,0
1777324005396,11950.00,11667.00,NA,2265.00,0
1777324005441,12070.00,11680.00,NA,2265.00,0
1777324005465,12000.00,11693.00,NA,2265.00,0
1777324005491,11890.00,11680.00,NA,2265.00,0
1777324005535,12350.00,11693.00,NA,2265.00,0
1777324005560,12220.00,11693.00,NA,2265.00,0
1777324005604,12130.00,11680.00,NA,2265.00,0
1777324005628,12060.00,11680.00,NA,2265.00,0
1777324005673,11950.00,11613.00,NA,2265.00,0
1777324005699,11890.00,11667.00,NA,2265.00,0
1777324005725,12010.00,11667.00,NA,2265.00,0
1777324005771,11990.00,11613.00,NA,2265.00,0
1777324005796,12240.00,11680.00,NA,2265.00,0
1777324005820,11970.00,11693.00,NA,2265.00,0
1777324005866,12020.00,11693.00,NA,2265.00,0
1777324005890,12030.00,11693.00,NA,2265.00,0
1777324005935,12010.00,11680.00,NA,2265.00,0
1777324005959,12020.00,11667.00,NA,2265.00,0
1777324006004,12110.00,11680.00,NA,2265.00,0
1777324006029,11910.00,11680.00,NA,2265.00,0
1777324006053,11780.00,11667.00,NA,2265.00,0
1777324006099,12260.00,11613.00,NA,2265.00,0
1777324006123,12120.00,11678.00,NA,2265.00,0
1777324006168,12080.00,11629.00,NA,2265.00,0
1777324006193,12150.00,11680.00,NA,2265.00,0
1777324006238,12060.00,11680.00,NA,2265.00,0
1777324006262,12110.00,11667.00,NA,2265.00,0
1777324006289,12150.00,11693.00,NA,2265.00,0
1777324006334,11980.00,11680.00,NA,2265.00,0
1777324006359,11870.00,11667.00,NA,2265.00,0
1777324006384,12150.00,11667.00,NA,2265.00,0
1777324006430,11840.00,11680.00,NA,2265.00,0
1777324006455,12050.00,11693.00,NA,2265.00,0
1777324006501,11930.00,11655.00,NA,2265.00,0
1777324006526,11980.00,11680.00,NA,2265.00,0
1777324006551,12070.00,11693.00,NA,2265.00,0
1777324006597,12040.00,11680.00,NA,2265.00,0
1777324006622,11750.00,11667.00,NA,2265.00,0
1777324006669,12080.00,11680.00,NA,2265.00,0
1777324006694,11950.00,11680.00,NA,2265.00,0
1777324006719,12250.00,11667.00,NA,2265.00,0
1777324006764,12100.00,11613.00,NA,2265.00,0
1777324006789,12110.00,11680.00,NA,2265.00,0
1777324006814,11760.00,11693.00,NA,2265.00,0
1777324006861,12010.00,11629.00,NA,2265.00,0
1777324006887,11840.00,11680.00,NA,2265.00,0
1777324006912,12030.00,11693.00,NA,2265.00,0
1777324006964,11850.00,11613.00,NA,2265.00,0
1777324006991,12040.00,11680.00,NA,2265.00,0
1777324007017,11710.00,11667.00,NA,2265.00,0
1777324007066,12030.00,11613.00,NA,2265.00,0
1777324007092,11730.00,11680.00,NA,2265.00,0
1777324007118,12010.00,11693.00,NA,2265.00,0
1777324007165,12100.00,11680.00,NA,2265.00,0
1777324007199,11910.00,11600.00,NA,2265.00,0
1777324007225,12300.00,11600.00,NA,2265.00,0
1777324007251,12070.00,11667.00,NA,2265.00,0
1777324007298,11760.00,11613.00,NA,2265.00,0
1777324007324,12080.00,11613.00,NA,2265.00,0
1777324007351,12190.00,11667.00,NA,2265.00,0
1777324007397,12010.00,11629.00,NA,2265.00,0
1777324007424,12060.00,11680.00,NA,2265.00,0
1777324007450,11940.00,11680.00,NA,2265.00,0
1777324007477,11960.00,11680.00,NA,2265.00,0
1777324007544,12080.00,11680.00,NA,2265.00,0
1777324007570,11850.00,11613.00,NA,2265.00,0
1777324007599,11940.00,11600.00,NA,2265.00,0
1777324007626,11990.00,11613.00,NA,2265.00,0
1777324007652,12180.00,11680.00,NA,2265.00,0
1777324007678,11880.00,11680.00,NA,2265.00,0
1777324007725,11760.00,11657.00,NA,2265.00,0
1777324007752,11680.00,11653.00,NA,2265.00,0
1777324007779,11950.00,11680.00,NA,2265.00,0
1777324007825,11870.00,11680.00,NA,2265.00,0
1777324007852,11780.00,11699.00,NA,2265.00,0
1777324007878,11770.00,11792.00,NA,2265.00,0
1777324007926,11990.00,11872.00,NA,2265.00,0
1777324007953,11950.00,11898.00,NA,2265.00,0
1777324007980,11740.00,11933.00,NA,2265.00,0
1777324008006,12170.00,12013.00,NA,2265.00,0
1777324008059,11830.00,12013.00,NA,2265.00,0
1777324008095,12070.00,12013.00,NA,2265.00,0
1777324008122,11950.00,11962.00,NA,2265.00,0
1777324008150,12080.00,11949.00,NA,2265.00,0
1777324008176,11820.00,11933.00,NA,2265.00,0
1777324008227,12010.00,11933.00,NA,2265.00,0
1777324008258,11680.00,11933.00,NA,2265.00,0
1777324008284,12170.00,11933.00,NA,2265.00,0
1777324008311,11900.00,11987.00,NA,2265.00,0
1777324008340,12170.00,11987.00,NA,2265.00,0
1777324008389,11920.00,11933.00,NA,2265.00,0
1777324008417,11910.00,12000.00,NA,2265.00,0
1777324008443,11930.00,12013.00,NA,2265.00,0
1777324008469,11950.00,12013.00,NA,2265.00,0
1777324008520,12030.00,11936.00,NA,2265.00,0
1777324008548,11780.00,11987.00,NA,2265.00,0
1777324008576,12170.00,11987.00,NA,2265.00,0
1777324008604,11950.00,12000.00,NA,2265.00,0
1777324008655,12060.00,12000.00,NA,2265.00,0
1777324008683,12040.00,12013.00,NA,2265.00,0
1777324008711,11880.00,12013.00,NA,2265.00,0
1777324008738,12020.00,12013.00,NA,2265.00,0
1777324008787,12240.00,11933.00,NA,2265.00,0
1777324008815,11770.00,11999.00,NA,2265.00,0
1777324008845,12090.00,11987.00,NA,2265.00,0
1777324008883,12110.00,11926.00,NA,2265.00,0
1777324008913,12070.00,12000.00,NA,2265.00,0
1777324008942,12090.00,12080.00,NA,2265.00,0
1777324008971,12010.00,12083.00,NA,2265.00,0
1777324008999,11830.00,12067.00,NA,2265.00,0
1777324009106,11960.00,11907.00,NA,2265.00,0
1777324009129,11980.00,11933.00,NA,2265.00,0
1777324009152,12200.00,11933.00,NA,2265.00,0
1777324009176,12040.00,11987.00,NA,2265.00,0
1777324009220,11970.00,11933.00,NA,2265.00,0
1777324009244,12350.00,12000.00,NA,2265.00,0
1777324009289,11770.00,11920.00,NA,2265.00,0
1777324009313,11900.00,11933.00,NA,2265.00,0
1777324009357,12330.00,11920.00,NA,2265.00,0
1777324009381,12020.00,11907.00,NA,2265.00,0
1777324009426,11890.00,11933.00,NA,2265.00,0
1777324009450,11880.00,11923.00,NA,2265.00,0
1777324009474,11960.00,11986.00,NA,2265.00,0
1777324009519,11860.00,11933.00,NA,2265.00,0
1777324009544,11910.00,11933.00,NA,2265.00,0
1777324009589,11900.00,11920.00,NA,2265.00,0
1777324009614,12210.00,11933.00,NA,2265.00,0
1777324009658,11940.00,11920.00,NA,2265.00,0
1777324009682,12010.00,11920.00,NA,2265.00,0
1777324009706,12180.00,11949.00,NA,2265.00,0
1777324009752,11730.00,11933.00,NA,2265.00,0
1777324009777,11880.00,11920.00,NA,2265.00,0
1777324009822,12000.00,11933.00,NA,2265.00,0
1777324009847,11820.00,11933.00,NA,2265.00,0
1777324009871,12150.00,11933.00,NA,2265.00,0
1777324009916,11800.00,11933.00,NA,2265.00,0
1777324009941,12040.00,11933.00,NA,2265.00,0
1777324009987,11850.00,11933.00,NA,2265.00,0
1777324010011,11940.00,11910.00,NA,2265.00,0
1777324010037,11840.00,12000.00,NA,2265.00,0
1777324010082,11880.00,11933.00,NA,2265.00,0
1777324010107,11920.00,11910.00,NA,2265.00,0
1777324010153,11820.00,11933.00,NA,2265.00,0
1777324010177,12200.00,11933.00,NA,2265.00,0
1777324010202,11790.00,12000.00,NA,2265.00,0
1777324010248,12260.00,11933.00,NA,2265.00,0
1777324010274,12020.00,12000.00,NA,2265.00,0
1777324010320,11950.00,11923.00,NA,2265.00,0
1777324010345,12070.00,11907.00,NA,2265.00,0
1777324010370,11890.00,11987.00,NA,2265.00,0
1777324010416,11930.00,11933.00,NA,2265.00,0
1777324010441,11870.00,12000.00,NA,2265.00,0
1777324010466,11770.00,11987.00,NA,2265.00,0
1777324010512,12330.00,11933.00,NA,2265.00,0
1777324010537,11870.00,12000.00,NA,2265.00,0
1777324010583,11990.00,11920.00,NA,2265.00,0
1777324010614,11920.00,11933.00,NA,2265.00,0
1777324010640,11890.00,11936.00,NA,2265.00,0
1777324010665,12110.00,12000.00,NA,2265.00,0
1777324010712,11900.00,11933.00,NA,2265.00,0
1777324010737,11770.00,11923.00,NA,2265.00,0
1777324010783,11980.00,11933.00,NA,2265.00,0
1777324010808,11760.00,11933.00,NA,2265.00,0
1777324010834,11980.00,11933.00,NA,2265.00,0
1777324010880,12300.00,11933.00,NA,2265.00,0
1777324010906,12170.00,11933.00,NA,2265.00,0
1777324010931,11920.00,12000.00,NA,2265.00,0
1777324010978,11830.00,11923.00,NA,2265.00,0
1777324011004,12130.00,11987.00,NA,2265.00,0
1777324011036,11970.00,11920.00,NA,2265.00,0
1777324011061,12040.00,11936.00,NA,2265.00,0
1777324011108,12160.00,11933.00,NA,2265.00,0
1777324011134,11890.00,11933.00,NA,2265.00,0
1777324011181,12030.00,11920.00,NA,2265.00,0
1777324011208,12140.00,11933.00,NA,2265.00,0
1777324011233,11930.00,12000.00,NA,2265.00,0
1777324011259,11700.00,12013.00,NA,2265.00,0
1777324011306,12090.00,11920.00,NA,2265.00,0
1777324011333,12100.00,11987.00,NA,2265.00,0
1777324011359,12030.00,12013.00,NA,2265.00,0
1777324011406,11970.00,11936.00,NA,2265.00,0
1777324011432,12150.00,11987.00,NA,2265.00,0
1777324011461,12130.00,11929.00,NA,2265.00,0
1777324011509,11740.00,11933.00,NA,2265.00,0
1777324011536,11730.00,11933.00,NA,2265.00,0
1777324011563,12200.00,11933.00,NA,2265.00,0
1777324011610,12080.00,11933.00,NA,2265.00,0
1777324011637,11930.00,11910.00,NA,2265.00,0
1777324011670,11610.00,11987.00,NA,2265.00,0
1777324011696,11950.00,11987.00,NA,2265.00,0
1777324011724,11770.00,11984.00,NA,2265.00,0
1777324011772,11970.00,11933.00,NA,2265.00,0
1777324011798,12290.00,11933.00,NA,2265.00,0
1777324011825,11810.00,11933.00,NA,2265.00,0
1777324011872,11640.00,11920.00,NA,2265.00,0
1777324011898,12040.00,11933.00,NA,2265.00,0
1777324011924,11610.00,11933.00,NA,2265.00,0
1777324011972,11870.00,11933.00,NA,2265.00,0
1777324011999,12100.00,11920.00,NA,2265.00,0
1777324012027,12250.00,11920.00,NA,2265.00,0
1777324012054,12020.00,11987.00,NA,2265.00,0
1777324012088,12130.00,11987.00,NA,2265.00,0
1777324012136,12060.00,11933.00,NA,2265.00,0
1777324012163,11960.00,12000.00,NA,2265.00,0
1777324012190,11950.00,12013.00,NA,2265.00,0
1777324012217,11750.00,12013.00,NA,2265.00,0
1777324012265,11940.00,11923.00,NA,2265.00,0
1777324012300,11880.00,11987.00,NA,2265.00,0
1777324012326,12400.00,11987.00,NA,2265.00,0
1777324012353,12160.00,11987.00,NA,2265.00,0
1777324012401,11690.00,12000.00,NA,2265.00,0
1777324012429,12100.00,12000.00,NA,2265.00,0
1777324012457,12030.00,11969.00,NA,2265.00,0
1777324012487,11940.00,11920.00,NA,2265.00,0
1777324012535,11950.00,12000.00,NA,2265.00,0
1777324012563,11800.00,11987.00,NA,2265.00,0
1777324012590,11960.00,12013.00,NA,2265.00,0
1777324012618,11820.00,12013.00,NA,2265.00,0
1777324012666,11810.00,11933.00,NA,2265.00,0
1777324012694,11980.00,11920.00,NA,2265.00,0
1777324012725,12140.00,12000.00,NA,2265.00,0
1777324012752,12110.00,11994.00,NA,2265.00,0
1777324012780,11860.00,11987.00,NA,2265.00,0
1777324012829,12360.00,12000.00,NA,2265.00,0
1777324012857,12240.00,12013.00,NA,2265.00,0
1777324012885,11820.00,11959.00,NA,2265.00,0
1777324012934,11920.00,11933.00,NA,2265.00,0
1777324012961,11930.00,11920.00,NA,2265.00,0
1777324012990,11990.00,11920.00,NA,2265.00,0
1777324013017,12310.00,11970.00,NA,2265.00,0
1777324013045,11770.00,11987.00,NA,2265.00,0
1777324013094,11960.00,12000.00,NA,2265.00,0
1777324013120,12310.00,12000.00,NA,2265.00,0
1777324013147,11880.00,12000.00,NA,2265.00,0
1777324013196,11890.00,11920.00,NA,2265.00,0
1777324013224,12230.00,11987.00,NA,2265.00,0
1777324013252,11990.00,12000.00,NA,2265.00,0
1777324013280,11730.00,12013.00,NA,2265.00,0
1777324013330,12080.00,11933.00,NA,2265.00,0
1777324013358,11920.00,11933.00,NA,2265.00,0
1777324013386,12050.00,12000.00,NA,2265.00,0
1777324013413,11960.00,12000.00,NA,2265.00,0
1777324013441,12050.00,11987.00,NA,2265.00,0
1777324013489,12160.00,11933.00,NA,2265.00,0
1777324013518,11980.00,12000.00,NA,2265.00,0
1777324013566,12000.00,11933.00,NA,2265.00,0
1777324013593,12040.00,11933.00,NA,2265.00,0
1777324013621,12120.00,11910.00,NA,2265.00,0
1777324013649,12200.00,11987.00,NA,2265.00,0
1777324013677,11740.00,11987.00,NA,2265.00,0
1777324013726,11900.00,11933.00,NA,2265.00,0
1777324013754,11910.00,11933.00,NA,2265.00,0
1777324013781,12170.00,12000.00,NA,2265.00,0
1777324013810,11850.00,12013.00,NA,2265.00,0
1777324013838,12230.00,12016.00,NA,2265.00,0
1777324013887,11930.00,12000.00,NA,2265.00,0
1777324013983,11890.00,11773.00,NA,2265.00,0
1777324014007,11850.00,11760.00,NA,2265.00,0
1777324014052,11780.00,11853.00,NA,2265.00,0
1777324014076,12010.00,11933.00,NA,2265.00,0
1777324014100,11750.00,12013.00,NA,2265.00,0
1777324014144,11860.00,11933.00,NA,2265.00,0
1777324014169,12160.00,11933.00,NA,2265.00,0
1777324014213,12100.00,11920.00,NA,2265.00,0
1777324014237,12130.00,11933.00,NA,2265.00,0
1777324014281,11880.00,11920.00,NA,2265.00,0
1777324014306,11860.00,11907.00,NA,2265.00,0
1777324014330,12230.00,11920.00,NA,2265.00,0
1777324014375,11880.00,11933.00,NA,2265.00,0
1777324014400,11810.00,11910.00,NA,2265.00,0
1777324014445,12040.00,11933.00,NA,2265.00,0
1777324014469,11690.00,11933.00,NA,2265.00,0
1777324014514,11550.00,11920.00,NA,2265.00,0
1777324014539,12480.00,11920.00,NA,2265.00,0
1777324014564,11810.00,11933.00,NA,2265.00,0
1777324014609,12040.00,11920.00,NA,2265.00,0
1777324014635,12160.00,11907.00,NA,2265.00,0
1777324014660,11930.00,11987.00,NA,2265.00,0
1777324014706,11850.00,11923.00,NA,2265.00,0
1777324014731,11900.00,11920.00,NA,2265.00,0
1777324014776,11880.00,11933.00,NA,2265.00,0
1777324014800,12210.00,11933.00,NA,2265.00,0
1777324014845,12050.00,11920.00,NA,2265.00,0
1777324014869,11890.00,11907.00,NA,2265.00,0
1777324014893,12250.00,11933.00,NA,2265.00,0
1777324014938,11930.00,11920.00,NA,2265.00,0
1777324014963,11980.00,11920.00,NA,2265.00,0
1777324015007,11850.00,11933.00,NA,2265.00,0
1777324015032,11960.00,11910.00,NA,2265.00,0
1777324015056,11810.00,11907.00,NA,2265.00,0
1777324015102,11780.00,11933.00,NA,2265.00,0
1777324015127,11910.00,11933.00,NA,2265.00,0
1777324015172,11830.00,11933.00,NA,2265.00,0
1777324015197,12020.00,11933.00,NA,2265.00,0
1777324015221,11960.00,11933.00,NA,2265.00,0
1777324015266,12290.00,11920.00,NA,2265.00,0
1777324015290,11830.00,11907.00,NA,2265.00,0
1777324015335,11880.00,11933.00,NA,2265.00,0
1777324015360,12190.00,11936.00,NA,2265.00,0
1777324015406,12270.00,11920.00,NA,2265.00,0
1777324015431,11760.00,11933.00,NA,2265.00,0
1777324015476,12040.00,11853.00,NA,2265.00,0
1777324015502,11880.00,11907.00,NA,2265.00,0
1777324015527,12090.00,11933.00,NA,2265.00,0
1777324015551,12090.00,11933.00,NA,2265.00,0
1777324015597,12150.00,11920.00,NA,2265.00,0
1777324015622,12030.00,11920.00,NA,2265.00,0
1777324015667,12200.00,11920.00,NA,2265.00,0
1777324015692,11970.00,11920.00,NA,2265.00,0
1777324015738,12120.00,11933.00,NA,2265.00,0
1777324015763,11940.00,11933.00,NA,2265.00,0
1777324015789,11940.00,11933.00,NA,2265.00,0
1777324015835,12210.00,11920.00,NA,2265.00,0
1777324015861,11760.00,11907.00,NA,2265.00,0
1777324015886,12000.00,11933.00,NA,2265.00,0
1777324015933,11950.00,11920.00,NA,2265.00,0
1777324015959,11950.00,11907.00,NA,2265.00,0
1777324015984,12170.00,11920.00,NA,2265.00,0
1777324016031,11810.00,11936.00,NA,2265.00,0
1777324016058,12090.00,11933.00,NA,2265.00,0
1777324016084,12000.00,11910.00,NA,2265.00,0
1777324016131,12080.00,11933.00,NA,2265.00,0
1777324016158,11630.00,11933.00,NA,2265.00,0
1777324016184,11980.00,12000.00,NA,2265.00,0
1777324016232,11920.00,11920.00,NA,2265.00,0
1777324016258,11970.00,11907.00,NA,2265.00,0
1777324016284,11830.00,11907.00,NA,2265.00,0
1777324016317,11810.00,11920.00,NA,2265.00,0
1777324016365,12010.00,11853.00,NA,2265.00,0
1777324016393,12050.00,11920.00,NA,2265.00,0
1777324016419,12000.00,11933.00,NA,2265.00,0
1777324016467,12230.00,11920.00,NA,2265.00,0
1777324016493,12160.00,11907.00,NA,2265.00,0
1777324016527,11810.00,11920.00,NA,2265.00,0
1777324016553,12040.00,11907.00,NA,2265.00,0
1777324016579,11860.00,11933.00,NA,2265.00,0
1777324016627,12040.00,11933.00,NA,2265.00,0
1777324016654,11900.00,11936.00,NA,2265.00,0
1777324016681,11890.00,11920.00,NA,2265.00,0
1777324016728,12070.00,11917.00,NA,2265.00,0
1777324016756,12290.00,11920.00,NA,2265.00,0
1777324016782,12040.00,11933.00,NA,2265.00,0
1777324016830,11810.00,11901.00,NA,2265.00,0
1777324016858,11990.00,11920.00,NA,2265.00,0
1777324016885,11890.00,11907.00,NA,2265.00,0
1777324016912,11960.00,11907.00,NA,2265.00,0
1777324016959,12090.00,11920.00,NA,2265.00,0
1777324016986,11850.00,11933.00,NA,2265.00,0
1777324017012,11860.00,11933.00,NA,2265.00,0
1777324017060,11990.00,11933.00,NA,2265.00,0
1777324017086,12150.00,11936.00,NA,2265.00,0
1777324017117,11980.00,11933.00,NA,2265.00,0
1777324017164,12000.00,11920.00,NA,2265.00,0
1777324017191,12260.00,11907.00,NA,2265.00,0
1777324017219,11980.00,11907.00,NA,2265.00,0
1777324017245,12030.00,11907.00,NA,2265.00,0
1777324017293,11990.00,11933.00,NA,2265.00,0
1777324017320,12050.00,11933.00,NA,2265.00,0
1777324017346,12110.00,11920.00,NA,2265.00,0
1777324017373,11790.00,11923.00,NA,2265.00,0
1777324017422,11610.00,11933.00,NA,2265.00,0
1777324017450,11910.00,11933.00,NA,2265.00,0
1777324017478,11830.00,11933.00,NA,2265.00,0
1777324017527,12160.00,11920.00,NA,2265.00,0
1777324017554,11960.00,11920.00,NA,2265.00,0
1777324017584,12210.00,11923.00,NA,2265.00,0
1777324017612,12120.00,11907.00,NA,2265.00,0
1777324017661,11810.00,11920.00,NA,2265.00,0
1777324017689,12130.00,11933.00,NA,2265.00,0
1777324017717,12010.00,11933.00,NA,2265.00,0
1777324017744,12060.00,11933.00,NA,2265.00,0
1777324017792,12040.00,11853.00,NA,2265.00,0
1777324017820,11970.00,11907.00,NA,2265.00,0
1777324017847,11810.00,11907.00,NA,2265.00,0
1777324017874,11950.00,11907.00,NA,2265.00,0
1777324017923,12040.00,11920.00,NA,2265.00,0
1777324017951,12010.00,11933.00,NA,2265.00,0
1777324017978,12120.00,11920.00,NA,2265.00,0
1777324018026,12060.00,11853.00,NA,2265.00,0
1777324018053,11880.00,11841.00,NA,2265.00,0
1777324018080,12150.00,11933.00,NA,2265.00,0
1777324018107,12060.00,11933.00,NA,2265.00,0
1777324018155,11960.00,11853.00,NA,2265.00,0
1777324018184,12390.00,11907.00,NA,2265.00,0
1777324018215,12020.00,11933.00,NA,2265.00,0
1777324018243,11890.00,11928.00,NA,2265.00,0
1777324018270,11830.00,11910.00,NA,2265.00,0
1777324018319,12330.00,11920.00,NA,2265.00,0
1777324018347,11830.00,11933.00,NA,2265.00,0
1777324018374,11880.00,11933.00,NA,2265.00,0
1777324018422,11670.00,11853.00,NA,2265.00,0
1777324018452,12070.00,11840.00,NA,2265.00,0
1777324018481,12200.00,11907.00,NA,2265.00,0
1777324018509,11780.00,11907.00,NA,2265.00,0
1777324018608,12070.00,11920.00,NA,2265.00,0
1777324018632,11940.00,11773.00,NA,2265.00,0
1777324018655,12130.00,11760.00,NA,2265.00,0
1777324018699,12040.00,11773.00,NA,2265.00,0
1777324018722,12010.00,11840.00,NA,2265.00,0
1777324018765,12190.00,11773.00,NA,2265.00,0
1777324018789,11890.00,11773.00,NA,2265.00,0
1777324018832,11890.00,11760.00,NA,2265.00,0
1777324018858,11830.00,11760.00,NA,2265.00,0
1777324018882,11910.00,11840.00,NA,2265.00,0
1777324018927,12120.00,11853.00,NA,2265.00,0
1777324018951,11900.00,11920.00,NA,2265.00,0
1777324018996,12200.00,11933.00,NA,2265.00,0
1777324019020,12190.00,11933.00,NA,2265.00,0
1777324019064,12030.00,11933.00,NA,2265.00,0
1777324019088,11970.00,11933.00,NA,2265.00,0
1777324019133,12070.00,11920.00,NA,2265.00,0
1777324019157,12080.00,11933.00,NA,2265.00,0
1777324019181,11820.00,11933.00,NA,2265.00,0
1777324019225,11930.00,11920.00,NA,2265.00,0
1777324019251,11860.00,11907.00,NA,2265.00,0
1777324019297,11810.00,11933.00,NA,2265.00,0
1777324019323,11950.00,11933.00,NA,2265.00,0
1777324019348,11960.00,11910.00,NA,2265.00,0
1777324019394,12070.00,11933.00,NA,2265.00,0
1777324019419,12020.00,11933.00,NA,2265.00,0
1777324019464,12240.00,11920.00,NA,2265.00,0
1777324019493,12080.00,11907.00,NA,2265.00,0
1777324019518,12030.00,11959.00,NA,2265.00,0
1777324019563,12000.00,11920.00,NA,2265.00,0
1777324019588,12260.00,11907.00,NA,2265.00,0
1777324019613,12040.00,11982.00,NA,2265.00,0
1777324019659,12030.00,11933.00,NA,2265.00,0
1777324019684,11920.00,11907.00,NA,2265.00,0
1777324019729,12000.00,11920.00,NA,2265.00,0
1777324019754,12120.00,11933.00,NA,2265.00,0
1777324019779,11730.00,11954.00,NA,2265.00,0
1777324019824,11930.00,11933.00,NA,2265.00,0
1777324019849,12440.00,11920.00,NA,2265.00,0
1777324019893,12110.00,11920.00,NA,2265.00,0
1777324019918,11960.00,11907.00,NA,2265.00,0
1777324019942,11770.00,11920.00,NA,2265.00,0
1777324019988,12320.00,11920.00,NA,2265.00,0
1777324020013,12080.00,11933.00,NA,2265.00,0
1777324020059,12230.00,11933.00,NA,2265.00,0
1777324020084,11910.00,11933.00,NA,2265.00,0
1777324020133,12150.00,11853.00,NA,2265.00,0
1777324020158,12340.00,11907.00,NA,2265.00,0
1777324020182,11650.00,11907.00,NA,2265.00,0
1777324020207,12150.00,11933.00,NA,2265.00,0
1777324020253,12020.00,11920.00,NA,2265.00,0
1777324020278,12200.00,11920.00,NA,2265.00,0
1777324020324,11970.00,11920.00,NA,2265.00,0
1777324020350,12100.00,11933.00,NA,2265.00,0
1777324020376,11980.00,11933.00,NA,2265.00,0
1777324020422,12030.00,11920.00,NA,2265.00,0
1777324020447,12080.00,11933.00,NA,2265.00,0
1777324020473,12260.00,12000.00,NA,2265.00,0
1777324020519,12000.00,11920.00,NA,2265.00,0
1777324020546,11920.00,11907.00,NA,2265.00,0
1777324020571,12100.00,11907.00,NA,2265.00,0
1777324020617,12100.00,11933.00,NA,2265.00,0
1777324020643,12220.00,11923.00,NA,2265.00,0
1777324020689,11800.00,11933.00,NA,2265.00,0
1777324020714,11860.00,11933.00,NA,2265.00,0
1777324020761,12080.00,11920.00,NA,2265.00,0
1777324020787,11820.00,11907.00,NA,2265.00,0
1777324020813,11840.00,11907.00,NA,2265.00,0
1777324020847,12130.00,11999.00,NA,2265.00,0
1777324020873,12070.00,11936.00,NA,2265.00,0
1777324020919,12080.00,11920.00,NA,2265.00,0
1777324020944,11860.00,11920.00,NA,2265.00,0
1777324020969,12210.00,11920.00,NA,2265.00,0
1777324021016,11850.00,11933.00,NA,2265.00,0
1777324021042,12140.00,11933.00,NA,2265.00,0
1777324021067,11890.00,11933.00,NA,2265.00,0
1777324021114,11660.00,11920.00,NA,2265.00,0
1777324021140,12010.00,11907.00,NA,2265.00,0
1777324021165,11940.00,11933.00,NA,2265.00,0
1777324021212,11990.00,11920.00,NA,2265.00,0
1777324021239,11950.00,11920.00,NA,2265.00,0
1777324021286,12010.00,11933.00,NA,2265.00,0
1777324021312,11940.00,11936.00,NA,2265.00,0
1777324021338,11960.00,11933.00,NA,2265.00,0
1777324021385,11960.00,11920.00,NA,2265.00,0
1777324021411,11900.00,11907.00,NA,2265.00,0
1777324021437,11840.00,11933.00,NA,2265.00,0
1777324021483,12030.00,11933.00,NA,2265.00,0
1777324021510,12010.00,11910.00,NA,2265.00,0
1777324021553,12020.00,11920.00,NA,2265.00,0
1777324021578,11820.00,11920.00,NA,2265.00,0
1777324021603,12110.00,11920.00,NA,2265.00,0
1777324021629,12000.00,11987.00,NA,2265.00,0
1777324021676,11830.00,11933.00,NA,2265.00,0
1777324021702,11970.00,11933.00,NA,2265.00,0
1777324021728,12280.00,12000.00,NA,2265.00,0
1777324021775,12060.00,11920.00,NA,2265.00,0
1777324021806,11990.00,11907.00,NA,2265.00,0
1777324021832,12050.00,11987.00,NA,2265.00,0
1777324021879,11910.00,11933.00,NA,2265.00,0
1777324021905,12360.00,11936.00,NA,2265.00,0
1777324021931,12290.00,11910.00,NA,2265.00,0
1777324021978,11950.00,11933.00,NA,2265.00,0
1777324022005,12250.00,11933.00,NA,2265.00,0
1777324022032,11890.00,11933.00,NA,2265.00,0
1777324022079,12040.00,11920.00,NA,2265.00,0
1777324022106,12030.00,11907.00,NA,2265.00,0
1777324022133,11880.00,11920.00,NA,2265.00,0
1777324022181,12400.00,11933.00,NA,2265.00,0
1777324022206,12010.00,11933.00,NA,2265.00,0
1777324022233,11810.00,11933.00,NA,2265.00,0
1777324022259,12160.00,11923.00,NA,2265.00,0
1777324022306,12060.00,11933.00,NA,2265.00,0
1777324022332,11760.00,11933.00,NA,2265.00,0
1777324022359,11990.00,11933.00,NA,2265.00,0
1777324022406,11840.00,11920.00,NA,2265.00,0
1777324022440,12050.00,11907.00,NA,2265.00,0
1777324022467,12110.00,11907.00,NA,2265.00,0
1777324022495,11820.00,11907.00,NA,2265.00,0
1777324022544,12090.00,11933.00,NA,2265.00,0
1777324022571,12210.00,11933.00,NA,2265.00,0
1777324022597,12000.00,11933.00,NA,2265.00,0
1777324022643,12340.00,11920.00,NA,2265.00,0
1777324022670,11980.00,11933.00,NA,2265.00,0
1777324022695,11900.00,11933.00,NA,2265.00,0
1777324022722,11950.00,11952.00,NA,2265.00,0
1777324022770,11970.00,11933.00,NA,2265.00,0
1777324022797,11990.00,11987.00,NA,2265.00,0
1777324022824,12070.00,11987.00,NA,2265.00,0
1777324022856,11980.00,11933.00,NA,2265.00,0
1777324022904,12170.00,11933.00,NA,2265.00,0
1777324022932,12110.00,11933.00,NA,2265.00,0
1777324022959,12050.00,11933.00,NA,2265.00,0
1777324022986,11780.00,11933.00,NA,2265.00,0
1777324023034,11980.00,11933.00,NA,2265.00,0
1777324023066,12110.00,11910.00,NA,2265.00,0
1777324023092,12120.00,11907.00,NA,2265.00,0
1777324023118,11940.00,11933.00,NA,2265.00,0
1777324023167,12580.00,11933.00,NA,2265.00,0
1777324023194,12330.00,11949.00,NA,2265.00,0
1777324023222,11940.00,11920.00,NA,2265.00,0
1777324023271,11710.00,11933.00,NA,2265.00,0
1777324023299,12060.00,11933.00,NA,2265.00,0
1777324023327,11940.00,11933.00,NA,2265.00,0
1777324023354,12120.00,11933.00,NA,2265.00,0
1777324023401,12060.00,11933.00,NA,2265.00,0
1777324023428,12120.00,11920.00,NA,2265.00,0
1777324023454,11910.00,11987.00,NA,2265.00,0
1777324023487,12040.00,11938.00,NA,2265.00,0
1777324023536,12440.00,11933.00,NA,2265.00,0
1777324023564,12030.00,12013.00,NA,2265.00,0
1777324023590,12170.00,12093.00,NA,2265.00,0
1777324023617,12010.00,12096.00,NA,2265.00,0
1777324023664,12050.00,12016.00,NA,2265.00,0
1777324023698,12040.00,12067.00,NA,2265.00,0
1777324023725,12110.00,12067.00,NA,2265.00,0
1777324023751,11750.00,12067.00,NA,2265.00,0
1777324023799,11710.00,12013.00,NA,2265.00,0
1777324023826,12080.00,12080.00,NA,2265.00,0
1777324023853,12010.00,12080.00,NA,2265.00,0
1777324023887,11840.00,12067.00,NA,2265.00,0
1777324023916,12050.00,12080.00,NA,2265.00,0
1777324023965,11830.00,12003.00,NA,2265.00,0
1777324023991,12150.00,12067.00,NA,2265.00,0
1777324024018,12190.00,12093.00,NA,2265.00,0
1777324024046,12030.00,12093.00,NA,2265.00,0
1777324024096,11930.00,12013.00,NA,2265.00,0
1777324024123,11730.00,12080.00,NA,2265.00,0
1777324024149,11970.00,12067.00,NA,2265.00,0
1777324024197,11830.00,12013.00,NA,2265.00,0
1777324024225,11890.00,12080.00,NA,2265.00,0
1777324024251,12190.00,12093.00,NA,2265.00,0
1777324024278,11990.00,12082.00,NA,2265.00,0
1777324024331,11800.00,12013.00,NA,2265.00,0
1777324024357,11860.00,12000.00,NA,2265.00,0
1777324024384,11820.00,12067.00,NA,2265.00,0
1777324024410,12040.00,12092.00,NA,2265.00,0
1777324024459,12110.00,12080.00,NA,2265.00,0
1777324024485,12140.00,12093.00,NA,2265.00,0
1777324024516,11970.00,12067.00,NA,2265.00,0
1777324024548,11930.00,12080.00,NA,2265.00,0
1777324024574,12020.00,12093.00,NA,2265.00,0
1777324024622,11730.00,12029.00,NA,2265.00,0
1777324024649,12230.00,12080.00,NA,2265.00,0
1777324024676,12160.00,12093.00,NA,2265.00,0
1777324024725,11710.00,12080.00,NA,2265.00,0
1777324024842,23890.00,11853.00,NA,4530.00,0
1777324024866,11790.00,11897.00,NA,2265.00,0
1777324024911,12060.00,11933.00,NA,2265.00,0
1777324024935,12000.00,11933.00,NA,2265.00,0
1777324024959,12000.00,11913.00,NA,2265.00,0
1777324025004,11700.00,11933.00,NA,2265.00,0
1777324025028,11810.00,11933.00,NA,2265.00,0
1777324025073,12150.00,11920.00,NA,2265.00,0
1777324025097,11870.00,11933.00,NA,2265.00,0
1777324025143,12110.00,11933.00,NA,2265.00,0
1777324025167,11900.00,11920.00,NA,2265.00,0
1777324025212,12030.00,11853.00,NA,2265.00,0
1777324025237,12310.00,11920.00,NA,2265.00,0
1777324025261,11970.00,11933.00,NA,2265.00,0
1777324025306,12060.00,11933.00,NA,2265.00,0
1777324025331,12160.00,11933.00,NA,2265.00,0
1777324025376,11980.00,11920.00,NA,2265.00,0
1777324025400,11840.00,11907.00,NA,2265.00,0
1777324025425,12010.00,11955.00,NA,2265.00,0
1777324025471,11600.00,11920.00,NA,2265.00,0
1777324025495,11910.00,11907.00,NA,2265.00,0
1777324025540,12020.00,11933.00,NA,2265.00,0
1777324025564,11900.00,11933.00,NA,2265.00,0
1777324025609,11990.00,11920.00,NA,2265.00,0
1777324025634,12020.00,11933.00,NA,2265.00,0
1777324025658,12040.00,11933.00,NA,2265.00,0
1777324025704,11890.00,11920.00,NA,2265.00,0
1777324025728,11880.00,11933.00,NA,2265.00,0
1777324025773,11870.00,11933.00,NA,2265.00,0
1777324025798,11960.00,11920.00,NA,2265.00,0
1777324025823,12180.00,11936.00,NA,2265.00,0
1777324025868,11880.00,11933.00,NA,2265.00,0
1777324025893,12040.00,11923.00,NA,2265.00,0
1777324025938,12100.00,11933.00,NA,2265.00,0
1777324025963,11800.00,11933.00,NA,2265.00,0
1777324025987,11770.00,11933.00,NA,2265.00,0
1777324026033,11990.00,11920.00,NA,2265.00,0
1777324026058,11820.00,11933.00,NA,2265.00,0
1777324026104,12120.00,11920.00,NA,2265.00,0
1777324026129,11980.00,11920.00,NA,2265.00,0
1777324026154,11960.00,11936.00,NA,2265.00,0
1777324026198,11810.00,11920.00,NA,2265.00,0
1777324026223,11860.00,11933.00,NA,2265.00,0
1777324026268,12220.00,11933.00,NA,2265.00,0
1777324026293,12190.00,11933.00,NA,2265.00,0
1777324026317,11970.00,11933.00,NA,2265.00,0
1777324026363,11800.00,11933.00,NA,2265.00,0
1777324026387,11930.00,12000.00,NA,2265.00,0
1777324026433,11890.00,11923.00,NA,2265.00,0
1777324026459,11990.00,11907.00,NA,2265.00,0
1777324026483,11930.00,11987.00,NA,2265.00,0
1777324026530,11920.00,11933.00,NA,2265.00,0
1777324026556,12220.00,12000.00,NA,2265.00,0
1777324026602,11800.00,11920.00,NA,2265.00,0
1777324026627,12120.00,11933.00,NA,2265.00,0
1777324026652,11950.00,11933.00,NA,2265.00,0
1777324026699,12010.00,11920.00,NA,2265.00,0
1777324026724,11990.00,11907.00,NA,2265.00,0
1777324026770,12100.00,11920.00,NA,2265.00,0
1777324026796,11900.00,11933.00,NA,2265.00,0
1777324026824,12040.00,11920.00,NA,2265.00,0
1777324026870,12110.00,11920.00,NA,2265.00,0
1777324026895,11960.00,11933.00,NA,2265.00,0
1777324026920,12180.00,11933.00,NA,2265.00,0
1777324026967,11970.00,11920.00,NA,2265.00,0
1777324026992,12110.00,11920.00,NA,2265.00,0
1777324027017,12250.00,11933.00,NA,2265.00,0
1777324027062,11890.00,11920.00,NA,2265.00,0
1777324027088,12060.00,11920.00,NA,2265.00,0
1777324027134,11740.00,11933.00,NA,2265.00,0
1777324027160,11880.00,11920.00,NA,2265.00,0
1777324027185,11810.00,11952.00,NA,2265.00,0
1777324027232,11980.00,11920.00,NA,2265.00,0
1777324027258,12180.00,11933.00,NA,2265.00,0
1777324027283,12060.00,11933.00,NA,2265.00,0
1777324027329,11750.00,11920.00,NA,2265.00,0
1777324027355,11720.00,11907.00,NA,2265.00,0
1777324027401,11670.00,11920.00,NA,2265.00,0
1777324027426,11880.00,11933.00,NA,2265.00,0
1777324027453,11820.00,11920.00,NA,2265.00,0
1777324027499,12190.00,11933.00,NA,2265.00,0
1777324027525,11890.00,11933.00,NA,2265.00,0
1777324027551,11880.00,11933.00,NA,2265.00,0
1777324027598,11860.00,11920.00,NA,2265.00,0
1777324027624,12140.00,11920.00,NA,2265.00,0
1777324027649,11660.00,11949.00,NA,2265.00,0
1777324027696,11950.00,11920.00,NA,2265.00,0
1777324027722,12150.00,11920.00,NA,2265.00,0
1777324027747,11840.00,11907.00,NA,2265.00,0
1777324027794,12260.00,11933.00,NA,2265.00,0
1777324027820,12280.00,11933.00,NA,2265.00,0
1777324027846,11970.00,11923.00,NA,2265.00,0
1777324027893,11960.00,11920.00,NA,2265.00,0
1777324027919,12070.00,11933.00,NA,2265.00,0
1777324027945,19950.00,11933.00,NA,7926.00,0
1777324027994,19850.00,11906.00,NA,7925.00,0
1777324028023,19910.00,12001.00,NA,7924.00,0
1777324028052,19720.00,12068.00,NA,7926.00,0
1777324028082,19980.00,12121.00,NA,7925.00,0
1777324028114,19900.00,12164.00,NA,7924.00,0
1777324028143,20090.00,12215.00,NA,7926.00,0
1777324028192,20240.00,12293.00,NA,7925.00,0
1777324028221,20370.00,12359.00,NA,7924.00,0
1777324028250,20260.00,12413.00,NA,7926.00,0
1777324028278,19950.00,12466.00,NA,7925.00,0
1777324028327,20190.00,12506.00,NA,7924.00,0
1777324028357,20200.00,12535.00,NA,7926.00,0
1777324028386,20250.00,12588.00,NA,7925.00,0
1777324028415,20030.00,12654.00,NA,7924.00,0
1777324028444,20120.00,12708.00,NA,7926.00,0
1777324028495,19930.00,12706.00,NA,7925.00,0
1777324028535,20030.00,12801.00,NA,7924.00,0
1777324028564,19880.00,12855.00,NA,7926.00,0
1777324028593,20130.00,12908.00,NA,7925.00,0
1777324028622,20300.00,12955.00,NA,7924.00,0
1777324028652,20050.00,13015.00,NA,7926.00,0
1777324028681,20270.00,13081.00,NA,7925.00,0
1777324028713,19930.00,13134.00,NA,7924.00,0
1777324028745,19950.00,13191.00,NA,7926.00,0
1777324028774,19750.00,13231.00,NA,7925.00,0
1777324028825,19880.00,13306.00,NA,7924.00,0
1777324028856,19650.00,13335.00,NA,7926.00,0
1777324028887,20060.00,13401.00,NA,7925.00,0
1777324028916,20080.00,13444.00,NA,7924.00,0
1777324028953,19990.00,13495.00,NA,7926.00,0
1777324028985,19970.00,13561.00,NA,7925.00,0
1777324029015,20130.00,13604.00,NA,7924.00,0
1777324029046,19760.00,13655.00,NA,7926.00,0
1777324029077,19830.00,13708.00,NA,7925.00,0
1777324029110,20060.00,13774.00,NA,7924.00,0
1777324029138,20070.00,13828.00,NA,7926.00,0
1777324029190,19650.00,13893.00,NA,7925.00,0
1777324029221,20150.00,13921.00,NA,7924.00,0
1777324029252,20030.00,13975.00,NA,7926.00,0
1777324029282,20260.00,14028.00,NA,7925.00,0
1777324029313,19950.00,14081.00,NA,7924.00,0
1777324029350,19980.00,14148.00,NA,7926.00,0
1777324029386,19850.00,14226.00,NA,7925.00,0
1777324029417,19950.00,14266.00,NA,7924.00,0
1777324029448,20130.00,14320.00,NA,7926.00,0
1777324029479,19820.00,14386.00,NA,7925.00,0
1777324029510,19900.00,14439.00,NA,7924.00,0
1777324029541,19650.00,14493.00,NA,7926.00,0
1777324029571,20010.00,14546.00,NA,7925.00,0
1777324029602,19890.00,14599.00,NA,7924.00,0
1777324029633,20410.00,14653.00,NA,7926.00,0
1777324029685,19820.00,14634.00,NA,7925.00,0
1777324029716,20160.00,14746.00,NA,7924.00,0
1777324029747,19960.00,14813.00,NA,7926.00,0
1777324029778,20450.00,14946.00,NA,7925.00,0
1777324029808,20170.00,15079.00,NA,7924.00,0
1777324029839,19820.00,15200.00,NA,7926.00,0
1777324029874,20120.00,15199.00,NA,7925.00,0
1777324029906,20120.00,15201.00,NA,7924.00,0
1777324030003,19830.00,15120.00,NA,7926.00,0
1777324030029,19910.00,15148.00,NA,7925.00,0
1777324030054,19960.00,15201.00,NA,7924.00,0
1777324030100,19950.00,15213.00,NA,7926.00,0
1777324030126,20110.00,15333.00,NA,7925.00,0
1777324030152,20160.00,15374.00,NA,7924.00,0
1777324030199,20310.00,15440.00,NA,7926.00,0
1777324030225,19940.00,15506.00,NA,7925.00,0
1777324030251,20270.00,15559.00,NA,7924.00,0
1777324030297,19950.00,15600.00,NA,7926.00,0
1777324030323,19800.00,15628.00,NA,7925.00,0
1777324030370,19520.00,15706.00,NA,7924.00,0
1777324030395,19740.00,15773.00,NA,7926.00,0
1777324030421,20380.00,15791.00,NA,7925.00,0
1777324030468,19680.00,15866.00,NA,7924.00,0
1777324030494,19970.00,15933.00,NA,7926.00,0
1777324030521,20360.00,15986.00,NA,7925.00,0
1777324030567,19530.00,15959.00,NA,7924.00,0
1777324030594,20160.00,16055.00,NA,7926.00,0
1777324030621,19950.00,16108.00,NA,7925.00,0
1777324030647,20060.00,16199.00,NA,7924.00,0
1777324030695,19980.00,16240.00,NA,7926.00,0
1777324030722,20430.00,16268.00,NA,7925.00,0
1777324030749,19690.00,16321.00,NA,7924.00,0
1777324030797,20220.00,16413.00,NA,7926.00,0
1777324030824,20300.00,16466.00,NA,7925.00,0
1777324030850,19700.00,16506.00,NA,7924.00,0
1777324030898,19940.00,16493.00,NA,7926.00,0
1777324030925,19770.00,16588.00,NA,7925.00,0
1777324030951,20340.00,16641.00,NA,7924.00,0
1777324030979,19530.00,16733.00,NA,7926.00,0
1777324031028,19910.00,16773.00,NA,7925.00,0
1777324031056,19800.00,16801.00,NA,7924.00,0
1777324031084,19770.00,16855.00,NA,7926.00,0
1777324031111,19940.00,16921.00,NA,7925.00,0
1777324031160,19870.00,16935.00,NA,7924.00,0
1777324031188,20470.00,17040.00,NA,7926.00,0
1777324031216,19540.00,17106.00,NA,7925.00,0
1777324031243,19990.00,17159.00,NA,7924.00,0
1777324031292,20000.00,17200.00,NA,7926.00,0
1777324031319,20050.00,17228.00,NA,7925.00,0
1777324031346,20180.00,17281.00,NA,7924.00,0
1777324031394,20010.00,17293.00,NA,7926.00,0
1777324031422,19890.00,17413.00,NA,7925.00,0
1777324031449,20240.00,17479.00,NA,7924.00,0
1777324031497,20170.00,17443.00,NA,7926.00,0
1777324031533,19620.00,17548.00,NA,7925.00,0
1777324031565,19720.00,17534.00,NA,7924.00,0
1777324031595,20020.00,17655.00,NA,7926.00,0
1777324031624,20120.00,17708.00,NA,7925.00,0
1777324031652,20020.00,17761.00,NA,7924.00,0
1777324031681,20130.00,17815.00,NA,7926.00,0
1777324031712,20120.00,17881.00,NA,7925.00,0
1777324031741,20290.00,17937.00,NA,7924.00,0
1777324031790,20140.00,18000.00,NA,7926.00,0
1777324031817,20060.00,18066.00,NA,7925.00,0
1777324031845,20150.00,18119.00,NA,7924.00,0
1777324031873,20280.00,18222.00,NA,7926.00,0
1777324031922,19710.00,18213.00,NA,7925.00,0
1777324031950,20200.00,18241.00,NA,7924.00,0
1777324031978,19850.00,18308.00,NA,7926.00,0
1777324032007,20060.00,18351.00,NA,7925.00,0
1777324032056,19910.00,18426.00,NA,7924.00,0
1777324032084,19640.00,18493.00,NA,7926.00,0
1777324032113,20270.00,18546.00,NA,7925.00,0
1777324032141,19960.00,18599.00,NA,7924.00,0
1777324032191,19930.00,18573.00,NA,7926.00,0
1777324032220,20200.00,18668.00,NA,7925.00,0
1777324032249,19700.00,18721.00,NA,7924.00,0
1777324032278,20040.00,18775.00,NA,7926.00,0
1777324032307,20060.00,18828.00,NA,7925.00,0
1777324032344,20150.00,18894.00,NA,7924.00,0
1777324032373,19630.00,18951.00,NA,7926.00,0
1777324032424,19960.00,19013.00,NA,7925.00,0
1777324032455,19960.00,19054.00,NA,7924.00,0
1777324032485,20160.00,19095.00,NA,7926.00,0
1777324032514,20230.00,19148.00,NA,7925.00,0
1777324032554,20140.00,19201.00,NA,7924.00,0
1777324032583,20100.00,19255.00,NA,7926.00,0
1777324032613,19900.00,19321.00,NA,7925.00,0
1777324032643,20080.00,19364.00,NA,7924.00,0
1777324032673,20150.00,19415.00,NA,7926.00,0
1777324032703,20150.00,19481.00,NA,7925.00,0
1777324032753,19790.00,19492.00,NA,7924.00,0
1777324032786,20170.00,19613.00,NA,7926.00,0
1777324032816,19680.00,19628.00,NA,7925.00,0
1777324032847,20040.00,19681.00,NA,7924.00,0
1777324032877,19880.00,19748.00,NA,7926.00,0
1777324032908,19960.00,19788.00,NA,7925.00,0
1777324032938,19660.00,19841.00,NA,7924.00,0
1777324032979,20260.00,19841.00,NA,7926.00,0
1777324033009,19770.00,19890.00,NA,7925.00,0
1777324033039,19870.00,19866.00,NA,7924.00,0
1777324033070,20250.00,19891.00,NA,7926.00,0
1777324033101,20250.00,19891.00,NA,7925.00,0
1777324033157,19820.00,19758.00,NA,7924.00,0
1777324033202,19800.00,19866.00,NA,7926.00,0
1777324033240,40020.00,19758.00,NA,15849.00,0
1777324033272,19580.00,19816.00,NA,7926.00,0
1777324033305,20080.00,19841.00,NA,7925.00,0
1777324033337,19640.00,19948.00,NA,7924.00,0
1777324033373,20160.00,19866.00,NA,7926.00,0
1777324033405,20260.00,19891.00,NA,7925.00,0
1777324033437,20240.00,19892.00,NA,7924.00,0
1777324033469,19610.00,19891.00,NA,7926.00,0
1777324033502,19810.00,20000.00,NA,7925.00,0
1777324033535,19730.00,20025.00,NA,7924.00,0
1777324033568,20140.00,20000.00,NA,7926.00,0
1777324033862,19820.00,18825.00,NA,7925.00,0
1777324034032,19970.00,18266.00,NA,7924.00,0
1777324034101,40000.00,18158.00,NA,15851.00,0
1777324034130,19850.00,18291.00,NA,7924.00,0
1777324034156,20230.00,18291.00,NA,7926.00,0
1777324034203,19970.00,18291.00,NA,7925.00,0
1777324034229,19790.00,18266.00,NA,7924.00,0
1777324034255,19600.00,18373.00,NA,7926.00,0
1777324034302,20220.00,18291.00,NA,7925.00,0
1777324034327,19960.00,18291.00,NA,7924.00,0
1777324034354,20060.00,18399.00,NA,7926.00,0
1777324034401,19710.00,18291.00,NA,7925.00,0
1777324034427,19940.00,18291.00,NA,7924.00,0
1777324034453,19970.00,18373.00,NA,7926.00,0
1777324034500,20050.00,18266.00,NA,7925.00,0
1777324034526,19810.00,18241.00,NA,7924.00,0
1777324034552,20000.00,18345.00,NA,7926.00,0
1777324034600,19840.00,18266.00,NA,7925.00,0
1777324034626,20120.00,18266.00,NA,7924.00,0
1777324034653,20240.00,18241.00,NA,7926.00,0
1777324034680,19830.00,18375.00,NA,7925.00,0
1777324034727,20220.00,18291.00,NA,7924.00,0
1777324034754,20060.00,18291.00,NA,7926.00,0
1777324034780,20160.00,18373.00,NA,7925.00,0
1777324034827,20140.00,18266.00,NA,7924.00,0
1777324034854,19860.00,18266.00,NA,7926.00,0
1777324034881,20240.00,18266.00,NA,7925.00,0
1777324034929,20210.00,18293.00,NA,7924.00,0
1777324034956,20320.00,18426.00,NA,7926.00,0
1777324034982,20090.00,18534.00,NA,7925.00,0
1777324035030,19700.00,18558.00,NA,7924.00,0
1777324035057,20000.00,18550.00,NA,7926.00,0
1777324035084,20150.00,18558.00,NA,7925.00,0
1777324035111,19640.00,18558.00,NA,7924.00,0
1777324035159,20170.00,18506.00,NA,7926.00,0
1777324035186,20060.00,18508.00,NA,7925.00,0
1777324035214,19970.00,18533.00,NA,7924.00,0
1777324035262,20060.00,18425.00,NA,7926.00,0
1777324035289,20030.00,18533.00,NA,7925.00,0
1777324035316,20340.00,18558.00,NA,7924.00,0
1777324035344,19910.00,18559.00,NA,7926.00,0
1777324035392,19630.00,18558.00,NA,7925.00,0
1777324035419,19870.00,18558.00,NA,7924.00,0
1777324035447,19850.00,18558.00,NA,7926.00,0
1777324035496,20130.00,18533.00,NA,7925.00,0
1777324035525,19900.00,18484.00,NA,7924.00,0
1777324035554,20070.00,18508.00,NA,7926.00,0
1777324035582,20200.00,18533.00,NA,7925.00,0
1777324035610,19930.00,18535.00,NA,7924.00,0
1777324035659,20080.00,18425.00,NA,7926.00,0
1777324035687,20240.00,18533.00,NA,7925.00,0
1777324035715,19740.00,18558.00,NA,7924.00,0
1777324035743,20120.00,18558.00,NA,7926.00,0
1777324035792,20190.00,18533.00,NA,7925.00,0
1777324035819,20110.00,18508.00,NA,7924.00,0
1777324035847,20160.00,18533.00,NA,7926.00,0
1777324035874,19810.00,18533.00,NA,7925.00,0
1777324035923,19860.00,18558.00,NA,7924.00,0
1777324035952,20210.00,18558.00,NA,7926.00,0
1777324035981,19800.00,18508.00,NA,7925.00,0
1777324036009,19750.00,18533.00,NA,7924.00,0
1777324036057,20070.00,18558.00,NA,7926.00,0
1777324036085,19670.00,18533.00,NA,7925.00,0
1777324036114,20080.00,18533.00,NA,7924.00,0
1777324036143,20040.00,18558.00,NA,7926.00,0
1777324036171,20070.00,18558.00,NA,7925.00,0
1777324036221,19620.00,18511.00,NA,7924.00,0
1777324036315,20160.00,18266.00,NA,7926.00,0
1777324036341,20030.00,18291.00,NA,7925.00,0
1777324036365,20160.00,18293.00,NA,7924.00,0
1777324036390,19720.00,18375.00,NA,7926.00,0
1777324036435,19610.00,18291.00,NA,7925.00,0
1777324036463,19410.00,18291.00,NA,7924.00,0
1777324036490,20390.00,18400.00,NA,7926.00,0
1777324036536,20180.00,18407.00,NA,7925.00,0
1777324036560,19980.00,18400.00,NA,7924.00,0
1777324036585,19880.00,18425.00,NA,7926.00,0
1777324036630,19930.00,18373.00,NA,7925.00,0
1777324036655,20110.00,18372.00,NA,7924.00,0
1777324036700,20490.00,18291.00,NA,7926.00,0
1777324036727,20000.00,18266.00,NA,7925.00,0
1777324036752,20030.00,18267.00,NA,7924.00,0
1777324036798,19500.00,18291.00,NA,7926.00,0
1777324036823,19850.00,18291.00,NA,7925.00,0
1777324036903,20120.00,18133.00,NA,7924.00,0
1777324036928,19750.00,18133.00,NA,7926.00,0
1777324036973,19950.00,18158.00,NA,7925.00,0
1777324036998,20080.00,18160.00,NA,7924.00,0
1777324037023,19850.00,18134.00,NA,7926.00,0
1777324037067,20530.00,18158.00,NA,7925.00,0
1777324037092,19750.00,18158.00,NA,7924.00,0
1777324037138,20200.00,18133.00,NA,7926.00,0
1777324037166,19680.00,18108.00,NA,7925.00,0
1777324037194,20050.00,18241.00,NA,7924.00,0
1777324037221,20140.00,18291.00,NA,7926.00,0
1777324037270,20360.00,18158.00,NA,7925.00,0
1777324037298,19960.00,18153.00,NA,7924.00,0
1777324037328,19960.00,18133.00,NA,7926.00,0
1777324037357,19710.00,18133.00,NA,7925.00,0
1777324037404,20040.00,18158.00,NA,7924.00,0
1777324037432,19820.00,18223.00,NA,7926.00,0
1777324037460,19560.00,18265.00,NA,7925.00,0
1777324037488,20020.00,18281.00,NA,7924.00,0
1777324037537,19690.00,18158.00,NA,7926.00,0
1777324037568,20250.00,18133.00,NA,7925.00,0
1777324037596,20000.00,18133.00,NA,7924.00,0
1777324037624,19870.00,18133.00,NA,7926.00,0
1777324037654,19990.00,18133.00,NA,7925.00,0
1777324037703,19970.00,18158.00,NA,7924.00,0
1777324037731,20180.00,18158.00,NA,7926.00,0
1777324037759,20610.00,18240.00,NA,7925.00,0
1777324037787,19840.00,18266.00,NA,7924.00,0
1777324037816,20160.00,18291.00,NA,7926.00,0
1777324037864,19870.00,18160.00,NA,7925.00,0
1777324037893,19990.00,18135.00,NA,7924.00,0
1777324037922,20060.00,18133.00,NA,7926.00,0
1777324037951,19950.00,18266.00,NA,7925.00,0
1777324038001,19990.00,18158.00,NA,7924.00,0
1777324038031,20150.00,18158.00,NA,7926.00,0
1777324038060,20450.00,18158.00,NA,7925.00,0
1777324038089,20000.00,18158.00,NA,7924.00,0
1777324038118,19930.00,18158.00,NA,7926.00,0
1777324038147,20240.00,18266.00,NA,7925.00,0
1777324038197,20190.00,18266.00,NA,7924.00,0
1777324038227,19930.00,18241.00,NA,7926.00,0
1777324038257,19930.00,18158.00,NA,7925.00,0
1777324038287,20240.00,18185.00,NA,7924.00,0
1777324038316,19940.00,18133.00,NA,7926.00,0
1777324038367,20360.00,18158.00,NA,7925.00,0
1777324038397,19960.00,18133.00,NA,7924.00,0
1777324038426,19930.00,18133.00,NA,7926.00,0
1777324038456,19840.00,18133.00,NA,7925.00,0
1777324038485,19880.00,18133.00,NA,7924.00,0
1777324038520,19710.00,18133.00,NA,7926.00,0
1777324038550,20130.00,18133.00,NA,7925.00,0
1777324038579,19960.00,18266.00,NA,7924.00,0
1777324038610,19840.00,18373.00,NA,7926.00,0
1777324038661,20050.00,18531.00,NA,7925.00,0
1777324038692,19870.00,18665.00,NA,7924.00,0
1777324038721,19660.00,18798.00,NA,7926.00,0
1777324038750,20070.00,18931.00,NA,7925.00,0
1777324038781,19820.00,18958.00,NA,7924.00,0
1777324038811,19880.00,19091.00,NA,7926.00,0
1777324038863,19850.00,19225.00,NA,7925.00,0
1777324038894,19570.00,19250.00,NA,7924.00,0
1777324038923,20020.00,19358.00,NA,7926.00,0
1777324038953,19800.00,19516.00,NA,7925.00,0
1777324038983,19570.00,19650.00,NA,7924.00,0
1777324039013,20150.00,19783.00,NA,7926.00,0
1777324039043,20060.00,19783.00,NA,7925.00,0
1777324039072,19770.00,19891.00,NA,7924.00,0
1777324039126,20190.00,19783.00,NA,7926.00,0
1777324039159,20030.00,19733.00,NA,7925.00,0
1777324039188,20250.00,19733.00,NA,7924.00,0
1777324039217,20060.00,19733.00,NA,7926.00,0
1777324039248,19810.00,19733.00,NA,7925.00,0
1777324039278,19780.00,19735.00,NA,7924.00,0
1777324039308,20190.00,19814.00,NA,7926.00,0
1777324039340,20240.00,19733.00,NA,7925.00,0
1777324039370,20030.00,19758.00,NA,7924.00,0
1777324039420,19780.00,19733.00,NA,7926.00,0
1777324039451,19950.00,19708.00,NA,7925.00,0
1777324039482,20240.00,19708.00,NA,7924.00,0
1777324039514,20000.00,19733.00,NA,7926.00,0
1777324039547,20190.00,19735.00,NA,7925.00,0
1777324039583,19780.00,19733.00,NA,7924.00,0
1777324039613,20090.00,19758.00,NA,7926.00,0
1777324039712,20220.00,19491.00,NA,7925.00,0
1777324039735,19930.00,19491.00,NA,7924.00,0
1777324039781,19840.00,19466.00,NA,7926.00,0
1777324039807,19550.00,19441.00,NA,7925.00,0
1777324039832,20260.00,19548.00,NA,7924.00,0
1777324039935,19680.00,19225.00,NA,7926.00,0
1777324039962,20070.00,19200.00,NA,7925.00,0
1777324039988,20010.00,19200.00,NA,7924.00,0
1777324040035,20090.00,19300.00,NA,7926.00,0
1777324040062,19910.00,19225.00,NA,7925.00,0
1777324040088,20200.00,19306.00,NA,7924.00,0
1777324040135,19990.00,19225.00,NA,7926.00,0
1777324040162,19940.00,19281.00,NA,7925.00,0
1777324040188,20120.00,19358.00,NA,7924.00,0
1777324040235,20080.00,19201.00,NA,7926.00,0
1777324040262,19660.00,19308.00,NA,7925.00,0
1777324040289,20010.00,19308.00,NA,7924.00,0
1777324040315,19800.00,19308.00,NA,7926.00,0
1777324040363,20360.00,19225.00,NA,7925.00,0
1777324040389,19880.00,19333.00,NA,7924.00,0
1777324040415,19820.00,19309.00,NA,7926.00,0
1777324040463,20120.00,19225.00,NA,7925.00,0
1777324040490,19720.00,19333.00,NA,7924.00,0
1777324040517,20020.00,19358.00,NA,7926.00,0
1777324040564,19880.00,19225.00,NA,7925.00,0
1777324040592,19670.00,19200.00,NA,7924.00,0
1777324040619,19940.00,19200.00,NA,7926.00,0
1777324040647,20010.00,19308.00,NA,7925.00,0
1777324040694,19920.00,19225.00,NA,7924.00,0
1777324040722,19750.00,19225.00,NA,7926.00,0
1777324040749,19990.00,19306.00,NA,7925.00,0
1777324040803,19950.00,19225.00,NA,7924.00,0
1777324040830,19850.00,19200.00,NA,7926.00,0
1777324040857,20210.00,19201.00,NA,7925.00,0
1777324040885,19880.00,19226.00,NA,7924.00,0
1777324040913,20150.00,19333.00,NA,7926.00,0
1777324040961,19910.00,19225.00,NA,7925.00,0
1777324040988,20010.00,19225.00,NA,7924.00,0
1777324041015,19940.00,19200.00,NA,7926.00,0
1777324041064,20290.00,19306.00,NA,7925.00,0
1777324041091,20090.00,19331.00,NA,7924.00,0
1777324041119,20130.00,19331.00,NA,7926.00,0
1777324041146,19860.00,19306.00,NA,7925.00,0
1777324041194,20500.00,19200.00,NA,7924.00,0
1777324041224,20030.00,19308.00,NA,7926.00,0
1777324041251,20140.00,19333.00,NA,7925.00,0
1777324041279,19950.00,19466.00,NA,7924.00,0
1777324041328,19840.00,19493.00,NA,7926.00,0
1777324041356,20000.00,19491.00,NA,7925.00,0
1777324041384,19850.00,19491.00,NA,7924.00,0
1777324041413,19720.00,19493.00,NA,7926.00,0
1777324041462,19780.00,19466.00,NA,7925.00,0
1777324041490,19590.00,19441.00,NA,7924.00,0
1777324041519,19920.00,19441.00,NA,7926.00,0
1777324041547,19800.00,19466.00,NA,7925.00,0
1777324041576,20120.00,19493.00,NA,7924.00,0
1777324041625,19880.00,19466.00,NA,7926.00,0
1777324041653,19690.00,19491.00,NA,7925.00,0
1777324041682,20230.00,19491.00,NA,7924.00,0
1777324041710,19970.00,19491.00,NA,7926.00,0
1777324041760,19970.00,19385.00,NA,7925.00,0
1777324041789,20010.00,19466.00,NA,7924.00,0
1777324041818,20030.00,19466.00,NA,7926.00,0
1777324041846,20180.00,19466.00,NA,7925.00,0
1777324041882,20160.00,19600.00,NA,7924.00,0
1777324041911,20430.00,19600.00,NA,7926.00,0
1777324041941,20050.00,19600.00,NA,7925.00,0
1777324041991,19930.00,19625.00,NA,7924.00,0
1777324042022,20420.00,19625.00,NA,7926.00,0
1777324042052,20100.00,19625.00,NA,7925.00,0
1777324042080,20000.00,19625.00,NA,7924.00,0
1777324042110,19880.00,19625.00,NA,7926.00,0
1777324042140,19940.00,19733.00,NA,7925.00,0
1777324042191,19740.00,19626.00,NA,7924.00,0
1777324042221,19840.00,19601.00,NA,7926.00,0
1777324042251,20290.00,19580.00,NA,7925.00,0
1777324042281,20300.00,19600.00,NA,7924.00,0
1777324042311,20160.00,19625.00,NA,7926.00,0
1777324042342,20220.00,19625.00,NA,7925.00,0
1777324042372,20000.00,19625.00,NA,7924.00,0
1777324042403,19970.00,19733.00,NA,7926.00,0
1777324042454,20050.00,19625.00,NA,7925.00,0
1777324042487,19920.00,19575.00,NA,7924.00,0
1777324042523,19970.00,19600.00,NA,7926.00,0
1777324042571,20080.00,19625.00,NA,7925.00,0
1777324042600,20010.00,19600.00,NA,7924.00,0
1777324042631,19880.00,19599.00,NA,7926.00,0
1777324042661,20070.00,19573.00,NA,7925.00,0
1777324042696,20450.00,19575.00,NA,7924.00,0
1777324042769,19710.00,19333.00,NA,7926.00,0
1777324042794,20190.00,19358.00,NA,7925.00,0
1777324042818,19870.00,19440.00,NA,7924.00,0
1777324042843,20020.00,19441.00,NA,7926.00,0
1777324042889,20130.00,19491.00,NA,7925.00,0
1777324042913,19560.00,19491.00,NA,7924.00,0
1777324042958,19850.00,19384.00,NA,7926.00,0
1777324042983,20050.00,19466.00,NA,7925.00,0
1777324043007,20110.00,19568.00,NA,7924.00,0
1777324043052,20090.00,19466.00,NA,7926.00,0
1777324043077,20170.00,19466.00,NA,7925.00,0
1777324043122,20170.00,19440.00,NA,7924.00,0
1777324043148,19700.00,19466.00,NA,7926.00,0
1777324043173,19900.00,19441.00,NA,7925.00,0
1777324043220,20270.00,19491.00,NA,7924.00,0
1777324043245,20100.00,19491.00,NA,7926.00,0
1777324043290,19600.00,19485.00,NA,7925.00,0
1777324043319,19890.00,19466.00,NA,7924.00,0
1777324043349,20070.00,19441.00,NA,7926.00,0
1777324043377,20140.00,19466.00,NA,7925.00,0
1777324043405,20450.00,19491.00,NA,7924.00,0
1777324043452,19990.00,19491.00,NA,7926.00,0
1777324043480,19930.00,19493.00,NA,7925.00,0
1777324043515,19890.00,19468.00,NA,7924.00,0
1777324043543,19960.00,19491.00,NA,7926.00,0
1777324043571,20030.00,19491.00,NA,7925.00,0
1777324043619,19770.00,19358.00,NA,7924.00,0
1777324043647,20030.00,19466.00,NA,7926.00,0
1777324043674,20280.00,19466.00,NA,7925.00,0
1777324043702,20090.00,19547.00,NA,7924.00,0
1777324043750,19690.00,19466.00,NA,7926.00,0
1777324043778,19670.00,19441.00,NA,7925.00,0
1777324043806,19680.00,19466.00,NA,7924.00,0
1777324043855,19860.00,19466.00,NA,7926.00,0
1777324043883,19580.00,19466.00,NA,7925.00,0
1777324043911,19620.00,19491.00,NA,7924.00,0
1777324043939,19920.00,19491.00,NA,7926.00,0
1777324043968,19350.00,19491.00,NA,7925.00,0
1777324044017,20070.00,19449.00,NA,7924.00,0
1777324044049,20180.00,19414.00,NA,7926.00,0
1777324044077,20000.00,19415.00,NA,7925.00,0
1777324044107,20060.00,19441.00,NA,7924.00,0
1777324044135,20120.00,19548.00,NA,7926.00,0
1777324044184,20340.00,19491.00,NA,7925.00,0
1777324044213,19750.00,19466.00,NA,7924.00,0
1777324044241,19820.00,19490.00,NA,7926.00,0
1777324044269,20040.00,19491.00,NA,7925.00,0
1777324044298,19630.00,19491.00,NA,7924.00,0
1777324044348,20310.00,19358.00,NA,7926.00,0
1777324044377,19720.00,19333.00,NA,7925.00,0
1777324044409,20020.00,19441.00,NA,7924.00,0
1777324044439,20090.00,19466.00,NA,7926.00,0
1777324044469,20170.00,19466.00,NA,7925.00,0
1777324044521,20000.00,19440.00,NA,7924.00,0
1777324044550,19950.00,19466.00,NA,7926.00,0
1777324044582,19880.00,19441.00,NA,7925.00,0
1777324044613,19630.00,19441.00,NA,7924.00,0
1777324044644,19690.00,19466.00,NA,7926.00,0
1777324044674,20160.00,19600.00,NA,7925.00,0
1777324044704,20050.00,19708.00,NA,7924.00,0
1777324044734,19930.00,19708.00,NA,7926.00,0
1777324044764,19780.00,19708.00,NA,7925.00,0
1777324044797,19810.00,19733.00,NA,7924.00,0
1777324044848,20140.00,19651.00,NA,7926.00,0
1777324044881,20270.00,19760.00,NA,7925.00,0
1777324044912,20050.00,19893.00,NA,7924.00,0
1777324044942,20090.00,19948.00,NA,7926.00,0
1777324044972,19900.00,19866.00,NA,7925.00,0
1777324045005,19740.00,19866.00,NA,7924.00,0
1777324045038,19520.00,19975.00,NA,7926.00,0
1777324045068,20290.00,19948.00,NA,7925.00,0
1777324045098,20020.00,19866.00,NA,7924.00,0
1777324045196,40080.00,19625.00,NA,15851.00,0
1777324045223,20070.00,19866.00,NA,7924.00,0
1777324045249,20190.00,19891.00,NA,7926.00,0
1777324045296,20090.00,19758.00,NA,7925.00,0
1777324045322,19920.00,19760.00,NA,7924.00,0
1777324045348,19990.00,19891.00,NA,7926.00,0
1777324045395,19890.00,19758.00,NA,7925.00,0
1777324045421,19900.00,19733.00,NA,7924.00,0
1777324045447,19940.00,19841.00,NA,7926.00,0
1777324045495,19770.00,19758.00,NA,7925.00,0
1777324045580,20280.00,19625.00,NA,7924.00,0
1777324045606,19930.00,19625.00,NA,7926.00,0
1777324045632,19910.00,19600.00,NA,7925.00,0
1777324045678,19560.00,19625.00,NA,7924.00,0
1777324045704,20050.00,19625.00,NA,7926.00,0
1777324045730,20200.00,19625.00,NA,7925.00,0
1777324045777,19930.00,19600.00,NA,7924.00,0
1777324045803,19840.00,19708.00,NA,7926.00,0
1777324045829,20110.00,19758.00,NA,7925.00,0
1777324045876,20190.00,19625.00,NA,7924.00,0
1777324045904,19990.00,19601.00,NA,7926.00,0
1777324045930,20020.00,19626.00,NA,7925.00,0
1777324045977,19620.00,19625.00,NA,7924.00,0
1777324046004,19920.00,19625.00,NA,7926.00,0
1777324046031,20180.00,19625.00,NA,7925.00,0
1777324046078,19680.00,19600.00,NA,7924.00,0
1777324046104,20060.00,19600.00,NA,7926.00,0
1777324046130,19830.00,19600.00,NA,7925.00,0
1777324046178,19750.00,19600.00,NA,7924.00,0
1777324046205,19730.00,19602.00,NA,7926.00,0
1777324046232,19930.00,19600.00,NA,7925.00,0
1777324046260,19480.00,19600.00,NA,7924.00,0
1777324046309,20390.00,19625.00,NA,7926.00,0
1777324046336,20220.00,19625.00,NA,7925.00,0
1777324046363,19700.00,19625.00,NA,7924.00,0
1777324046390,20250.00,19625.00,NA,7926.00,0
1777324046437,20160.00,19625.00,NA,7925.00,0
1777324046463,19900.00,19708.00,NA,7924.00,0
1777324046490,19780.00,19758.00,NA,7926.00,0
1777324046538,20090.00,19625.00,NA,7925.00,0
1777324046565,19970.00,19600.00,NA,7924.00,0
1777324046591,20130.00,19601.00,NA,7926.00,0
1777324046620,20180.00,19708.00,NA,7925.00,0
1777324046667,20450.00,19625.00,NA,7924.00,0
1777324046694,20130.00,19625.00,NA,7926.00,0
1777324046720,19290.00,19625.00,NA,7925.00,0
1777324046768,19890.00,19625.00,NA,7924.00,0
1777324046795,19730.00,19706.00,NA,7926.00,0
1777324046822,19930.00,19706.00,NA,7925.00,0
1777324046871,20020.00,19625.00,NA,7924.00,0
1777324046898,19930.00,19600.00,NA,7926.00,0
1777324046926,20190.00,19600.00,NA,7925.00,0
1777324046976,19790.00,19625.00,NA,7924.00,0
1777324047005,19580.00,19600.00,NA,7926.00,0
1777324047033,19940.00,19600.00,NA,7925.00,0
1777324047061,19840.00,19705.00,NA,7924.00,0
1777324047089,20030.00,19625.00,NA,7926.00,0
1777324047117,19970.00,19706.00,NA,7925.00,0
1777324047165,19880.00,19600.00,NA,7924.00,0
1777324047195,20190.00,19704.00,NA,7926.00,0
1777324047224,20060.00,19708.00,NA,7925.00,0
1777324047252,19830.00,19708.00,NA,7924.00,0
1777324047301,20120.00,19625.00,NA,7926.00,0
1777324047330,20250.00,19625.00,NA,7925.00,0
1777324047358,20020.00,19625.00,NA,7924.00,0
1777324047386,20560.00,19625.00,NA,7926.00,0
1777324047436,20210.00,19600.00,NA,7925.00,0
1777324047466,20150.00,19600.00,NA,7924.00,0
1777324047496,20390.00,19733.00,NA,7926.00,0
1777324047526,19790.00,19708.00,NA,7925.00,0
1777324047555,20220.00,19708.00,NA,7924.00,0
1777324047584,20120.00,19733.00,NA,7926.00,0
1777324047634,19820.00,19758.00,NA,7925.00,0
1777324047663,20350.00,19758.00,NA,7924.00,0
1777324047692,19560.00,19758.00,NA,7926.00,0
1777324047721,19920.00,19758.00,NA,7925.00,0
1777324047750,20150.00,19891.00,NA,7924.00,0
1777324047800,19850.00,19866.00,NA,7926.00,0
1777324047829,19800.00,19758.00,NA,7925.00,0
1777324047858,19900.00,19737.00,NA,7924.00,0
1777324047889,20090.00,19841.00,NA,7926.00,0
1777324047921,19790.00,19804.00,NA,7925.00,0
1777324047949,20300.00,19841.00,NA,7924.00,0
1777324048000,19870.00,19784.00,NA,7926.00,0
1777324048031,20290.00,19708.00,NA,7925.00,0
1777324048064,19630.00,19733.00,NA,7924.00,0
1777324048095,20230.00,19734.00,NA,7926.00,0
1777324048127,20010.00,19841.00,NA,7925.00,0
1777324048158,20400.00,19733.00,NA,7924.00,0
1777324048190,19970.00,19758.00,NA,7926.00,0
1777324048220,19980.00,19866.00,NA,7925.00,0
1777324048250,20140.00,19866.00,NA,7924.00,0
1777324048281,19860.00,19866.00,NA,7926.00,0
1777324048312,20110.00,19891.00,NA,7925.00,0
1777324048343,20000.00,19891.00,NA,7924.00,0
1777324048395,19900.00,19759.00,NA,7926.00,0
1777324048426,20130.00,19735.00,NA,7925.00,0
1777324048460,19850.00,19815.00,NA,7924.00,0
1777324048491,19980.00,19839.00,NA,7926.00,0
1777324048522,19970.00,19866.00,NA,7925.00,0
1777324048554,20190.00,19758.00,NA,7924.00,0
1777324048585,19840.00,19733.00,NA,7926.00,0
1777324048617,19870.00,19866.00,NA,7925.00,0
1777324048648,19960.00,19891.00,NA,7924.00,0
1777324048772,40210.00,19491.00,NA,15851.00,0
1777324048805,19920.00,19600.00,NA,7924.00,0
1777324048832,20030.00,19600.00,NA,7926.00,0
1777324048859,19830.00,19706.00,NA,7925.00,0
1777324048907,19900.00,19600.00,NA,7924.00,0
1777324048937,19920.00,19575.00,NA,7926.00,0
1777324048965,19800.00,19575.00,NA,7925.00,0
1777324048992,20070.00,19575.00,NA,7924.00,0
1777324049040,19720.00,19625.00,NA,7926.00,0
1777324049068,19860.00,19625.00,NA,7925.00,0
1777324049096,20160.00,19625.00,NA,7924.00,0
1777324049123,20200.00,19625.00,NA,7926.00,0
1777324049172,19700.00,19600.00,NA,7925.00,0
1777324049200,20480.00,19600.00,NA,7924.00,0
1777324049228,19830.00,19625.00,NA,7926.00,0
1777324049257,20280.00,19600.00,NA,7925.00,0
1777324049305,19560.00,19573.00,NA,7924.00,0
1777324049333,20040.00,19600.00,NA,7926.00,0
1777324049387,20330.00,19617.00,NA,7925.00,0
1777324049412,20120.00,19548.00,NA,7924.00,0
1777324049439,20140.00,19575.00,NA,7926.00,0
1777324049467,19890.00,19575.00,NA,7925.00,0
1777324049496,19770.00,19600.00,NA,7924.00,0
1777324049544,20080.00,19625.00,NA,7926.00,0
1777324049573,19740.00,19625.00,NA,7925.00,0
1777324049601,20350.00,19625.00,NA,7924.00,0
1777324049650,20160.00,19573.00,NA,7926.00,0
1777324049679,20300.00,19548.00,NA,7925.00,0
1777324049710,19790.00,19548.00,NA,7924.00,0
1777324049739,20240.00,19548.00,NA,7926.00,0
1777324049768,19850.00,19573.00,NA,7925.00,0
1777324049796,19990.00,19600.00,NA,7924.00,0
1777324049824,20000.00,19600.00,NA,7926.00,0
1777324049858,19740.00,19600.00,NA,7925.00,0
1777324049907,19750.00,19625.00,NA,7924.00,0
1777324049936,20180.00,19625.00,NA,7926.00,0
1777324049964,20350.00,19625.00,NA,7925.00,0
1777324049992,19820.00,19625.00,NA,7924.00,0
1777324050043,19880.00,19600.00,NA,7926.00,0
1777324050074,19930.00,19548.00,NA,7925.00,0
1777324050102,19940.00,19564.00,NA,7924.00,0
1777324050131,20360.00,19600.00,NA,7926.00,0
1777324050159,19930.00,19733.00,NA,7925.00,0
1777324050188,20190.00,19841.00,NA,7924.00,0
1777324050237,19940.00,19625.00,NA,7926.00,0
1777324050267,19840.00,19625.00,NA,7925.00,0
1777324050296,19960.00,19733.00,NA,7924.00,0
1777324050325,20230.00,19758.00,NA,7926.00,0
1777324050374,19600.00,19600.00,NA,7925.00,0
1777324050404,19970.00,19600.00,NA,7924.00,0
1777324050434,19960.00,19600.00,NA,7926.00,0
1777324050469,19810.00,19600.00,NA,7925.00,0
1777324050498,20210.00,19708.00,NA,7924.00,0
1777324050529,20010.00,19733.00,NA,7926.00,0
1777324050559,20050.00,19866.00,NA,7925.00,0
1777324050590,19700.00,19866.00,NA,7924.00,0
1777324050641,19940.00,19784.00,NA,7926.00,0
1777324050676,20370.00,19841.00,NA,7925.00,0
1777324050710,19600.00,19815.00,NA,7924.00,0
1777324050740,19700.00,19733.00,NA,7926.00,0
1777324050769,19940.00,19841.00,NA,7925.00,0
1777324050799,19830.00,19866.00,NA,7924.00,0
1777324050830,20020.00,19843.00,NA,7926.00,0
1777324050861,20000.00,19841.00,NA,7925.00,0
1777324050892,19720.00,19866.00,NA,7924.00,0
1777324050922,19840.00,19891.00,NA,7926.00,0
1777324050973,20080.00,19866.00,NA,7925.00,0
1777324051003,20140.00,19841.00,NA,7924.00,0
1777324051035,19980.00,19841.00,NA,7926.00,0
1777324051067,20020.00,19841.00,NA,7925.00,0
1777324051100,19960.00,19866.00,NA,7924.00,0
1777324051130,19590.00,19868.00,NA,7926.00,0
1777324051161,19870.00,19848.00,NA,7925.00,0
1777324051192,20090.00,19891.00,NA,7924.00,0
1777324051222,20370.00,19891.00,NA,7926.00,0
1777324051253,20040.00,19891.00,NA,7925.00,0
1777324051304,20500.00,19866.00,NA,7924.00,0
1777324051341,20360.00,19864.00,NA,7926.00,0
1777324051371,20050.00,19823.00,NA,7925.00,0
1777324051402,19830.00,19758.00,NA,7924.00,0
1777324051432,20040.00,19866.00,NA,7926.00,0
1777324051461,19990.00,19891.00,NA,7925.00,0
1777324051493,19910.00,19841.00,NA,7924.00,0
1777324051523,20110.00,19841.00,NA,7926.00,0
1777324051553,19880.00,19891.00,NA,7925.00,0
1777324051583,19990.00,19891.00,NA,7924.00,0
1777324051634,20400.00,19758.00,NA,7926.00,0
1777324051665,19790.00,19841.00,NA,7925.00,0
1777324051695,19960.00,19841.00,NA,7924.00,0
1777324051730,19930.00,19733.00,NA,7926.00,0
1777324051761,19710.00,19841.00,NA,7925.00,0
1777324051792,19530.00,19886.00,NA,7924.00,0
1777324051823,20040.00,19893.00,NA,7926.00,0
1777324051854,19890.00,19866.00,NA,7925.00,0
1777324051885,20140.00,19891.00,NA,7924.00,0
1777324051916,19880.00,19891.00,NA,7926.00,0
1777324051969,19750.00,19866.00,NA,7925.00,0
1777324052000,19910.00,19866.00,NA,7924.00,0
1777324052031,20120.00,19866.00,NA,7926.00,0
1777324052062,19980.00,19842.00,NA,7925.00,0
1777324052093,19840.00,19866.00,NA,7924.00,0
1777324052123,20300.00,19822.00,NA,7926.00,0
1777324052155,19960.00,19841.00,NA,7925.00,0
1777324052187,20190.00,19891.00,NA,7924.00,0
1777324052218,20000.00,19891.00,NA,7926.00,0
1777324052249,20000.00,19891.00,NA,7925.00,0
1777324052280,20270.00,19891.00,NA,7924.00,0
1777324052312,19780.00,19972.00,NA,7926.00,0
1777324052364,20270.00,19850.00,NA,7925.00,0
1777324052395,19970.00,19840.00,NA,7924.00,0
1777324052427,19830.00,19866.00,NA,7926.00,0
1777324052459,20040.00,19891.00,NA,7925.00,0
1777324052492,20300.00,19891.00,NA,7924.00,0
1777324052525,20150.00,19891.00,NA,7926.00,0
1777324052557,19970.00,19866.00,NA,7925.00,0
1777324052621,40020.00,19707.00,NA,15850.00,0
1777324052660,20060.00,19816.00,NA,7925.00,0
1777324052693,20080.00,19866.00,NA,7924.00,0
1777324052726,20030.00,19866.00,NA,7926.00,0
1777324052759,20130.00,19840.00,NA,7925.00,0
1777324052790,19980.00,19864.00,NA,7924.00,0
1777324052823,19950.00,19891.00,NA,7926.00,0
1777324052856,20200.00,19891.00,NA,7925.00,0
1777324052890,20280.00,19866.00,NA,7924.00,0
1777324052924,20140.00,19841.00,NA,7926.00,0
1777324052958,19840.00,19839.00,NA,7925.00,0
1777324052996,20120.00,19841.00,NA,7924.00,0
1777324053029,19780.00,19891.00,NA,7926.00,0
1777324053062,19920.00,19891.00,NA,7925.00,0
1777324053094,20050.00,19891.00,NA,7924.00,0
1777324053127,19710.00,19866.00,NA,7926.00,0
1777324053162,20460.00,19866.00,NA,7925.00,0
1777324053204,20050.00,19733.00,NA,7924.00,0
1777324053248,40200.00,19758.00,NA,15851.00,0
1777324053286,19960.00,19816.00,NA,7924.00,0
1777324053321,20190.00,19832.00,NA,7926.00,0
1777324053355,20040.00,19840.00,NA,7925.00,0
1777324053388,19580.00,19866.00,NA,7924.00,0
1777324053423,19860.00,19866.00,NA,7926.00,0
1777324053456,19830.00,19891.00,NA,7925.00,0
1777324053488,20090.00,19866.00,NA,7924.00,0
1777324053523,20200.00,19841.00,NA,7926.00,0
1777324053558,19810.00,19841.00,NA,7925.00,0
1777324053592,19720.00,19841.00,NA,7924.00,0
1777324053627,19720.00,19814.00,NA,7926.00,0
1777324053661,20170.00,19837.00,NA,7925.00,0
1777324053695,20080.00,19866.00,NA,7924.00,0
1777324053728,20190.00,19975.00,NA,7926.00,0
1777324053763,20120.00,20108.00,NA,7925.00,0
1777324053799,20240.00,20025.00,NA,7924.00,0
1777324053837,19590.00,20000.00,NA,7926.00,0
1777324053883,39280.00,19866.00,NA,15849.00,0
1777324053922,20050.00,19975.00,NA,7926.00,0
1777324053957,20380.00,20025.00,NA,7925.00,0
1777324053991,19910.00,20025.00,NA,7924.00,0
1777324054026,20040.00,20025.00,NA,7926.00,0
1777324054075,39840.00,20000.00,NA,15849.00,0
1777324054114,20250.00,19975.00,NA,7926.00,0
1777324054150,19900.00,20000.00,NA,7925.00,0
1777324054185,19890.00,20081.00,NA,7924.00,0
1777324054220,20290.00,20000.00,NA,7926.00,0
1777324054260,20150.00,20000.00,NA,7925.00,0
1777324054294,20110.00,20025.00,NA,7924.00,0
1777324054329,20150.00,20000.00,NA,7926.00,0
1777324054363,19800.00,20000.00,NA,7925.00,0
1777324054400,19750.00,20000.00,NA,7924.00,0
1777324054434,20350.00,20000.00,NA,7926.00,0
1777324054468,39580.00,20000.00,NA,15849.00,0
1777324054505,20520.00,20096.00,NA,7926.00,0
1777324054540,20240.00,20133.00,NA,7925.00,0
1777324054574,20410.00,20133.00,NA,7924.00,0
1777324054611,20380.00,20106.00,NA,7926.00,0
1777324054645,19740.00,20108.00,NA,7925.00,0
1777324054685,19720.00,20133.00,NA,7924.00,0
1777324054721,20070.00,20081.00,NA,7926.00,0
1777324054755,19920.00,20000.00,NA,7925.00,0
1777324054791,20200.00,20000.00,NA,7924.00,0
1777324054826,20070.00,20001.00,NA,7926.00,0
1777324054861,19780.00,20025.00,NA,7925.00,0
1777324054898,20110.00,19999.00,NA,7924.00,0
1777324054934,40260.00,19975.00,NA,15851.00,0
1777324054973,19850.00,20083.00,NA,7924.00,0
1777324055008,20140.00,20025.00,NA,7926.00,0
1777324055043,20170.00,20133.00,NA,7925.00,0
1777324055076,20010.00,20158.00,NA,7924.00,0
1777324055134,39850.00,20025.00,NA,15851.00,0
1777324055170,20130.00,20056.00,NA,7924.00,0
1777324055205,19710.00,20000.00,NA,7926.00,0
1777324055239,20100.00,20108.00,NA,7925.00,0
1777324055274,20000.00,20108.00,NA,7924.00,0
1777324055306,19950.00,20081.00,NA,7926.00,0
1777324055340,20050.00,20025.00,NA,7925.00,0
1777324055374,19840.00,20133.00,NA,7924.00,0
1777324055409,20110.00,20133.00,NA,7926.00,0
1777324055443,19580.00,20133.00,NA,7925.00,0
1777324055478,20090.00,20120.00,NA,7924.00,0
1777324055519,20290.00,20000.00,NA,7926.00,0
1777324055551,20030.00,20025.00,NA,7925.00,0
1777324055585,20130.00,20025.00,NA,7924.00,0
1777324055619,20190.00,20000.00,NA,7926.00,0
1777324055653,20030.00,20081.00,NA,7925.00,0
1777324055688,19750.00,20133.00,NA,7924.00,0
1777324055730,20150.00,20000.00,NA,7926.00,0
1777324055765,39800.00,20025.00,NA,15849.00,0
1777324055802,19920.00,20108.00,NA,7926.00,0
1777324055837,19940.00,20108.00,NA,7925.00,0
1777324055871,20240.00,20108.00,NA,7924.00,0
1777324055908,19980.00,20000.00,NA,7926.00,0
1777324055946,19710.00,20000.00,NA,7925.00,0
1777324056102,19650.00,19575.00,NA,7924.00,0
1777324056127,19810.00,19575.00,NA,7926.00,0
1777324056152,19880.00,19600.00,NA,7925.00,0
1777324056176,19640.00,19625.00,NA,7924.00,0
1777324056221,20020.00,19600.00,NA,7926.00,0
1777324056248,20190.00,19575.00,NA,7925.00,0
1777324056274,20020.00,19600.00,NA,7924.00,0
1777324056321,19730.00,19625.00,NA,7926.00,0
1777324056347,20460.00,19600.00,NA,7925.00,0
1777324056375,20050.00,19681.00,NA,7924.00,0
1777324056422,20130.00,19625.00,NA,7926.00,0
1777324056449,19780.00,19625.00,NA,7925.00,0
1777324056475,19860.00,19625.00,NA,7924.00,0
1777324056502,20190.00,19625.00,NA,7926.00,0
1777324056550,19800.00,19600.00,NA,7925.00,0
1777324056577,20320.00,19575.00,NA,7924.00,0
1777324056604,20160.00,19600.00,NA,7926.00,0
1777324056651,19740.00,19625.00,NA,7925.00,0
1777324056678,20000.00,19625.00,NA,7924.00,0
1777324056781,20170.00,19358.00,NA,7926.00,0
1777324056806,20040.00,19358.00,NA,7925.00,0
1777324056832,19860.00,19358.00,NA,7924.00,0
1777324056879,19910.00,19333.00,NA,7926.00,0
1777324056904,20300.00,19333.00,NA,7925.00,0
1777324056930,19910.00,19333.00,NA,7924.00,0
1777324056977,20070.00,19358.00,NA,7926.00,0
1777324057004,19940.00,19415.00,NA,7925.00,0
1777324057030,19780.00,19441.00,NA,7924.00,0
1777324057078,20230.00,19358.00,NA,7926.00,0
1777324057104,20140.00,19358.00,NA,7925.00,0
1777324057131,20100.00,19358.00,NA,7924.00,0
1777324057179,20090.00,19333.00,NA,7926.00,0
1777324057207,20360.00,19308.00,NA,7925.00,0
1777324057233,19940.00,19333.00,NA,7924.00,0
1777324057260,20340.00,19358.00,NA,7926.00,0
1777324057307,20090.00,19333.00,NA,7925.00,0
1777324057334,20020.00,19308.00,NA,7924.00,0
1777324057361,19620.00,19441.00,NA,7926.00,0
1777324057410,19910.00,19358.00,NA,7925.00,0
1777324057437,19530.00,19358.00,NA,7924.00,0
1777324057464,19990.00,19439.00,NA,7926.00,0
1777324057511,19780.00,19333.00,NA,7925.00,0
1777324057538,19940.00,19333.00,NA,7924.00,0
1777324057565,19940.00,19466.00,NA,7926.00,0
1777324057591,20000.00,19573.00,NA,7925.00,0
1777324057640,20160.00,19383.00,NA,7924.00,0
1777324057667,20090.00,19409.00,NA,7926.00,0
1777324057696,20200.00,19441.00,NA,7925.00,0
1777324057744,20260.00,19358.00,NA,7924.00,0
1777324057771,19910.00,19333.00,NA,7926.00,0
1777324057799,20260.00,19358.00,NA,7925.00,0
1777324057827,20110.00,19446.00,NA,7924.00,0
1777324057875,19860.00,19358.00,NA,7926.00,0
1777324057903,19900.00,19333.00,NA,7925.00,0
1777324057931,20090.00,19415.00,NA,7924.00,0
1777324057958,19710.00,19466.00,NA,7926.00,0
1777324058007,20050.00,19358.00,NA,7925.00,0
1777324058034,20150.00,19440.00,NA,7924.00,0
1777324058061,19570.00,19466.00,NA,7926.00,0
1777324058089,19800.00,19441.00,NA,7925.00,0
1777324058139,20270.00,19358.00,NA,7924.00,0
1777324058167,19640.00,19439.00,NA,7926.00,0
1777324058195,19950.00,19466.00,NA,7925.00,0
1777324058223,19970.00,19466.00,NA,7924.00,0
1777324058272,19790.00,19383.00,NA,7926.00,0
1777324058301,20040.00,19358.00,NA,7925.00,0
1777324058329,19860.00,19425.00,NA,7924.00,0
1777324058358,19770.00,19441.00,NA,7926.00,0
1777324058409,19850.00,19358.00,NA,7925.00,0
1777324058441,19680.00,19333.00,NA,7924.00,0
1777324058475,20030.00,19333.00,NA,7926.00,0
1777324058505,19840.00,19333.00,NA,7925.00,0
1777324058533,19760.00,19333.00,NA,7924.00,0
1777324058563,19960.00,19414.00,NA,7926.00,0
1777324058593,20140.00,19441.00,NA,7925.00,0
1777324058624,19700.00,19466.00,NA,7924.00,0
1777324058654,20300.00,19441.00,NA,7926.00,0
1777324058704,20120.00,19358.00,NA,7925.00,0
1777324058733,19890.00,19440.00,NA,7924.00,0
1777324058763,19940.00,19466.00,NA,7926.00,0
1777324058792,19840.00,19491.00,NA,7925.00,0
1777324058820,20000.00,19491.00,NA,7924.00,0
1777324058869,20000.00,19466.00,NA,7926.00,0
1777324058899,20050.00,19358.00,NA,7925.00,0
1777324058929,20270.00,19415.00,NA,7924.00,0
1777324058959,19760.00,19441.00,NA,7926.00,0
1777324058988,19700.00,19441.00,NA,7925.00,0
1777324059039,20260.00,19466.00,NA,7924.00,0
1777324059076,20150.00,19441.00,NA,7926.00,0
1777324059109,20330.00,19333.00,NA,7925.00,0
1777324059139,20090.00,19333.00,NA,7924.00,0
1777324059169,20060.00,19333.00,NA,7926.00,0
1777324059199,20040.00,19333.00,NA,7925.00,0
1777324059229,20150.00,19412.00,NA,7924.00,0
1777324059259,19690.00,19441.00,NA,7926.00,0
1777324059288,20180.00,19441.00,NA,7925.00,0
1777324059319,20100.00,19466.00,NA,7924.00,0
1777324059650,20160.00,18241.00,NA,7926.00,0
1777324060055,40160.00,16691.00,NA,15849.00,0
1777324060091,20040.00,16883.00,NA,7926.00,0
1777324060127,20490.00,16908.00,NA,7925.00,0
1777324060161,19940.00,16837.00,NA,7924.00,0
1777324060191,19810.00,16826.00,NA,7926.00,0
1777324060221,19880.00,16825.00,NA,7925.00,0
1777324060251,19870.00,16825.00,NA,7924.00,0
1777324060281,19710.00,16906.00,NA,7926.00,0
1777324060310,19920.00,16933.00,NA,7925.00,0
1777324060339,19590.00,16908.00,NA,7924.00,0
1777324060391,19970.00,16825.00,NA,7926.00,0
1777324060421,19710.00,16825.00,NA,7925.00,0
1777324060453,20120.00,16800.00,NA,7924.00,0
1777324060484,20400.00,16933.00,NA,7926.00,0
1777324060514,19750.00,16933.00,NA,7925.00,0
1777324060543,19720.00,16908.00,NA,7924.00,0
1777324060575,20330.00,16908.00,NA,7926.00,0
1777324060605,20180.00,16933.00,NA,7925.00,0
1777324060635,19780.00,16933.00,NA,7924.00,0
1777324060686,19950.00,16958.00,NA,7926.00,0
1777324060718,19850.00,16933.00,NA,7925.00,0
1777324060748,20250.00,16933.00,NA,7924.00,0
1777324060789,20200.00,16825.00,NA,7926.00,0
1777324060819,19930.00,16851.00,NA,7925.00,0
1777324060851,19940.00,16800.00,NA,7924.00,0
1777324060881,20130.00,16906.00,NA,7926.00,0
1777324060912,20380.00,16933.00,NA,7925.00,0
1777324060942,19590.00,16958.00,NA,7924.00,0
1777324060971,19750.00,16933.00,NA,7926.00,0
1777324061002,19740.00,17091.00,NA,7925.00,0
1777324061033,20030.00,17225.00,NA,7924.00,0
1777324061085,19900.00,17358.00,NA,7926.00,0
1777324061116,20090.00,17333.00,NA,7925.00,0
1777324061147,20180.00,17333.00,NA,7924.00,0
1777324061181,20140.00,17281.00,NA,7926.00,0
1777324061213,20150.00,17333.00,NA,7925.00,0
1777324061245,19630.00,17358.00,NA,7924.00,0
1777324061276,19790.00,17358.00,NA,7926.00,0
1777324061307,20440.00,17358.00,NA,7925.00,0
1777324061339,19930.00,17358.00,NA,7924.00,0
1777324061369,20100.00,17358.00,NA,7926.00,0
1777324061421,19970.00,17333.00,NA,7925.00,0
1777324061452,19880.00,17333.00,NA,7924.00,0
1777324061494,20110.00,17207.00,NA,7926.00,0
1777324061526,20350.00,17225.00,NA,7925.00,0
1777324061558,20250.00,17281.00,NA,7924.00,0
1777324061590,19980.00,17201.00,NA,7926.00,0
1777324061638,39830.00,17200.00,NA,15849.00,0
1777324061673,20320.00,17358.00,NA,7926.00,0
1777324061706,20030.00,17466.00,NA,7925.00,0
1777324061738,19710.00,17574.00,NA,7924.00,0
1777324061770,20240.00,17575.00,NA,7926.00,0
1777324061808,20180.00,17575.00,NA,7925.00,0
1777324061845,20020.00,17491.00,NA,7924.00,0
1777324061877,20110.00,17600.00,NA,7926.00,0
1777324061910,19840.00,17625.00,NA,7925.00,0
1777324061942,20130.00,17518.00,NA,7924.00,0
1777324061974,20010.00,17600.00,NA,7926.00,0
1777324062007,20290.00,17600.00,NA,7925.00,0
1777324062051,20070.00,17465.00,NA,7924.00,0
1777324062101,19800.00,17600.00,NA,7926.00,0
1777324062133,40100.00,17441.00,NA,15849.00,0
1777324062168,19970.00,17550.00,NA,7926.00,0
1777324062209,20120.00,17600.00,NA,7925.00,0
1777324062240,19840.00,17595.00,NA,7924.00,0
1777324062271,20060.00,17491.00,NA,7926.00,0
1777324062303,19590.00,17600.00,NA,7925.00,0
1777324062334,19870.00,17625.00,NA,7924.00,0
1777324062367,19780.00,17600.00,NA,7926.00,0
1777324062402,20120.00,17600.00,NA,7925.00,0
1777324062446,19930.00,17466.00,NA,7924.00,0
1777324062480,19650.00,17491.00,NA,7926.00,0
1777324062513,19890.00,17600.00,NA,7925.00,0
1777324062546,20170.00,17620.00,NA,7924.00,0
1777324062578,20000.00,17491.00,NA,7926.00,0
1777324062611,19910.00,17493.00,NA,7925.00,0
1777324062647,20040.00,17548.00,NA,7924.00,0
1777324062684,20020.00,17491.00,NA,7926.00,0
1777324062716,20010.00,17491.00,NA,7925.00,0
1777324062748,19520.00,17600.00,NA,7924.00,0
1777324062781,19670.00,17598.00,NA,7926.00,0
1777324062813,20280.00,17491.00,NA,7925.00,0
1777324062846,19950.00,17491.00,NA,7924.00,0
1777324062894,40000.00,17491.00,NA,15851.00,0
1777324062929,20080.00,17625.00,NA,7924.00,0
1777324062963,19840.00,17625.00,NA,7926.00,0
1777324062996,19880.00,17625.00,NA,7925.00,0
1777324063027,20170.00,17600.00,NA,7924.00,0
1777324063059,19820.00,17575.00,NA,7926.00,0
1777324063103,19240.00,17491.00,NA,7925.00,0
1777324063135,19920.00,17600.00,NA,7924.00,0
1777324063166,20310.00,17625.00,NA,7926.00,0
1777324063199,19880.00,17625.00,NA,7925.00,0
1777324063232,19980.00,17598.00,NA,7924.00,0
1777324063264,19970.00,17600.00,NA,7926.00,0
1777324063306,20260.00,17575.00,NA,7925.00,0
1777324063338,20180.00,17548.00,NA,7924.00,0
1777324063372,19930.00,17466.00,NA,7926.00,0
1777324063404,20120.00,17600.00,NA,7925.00,0
1777324063436,20330.00,17625.00,NA,7924.00,0
1777324063469,20140.00,17625.00,NA,7926.00,0
1777324063501,20180.00,17600.00,NA,7925.00,0
1777324063533,19890.00,17625.00,NA,7924.00,0
1777324063565,20010.00,17625.00,NA,7926.00,0
1777324063598,19900.00,17600.00,NA,7925.00,0
1777324063629,19620.00,17600.00,NA,7924.00,0
1777324063661,20190.00,17600.00,NA,7926.00,0
1777324063698,20210.00,17574.00,NA,7925.00,0
1777324063738,19760.00,17625.00,NA,7924.00,0
1777324063771,19740.00,17587.00,NA,7926.00,0
1777324063804,20040.00,17572.00,NA,7925.00,0
1777324063837,19790.00,17491.00,NA,7924.00,0
1777324063869,20280.00,17575.00,NA,7926.00,0
1777324063901,20250.00,17581.00,NA,7925.00,0
1777324063945,19920.00,17491.00,NA,7924.00,0
1777324063977,20030.00,17491.00,NA,7926.00,0
1777324064010,20020.00,17491.00,NA,7925.00,0
1777324064042,19750.00,17600.00,NA,7924.00,0
1777324064074,20100.00,17625.00,NA,7926.00,0
1777324064106,20200.00,17600.00,NA,7925.00,0
1777324064149,19920.00,17548.00,NA,7924.00,0
1777324064182,19830.00,17466.00,NA,7926.00,0
1777324064214,40090.00,17491.00,NA,15849.00,0
1777324064272,19940.00,17573.00,NA,7926.00,0
1777324064304,19930.00,17491.00,NA,7925.00,0
1777324064334,20030.00,17548.00,NA,7924.00,0
1777324064366,20130.00,17706.00,NA,7926.00,0
1777324064398,19920.00,17840.00,NA,7925.00,0
1777324064430,20070.00,17973.00,NA,7924.00,0
1777324064462,20090.00,18106.00,NA,7926.00,0
1777324064493,19930.00,18240.00,NA,7925.00,0
1777324064524,20020.00,18373.00,NA,7924.00,0
1777324064567,19500.00,18481.00,NA,7926.00,0
1777324064598,20060.00,18615.00,NA,7925.00,0
1777324064631,19910.00,18748.00,NA,7924.00,0
1777324064667,19940.00,18716.00,NA,7926.00,0
1777324064812,19950.00,18825.00,NA,7925.00,0
1777324064839,20340.00,18983.00,NA,7924.00,0
1777324064863,19910.00,19116.00,NA,7926.00,0
1777324064887,19950.00,19225.00,NA,7925.00,0
1777324064931,19890.00,19358.00,NA,7924.00,0
1777324064958,20200.00,19491.00,NA,7926.00,0
1777324064984,20210.00,19575.00,NA,7925.00,0
1777324065031,19700.00,19733.00,NA,7924.00,0
1777324065057,19950.00,19866.00,NA,7926.00,0
1777324065084,19950.00,19783.00,NA,7925.00,0
1777324065131,20050.00,19758.00,NA,7924.00,0
1777324065158,19980.00,19708.00,NA,7926.00,0
1777324065184,20000.00,19733.00,NA,7925.00,0
1777324065231,19810.00,19625.00,NA,7924.00,0
1777324065258,20320.00,19600.00,NA,7926.00,0
1777324065285,20340.00,19681.00,NA,7925.00,0
1777324065333,20350.00,19625.00,NA,7924.00,0
1777324065359,20130.00,19625.00,NA,7926.00,0
1777324065386,20370.00,19733.00,NA,7925.00,0
1777324065412,19990.00,19758.00,NA,7924.00,0
1777324065462,19990.00,19625.00,NA,7926.00,0
1777324065488,19960.00,19681.00,NA,7925.00,0
1777324065515,20290.00,19733.00,NA,7924.00,0
1777324065562,19780.00,19625.00,NA,7926.00,0
1777324065589,20140.00,19625.00,NA,7925.00,0
1777324065617,20180.00,19600.00,NA,7924.00,0
1777324065665,20210.00,19625.00,NA,7926.00,0
1777324065696,19880.00,19600.00,NA,7925.00,0
1777324065728,20020.00,19600.00,NA,7924.00,0
1777324065755,19790.00,19733.00,NA,7926.00,0
1777324065782,20110.00,19735.00,NA,7925.00,0
1777324065809,19820.00,19758.00,NA,7924.00,0
1777324065858,20210.00,19625.00,NA,7926.00,0
1777324065885,19590.00,19681.00,NA,7925.00,0
1777324065913,20040.00,19708.00,NA,7924.00,0
1777324065941,19870.00,19708.00,NA,7926.00,0
1777324065991,20000.00,19625.00,NA,7925.00,0
1777324066018,20030.00,19625.00,NA,7924.00,0
1777324066046,20190.00,19625.00,NA,7926.00,0
1777324066094,20140.00,19625.00,NA,7925.00,0
1777324066122,19980.00,19681.00,NA,7924.00,0
1777324066150,20100.00,19691.00,NA,7926.00,0
1777324066177,19520.00,19733.00,NA,7925.00,0
1777324066205,19910.00,19733.00,NA,7924.00,0
1777324066253,20250.00,19625.00,NA,7926.00,0
1777324066281,20130.00,19706.00,NA,7925.00,0
1777324066309,19960.00,19708.00,NA,7924.00,0
1777324066358,19980.00,19600.00,NA,7926.00,0
1777324066386,20140.00,19600.00,NA,7925.00,0
1777324066414,19890.00,19708.00,NA,7924.00,0
1777324066442,19760.00,19733.00,NA,7926.00,0
1777324066491,20430.00,19733.00,NA,7925.00,0
1777324066521,20060.00,19708.00,NA,7924.00,0
1777324066549,20280.00,19758.00,NA,7926.00,0
1777324066577,20230.00,19735.00,NA,7925.00,0
1777324066628,20160.00,19758.00,NA,7924.00,0
1777324066659,19640.00,19625.00,NA,7926.00,0
1777324066688,19860.00,19600.00,NA,7925.00,0
1777324066717,19950.00,19600.00,NA,7924.00,0
1777324066754,19720.00,19600.00,NA,7926.00,0
1777324066782,19980.00,19600.00,NA,7925.00,0
1777324066811,19940.00,19733.00,NA,7924.00,0
1777324066841,20290.00,19708.00,NA,7926.00,0
1777324066890,19980.00,19625.00,NA,7925.00,0
1777324066919,19730.00,19625.00,NA,7924.00,0
1777324066949,20260.00,19706.00,NA,7926.00,0
1777324066978,20080.00,19733.00,NA,7925.00,0
1777324067007,20350.00,19758.00,NA,7924.00,0
1777324067056,19980.00,19727.00,NA,7926.00,0
1777324067087,20050.00,19708.00,NA,7925.00,0
1777324067117,20210.00,19733.00,NA,7924.00,0
1777324067147,19690.00,19625.00,NA,7926.00,0
1777324067178,20080.00,19600.00,NA,7925.00,0
1777324067207,19870.00,19708.00,NA,7924.00,0
1777324067259,19780.00,19625.00,NA,7926.00,0
1777324067288,19900.00,19600.00,NA,7925.00,0
1777324067317,19930.00,19600.00,NA,7924.00,0
1777324067347,20130.00,19600.00,NA,7926.00,0
1777324067387,20170.00,19600.00,NA,7925.00,0
1777324067418,19730.00,19600.00,NA,7924.00,0
1777324067449,19970.00,19758.00,NA,7926.00,0
1777324067478,19790.00,19720.00,NA,7925.00,0
1777324067508,20060.00,19708.00,NA,7924.00,0
1777324067537,19690.00,19708.00,NA,7926.00,0
1777324067565,20490.00,19733.00,NA,7925.00,0
1777324067614,19700.00,19758.00,NA,7924.00,0
1777324067643,20170.00,19733.00,NA,7926.00,0
1777324067672,20170.00,19758.00,NA,7925.00,0
1777324067701,19820.00,19758.00,NA,7924.00,0
1777324067751,20420.00,19733.00,NA,7926.00,0
1777324067780,19830.00,19708.00,NA,7925.00,0
1777324067809,20430.00,19708.00,NA,7924.00,0
1777324067838,20180.00,19708.00,NA,7926.00,0
1777324067867,20200.00,19815.00,NA,7925.00,0
1777324067898,19740.00,19841.00,NA,7924.00,0
1777324067948,19880.00,19625.00,NA,7926.00,0
1777324067978,19710.00,19600.00,NA,7925.00,0
1777324068017,20340.00,19600.00,NA,7924.00,0
1777324068048,19680.00,19601.00,NA,7926.00,0
1777324068076,19890.00,19706.00,NA,7925.00,0
1777324068106,20190.00,19708.00,NA,7924.00,0
1777324068136,20040.00,19708.00,NA,7926.00,0
1777324068165,20160.00,19708.00,NA,7925.00,0
1777324068200,19920.00,19708.00,NA,7924.00,0
1777324068231,19870.00,19733.00,NA,7926.00,0
1777324068263,20130.00,19733.00,NA,7925.00,0
1777324068314,20140.00,19706.00,NA,7924.00,0
1777324068345,20490.00,19681.00,NA,7926.00,0
1777324068375,19800.00,19708.00,NA,7925.00,0
1777324068407,19860.00,19708.00,NA,7924.00,0
1777324068443,20120.00,19706.00,NA,7926.00,0
1777324068473,19950.00,19733.00,NA,7925.00,0
1777324068504,19980.00,19733.00,NA,7924.00,0
1777324068535,20250.00,19733.00,NA,7926.00,0
1777324068565,20000.00,19733.00,NA,7925.00,0
1777324068704,19740.00,19358.00,NA,7924.00,0
1777324068728,20300.00,19333.00,NA,7926.00,0
1777324068754,20520.00,19333.00,NA,7925.00,0
1777324068801,19610.00,19333.00,NA,7924.00,0
1777324068827,20170.00,19333.00,NA,7926.00,0
1777324068874,20140.00,19331.00,NA,7925.00,0
1777324068900,19880.00,19358.00,NA,7924.00,0
1777324068926,19650.00,19358.00,NA,7926.00,0
1777324068952,20410.00,19358.00,NA,7925.00,0
1777324068999,19980.00,19333.00,NA,7924.00,0
1777324069029,20110.00,19308.00,NA,7926.00,0
1777324069059,20320.00,19308.00,NA,7925.00,0
1777324069087,20060.00,19333.00,NA,7924.00,0
1777324069136,20240.00,19358.00,NA,7926.00,0
1777324069164,20160.00,19358.00,NA,7925.00,0
1777324069191,20460.00,19358.00,NA,7924.00,0
1777324069218,19910.00,19413.00,NA,7926.00,0
1777324069267,20060.00,19333.00,NA,7925.00,0
1777324069294,20190.00,19333.00,NA,7924.00,0
1777324069322,20190.00,19358.00,NA,7926.00,0
1777324069370,20190.00,19306.00,NA,7925.00,0
1777324069397,20130.00,19333.00,NA,7924.00,0
1777324069425,20090.00,19308.00,NA,7926.00,0
1777324069452,20370.00,19308.00,NA,7925.00,0
1777324069500,19850.00,19225.00,NA,7924.00,0
1777324069527,20060.00,19333.00,NA,7926.00,0
1777324069554,19990.00,19358.00,NA,7925.00,0
1777324069601,20130.00,19306.00,NA,7924.00,0
1777324069629,20210.00,19308.00,NA,7926.00,0
1777324069656,19920.00,19308.00,NA,7925.00,0
1777324069683,20260.00,19333.00,NA,7924.00,0
1777324069732,19820.00,19491.00,NA,7926.00,0
1777324069759,19930.00,19600.00,NA,7925.00,0
1777324069786,20000.00,19758.00,NA,7924.00,0
1777324069835,20480.00,19733.00,NA,7926.00,0
1777324069862,20410.00,19708.00,NA,7925.00,0
1777324069890,19840.00,19731.00,NA,7924.00,0
1777324069918,19820.00,19758.00,NA,7926.00,0
1777324069966,19770.00,19625.00,NA,7925.00,0
1777324069995,19660.00,19600.00,NA,7924.00,0
1777324070023,20050.00,19708.00,NA,7926.00,0
1777324070051,19800.00,19708.00,NA,7925.00,0
1777324070078,20100.00,19708.00,NA,7924.00,0
1777324070127,20050.00,19733.00,NA,7926.00,0
1777324070154,20590.00,19758.00,NA,7925.00,0
1777324070182,20380.00,19758.00,NA,7924.00,0
1777324070231,20060.00,19733.00,NA,7926.00,0
1777324070259,20110.00,19733.00,NA,7925.00,0
1777324070287,19940.00,19708.00,NA,7924.00,0
1777324070315,19860.00,19733.00,NA,7926.00,0
1777324070343,20450.00,19733.00,NA,7925.00,0
1777324070392,20180.00,19702.00,NA,7924.00,0
1777324070421,19750.00,19625.00,NA,7926.00,0
1777324070449,20090.00,19733.00,NA,7925.00,0
1777324070477,20090.00,19758.00,NA,7924.00,0
1777324070527,19780.00,19626.00,NA,7926.00,0
1777324070555,20090.00,19708.00,NA,7925.00,0
1777324070584,19970.00,19733.00,NA,7924.00,0
1777324070635,20060.00,19625.00,NA,7926.00,0
1777324070665,20200.00,19733.00,NA,7925.00,0
1777324070693,20200.00,19758.00,NA,7924.00,0
1777324070723,20350.00,19758.00,NA,7926.00,0
1777324070752,19920.00,19758.00,NA,7925.00,0
1777324070804,19860.00,19651.00,NA,7924.00,0
1777324070838,20180.00,19576.00,NA,7926.00,0
1777324070868,19740.00,19600.00,NA,7925.00,0
1777324070898,20090.00,19600.00,NA,7924.00,0
1777324070927,20230.00,19600.00,NA,7926.00,0
1777324070957,20360.00,19600.00,NA,7925.00,0
1777324070987,19890.00,19708.00,NA,7924.00,0
1777324071016,20230.00,19708.00,NA,7926.00,0
1777324071046,20410.00,19708.00,NA,7925.00,0
1777324071079,19610.00,19708.00,NA,7924.00,0
1777324071112,19950.00,19758.00,NA,7926.00,0
1777324071147,20310.00,19758.00,NA,7925.00,0
1777324071181,20050.00,19758.00,NA,7924.00,0
1777324071212,20050.00,19731.00,NA,7926.00,0
1777324071244,20290.00,19758.00,NA,7925.00,0
1777324071275,19820.00,19758.00,NA,7924.00,0
1777324071306,19870.00,19733.00,NA,7926.00,0
1777324071337,20250.00,19708.00,NA,7925.00,0
1777324071388,20080.00,19758.00,NA,7924.00,0
1777324071419,19800.00,19758.00,NA,7926.00,0
1777324071448,19890.00,19731.00,NA,7925.00,0
1777324071479,20170.00,19733.00,NA,7924.00,0
1777324071509,19990.00,19758.00,NA,7926.00,0
1777324071540,19990.00,19758.00,NA,7925.00,0
1777324071570,19810.00,19758.00,NA,7924.00,0
1777324071622,20180.00,19733.00,NA,7926.00,0
1777324071651,19940.00,19733.00,NA,7925.00,0
1777324071682,19740.00,19758.00,NA,7924.00,0
1777324071713,20250.00,19758.00,NA,7926.00,0
1777324071744,20290.00,19760.00,NA,7925.00,0
1777324071775,19630.00,19758.00,NA,7924.00,0
1777324071806,19810.00,19758.00,NA,7926.00,0
1777324071838,19830.00,19758.00,NA,7925.00,0
1777324071889,20200.00,19733.00,NA,7924.00,0
1777324071921,20160.00,19733.00,NA,7926.00,0
1777324071952,20060.00,19733.00,NA,7925.00,0
1777324071984,19950.00,19733.00,NA,7924.00,0
1777324072015,19980.00,19706.00,NA,7926.00,0
1777324072046,19910.00,19733.00,NA,7925.00,0
1777324072076,19730.00,19733.00,NA,7924.00,0
1777324072107,20330.00,19758.00,NA,7926.00,0
1777324072139,19920.00,19758.00,NA,7925.00,0
1777324072170,19930.00,19758.00,NA,7924.00,0
1777324072202,20250.00,19758.00,NA,7926.00,0
1777324072233,20110.00,19758.00,NA,7925.00,0
1777324072264,19680.00,19866.00,NA,7924.00,0
1777324072305,19860.00,19733.00,NA,7926.00,0
1777324072337,20300.00,19733.00,NA,7925.00,0
1777324072370,20150.00,19735.00,NA,7924.00,0
1777324072402,19900.00,19758.00,NA,7926.00,0
1777324072434,19870.00,19758.00,NA,7925.00,0
1777324072467,20170.00,19758.00,NA,7924.00,0
1777324072499,19690.00,19733.00,NA,7926.00,0
1777324072531,20230.00,19758.00,NA,7925.00,0
1777324072563,19620.00,19758.00,NA,7924.00,0
1777324072616,20230.00,19733.00,NA,7926.00,0
1777324072648,19790.00,19758.00,NA,7925.00,0
1777324072680,20080.00,19733.00,NA,7924.00,0
1777324072711,20040.00,19706.00,NA,7926.00,0
1777324072743,19770.00,19733.00,NA,7925.00,0
1777324072775,20360.00,19758.00,NA,7924.00,0
1777324072806,19990.00,19733.00,NA,7926.00,0
1777324072839,19900.00,19733.00,NA,7925.00,0
1777324072870,19620.00,19708.00,NA,7924.00,0
1777324072911,19980.00,19599.00,NA,7926.00,0
1777324072952,20030.00,19733.00,NA,7925.00,0
1777324072984,19940.00,19758.00,NA,7924.00,0
1777324073016,19860.00,19733.00,NA,7926.00,0
1777324073049,20000.00,19733.00,NA,7925.00,0
1777324073082,20150.00,19708.00,NA,7924.00,0
1777324073121,20210.00,19600.00,NA,7926.00,0
1777324073163,40080.00,19625.00,NA,15849.00,0
1777324073200,20000.00,19758.00,NA,7926.00,0
1777324073233,19820.00,19708.00,NA,7925.00,0
1777324073265,20060.00,19708.00,NA,7924.00,0
1777324073300,20010.00,19708.00,NA,7926.00,0
1777324073341,19890.00,19733.00,NA,7925.00,0
1777324073374,19960.00,19758.00,NA,7924.00,0
1777324073407,20330.00,19733.00,NA,7926.00,0
1777324073440,19940.00,19708.00,NA,7925.00,0
1777324073473,19960.00,19708.00,NA,7924.00,0
1777324073507,20060.00,19708.00,NA,7926.00,0
1777324073540,19910.00,19708.00,NA,7925.00,0
1777324073582,20070.00,19706.00,NA,7924.00,0
1777324073615,20000.00,19839.00,NA,7926.00,0
1777324073647,19710.00,19948.00,NA,7925.00,0
1777324073681,20140.00,20081.00,NA,7924.00,0
1777324073714,20370.00,20081.00,NA,7926.00,0
1777324073751,20030.00,20000.00,NA,7925.00,0
1777324073796,39610.00,20025.00,NA,15850.00,0
1777324073832,19750.00,20083.00,NA,7925.00,0
1777324073866,20070.00,20108.00,NA,7924.00,0
1777324073900,20460.00,20108.00,NA,7926.00,0
1777324073934,20140.00,20133.00,NA,7925.00,0
1777324073967,20220.00,20000.00,NA,7924.00,0
1777324074000,20090.00,20133.00,NA,7926.00,0
1777324074033,19950.00,20158.00,NA,7925.00,0
1777324074067,19780.00,20158.00,NA,7924.00,0
1777324074099,20480.00,20106.00,NA,7926.00,0
1777324074132,20150.00,20133.00,NA,7925.00,0
1777324074174,20320.00,20081.00,NA,7924.00,0
1777324074220,40440.00,20025.00,NA,15851.00,0
1777324074259,19880.00,20083.00,NA,7924.00,0
1777324074295,20050.00,20133.00,NA,7926.00,0
1777324074329,19950.00,20133.00,NA,7925.00,0
1777324074364,19900.00,20133.00,NA,7924.00,0
1777324074416,39710.00,20025.00,NA,15851.00,0
1777324074474,19960.00,20025.00,NA,7924.00,0
1777324074508,20060.00,20133.00,NA,7926.00,0
1777324074542,19560.00,20025.00,NA,7925.00,0
1777324074577,19810.00,20025.00,NA,7924.00,0
1777324074630,39640.00,20025.00,NA,15851.00,0
1777324074669,20120.00,20081.00,NA,7924.00,0
1777324074705,19900.00,20026.00,NA,7926.00,0
1777324074742,20030.00,20084.00,NA,7925.00,0
1777324074778,19790.00,20025.00,NA,7924.00,0
1777324074814,19930.00,20000.00,NA,7926.00,0
1777324074850,40350.00,20000.00,NA,15849.00,0
1777324074890,20300.00,20134.00,NA,7926.00,0
1777324074925,19900.00,20108.00,NA,7925.00,0
1777324074961,19890.00,20133.00,NA,7924.00,0
1777324074996,20090.00,20158.00,NA,7926.00,0
1777324075054,40190.00,20025.00,NA,15849.00,0
1777324075097,20080.00,19975.00,NA,7926.00,0
1777324075136,19940.00,20108.00,NA,7925.00,0
1777324075172,20040.00,20025.00,NA,7924.00,0
1777324075209,19810.00,20025.00,NA,7926.00,0
1777324075264,39540.00,20025.00,NA,15849.00,0
1777324075305,20130.00,19976.00,NA,7926.00,0
1777324075342,20010.00,20001.00,NA,7925.00,0
1777324075377,19840.00,20001.00,NA,7924.00,0
1777324075413,20300.00,20025.00,NA,7926.00,0
1777324075446,19960.00,20025.00,NA,7925.00,0
1777324075482,39300.00,19975.00,NA,15850.00,0
1777324075523,19760.00,20083.00,NA,7925.00,0
1777324075558,19810.00,20158.00,NA,7924.00,0
1777324075594,20030.00,20137.00,NA,7926.00,0
1777324075628,19640.00,20133.00,NA,7925.00,0
1777324075684,40210.00,20025.00,NA,15850.00,0
1777324075723,19610.00,20133.00,NA,7925.00,0
1777324075758,20000.00,20108.00,NA,7924.00,0
1777324075795,20300.00,20110.00,NA,7926.00,0
1777324075829,20170.00,20158.00,NA,7925.00,0
1777324075863,20260.00,20133.00,NA,7924.00,0
1777324075897,19610.00,20158.00,NA,7926.00,0
1777324075932,19660.00,20108.00,NA,7925.00,0
1777324075967,20020.00,20081.00,NA,7924.00,0
1777324076003,20470.00,20000.00,NA,7926.00,0
1777324076037,20050.00,20025.00,NA,7925.00,0
1777324076070,20180.00,20025.00,NA,7924.00,0
1777324076105,20420.00,20025.00,NA,7926.00,0
1777324076138,19990.00,20000.00,NA,7925.00,0
1777324076174,19770.00,20000.00,NA,7924.00,0
1777324076208,20180.00,19975.00,NA,7926.00,0
1777324076243,40010.00,19975.00,NA,15849.00,0
1777324076282,20600.00,20083.00,NA,7926.00,0
1777324076338,19710.00,20025.00,NA,7925.00,0
1777324076372,19860.00,20025.00,NA,7924.00,0
1777324076407,20150.00,20025.00,NA,7926.00,0
1777324076442,40400.00,20000.00,NA,15849.00,0
1777324076484,20200.00,20083.00,NA,7926.00,0
1777324076706,40060.00,19358.00,NA,15849.00,0
1777324076756,40380.00,19358.00,NA,15851.00,0
1777324076787,19710.00,19491.00,NA,7924.00,0
1777324076836,20070.00,19466.00,NA,7926.00,0
1777324076866,20110.00,19441.00,NA,7925.00,0
1777324076895,19710.00,19548.00,NA,7924.00,0
1777324076923,20270.00,19575.00,NA,7926.00,0
1777324076951,19890.00,19575.00,NA,7925.00,0
1777324077000,20050.00,19491.00,NA,7924.00,0
1777324077028,20170.00,19491.00,NA,7926.00,0
1777324077056,19990.00,19491.00,NA,7925.00,0
1777324077105,19790.00,19466.00,NA,7924.00,0
1777324077133,20320.00,19441.00,NA,7926.00,0
1777324077162,20170.00,19441.00,NA,7925.00,0
1777324077190,19450.00,19441.00,NA,7924.00,0
1777324077218,20400.00,19466.00,NA,7926.00,0
1777324077267,19840.00,19466.00,NA,7925.00,0
1777324077294,19980.00,19491.00,NA,7924.00,0
1777324077343,19730.00,19439.00,NA,7926.00,0
1777324077370,20180.00,19441.00,NA,7925.00,0
1777324077399,19960.00,19441.00,NA,7924.00,0
1777324077428,19860.00,19466.00,NA,7926.00,0
1777324077456,20000.00,19466.00,NA,7925.00,0
1777324077485,20220.00,19466.00,NA,7924.00,0
1777324077534,20140.00,19466.00,NA,7926.00,0
1777324077563,20350.00,19466.00,NA,7925.00,0
1777324077590,20150.00,19466.00,NA,7924.00,0
1777324077619,20370.00,19600.00,NA,7926.00,0
1777324077668,19960.00,19466.00,NA,7925.00,0
1777324077697,19730.00,19466.00,NA,7924.00,0
1777324077725,20080.00,19466.00,NA,7926.00,0
1777324077760,19860.00,19441.00,NA,7925.00,0
1777324077789,20110.00,19466.00,NA,7924.00,0
1777324077817,20160.00,19468.00,NA,7926.00,0
1777324077866,19950.00,19491.00,NA,7925.00,0
1777324077894,20080.00,19492.00,NA,7924.00,0
1777324077941,20150.00,19573.00,NA,7926.00,0
1777324077977,20010.00,19466.00,NA,7925.00,0
1777324078007,19490.00,19466.00,NA,7924.00,0
1777324078037,20090.00,19466.00,NA,7926.00,0
1777324078066,19870.00,19466.00,NA,7925.00,0
1777324078097,20010.00,19466.00,NA,7924.00,0
1777324078126,19840.00,19599.00,NA,7926.00,0
1777324078157,20130.00,19575.00,NA,7925.00,0
1777324078187,20220.00,19490.00,NA,7924.00,0
1777324078218,19610.00,19466.00,NA,7926.00,0
1777324078248,20250.00,19466.00,NA,7925.00,0
1777324078279,20080.00,19491.00,NA,7924.00,0
1777324078329,20410.00,19491.00,NA,7926.00,0
1777324078363,19980.00,19441.00,NA,7925.00,0
1777324078398,19630.00,19466.00,NA,7924.00,0
1777324078428,20320.00,19491.00,NA,7926.00,0
1777324078458,20020.00,19466.00,NA,7925.00,0
1777324078489,19520.00,19491.00,NA,7924.00,0
1777324078519,20290.00,19489.00,NA,7926.00,0
1777324078550,19810.00,19624.00,NA,7925.00,0
1777324078579,19950.00,19575.00,NA,7924.00,0
1777324078610,20370.00,19600.00,NA,7926.00,0
1777324078661,20180.00,19491.00,NA,7925.00,0
1777324078691,20240.00,19466.00,NA,7924.00,0
1777324078723,19900.00,19466.00,NA,7926.00,0
1777324078753,20150.00,19600.00,NA,7925.00,0
1777324078784,20020.00,19575.00,NA,7924.00,0
1777324078819,20010.00,19516.00,NA,7926.00,0
1777324078849,20070.00,19466.00,NA,7925.00,0
1777324078878,19900.00,19489.00,NA,7924.00,0
1777324078908,19790.00,19565.00,NA,7926.00,0
1777324078959,19870.00,19491.00,NA,7925.00,0
1777324078994,19660.00,19441.00,NA,7924.00,0
1777324079027,19680.00,19441.00,NA,7926.00,0
1777324079057,19740.00,19441.00,NA,7925.00,0
1777324079087,20350.00,19466.00,NA,7924.00,0
1777324079118,19920.00,19466.00,NA,7926.00,0
1777324079148,19970.00,19466.00,NA,7925.00,0
1777324079178,19550.00,19600.00,NA,7924.00,0
1777324079209,20290.00,19575.00,NA,7926.00,0
1777324079239,20050.00,19516.00,NA,7925.00,0
1777324079290,20360.00,19466.00,NA,7924.00,0
1777324079320,20290.00,19441.00,NA,7926.00,0
1777324079350,19930.00,19441.00,NA,7925.00,0
1777324079380,19840.00,19574.00,NA,7924.00,0
1777324079415,19970.00,19575.00,NA,7926.00,0
1777324079451,19930.00,19466.00,NA,7925.00,0
1777324079481,20070.00,19573.00,NA,7924.00,0
1777324079512,20270.00,19600.00,NA,7926.00,0
1777324079542,19720.00,19600.00,NA,7925.00,0
1777324079572,19980.00,19600.00,NA,7924.00,0
1777324079626,20460.00,19600.00,NA,7926.00,0
1777324079662,20480.00,19516.00,NA,7925.00,0
1777324079692,20160.00,19491.00,NA,7924.00,0
1777324079722,20220.00,19491.00,NA,7926.00,0
1777324079752,19900.00,19491.00,NA,7925.00,0
1777324079782,19740.00,19600.00,NA,7924.00,0
1777324079812,20310.00,19600.00,NA,7926.00,0
1777324079841,19950.00,19600.00,NA,7925.00,0
1777324079871,20040.00,19516.00,NA,7924.00,0
1777324079901,20050.00,19543.00,NA,7926.00,0
1777324079952,20020.00,19466.00,NA,7925.00,0
1777324079982,20040.00,19441.00,NA,7924.00,0
1777324080014,20060.00,19574.00,NA,7926.00,0
1777324080046,19730.00,19575.00,NA,7925.00,0
1777324080083,19990.00,19516.00,NA,7924.00,0
1777324080113,20230.00,19491.00,NA,7926.00,0
1777324080144,19660.00,19573.00,NA,7925.00,0
1777324080175,20000.00,19600.00,NA,7924.00,0
1777324080206,20690.00,19600.00,NA,7926.00,0
1777324080237,19930.00,19706.00,NA,7925.00,0
1777324080289,20060.00,19516.00,NA,7924.00,0
1777324080321,19840.00,19491.00,NA,7926.00,0
1777324080352,20070.00,19573.00,NA,7925.00,0
1777324080383,19940.00,19577.00,NA,7924.00,0
1777324080414,19870.00,19600.00,NA,7926.00,0
1777324080446,19560.00,19600.00,NA,7925.00,0
1777324080476,19930.00,19600.00,NA,7924.00,0
1777324080508,19930.00,19516.00,NA,7926.00,0
1777324080539,19820.00,19491.00,NA,7925.00,0
1777324080571,20010.00,19491.00,NA,7924.00,0
1777324080603,20020.00,19573.00,NA,7926.00,0
1777324080635,19760.00,19600.00,NA,7925.00,0
1777324080665,19820.00,19600.00,NA,7924.00,0
1777324080711,20100.00,19516.00,NA,7926.00,0
1777324080743,19900.00,19491.00,NA,7925.00,0
1777324080775,19910.00,19491.00,NA,7924.00,0
1777324080806,19990.00,19491.00,NA,7926.00,0
1777324080838,19500.00,19573.00,NA,7925.00,0
1777324080871,19770.00,19600.00,NA,7924.00,0
1777324080903,20070.00,19575.00,NA,7926.00,0
1777324080936,20040.00,19625.00,NA,7925.00,0
1777324080967,20020.00,19600.00,NA,7924.00,0
1777324080999,20040.00,19600.00,NA,7926.00,0
1777324081031,19720.00,19600.00,NA,7925.00,0
1777324081063,20310.00,19600.00,NA,7924.00,0
1777324081100,20000.00,19575.00,NA,7926.00,0
1777324081140,20160.00,19625.00,NA,7925.00,0
1777324081173,20100.00,19625.00,NA,7924.00,0
1777324081206,19640.00,19625.00,NA,7926.00,0
1777324081237,20260.00,19600.00,NA,7925.00,0
1777324081269,20320.00,19491.00,NA,7924.00,0
1777324081300,20170.00,19466.00,NA,7926.00,0
1777324081350,20250.00,19573.00,NA,7925.00,0
1777324081383,19900.00,19573.00,NA,7924.00,0
1777324081416,19610.00,19573.00,NA,7926.00,0
1777324081449,20240.00,19600.00,NA,7925.00,0
1777324081481,20450.00,19491.00,NA,7924.00,0
1777324081521,19670.00,19518.00,NA,7926.00,0
1777324081566,39850.00,19676.00,NA,15849.00,0
1777324081602,19580.00,19893.00,NA,7926.00,0
1777324081636,20160.00,20051.00,NA,7925.00,0
1777324081672,19860.00,20185.00,NA,7924.00,0
1777324081708,19910.00,20266.00,NA,7926.00,0
1777324081743,20300.00,20158.00,NA,7925.00,0
1777324081779,20050.00,20050.00,NA,7924.00,0
1777324081814,20050.00,19975.00,NA,7926.00,0
1777324081849,20110.00,20073.00,NA,7925.00,0
1777324081884,20000.00,20000.00,NA,7924.00,0
1777324081920,20430.00,20025.00,NA,7926.00,0
1777324081954,19830.00,19999.00,NA,7925.00,0
1777324081991,40000.00,19975.00,NA,15850.00,0
1777324082029,20080.00,20083.00,NA,7925.00,0
1777324082066,19810.00,20126.00,NA,7924.00,0
1777324082103,20020.00,20133.00,NA,7926.00,0
1777324082138,19890.00,20158.00,NA,7925.00,0
1777324082192,39800.00,20025.00,NA,15850.00,0
1777324082230,19880.00,20081.00,NA,7925.00,0
1777324082266,19880.00,20108.00,NA,7924.00,0
1777324082303,19840.00,20108.00,NA,7926.00,0
1777324082337,19830.00,20133.00,NA,7925.00,0
1777324082372,19940.00,20133.00,NA,7924.00,0
1777324082406,19850.00,20158.00,NA,7926.00,0
1777324082440,19900.00,20026.00,NA,7925.00,0
1777324082474,19850.00,20001.00,NA,7924.00,0
1777324082508,19600.00,20001.00,NA,7926.00,0
1777324082543,19630.00,20108.00,NA,7925.00,0
1777324082578,19850.00,20000.00,NA,7924.00,0
1777324082612,20150.00,20025.00,NA,7926.00,0
1777324082645,20040.00,20025.00,NA,7925.00,0
1777324082680,19930.00,20081.00,NA,7924.00,0
1777324082715,20090.00,20000.00,NA,7926.00,0
1777324082748,20070.00,20026.00,NA,7925.00,0
1777324082792,39460.00,20000.00,NA,15850.00,0
1777324082865,19890.00,20026.00,NA,7925.00,0
1777324082900,39670.00,19975.00,NA,15850.00,0
1777324082939,19960.00,20083.00,NA,7925.00,0
1777324082974,20070.00,20158.00,NA,7924.00,0
1777324083010,20260.00,20120.00,NA,7926.00,0
1777324083045,20300.00,20084.00,NA,7925.00,0
1777324083079,20080.00,20081.00,NA,7924.00,0
1777324083113,20060.00,20000.00,NA,7926.00,0
1777324083146,40510.00,20025.00,NA,15849.00,0
1777324083182,19800.00,20110.00,NA,7926.00,0
1777324083215,20050.00,20133.00,NA,7925.00,0
1777324083249,19910.00,20133.00,NA,7924.00,0
1777324083284,20300.00,20108.00,NA,7926.00,0
1777324083319,19950.00,20108.00,NA,7925.00,0
1777324083535,20020.00,19333.00,NA,7924.00,0
1777324083570,39930.00,19358.00,NA,15851.00,0
1777324083598,20360.00,19491.00,NA,7924.00,0
1777324083644,20300.00,19466.00,NA,7926.00,0
1777324083672,20000.00,19466.00,NA,7925.00,0
1777324083699,19990.00,19548.00,NA,7924.00,0
1777324083746,19900.00,19491.00,NA,7926.00,0
1777324083773,20120.00,19491.00,NA,7925.00,0
1777324083800,20000.00,19492.00,NA,7924.00,0
1777324083827,20000.00,19491.00,NA,7926.00,0
1777324083876,19840.00,19466.00,NA,7925.00,0
1777324083903,20330.00,19466.00,NA,7924.00,0
1777324083930,19960.00,19491.00,NA,7926.00,0
1777324083978,19790.00,19491.00,NA,7925.00,0
1777324084005,19960.00,19496.00,NA,7924.00,0
1777324084032,19880.00,19548.00,NA,7926.00,0
1777324084060,20140.00,19574.00,NA,7925.00,0
1777324084108,20120.00,19491.00,NA,7924.00,0
1777324084136,20270.00,19491.00,NA,7926.00,0
1777324084163,20100.00,19491.00,NA,7925.00,0
1777324084211,19910.00,19491.00,NA,7924.00,0
1777324084239,19900.00,19441.00,NA,7926.00,0
1777324084266,20140.00,19441.00,NA,7925.00,0
1777324084294,19700.00,19574.00,NA,7924.00,0
1777324084342,19510.00,19491.00,NA,7926.00,0
1777324084369,20250.00,19491.00,NA,7925.00,0
1777324084408,19990.00,19492.00,NA,7924.00,0
1777324084440,19820.00,19491.00,NA,7926.00,0
1777324084469,20100.00,19491.00,NA,7925.00,0
1777324084498,19720.00,19491.00,NA,7924.00,0
1777324084526,20100.00,19491.00,NA,7926.00,0
1777324084575,20130.00,19440.00,NA,7925.00,0
1777324084604,20070.00,19441.00,NA,7924.00,0
1777324084633,20120.00,19574.00,NA,7926.00,0
1777324084662,20110.00,19575.00,NA,7925.00,0
1777324084691,19990.00,19575.00,NA,7924.00,0
1777324084740,19710.00,19491.00,NA,7926.00,0
1777324084769,20190.00,19491.00,NA,7925.00,0
1777324084798,19940.00,19491.00,NA,7924.00,0
1777324084827,19930.00,19491.00,NA,7926.00,0
1777324084857,19860.00,19491.00,NA,7925.00,0
1777324084918,20260.00,19440.00,NA,7924.00,0
1777324084946,19920.00,19466.00,NA,7926.00,0
1777324084976,19950.00,19491.00,NA,7925.00,0
1777324085005,20230.00,19491.00,NA,7924.00,0
1777324085034,19670.00,19491.00,NA,7926.00,0
1777324085063,19940.00,19491.00,NA,7925.00,0
1777324085092,20060.00,19491.00,NA,7924.00,0
1777324085141,20350.00,19466.00,NA,7926.00,0
1777324085171,19910.00,19441.00,NA,7925.00,0
1777324085204,19940.00,19441.00,NA,7924.00,0
1777324085237,20230.00,19441.00,NA,7926.00,0
1777324085267,20060.00,19466.00,NA,7925.00,0
1777324085296,20020.00,19548.00,NA,7924.00,0
1777324085326,20000.00,19548.00,NA,7926.00,0
1777324085356,19880.00,19575.00,NA,7925.00,0
1777324085407,20200.00,19466.00,NA,7924.00,0
1777324085446,20240.00,19441.00,NA,7926.00,0
1777324085476,20310.00,19466.00,NA,7925.00,0
1777324085506,20360.00,19441.00,NA,7924.00,0
1777324085537,19950.00,19441.00,NA,7926.00,0
1777324085567,20060.00,19441.00,NA,7925.00,0
1777324085599,20160.00,19441.00,NA,7924.00,0
1777324085628,19870.00,19441.00,NA,7926.00,0
1777324085660,19970.00,19466.00,NA,7925.00,0
1777324085711,19820.00,19466.00,NA,7924.00,0
1777324085741,20440.00,19441.00,NA,7926.00,0
1777324085771,19990.00,19441.00,NA,7925.00,0
1777324085800,20210.00,19441.00,NA,7924.00,0
1777324085835,20050.00,19441.00,NA,7926.00,0
1777324085870,19920.00,19441.00,NA,7925.00,0
1777324085900,19590.00,19491.00,NA,7924.00,0
1777324085930,20120.00,19441.00,NA,7926.00,0
1777324085961,19990.00,19491.00,NA,7925.00,0
1777324085991,19960.00,19467.00,NA,7924.00,0
1777324086023,19500.00,19491.00,NA,7926.00,0
1777324086054,20140.00,19466.00,NA,7925.00,0
1777324086084,19240.00,19489.00,NA,7924.00,0
1777324086114,19890.00,19598.00,NA,7926.00,0
1777324086165,20300.00,19466.00,NA,7925.00,0
1777324086196,20360.00,19441.00,NA,7924.00,0
1777324086227,19950.00,19466.00,NA,7926.00,0
1777324086259,19680.00,19466.00,NA,7925.00,0
1777324086290,19480.00,19467.00,NA,7924.00,0
1777324086323,19910.00,19598.00,NA,7926.00,0
1777324086356,19910.00,19600.00,NA,7925.00,0
1777324086389,20210.00,19600.00,NA,7924.00,0
1777324086420,19700.00,19600.00,NA,7926.00,0
1777324086452,19940.00,19625.00,NA,7925.00,0
1777324086505,19730.00,19491.00,NA,7924.00,0
1777324086538,20000.00,19573.00,NA,7926.00,0
1777324086571,20180.00,19600.00,NA,7925.00,0
1777324086604,20390.00,19516.00,NA,7924.00,0
1777324086636,20050.00,19466.00,NA,7926.00,0
1777324086668,19650.00,19466.00,NA,7925.00,0
1777324086712,20660.00,19466.00,NA,7924.00,0
1777324086743,20140.00,19466.00,NA,7926.00,0
1777324086774,20260.00,19466.00,NA,7925.00,0
1777324086806,20110.00,19491.00,NA,7924.00,0
1777324086839,19910.00,19491.00,NA,7926.00,0
1777324086871,19670.00,19491.00,NA,7925.00,0
1777324086903,20080.00,19466.00,NA,7924.00,0
1777324086935,19890.00,19572.00,NA,7926.00,0
1777324086966,19660.00,19548.00,NA,7925.00,0
1777324086997,20040.00,19600.00,NA,7924.00,0
1777324087029,20070.00,19491.00,NA,7926.00,0
1777324087061,19950.00,19441.00,NA,7925.00,0
1777324087097,19940.00,19441.00,NA,7924.00,0
1777324087136,19640.00,19466.00,NA,7926.00,0
1777324087170,20110.00,19491.00,NA,7925.00,0
1777324087202,20070.00,19546.00,NA,7924.00,0
1777324087236,19820.00,19479.00,NA,7926.00,0
1777324087268,20110.00,19466.00,NA,7925.00,0
1777324087301,20050.00,19466.00,NA,7924.00,0
1777324087345,40110.00,19454.00,NA,15851.00,0
1777324087380,20080.00,19592.00,NA,7924.00,0
1777324087414,19900.00,19599.00,NA,7926.00,0
1777324087447,20270.00,19600.00,NA,7925.00,0
1777324087482,20080.00,19591.00,NA,7924.00,0
1777324087520,19800.00,19542.00,NA,7926.00,0
1777324087581,19920.00,19466.00,NA,7925.00,0
1777324087615,40190.00,19466.00,NA,15850.00,0
1777324087651,20070.00,19600.00,NA,7925.00,0
1777324087685,20280.00,19625.00,NA,7924.00,0
1777324087718,20070.00,19600.00,NA,7926.00,0
1777324087763,19800.00,19491.00,NA,7925.00,0
1777324087797,19730.00,19600.00,NA,7924.00,0
1777324087829,20450.00,19516.00,NA,7926.00,0
1777324087861,20220.00,19600.00,NA,7925.00,0
1777324087895,20210.00,19625.00,NA,7924.00,0
1777324087928,20010.00,19491.00,NA,7926.00,0
1777324087978,39960.00,19466.00,NA,15849.00,0
1777324088015,19700.00,19634.00,NA,7926.00,0
1777324088049,20000.00,19600.00,NA,7925.00,0
1777324088082,20130.00,19600.00,NA,7924.00,0
1777324088118,20040.00,19575.00,NA,7926.00,0
1777324088154,20030.00,19575.00,NA,7925.00,0
1777324088197,20200.00,19438.00,NA,7924.00,0
1777324088232,20180.00,19333.00,NA,7926.00,0
1777324088267,39550.00,19333.00,NA,15849.00,0
1777324088304,19910.00,19441.00,NA,7926.00,0
1777324088338,19830.00,19491.00,NA,7925.00,0
1777324088372,19900.00,19600.00,NA,7924.00,0
1777324088406,20260.00,19758.00,NA,7926.00,0
1777324088440,19870.00,19866.00,NA,7925.00,0
1777324088475,27750.00,20000.00,NA,13584.00,0
1777324088513,59160.00,20174.00,NA,29166.00,0
1777324088556,59180.00,20475.00,NA,29179.00,0
1777324088619,59490.00,20404.00,NA,29165.00,0
1777324088665,60790.00,20671.00,NA,29166.00,0
1777324088708,60440.00,20937.00,NA,29179.00,0
1777324088751,59760.00,21179.00,NA,29165.00,0
1777324088795,59800.00,21250.00,NA,28755.00,0
1777324088840,58870.00,21531.00,NA,29166.00,0
1777324088882,59940.00,21846.00,NA,29179.00,0
1777324088923,59060.00,22031.00,NA,29165.00,0
1777324088965,59510.00,22246.00,NA,29166.00,0
1777324089002,60200.00,22407.00,NA,29179.00,0
1777324089041,60050.00,22804.00,NA,29165.00,0
1777324089082,60030.00,22921.00,NA,28755.00,0
1777324089240,59770.00,22783.00,NA,29166.00,0
1777324089273,60400.00,22964.00,NA,29179.00,0
1777324089301,60230.00,23231.00,NA,29165.00,0
1777324089330,60310.00,23579.00,NA,29166.00,0
1777324089362,59790.00,23871.00,NA,29179.00,0
1777324089397,59600.00,24112.00,NA,29165.00,0
1777324089434,60040.00,24363.00,NA,28755.00,0
1777324089470,59800.00,24625.00,NA,29166.00,0
1777324089507,60510.00,24804.00,NA,29179.00,0
1777324089543,59930.00,25071.00,NA,29165.00,0
1777324089578,60510.00,25445.00,NA,29166.00,0
1777324089615,59850.00,25604.00,NA,29179.00,0
1777324089651,60030.00,25871.00,NA,29165.00,0
1777324089688,60120.00,26121.00,NA,28755.00,0
1777324089726,59770.00,26383.00,NA,29166.00,0
1777324089763,59930.00,26646.00,NA,29179.00,0
1777324089801,59800.00,26912.00,NA,29165.00,0
1777324089840,59660.00,27071.00,NA,29166.00,0
1777324089879,59620.00,27312.00,NA,29179.00,0
1777324089930,59910.00,27604.00,NA,29165.00,0
1777324089974,60320.00,27830.00,NA,28755.00,0
1777324090012,60010.00,28068.00,NA,29166.00,0
1777324090051,60340.00,28271.00,NA,29179.00,0
1777324090099,59900.00,28512.00,NA,29165.00,0
1777324090152,59950.00,28752.00,NA,29166.00,0
1777324090190,60020.00,28937.00,NA,29179.00,0
1777324090228,59620.00,29204.00,NA,29165.00,0
1777324090270,60540.00,29455.00,NA,28755.00,0
1777324090307,59940.00,29583.00,NA,29166.00,0
1777324090351,60470.00,29871.00,NA,29179.00,0
1777324090392,61050.00,30112.00,NA,29165.00,0
1777324090429,59880.00,30404.00,NA,29166.00,0
1777324090468,60200.00,30671.00,NA,29179.00,0
1777324090510,59990.00,30937.00,NA,29165.00,0
1777324090562,60630.00,31055.00,NA,28755.00,0
1777324090596,60270.00,31374.00,NA,29166.00,0
1777324090628,60180.00,31604.00,NA,29179.00,0
1777324090664,59590.00,31846.00,NA,29165.00,0
1777324090702,59680.00,32112.00,NA,29166.00,0
1777324090738,61080.00,32404.00,NA,29179.00,0
1777324090774,60200.00,32671.00,NA,29165.00,0
1777324090813,60210.00,32814.00,NA,28755.00,0
1777324090851,60180.00,33156.00,NA,29166.00,0
1777324090893,60020.00,33337.00,NA,29179.00,0
1777324090931,59460.00,33604.00,NA,29165.00,0
1777324090989,60020.00,33737.00,NA,29166.00,0
1777324091030,59470.00,33979.00,NA,29179.00,0
1777324091071,60000.00,34137.00,NA,29165.00,0
1777324091115,59630.00,34363.00,NA,28755.00,0
1777324091164,60030.00,34625.00,NA,29166.00,0
1777324091200,60080.00,34937.00,NA,29179.00,0
1777324091379,59790.00,34444.00,NA,29165.00,0
1777324091418,60350.00,34779.00,NA,29166.00,0
1777324091447,60270.00,34972.00,NA,29179.00,0
1777324091479,60150.00,35238.00,NA,29165.00,0
1777324091513,60380.00,35670.00,NA,28755.00,0
1777324091549,59980.00,35850.00,NA,29166.00,0
1777324091585,59750.00,36137.00,NA,29179.00,0
1777324091628,60070.00,36404.00,NA,29165.00,0
1777324091670,60060.00,36671.00,NA,29166.00,0
1777324091708,60340.00,36912.00,NA,29179.00,0
1777324091747,60180.00,37175.00,NA,29165.00,0
1777324091784,59780.00,37321.00,NA,28755.00,0
1777324091823,59890.00,37583.00,NA,29166.00,0
1777324091859,60540.00,37871.00,NA,29179.00,0
1777324091896,59950.00,38137.00,NA,29165.00,0
1777324091931,59540.00,38379.00,NA,29166.00,0
1777324091966,60050.00,38671.00,NA,29179.00,0
1777324092005,60010.00,38911.00,NA,29165.00,0
1777324092059,59750.00,39055.00,NA,28755.00,0
1777324092098,60460.00,39316.00,NA,29166.00,0
1777324092137,60120.00,39579.00,NA,29179.00,0
1777324092178,60700.00,39819.00,NA,29165.00,0
1777324092217,59480.00,40004.00,NA,29166.00,0
1777324092269,60520.00,40271.00,NA,29179.00,0
1777324092309,60620.00,40537.00,NA,29165.00,0
1777324092350,59750.00,40763.00,NA,28755.00,0
1777324092390,60180.00,40865.00,NA,29166.00,0
1777324092441,60250.00,41071.00,NA,29179.00,0
1777324092499,60130.00,41204.00,NA,29165.00,0
1777324092539,59890.00,41577.00,NA,29166.00,0
1777324092580,59300.00,41846.00,NA,29179.00,0
1777324092622,60360.00,42112.00,NA,29165.00,0
1777324092662,59880.00,42194.00,NA,28755.00,0
1777324092829,60490.00,41958.00,NA,29166.00,0
1777324092869,60110.00,42137.00,NA,29179.00,0
1777324092909,60290.00,42404.00,NA,29165.00,0
1777324092949,59850.00,42777.00,NA,29166.00,0
1777324092988,59710.00,42992.00,NA,29179.00,0
1777324093027,60270.00,43071.00,NA,29165.00,0
1777324093067,59720.00,43321.00,NA,28755.00,0
1777324093105,59870.00,43583.00,NA,29166.00,0
1777324093143,59960.00,43871.00,NA,29179.00,0
1777324093181,59560.00,44112.00,NA,29165.00,0
1777324093216,60380.00,44404.00,NA,29166.00,0
1777324093254,60160.00,44671.00,NA,29179.00,0
1777324093294,60130.00,44829.00,NA,29165.00,0
1777324093335,59310.00,45030.00,NA,28755.00,0
1777324093375,60320.00,45291.00,NA,29166.00,0
1777324093415,60560.00,45471.00,NA,29179.00,0
1777324093455,60250.00,45737.00,NA,29165.00,0
1777324093496,60360.00,45899.00,NA,29166.00,0
1777324093536,59670.00,46000.00,NA,29179.00,0
1777324093577,59840.00,46384.00,NA,29165.00,0
1777324093617,59480.00,46384.00,NA,28755.00,0
1777324093657,60170.00,46379.00,NA,29166.00,0
1777324093699,59930.00,46400.00,NA,29179.00,0
1777324093747,59800.00,46400.00,NA,29165.00,0
1777324093788,59440.00,46416.00,NA,29166.00,0
1777324093829,60010.00,46421.00,NA,29179.00,0
1777324093868,60560.00,46400.00,NA,29165.00,0
1777324093909,59950.00,46384.00,NA,28755.00,0
1777324093958,59750.00,46379.00,NA,29166.00,0
1777324094001,59590.00,46443.00,NA,29179.00,0
1777324094042,60170.00,46400.00,NA,29165.00,0
1777324094083,60390.00,46416.00,NA,29166.00,0
1777324094138,60350.00,46351.00,NA,29179.00,0
1777324094181,59480.00,46821.00,NA,29165.00,0
1777324094219,59600.00,47205.00,NA,28755.00,0
1777324094259,59250.00,47274.00,NA,29166.00,0
1777324094301,59530.00,47274.00,NA,29179.00,0
1777324094347,59780.00,46800.00,NA,29165.00,0
1777324094387,59990.00,46800.00,NA,29166.00,0
1777324094425,59790.00,46816.00,NA,29179.00,0
1777324094472,59510.00,46821.00,NA,29165.00,0
1777324094525,59760.00,46773.00,NA,28755.00,0
1777324094591,60050.00,46368.00,NA,29166.00,0
1777324094630,59850.00,46389.00,NA,29179.00,0
1777324094672,60110.00,46389.00,NA,29165.00,0
1777324094715,59820.00,46021.00,NA,29166.00,0
1777324094763,60320.00,46000.00,NA,29179.00,0
1777324094805,60270.00,46000.00,NA,29165.00,0
1777324094844,59930.00,45984.00,NA,28755.00,0
1777324094884,59900.00,45979.00,NA,29166.00,0
1777324094926,60230.00,46000.00,NA,29179.00,0
1777324094976,60330.00,45941.00,NA,29165.00,0
1777324095020,59720.00,46021.00,NA,29166.00,0
1777324095059,59890.00,46000.00,NA,29179.00,0
1777324095098,60780.00,46000.00,NA,29165.00,0
1777324095141,60760.00,45984.00,NA,28755.00,0
1777324095194,59240.00,45890.00,NA,29166.00,0
1777324095243,59550.00,45915.00,NA,29179.00,0
1777324095284,60040.00,45910.00,NA,29165.00,0
1777324095323,59570.00,46020.00,NA,29166.00,0
1777324095363,59750.00,45989.00,NA,29179.00,0
1777324095411,59720.00,45601.00,NA,29165.00,0
1777324095462,60730.00,45584.00,NA,28755.00,0
1777324095512,59760.00,45579.00,NA,29166.00,0
1777324095555,60090.00,45616.00,NA,29179.00,0
1777324095614,59680.00,45338.00,NA,29165.00,0
1777324095662,60170.00,45200.00,NA,29166.00,0
1777324095708,59750.00,45200.00,NA,29179.00,0
1777324095753,59540.00,45189.00,NA,29165.00,0
1777324095811,60100.00,44800.00,NA,28755.00,0
1777324095880,60470.00,44379.00,NA,29166.00,0
1777324095926,59920.00,44400.00,NA,29179.00,0
1777324095970,59790.00,44715.00,NA,29165.00,0
1777324096033,59940.00,44400.00,NA,29166.00,0
1777324096080,60240.00,44400.00,NA,29179.00,0
1777324096129,59720.00,44378.00,NA,29165.00,0
1777324096173,60000.00,44405.00,NA,28755.00,0
1777324096232,59620.00,44053.00,NA,29166.00,0
1777324096304,59850.00,44474.00,NA,29179.00,0
1777324097125,59740.00,36485.00,NA,29165.00,0
1777324097161,59840.00,36725.00,NA,29166.00,0
1777324097194,59960.00,36651.00,NA,29179.00,0
1777324097225,59950.00,36977.00,NA,29165.00,0
1777324097255,59630.00,36887.00,NA,28755.00,0
1777324097287,60450.00,36792.00,NA,29166.00,0
1777324097324,59690.00,37033.00,NA,29179.00,0
1777324097359,59740.00,37044.00,NA,29165.00,0
1777324097408,59390.00,36886.00,NA,29166.00,0
1777324097456,59660.00,36886.00,NA,29179.00,0
1777324097498,60340.00,36774.00,NA,29165.00,0
1777324097545,60010.00,36722.00,NA,28755.00,0
1777324097589,59670.00,36627.00,NA,29166.00,0
1777324097639,59690.00,36254.00,NA,29179.00,0
1777324097684,60180.00,36110.00,NA,29165.00,0
1777324097725,60420.00,36436.00,NA,29166.00,0
1777324097773,59820.00,36762.00,NA,29179.00,0
1777324098125,60370.00,34015.00,NA,29165.00,0
1777324098181,60020.00,33851.00,NA,28755.00,0
1777324098214,60370.00,33756.00,NA,29166.00,0
1777324098251,60220.00,33682.00,NA,29179.00,0
1777324098286,59940.00,33483.00,NA,29165.00,0
1777324098322,59530.00,33550.00,NA,29166.00,0
1777324098356,59640.00,33571.00,NA,29179.00,0
1777324098422,60560.00,33376.00,NA,29165.00,0
1777324098465,60010.00,33433.00,NA,28755.00,0
1777324098498,59990.00,33393.00,NA,29166.00,0
1777324098534,60210.00,33328.00,NA,29179.00,0
1777324098572,59980.00,33254.00,NA,29165.00,0
1777324098611,59390.00,33196.00,NA,29166.00,0
1777324098649,59860.00,33127.00,NA,29179.00,0
1777324098685,59930.00,33032.00,NA,29165.00,0
1777324098719,59590.00,33161.00,NA,28755.00,0
1777324098753,28070.00,33236.00,NA,13585.00,0
1777324099113,28000.00,29870.00,NA,13586.00,0
1777324102302,27780.00,9804.00,NA,13584.00,0
1777324106456,27930.00,846.00,NA,13585.00,0
1777324111306,27870.00,709.00,NA,13586.00,0
1777324115869,27790.00,963.00,NA,13584.00,0
1777324120924,28270.00,37.00,NA,13585.00,0
1777324121888,27960.00,223.00,NA,13586.00,0
1777324122084,28220.00,410.00,NA,13584.00,0
1777324122114,27980.00,560.00,NA,13585.00,0
1777324122144,59560.00,746.00,NA,29165.00,0
1777324122184,60230.00,1109.00,NA,29166.00,0
1777324122216,59210.00,1509.00,NA,29179.00,0
1777324122249,44020.00,1909.00,NA,21170.00,0
1777324122279,60290.00,2203.00,NA,29166.00,0
1777324122318,60110.00,2603.00,NA,29179.00,0
1777324122358,60290.00,3003.00,NA,29165.00,0
1777324122398,59800.00,3403.00,NA,29166.00,0
1777324122434,60460.00,3803.00,NA,29179.00,0
1777324122466,60350.00,4203.00,NA,29165.00,0
1777324122501,60040.00,4587.00,NA,28755.00,0
1777324122543,59740.00,4982.00,NA,29166.00,0
1777324122577,59590.00,5403.00,NA,29179.00,0
1777324122618,60330.00,5803.00,NA,29165.00,0
1777324122656,60190.00,6203.00,NA,29166.00,0
1777324122694,59660.00,6543.00,NA,29179.00,0
1777324122734,60210.00,7003.00,NA,29165.00,0
1777324122773,60200.00,7350.00,NA,28755.00,0
1777324122810,59500.00,7745.00,NA,29166.00,0
1777324122847,60130.00,8166.00,NA,29179.00,0
1777324122886,47780.00,8539.00,NA,23165.00,0
1777324122924,55970.00,8886.00,NA,27171.00,0
1777324122970,60390.00,9259.00,NA,29179.00,0
1777324123009,51900.00,9659.00,NA,25160.00,0
1777324123047,59620.00,10006.00,NA,29166.00,0
1777324123094,60410.00,10406.00,NA,29179.00,0
1777324123146,60220.00,10806.00,NA,29165.00,0
1777324123187,60540.00,11206.00,NA,29166.00,0
1777324123227,59620.00,11606.00,NA,29179.00,0
1777324123275,59410.00,12006.00,NA,29165.00,0
1777324123316,60150.00,12390.00,NA,28755.00,0
1777324123358,60500.00,12785.00,NA,29166.00,0
1777324123399,60320.00,13206.00,NA,29179.00,0
1777324123439,59810.00,13606.00,NA,29165.00,0
1777324123480,59670.00,14006.00,NA,29166.00,0
1777324123523,59710.00,14307.00,NA,29179.00,0
1777324123563,59880.00,14806.00,NA,29165.00,0
1777324123603,60360.00,15190.00,NA,28755.00,0
1777324123643,59940.00,15585.00,NA,29166.00,0
1777324123684,59730.00,16006.00,NA,29179.00,0
1777324123736,60240.00,16406.00,NA,29165.00,0
1777324123777,60150.00,16806.00,NA,29166.00,0
1777324123814,60480.00,17132.00,NA,29179.00,0
1777324123852,59440.00,17606.00,NA,29165.00,0
1777324123894,59900.00,17990.00,NA,28755.00,0
1777324123942,60410.00,18295.00,NA,29166.00,0
1777324124000,59960.00,18806.00,NA,29179.00,0
1777324124043,60160.00,19206.00,NA,29165.00,0
1777324124095,59260.00,19606.00,NA,29166.00,0
1777324124142,59930.00,20006.00,NA,29179.00,0
1777324124212,59790.00,20406.00,NA,29165.00,0
1777324124257,60010.00,20790.00,NA,28755.00,0
1777324124300,60770.00,21185.00,NA,29166.00,0
1777324124340,59110.00,21606.00,NA,29179.00,0
1777324124383,59730.00,21839.00,NA,29165.00,0
1777324124426,60490.00,22406.00,NA,29166.00,0
1777324124470,60280.00,22806.00,NA,29179.00,0
1777324124516,59850.00,23206.00,NA,29165.00,0
1777324124562,59420.00,23590.00,NA,28755.00,0
1777324124630,59720.00,23985.00,NA,29166.00,0
1777324124673,59820.00,24406.00,NA,29179.00,0
1777324124712,59950.00,24806.00,NA,29165.00,0
1777324124755,59970.00,25206.00,NA,29166.00,0
1777324124804,59950.00,25296.00,NA,29179.00,0
1777324124848,59960.00,26006.00,NA,29165.00,0
1777324124903,60090.00,26390.00,NA,28755.00,0
1777324124953,60540.00,26785.00,NA,29166.00,0
1777324125009,59620.00,27206.00,NA,29179.00,0
1777324125066,59290.00,27606.00,NA,29165.00,0
1777324125112,59920.00,28006.00,NA,29166.00,0
1777324125157,60270.00,28406.00,NA,29179.00,0
1777324125219,59750.00,28806.00,NA,29165.00,0
1777324125276,60110.00,29190.00,NA,28755.00,0
1777324125322,59840.00,29585.00,NA,29166.00,0
1777324125368,59440.00,30006.00,NA,29179.00,0
1777324125423,60750.00,30406.00,NA,29165.00,0
1777324125496,60180.00,30806.00,NA,29166.00,0
1777324125542,60170.00,31206.00,NA,29179.00,0
1777324125586,59470.00,31606.00,NA,29165.00,0
1777324125645,60090.00,31922.00,NA,28755.00,0
1777324125695,59930.00,32385.00,NA,29166.00,0
1777324125742,60260.00,32806.00,NA,29179.00,0
1777324125791,59260.00,33206.00,NA,29165.00,0
1777324125845,59640.00,33606.00,NA,29166.00,0
1777324125908,59460.00,34006.00,NA,29179.00,0
1777324125958,60000.00,34256.00,NA,29165.00,0
1777324126202,59980.00,34603.00,NA,28755.00,0
1777324126239,59640.00,34998.00,NA,29166.00,0
1777324126272,59670.00,35324.00,NA,29179.00,0
1777324126304,59910.00,35745.00,NA,29165.00,0
1777324126335,60520.00,36145.00,NA,29166.00,0
1777324126369,59920.00,36619.00,NA,29179.00,0
1777324126424,59960.00,37019.00,NA,29165.00,0
1777324126458,60370.00,37403.00,NA,28755.00,0
1777324126494,60560.00,37798.00,NA,29166.00,0
1777324126531,60050.00,38219.00,NA,29179.00,0
1777324126570,59210.00,38619.00,NA,29165.00,0
1777324126609,60010.00,39019.00,NA,29166.00,0
1777324126649,60210.00,39419.00,NA,29179.00,0
1777324126686,59990.00,39819.00,NA,29165.00,0
1777324126845,59630.00,40203.00,NA,28755.00,0
1777324126879,60170.00,40598.00,NA,29166.00,0
1777324126908,59850.00,40775.00,NA,29179.00,0
1777324126941,59760.00,41232.00,NA,29165.00,0
1777324126979,59790.00,41595.00,NA,29166.00,0
1777324127015,60490.00,42032.00,NA,29179.00,0
1777324127052,60440.00,42432.00,NA,29165.00,0
1777324127094,60590.00,42811.00,NA,28755.00,0
1777324127133,59540.00,42875.00,NA,29166.00,0
1777324127165,60470.00,43246.00,NA,29179.00,0
1777324127196,60010.00,43322.00,NA,29165.00,0
1777324127236,59990.00,43007.00,NA,29166.00,0
1777324127271,59510.00,43114.00,NA,29179.00,0
1777324127308,60020.00,43040.00,NA,29165.00,0
1777324127340,59680.00,43262.00,NA,28755.00,0
1777324127374,59760.00,43408.00,NA,29166.00,0
1777324127410,60030.00,43429.00,NA,29179.00,0
1777324127447,60350.00,43429.00,NA,29165.00,0
1777324127486,60450.00,43285.00,NA,29166.00,0
1777324127525,60320.00,43244.00,NA,29179.00,0
1777324127559,59670.00,43339.00,NA,29165.00,0
1777324127598,60580.00,43413.00,NA,28755.00,0
1777324127641,59630.00,43321.00,NA,29166.00,0
1777324127680,60400.00,43340.00,NA,29179.00,0
1777324127738,59900.00,43077.00,NA,29165.00,0
1777324127779,59640.00,43056.00,NA,29166.00,0
1777324127820,60400.00,43050.00,NA,29179.00,0
1777324127866,60200.00,43029.00,NA,29165.00,0
1777324127907,59730.00,42778.00,NA,28755.00,0
1777324127946,59610.00,43014.00,NA,29166.00,0
1777324127987,59840.00,43136.00,NA,29179.00,0
1777324128027,59890.00,43135.00,NA,29165.00,0
1777324128173,60380.00,42000.00,NA,29166.00,0
1777324128205,60250.00,42217.00,NA,29179.00,0
1777324128237,60030.00,42315.00,NA,29165.00,0
1777324128271,59220.00,42384.00,NA,28755.00,0
1777324128310,59660.00,42395.00,NA,29166.00,0
1777324128347,60390.00,42421.00,NA,29179.00,0
1777324128384,59330.00,42400.00,NA,29165.00,0
1777324128423,59630.00,42400.00,NA,29166.00,0
1777324128460,60790.00,42474.00,NA,29179.00,0
1777324128498,60370.00,42789.00,NA,29165.00,0
1777324128539,59840.00,42773.00,NA,28755.00,0
1777324128577,59740.00,42768.00,NA,29166.00,0
1777324128616,60860.00,42800.00,NA,29179.00,0
1777324128659,60520.00,42810.00,NA,29165.00,0
1777324128698,60030.00,42715.00,NA,29166.00,0
1777324128739,59440.00,42800.00,NA,29179.00,0
1777324128782,60140.00,42800.00,NA,29165.00,0
1777324128828,59010.00,42773.00,NA,28755.00,0
1777324128880,60250.00,42469.00,NA,29166.00,0
1777324128920,60160.00,42511.00,NA,29179.00,0
1777324128961,60340.00,42810.00,NA,29165.00,0
1777324129001,60580.00,42800.00,NA,29166.00,0
1777324129044,60260.00,42800.00,NA,29179.00,0
1777324129084,59680.00,42800.00,NA,29165.00,0
1777324129128,59990.00,42784.00,NA,28755.00,0
1777324129161,60420.00,43178.00,NA,29166.00,0
1777324129197,60030.00,43200.00,NA,29179.00,0
1777324129234,59510.00,43216.00,NA,29165.00,0
1777324129292,59690.00,43221.00,NA,29166.00,0
1777324129331,59760.00,43200.00,NA,29179.00,0
1777324129369,59690.00,43366.00,NA,29165.00,0
1777324129403,59690.00,43258.00,NA,28755.00,0
1777324129440,60420.00,43568.00,NA,29166.00,0
1777324129478,60920.00,43599.00,NA,29179.00,0
1777324129594,60120.00,43103.00,NA,29165.00,0
1777324129622,60070.00,43221.00,NA,29166.00,0
1777324129655,59820.00,43126.00,NA,29179.00,0
1777324129697,60290.00,43200.00,NA,29165.00,0
1777324129733,59980.00,43184.00,NA,28755.00,0
1777324129774,60500.00,43411.00,NA,29166.00,0
1777324129811,59670.00,43589.00,NA,29179.00,0
1777324129847,60150.00,43600.00,NA,29165.00,0
1777324129884,60290.00,43616.00,NA,29166.00,0
1777324129921,60500.00,43910.00,NA,29179.00,0
1777324129963,60060.00,43915.00,NA,29165.00,0
1777324130005,59740.00,43984.00,NA,28755.00,0
1777324130042,60370.00,43979.00,NA,29166.00,0
1777324130090,59580.00,44000.00,NA,29179.00,0
1777324130126,59410.00,44389.00,NA,29165.00,0
1777324130165,59970.00,44315.00,NA,29166.00,0
1777324130202,60080.00,44400.00,NA,29179.00,0
1777324130239,59900.00,44789.00,NA,29165.00,0
1777324130277,59170.00,44800.00,NA,28755.00,0
1777324130318,59850.00,44800.00,NA,29166.00,0
1777324130357,59990.00,44800.00,NA,29179.00,0
1777324130396,60570.00,44800.00,NA,29165.00,0
1777324130436,59840.00,45273.00,NA,29166.00,0
1777324130473,59840.00,45200.00,NA,29179.00,0
1777324130516,59660.00,45238.00,NA,29165.00,0
1777324130554,59980.00,45573.00,NA,28755.00,0
1777324130600,59660.00,45568.00,NA,29166.00,0
1777324130645,59800.00,45653.00,NA,29179.00,0
1777324130686,60140.00,45621.00,NA,29165.00,0
1777324130727,59940.00,45555.00,NA,29166.00,0
1777324130766,60220.00,45600.00,NA,29179.00,0
1777324130806,60080.00,45915.00,NA,29165.00,0
1777324130847,60410.00,45984.00,NA,28755.00,0
1777324130893,60190.00,45979.00,NA,29166.00,0
1777324130940,59730.00,46000.00,NA,29179.00,0
1777324130980,60320.00,46090.00,NA,29165.00,0
1777324131021,59420.00,46416.00,NA,29166.00,0
1777324131060,60250.00,46816.00,NA,29179.00,0
1777324131098,59980.00,47290.00,NA,29165.00,0
1777324131146,60620.00,47600.00,NA,28755.00,0
1777324131202,60160.00,47995.00,NA,29166.00,0
1777324131242,59600.00,48021.00,NA,29179.00,0
1777324131282,60360.00,48095.00,NA,29165.00,0
1777324131323,59930.00,47748.00,NA,29166.00,0
1777324131367,59850.00,47600.00,NA,29179.00,0
1777324131414,60110.00,47600.00,NA,29165.00,0
1777324131461,59590.00,47674.00,NA,28755.00,0
1777324131503,60330.00,47600.00,NA,29166.00,0
1777324131545,59270.00,47589.00,NA,29179.00,0
1777324131619,60110.00,47200.00,NA,29165.00,0
1777324131660,59980.00,47189.00,NA,29166.00,0
1777324131698,59680.00,47189.00,NA,29179.00,0
1777324131740,59470.00,47216.00,NA,29165.00,0
1777324131791,59620.00,47527.00,NA,28755.00,0
1777324131836,60380.00,47995.00,NA,29166.00,0
1777324131878,59710.00,48021.00,NA,29179.00,0
1777324131917,60480.00,48074.00,NA,29165.00,0
1777324131958,60650.00,47989.00,NA,29166.00,0
1777324132002,59760.00,47679.00,NA,29179.00,0
1777324132047,60720.00,47600.00,NA,29165.00,0
1777324132091,60810.00,47600.00,NA,28755.00,0
1777324132135,59640.00,47600.00,NA,29166.00,0
1777324132184,59880.00,47200.00,NA,29179.00,0
1777324132270,59700.00,46800.00,NA,29165.00,0
1777324132312,60310.00,46800.00,NA,29166.00,0
1777324132352,60120.00,46800.00,NA,29179.00,0
1777324132392,60360.00,46810.00,NA,29165.00,0
1777324132464,60210.00,46463.00,NA,28755.00,0
1777324132507,59860.00,46368.00,NA,29166.00,0
1777324132552,59470.00,46074.00,NA,29179.00,0
1777324132594,59780.00,46090.00,NA,29165.00,0
1777324132669,60470.00,45600.00,NA,29166.00,0
1777324132712,60010.00,45915.00,NA,29179.00,0
1777324132754,59760.00,45915.00,NA,29165.00,0
1777324132794,59620.00,45973.00,NA,28755.00,0
1777324132849,59970.00,45606.00,NA,29166.00,0
1777324132892,59670.00,45616.00,NA,29179.00,0
1777324132936,60550.00,45621.00,NA,29165.00,0
1777324132976,59960.00,45600.00,NA,29166.00,0
1777324133018,60050.00,45600.00,NA,29179.00,0
1777324133093,59890.00,45600.00,NA,29165.00,0
1777324133141,60520.00,45984.00,NA,28755.00,0
1777324133185,60200.00,46379.00,NA,29166.00,0
1777324133468,60700.00,43589.00,NA,29179.00,0
1777324133506,60030.00,43589.00,NA,29165.00,0
1777324133536,59650.00,43505.00,NA,29166.00,0
1777324133569,60280.00,43473.00,NA,29179.00,0
1777324133610,60310.00,43563.00,NA,29165.00,0
1777324133646,60000.00,43584.00,NA,28755.00,0
1777324133685,59860.00,43579.00,NA,29166.00,0
1777324133723,60200.00,43600.00,NA,29179.00,0
1777324133769,60130.00,43600.00,NA,29165.00,0
1777324133806,60090.00,43616.00,NA,29166.00,0
1777324133844,60490.00,43910.00,NA,29179.00,0
1777324133886,60190.00,44014.00,NA,29165.00,0
1777324133934,59390.00,43973.00,NA,28755.00,0
1777324133981,60440.00,43579.00,NA,29166.00,0
1777324134024,60210.00,43600.00,NA,29179.00,0
1777324134062,60380.00,43674.00,NA,29165.00,0
1777324134099,60260.00,43915.00,NA,29166.00,0
1777324134155,59260.00,43621.00,NA,29179.00,0
1777324134195,59870.00,43600.00,NA,29165.00,0
1777324134233,59820.00,43584.00,NA,28755.00,0
1777324134276,59850.00,43579.00,NA,29166.00,0
1777324134325,60030.00,43600.00,NA,29179.00,0
1777324134366,59210.00,43600.00,NA,29165.00,0
1777324134412,60010.00,43610.00,NA,29166.00,0
1777324134457,59400.00,43514.00,NA,29179.00,0
1777324134499,59900.00,43223.00,NA,29165.00,0
1777324134539,59840.00,43560.00,NA,28755.00,0
1777324134580,60370.00,44002.00,NA,29166.00,0
1777324134620,59860.00,44000.00,NA,29179.00,0
1777324134662,60010.00,44074.00,NA,29165.00,0
1777324134820,59660.00,44000.00,NA,29166.00,0
1777324134867,59490.00,42474.00,NA,29179.00,0
1777324134900,60290.00,42400.00,NA,29165.00,0
1777324134942,59870.00,42384.00,NA,28755.00,0
1777324134978,60110.00,42694.00,NA,29166.00,0
1777324135023,60700.00,42421.00,NA,29179.00,0
1777324135058,60190.00,42715.00,NA,29165.00,0
1777324135097,60790.00,42715.00,NA,29166.00,0
1777324135133,60690.00,42715.00,NA,29179.00,0
1777324135179,60220.00,42715.00,NA,29165.00,0
1777324135215,59660.00,42773.00,NA,28755.00,0
1777324135252,60350.00,42768.00,NA,29166.00,0
1777324135290,60580.00,42710.00,NA,29179.00,0
1777324135328,60110.00,42810.00,NA,29165.00,0
1777324135364,59700.00,42789.00,NA,29166.00,0
1777324135402,59540.00,42800.00,NA,29179.00,0
1777324135441,59880.00,42726.00,NA,29165.00,0
1777324135486,60510.00,42773.00,NA,28755.00,0
1777324135523,60200.00,42768.00,NA,29166.00,0
1777324135557,59940.00,42816.00,NA,29179.00,0
1777324135592,59670.00,42821.00,NA,29165.00,0
1777324135635,60060.00,42800.00,NA,29166.00,0
1777324135676,60190.00,42800.00,NA,29179.00,0
1777324135716,60240.00,42837.00,NA,29165.00,0
1777324135752,60380.00,42784.00,NA,28755.00,0
1777324135786,60250.00,42853.00,NA,29166.00,0
1777324135823,60030.00,43189.00,NA,29179.00,0
1777324135859,59550.00,43110.00,NA,29165.00,0
1777324135894,60090.00,43188.00,NA,29166.00,0
1777324135931,59910.00,43200.00,NA,29179.00,0
1777324135967,60020.00,43200.00,NA,29165.00,0
1777324136008,59440.00,43184.00,NA,28755.00,0
1777324136044,60040.00,43179.00,NA,29166.00,0
1777324136092,59570.00,43200.00,NA,29179.00,0
1777324136144,59920.00,43216.00,NA,29165.00,0
1777324136181,59250.00,43311.00,NA,29166.00,0
1777324136220,59890.00,43610.00,NA,29179.00,0
1777324136260,60030.00,43511.00,NA,29165.00,0
1777324136311,59680.00,43184.00,NA,28755.00,0
1777324136348,59370.00,43252.00,NA,29166.00,0
1777324136386,60280.00,43515.00,NA,29179.00,0
1777324136422,61110.00,43600.00,NA,29165.00,0
1777324136462,60010.00,43575.00,NA,29166.00,0
1777324136503,60650.00,43621.00,NA,29179.00,0
1777324136573,59750.00,43515.00,NA,29165.00,0
1777324136615,60030.00,43584.00,NA,28755.00,0
1777324136654,60420.00,43579.00,NA,29166.00,0
1777324136695,60040.00,43600.00,NA,29179.00,0
1777324136743,60340.00,43528.00,NA,29165.00,0
1777324136784,60020.00,43653.00,NA,29166.00,0
1777324136826,60070.00,43621.00,NA,29179.00,0
1777324136866,60180.00,43600.00,NA,29165.00,0
1777324136908,59560.00,43584.00,NA,28755.00,0
1777324136958,59790.00,43489.00,NA,29166.00,0
1777324136999,59830.00,43764.00,NA,29179.00,0
1777324137038,60390.00,43600.00,NA,29165.00,0
1777324137081,59530.00,43616.00,NA,29166.00,0
1777324137121,60050.00,43621.00,NA,29179.00,0
1777324137161,60040.00,43288.00,NA,29165.00,0
1777324137208,59550.00,43973.00,NA,28755.00,0
1777324137258,59720.00,43979.00,NA,29166.00,0
1777324137301,59570.00,44000.00,NA,29179.00,0
1777324137344,60370.00,44000.00,NA,29165.00,0
1777324137427,60170.00,43998.00,NA,29166.00,0
1777324137467,60030.00,43926.00,NA,29179.00,0
1777324137509,60100.00,43988.00,NA,29165.00,0
1777324137776,59800.00,42000.00,NA,28755.00,0
1777324137812,60200.00,42288.00,NA,29166.00,0
1777324137849,60460.00,42550.00,NA,29179.00,0
1777324137886,59580.00,42231.00,NA,29165.00,0
1777324137922,60350.00,42252.00,NA,29166.00,0
1777324137961,60310.00,42252.00,NA,29179.00,0
1777324138003,60060.00,42252.00,NA,29165.00,0
1777324138047,60490.00,42632.00,NA,28755.00,0
1777324138089,60130.00,42615.00,NA,29166.00,0
1777324138121,59810.00,42631.00,NA,29179.00,0
1777324138157,59620.00,42652.00,NA,29165.00,0
1777324138201,60070.00,42967.00,NA,29166.00,0
1777324138239,60780.00,43052.00,NA,29179.00,0
1777324138277,59930.00,43526.00,NA,29165.00,0
1777324138316,59380.00,43873.00,NA,28755.00,0
1777324138351,59960.00,44215.00,NA,29166.00,0
1777324138387,59780.00,44705.00,NA,29179.00,0
1777324138431,60360.00,45126.00,NA,29165.00,0
1777324138470,59900.00,45526.00,NA,29166.00,0
1777324138509,59850.00,45600.00,NA,29179.00,0
1777324138649,59760.00,44416.00,NA,29165.00,0
1777324138686,59840.00,44405.00,NA,28755.00,0
1777324138719,59910.00,44289.00,NA,29166.00,0
1777324138752,60200.00,44215.00,NA,29179.00,0
1777324138789,59750.00,44232.00,NA,29165.00,0
1777324138826,60160.00,44400.00,NA,29166.00,0
1777324138864,60500.00,44459.00,NA,29179.00,0
1777324138902,60550.00,44715.00,NA,29165.00,0
1777324138939,59970.00,44800.00,NA,28755.00,0
1777324138977,60040.00,44800.00,NA,29166.00,0
1777324139019,60540.00,44800.00,NA,29179.00,0
1777324139059,59460.00,44800.00,NA,29165.00,0
1777324139095,60560.00,44800.00,NA,29166.00,0
1777324139132,59800.00,44800.00,NA,29179.00,0
1777324139170,59780.00,45115.00,NA,29165.00,0
1777324139209,59860.00,45173.00,NA,28755.00,0
1777324139249,59280.00,45089.00,NA,29166.00,0
1777324139291,60220.00,45115.00,NA,29179.00,0
1777324139330,60060.00,45200.00,NA,29165.00,0
1777324139369,60640.00,45200.00,NA,29166.00,0
1777324139404,60130.00,45200.00,NA,29179.00,0
1777324139442,59660.00,45200.00,NA,29165.00,0
1777324139475,60100.00,45499.00,NA,28755.00,0
1777324139525,59990.00,45232.00,NA,29166.00,0
1777324139566,59490.00,45221.00,NA,29179.00,0
1777324139606,59400.00,45295.00,NA,29165.00,0
1777324139648,60480.00,45200.00,NA,29166.00,0
1777324139693,60020.00,45200.00,NA,29179.00,0
1777324139731,59840.00,45600.00,NA,29165.00,0
1777324139770,60190.00,45984.00,NA,28755.00,0
1777324139808,60390.00,46379.00,NA,29166.00,0
1777324139842,60650.00,46789.00,NA,29179.00,0
1777324139881,59360.00,46789.00,NA,29165.00,0
1777324139920,59280.00,46789.00,NA,29166.00,0
1777324139957,60060.00,46800.00,NA,29179.00,0
1777324139997,59720.00,46715.00,NA,29165.00,0
1777324140047,60180.00,46384.00,NA,28755.00,0
1777324140099,60370.00,46379.00,NA,29166.00,0
1777324140165,59990.00,46000.00,NA,29179.00,0
1777324140207,59840.00,46016.00,NA,29165.00,0
1777324140253,60120.00,46021.00,NA,29166.00,0
1777324140299,59690.00,46000.00,NA,29179.00,0
1777324140342,60540.00,45976.00,NA,29165.00,0
1777324140380,60650.00,45973.00,NA,28755.00,0
1777324140420,59950.00,45968.00,NA,29166.00,0
1777324140468,59890.00,45915.00,NA,29179.00,0
1777324140509,60320.00,45711.00,NA,29165.00,0
1777324140550,15880.00,45340.00,NA,7585.00,0
1777324141191,27910.00,39370.00,NA,13586.00,0
1777324142090,28080.00,31156.00,NA,13584.00,0
1777324143067,27840.00,24339.00,NA,13585.00,0
1777324144117,27950.00,14340.00,NA,13586.00,0
1777324145317,27940.00,3237.00,NA,13584.00,0
1777324146673,28110.00,746.00,NA,13585.00,0
1777324148146,27740.00,560.00,NA,13586.00,0
1777324149691,27420.00,560.00,NA,13584.00,0
1777324151485,12290.00,560.00,NA,2265.00,0
1777324153630,11990.00,266.00,NA,2265.00,0
1777324156412,12020.00,160.00,NA,2265.00,0
1777324159457,12230.00,80.00,NA,2265.00,0
1777324162925,12030.00,80.00,NA,2265.00,0
1777324164816,12080.00,80.00,NA,2265.00,0
1777324164880,24250.00,160.00,NA,4530.00,0
1777324164903,11810.00,294.00,NA,2265.00,0
1777324164946,12130.00,400.00,NA,2265.00,0
1777324164989,12240.00,480.00,NA,2265.00,0
1777324165011,11950.00,560.00,NA,2265.00,0
1777324165054,12070.00,640.00,NA,2265.00,0
1777324165077,12050.00,707.00,NA,2265.00,0
1777324165119,11970.00,800.00,NA,2265.00,0
1777324165142,11680.00,867.00,NA,2265.00,0
1777324165185,11820.00,960.00,NA,2265.00,0
1777324165207,11970.00,1028.00,NA,2265.00,0
1777324165250,11990.00,1120.00,NA,2265.00,0
1777324165273,12290.00,1200.00,NA,2265.00,0
1777324165316,11960.00,1280.00,NA,2265.00,0
1777324165338,11920.00,1360.00,NA,2265.00,0
1777324165381,11830.00,1440.00,NA,2265.00,0
1777324165403,12070.00,1520.00,NA,2265.00,0
1777324165447,11970.00,1600.00,NA,2265.00,0
1777324165469,11650.00,1667.00,NA,2265.00,0
1777324165512,11990.00,1760.00,NA,2265.00,0
1777324165535,11970.00,1827.00,NA,2265.00,0
1777324165578,11800.00,1920.00,NA,2265.00,0
1777324165601,12280.00,2000.00,NA,2265.00,0
1777324165644,12260.00,2080.00,NA,2265.00,0
1777324165667,12150.00,2160.00,NA,2265.00,0
1777324165710,11830.00,2240.00,NA,2265.00,0
1777324165733,11920.00,2320.00,NA,2265.00,0
1777324165777,11910.00,2400.00,NA,2265.00,0
1777324165801,12140.00,2467.00,NA,2265.00,0
1777324165845,12150.00,2560.00,NA,2265.00,0
1777324165868,11940.00,2627.00,NA,2265.00,0
1777324165912,11820.00,2720.00,NA,2265.00,0
1777324165935,11780.00,2800.00,NA,2265.00,0
1777324165978,12050.00,2880.00,NA,2265.00,0
1777324166001,12080.00,2960.00,NA,2265.00,0
1777324166045,11860.00,3040.00,NA,2265.00,0
1777324166067,12370.00,3107.00,NA,2265.00,0
1777324166111,11860.00,3200.00,NA,2265.00,0
1777324166133,12250.00,3267.00,NA,2265.00,0
1777324166177,12120.00,3360.00,NA,2265.00,0
1777324166200,12070.00,3440.00,NA,2265.00,0
1777324166243,11980.00,3520.00,NA,2265.00,0
1777324166266,11960.00,3600.00,NA,2265.00,0
1777324166310,11760.00,3680.00,NA,2265.00,0
1777324166333,11870.00,3760.00,NA,2265.00,0
1777324166377,11660.00,3840.00,NA,2265.00,0
1777324166400,12010.00,3907.00,NA,2265.00,0
1777324166444,11800.00,4000.00,NA,2265.00,0
1777324166467,11950.00,4067.00,NA,2265.00,0
1777324166490,12070.00,4147.00,NA,2265.00,0
1777324166534,11680.00,4240.00,NA,2265.00,0
1777324166557,12180.00,4307.00,NA,2265.00,0
1777324166601,11740.00,4400.00,NA,2265.00,0
1777324166624,11990.00,4480.00,NA,2265.00,0
1777324166667,12160.00,4560.00,NA,2265.00,0
1777324166690,11880.00,4640.00,NA,2265.00,0
1777324166734,12270.00,4720.00,NA,2265.00,0
1777324166757,11980.00,4787.00,NA,2265.00,0
1777324166801,11780.00,4880.00,NA,2265.00,0
1777324166824,11800.00,4947.00,NA,2265.00,0
1777324166868,11820.00,5040.00,NA,2265.00,0
1777324166892,11990.00,5120.00,NA,2265.00,0
1777324166936,11900.00,5200.00,NA,2265.00,0
1777324166960,11860.00,5280.00,NA,2265.00,0
1777324167004,12180.00,5360.00,NA,2265.00,0
1777324167028,11830.00,5427.00,NA,2265.00,0
1777324167052,11720.00,5520.00,NA,2265.00,0
1777324167097,12080.00,5600.00,NA,2265.00,0
1777324167122,12150.00,5667.00,NA,2265.00,0
1777324167167,12000.00,5760.00,NA,2265.00,0
1777324167192,12070.00,5840.00,NA,2265.00,0
1777324167236,11930.00,5920.00,NA,2265.00,0
1777324167261,12110.00,6000.00,NA,2265.00,0
1777324167284,11850.00,6080.00,NA,2265.00,0
1777324167329,11550.00,6160.00,NA,2265.00,0
1777324167353,11770.00,6240.00,NA,2265.00,0
1777324167398,11970.00,6320.00,NA,2265.00,0
1777324167422,11950.00,6387.00,NA,2265.00,0
1777324167467,12080.00,6480.00,NA,2265.00,0
1777324167493,12030.00,6547.00,NA,2265.00,0
1777324167517,11980.00,6627.00,NA,2265.00,0
1777324167562,12000.00,6720.00,NA,2265.00,0
1777324167587,11920.00,6800.00,NA,2265.00,0
1777324167632,11950.00,6880.00,NA,2265.00,0
1777324167657,12050.00,6960.00,NA,2265.00,0
1777324167682,12010.00,7040.00,NA,2265.00,0
1777324167727,11870.00,7120.00,NA,2265.00,0
1777324167752,11870.00,7187.00,NA,2265.00,0
1777324167797,11890.00,7280.00,NA,2265.00,0
1777324167822,12030.00,7360.00,NA,2265.00,0
1777324167846,11740.00,7427.00,NA,2265.00,0
1777324167891,12080.00,7520.00,NA,2265.00,0
1777324167915,12080.00,7600.00,NA,2265.00,0
1777324167960,12030.00,7600.00,NA,2265.00,0
1777324167985,11870.00,7680.00,NA,2265.00,0
1777324168030,12100.00,7760.00,NA,2265.00,0
1777324168054,11660.00,7827.00,NA,2265.00,0
1777324168078,12030.00,7907.00,NA,2265.00,0
1777324168123,11870.00,8000.00,NA,2265.00,0
1777324168147,12110.00,8067.00,NA,2265.00,0
1777324168193,12370.00,8160.00,NA,2265.00,0
1777324168217,12160.00,8240.00,NA,2265.00,0
1777324168242,12220.00,8320.00,NA,2265.00,0
1777324168288,11950.00,8400.00,NA,2265.00,0
1777324168313,11930.00,8480.00,NA,2265.00,0
1777324168359,11970.00,8560.00,NA,2265.00,0
1777324168384,11940.00,8627.00,NA,2265.00,0
1777324168409,12100.00,8720.00,NA,2265.00,0
1777324168455,12000.00,8800.00,NA,2265.00,0
1777324168481,12150.00,8880.00,NA,2265.00,0
1777324168528,12080.00,8960.00,NA,2265.00,0
1777324168552,11990.00,9040.00,NA,2265.00,0
1777324168578,11960.00,9120.00,NA,2265.00,0
1777324168625,12380.00,9200.00,NA,2265.00,0
1777324168651,12050.00,9267.00,NA,2265.00,0
1777324168677,12150.00,9360.00,NA,2265.00,0
1777324168723,12020.00,9440.00,NA,2265.00,0
1777324168750,11890.00,9507.00,NA,2265.00,0
1777324168780,11830.00,9587.00,NA,2265.00,0
1777324168805,11970.00,9667.00,NA,2265.00,0
1777324168852,12270.00,9760.00,NA,2265.00,0
1777324168878,12120.00,9840.00,NA,2265.00,0
1777324168904,11770.00,9920.00,NA,2265.00,0
1777324168950,11870.00,10000.00,NA,2265.00,0
1777324168975,11750.00,10080.00,NA,2265.00,0
1777324169021,11910.00,10160.00,NA,2265.00,0
1777324169047,12140.00,10227.00,NA,2265.00,0
1777324169073,11730.00,10307.00,NA,2265.00,0
1777324169120,12020.00,10400.00,NA,2265.00,0
1777324169147,12140.00,10480.00,NA,2265.00,0
1777324169173,11820.00,10547.00,NA,2265.00,0
1777324169222,11990.00,10640.00,NA,2265.00,0
1777324169248,11760.00,10720.00,NA,2265.00,0
1777324169274,11940.00,10800.00,NA,2265.00,0
1777324169322,12230.00,10880.00,NA,2265.00,0
1777324169349,12030.00,10947.00,NA,2265.00,0
1777324169375,11980.00,11027.00,NA,2265.00,0
1777324169409,11750.00,11107.00,NA,2265.00,0
1777324169435,11920.00,11187.00,NA,2265.00,0
1777324169482,12040.00,11280.00,NA,2265.00,0
1777324169509,12100.00,11360.00,NA,2265.00,0
1777324169556,12230.00,11440.00,NA,2265.00,0
1777324169583,11900.00,11507.00,NA,2265.00,0
1777324169608,12130.00,11600.00,NA,2265.00,0
1777324169636,11770.00,11680.00,NA,2265.00,0
1777324169684,12140.00,11760.00,NA,2265.00,0
1777324169712,11960.00,11827.00,NA,2265.00,0
1777324169740,11960.00,11907.00,NA,2265.00,0
1777324169767,12160.00,11987.00,NA,2265.00,0
1777324169814,11950.00,12080.00,NA,2265.00,0
1777324169841,12270.00,12093.00,NA,2265.00,0
1777324169867,12030.00,12160.00,NA,2265.00,0
1777324169916,12240.00,12003.00,NA,2265.00,0
1777324169944,11940.00,12067.00,NA,2265.00,0
1777324169971,11720.00,12067.00,NA,2265.00,0
1777324169998,11670.00,12093.00,NA,2265.00,0
1777324170046,11740.00,12080.00,NA,2265.00,0
1777324170072,12160.00,12093.00,NA,2265.00,0
1777324170099,12080.00,12070.00,NA,2265.00,0
1777324170146,12070.00,12093.00,NA,2265.00,0
1777324170173,11760.00,12080.00,NA,2265.00,0
1777324170200,12130.00,12093.00,NA,2265.00,0
1777324170248,12270.00,12080.00,NA,2265.00,0
1777324170274,12020.00,12067.00,NA,2265.00,0
1777324170301,11950.00,12080.00,NA,2265.00,0
1777324170349,11930.00,12013.00,NA,2265.00,0
1777324170377,12030.00,12080.00,NA,2265.00,0
1777324170404,12240.00,12080.00,NA,2265.00,0
1777324170432,12080.00,12067.00,NA,2265.00,0
1777324170483,12220.00,12029.00,NA,2265.00,0
1777324170510,11840.00,12080.00,NA,2265.00,0
1777324170537,11890.00,12093.00,NA,2265.00,0
1777324170565,11940.00,12093.00,NA,2265.00,0
1777324170614,11950.00,12013.00,NA,2265.00,0
1777324170646,11680.00,12067.00,NA,2265.00,0
1777324170675,12050.00,12013.00,NA,2265.00,0
1777324170701,11960.00,12067.00,NA,2265.00,0
1777324170727,12230.00,12067.00,NA,2265.00,0
1777324170775,11740.00,12080.00,NA,2265.00,0
1777324170803,11950.00,12093.00,NA,2265.00,0
1777324170830,12080.00,12080.00,NA,2265.00,0
1777324170877,11940.00,12013.00,NA,2265.00,0
1777324170904,11810.00,12067.00,NA,2265.00,0
1777324170931,12400.00,12080.00,NA,2265.00,0
1777324170959,12170.00,12093.00,NA,2265.00,0
1777324171007,12140.00,12076.00,NA,2265.00,0
1777324171036,12240.00,12080.00,NA,2265.00,0
1777324171062,12050.00,12080.00,NA,2265.00,0
1777324171091,11880.00,12070.00,NA,2265.00,0
1777324171139,11990.00,12049.00,NA,2265.00,0
1777324171166,11820.00,12080.00,NA,2265.00,0
1777324171194,11910.00,12093.00,NA,2265.00,0
1777324171242,11980.00,12080.00,NA,2265.00,0
1777324171268,12140.00,12067.00,NA,2265.00,0
1777324171304,11960.00,12080.00,NA,2265.00,0
1777324171330,12130.00,12067.00,NA,2265.00,0
1777324171357,11630.00,12067.00,NA,2265.00,0
1777324171405,12120.00,12093.00,NA,2265.00,0
1777324171432,12110.00,12080.00,NA,2265.00,0
1777324171459,11780.00,12093.00,NA,2265.00,0
1777324171508,12010.00,12003.00,NA,2265.00,0
1777324171535,11850.00,12067.00,NA,2265.00,0
1777324171564,11850.00,12050.00,NA,2265.00,0
1777324171592,12020.00,12093.00,NA,2265.00,0
1777324171620,12070.00,12093.00,NA,2265.00,0
1777324171668,12200.00,12080.00,NA,2265.00,0
1777324171695,12240.00,12012.00,NA,2265.00,0
1777324171720,12110.00,12067.00,NA,2265.00,0
1777324171768,11940.00,12029.00,NA,2265.00,0
1777324171795,11830.00,12080.00,NA,2265.00,0
1777324171822,11860.00,12093.00,NA,2265.00,0
1777324171871,11780.00,12080.00,NA,2265.00,0
1777324171899,12010.00,12000.00,NA,2265.00,0
1777324171937,11820.00,12080.00,NA,2265.00,0
1777324171964,12050.00,12080.00,NA,2265.00,0
1777324171992,11840.00,12067.00,NA,2265.00,0
1777324172019,12210.00,12080.00,NA,2265.00,0
1777324172068,11920.00,12013.00,NA,2265.00,0
1777324172095,12220.00,12080.00,NA,2265.00,0
1777324172122,12060.00,12093.00,NA,2265.00,0
1777324172150,12210.00,12080.00,NA,2265.00,0
1777324172198,12010.00,12054.00,NA,2265.00,0
1777324172225,11960.00,12067.00,NA,2265.00,0
1777324172252,11870.00,12067.00,NA,2265.00,0
1777324172300,11820.00,12013.00,NA,2265.00,0
1777324172326,12030.00,12080.00,NA,2265.00,0
1777324172353,11770.00,12080.00,NA,2265.00,0
1777324172401,12330.00,12080.00,NA,2265.00,0
1777324172429,11400.00,12029.00,NA,2265.00,0
1777324172458,12180.00,12080.00,NA,2265.00,0
1777324172485,12000.00,12093.00,NA,2265.00,0
1777324172513,11990.00,12093.00,NA,2265.00,0
1777324172561,11790.00,12080.00,NA,2265.00,0
1777324172588,11860.00,12067.00,NA,2265.00,0
1777324172614,12240.00,12067.00,NA,2265.00,0
1777324172662,11710.00,12038.00,NA,2265.00,0
1777324172690,12070.00,12013.00,NA,2265.00,0
1777324172717,11900.00,12080.00,NA,2265.00,0
1777324172746,11680.00,12080.00,NA,2265.00,0
1777324172778,12090.00,12082.00,NA,2265.00,0
1777324172826,12130.00,12080.00,NA,2265.00,0
1777324172854,12320.00,12000.00,NA,2265.00,0
1777324172883,11980.00,12067.00,NA,2265.00,0
1777324172912,12150.00,12093.00,NA,2265.00,0
1777324172958,12060.00,12080.00,NA,2265.00,0
1777324172985,11780.00,12080.00,NA,2265.00,0
1777324173013,12060.00,12080.00,NA,2265.00,0
1777324173062,12100.00,12016.00,NA,2265.00,0
1777324173091,12120.00,12029.00,NA,2265.00,0
1777324173119,11890.00,12080.00,NA,2265.00,0
1777324173147,12250.00,12093.00,NA,2265.00,0
1777324173195,11970.00,12080.00,NA,2265.00,0
1777324173223,12080.00,12029.00,NA,2265.00,0
1777324173251,11960.00,12000.00,NA,2265.00,0
1777324173278,12190.00,12067.00,NA,2265.00,0
1777324173327,11890.00,12013.00,NA,2265.00,0
1777324173355,12060.00,12080.00,NA,2265.00,0
1777324173383,11940.00,12080.00,NA,2265.00,0
1777324173410,12090.00,12081.00,NA,2265.00,0
1777324173458,11760.00,12080.00,NA,2265.00,0
1777324173486,11960.00,12067.00,NA,2265.00,0
1777324173515,12090.00,12067.00,NA,2265.00,0
1777324173543,11950.00,12080.00,NA,2265.00,0
1777324173589,12170.00,12013.00,NA,2265.00,0
1777324173615,11920.00,12080.00,NA,2265.00,0
1777324173642,12140.00,12080.00,NA,2265.00,0
1777324173691,11940.00,12013.00,NA,2265.00,0
1777324173720,11870.00,12080.00,NA,2265.00,0
1777324173748,11700.00,12093.00,NA,2265.00,0
1777324173776,12310.00,12093.00,NA,2265.00,0
1777324173825,11990.00,12013.00,NA,2265.00,0
1777324173853,11990.00,12067.00,NA,2265.00,0
1777324173880,11840.00,12067.00,NA,2265.00,0
1777324173906,12090.00,12067.00,NA,2265.00,0
1777324173955,12150.00,12080.00,NA,2265.00,0
1777324173982,12300.00,12013.00,NA,2265.00,0
1777324174009,12090.00,12067.00,NA,2265.00,0
1777324174036,12020.00,12093.00,NA,2265.00,0
1777324174083,11770.00,12029.00,NA,2265.00,0
1777324174110,12140.00,12080.00,NA,2265.00,0
1777324174138,12130.00,12093.00,NA,2265.00,0
1777324174186,11900.00,12013.00,NA,2265.00,0
1777324174212,11790.00,12067.00,NA,2265.00,0
1777324174240,11910.00,12067.00,NA,2265.00,0
1777324174267,12110.00,12067.00,NA,2265.00,0
1777324174316,12200.00,12080.00,NA,2265.00,0
1777324174343,11980.00,12093.00,NA,2265.00,0
1777324174370,11720.00,12093.00,NA,2265.00,0
1777324174418,11790.00,12013.00,NA,2265.00,0
1777324174455,12280.00,12016.00,NA,2265.00,0
1777324174482,11790.00,12067.00,NA,2265.00,0
1777324174512,12270.00,12067.00,NA,2265.00,0
1777324174540,12040.00,12067.00,NA,2265.00,0
1777324174568,11850.00,12080.00,NA,2265.00,0
1777324174616,11930.00,12013.00,NA,2265.00,0
1777324174643,11810.00,12013.00,NA,2265.00,0
1777324174671,11800.00,12080.00,NA,2265.00,0
1777324174698,11690.00,12093.00,NA,2265.00,0
1777324174746,12210.00,12013.00,NA,2265.00,0
1777324174773,11830.00,12000.00,NA,2265.00,0
1777324174801,11970.00,12093.00,NA,2265.00,0
1777324174829,11930.00,12093.00,NA,2265.00,0
1777324174877,11920.00,12013.00,NA,2265.00,0
1777324174904,12050.00,12080.00,NA,2265.00,0
1777324174932,12020.00,12080.00,NA,2265.00,0
1777324174982,12080.00,12029.00,NA,2265.00,0
1777324175011,12140.00,12013.00,NA,2265.00,0
1777324175040,11980.00,12080.00,NA,2265.00,0
1777324175069,11760.00,12093.00,NA,2265.00,0
1777324175099,12050.00,12093.00,NA,2265.00,0
1777324175128,12090.00,12093.00,NA,2265.00,0
1777324175178,11810.00,12080.00,NA,2265.00,0
1777324175207,11800.00,12013.00,NA,2265.00,0
1777324175237,11950.00,12080.00,NA,2265.00,0
1777324175266,12140.00,12080.00,NA,2265.00,0
1777324175302,11940.00,12096.00,NA,2265.00,0
1777324175331,12080.00,12080.00,NA,2265.00,0
1777324175360,12120.00,12093.00,NA,2265.00,0
1777324175410,11820.00,12077.00,NA,2265.00,0
1777324175438,12230.00,12079.00,NA,2265.00,0
1777324175466,12080.00,12067.00,NA,2265.00,0
1777324175499,11960.00,12067.00,NA,2265.00,0
1777324175527,11840.00,12067.00,NA,2265.00,0
1777324175577,11890.00,12013.00,NA,2265.00,0
1777324175606,11970.00,12080.00,NA,2265.00,0
1777324175634,11780.00,12093.00,NA,2265.00,0
1777324175661,11760.00,12093.00,NA,2265.00,0
1777324175710,11980.00,12013.00,NA,2265.00,0
1777324175737,11980.00,12000.00,NA,2265.00,0
1777324175764,12080.00,12067.00,NA,2265.00,0
1777324175792,12040.00,12067.00,NA,2265.00,0
1777324175842,12150.00,12013.00,NA,2265.00,0
1777324175870,11760.00,12080.00,NA,2265.00,0
1777324175900,12030.00,12080.00,NA,2265.00,0
1777324175927,11870.00,12096.00,NA,2265.00,0
1777324175954,12040.00,12083.00,NA,2265.00,0
1777324176002,11770.00,12080.00,NA,2265.00,0
1777324176030,12080.00,12093.00,NA,2265.00,0
1777324176058,12040.00,12093.00,NA,2265.00,0
1777324176107,12070.00,12013.00,NA,2265.00,0
1777324176133,12060.00,12080.00,NA,2265.00,0
1777324176160,11980.00,12067.00,NA,2265.00,0
1777324176188,12250.00,12067.00,NA,2265.00,0
1777324176238,11660.00,12080.00,NA,2265.00,0
1777324176266,11760.00,12093.00,NA,2265.00,0
1777324176293,12030.00,12093.00,NA,2265.00,0
1777324176321,12000.00,12093.00,NA,2265.00,0
1777324176369,12230.00,12013.00,NA,2265.00,0
1777324176396,11930.00,12067.00,NA,2265.00,0
1777324176423,11800.00,12067.00,NA,2265.00,0
1777324176471,11830.00,12013.00,NA,2265.00,0
1777324176499,12150.00,12080.00,NA,2265.00,0
1777324176528,11910.00,12080.00,NA,2265.00,0
1777324176555,12280.00,12093.00,NA,2265.00,0
1777324176604,12210.00,12000.00,NA,2265.00,0
1777324176632,12270.00,11987.00,NA,2265.00,0
1777324176660,11910.00,12080.00,NA,2265.00,0
1777324176687,12120.00,12093.00,NA,2265.00,0
1777324176736,12090.00,12013.00,NA,2265.00,0
1777324176762,11560.00,12080.00,NA,2265.00,0
1777324176790,12160.00,12067.00,NA,2265.00,0
1777324176817,12080.00,12067.00,NA,2265.00,0
1777324176866,11860.00,12080.00,NA,2265.00,0
1777324176894,11530.00,12093.00,NA,2265.00,0
1777324176923,11820.00,12093.00,NA,2265.00,0
1777324176975,11940.00,12013.00,NA,2265.00,0
1777324177004,12110.00,12012.00,NA,2265.00,0
1777324177032,12240.00,12000.00,NA,2265.00,0
1777324177060,12070.00,12067.00,NA,2265.00,0
1777324177089,12240.00,12067.00,NA,2265.00,0
1777324177117,12090.00,12080.00,NA,2265.00,0
1777324177166,11680.00,12013.00,NA,2265.00,0
1777324177194,11920.00,12080.00,NA,2265.00,0
1777324177220,11820.00,12093.00,NA,2265.00,0
1777324177248,11950.00,12096.00,NA,2265.00,0
1777324177296,12050.00,12080.00,NA,2265.00,0
1777324177323,12110.00,12080.00,NA,2265.00,0
1777324177351,12080.00,12093.00,NA,2265.00,0
1777324177399,12210.00,12080.00,NA,2265.00,0
1777324177427,11970.00,12080.00,NA,2265.00,0
1777324177455,12050.00,12080.00,NA,2265.00,0
1777324177484,11830.00,12077.00,NA,2265.00,0
1777324177513,12170.00,12067.00,NA,2265.00,0
1777324177562,12200.00,12080.00,NA,2265.00,0
1777324177589,11780.00,12093.00,NA,2265.00,0
1777324177616,12030.00,12093.00,NA,2265.00,0
1777324177644,12080.00,12093.00,NA,2265.00,0
1777324177693,12270.00,12080.00,NA,2265.00,0
1777324177722,12040.00,12067.00,NA,2265.00,0
1777324177752,12010.00,12080.00,NA,2265.00,0
1777324177788,12180.00,12000.00,NA,2265.00,0
1777324177821,12370.00,12080.00,NA,2265.00,0
1777324177848,11810.00,12093.00,NA,2265.00,0
1777324177897,12000.00,12003.00,NA,2265.00,0
1777324177926,12000.00,11987.00,NA,2265.00,0
1777324177953,12100.00,12067.00,NA,2265.00,0
1777324177981,11670.00,12093.00,NA,2265.00,0
1777324178009,11900.00,12093.00,NA,2265.00,0
1777324178058,11770.00,12080.00,NA,2265.00,0
1777324178086,11930.00,12080.00,NA,2265.00,0
1777324178114,11660.00,12080.00,NA,2265.00,0
1777324178143,11650.00,12067.00,NA,2265.00,0
1777324178192,12250.00,12080.00,NA,2265.00,0
1777324178220,11970.00,12093.00,NA,2265.00,0
1777324178248,11990.00,12093.00,NA,2265.00,0
1777324178277,11960.00,12093.00,NA,2265.00,0
1777324178305,12080.00,12093.00,NA,2265.00,0
1777324178353,12030.00,12080.00,NA,2265.00,0
1777324178382,11790.00,12080.00,NA,2265.00,0
1777324178409,12060.00,12067.00,NA,2265.00,0
1777324178449,11990.00,12080.00,NA,2265.00,0
1777324178476,11940.00,12093.00,NA,2265.00,0
1777324178525,12220.00,12013.00,NA,2265.00,0
1777324178553,11820.00,12016.00,NA,2265.00,0
1777324178581,12080.00,12080.00,NA,2265.00,0
1777324178610,12080.00,12093.00,NA,2265.00,0
1777324178638,11780.00,12093.00,NA,2265.00,0
1777324178686,11800.00,12080.00,NA,2265.00,0
1777324178714,12030.00,12080.00,NA,2265.00,0
1777324178743,12180.00,12067.00,NA,2265.00,0
1777324178772,11680.00,12067.00,NA,2265.00,0
1777324178822,11890.00,12080.00,NA,2265.00,0
1777324178850,12130.00,12093.00,NA,2265.00,0
1777324178878,12010.00,12093.00,NA,2265.00,0
1777324178906,12130.00,12093.00,NA,2265.00,0
1777324178934,12000.00,12093.00,NA,2265.00,0
1777324178983,12020.00,12080.00,NA,2265.00,0
1777324179012,11800.00,12067.00,NA,2265.00,0
1777324179046,11990.00,12000.00,NA,2265.00,0
1777324179079,11940.00,12080.00,NA,2265.00,0
1777324179106,12080.00,12080.00,NA,2265.00,0
1777324179155,12080.00,12000.00,NA,2265.00,0
1777324179184,12020.00,12067.00,NA,2265.00,0
1777324179212,11900.00,12093.00,NA,2265.00,0
1777324179239,12050.00,12093.00,NA,2265.00,0
1777324179267,12100.00,12093.00,NA,2265.00,0
1777324179316,12000.00,12080.00,NA,2265.00,0
1777324179343,11740.00,12080.00,NA,2265.00,0
1777324179371,12140.00,12067.00,NA,2265.00,0
1777324179398,12080.00,12067.00,NA,2265.00,0
1777324179448,11610.00,12093.00,NA,2265.00,0
1777324179475,11900.00,12093.00,NA,2265.00,0
1777324179503,11950.00,12093.00,NA,2265.00,0
1777324179531,12000.00,12093.00,NA,2265.00,0
1777324179581,11710.00,12013.00,NA,2265.00,0
1777324179609,11900.00,12067.00,NA,2265.00,0
1777324179638,12030.00,12080.00,NA,2265.00,0
1777324179665,11740.00,12067.00,NA,2265.00,0
1777324179703,12160.00,12067.00,NA,2265.00,0
1777324179733,11780.00,12080.00,NA,2265.00,0
1777324179761,11950.00,12080.00,NA,2265.00,0
1777324179810,12110.00,12013.00,NA,2265.00,0
1777324179837,12160.00,12013.00,NA,2265.00,0
1777324179864,11950.00,12080.00,NA,2265.00,0
1777324179911,12140.00,12013.00,NA,2265.00,0
1777324179937,12030.00,12019.00,NA,2265.00,0
1777324179964,12010.00,12067.00,NA,2265.00,0
1777324180011,12100.00,12080.00,NA,2265.00,0
1777324180039,11650.00,12080.00,NA,2265.00,0
1777324180066,12190.00,12080.00,NA,2265.00,0
1777324180095,12170.00,12067.00,NA,2265.00,0
1777324180142,11830.00,12013.00,NA,2265.00,0
1777324180169,11970.00,12080.00,NA,2265.00,0
1777324180195,12190.00,12093.00,NA,2265.00,0
1777324180223,11610.00,12093.00,NA,2265.00,0
1777324180271,12050.00,12093.00,NA,2265.00,0
1777324180298,12230.00,12067.00,NA,2265.00,0
1777324180335,12060.00,12080.00,NA,2265.00,0
1777324180362,12030.00,12067.00,NA,2265.00,0
1777324180391,11980.00,12067.00,NA,2265.00,0
1777324180441,11880.00,12093.00,NA,2265.00,0
1777324180471,11940.00,12093.00,NA,2265.00,0
1777324180499,12040.00,12093.00,NA,2265.00,0
1777324180525,12010.00,12093.00,NA,2265.00,0
1777324180572,11900.00,12080.00,NA,2265.00,0
1777324180598,11980.00,12067.00,NA,2265.00,0
1777324180626,11780.00,12067.00,NA,2265.00,0
1777324180674,12270.00,12013.00,NA,2265.00,0
1777324180701,11870.00,12080.00,NA,2265.00,0
1777324180727,11860.00,12093.00,NA,2265.00,0
1777324180774,11880.00,12016.00,NA,2265.00,0
1777324180801,12000.00,12016.00,NA,2265.00,0
1777324180827,11960.00,12080.00,NA,2265.00,0
1777324180854,12060.00,12093.00,NA,2265.00,0
1777324180901,12380.00,12080.00,NA,2265.00,0
1777324180928,12120.00,12067.00,NA,2265.00,0
1777324180964,12010.00,12013.00,NA,2265.00,0
1777324180991,12100.00,12067.00,NA,2265.00,0
1777324181018,11940.00,12067.00,NA,2265.00,0
1777324181066,12100.00,12013.00,NA,2265.00,0
1777324181093,12060.00,12080.00,NA,2265.00,0
1777324181120,11960.00,12093.00,NA,2265.00,0
1777324181166,12110.00,12013.00,NA,2265.00,0
1777324181193,11890.00,12025.00,NA,2265.00,0
1777324181219,12160.00,12093.00,NA,2265.00,0
1777324181267,11900.00,12080.00,NA,2265.00,0
1777324181294,11830.00,12080.00,NA,2265.00,0
1777324181321,12120.00,12067.00,NA,2265.00,0
1777324181367,11850.00,12080.00,NA,2265.00,0
1777324181394,12020.00,12093.00,NA,2265.00,0
1777324181420,11960.00,12093.00,NA,2265.00,0
1777324181469,11910.00,12080.00,NA,2265.00,0
1777324181497,11700.00,12067.00,NA,2265.00,0
1777324181524,12300.00,12080.00,NA,2265.00,0
1777324181551,11940.00,12067.00,NA,2265.00,0
1777324181598,11930.00,12080.00,NA,2265.00,0
1777324181624,11910.00,12093.00,NA,2265.00,0
1777324181650,11840.00,12070.00,NA,2265.00,0
1777324181698,11950.00,12013.00,NA,2265.00,0
1777324181726,11990.00,12080.00,NA,2265.00,0
1777324181753,11710.00,12093.00,NA,2265.00,0
1777324181779,12050.00,12093.00,NA,2265.00,0
1777324181827,11940.00,12013.00,NA,2265.00,0
1777324181853,12050.00,12067.00,NA,2265.00,0
1777324181880,11680.00,12093.00,NA,2265.00,0
1777324181927,12090.00,12080.00,NA,2265.00,0
1777324181954,12230.00,12080.00,NA,2265.00,0
1777324181982,11820.00,12080.00,NA,2265.00,0
1777324182012,12100.00,12093.00,NA,2265.00,0
1777324182059,12170.00,12093.00,NA,2265.00,0
1777324182087,12040.00,12093.00,NA,2265.00,0
1777324182114,11860.00,12093.00,NA,2265.00,0
1777324182162,12040.00,12080.00,NA,2265.00,0
1777324182189,11900.00,12067.00,NA,2265.00,0
1777324182226,12130.00,12038.00,NA,2265.00,0
1777324182253,12060.00,12066.00,NA,2265.00,0
1777324182280,12020.00,12067.00,NA,2265.00,0
1777324182328,11920.00,12092.00,NA,2265.00,0
1777324182355,11870.00,12080.00,NA,2265.00,0
1777324182381,11850.00,12080.00,NA,2265.00,0
1777324182408,12050.00,12093.00,NA,2265.00,0
1777324182458,11910.00,12080.00,NA,2265.00,0
1777324182488,11960.00,12067.00,NA,2265.00,0
1777324182517,12130.00,12067.00,NA,2265.00,0
1777324182546,11750.00,12067.00,NA,2265.00,0
1777324182574,11930.00,12082.00,NA,2265.00,0
1777324182621,12040.00,12032.00,NA,2265.00,0
1777324182648,12000.00,12080.00,NA,2265.00,0
1777324182675,12100.00,12080.00,NA,2265.00,0
1777324182724,12400.00,12080.00,NA,2265.00,0
1777324182751,11720.00,12080.00,NA,2265.00,0
1777324182778,11970.00,12093.00,NA,2265.00,0
1777324182830,11940.00,12013.00,NA,2265.00,0
1777324182857,12120.00,12013.00,NA,2265.00,0
1777324182883,12170.00,12080.00,NA,2265.00,0
1777324182909,11640.00,12080.00,NA,2265.00,0
1777324182957,11750.00,12093.00,NA,2265.00,0
1777324182985,12040.00,12080.00,NA,2265.00,0
1777324183012,12250.00,12080.00,NA,2265.00,0
1777324183038,12090.00,12080.00,NA,2265.00,0
1777324183085,11830.00,12080.00,NA,2265.00,0
1777324183112,11770.00,12067.00,NA,2265.00,0
1777324183138,12410.00,12093.00,NA,2265.00,0
1777324183186,12030.00,12080.00,NA,2265.00,0
1777324183213,11770.00,12080.00,NA,2265.00,0
1777324183241,12040.00,12067.00,NA,2265.00,0
1777324183271,12120.00,12067.00,NA,2265.00,0
1777324183318,11790.00,12013.00,NA,2265.00,0
1777324183345,11980.00,12080.00,NA,2265.00,0
1777324183371,11960.00,12093.00,NA,2265.00,0
1777324183418,12090.00,12092.00,NA,2265.00,0
1777324183445,11880.00,12067.00,NA,2265.00,0
1777324183485,12050.00,12019.00,NA,2265.00,0
1777324183516,12070.00,12067.00,NA,2265.00,0
1777324183546,11870.00,12093.00,NA,2265.00,0
1777324183576,12120.00,12083.00,NA,2265.00,0
1777324183606,11930.00,12080.00,NA,2265.00,0
1777324183656,12020.00,12000.00,NA,2265.00,0
1777324183695,12210.00,12013.00,NA,2265.00,0
1777324183723,11970.00,12000.00,NA,2265.00,0
1777324183751,12330.00,12000.00,NA,2265.00,0
1777324183779,11860.00,12019.00,NA,2265.00,0
1777324183808,11920.00,12067.00,NA,2265.00,0
1777324183838,12140.00,12080.00,NA,2265.00,0
1777324183885,11930.00,12013.00,NA,2265.00,0
1777324183913,12120.00,12014.00,NA,2265.00,0
1777324183941,11880.00,12032.00,NA,2265.00,0
1777324183970,11790.00,12080.00,NA,2265.00,0
1777324184019,11880.00,12080.00,NA,2265.00,0
1777324184048,12100.00,12080.00,NA,2265.00,0
1777324184076,12060.00,12067.00,NA,2265.00,0
1777324184115,12150.00,12013.00,NA,2265.00,0
1777324184143,11910.00,12080.00,NA,2265.00,0
1777324184171,11810.00,12080.00,NA,2265.00,0
1777324184200,11980.00,12067.00,NA,2265.00,0
1777324184249,12030.00,12013.00,NA,2265.00,0
1777324184278,11850.00,12013.00,NA,2265.00,0
1777324184304,12160.00,12080.00,NA,2265.00,0
1777324184332,11970.00,12093.00,NA,2265.00,0
1777324184380,11990.00,12013.00,NA,2265.00,0
1777324184408,12030.00,12000.00,NA,2265.00,0
1777324184435,12070.00,12067.00,NA,2265.00,0
1777324184463,11880.00,12080.00,NA,2265.00,0
1777324184509,12180.00,12013.00,NA,2265.00,0
1777324184536,11960.00,12080.00,NA,2265.00,0
1777324184563,11950.00,12080.00,NA,2265.00,0
1777324184612,12010.00,12093.00,NA,2265.00,0
1777324184640,12050.00,12093.00,NA,2265.00,0
1777324184668,12020.00,12093.00,NA,2265.00,0
1777324184698,12030.00,12093.00,NA,2265.00,0
1777324184747,12140.00,12013.00,NA,2265.00,0
1777324184775,12220.00,12013.00,NA,2265.00,0
1777324184802,12190.00,12067.00,NA,2265.00,0
1777324184830,12120.00,12067.00,NA,2265.00,0
1777324184878,11790.00,12013.00,NA,2265.00,0
1777324184906,12090.00,12080.00,NA,2265.00,0
1777324184932,12160.00,12093.00,NA,2265.00,0
1777324184981,11970.00,12003.00,NA,2265.00,0
1777324185011,11850.00,12067.00,NA,2265.00,0
1777324185040,12200.00,12067.00,NA,2265.00,0
1777324185068,12280.00,12067.00,NA,2265.00,0
1777324185096,11930.00,12080.00,NA,2265.00,0
1777324185124,11810.00,12067.00,NA,2265.00,0
1777324185157,12310.00,12067.00,NA,2265.00,0
1777324185207,12120.00,12013.00,NA,2265.00,0
1777324185237,12100.00,12013.00,NA,2265.00,0
1777324185267,12170.00,12080.00,NA,2265.00,0
1777324185296,11970.00,12093.00,NA,2265.00,0
1777324185325,12040.00,12093.00,NA,2265.00,0
1777324185375,12100.00,12013.00,NA,2265.00,0
1777324185404,11980.00,12008.00,NA,2265.00,0
1777324185434,12160.00,12067.00,NA,2265.00,0
1777324185463,11880.00,12067.00,NA,2265.00,0
1777324185493,11810.00,12067.00,NA,2265.00,0
1777324185543,12040.00,12013.00,NA,2265.00,0
1777324185570,12160.00,12080.00,NA,2265.00,0
1777324185596,12290.00,12093.00,NA,2265.00,0
1777324185624,12270.00,12093.00,NA,2265.00,0
1777324185674,11730.00,12080.00,NA,2265.00,0
1777324185703,12280.00,12067.00,NA,2265.00,0
1777324185730,12050.00,12067.00,NA,2265.00,0
1777324185757,11960.00,12067.00,NA,2265.00,0
1777324185790,11840.00,12080.00,NA,2265.00,0
1777324185839,11900.00,12013.00,NA,2265.00,0
1777324185868,11990.00,12013.00,NA,2265.00,0
1777324185896,12120.00,12080.00,NA,2265.00,0
1777324185924,11970.00,12093.00,NA,2265.00,0
1777324185951,12150.00,12093.00,NA,2265.00,0
1777324186002,11950.00,12013.00,NA,2265.00,0
1777324186029,12030.00,12000.00,NA,2265.00,0
1777324186057,12040.00,12067.00,NA,2265.00,0
1777324186085,11850.00,12067.00,NA,2265.00,0
1777324186134,12310.00,12013.00,NA,2265.00,0
1777324186164,11770.00,12080.00,NA,2265.00,0
1777324186190,12100.00,12093.00,NA,2265.00,0
1777324186217,12230.00,12083.00,NA,2265.00,0
1777324186266,11920.00,12080.00,NA,2265.00,0
1777324186294,12060.00,12067.00,NA,2265.00,0
1777324186323,12010.00,12067.00,NA,2265.00,0
1777324186351,12140.00,12093.00,NA,2265.00,0
1777324186399,11730.00,12030.00,NA,2265.00,0
1777324186427,11850.00,12013.00,NA,2265.00,0
1777324186457,11940.00,12080.00,NA,2265.00,0
1777324186487,12400.00,12093.00,NA,2265.00,0
1777324186539,11880.00,12016.00,NA,2265.00,0
1777324186569,12070.00,12016.00,NA,2265.00,0
1777324186599,11820.00,12067.00,NA,2265.00,0
1777324186637,12040.00,12013.00,NA,2265.00,0
1777324186665,12080.00,12013.00,NA,2265.00,0
1777324186692,11830.00,12067.00,NA,2265.00,0
1777324186720,12180.00,12067.00,NA,2265.00,0
1777324186748,11820.00,12067.00,NA,2265.00,0
1777324186797,12200.00,12013.00,NA,2265.00,0
1777324186824,12040.00,12080.00,NA,2265.00,0
1777324186852,11750.00,12093.00,NA,2265.00,0
1777324186879,12270.00,12083.00,NA,2265.00,0
1777324186929,11760.00,12080.00,NA,2265.00,0
1777324186958,11900.00,12067.00,NA,2265.00,0
1777324186985,12210.00,12080.00,NA,2265.00,0
1777324187013,12090.00,12067.00,NA,2265.00,0
1777324187061,12160.00,12080.00,NA,2265.00,0
1777324187090,12010.00,12080.00,NA,2265.00,0
1777324187118,11710.00,12080.00,NA,2265.00,0
1777324187168,11810.00,12080.00,NA,2265.00,0
1777324187198,12000.00,12079.00,NA,2265.00,0
1777324187227,12190.00,12067.00,NA,2265.00,0
1777324187269,11980.00,12013.00,NA,2265.00,0
1777324187297,12320.00,12013.00,NA,2265.00,0
1777324187324,12110.00,12080.00,NA,2265.00,0
1777324187352,12230.00,12067.00,NA,2265.00,0
1777324187379,12040.00,12067.00,NA,2265.00,0
1777324187406,11990.00,12080.00,NA,2265.00,0
1777324187454,12300.00,12080.00,NA,2265.00,0
1777324187484,12110.00,12093.00,NA,2265.00,0
1777324187514,11910.00,12093.00,NA,2265.00,0
1777324187542,11890.00,12093.00,NA,2265.00,0
1777324187589,11980.00,12016.00,NA,2265.00,0
1777324187616,12180.00,12080.00,NA,2265.00,0
1777324187643,11960.00,12067.00,NA,2265.00,0
1777324187693,12180.00,12013.00,NA,2265.00,0
1777324187723,11840.00,12080.00,NA,2265.00,0
1777324187753,12020.00,12093.00,NA,2265.00,0
1777324187782,12090.00,12080.00,NA,2265.00,0
1777324187812,11950.00,12080.00,NA,2265.00,0
1777324187842,11990.00,12093.00,NA,2265.00,0
1777324187875,12040.00,12080.00,NA,2265.00,0
1777324187905,12030.00,12093.00,NA,2265.00,0
1777324187956,11750.00,12080.00,NA,2265.00,0
1777324187985,11900.00,12071.00,NA,2265.00,0
1777324188014,12090.00,12067.00,NA,2265.00,0
1777324188041,11870.00,12067.00,NA,2265.00,0
1777324188069,11850.00,12067.00,NA,2265.00,0
1777324188106,11980.00,12093.00,NA,2265.00,0
1777324188155,11640.00,12000.00,NA,2265.00,0
1777324188182,12020.00,12067.00,NA,2265.00,0
1777324188210,11860.00,12093.00,NA,2265.00,0
1777324188238,11730.00,12093.00,NA,2265.00,0
1777324188285,12250.00,12013.00,NA,2265.00,0
1777324188312,11800.00,12067.00,NA,2265.00,0
1777324188338,11950.00,12067.00,NA,2265.00,0
1777324188365,12120.00,12067.00,NA,2265.00,0
1777324188415,11900.00,12080.00,NA,2265.00,0
1777324188444,12110.00,12093.00,NA,2265.00,0
1777324188473,11860.00,12093.00,NA,2265.00,0
1777324188499,11980.00,12093.00,NA,2265.00,0
1777324188551,11810.00,12080.00,NA,2265.00,0
1777324188582,12110.00,12067.00,NA,2265.00,0
1777324188612,12060.00,12067.00,NA,2265.00,0
1777324188643,12090.00,12067.00,NA,2265.00,0
1777324188674,11750.00,12123.00,NA,2265.00,0
1777324188704,12250.00,12080.00,NA,2265.00,0
1777324188739,12190.00,12093.00,NA,2265.00,0
1777324188766,11780.00,12093.00,NA,2265.00,0
1777324188815,12010.00,12032.00,NA,2265.00,0
1777324188842,12070.00,12023.00,NA,2265.00,0
1777324188870,11910.00,12093.00,NA,2265.00,0
1777324188897,12200.00,12093.00,NA,2265.00,0
1777324188945,12110.00,12080.00,NA,2265.00,0
1777324188971,12310.00,12067.00,NA,2265.00,0
1777324188998,11990.00,12067.00,NA,2265.00,0
1777324189046,12320.00,12093.00,NA,2265.00,0
1777324189074,12040.00,12093.00,NA,2265.00,0
1777324189100,11650.00,12093.00,NA,2265.00,0
1777324189129,11910.00,12080.00,NA,2265.00,0
1777324189176,11850.00,12032.00,NA,2265.00,0
1777324189203,12270.00,12067.00,NA,2265.00,0
1777324189230,12230.00,12093.00,NA,2265.00,0
1777324189277,11930.00,12080.00,NA,2265.00,0
1777324189308,12050.00,12080.00,NA,2265.00,0
1777324189339,12080.00,12000.00,NA,2265.00,0
1777324189366,11930.00,12080.00,NA,2265.00,0
1777324189393,11960.00,12093.00,NA,2265.00,0
1777324189441,12230.00,12046.00,NA,2265.00,0
1777324189469,11810.00,12029.00,NA,2265.00,0
1777324189496,11970.00,12080.00,NA,2265.00,0
1777324189524,11990.00,12093.00,NA,2265.00,0
1777324189573,12180.00,12013.00,NA,2265.00,0
1777324189601,12210.00,12067.00,NA,2265.00,0
1777324189628,11930.00,12067.00,NA,2265.00,0
1777324189656,12060.00,12067.00,NA,2265.00,0
1777324189704,11890.00,12013.00,NA,2265.00,0
1777324189731,12010.00,12080.00,NA,2265.00,0
1777324189759,12090.00,12080.00,NA,2265.00,0
1777324189786,11770.00,12093.00,NA,2265.00,0
1777324189835,12130.00,12080.00,NA,2265.00,0
1777324189862,11850.00,12067.00,NA,2265.00,0
1777324189889,11920.00,12093.00,NA,2265.00,0
1777324189937,11740.00,12075.00,NA,2265.00,0
1777324189969,12100.00,12067.00,NA,2265.00,0
1777324189996,12110.00,12093.00,NA,2265.00,0
1777324190023,12020.00,12089.00,NA,2265.00,0
1777324190073,11870.00,12093.00,NA,2265.00,0
1777324190102,11950.00,12093.00,NA,2265.00,0
1777324190129,11970.00,12092.00,NA,2265.00,0
1777324190156,12010.00,12093.00,NA,2265.00,0
1777324190182,11790.00,12093.00,NA,2265.00,0
1777324190229,11830.00,12080.00,NA,2265.00,0
1777324190255,11970.00,12067.00,NA,2265.00,0
1777324190281,11960.00,12067.00,NA,2265.00,0
1777324190330,12010.00,12072.00,NA,2265.00,0
1777324190357,11940.00,12080.00,NA,2265.00,0
1777324190388,12080.00,12080.00,NA,2265.00,0
1777324190414,11940.00,12093.00,NA,2265.00,0
1777324190462,11900.00,12080.00,NA,2265.00,0
1777324190489,11860.00,12093.00,NA,2265.00,0
1777324190517,12310.00,12093.00,NA,2265.00,0
1777324190566,11860.00,12080.00,NA,2265.00,0
1777324190599,11860.00,12067.00,NA,2265.00,0
1777324190626,12030.00,12080.00,NA,2265.00,0
1777324190652,12010.00,12067.00,NA,2265.00,0
1777324190699,12140.00,12093.00,NA,2265.00,0
1777324190726,11730.00,12093.00,NA,2265.00,0
1777324190753,12180.00,12093.00,NA,2265.00,0
1777324190886,11810.00,11840.00,NA,2265.00,0
1777324190909,12020.00,11827.00,NA,2265.00,0
1777324190953,11710.00,11792.00,NA,2265.00,0
1777324190977,12030.00,11840.00,NA,2265.00,0
1777324191021,12170.00,11853.00,NA,2265.00,0
1777324191044,11920.00,11853.00,NA,2265.00,0
1777324191067,11960.00,11840.00,NA,2265.00,0
1777324191111,11980.00,11853.00,NA,2265.00,0
1777324191134,11980.00,11920.00,NA,2265.00,0
1777324191178,12120.00,11853.00,NA,2265.00,0
1777324191201,11830.00,11853.00,NA,2265.00,0
1777324191245,12150.00,11840.00,NA,2265.00,0
1777324191269,11890.00,11840.00,NA,2265.00,0
1777324191313,12080.00,11856.00,NA,2265.00,0
1777324191336,11940.00,11830.00,NA,2265.00,0
1777324191381,12100.00,11840.00,NA,2265.00,0
1777324191406,12240.00,11853.00,NA,2265.00,0
1777324191450,12220.00,11840.00,NA,2265.00,0
1777324191474,11890.00,11853.00,NA,2265.00,0
1777324191520,12110.00,11840.00,NA,2265.00,0
1777324191543,11910.00,11840.00,NA,2265.00,0
1777324191567,11890.00,11933.00,NA,2265.00,0
1777324191611,12100.00,11932.00,NA,2265.00,0
1777324191635,12090.00,11907.00,NA,2265.00,0
1777324191679,11890.00,11853.00,NA,2265.00,0
1777324191703,11970.00,11853.00,NA,2265.00,0
1777324191748,12000.00,11853.00,NA,2265.00,0
1777324191772,11770.00,11853.00,NA,2265.00,0
1777324191796,12210.00,11920.00,NA,2265.00,0
1777324191841,11820.00,11840.00,NA,2265.00,0
1777324191865,12090.00,11853.00,NA,2265.00,0
1777324191910,11970.00,11840.00,NA,2265.00,0
1777324191934,12170.00,11840.00,NA,2265.00,0
1777324191979,11880.00,11853.00,NA,2265.00,0
1777324192003,12050.00,11856.00,NA,2265.00,0
1777324192047,12240.00,11840.00,NA,2265.00,0
1777324192072,12130.00,11853.00,NA,2265.00,0
1777324192096,11660.00,11853.00,NA,2265.00,0
1777324192140,11800.00,11840.00,NA,2265.00,0
1777324192164,11830.00,11920.00,NA,2265.00,0
1777324192210,12160.00,11853.00,NA,2265.00,0
1777324192235,11960.00,11919.00,NA,2265.00,0
1777324192259,12290.00,11920.00,NA,2265.00,0
1777324192305,12060.00,11853.00,NA,2265.00,0
1777324192329,11920.00,11840.00,NA,2265.00,0
1777324192374,11970.00,11853.00,NA,2265.00,0
1777324192398,11600.00,11853.00,NA,2265.00,0
1777324192443,11850.00,11853.00,NA,2265.00,0
1777324192469,12160.00,11853.00,NA,2265.00,0
1777324192494,12080.00,11853.00,NA,2265.00,0
1777324192539,11920.00,11840.00,NA,2265.00,0
1777324192565,12150.00,11827.00,NA,2265.00,0
1777324192592,11970.00,11889.00,NA,2265.00,0
1777324192638,12070.00,11853.00,NA,2265.00,0
1777324192663,12000.00,11843.00,NA,2265.00,0
1777324192709,11850.00,11853.00,NA,2265.00,0
1777324192733,11760.00,11853.00,NA,2265.00,0
1777324192758,11910.00,11853.00,NA,2265.00,0
1777324192803,11830.00,11840.00,NA,2265.00,0
1777324192828,11900.00,11853.00,NA,2265.00,0
1777324192874,11670.00,11840.00,NA,2265.00,0
1777324192899,12020.00,11827.00,NA,2265.00,0
1777324192924,12080.00,11827.00,NA,2265.00,0
1777324192969,12160.00,11853.00,NA,2265.00,0
1777324192994,11700.00,11840.00,NA,2265.00,0
1777324193039,11670.00,11853.00,NA,2265.00,0
1777324193064,11780.00,11853.00,NA,2265.00,0
1777324193089,12050.00,11853.00,NA,2265.00,0
1777324193135,12170.00,11840.00,NA,2265.00,0
1777324193160,11890.00,11840.00,NA,2265.00,0
1777324193205,12040.00,11843.00,NA,2265.00,0
1777324193230,11910.00,11835.00,NA,2265.00,0
1777324193255,12130.00,11827.00,NA,2265.00,0
1777324193301,12090.00,11853.00,NA,2265.00,0
1777324193328,12120.00,11853.00,NA,2265.00,0
1777324193353,12230.00,11853.00,NA,2265.00,0
1777324193399,11730.00,11853.00,NA,2265.00,0
1777324193425,11950.00,11853.00,NA,2265.00,0
1777324193449,11770.00,11853.00,NA,2265.00,0
1777324193495,12000.00,11853.00,NA,2265.00,0
1777324193520,12320.00,11840.00,NA,2265.00,0
1777324193566,11910.00,11853.00,NA,2265.00,0
1777324193591,11990.00,11853.00,NA,2265.00,0
1777324193616,11830.00,11865.00,NA,2265.00,0
1777324193667,11840.00,11853.00,NA,2265.00,0
1777324193692,12080.00,11853.00,NA,2265.00,0
1777324193717,12320.00,11853.00,NA,2265.00,0
1777324193763,12110.00,11840.00,NA,2265.00,0
1777324193788,11840.00,11853.00,NA,2265.00,0
1777324193834,11810.00,11853.00,NA,2265.00,0
1777324193858,12100.00,11830.00,NA,2265.00,0
1777324193883,12180.00,11827.00,NA,2265.00,0
1777324193930,11790.00,11840.00,NA,2265.00,0
1777324193955,11980.00,11853.00,NA,2265.00,0
1777324194002,11860.00,11845.00,NA,2265.00,0
1777324194027,11930.00,11853.00,NA,2265.00,0
1777324194052,12080.00,11853.00,NA,2265.00,0
1777324194098,11700.00,11840.00,NA,2265.00,0
1777324194123,11870.00,11840.00,NA,2265.00,0
1777324194149,11670.00,11853.00,NA,2265.00,0
1777324194195,11880.00,11853.00,NA,2265.00,0
1777324194222,12140.00,11831.00,NA,2265.00,0
1777324194250,12140.00,11827.00,NA,2265.00,0
1777324194278,12220.00,11907.00,NA,2265.00,0
1777324194324,11770.00,11853.00,NA,2265.00,0
1777324194350,11990.00,11853.00,NA,2265.00,0
1777324194396,11870.00,11840.00,NA,2265.00,0
1777324194422,11970.00,11827.00,NA,2265.00,0
1777324194448,12250.00,11853.00,NA,2265.00,0
1777324194496,11860.00,11840.00,NA,2265.00,0
1777324194522,11880.00,11840.00,NA,2265.00,0
1777324194548,12130.00,11827.00,NA,2265.00,0
1777324194594,12010.00,11853.00,NA,2265.00,0
1777324194620,12130.00,11853.00,NA,2265.00,0
1777324194645,12090.00,11853.00,NA,2265.00,0
1777324194691,12010.00,11840.00,NA,2265.00,0
1777324194718,11990.00,11853.00,NA,2265.00,0
1777324194745,11880.00,11853.00,NA,2265.00,0
1777324194791,12210.00,11793.00,NA,2265.00,0
1777324194817,11750.00,11827.00,NA,2265.00,0
1777324194843,12030.00,11840.00,NA,2265.00,0
1777324194889,12020.00,11840.00,NA,2265.00,0
1777324194915,12210.00,11840.00,NA,2265.00,0
1777324194963,11820.00,11853.00,NA,2265.00,0
1777324194990,11880.00,11853.00,NA,2265.00,0
1777324195016,11900.00,11853.00,NA,2265.00,0
1777324195042,12150.00,11853.00,NA,2265.00,0
1777324195095,11940.00,11840.00,NA,2265.00,0
1777324195123,12120.00,11840.00,NA,2265.00,0
1777324195149,12040.00,11827.00,NA,2265.00,0
1777324195174,12010.00,11840.00,NA,2265.00,0
1777324195221,12090.00,11840.00,NA,2265.00,0
1777324195248,12040.00,11853.00,NA,2265.00,0
1777324195274,12080.00,11856.00,NA,2265.00,0
1777324195320,11970.00,11840.00,NA,2265.00,0
1777324195346,12020.00,11853.00,NA,2265.00,0
1777324195371,12110.00,11853.00,NA,2265.00,0
1777324195419,12290.00,11840.00,NA,2265.00,0
1777324195445,12020.00,11827.00,NA,2265.00,0
1777324195492,11860.00,11840.00,NA,2265.00,0
1777324195517,11840.00,11840.00,NA,2265.00,0
1777324195543,12120.00,11840.00,NA,2265.00,0
1777324195590,12020.00,11853.00,NA,2265.00,0
1777324195616,11860.00,11853.00,NA,2265.00,0
1777324195643,12060.00,11853.00,NA,2265.00,0
1777324195690,11880.00,11840.00,NA,2265.00,0
1777324195716,12140.00,11827.00,NA,2265.00,0
1777324195755,11800.00,11840.00,NA,2265.00,0
1777324195783,11810.00,11895.00,NA,2265.00,0
1777324195810,11740.00,11966.00,NA,2265.00,0
1777324195837,11990.00,12046.00,NA,2265.00,0
1777324195886,12080.00,12080.00,NA,2265.00,0
1777324195913,12120.00,12093.00,NA,2265.00,0
1777324195938,12050.00,12080.00,NA,2265.00,0
1777324195987,12000.00,12013.00,NA,2265.00,0
1777324196013,12000.00,12067.00,NA,2265.00,0
1777324196040,11960.00,12093.00,NA,2265.00,0
1777324196087,12120.00,12013.00,NA,2265.00,0
1777324196114,11860.00,12080.00,NA,2265.00,0
1777324196141,12070.00,12000.00,NA,2265.00,0
1777324196170,12010.00,12067.00,NA,2265.00,0
1777324196217,12120.00,12013.00,NA,2265.00,0
1777324196244,12150.00,12080.00,NA,2265.00,0
1777324196271,11940.00,12093.00,NA,2265.00,0
1777324196319,12160.00,12016.00,NA,2265.00,0
1777324196345,11930.00,12000.00,NA,2265.00,0
1777324196382,11710.00,12067.00,NA,2265.00,0
1777324196408,11870.00,12067.00,NA,2265.00,0
1777324196434,12170.00,12067.00,NA,2265.00,0
1777324196482,12220.00,12013.00,NA,2265.00,0
1777324196509,11990.00,12080.00,NA,2265.00,0
1777324196535,12030.00,12093.00,NA,2265.00,0
1777324196582,12010.00,12000.00,NA,2265.00,0
1777324196608,11810.00,12080.00,NA,2265.00,0
1777324196634,11880.00,12093.00,NA,2265.00,0
1777324196681,12060.00,12080.00,NA,2265.00,0
1777324196708,12200.00,12019.00,NA,2265.00,0
1777324196735,12250.00,12067.00,NA,2265.00,0
1777324196781,12210.00,12013.00,NA,2265.00,0
1777324196808,11870.00,12013.00,NA,2265.00,0
1777324196833,11870.00,12080.00,NA,2265.00,0
1777324196881,12300.00,12013.00,NA,2265.00,0
1777324196907,12090.00,12080.00,NA,2265.00,0
1777324196933,12010.00,12093.00,NA,2265.00,0
1777324196986,12120.00,12013.00,NA,2265.00,0
1777324197015,12080.00,12013.00,NA,2265.00,0
1777324197042,12210.00,12078.00,NA,2265.00,0
1777324197068,11680.00,12067.00,NA,2265.00,0
1777324197095,11900.00,12067.00,NA,2265.00,0
1777324197142,12090.00,12080.00,NA,2265.00,0
1777324197168,11820.00,12072.00,NA,2265.00,0
1777324197214,11990.00,12032.00,NA,2265.00,0
1777324197241,11960.00,12016.00,NA,2265.00,0
1777324197268,11790.00,12029.00,NA,2265.00,0
1777324197295,12000.00,12080.00,NA,2265.00,0
1777324197342,12070.00,12013.00,NA,2265.00,0
1777324197368,12100.00,12067.00,NA,2265.00,0
1777324197414,11920.00,12013.00,NA,2265.00,0
1777324197443,11880.00,12080.00,NA,2265.00,0
1777324197471,11870.00,12080.00,NA,2265.00,0
1777324197499,11750.00,12080.00,NA,2265.00,0
1777324197547,12060.00,12013.00,NA,2265.00,0
1777324197574,11970.00,12000.00,NA,2265.00,0
1777324197601,12420.00,12016.00,NA,2265.00,0
1777324197627,11960.00,12080.00,NA,2265.00,0
1777324197674,12300.00,12013.00,NA,2265.00,0
1777324197701,11970.00,12067.00,NA,2265.00,0
1777324197727,12160.00,12067.00,NA,2265.00,0
1777324197775,12170.00,12013.00,NA,2265.00,0
1777324197802,12070.00,12080.00,NA,2265.00,0
1777324197849,11870.00,12000.00,NA,2265.00,0
1777324197876,12160.00,12067.00,NA,2265.00,0
1777324197903,11900.00,12056.00,NA,2265.00,0
1777324197929,11960.00,12029.00,NA,2265.00,0
1777324197956,11990.00,12080.00,NA,2265.00,0
1777324198003,11780.00,12013.00,NA,2265.00,0
1777324198031,12070.00,12067.00,NA,2265.00,0
1777324198060,11950.00,12067.00,NA,2265.00,0
1777324198108,11960.00,12013.00,NA,2265.00,0
1777324198134,11990.00,12080.00,NA,2265.00,0
1777324198160,11920.00,12093.00,NA,2265.00,0
1777324198187,11810.00,12080.00,NA,2265.00,0
1777324198234,12010.00,12073.00,NA,2265.00,0
1777324198267,12310.00,12003.00,NA,2265.00,0
1777324198293,12040.00,12067.00,NA,2265.00,0
1777324198319,11940.00,12093.00,NA,2265.00,0
1777324198366,12070.00,12013.00,NA,2265.00,0
1777324198392,11900.00,12080.00,NA,2265.00,0
1777324198418,11990.00,12067.00,NA,2265.00,0
1777324198464,12370.00,12013.00,NA,2265.00,0
1777324198491,11980.00,12080.00,NA,2265.00,0
1777324198518,12330.00,12093.00,NA,2265.00,0
1777324198565,12150.00,12080.00,NA,2265.00,0
1777324198592,11770.00,12067.00,NA,2265.00,0
1777324198618,11810.00,12093.00,NA,2265.00,0
1777324198665,11970.00,12080.00,NA,2265.00,0
1777324198691,11790.00,12067.00,NA,2265.00,0
1777324198717,12030.00,12067.00,NA,2265.00,0
1777324198765,12050.00,12080.00,NA,2265.00,0
1777324198792,12330.00,12080.00,NA,2265.00,0
1777324198819,11970.00,12080.00,NA,2265.00,0
1777324198867,11940.00,12013.00,NA,2265.00,0
1777324198899,12060.00,11990.00,NA,2265.00,0
1777324198925,11880.00,12067.00,NA,2265.00,0
1777324198951,11910.00,12067.00,NA,2265.00,0
1777324198998,11890.00,12080.00,NA,2265.00,0
1777324199025,12100.00,12080.00,NA,2265.00,0
1777324199052,12160.00,12073.00,NA,2265.00,0
1777324199098,11830.00,12080.00,NA,2265.00,0
1777324199124,12200.00,12093.00,NA,2265.00,0
1777324199150,12060.00,12080.00,NA,2265.00,0
1777324199197,11710.00,12080.00,NA,2265.00,0
1777324199222,11960.00,12067.00,NA,2265.00,0
1777324199248,11960.00,12093.00,NA,2265.00,0
1777324199296,12130.00,12013.00,NA,2265.00,0
1777324199321,12000.00,12080.00,NA,2265.00,0
1777324199347,12240.00,12067.00,NA,2265.00,0
1777324199394,11980.00,12080.00,NA,2265.00,0
1777324199420,11890.00,12093.00,NA,2265.00,0
1777324199445,11910.00,12083.00,NA,2265.00,0
1777324199492,12370.00,12080.00,NA,2265.00,0
1777324199517,11950.00,12093.00,NA,2265.00,0
1777324199544,11840.00,12093.00,NA,2265.00,0
1777324199591,12050.00,12080.00,NA,2265.00,0
1777324199617,11980.00,12067.00,NA,2265.00,0
1777324199643,12040.00,12067.00,NA,2265.00,0
1777324199693,11980.00,12080.00,NA,2265.00,0
1777324199720,12090.00,12067.00,NA,2265.00,0
1777324199750,12180.00,12080.00,NA,2265.00,0
1777324199780,12090.00,12080.00,NA,2265.00,0
1777324199830,11940.00,12013.00,NA,2265.00,0
1777324199858,12040.00,11990.00,NA,2265.00,0
1777324199886,12220.00,12067.00,NA,2265.00,0
1777324199914,12020.00,12067.00,NA,2265.00,0
1777324199949,11910.00,12067.00,NA,2265.00,0
1777324199977,12210.00,12067.00,NA,2265.00,0
1777324200029,12000.00,12013.00,NA,2265.00,0
1777324200061,12040.00,12013.00,NA,2265.00,0
1777324200091,12000.00,12080.00,NA,2265.00,0
1777324200118,11770.00,12093.00,NA,2265.00,0
1777324200145,11830.00,12093.00,NA,2265.00,0
1777324200172,12020.00,12093.00,NA,2265.00,0
1777324200218,12150.00,12080.00,NA,2265.00,0
1777324200244,12060.00,12067.00,NA,2265.00,0
1777324200270,11830.00,12080.00,NA,2265.00,0
1777324200317,12180.00,12080.00,NA,2265.00,0
1777324200345,12070.00,12067.00,NA,2265.00,0
1777324200371,12160.00,12067.00,NA,2265.00,0
1777324200419,12230.00,12080.00,NA,2265.00,0
1777324200444,11980.00,12093.00,NA,2265.00,0
1777324200470,11860.00,12093.00,NA,2265.00,0
1777324200517,12030.00,12080.00,NA,2265.00,0
1777324200543,11830.00,12067.00,NA,2265.00,0
1777324200569,11620.00,12093.00,NA,2265.00,0
1777324200617,12240.00,12080.00,NA,2265.00,0
1777324200644,12170.00,12080.00,NA,2265.00,0
1777324200670,12020.00,12067.00,NA,2265.00,0
1777324200717,12190.00,12093.00,NA,2265.00,0
1777324200744,11720.00,12093.00,NA,2265.00,0
1777324200770,11790.00,12093.00,NA,2265.00,0
1777324200820,11920.00,12013.00,NA,2265.00,0
1777324200847,11970.00,12000.00,NA,2265.00,0
1777324200874,12140.00,12067.00,NA,2265.00,0
1777324200900,11860.00,12080.00,NA,2265.00,0
1777324200948,11790.00,12013.00,NA,2265.00,0
1777324200975,11910.00,12067.00,NA,2265.00,0
1777324201002,12290.00,12089.00,NA,2265.00,0
1777324201050,11930.00,12013.00,NA,2265.00,0
1777324201076,12160.00,12080.00,NA,2265.00,0
1777324201103,12170.00,12093.00,NA,2265.00,0
1777324201150,11970.00,12029.00,NA,2265.00,0
1777324201177,12150.00,12000.00,NA,2265.00,0
1777324201209,12130.00,12067.00,NA,2265.00,0
1777324201235,12070.00,12067.00,NA,2265.00,0
1777324201261,12040.00,12067.00,NA,2265.00,0
1777324201310,12140.00,12080.00,NA,2265.00,0
1777324201338,11940.00,12093.00,NA,2265.00,0
1777324201366,12030.00,12093.00,NA,2265.00,0
1777324201413,11850.00,12079.00,NA,2265.00,0
1777324201439,11960.00,12045.00,NA,2265.00,0
1777324201465,12150.00,12093.00,NA,2265.00,0
1777324201513,12250.00,12080.00,NA,2265.00,0
1777324201539,12200.00,12066.00,NA,2265.00,0
1777324201565,11990.00,12080.00,NA,2265.00,0
1777324201612,11850.00,12073.00,NA,2265.00,0
1777324201638,12150.00,12077.00,NA,2265.00,0
1777324201664,11970.00,12080.00,NA,2265.00,0
1777324201711,12130.00,12080.00,NA,2265.00,0
1777324201737,11930.00,12093.00,NA,2265.00,0
1777324201763,12020.00,12093.00,NA,2265.00,0
1777324201813,12090.00,12013.00,NA,2265.00,0
1777324201843,12210.00,12013.00,NA,2265.00,0
1777324201869,12080.00,12067.00,NA,2265.00,0
1777324201895,11810.00,12067.00,NA,2265.00,0
1777324201942,11940.00,12013.00,NA,2265.00,0
1777324201969,11710.00,12080.00,NA,2265.00,0
1777324201995,12060.00,12094.00,NA,2265.00,0
1777324202041,11870.00,12080.00,NA,2265.00,0
1777324202066,12140.00,12093.00,NA,2265.00,0
1777324202092,11920.00,12093.00,NA,2265.00,0
1777324202139,11900.00,12080.00,NA,2265.00,0
1777324202165,12330.00,12067.00,NA,2265.00,0
1777324202190,11870.00,12080.00,NA,2265.00,0
1777324202236,12060.00,12093.00,NA,2265.00,0
1777324202262,11990.00,12083.00,NA,2265.00,0
1777324202288,11890.00,12067.00,NA,2265.00,0
1777324202336,12070.00,12080.00,NA,2265.00,0
1777324202362,11810.00,12093.00,NA,2265.00,0
1777324202389,11820.00,12093.00,NA,2265.00,0
1777324202437,11840.00,12080.00,NA,2265.00,0
1777324202473,12000.00,12076.00,NA,2265.00,0
1777324202501,12090.00,12067.00,NA,2265.00,0
1777324202528,11970.00,12067.00,NA,2265.00,0
1777324202555,11940.00,12080.00,NA,2265.00,0
1777324202602,12030.00,12093.00,NA,2265.00,0
1777324202629,11940.00,12080.00,NA,2265.00,0
1777324202655,12070.00,12067.00,NA,2265.00,0
1777324202702,12420.00,12080.00,NA,2265.00,0
1777324202729,12010.00,12093.00,NA,2265.00,0
1777324202755,12190.00,12093.00,NA,2265.00,0
1777324202804,12170.00,12080.00,NA,2265.00,0
1777324202832,11620.00,12067.00,NA,2265.00,0
1777324202859,12260.00,12080.00,NA,2265.00,0
1777324202899,11850.00,12093.00,NA,2265.00,0
1777324202926,12110.00,12083.00,NA,2265.00,0
1777324202952,12310.00,12080.00,NA,2265.00,0
1777324202999,12000.00,12080.00,NA,2265.00,0
1777324203025,12010.00,12093.00,NA,2265.00,0
1777324203051,12020.00,12096.00,NA,2265.00,0
1777324203098,12040.00,12080.00,NA,2265.00,0
1777324203124,11990.00,12067.00,NA,2265.00,0
1777324203150,11940.00,12080.00,NA,2265.00,0
1777324203198,12280.00,12013.00,NA,2265.00,0
1777324203224,12360.00,12080.00,NA,2265.00,0
1777324203250,12090.00,12080.00,NA,2265.00,0
1777324203296,12010.00,12093.00,NA,2265.00,0
1777324203322,12170.00,12080.00,NA,2265.00,0
1777324203348,11970.00,12080.00,NA,2265.00,0
1777324203395,11810.00,12080.00,NA,2265.00,0
1777324203421,11770.00,12067.00,NA,2265.00,0
1777324203447,12080.00,12093.00,NA,2265.00,0
1777324203500,11860.00,12013.00,NA,2265.00,0
1777324203527,11930.00,12013.00,NA,2265.00,0
1777324203554,11850.00,12080.00,NA,2265.00,0
1777324203602,11890.00,12029.00,NA,2265.00,0
1777324203629,11990.00,12013.00,NA,2265.00,0
1777324203656,11990.00,12080.00,NA,2265.00,0
1777324203683,12060.00,12093.00,NA,2265.00,0
1777324203729,11970.00,12013.00,NA,2265.00,0
1777324203755,11980.00,12067.00,NA,2265.00,0
1777324203782,11850.00,12067.00,NA,2265.00,0
1777324203829,11920.00,12013.00,NA,2265.00,0
1777324203856,12100.00,12080.00,NA,2265.00,0
1777324203882,12300.00,12093.00,NA,2265.00,0
1777324203929,11930.00,12093.00,NA,2265.00,0
1777324203955,11950.00,12089.00,NA,2265.00,0
1777324203982,11880.00,12080.00,NA,2265.00,0
1777324204029,12090.00,12058.00,NA,2265.00,0
1777324204055,12000.00,12067.00,NA,2265.00,0
1777324204081,11820.00,12080.00,NA,2265.00,0
1777324204129,11920.00,12032.00,NA,2265.00,0
1777324204155,11810.00,12018.00,NA,2265.00,0
1777324204181,11990.00,12067.00,NA,2265.00,0
1777324204227,12170.00,12053.00,NA,2265.00,0
1777324204253,11940.00,12023.00,NA,2265.00,0
1777324204279,11990.00,12080.00,NA,2265.00,0
1777324204325,12050.00,12080.00,NA,2265.00,0
1777324204358,12470.00,12000.00,NA,2265.00,0
1777324204383,11790.00,12067.00,NA,2265.00,0
1777324204410,12090.00,12093.00,NA,2265.00,0
1777324204457,12160.00,12013.00,NA,2265.00,0
1777324204483,11820.00,12080.00,NA,2265.00,0
1777324204509,12120.00,12067.00,NA,2265.00,0
1777324204556,11700.00,12013.00,NA,2265.00,0
1777324204583,12090.00,12080.00,NA,2265.00,0
1777324204610,12120.00,12093.00,NA,2265.00,0
1777324204657,12000.00,12003.00,NA,2265.00,0
1777324204683,12000.00,12067.00,NA,2265.00,0
1777324204710,12150.00,12093.00,NA,2265.00,0
1777324204759,11970.00,12013.00,NA,2265.00,0
1777324204784,12280.00,12000.00,NA,2265.00,0
1777324204810,12050.00,12067.00,NA,2265.00,0
1777324204836,11740.00,12080.00,NA,2265.00,0
1777324204884,11600.00,12093.00,NA,2265.00,0
1777324204910,11910.00,12093.00,NA,2265.00,0
1777324204936,12320.00,12096.00,NA,2265.00,0
1777324204982,11960.00,12013.00,NA,2265.00,0
1777324205007,12220.00,12093.00,NA,2265.00,0
1777324205055,11750.00,12080.00,NA,2265.00,0
1777324205082,11840.00,12067.00,NA,2265.00,0
1777324205110,11980.00,12067.00,NA,2265.00,0
1777324205137,12020.00,12080.00,NA,2265.00,0
1777324205184,12030.00,12013.00,NA,2265.00,0
1777324205210,11920.00,12080.00,NA,2265.00,0
1777324205237,12300.00,12093.00,NA,2265.00,0
1777324205284,11810.00,12029.00,NA,2265.00,0
1777324205311,11930.00,12067.00,NA,2265.00,0
1777324205339,11770.00,12093.00,NA,2265.00,0
1777324205367,11950.00,12093.00,NA,2265.00,0
1777324205416,11870.00,12080.00,NA,2265.00,0
1777324205444,12020.00,12080.00,NA,2265.00,0
1777324205471,12000.00,12067.00,NA,2265.00,0
1777324205520,11610.00,12080.00,NA,2265.00,0
1777324205548,11710.00,12093.00,NA,2265.00,0
1777324205575,12180.00,12013.00,NA,2265.00,0
1777324205601,12020.00,12080.00,NA,2265.00,0
1777324205649,12160.00,12080.00,NA,2265.00,0
1777324205676,11970.00,12000.00,NA,2265.00,0
1777324205704,12190.00,12067.00,NA,2265.00,0
1777324205753,11760.00,12013.00,NA,2265.00,0
1777324205781,12080.00,12013.00,NA,2265.00,0
1777324205807,11900.00,12067.00,NA,2265.00,0
1777324205834,11990.00,12080.00,NA,2265.00,0
1777324205883,11670.00,12029.00,NA,2265.00,0
1777324205911,11950.00,12029.00,NA,2265.00,0
1777324205939,12080.00,12080.00,NA,2265.00,0
1777324205967,12120.00,12093.00,NA,2265.00,0
1777324206015,12070.00,12013.00,NA,2265.00,0
1777324206050,12320.00,12080.00,NA,2265.00,0
1777324206078,11870.00,12080.00,NA,2265.00,0
1777324206106,12040.00,12080.00,NA,2265.00,0
1777324206133,12040.00,12078.00,NA,2265.00,0
1777324206182,12300.00,12093.00,NA,2265.00,0
1777324206210,11980.00,12093.00,NA,2265.00,0
1777324206237,12030.00,12093.00,NA,2265.00,0
1777324206264,11960.00,12093.00,NA,2265.00,0
1777324206313,11650.00,12080.00,NA,2265.00,0
1777324206341,11870.00,12067.00,NA,2265.00,0
1777324206370,11740.00,12067.00,NA,2265.00,0
1777324206399,11990.00,12080.00,NA,2265.00,0
1777324206562,11700.00,11760.00,NA,2265.00,0
1777324206584,12280.00,11773.00,NA,2265.00,0
1777324206607,11720.00,11827.00,NA,2265.00,0
1777324206651,11910.00,11773.00,NA,2265.00,0
1777324206674,11850.00,11773.00,NA,2265.00,0
1777324206718,11930.00,11760.00,NA,2265.00,0
1777324206742,12010.00,11773.00,NA,2265.00,0
1777324206765,12060.00,11773.00,NA,2265.00,0
1777324206809,12070.00,11840.00,NA,2265.00,0
1777324206832,12170.00,11853.00,NA,2265.00,0
1777324206876,12110.00,11773.00,NA,2265.00,0
1777324206899,11950.00,11763.00,NA,2265.00,0
1777324206943,11980.00,11830.00,NA,2265.00,0
1777324206967,11770.00,11827.00,NA,2265.00,0
1777324207011,12210.00,11773.00,NA,2265.00,0
1777324207035,12240.00,11840.00,NA,2265.00,0
1777324207080,11850.00,11760.00,NA,2265.00,0
1777324207103,11860.00,11773.00,NA,2265.00,0
1777324207127,12260.00,11840.00,NA,2265.00,0
1777324207171,11970.00,11776.00,NA,2265.00,0
1777324207194,11890.00,11789.00,NA,2265.00,0
1777324207238,12000.00,11773.00,NA,2265.00,0
1777324207262,11850.00,11827.00,NA,2265.00,0
1777324207306,11910.00,11773.00,NA,2265.00,0
1777324207330,12250.00,11840.00,NA,2265.00,0
1777324207374,11900.00,11773.00,NA,2265.00,0
1777324207398,11930.00,11773.00,NA,2265.00,0
1777324207443,11800.00,11839.00,NA,2265.00,0
1777324207467,12130.00,11853.00,NA,2265.00,0
1777324207511,11890.00,11773.00,NA,2265.00,0
1777324207535,12110.00,11760.00,NA,2265.00,0
1777324207558,11960.00,11763.00,NA,2265.00,0
1777324207603,11970.00,11840.00,NA,2265.00,0
1777324207626,11840.00,11827.00,NA,2265.00,0
1777324207671,12020.00,11773.00,NA,2265.00,0
1777324207695,11830.00,11840.00,NA,2265.00,0
1777324207740,11970.00,11760.00,NA,2265.00,0
1777324207764,12010.00,11773.00,NA,2265.00,0
1777324207808,11880.00,11773.00,NA,2265.00,0
1777324207832,11810.00,11827.00,NA,2265.00,0
1777324207856,11790.00,11853.00,NA,2265.00,0
1777324207901,11490.00,11840.00,NA,2265.00,0
1777324207925,11890.00,11827.00,NA,2265.00,0
1777324207969,12080.00,11773.00,NA,2265.00,0
1777324207994,11710.00,11840.00,NA,2265.00,0
1777324208039,11980.00,11760.00,NA,2265.00,0
1777324208064,12110.00,11773.00,NA,2265.00,0
1777324208088,11970.00,11840.00,NA,2265.00,0
1777324208133,11900.00,11776.00,NA,2265.00,0
1777324208157,11940.00,11789.00,NA,2265.00,0
1777324208202,12010.00,11773.00,NA,2265.00,0
1777324208227,12090.00,11802.00,NA,2265.00,0
1777324208272,12070.00,11773.00,NA,2265.00,0
1777324208296,12160.00,11840.00,NA,2265.00,0
1777324208320,12020.00,11827.00,NA,2265.00,0
1777324208365,11870.00,11773.00,NA,2265.00,0
1777324208390,12150.00,11840.00,NA,2265.00,0
1777324208435,11860.00,11763.00,NA,2265.00,0
1777324208460,11660.00,11747.00,NA,2265.00,0
1777324208485,12160.00,11840.00,NA,2265.00,0
1777324208531,12010.00,11773.00,NA,2265.00,0
1777324208555,11840.00,11827.00,NA,2265.00,0
1777324208601,11820.00,11840.00,NA,2265.00,0
1777324208626,12010.00,11840.00,NA,2265.00,0
1777324208651,11830.00,11840.00,NA,2265.00,0
1777324208697,12050.00,11773.00,NA,2265.00,0
1777324208722,11960.00,11840.00,NA,2265.00,0
1777324208767,11930.00,11773.00,NA,2265.00,0
1777324208793,12170.00,11750.00,NA,2265.00,0
1777324208819,11880.00,11840.00,NA,2265.00,0
1777324208866,11960.00,11773.00,NA,2265.00,0
1777324208892,12000.00,11760.00,NA,2265.00,0
1777324208917,12060.00,11827.00,NA,2265.00,0
1777324208963,11970.00,11773.00,NA,2265.00,0
1777324208988,11570.00,11773.00,NA,2265.00,0
1777324209034,12010.00,11805.00,NA,2265.00,0
1777324209059,12330.00,11825.00,NA,2265.00,0
1777324209084,11640.00,11853.00,NA,2265.00,0
1777324209130,11770.00,11840.00,NA,2265.00,0
1777324209156,12020.00,11840.00,NA,2265.00,0
1777324209185,12130.00,11760.00,NA,2265.00,0
1777324209231,11960.00,11797.00,NA,2265.00,0
1777324209257,11900.00,11840.00,NA,2265.00,0
1777324209282,11640.00,11828.00,NA,2265.00,0
1777324209329,11870.00,11840.00,NA,2265.00,0
1777324209354,11900.00,11853.00,NA,2265.00,0
1777324209379,12120.00,11853.00,NA,2265.00,0
1777324209426,12470.00,11760.00,NA,2265.00,0
1777324209451,11940.00,11827.00,NA,2265.00,0
1777324209477,11930.00,11853.00,NA,2265.00,0
1777324209523,12040.00,11773.00,NA,2265.00,0
1777324209549,11840.00,11827.00,NA,2265.00,0
