Timestamp,SystemLatency
1777266137817,0.0000
1777266137894,72.7906
1777266137934,60.7153
1777266137986,58.0370
1777266138012,54.9700
1777266138038,51.6371
1777266138072,48.7072
1777266138100,46.5728
1777266138129,44.6425
1777266138182,43.0477
1777266138208,41.9400
1777266138237,41.7063
1777266138263,41.0193
1777266138307,39.9302
1777266138335,39.4363
1777266138364,38.7141
1777266138409,37.8261
1777266138436,37.5514
1777266138462,37.1689
1777266138488,36.4084
1777266138537,35.5390
1777266138563,35.2830
1777266138587,34.9114
1777266138632,34.2645
1777266138657,33.9345
1777266138683,33.4542
1777266138728,32.8643
1777266138752,32.5634
1777266138808,32.0237
1777266138834,32.1453
1777266138859,32.1735
1777266138884,30.9834
1777266138930,30.1761
1777266138956,28.0808
1777266138981,28.1621
1777266139027,26.1334
1777266139051,25.8835
1777266139076,25.5219
1777266139122,24.8787
1777266139150,24.8134
1777266139175,24.4995
1777266139226,23.4453
1777266139251,23.4517
1777266139277,23.1795
1777266139323,22.7660
1777266139349,22.3381
1777266139394,22.1155
1777266139418,22.0882
1777266139444,21.6269
1777266139511,21.2149
1777266139537,21.4880
1777266139583,21.1607
1777266139607,21.1328
1777266139634,21.3835
1777266139680,21.0693
1777266139705,21.1703
1777266139729,21.2627
1777266139775,20.9609
1777266139801,21.2705
1777266139826,21.0888
1777266139872,20.0162
1777266139897,19.9682
1777266139942,19.8158
1777266139970,19.8292
1777266139995,20.1101
1777266140040,19.8618
1777266140066,19.8798
1777266140091,19.9908
1777266140147,20.0893
1777266140172,20.6322
1777266140223,21.1396
1777266140246,21.5002
1777266140270,21.7293
1777266140294,22.0302
1777266140340,21.5842
1777266140365,21.4793
1777266140411,21.4250
1777266140436,21.6332
1777266140460,21.8001
1777266140506,21.4264
1777266140532,21.1611
1777266140577,20.9911
1777266140603,21.0465
1777266140638,20.7980
1777266140662,21.1822
1777266140706,20.9126
1777266140732,20.9748
1777266140777,21.0343
1777266140840,21.4489
1777266140867,22.5692
1777266140891,22.4047
1777266140935,22.1381
1777266140958,21.9676
1777266141002,21.4037
1777266141025,21.5333
1777266141069,21.3120
1777266141094,21.2734
1777266141138,21.1485
1777266141162,21.1519
1777266141207,20.4433
1777266141231,20.4417
1777266141256,19.6213
1777266141300,19.2363
1777266141325,19.4734
1777266141370,19.4772
1777266141394,19.7386
1777266141439,19.4682
1777266141463,19.6711
1777266141509,19.8729
1777266141533,20.0198
1777266141558,20.3403
1777266141603,20.1802
1777266141627,20.1594
1777266141672,19.7810
1777266141696,20.0763
1777266141721,20.0064
1777266141767,19.7902
1777266141792,19.7508
1777266141840,19.3631
1777266141864,19.0683
1777266141889,18.6821
1777266141933,18.9738
1777266141958,19.0824
1777266142003,19.2828
1777266142028,19.6031
1777266142052,19.8058
1777266142098,19.4987
1777266142122,19.7665
1777266142168,19.5334
1777266142192,19.8358
1777266142217,19.8898
1777266142261,19.5402
1777266142287,19.8240
1777266142333,19.9379
1777266142359,20.3160
1777266142385,20.1860
1777266142431,20.0614
1777266142457,20.1256
1777266142482,20.0453
1777266142528,19.6821
1777266142553,19.5031
1777266142599,19.5513
1777266142624,19.7605
1777266142649,19.8023
1777266142695,19.4494
1777266142720,19.6042
1777266142766,19.7929
1777266142791,19.9469
1777266142816,20.3774
1777266142864,20.1508
1777266142897,20.5875
1777266142927,20.7278
1777266142955,20.8810
1777266142982,20.9792
1777266143030,20.6110
1777266143059,20.8962
1777266143086,21.2428
1777266143113,21.1209
1777266143161,21.0215
1777266143188,21.0550
1777266143215,21.1372
1777266143263,21.4502
1777266143290,21.7731
1777266143315,22.0182
1777266143363,21.6751
1777266143389,21.9059
1777266143416,22.2638
1777266143455,22.2356
1777266143481,22.2343
1777266143528,22.7513
1777266143554,23.0935
1777266143581,23.2136
1777266143628,22.9731
1777266143655,23.2869
1777266143682,23.6465
1777266143709,23.4788
1777266143757,23.3671
1777266143783,23.3593
1777266143809,23.1672
1777266143856,23.2937
1777266143882,23.1237
1777266143908,22.8125
1777266143954,22.4862
1777266143981,22.5868
1777266144007,22.6732
1777266144054,22.3003
1777266144081,22.1414
1777266144108,22.3334
1777266144157,22.3256
1777266144183,22.4835
1777266144210,22.3918
1777266144258,22.4404
1777266144286,22.4578
1777266144313,22.4627
1777266144340,22.5197
1777266144387,22.2319
1777266144413,22.1481
1777266144440,22.1944
1777266144488,22.0313
1777266144516,22.3487
1777266144544,22.2920
1777266144570,22.1689
1777266144624,22.1329
1777266144652,22.3128
1777266144679,22.4665
1777266144706,22.5081
1777266144733,22.6261
1777266144784,22.2081
1777266144814,22.4285
1777266144841,22.6922
1777266144868,22.5536
1777266144916,22.4848
1777266144989,24.7987
1777266145013,24.7665
1777266145037,24.9950
1777266145081,24.5361
1777266145105,24.4855
1777266145150,24.3818
1777266145174,24.1946
1777266145217,23.8063
1777266145241,23.8748
1777266145285,23.4167
1777266145309,23.1124
1777266145353,23.0103
1777266145377,23.3312
1777266145421,23.1163
1777266145445,23.1462
1777266145469,23.0688
1777266145514,22.4598
1777266145538,22.2158
1777266145583,21.8711
1777266145607,21.9463
1777266145652,21.5078
1777266145677,21.3910
1777266145701,21.0321
1777266145746,20.8697
1777266145771,21.2159
1777266145815,20.6806
1777266145839,20.4947
1777266145885,20.2307
1777266145909,20.4728
1777266145933,20.4864
1777266145979,20.1156
1777266146003,18.5755
1777266146048,18.4316
1777266146072,18.5129
1777266146097,18.3837
1777266146143,18.4911
1777266146167,18.4413
1777266146213,18.4273
1777266146237,18.4549
1777266146282,18.7118
1777266146306,18.9059
1777266146331,18.8873
1777266146376,18.6915
1777266146401,18.6946
1777266146446,18.3204
1777266146470,18.5113
1777266146494,18.6916
1777266146540,18.3091
1777266146565,18.5081
1777266146611,18.2288
1777266146636,18.2088
1777266146661,18.2454
1777266146706,17.8743
1777266146731,18.1726
1777266146777,18.0385
1777266146802,18.3812
1777266146826,18.2051
1777266146872,17.9647
1777266146903,18.0377
1777266146927,17.8129
1777266146973,17.7635
1777266147005,17.8200
1777266147032,18.1084
1777266147058,17.7660
1777266147104,17.6274
1777266147130,17.9732
1777266147176,17.7741
1777266147202,18.1657
1777266147228,18.2903
1777266147276,18.1138
1777266147303,18.0966
1777266147329,18.2293
1777266147376,18.4613
1777266147402,18.7818
1777266147428,19.0345
1777266147474,18.8463
1777266147500,19.0380
1777266147546,19.6731
1777266147572,20.6575
1777266147598,20.8538
1777266147625,20.8786
1777266147673,20.9044
1777266147701,21.4443
1777266147727,21.6045
1777266147773,21.6956
1777266147800,21.7955
1777266147825,22.1060
1777266147873,22.3063
1777266147900,22.5183
1777266147926,22.5568
1777266147959,23.2331
1777266148006,23.2026
1777266148033,23.4114
1777266148078,23.5768
1777266148105,24.2171
1777266148132,24.5813
1777266148168,25.1963
1777266148196,25.2080
1777266148223,25.1665
1777266148251,25.3936
1777266148299,25.0154
1777266148326,24.9874
1777266148352,24.9864
1777266148399,24.5284
1777266148425,24.5456
1777266148452,24.6141
1777266148499,24.1817
1777266148526,24.2304
1777266148552,23.9180
1777266148655,23.5755
1777266148679,23.4500
1777266148724,23.2706
1777266148749,23.5963
1777266148772,23.4051
1777266148816,22.8379
1777266148840,22.6288
1777266148884,22.4633
1777266148909,22.2935
1777266148954,22.1079
1777266148978,21.8977
1777266149002,22.0622
1777266149046,21.3316
1777266149070,21.2305
1777266149115,20.5733
1777266149164,20.2235
1777266149188,20.6078
1777266149213,20.8501
1777266149236,20.9325
1777266149281,21.1293
1777266149306,21.0254
1777266149350,20.9892
1777266149375,21.4144
1777266149399,21.2433
1777266149443,20.8684
1777266149468,21.1798
1777266149512,20.8714
1777266149537,20.8345
1777266149583,20.5189
1777266149610,20.8213
1777266149635,20.8234
1777266149681,20.6656
1777266149705,20.9225
1777266149730,20.6808
1777266149775,20.3915
1777266149799,20.7140
1777266149843,20.4663
1777266149868,20.8424
1777266149892,20.8138
1777266149937,20.4062
1777266149962,20.3486
1777266150007,20.0685
1777266150031,20.4832
1777266150076,20.4259
1777266150101,20.8646
1777266150126,20.7238
1777266150171,20.1818
1777266150195,19.4541
1777266150241,18.7906
1777266150266,18.9209
1777266150311,18.7626
1777266150335,19.1003
1777266150359,18.8637
1777266150404,18.5728
1777266150429,18.9078
1777266150475,18.7179
1777266150500,19.0845
1777266150526,19.0759
1777266150572,18.9308
1777266150597,18.8095
1777266150642,18.6898
1777266150668,19.0583
1777266150693,18.8495
1777266150739,18.6622
1777266150765,19.0356
1777266150790,18.8970
1777266150836,18.7859
1777266150861,18.8077
1777266150891,18.7833
1777266150937,18.8359
1777266150964,19.0277
1777266150989,19.2104
1777266151037,18.9914
1777266151064,19.2225
1777266151088,18.9902
1777266151134,18.7656
1777266151159,19.0895
1777266151253,19.1541
1777266151277,20.9144
1777266151300,21.7194
1777266151324,21.4150
1777266151368,21.0477
1777266151392,21.3268
1777266151437,20.9178
1777266151461,21.1632
1777266151505,20.9229
1777266151529,21.0534
1777266151552,21.2233
1777266151596,20.8622
1777266151620,20.8766
1777266151664,20.2663
1777266151688,20.1601
1777266151732,20.0228
1777266151756,19.9158
1777266151801,19.4653
1777266151825,19.8849
1777266151869,19.8345
1777266151893,19.9056
1777266151918,20.1228
1777266151963,19.7192
1777266151986,19.6484
1777266152031,19.5739
1777266152055,19.4931
1777266152100,19.1477
1777266152124,19.4830
1777266152151,19.5225
1777266152196,19.2529
1777266152221,19.3568
1777266152265,19.2175
1777266152289,17.8912
1777266152334,17.0432
1777266152362,17.5923
1777266152386,17.8281
1777266152430,17.9097
1777266152454,18.0485
1777266152479,17.9917
1777266152523,17.7720
1777266152548,17.4574
1777266152594,17.7871
1777266152618,17.9833
1777266152662,18.0627
1777266152687,18.1577
1777266152731,18.2482
1777266152758,18.3640
1777266152784,18.7963
1777266152829,18.7479
1777266152853,19.0307
1777266152898,18.7140
1777266152922,19.0098
1777266152947,19.2697
1777266152993,19.0211
1777266153018,19.3478
1777266153063,19.3438
1777266153088,19.9338
1777266153112,19.8710
1777266153157,19.5482
1777266153181,19.8111
1777266153226,19.7446
1777266153251,20.0308
1777266153277,19.8456
1777266153324,19.6373
1777266153348,19.6573
1777266153393,19.2101
1777266153418,19.6492
1777266153443,19.6773
1777266153488,19.5740
1777266153513,20.0165
1777266153582,20.0249
1777266153607,21.2493
1777266153655,21.9726
1777266153681,21.9607
1777266153706,22.2780
1777266153753,21.8544
1777266153780,21.7862
1777266153812,21.6780
1777266153877,21.8574
1777266153904,22.6821
1777266153931,23.5600
1777266153957,24.4116
1777266153983,24.5773
1777266154009,24.6961
1777266154056,24.7807
1777266154081,24.8925
1777266154108,24.7499
1777266154155,25.0998
1777266154181,25.3577
1777266154210,25.5969
1777266154235,25.3730
1777266154282,25.1713
1777266154309,25.5232
1777266154335,25.2355
1777266154382,24.8195
1777266154409,24.9125
1777266154435,24.7294
1777266154471,25.1504
1777266154519,24.8340
1777266154547,25.1966
1777266154578,25.0287
1777266154604,24.2403
1777266154652,23.6299
1777266154681,23.7733
1777266154707,24.0063
1777266154733,24.2079
1777266154779,24.1399
1777266154805,24.2826
1777266154852,24.1819
1777266154878,24.2767
1777266154905,23.6280
1777266154934,22.7870
1777266154983,22.0182
1777266155011,21.7880
1777266155040,21.9372
1777266155068,21.9090
1777266155106,22.0062
1777266155134,22.0911
1777266155183,21.6677
1777266155211,21.8145
1777266155238,22.2415
1777266155265,22.4667
1777266155313,22.2162
1777266155340,22.6734
1777266155367,22.9952
1777266155414,23.0701
1777266155442,23.4077
1777266155470,23.4848
1777266155498,23.6145
1777266155547,23.3727
1777266155576,23.4596
1777266155604,23.7340
1777266155633,24.1753
1777266155662,24.0068
1777266155710,23.4858
1777266155738,23.6914
1777266155831,24.4072
1777266155855,25.7073
1777266155899,25.1152
1777266155923,25.1214
1777266155967,25.1694
1777266155991,25.0423
1777266156035,24.6096
1777266156059,24.7474
1777266156103,24.3845
1777266156127,24.5699
1777266156151,24.6249
1777266156196,24.0882
1777266156220,23.8061
1777266156264,23.1621
1777266156288,23.2968
1777266156333,23.3315
1777266156358,23.2784
1777266156382,23.1253
1777266156427,22.7128
1777266156451,22.3541
1777266156497,22.0706
1777266156521,22.2057
1777266156565,21.9105
1777266156589,21.7270
1777266156634,21.2436
1777266156660,21.4272
1777266156684,21.5039
1777266156729,21.4109
1777266156754,21.4370
1777266156799,21.2782
1777266156823,21.4280
1777266156848,19.6221
1777266156893,19.3836
1777266156917,19.3589
1777266156962,19.5798
1777266156987,19.7139
1777266157011,19.6698
1777266157056,19.4592
1777266157081,19.4697
1777266157126,19.0174
1777266157151,19.1055
1777266157196,19.2654
1777266157221,19.4118
1777266157246,19.8089
1777266157292,19.5131
1777266157317,19.5857
1777266157342,19.4883
1777266157388,19.0617
1777266157413,19.3692
1777266157458,19.2082
1777266157483,19.5605
1777266157509,19.3683
1777266157554,19.2144
1777266157579,19.1880
1777266157624,18.9991
1777266157650,19.0387
1777266157675,18.9725
1777266157721,18.8874
1777266157746,18.8720
1777266157792,18.8465
1777266157823,18.9402
1777266157848,19.1231
1777266157873,19.5633
1777266157919,19.2698
1777266157944,19.5325
1777266157989,19.3428
1777266158014,19.6086
1777266158039,19.8547
1777266158085,19.6988
1777266158111,19.9826
1777266158137,19.8262
1777266158184,19.6800
1777266158210,19.7063
1777266158255,19.4255
1777266158282,19.9956
1777266158308,19.9860
1777266158355,20.0215
1777266158382,20.5755
1777266158409,20.6774
1777266158455,20.7555
1777266158482,20.8695
1777266158509,21.1099
1777266158536,21.2850
1777266158583,20.9002
1777266158609,21.1166
1777266158634,20.9724
1777266158687,20.9194
1777266158712,21.3609
1777266158737,21.2386
1777266158784,21.1379
1777266158810,21.1833
1777266158835,20.9804
1777266158882,20.8176
1777266158907,21.0415
1777266158932,21.0040
1777266158980,20.8631
1777266159006,20.7326
1777266159052,20.6278
1777266159087,21.2340
1777266159113,21.4022
1777266159139,21.7516
1777266159165,22.1185
1777266159212,21.7583
1777266159239,21.8503
1777266159264,21.8153
1777266159298,21.7378
1777266159345,21.6929
1777266159371,21.6385
1777266159398,21.4148
1777266159445,21.3202
1777266159471,21.3346
1777266159496,21.1566
1777266159544,20.8044
1777266159571,21.6086
1777266159598,21.5338
1777266159646,21.5440
1777266159721,21.8519
1777266159745,23.0021
1777266159769,23.7021
1777266159792,23.5557
1777266159836,23.0335
1777266159859,23.0792
1777266159903,22.7158
1777266159927,22.5558
1777266159971,22.6465
1777266159994,22.5947
1777266160038,22.4086
1777266160061,22.3238
1777266160105,21.6597
1777266160128,21.3961
1777266160172,20.9763
1777266160196,21.3484
1777266160240,21.2217
1777266160264,21.3715
1777266160308,21.1940
1777266160331,21.5705
1777266160355,21.3379
1777266160399,21.0176
1777266160423,21.1699
1777266160486,21.0163
1777266160509,22.0083
1777266160532,22.5044
1777266160556,22.3849
1777266160602,22.1819
1777266160625,22.3989
1777266160670,22.1052
1777266160694,22.0020
1777266160717,21.8426
1777266160762,20.1209
1777266160790,19.6229
1777266160834,19.7083
1777266160858,20.0487
1777266160882,20.1444
1777266160927,19.8921
1777266160951,20.1267
1777266160995,19.8233
1777266161019,20.0782
1777266161064,19.7766
1777266161088,20.0277
1777266161133,19.9679
1777266161157,20.1791
1777266161181,20.1482
1777266161226,19.9554
1777266161250,19.7804
1777266161294,19.6229
1777266161318,19.6252
1777266161363,19.3262
1777266161387,19.7289
1777266161432,19.8244
1777266161457,20.2623
1777266161481,20.2888
1777266161527,18.8978
1777266161552,18.7261
1777266161598,18.7442
1777266161622,18.8245
1777266161646,18.9023
1777266161691,18.5616
1777266161715,18.5119
1777266161761,18.6202
1777266161785,18.7670
1777266161810,18.8139
1777266161855,18.8498
1777266161879,18.8129
1777266161924,18.9233
1777266161949,19.0893
1777266161994,19.2114
1777266162018,19.3120
1777266162043,19.6860
1777266162088,19.3956
1777266162113,19.5642
1777266162158,19.3204
1777266162183,19.5348
1777266162208,19.7601
1777266162253,19.6772
1777266162278,19.9544
1777266162323,19.6934
1777266162348,20.0073
1777266162373,20.0210
1777266162419,19.7818
1777266162444,19.6464
1777266162475,19.5178
1777266162520,19.6563
1777266162545,19.7622
1777266162590,19.7031
1777266162615,19.8158
1777266162640,19.6369
1777266162686,19.7084
1777266162710,19.7436
1777266162735,19.9684
1777266162781,19.5650
1777266162805,19.4091
1777266162852,19.5174
1777266162876,19.7372
1777266162901,19.8400
1777266162946,19.3996
1777266162971,19.4390
1777266163016,19.1240
1777266163041,19.0289
1777266163087,19.1568
1777266163112,19.4180
1777266163139,19.4640
1777266163188,19.1303
1777266163215,19.3877
1777266163243,19.7775
1777266163271,19.6531
1777266163319,19.6860
1777266163345,19.8547
1777266163369,19.7517
1777266163417,20.0032
1777266163444,20.1983
1777266163470,20.2936
1777266163515,20.3866
1777266163540,20.4275
1777266163565,20.4869
1777266163611,20.1496
1777266163636,19.9939
1777266163684,20.1354
1777266163714,20.3195
1777266163746,20.8665
1777266163774,21.5344
1777266163802,21.6074
1777266163850,21.6806
1777266163878,21.8406
1777266163905,22.0411
1777266163932,22.4240
1777266163981,22.1536
1777266164010,22.8932
1777266164039,23.1243
1777266164068,23.1455
1777266164097,23.1935
1777266164146,23.0448
1777266164172,23.5798
1777266164198,23.5181
1777266164224,23.1458
1777266164270,22.7801
1777266164297,23.0283
1777266164323,22.7498
1777266164370,22.3038
1777266164396,22.4233
1777266164422,22.2113
1777266164469,21.6962
1777266164495,21.9518
1777266164521,21.6709
1777266164567,21.3613
1777266164593,21.6542
1777266164640,21.4070
1777266164665,21.7721
1777266164691,21.8449
1777266164739,21.5781
1777266164764,21.2378
1777266164790,21.1970
1777266164837,21.1419
1777266164862,21.2215
1777266164888,20.8701
1777266164935,20.5080
1777266164960,20.7263
1777266164986,20.7609
1777266165032,20.2835
1777266165057,19.8825
1777266165103,19.8333
1777266165187,20.2033
1777266165213,21.9245
1777266165237,22.5716
1777266165260,22.5243
1777266165304,22.2130
1777266165328,22.8895
1777266165372,22.5779
1777266165395,22.6446
1777266165439,22.4559
1777266165462,22.7994
1777266165506,22.5730
1777266165530,22.7546
1777266165574,23.0865
1777266165598,23.5569
1777266165622,23.3177
1777266165669,22.8283
1777266165693,22.7325
1777266165737,22.5457
1777266165761,22.4418
1777266165805,22.1317
1777266165829,22.3859
1777266165873,22.1678
1777266165897,22.7751
1777266165920,22.6353
1777266165965,22.1517
1777266165989,22.1200
1777266166033,22.0733
1777266166057,22.1096
1777266166102,21.9048
1777266166125,21.6501
1777266166170,21.2483
1777266166193,21.3017
1777266166217,19.0462
1777266166262,18.6450
1777266166286,18.7242
1777266166330,18.5209
1777266166354,18.7097
1777266166399,18.3474
1777266166423,18.5606
1777266166468,18.3106
1777266166493,18.4455
1777266166517,18.3731
1777266166562,18.1065
1777266166586,18.0658
1777266166631,17.7691
1777266166655,18.1034
1777266166699,17.9667
1777266166723,18.2626
1777266166769,18.1162
1777266166794,18.3381
1777266166821,18.3294
1777266166868,18.2454
1777266166894,18.3612
1777266166919,18.3581
1777266166964,18.4076
1777266166989,18.5437
1777266167034,18.6377
1777266167059,18.7102
1777266167084,19.0361
1777266167129,18.7859
1777266167154,18.9587
1777266167200,18.9478
1777266167234,19.7663
1777266167259,20.0491
1777266167283,20.1968
1777266167329,20.2550
1777266167354,20.3226
1777266167380,20.4107
1777266167426,20.0090
1777266167451,20.2056
1777266167496,20.0262
1777266167522,20.5281
1777266167546,20.4342
1777266167592,20.3692
1777266167617,20.6845
1777266167711,20.4877
1777266167739,23.6221
1777266167766,24.1150
1777266167792,24.3282
1777266167817,24.3252
1777266167843,24.0982
1777266167891,24.0010
1777266167918,24.1149
1777266167944,24.3430
1777266168005,23.9979
1777266168032,24.8108
1777266168058,24.9670
1777266168084,25.2950
1777266168110,25.4765
1777266168156,25.2888
1777266168182,25.5389
1777266168210,25.2004
1777266168257,24.5473
1777266168284,24.7397
1777266168310,24.9605
1777266168362,24.5572
1777266168391,25.8473
1777266168416,25.9192
1777266168442,25.8824
1777266168489,26.0432
1777266168514,26.1139
1777266168540,26.0546
1777266168586,25.9998
1777266168611,25.9974
1777266168637,26.0047
1777266168684,25.3838
1777266168709,25.2498
1777266168756,23.2756
1777266168785,22.1835
1777266168811,22.2957
1777266168836,22.1211
1777266168883,22.2813
1777266168909,22.2584
1777266168935,22.1946
1777266168981,22.1112
1777266169017,22.1918
1777266169042,21.8211
1777266169068,21.2077
1777266169116,20.8174
1777266169142,21.0614
1777266169168,20.8869
1777266169214,20.7066
1777266169239,20.8999
1777266169285,20.6396
1777266169311,20.6158
1777266169337,21.0410
1777266169384,20.7833
1777266169421,20.1266
1777266169448,20.5941
1777266169474,20.8406
1777266169499,20.6320
1777266169547,20.4349
1777266169573,20.8240
1777266169600,20.6713
1777266169648,20.4864
1777266169675,20.9254
1777266169702,20.9734
1777266169753,20.9530
1777266169782,21.0777
1777266169811,21.0557
1777266169837,21.1318
1777266169887,21.3237
1777266169916,21.4732
1777266169945,21.9160
1777266169974,22.4788
1777266170073,22.8590
1777266170098,23.6713
1777266170142,23.7630
1777266170165,23.8852
1777266170209,23.9394
1777266170232,23.9367
1777266170276,23.8915
1777266170300,23.8596
1777266170344,23.8052
1777266170368,24.0290
1777266170391,23.8639
1777266170436,23.4331
1777266170460,22.8562
1777266170504,22.6333
1777266170527,22.9102
1777266170571,22.5203
1777266170596,22.6291
1777266170641,22.6897
1777266170664,22.7076
1777266170688,22.5880
1777266170732,22.5417
1777266170756,22.2252
1777266170801,21.6259
1777266170825,21.5866
1777266170870,21.4268
1777266170895,21.4607
1777266170919,21.0800
1777266170964,20.3107
1777266170989,19.9709
1777266171034,19.7809
1777266171058,19.4175
1777266171104,18.8654
1777266171127,19.0404
1777266171151,18.8890
1777266171196,18.7199
1777266171221,18.6973
1777266171266,18.5206
1777266171290,18.5936
1777266171315,18.4583
1777266171359,18.0670
1777266171384,17.8330
1777266171429,17.9340
1777266171454,18.1119
1777266171500,18.2126
1777266171525,18.3448
1777266171550,18.5320
1777266171595,18.2372
1777266171620,18.3068
1777266171666,18.2219
1777266171691,18.4870
1777266171716,18.8119
1777266171762,18.6887
1777266171787,19.0610
1777266171811,18.8288
1777266171857,18.6758
1777266171882,18.6364
1777266171929,18.3454
1777266171955,18.7959
1777266171986,19.1148
1777266172012,19.1619
1777266172058,19.0317
1777266172083,19.1232
1777266172130,18.7561
1777266172155,19.0230
1777266172179,19.3600
1777266172225,19.0998
1777266172251,19.4401
1777266172277,19.4864
1777266172324,19.1653
1777266172350,19.7391
1777266172375,19.6008
1777266172425,19.8244
1777266172450,19.8798
1777266172476,19.9812
1777266172522,19.6730
1777266172548,19.6382
1777266172573,19.8051
1777266172619,19.4619
1777266172644,19.6017
1777266172690,19.3354
1777266172715,19.5379
1777266172741,19.7245
1777266172787,19.3381
1777266172812,19.5809
1777266172838,19.7786
1777266172884,19.3765
1777266172910,19.6282
1777266172958,19.5052
1777266172985,19.5288
1777266173013,19.5631
1777266173060,19.7803
1777266173087,20.0500
1777266173113,20.2424
1777266173139,20.0431
1777266173186,19.4877
1777266173213,19.7456
1777266173249,20.0180
1777266173277,19.9872
1777266173304,20.1972
1777266173351,20.0477
1777266173376,20.1848
1777266173422,20.2022
1777266173448,20.2852
1777266173474,20.3254
1777266173522,20.3598
1777266173548,20.4636
1777266173575,20.6968
1777266173601,21.0199
1777266173647,20.7585
1777266173673,20.8993
1777266173720,20.4746
1777266173749,20.7443
1777266173776,21.1102
1777266173803,20.9798
1777266173852,20.8385
1777266173884,21.6613
1777266173911,21.9568
1777266173945,22.0935
1777266173973,22.0961
1777266174001,21.8461
1777266174049,21.6968
1777266174075,21.6840
1777266174102,21.4577
1777266174151,21.3271
1777266174179,21.9410
1777266174206,22.1065
1777266174234,22.0431
1777266174290,21.6022
1777266174321,22.5145
1777266174350,23.1583
1777266174377,23.3583
1777266174404,23.5465
1777266174431,23.2960
1777266174483,22.7675
1777266174517,23.5408
1777266174544,23.6675
1777266174571,23.6018
1777266174597,23.5841
1777266174649,23.6728
1777266174744,26.4067
1777266174767,26.3177
1777266174790,26.5023
1777266174834,26.2731
1777266174857,26.0029
1777266174901,25.2362
1777266174925,25.0036
1777266174970,24.6945
1777266174994,24.8326
1777266175039,24.8286
1777266175063,24.7045
1777266175108,24.4145
1777266175132,24.8346
1777266175160,24.6946
1777266175204,24.1764
1777266175229,24.1738
1777266175273,24.1097
1777266175297,24.1788
1777266175322,23.2209
1777266175366,22.4415
1777266175391,22.0764
1777266175436,21.8937
1777266175461,22.2443
1777266175506,22.1359
1777266175530,21.7036
1777266175554,21.5388
1777266175602,21.3795
1777266175627,21.7356
1777266175672,21.4737
1777266175697,21.6208
1777266175722,21.5374
1777266175768,18.7802
1777266175793,18.8360
1777266175818,19.0166
1777266175863,18.9351
1777266175888,19.1536
1777266175933,19.1035
1777266175958,19.4529
1777266176003,19.3110
1777266176028,19.6943
1777266176052,19.8228
1777266176097,19.7694
1777266176122,19.8112
1777266176168,19.6060
1777266176192,20.2667
1777266176217,20.2220
1777266176262,20.1812
1777266176294,20.1218
1777266176319,20.2724
1777266176365,20.4109
1777266176390,20.5413
1777266176415,21.0314
1777266176461,20.6985
1777266176486,20.9390
1777266176532,20.7449
1777266176557,21.0450
1777266176582,21.2494
1777266176628,20.9300
1777266176653,21.1773
1777266176678,21.0166
1777266176724,20.5291
1777266176750,20.9215
1777266176796,20.8259
1777266176820,21.3957
1777266176845,21.3950
1777266176891,21.2128
1777266176938,21.6890
1777266176963,21.9361
1777266176989,22.4868
1777266177014,22.6623
1777266177039,22.4269
1777266177085,22.0545
1777266177111,21.9779
1777266177158,21.9140
1777266177184,21.9552
1777266177210,21.9280
1777266177257,22.0025
1777266177282,22.0470
1777266177308,21.9377
1777266177354,21.8335
1777266177379,21.8118
1777266177425,21.5042
1777266177451,22.0480
1777266177476,22.0366
1777266177523,21.9629
1777266177549,21.8683
1777266177575,21.8083
1777266177622,21.7571
1777266177648,21.7651
1777266177673,21.7686
1777266177720,21.7920
1777266177747,21.9209
1777266177772,21.8476
1777266177819,21.6601
1777266177845,21.6283
1777266177875,21.7575
1777266177923,21.5420
1777266177949,21.4490
1777266177975,20.8850
1777266178022,20.7367
1777266178049,21.2828
1777266178075,21.3800
1777266178106,21.5674
1777266178155,21.6743
1777266178181,21.8501
1777266178208,21.9355
1777266178235,22.0705
1777266178283,21.6763
1777266178319,22.3478
1777266178345,22.6283
1777266178372,22.8081
1777266178399,22.8747
1777266178447,22.4447
1777266178475,22.4335
1777266178507,22.5986
1777266178534,22.4478
1777266178582,22.2829
1777266178610,22.7436
1777266178637,22.6971
1777266178664,22.4766
1777266178712,22.5496
1777266178742,22.7684
1777266178769,22.7444
1777266178797,23.0375
1777266178846,22.7993
1777266178873,23.0581
1777266178901,23.2169
1777266178949,23.0245
1777266178976,23.1485
1777266179003,23.3431
1777266179036,23.3108
1777266179063,23.2910
1777266179111,23.0223
1777266179140,23.3809
1777266179167,23.2623
1777266179195,23.0514
1777266179244,22.8796
1777266179272,23.2657
1777266179300,23.2712
1777266179328,22.9071
1777266179377,22.3421
1777266179404,22.4364
1777266179431,22.8897
1777266179458,22.7614
1777266179508,22.6002
1777266179536,22.7702
1777266179562,23.0442
1777266179610,22.7610
1777266179639,22.8761
1777266179666,23.2212
1777266179694,23.6187
1777266179743,23.5501
1777266179770,23.7068
1777266179799,23.9430
1777266179848,24.1950
1777266179878,24.5284
1777266179906,24.8603
1777266179934,25.3410
1777266179962,25.2668
1777266179988,25.1118
1777266180037,24.6809
1777266180065,24.8621
1777266180093,25.1293
1777266180121,24.7537
1777266180170,24.3964
1777266180197,24.6973
1777266180223,24.9383
1777266180272,24.6452
1777266180300,24.6837
1777266180328,25.0470
1777266180355,25.2948
1777266180403,25.1170
1777266180430,25.2530
1777266180479,25.4378
1777266180508,26.1168
1777266180536,26.4385
1777266180564,26.7711
1777266180591,27.1481
1777266180618,27.0515
1777266180667,26.5649
1777266180694,26.6578
1777266180722,26.8206
1777266180750,26.4066
1777266180836,26.4346
1777266180859,27.5222
1777266180882,27.6092
1777266180905,27.0740
1777266180949,26.4212
1777266180973,26.2322
1777266181016,25.8614
1777266181040,26.2389
1777266181084,25.8631
1777266181108,26.1047
1777266181132,25.8286
1777266181177,25.5737
1777266181200,25.2884
1777266181245,25.2370
1777266181268,25.0482
1777266181312,24.4506
1777266181336,24.1405
1777266181380,23.7683
1777266181404,23.8973
1777266181449,23.4775
1777266181473,23.4506
1777266181517,22.8537
1777266181541,22.4545
1777266181566,21.9398
1777266181610,21.3030
1777266181635,21.0944
1777266181679,21.0526
1777266181703,20.8692
1777266181748,20.7710
1777266181772,21.1130
1777266181796,21.0019
1777266181841,20.7146
1777266181865,19.1243
1777266181910,18.2206
1777266181935,18.5228
1777266181980,18.3593
1777266182004,18.6099
1777266182030,18.5953
1777266182075,18.4478
1777266182099,18.4459
1777266182144,18.4472
1777266182168,18.9677
1777266182192,18.9841
1777266182237,18.9124
1777266182262,18.8926
1777266182307,18.8966
1777266182332,18.9647
1777266182377,19.2250
1777266182402,19.4579
1777266182426,19.5000
1777266182472,19.1196
1777266182497,19.2961
1777266182542,19.0568
1777266182567,19.2230
1777266182592,19.5031
1777266182638,19.2267
1777266182663,19.5307
1777266182709,19.6270
1777266182733,19.9507
1777266182757,19.8954
1777266182803,19.5636
1777266182828,19.9689
1777266182874,19.8241
1777266182899,20.2452
1777266182925,20.2923
1777266182970,20.1912
1777266182995,20.2263
1777266183020,20.0590
1777266183122,20.2910
1777266183189,25.0223
1777266183215,25.2836
1777266183261,24.7936
1777266183287,25.2836
1777266183333,24.9537
1777266183359,25.4085
1777266183388,25.4156
1777266183413,25.1947
1777266183460,25.4661
1777266183486,25.4731
1777266183511,25.5115
1777266183558,24.9787
1777266183583,25.0600
1777266183629,25.1685
1777266183654,25.2397
1777266183679,25.4757
1777266183726,25.0617
1777266183751,25.2023
1777266183779,24.9799
1777266183828,25.2451
1777266183854,25.6296
1777266183879,25.4279
1777266183926,25.0178
1777266183952,25.4852
1777266183977,25.5627
1777266184023,25.1282
1777266184049,25.7608
1777266184074,25.5275
1777266184121,24.8054
1777266184146,23.4039
1777266184172,23.1843
1777266184218,20.1566
1777266184245,20.4582
1777266184292,20.2342
1777266184318,20.6312
1777266184344,20.6925
1777266184391,20.3303
1777266184416,20.6146
1777266184442,20.7674
1777266184489,20.4693
1777266184516,20.7281
1777266184543,21.0058
1777266184590,20.7285
1777266184616,20.9919
1777266184646,21.0956
1777266184673,21.0562
1777266184721,21.1358
1777266184748,21.2423
1777266184774,21.2577
1777266184822,21.1531
1777266184855,21.2038
1777266184882,21.3964
1777266184909,21.8532
1777266184936,21.6534
1777266184983,21.2105
1777266185011,21.5440
1777266185041,21.4743
1777266185070,21.5131
1777266185118,21.6171
1777266185145,21.7230
1777266185172,21.8405
1777266185221,21.9734
1777266185254,22.1354
1777266185285,22.9058
1777266185313,23.0287
1777266185341,22.9420
1777266185368,22.9239
1777266185417,22.4270
1777266185444,22.5405
1777266185471,22.7098
1777266185519,22.4647
1777266185547,22.9413
1777266185574,23.0026
1777266185602,22.9040
1777266185651,22.4768
1777266185677,22.7874
1777266185705,22.9370
1777266185732,22.6836
1777266185782,22.3826
1777266185811,22.7304
1777266185840,22.6655
1777266185868,22.2500
1777266185917,21.8851
1777266185945,22.1603
1777266185973,22.6958
1777266186001,22.5849
1777266186050,22.4299
1777266186079,22.6476
1777266186106,22.9533
1777266186135,22.7964
1777266186184,22.5207
1777266186213,23.2042
1777266186302,22.9099
1777266186325,22.8215
1777266186369,22.8784
1777266186392,23.3216
1777266186436,23.0228
1777266186460,23.0862
1777266186503,23.1051
1777266186528,23.1634
1777266186551,22.9298
1777266186595,22.4444
1777266186618,22.3148
1777266186662,22.2082
1777266186686,21.9020
1777266186730,21.7532
1777266186753,22.0482
1777266186797,21.6759
1777266186820,21.5014
1777266186865,21.1797
1777266186889,21.3636
1777266186933,21.5214
1777266186957,21.2939
1777266186981,21.1971
1777266187025,20.9710
1777266187049,20.8725
1777266187093,20.2885
1777266187117,20.0922
1777266187162,20.0348
1777266187186,20.1020
1777266187230,19.6310
1777266187254,19.4587
1777266187278,19.5083
1777266187324,18.8914
1777266187349,18.8784
1777266187394,18.5560
1777266187418,18.7730
1777266187463,18.5949
1777266187488,18.7196
1777266187512,18.6806
1777266187557,18.4241
1777266187583,18.6179
1777266187628,18.8050
1777266187652,19.2287
1777266187677,19.2260
1777266187723,19.2177
1777266187748,19.2318
1777266187793,19.3089
1777266187817,19.4019
1777266187842,19.7364
1777266187887,19.4359
1777266187912,19.3577
1777266187957,19.2953
1777266187982,19.3717
1777266188006,19.6318
1777266188052,19.4609
1777266188077,19.7726
1777266188123,19.5334
1777266188148,19.9017
1777266188173,19.9669
1777266188220,19.8990
1777266188245,19.9904
1777266188270,19.8807
1777266188315,19.8823
1777266188340,20.0149
1777266188385,20.0200
1777266188409,20.0721
1777266188434,20.1348
1777266188480,19.7273
1777266188505,19.5166
1777266188551,19.3814
1777266188576,19.4802
1777266188601,19.4521
1777266188648,19.1437
1777266188673,19.0951
1777266188720,19.2123
1777266188746,19.3751
1777266188771,19.5653
1777266188819,19.3375
1777266188846,19.5535
1777266188872,19.8628
1777266188918,19.8631
1777266188944,20.2364
1777266188970,20.2349
1777266189016,20.1077
1777266189041,20.6035
1777266189066,20.5418
1777266189112,20.4761
1777266189138,20.5129
1777266189164,20.3051
1777266189211,20.2438
1777266189236,20.2613
1777266189266,20.3115
1777266189313,20.5423
1777266189339,20.7833
1777266189365,20.9474
1777266189411,20.6702
1777266189438,20.8043
1777266189465,21.1465
1777266189513,20.8722
1777266189539,21.4459
1777266189564,21.4649
1777266189610,21.3964
1777266189634,21.7919
1777266189661,21.6002
1777266189709,21.6462
1777266189733,21.6331
1777266189758,21.2565
1777266189803,21.0775
1777266189828,21.0011
1777266189874,20.4217
1777266189899,20.6858
1777266189924,20.5104
1777266189969,20.0611
1777266189994,20.1944
1777266190039,19.9324
1777266190064,19.8501
1777266190089,19.9518
1777266190134,19.5439
1777266190159,19.4247
1777266190205,19.5006
1777266190230,19.6714
1777266190255,19.5530
1777266190301,19.3590
1777266190329,19.2329
1777266190356,19.1183
1777266190403,19.0207
1777266190430,19.1027
1777266190457,19.1160
1777266190511,19.0405
1777266190537,19.3536
1777266190564,19.4564
1777266190592,19.5470
1777266190641,19.2805
1777266190668,19.6511
1777266190694,19.9072
1777266190720,19.6937
1777266190768,19.5102
1777266190793,19.9507
1777266190819,20.0605
1777266190866,20.0121
1777266190892,20.0443
1777266190923,19.9140
1777266190976,20.3310
1777266191002,20.6357
1777266191028,21.2922
1777266191054,21.2295
1777266191101,21.0915
1777266191126,21.6251
1777266191164,22.5540
1777266191190,22.5883
1777266191216,22.4799
1777266191263,22.3649
1777266191289,22.7734
1777266191391,22.5937
1777266191413,24.5004
1777266191457,24.0446
1777266191480,24.2853
1777266191524,24.0185
1777266191547,23.6098
1777266191591,23.3649
1777266191614,23.5070
1777266191657,23.0727
1777266191680,22.7620
1777266191725,22.5194
1777266191748,22.8615
1777266191791,22.6545
1777266191814,22.6199
1777266191858,22.8047
1777266191882,22.9095
1777266191926,22.8358
1777266191949,22.9126
1777266191972,22.6001
1777266192016,21.8202
1777266192040,21.2307
1777266192084,20.9861
1777266192107,20.9222
1777266192151,20.5347
1777266192175,19.9991
1777266192219,19.6226
1777266192242,19.9001
1777266192286,19.4757
1777266192309,19.5661
1777266192353,19.2850
1777266192377,19.3397
1777266192421,17.6162
1777266192444,17.9818
1777266192488,18.0444
1777266192512,18.3693
1777266192535,18.2595
1777266192579,18.1446
1777266192603,18.0085
1777266192647,17.9296
1777266192671,17.9106
1777266192715,17.8062
1777266192739,17.8375
1777266192783,17.7288
1777266192807,17.7876
1777266192851,17.8806
1777266192875,17.9054
1777266192899,17.9063
1777266192943,17.4964
1777266192967,17.4159
1777266193011,17.4514
1777266193035,17.4410
1777266193079,17.5624
1777266193103,17.6543
1777266193150,17.9002
1777266193174,18.1973
1777266193198,18.3431
1777266193242,17.9312
1777266193266,18.1957
1777266193311,17.9473
1777266193335,18.1393
1777266193380,17.9510
1777266193404,18.2175
1777266193428,18.0820
1777266193473,17.8322
1777266193497,17.5966
1777266193542,17.5160
1777266193566,17.9549
1777266193611,17.8482
1777266193635,18.3289
1777266193659,18.2256
1777266193705,18.2036
1777266193729,18.2285
1777266193774,18.2064
1777266193799,18.3476
1777266193823,18.2335
1777266193868,17.8371
1777266193892,17.8483
1777266193937,18.0268
1777266193962,18.1179
1777266194007,18.2588
1777266194031,18.3863
1777266194056,18.7553
1777266194103,18.4233
1777266194128,18.5230
1777266194173,18.2222
1777266194198,18.4906
1777266194222,18.7561
1777266194268,18.4673
1777266194293,18.7357
1777266194338,18.4914
1777266194363,18.8416
1777266194387,18.7858
1777266194433,18.5983
1777266194458,18.8609
1777266194504,18.8930
1777266194529,19.3506
1777266194554,19.2312
1777266194600,19.0942
1777266194625,19.1267
1777266194671,18.7844
1777266194696,19.4037
1777266194720,19.4459
1777266194766,19.4948
1777266194791,19.5590
1777266194816,19.4512
1777266194861,19.5036
1777266194886,19.5218
1777266194932,19.5034
1777266194965,19.6687
1777266194991,19.9593
1777266195015,19.9391
1777266195061,19.5898
1777266195087,19.9751
1777266195113,19.8535
1777266195161,19.7044
1777266195188,19.6545
1777266195215,19.5881
1777266195263,19.5883
1777266195291,19.6721
1777266195319,20.0224
1777266195346,19.7813
1777266195394,19.4855
1777266195422,19.6884
1777266195450,19.6764
1777266195500,19.6893
1777266195528,19.8007
1777266195556,19.8465
1777266195583,20.0856
1777266195630,19.8594
1777266195657,20.2385
1777266195685,20.3089
1777266195713,20.1360
1777266195762,20.0564
1777266195789,20.0968
1777266195816,20.3818
1777266195844,20.5509
1777266195892,20.2345
1777266195919,20.5472
1777266195944,20.4256
1777266195993,19.9114
1777266196023,20.1128
1777266196049,20.6193
1777266196075,20.5579
1777266196173,20.9844
1777266196196,20.8516
1777266196242,21.2476
1777266196266,21.3943
1777266196289,21.1757
1777266196334,20.6077
1777266196357,20.7354
1777266196402,20.7038
1777266196429,20.6461
1777266196474,20.4035
1777266196497,20.7104
1777266196521,20.5797
1777266196565,19.8059
1777266196589,20.0043
1777266196633,19.7199
1777266196656,19.5516
1777266196701,19.0959
1777266196724,19.1260
1777266196768,19.0074
1777266196792,18.8025
1777266196836,18.5622
1777266196860,19.2289
1777266196904,19.1472
1777266196928,19.2478
1777266196952,19.4567
1777266196996,19.2127
1777266197019,18.8762
1777266197064,18.3216
1777266197087,18.2518
1777266197132,18.3248
1777266197155,18.3860
1777266197200,17.9555
1777266197223,18.1030
1777266197268,17.7323
1777266197291,17.9191
1777266197315,18.0912
1777266197359,17.7207
1777266197383,17.9000
1777266197429,17.5735
1777266197453,17.5612
1777266197481,17.5077
1777266197525,17.1832
1777266197549,17.4736
1777266197594,17.2977
1777266197618,17.5865
1777266197662,17.3077
1777266197691,17.7116
1777266197715,17.6840
1777266197760,17.5067
1777266197784,17.5689
1777266197828,17.4798
1777266197852,17.5133
1777266197897,17.4352
1777266197921,17.3435
1777266197944,17.2451
1777266197989,17.1634
1777266198013,17.1099
1777266198058,17.0588
1777266198082,17.0700
1777266198112,17.1535
1777266198156,16.7688
1777266198181,16.8035
1777266198225,16.3832
1777266198250,16.5673
1777266198295,16.3546
1777266198325,16.5272
1777266198349,17.0943
1777266198394,17.1419
1777266198418,17.7288
1777266198442,17.6562
1777266198487,17.3032
1777266198511,17.5237
1777266198556,17.5087
1777266198581,17.8492
1777266198625,17.6199
1777266198650,17.9288
1777266198674,17.8945
1777266198721,17.5081
1777266198746,17.9084
1777266198790,17.8835
1777266198815,18.1974
1777266198839,17.9873
1777266198885,17.7969
1777266198909,17.7408
1777266198955,17.5055
1777266198979,17.9393
1777266199024,18.0493
1777266199050,18.7315
1777266199076,18.7284
1777266199122,18.7285
1777266199148,19.3861
1777266199173,19.4938
1777266199218,19.4817
1777266199244,19.4977
1777266199290,19.5281
1777266199315,19.6787
1777266199340,19.5696
1777266199387,19.4181
1777266199412,19.5411
1777266199437,19.5192
1777266199483,19.6348
1777266199508,19.8230
1777266199533,19.8718
1777266199579,19.4572
1777266199605,19.6129
1777266199651,19.3775
1777266199676,19.7645
1777266199701,19.7664
1777266199747,19.5596
1777266199774,19.7140
1777266199799,19.6148
1777266199845,19.3954
1777266199870,19.7673
1777266199916,19.6209
1777266199942,20.0188
1777266199967,20.0657
1777266200012,19.9628
1777266200037,19.7339
1777266200062,19.6840
1777266200109,19.5932
1777266200134,19.4568
1777266200180,19.3074
1777266200206,19.7702
1777266200231,19.7662
1777266200278,19.6368
1777266200304,19.7578
1777266200329,19.5490
1777266200375,19.6796
1777266200402,19.5079
1777266200431,19.6162
1777266200477,19.6549
1777266200502,19.6848
1777266200590,19.7355
1777266200614,22.1718
1777266200638,22.3689
1777266200661,22.1874
1777266200706,21.7981
1777266200730,22.0559
1777266200774,21.7182
1777266200798,21.7563
1777266200843,21.7843
1777266200867,21.7714
1777266200912,21.9792
1777266200935,22.0664
1777266200959,21.9302
1777266201003,21.8401
1777266201028,21.7484
1777266201072,21.6303
1777266201096,21.9486
1777266201141,21.6272
1777266201165,21.8766
1777266201210,21.6103
1777266201237,21.6075
1777266201262,22.0671
1777266201307,21.8642
1777266201332,21.9878
1777266201357,22.0468
1777266201401,21.7979
1777266201426,21.6807
1777266201471,21.6505
1777266201496,21.6389
1777266201542,21.4690
1777266201566,21.6407
1777266201591,21.6351
1777266201637,19.7502
1777266201662,19.6963
1777266201707,19.8824
1777266201732,20.1401
1777266201756,20.3264
1777266201801,19.9317
1777266201827,20.1818
1777266201872,19.9299
1777266201897,19.9658
1777266201922,19.9833
1777266201967,19.6301
1777266201992,19.9875
1777266202037,19.8749
1777266202062,20.2161
1777266202087,20.0468
1777266202132,19.8974
1777266202157,19.8865
1777266202203,19.6347
1777266202228,19.7062
1777266202253,19.7089
1777266202298,19.4962
1777266202323,19.5159
1777266202369,19.3890
1777266202393,19.8354
1777266202418,19.7319
1777266202464,19.6120
1777266202489,19.5728
1777266202535,19.6806
1777266202560,19.7891
1777266202584,19.7313
1777266202630,19.6741
1777266202655,19.7536
1777266202701,19.7058
1777266202726,19.7100
1777266202751,19.7357
1777266202797,19.7686
1777266202823,19.8401
1777266202848,20.0612
1777266202893,19.8883
1777266202919,19.7536
1777266202946,19.8769
1777266202992,19.6656
1777266203017,19.8605
1777266203063,19.6366
1777266203089,19.7270
1777266203114,20.1898
1777266203164,19.9451
1777266203190,20.4137
1777266203215,20.4619
1777266203263,20.3007
1777266203290,20.7218
1777266203317,20.6245
1777266203363,20.6492
1777266203390,20.7705
1777266203415,20.9089
1777266203462,21.0237
1777266203488,21.2100
1777266203514,21.3607
1777266203561,21.0990
1777266203588,21.3065
1777266203614,21.5770
1777266203640,21.3509
1777266203686,21.1349
1777266203711,21.0956
1777266203761,20.6851
1777266203789,21.4407
1777266203814,21.4717
1777266203840,21.3641
1777266203886,21.2992
1777266203911,21.3753
1777266203958,21.2737
1777266203983,21.7938
1777266204008,21.7368
1777266204055,21.6607
1777266204080,21.6841
1777266204105,21.5213
1777266204152,21.4490
1777266204181,21.4551
1777266204210,21.5274
1777266204235,21.3399
1777266204282,20.9941
1777266204308,20.9948
1777266204334,20.9631
1777266204381,20.5381
1777266204417,20.4971
1777266204443,20.5346
1777266204469,20.4568
1777266204516,20.1878
1777266204543,20.4569
1777266204569,20.0508
1777266204616,19.8207
1777266204642,20.0541
1777266204668,20.2733
1777266204716,19.9265
1777266204743,20.1953
1777266204769,19.9625
1777266204818,19.6262
1777266204845,19.8707
1777266204872,20.1856
1777266204920,20.0899
1777266204947,20.4558
1777266204974,20.4265
1777266205001,20.0505
1777266205049,19.9813
1777266205076,20.1000
1777266205102,20.1113
1777266205151,20.3672
1777266205177,20.5958
1777266205204,20.4492
1777266205252,20.7387
1777266205279,21.0274
1777266205307,21.0581
1777266205334,21.1315
1777266205382,21.2210
1777266205409,21.3039
1777266205436,21.4087
1777266205474,21.7271
1777266205501,21.9134
1777266205549,21.7940
1777266205578,22.1507
1777266205604,22.5660
1777266205632,22.4026
1777266205680,22.3215
1777266205708,22.9241
1777266205736,23.0573
1777266205763,23.0305
1777266205812,23.1618
1777266205839,23.2664
1777266205867,23.1590
1777266205916,23.2879
1777266205943,23.3998
1777266205970,23.4795
1777266205997,23.7567
1777266206046,23.7611
1777266206074,23.8104
1777266206106,24.1526
1777266206134,24.3560
1777266206161,23.9620
1777266206210,23.6381
1777266206237,23.9000
1777266206264,23.6510
1777266206313,23.1984
1777266206342,23.9902
1777266206369,24.0584
1777266206396,23.9621
1777266206445,23.7324
1777266206472,23.7252
1777266206499,23.6697
1777266206526,23.8172
1777266206575,23.4037
1777266206603,23.2530
1777266206630,23.3638
1777266206678,23.5580
1777266206708,23.4474
1777266206735,23.7024
1777266206762,23.7091
1777266206810,23.7067
1777266206836,23.7039
1777266206864,23.6938
1777266206890,23.6194
1777266206998,23.1788
1777266207020,23.4229
1777266207064,23.1977
1777266207087,22.7933
1777266207131,22.4945
1777266207153,22.6504
1777266207197,22.6994
1777266207220,22.6747
1777266207264,22.3077
1777266207287,22.7021
1777266207331,22.5288
1777266207354,22.3622
1777266207398,22.1080
1777266207421,22.4073
1777266207444,22.1904
1777266207489,21.4108
1777266207513,21.3405
1777266207556,21.2412
1777266207579,21.1335
1777266207623,20.5996
1777266207646,20.3579
1777266207690,20.1434
1777266207714,19.8516
1777266207757,19.2815
1777266207781,19.4350
1777266207824,19.1175
1777266207848,18.8878
1777266207892,18.6142
1777266207915,18.9151
1777266207959,18.6868
1777266207983,18.7695
1777266208027,18.4509
1777266208051,18.7758
1777266208075,18.6437
1777266208119,18.4537
1777266208143,18.2323
1777266208187,18.0507
1777266208210,17.9684
1777266208255,17.6627
1777266208279,17.6804
1777266208324,17.4576
1777266208350,17.7823
1777266208377,17.9302
1777266208425,17.9433
1777266208451,18.4784
1777266208478,18.9938
1777266208525,18.8814
1777266208552,19.4719
1777266208579,20.0594
1777266208605,20.1582
1777266208652,19.7063
1777266208679,20.0557
1777266208706,20.0273
1777266208753,20.1930
1777266208780,20.3763
1777266208807,20.6135
1777266208855,20.3829
1777266208882,20.7926
1777266208909,21.2840
1777266208937,21.3154
1777266208984,20.9485
1777266209013,21.0864
1777266209041,21.1296
1777266209089,21.2156
1777266209116,21.8119
1777266209144,22.0020
1777266209172,22.2019
1777266209224,22.0339
1777266209252,22.5514
1777266209279,22.8515
1777266209309,23.2385
1777266209337,23.1007
1777266209386,23.0166
1777266209414,23.3003
1777266209441,23.1355
1777266209469,22.9860
1777266209517,22.8588
1777266209546,22.8957
1777266209574,22.9879
1777266209603,22.9015
1777266209652,23.3890
1777266209680,23.6829
1777266209708,23.8212
1777266209757,24.0407
1777266209786,24.2321
1777266209814,24.7167
1777266209842,25.2399
1777266209878,25.0750
1777266209915,25.3061
1777266209945,25.6610
1777266209975,26.3301
1777266210005,26.3733
1777266210034,26.3341
1777266210085,26.4390
1777266210114,26.5053
1777266210144,26.7510
1777266210175,27.1641
1777266210205,27.6381
1777266210251,27.5284
1777266210278,27.7250
1777266210306,27.9463
1777266210335,28.0127
1777266210364,28.2349
1777266210415,27.9572
1777266210445,28.1966
1777266210475,28.7163
1777266210517,29.7661
1777266210546,30.2223
1777266210577,30.5260
1777266210607,30.8296
1777266210637,31.2357
1777266210667,31.0810
1777266210697,30.7891
1777266210748,31.0000
1777266210778,31.0445
1777266210809,31.1783
1777266210839,31.1575
1777266210871,31.2882
1777266210912,31.5024
1777266210943,31.7482
1777266210974,31.9122
1777266211005,32.1586
1777266211036,32.3830
1777266211067,32.6621
1777266211098,32.3635
1777266211128,32.1540
1777266211159,31.5819
1777266211191,31.0758
1777266211222,30.7465
1777266211274,30.2455
1777266211305,30.0719
1777266211335,30.2562
1777266211365,30.4112
1777266211396,30.6176
1777266211428,30.3799
1777266211460,30.0724
1777266211492,29.5827
1777266211524,28.7680
1777266211565,28.1616
1777266211598,28.0267
1777266211630,27.9941
1777266211663,28.0573
1777266211695,28.1360
1777266211727,28.2630
1777266211866,30.3539
1777266211892,30.1461
1777266211918,30.0573
1777266211945,29.4351
1777266211993,28.9335
1777266212021,28.8662
1777266212048,28.7203
1777266212076,28.4291
1777266212126,28.1770
1777266212153,28.2219
1777266212181,28.8847
1777266212208,29.1817
1777266212256,28.5820
1777266212284,29.0060
1777266212312,28.8151
1777266212340,28.4931
1777266212388,28.1258
1777266212416,28.2305
1777266212443,28.0758
1777266212472,27.9122
1777266212520,27.8132
1777266212548,27.7357
1777266212577,27.5585
1777266212605,27.2505
1777266212654,26.8969
1777266212683,26.9447
1777266212711,26.9462
1777266212743,26.8299
1777266212772,26.5402
1777266212821,26.1633
1777266212850,26.2435
1777266212879,24.1925
1777266212913,23.2925
1777266212946,23.6236
1777266212975,23.8506
1777266213005,23.5584
1777266213055,23.3699
1777266213084,23.7147
1777266213113,24.2735
1777266213150,24.5677
1777266213178,24.8516
1777266213207,24.7323
1777266213236,25.1439
1777266213286,25.1215
1777266213316,25.2970
1777266213345,25.6677
1777266213374,25.9898
1777266213403,25.8394
1777266213432,25.6111
1777266213481,25.4739
1777266213511,26.0011
1777266213541,26.0485
1777266213575,26.4481
1777266213606,26.5652
1777266213636,26.7934
1777266213687,26.5278
1777266213717,26.7574
1777266213746,27.2102
1777266213785,28.5094
1777266213814,28.7790
1777266213843,29.0090
1777266213872,29.0071
1777266213900,28.8550
1777266214071,32.4167
1777266214226,42.2251
1777266214278,47.9915
1777266214308,48.1261
1777266214340,48.2434
1777266214370,48.3900
1777266214398,48.7064
1777266214427,48.9641
1777266214457,49.2194
1777266214486,48.0300
1777266214536,47.2476
1777266214566,47.8964
1777266214597,47.0923
1777266214627,48.0932
1777266214658,48.1531
1777266214687,46.9943
1777266214739,46.1575
1777266214770,46.0188
1777266214807,45.6541
1777266214841,46.4370
1777266214871,46.7504
1777266214902,47.1150
1777266214932,46.7531
1777266214963,46.0249
1777266214993,45.2552
1777266215024,44.5091
1777266215130,38.3575
1777266215154,37.8906
1777266215198,35.5108
1777266215225,32.6725
1777266215251,31.5680
1777266215279,28.6221
1777266215326,26.9310
1777266215352,26.5835
1777266215378,26.1049
1777266215427,25.4509
1777266215454,25.5951
1777266215481,25.8240
1777266215528,25.9823
1777266215555,25.9905
1777266215582,25.6522
1777266215629,25.3269
1777266215656,25.5377
1777266215682,25.5951
1777266215730,25.5398
1777266215757,25.5464
1777266215784,25.0656
1777266215811,24.9466
1777266215859,23.8262
1777266215886,23.2096
1777266215914,22.7667
1777266215961,22.3470
1777266215988,22.4069
1777266216016,22.3304
1777266216043,22.1424
1777266216090,21.7791
1777266216117,21.8043
1777266216145,21.2947
1777266216193,21.3447
1777266216221,21.2731
1777266216248,21.2408
1777266216276,21.1851
1777266216325,21.2529
1777266216353,21.3016
1777266216381,21.5662
1777266216408,22.0768
1777266216458,21.7660
1777266216487,22.2103
1777266216514,22.1671
1777266216542,22.1330
1777266216591,22.0400
1777266216619,22.4589
1777266216647,22.4188
1777266216675,22.1610
1777266216724,22.0966
1777266216752,22.1218
1777266216780,22.2347
1777266216809,22.1157
1777266216837,22.2214
1777266216885,22.0664
1777266216913,22.2490
1777266216942,22.4193
1777266216970,22.2070
1777266217020,21.7567
1777266217049,22.0204
1777266217078,22.5891
1777266217107,22.6597
1777266217142,22.8788
1777266217170,22.8017
1777266217221,22.6932
1777266217250,22.9260
1777266217279,23.1970
1777266217309,23.4262
1777266217337,23.2350
1777266217387,22.8538
1777266217416,22.9954
1777266217446,23.3451
1777266217548,25.3717
1777266217572,25.8364
1777266217598,25.6542
1777266217645,25.2323
1777266217671,25.3572
1777266217697,26.0697
1777266217745,25.6866
1777266217772,25.6984
1777266217799,25.7099
1777266217825,25.5960
1777266217872,25.9175
1777266217898,25.8536
1777266217925,25.6823
1777266217972,25.4876
1777266217999,25.8625
1777266218026,25.5955
1777266218088,25.1982
1777266218115,25.2571
1777266218141,25.0254
1777266218188,24.8047
1777266218216,25.1353
1777266218243,24.9545
1777266218271,24.8057
1777266218319,24.6413
1777266218348,25.3736
1777266218376,25.2562
1777266218425,25.0779
1777266218453,25.1141
1777266218481,25.3083
1777266218508,25.5754
1777266218555,25.3101
1777266218584,23.2747
1777266218614,23.6791
1777266218645,24.0872
1777266218674,23.9866
1777266218723,24.0619
1777266218752,24.2710
1777266218780,24.5380
1777266218809,24.5935
1777266218838,24.6397
1777266218888,24.6360
1777266218917,25.0108
1777266218947,25.6053
1777266218977,25.6812
1777266219005,25.6172
1777266219056,26.1717
1777266219084,26.3134
1777266219111,26.4513
1777266219140,26.8071
1777266219169,26.9613
1777266219218,26.5563
1777266219247,26.5710
1777266219278,26.9203
1777266219308,27.1320
1777266219338,27.0891
1777266219368,26.9673
1777266219422,26.9522
1777266219459,27.2202
1777266219489,27.7393
1777266219519,28.1457
1777266219588,28.4041
1777266219612,30.0599
1777266219636,30.0558
1777266219663,29.9636
1777266219710,29.8911
1777266219736,29.7506
1777266219763,29.4573
1777266219810,28.7421
1777266219892,29.9582
1777266219918,29.8057
1777266219945,29.3789
1777266219992,28.8608
1777266220019,28.9085
1777266220047,28.9786
1777266220096,28.7683
1777266220123,28.7170
1777266220150,28.4426
1777266220178,28.8618
1777266220227,28.4336
1777266220254,28.3718
1777266220282,28.2867
1777266220330,28.2152
1777266220358,28.9334
1777266220385,29.2249
1777266220413,29.0446
1777266220461,28.4420
1777266220489,28.0334
1777266220517,27.5910
1777266220544,27.0018
1777266220593,26.6574
1777266220621,24.8057
1777266220650,24.9909
1777266220678,25.3359
1777266220727,25.2349
1777266220755,25.6066
1777266220783,26.0393
1777266220811,25.9810
1777266220839,25.6979
1777266220888,25.3322
1777266220918,25.0280
1777266220948,25.5442
1777266220976,25.9728
1777266221005,25.8989
1777266221054,25.8040
1777266221082,26.1303
1777266221111,25.9306
1777266221140,25.7798
1777266221189,25.7221
1777266221218,26.1451
1777266221246,26.3306
1777266221276,26.3549
1777266221305,26.5989
1777266221356,26.1421
1777266221385,26.2858
1777266221414,26.4428
1777266221443,26.6327
1777266221472,26.4537
1777266221501,26.0417
1777266221553,25.7889
1777266221583,26.2048
1777266221612,26.3930
1777266221642,26.3922
1777266221672,26.2740
1777266221703,26.2279
1777266221753,25.9634
1777266221789,26.1653
1777266221818,26.7381
1777266221848,27.3390
1777266221878,27.9818
1777266221907,28.0621
1777266221938,27.8804
1777266221971,27.7637
1777266222009,28.0567
1777266222039,28.3871
1777266222069,28.1425
1777266222099,27.9106
1777266222150,27.7517
1777266222181,28.1527
1777266222217,28.5179
1777266222248,28.6045
1777266222279,28.7820
1777266222309,29.0822
1777266222339,29.2415
1777266222369,28.9278
1777266222399,28.5574
1777266222450,28.3859
1777266222480,28.6370
1777266222512,29.2226
1777266222543,29.8458
1777266222574,29.8826
1777266222608,29.8976
1777266222639,29.9394
1777266222669,29.9676
1777266222698,29.9241
1777266222750,29.9218
1777266222781,29.9876
1777266222813,30.0232
1777266222848,29.8772
1777266222878,29.8915
1777266222908,29.9761
1777266222938,30.0714
1777266222968,30.1609
1777266222998,29.9497
1777266223028,29.6952
1777266223058,29.5021
1777266223109,29.3216
1777266223140,29.6839
1777266223170,29.7576
1777266223201,29.6937
1777266223235,29.3042
1777266223270,29.1463
1777266223301,28.9968
1777266223331,28.9036
1777266223362,28.8222
1777266223392,28.7556
1777266223423,28.6821
1777266223474,28.2637
1777266223504,27.9770
1777266223535,27.9038
1777266223565,27.8178
1777266223598,27.7108
1777266223628,27.4940
1777266223661,27.4035
1777266223692,27.4278
1777266223723,27.4385
1777266223755,27.0669
1777266223786,26.5076
1777266223838,25.7613
1777266223878,25.1136
1777266223909,25.4553
1777266223940,25.6354
1777266223971,25.8882
1777266224003,26.2181
1777266224035,26.5169
1777266224068,27.1524
1777266224111,28.4070
1777266224142,28.8372
1777266224174,29.0440
1777266224205,29.3159
1777266224237,29.5994
1777266224269,29.6018
1777266224303,29.7050
1777266224335,29.9715
1777266224367,30.4439
1777266224399,30.9760
1777266224433,32.1388
1777266224465,32.2386
1777266224567,32.2502
1777266224597,35.7628
1777266224621,36.0574
1777266224646,36.1613
1777266224673,35.9888
1777266224720,35.8219
1777266224747,36.0862
1777266224773,36.2303
1777266224821,36.1688
1777266224848,35.9512
1777266224874,35.5779
1777266224921,34.9937
1777266224948,34.7740
1777266224975,34.3674
1777266225022,33.8532
1777266225049,33.8663
1777266225077,33.3795
1777266225104,32.4348
1777266225151,31.4672
1777266225178,31.0439
1777266225205,30.4710
1777266225252,29.8866
1777266225278,29.7428
1777266225305,29.2794
1777266225352,28.7521
1777266225379,28.3764
1777266225406,27.9678
1777266225433,27.4870
1777266225481,26.6318
1777266225508,26.2617
1777266225535,26.1747
1777266225567,26.0429
1777266225615,22.3722
1777266225643,22.3665
1777266225670,22.3879
1777266225718,22.4003
1777266225749,22.4838
1777266225780,22.9721
1777266225809,23.4378
1777266225837,23.4764
1777266225865,23.3648
1777266225914,23.3705
1777266225943,23.2910
1777266225971,23.2525
1777266225998,23.2118
1777266226048,22.8272
1777266226077,22.7315
1777266226105,22.9185
1777266226133,23.2599
1777266226182,23.2209
1777266226210,23.3763
1777266226238,23.6283
1777266226267,23.3471
1777266226317,23.2300
1777266226346,23.6930
1777266226374,23.9095
1777266226409,24.3409
1777266226439,24.4629
1777266226468,25.0237
1777266226497,25.0356
1777266226547,24.9565
1777266226576,25.1922
1777266226605,25.5704
1777266226634,25.4164
1777266226663,25.3261
1777266226714,25.2607
1777266226743,25.3285
1777266226772,25.1917
1777266226802,25.2080
1777266226836,25.1603
1777266226867,25.1997
1777266226897,25.3808
1777266226947,25.0064
1777266226978,25.1963
1777266227008,25.7149
1777266227047,26.6720
1777266227077,26.9505
1777266227107,27.1936
1777266227138,27.3863
1777266227168,27.6448
1777266227198,27.3864
1777266227229,27.1537
1777266227259,27.0676
1777266227310,26.9765
1777266227341,26.9246
1777266227372,27.0570
1777266227403,26.6814
1777266227434,26.6646
1777266227470,26.7471
1777266227500,26.8099
1777266227531,26.9280
1777266227562,26.5973
1777266227593,26.2813
1777266227645,25.9889
1777266227681,27.0767
1777266227712,27.4607
1777266227743,27.6633
1777266227774,27.7106
1777266227805,27.8002
1777266227836,27.8145
1777266227867,27.9381
1777266227900,27.9755
1777266227933,28.1868
1777266227963,27.9642
1777266227993,27.5710
1777266228022,27.3965
1777266228072,26.5000
1777266228102,26.2841
1777266228130,26.1208
1777266228160,25.9434
1777266228190,25.8342
1777266228240,25.6707
1777266228277,26.0519
1777266228315,27.2875
1777266228424,30.5395
1777266228451,33.2997
1777266228476,33.2870
1777266228566,34.7980
1777266228589,36.0182
1777266228613,36.9998
1777266228639,36.5027
1777266228686,35.7018
1777266228713,35.3133
1777266228739,34.8573
1777266228785,34.3762
1777266228812,34.5243
1777266228838,34.1479
1777266228885,34.2375
1777266228911,34.1691
1777266228936,33.9666
1777266228983,33.6528
1777266229010,33.6823
1777266229036,34.6381
1777266229084,33.8256
1777266229110,33.7834
1777266229137,34.1954
1777266229184,34.2138
1777266229212,34.7229
1777266229238,34.3479
1777266229265,33.8670
1777266229315,32.6153
1777266229346,32.3922
1777266229373,32.3344
1777266229399,32.0866
1777266229447,28.7226
1777266229474,25.7351
1777266229500,25.7354
1777266229548,25.7175
1777266229575,25.8074
1777266229602,24.2083
1777266229629,23.4792
1777266229677,23.3997
1777266229705,23.4172
1777266229731,23.3501
1777266229779,23.6415
1777266229806,23.5601
1777266229834,23.5228
1777266229861,23.3864
1777266229909,23.2017
1777266229937,23.3314
1777266229965,23.5734
1777266229992,23.3319
1777266230040,22.9652
1777266230067,22.9637
1777266230095,22.8997
1777266230144,22.7767
1777266230171,23.1319
1777266230199,22.9301
1777266230226,22.7494
1777266230275,22.5655
1777266230302,22.9788
1777266230330,23.0372
1777266230357,22.7941
1777266230405,22.3353
1777266230434,22.2301
1777266230461,22.2967
1777266230489,22.1381
1777266230537,22.0792
1777266230565,22.0766
1777266230592,21.8865
1777266230640,21.8047
1777266230668,22.2694
1777266230695,22.3914
1777266230723,22.3351
1777266230771,22.3348
1777266230800,22.4042
1777266230828,22.5325
1777266230855,22.5563
1777266230904,22.5728
1777266230932,22.6215
1777266230962,22.9317
1777266230990,23.0380
1777266231018,23.1880
1777266231067,22.7832
1777266231095,22.8595
1777266231125,22.9508
1777266231154,22.7074
1777266231203,22.4141
1777266231242,23.3121
1777266231270,23.8173
1777266231300,24.1731
1777266231329,24.4281
1777266231357,24.5925
1777266231386,24.9581
1777266231435,24.9430
1777266231464,25.1286
1777266231492,25.3657
1777266231521,25.5985
1777266231550,25.3445
1777266231599,25.0969
1777266231631,25.4400
1777266231666,25.8842
1777266231696,26.0971
1777266231726,26.1937
1777266231804,27.9682
1777266231827,27.8695
1777266231852,28.0238
1777266231899,27.7886
1777266231926,27.5881
1777266231953,27.5117
1777266232000,27.2151
1777266232027,27.9417
1777266232056,27.7094
1777266232105,27.4422
1777266232132,27.5907
1777266232159,28.0679
1777266232186,28.0522
1777266232235,27.5308
1777266232263,27.2151
1777266232290,26.7869
1777266232319,26.3320
1777266232367,25.8350
1777266232394,26.0315
1777266232422,26.1806
1777266232449,25.6632
1777266232498,25.2000
1777266232525,25.2627
1777266232553,25.5108
1777266232601,25.8193
1777266232630,25.9691
1777266232658,25.5746
1777266232686,25.2280
1777266232716,24.8691
1777266232767,24.5277
1777266232795,24.6578
1777266232824,23.3254
1777266232852,23.3120
1777266232881,23.7528
1777266232933,23.7787
1777266232962,24.2503
1777266232990,24.5409
1777266233019,24.4819
1777266233069,24.4407
1777266233100,24.9417
1777266233131,25.2938
1777266233161,25.7314
1777266233191,25.8769
1777266233220,26.4073
1777266233249,26.3796
1777266233279,26.2332
1777266233328,26.2470
1777266233357,26.6702
1777266233386,26.5481
1777266233414,26.5249
1777266233443,26.5136
1777266233493,26.5754
1777266233524,26.6002
1777266233552,26.8748
1777266233582,27.2463
1777266233611,26.9924
1777266233643,26.6856
1777266233692,26.5254
1777266233720,26.8242
1777266233748,27.1543
1777266233777,26.9300
1777266233825,26.5358
1777266233854,26.5728
1777266233882,26.8685
1777266233911,27.1294
1777266233945,26.7299
1777266233973,26.4771
1777266234022,26.3145
1777266234052,26.5915
1777266234081,26.6560
1777266234111,26.6207
1777266234142,25.9870
1777266234171,25.2751
1777266234223,24.8571
1777266234255,24.9713
1777266234286,25.2849
1777266234317,25.6623
1777266234347,25.4956
1777266234378,25.4784
1777266234408,25.4700
1777266234439,25.4831
1777266234537,25.8623
1777266234560,25.5450
1777266234605,25.3393
1777266234633,25.6347
1777266234658,25.6152
1777266234705,25.7053
1777266234731,25.6730
1777266234757,25.5822
1777266234803,25.6349
1777266234829,25.5907
1777266234856,25.4025
1777266234902,24.9536
1777266234929,24.8927
1777266234955,24.9717
1777266235043,27.0309
1777266235068,26.9591
1777266235095,26.7628
1777266235142,26.3322
1777266235169,26.5003
1777266235196,26.9998
1777266235245,26.7350
1777266235272,26.6332
1777266235298,26.4049
1777266235346,26.0476
1777266235373,26.1604
1777266235400,26.4684
1777266235427,26.7520
1777266235480,26.8671
1777266235510,27.1999
1777266235537,26.9246
1777266235565,27.2917
1777266235593,27.0658
1777266235641,26.6062
1777266235669,26.8292
1777266235696,26.8265
1777266235724,26.4493
1777266235772,26.1135
1777266235799,26.4396
1777266235827,26.4593
1777266235855,26.1963
1777266235907,26.6131
1777266235935,26.8297
1777266235963,26.9034
1777266235991,26.8516
1777266236040,26.5413
1777266236069,24.7932
1777266236098,25.2746
1777266236126,25.4517
1777266236154,25.4347
1777266236203,25.3897
1777266236231,25.7351
1777266236259,25.5680
1777266236286,25.3496
1777266236337,25.3657
1777266236365,25.4353
1777266236394,25.5096
1777266236422,25.6135
1777266236472,25.6166
1777266236501,25.5433
1777266236529,25.6352
1777266236557,25.5402
1777266236608,25.6688
1777266236636,26.2187
1777266236665,26.5882
1777266236694,26.8396
1777266236729,27.5781
1777266236757,28.0192
1777266236785,28.0625
1777266236814,27.9515
1777266236864,27.9833
1777266236893,28.2706
1777266236922,28.0287
1777266236951,27.9480
1777266236979,27.8478
1777266237028,27.7189
1777266237057,27.6557
1777266237086,27.4388
1777266237115,27.2898
1777266237151,27.4135
1777266237183,27.4123
1777266237233,27.2217
1777266237262,27.3458
1777266237292,27.9033
1777266237322,28.2134
1777266237351,27.9551
1777266237381,27.6074
1777266237431,27.0907
1777266237461,27.1869
1777266237491,27.1576
1777266237520,26.9798
1777266237550,26.6945
1777266237580,26.8110
1777266237631,26.3934
1777266237661,26.2717
1777266237692,26.1538
1777266237723,26.1066
1777266237754,25.8726
1777266237789,25.9497
1777266237820,26.2045
1777266237850,26.4326
1777266237881,26.1943
1777266237911,25.9916
1777266237964,25.8095
1777266237999,26.9468
1777266238030,27.2441
1777266238061,27.6919
1777266238091,27.8551
1777266238122,28.0872
1777266238154,28.1485
1777266238186,28.2396
1777266238217,28.5178
1777266238249,28.3066
1777266238281,28.0620
1777266238313,27.4865
1777266238345,27.1848
1777266238376,27.5591
1777266238421,28.2395
1777266238453,28.3155
1777266238485,28.2263
1777266238517,28.1558
1777266238550,28.1640
1777266238582,28.2421
1777266238614,28.5134
1777266238646,28.3267
1777266238678,28.0030
1777266238711,27.7573
1777266238743,27.5732
1777266238777,27.2495
1777266238814,27.0867
1777266238847,27.1390
1777266238880,27.1699
1777266238913,27.2781
1777266238945,27.4067
1777266238977,27.3641
1777266239018,26.8787
1777266239058,26.9626
1777266239091,27.0709
1777266239124,27.2603
1777266239157,27.3544
1777266239190,27.7828
1777266239229,28.2291
1777266239270,29.5012
1777266239304,30.6688
1777266239337,31.1744
1777266239375,32.2067
1777266239408,32.4808
1777266239446,32.2883
1777266239795,44.2479
1777266240161,100.1298
1777266240311,135.3994
1777266240350,154.0167
1777266240382,155.7498
1777266240414,158.2560
1777266240446,162.2023
1777266240476,154.6934
1777266240523,143.4381
1777266240556,135.2703
1777266240589,128.2582
1777266240622,122.2392
1777266240654,116.9975
1777266240685,113.1290
1777266240730,109.5197
1777266240764,103.1777
1777266240795,98.2451
1777266240827,78.6086
1777266240859,75.6057
1777266240891,72.8341
1777266240943,70.3696
1777266240975,68.9266
1777266241006,67.5454
1777266241037,66.2033
1777266241068,64.8437
1777266241099,59.3142
1777266241130,58.3254
1777266241162,51.0010
1777266241194,47.3775
1777266241225,40.6173
1777266241258,37.7503
1777266241291,37.3805
1777266241328,36.7527
1777266241369,35.0311
1777266241402,34.9181
1777266241435,34.7299
1777266241467,34.5806
1777266241501,34.4829
1777266241539,34.0454
1777266241580,33.8468
1777266241615,33.8351
1777266241647,33.9630
1777266241691,34.1463
1777266241732,33.8809
1777266241766,33.5665
1777266241800,33.8790
1777266241837,34.9506
1777266241873,35.6610
1777266241907,36.1774
1777266241941,36.7375
1777266241974,36.8742
1777266242007,37.1345
1777266242042,37.5934
1777266242075,38.4729
1777266242107,38.8935
1777266242140,39.4276
1777266242175,39.8219
1777266242207,40.6910
1777266242238,41.2126
1777266242270,41.7151
1777266242302,42.2285
1777266242334,42.6961
1777266242366,42.9485
1777266242412,43.9991
1777266242471,44.3950
1777266242505,44.6751
1777266242539,44.9721
1777266242571,44.8470
1777266242604,44.7830
1777266242637,44.8323
1777266242670,45.0034
1777266242703,44.7416
1777266242736,44.6861
1777266242769,44.9047
1777266242805,45.3362
1777266242838,45.7547
1777266242871,45.9842
1777266242904,46.1148
1777266242937,46.1142
1777266242970,46.4442
1777266243008,46.6306
1777266243049,47.3952
1777266243085,47.1035
1777266243119,46.7748
1777266243153,46.3706
1777266243187,45.9718
1777266243226,45.5493
1777266243261,45.5605
1777266243295,45.4377
1777266243328,45.2094
1777266243363,45.4571
1777266243396,45.0472
1777266243435,44.9657
1777266243470,45.6704
1777266243508,45.3241
1777266243543,44.7271
1777266243576,44.1371
1777266243610,43.4413
1777266243645,42.9682
1777266243678,42.3291
1777266243711,41.6619
1777266243744,41.0069
1777266243776,40.3962
1777266243809,39.9225
1777266243849,39.2386
1777266243891,39.1734
1777266243925,39.1907
1777266243957,39.0719
1777266243990,38.9049
1777266244022,38.7319
1777266244057,38.1430
1777266244094,38.0894
1777266244126,38.6574
1777266244158,39.0613
1777266244190,39.4570
1777266244222,39.8197
1777266244253,39.8837
1777266244311,40.4639
1777266244349,40.9978
1777266244382,41.3066
1777266244417,41.0658
1777266244450,40.7352
1777266244483,40.6018
1777266244518,40.8401
1777266244550,41.3332
1777266244584,41.7508
1777266244618,42.1280
1777266244651,42.7183
1777266244689,43.1892
1777266244850,44.1467
1777266244878,51.4602
1777266244902,51.7113
1777266244926,50.9134
1777266244970,49.9553
1777266244996,49.2220
1777266245022,48.2396
1777266245068,47.0445
1777266245094,46.1053
1777266245123,45.1171
1777266245170,44.1647
1777266245196,43.5592
1777266245222,42.7015
1777266245269,41.7217
1777266245294,40.7714
1777266245320,39.7448
1777266245367,38.2404
1777266245393,37.3609
1777266245419,36.4658
1777266245465,35.7615
1777266245493,34.8667
1777266245519,34.4139
1777266245565,33.4860
1777266245592,32.9904
1777266245618,32.3534
1777266245664,31.2544
1777266245691,30.5647
1777266245717,29.5156
1777266245764,28.9465
1777266245790,28.8609
1777266245816,28.7134
1777266245863,27.7830
1777266245890,22.5628
1777266245916,22.4570
1777266245963,22.4890
1777266245989,22.5305
1777266246016,22.8460
1777266246063,22.9209
1777266246090,22.9980
1777266246117,23.1070
1777266246143,23.0952
1777266246197,22.9494
1777266246224,23.2209
1777266246252,23.5123
1777266246278,23.2963
1777266246326,23.0652
1777266246353,23.3926
1777266246386,23.6074
1777266246413,23.6788
1777266246440,23.9558
1777266246488,23.5076
1777266246516,23.6219
1777266246544,23.6829
1777266246592,23.4478
1777266246620,23.7319
1777266246647,24.0017
1777266246677,23.7961
1777266246706,23.5551
1777266246757,23.3205
1777266246785,23.4246
1777266246815,23.6526
1777266246845,23.7633
1777266246875,23.4994
1777266246923,23.4027
1777266246951,23.7378
1777266246979,24.0094
1777266247007,24.0429
1777266247035,23.7360
1777266247083,23.3210
1777266247112,23.1816
1777266247140,23.2273
1777266247170,23.2301
1777266247220,22.9579
1777266247249,23.0909
1777266247278,23.2948
1777266247306,23.5526
1777266247335,23.3490
1777266247384,22.9855
1777266247417,22.8647
1777266247447,23.4069
1777266247475,23.5642
1777266247505,23.6171
1777266247538,23.6369
1777266247569,23.8047
1777266247600,23.4953
1777266247650,23.1225
1777266247680,23.4338
1777266247710,23.9982
1777266247740,24.5404
1777266247770,24.6139
1777266247801,24.4815
1777266247835,24.1962
1777266247869,24.4464
1777266247899,24.5080
1777266247929,24.2090
1777266247979,23.7873
1777266248009,23.5611
1777266248045,24.0840
1777266248080,25.1938
1777266248110,25.4732
1777266248140,25.6217
1777266248169,25.7760
1777266248199,25.9360
1777266248230,25.5642
1777266248282,25.1559
1777266248312,25.6817
1777266248342,26.3375
1777266248372,26.5114
1777266248402,26.5171
1777266248431,26.4159
1777266248465,26.0062
1777266248501,26.1602
1777266248531,26.1710
1777266248561,26.1027
1777266248612,26.0210
1777266248641,26.4514
1777266248676,26.5937
1777266248713,26.9242
1777266248743,27.1107
1777266248773,27.3269
1777266248803,27.5451
1777266248832,27.7316
1777266248900,27.5988
1777266248939,29.3879
1777266248975,30.8754
1777266249014,31.6337
1777266249054,31.9884
1777266249084,32.0067
1777266249297,32.8587
1777266249327,43.6788
1777266249352,48.2007
1777266249377,49.0989
1777266249404,48.5988
1777266249451,48.2424
1777266249478,48.5717
1777266249505,48.7002
1777266249534,48.7365
1777266249581,49.4676
1777266249608,48.7405
1777266249635,48.2609
1777266249685,47.6601
1777266249712,47.2862
1777266249739,47.1532
1777266249766,46.5806
1777266249814,45.9026
1777266249841,46.8655
1777266249868,45.9756
1777266249917,45.0243
1777266249944,43.7848
1777266249971,42.7979
1777266249999,41.6716
1777266250047,40.6820
1777266250075,40.1598
1777266250103,39.5163
1777266250130,38.1231
1777266250179,37.3674
1777266250207,37.0587
1777266250235,36.5988
1777266250283,36.0444
1777266250311,35.8937
1777266250339,27.9292
1777266250367,24.6093
1777266250395,23.4239
1777266250444,23.3025
1777266250472,23.3252
1777266250500,23.3507
1777266250530,23.2132
1777266250578,23.3800
1777266250607,23.4520
1777266250635,23.5830
1777266250663,23.7039
1777266250713,23.4215
1777266250741,23.4686
1777266250775,23.4599
1777266250805,24.1215
1777266250833,24.2284
1777266250861,24.1216
1777266250910,24.2156
1777266250939,24.2006
1777266250967,24.2328
1777266250996,24.3397
1777266251025,24.4285
1777266251075,24.0428
1777266251106,24.0780
1777266251136,24.4618
1777266251166,24.6044
1777266251196,24.5343
1777266251227,24.5565
1777266251256,24.5393
1777266251308,24.2264
1777266251337,24.2147
1777266251366,24.0673
1777266251395,24.3911
1777266251431,24.9845
1777266251462,25.0038
1777266251491,24.9189
1777266251542,24.9232
1777266251572,25.3945
1777266251602,25.3833
1777266251631,25.3988
1777266251660,25.5152
1777266251690,25.5565
1777266251721,25.2722
1777266251771,24.8038
1777266251802,24.6217
1777266251832,24.6936
1777266251862,24.9757
1777266251893,25.1818
1777266251923,25.0139
1777266251953,24.6769
1777266252005,24.4882
1777266252038,24.8888
1777266252070,25.7530
1777266252100,26.0560
1777266252131,26.1109
1777266252163,26.1651
1777266252194,26.2735
1777266252225,26.3054
1777266252256,26.4611
1777266252286,26.6639
1777266252318,26.3583
1777266252350,26.0003
1777266252402,25.4791
1777266252434,25.6352
1777266252464,25.8091
1777266252494,26.1812
1777266252526,26.4356
1777266252557,26.3249
1777266252589,26.0497
1777266252621,25.7533
1777266252652,25.5253
1777266252684,25.6223
1777266252715,25.3796
1777266252747,25.8881
1777266252803,25.7274
1777266252835,25.8310
1777266252865,26.2084
1777266252909,27.4424
1777266252938,28.3347
1777266252968,29.1443
1777266252998,29.4807
1777266253029,29.6150
1777266253059,29.3817
1777266253091,29.1251
1777266253122,29.0897
1777266253153,28.9521
1777266253184,28.8222
1777266253214,28.6848
1777266253246,28.5090
1777266253300,28.2900
1777266253340,29.2475
1777266253372,30.1563
1777266253404,30.8969
1777266253435,31.0690
1777266253466,31.3812
1777266253498,31.7002
1777266253545,32.9987
1777266253602,33.6264
1777266253635,34.4426
1777266253668,34.9479
1777266253701,35.5800
1777266253734,36.7227
1777266253768,36.8519
1777266253801,37.6470
1777266253835,37.9336
1777266253868,38.0162
1777266253900,37.7120
1777266253936,37.4061
1777266253969,37.6774
1777266254002,37.7899
1777266254035,37.9794
1777266254068,38.2337
1777266254101,38.8054
1777266254140,39.3549
1777266254182,41.2413
1777266254218,41.8503
1777266254250,42.7226
1777266254283,43.1556
1777266254317,42.6803
1777266254354,42.1231
1777266254388,41.8322
1777266254422,41.4624
1777266254455,41.2419
1777266254487,40.8145
1777266254520,40.6259
1777266254557,40.0042
1777266254596,40.2329
1777266254630,40.2843
1777266254665,40.3801
1777266254699,40.4276
1777266254735,40.7518
1777266254772,41.0954
1777266254817,42.0307
1777266254855,42.2919
1777266254890,42.5654
1777266254925,42.5483
1777266254959,42.3621
1777266254992,42.2679
1777266255026,42.3695
1777266255059,42.2489
1777266255093,42.4506
1777266255127,42.3960
1777266255160,42.0946
1777266255201,41.9148
1777266255236,42.3242
1777266255273,42.0304
1777266255306,42.7973
1777266255340,42.7384
1777266255375,42.5168
1777266255410,42.4314
1777266255444,42.4145
1777266255477,42.0538
1777266255509,42.3424
1777266255543,42.2512
1777266255577,41.8760
1777266255612,41.5344
1777266255656,41.6134
1777266255690,41.5843
1777266255724,41.4998
1777266255758,41.4686
1777266255792,41.5511
1777266255825,40.8147
1777266255859,40.6853
1777266255891,40.5114
1777266255925,40.7075
1777266255959,40.8323
1777266255993,41.1565
1777266256032,41.3863
1777266256074,42.3256
1777266256112,42.3990
1777266256146,42.4289
1777266256182,42.1890
1777266256308,42.0581
1777266256333,46.5460
1777266256357,46.6834
1777266256380,46.0386
1777266256425,45.3599
1777266256451,45.1295
1777266256479,44.6546
1777266256526,43.8439
1777266256554,43.6964
1777266256580,43.4506
1777266256628,42.8989
1777266256654,42.2625
1777266256681,41.6245
1777266256728,40.4886
1777266256755,39.7922
1777266256782,38.8996
1777266256829,37.7836
1777266256856,37.1080
1777266256883,36.3225
1777266256911,35.5201
1777266256958,34.6089
1777266256985,33.7750
1777266257014,32.7376
1777266257062,32.1225
1777266257089,30.6785
1777266257116,29.7170
1777266257144,28.5149
1777266257191,27.6544
1777266257218,27.1306
1777266257248,27.0714
1777266257280,26.9450
1777266257312,26.7365
1777266257362,22.2593
1777266257391,22.5894
1777266257420,23.0006
1777266257449,22.9516
1777266257478,22.9894
1777266257508,23.1213
1777266257558,22.7465
1777266257587,23.1335
1777266257615,23.1018
1777266257645,22.9713
1777266257694,22.9174
1777266257722,23.3280
1777266257751,23.6696
1777266257779,23.6640
1777266257807,23.7589
1777266257856,23.3820
1777266257884,23.2856
1777266257912,23.4708
1777266257940,23.5799
1777266257990,23.1714
1777266258018,23.4384
1777266258046,23.6549
1777266258075,23.4486
1777266258124,22.9686
1777266258153,23.7050
1777266258181,23.8489
1777266258209,23.8882
1777266258243,23.9525
1777266258294,23.9040
1777266258323,24.2507
1777266258351,24.8008
1777266258380,24.9487
1777266258409,24.7436
1777266258437,24.5031
1777266258486,24.1446
1777266258515,24.7165
1777266258544,25.0687
1777266258573,24.9284
1777266258623,24.6571
1777266258660,25.0628
1777266258689,25.7529
1777266258720,26.0243
1777266258750,26.1865
1777266258780,26.0564
1777266258810,26.1784
1777266258840,26.7089
1777266258875,26.7913
1777266258904,26.7016
1777266258954,26.6092
1777266258983,27.0028
1777266259012,27.0679
1777266259042,27.2205
1777266259071,27.2575
1777266259121,27.2234
1777266259151,27.4058
1777266259181,27.3854
1777266259210,27.3547
1777266259239,27.2391
1777266259269,26.8131
1777266259321,26.7813
1777266259352,26.4923
1777266259382,26.6965
1777266259412,26.7408
1777266259442,27.3339
1777266259473,27.2363
1777266259507,27.3021
1777266259538,27.1645
1777266259568,27.0635
1777266259620,26.9461
1777266259650,26.9951
1777266259686,26.9332
1777266259723,26.8639
1777266259754,26.9747
1777266259784,27.1113
1777266259815,27.2650
1777266259845,27.4287
1777266259876,27.4227
1777266259908,27.4223
1777266259939,27.7664
1777266259970,27.4929
1777266260001,27.1463
1777266260052,26.6899
1777266260082,26.8884
1777266260115,27.4166
1777266260145,27.5700
1777266260176,27.5333
1777266260207,27.5516
1777266260238,27.5784
1777266260269,27.6579
1777266260300,27.6760
1777266260332,27.4212
1777266260364,26.9531
1777266260416,26.4398
1777266260447,26.6739
1777266260478,26.9075
1777266260509,27.0363
1777266260541,27.2214
1777266260572,27.4953
1777266260604,27.7419
1777266260635,27.5384
1777266260667,27.1583
1777266260699,27.0656
1777266260737,26.2625
1777266260778,26.1295
1777266260811,26.1007
1777266260843,26.0654
1777266260875,26.0460
1777266260907,26.2970
1777266260939,26.4437
1777266260989,27.7858
1777266261022,28.4202
1777266261054,29.1692
1777266261086,29.4035
1777266261118,29.8386
1777266261150,30.2019
1777266261200,31.5202
1777266261236,32.4054
1777266261268,32.2290
1777266261300,32.8211
1777266261334,33.0710
1777266261371,33.3099
1777266261416,34.2679
1777266261448,34.2803
1777266261480,34.6345
1777266261514,35.0751
1777266261547,35.4258
1777266261582,35.6821
1777266261626,37.2310
1777266261661,36.9989
1777266261695,37.6351
1777266261728,37.5566
1777266261760,37.0424
1777266261800,36.6645
1777266261833,36.5634
1777266261866,36.1851
1777266261898,36.2814
1777266261930,36.1464
1777266261964,35.5126
1777266261998,35.2237
1777266262038,34.7993
1777266262071,34.5907
1777266262105,34.3749
1777266262137,33.9213
1777266262170,33.6665
1777266262212,32.9479
1777266262257,33.4252
1777266262292,33.5761
1777266262326,34.1128
1777266262361,34.1512
1777266262395,33.7709
1777266262432,33.3014
1777266262465,33.2745
1777266262498,32.8440
1777266262530,32.4081
1777266262564,32.2512
1777266262597,32.1998
1777266262638,31.5511
1777266262672,31.7922
1777266262796,31.9069
1777266262820,36.7265
1777266262844,37.4985
1777266262868,37.3015
1777266262912,36.7268
1777266262938,36.5319
1777266262985,36.1245
1777266263013,36.2742
1777266263039,35.9230
1777266263065,35.5112
1777266263111,34.8998
1777266263138,34.6294
1777266263164,33.9528
1777266263211,33.1210
1777266263238,32.3986
1777266263265,31.3521
1777266263312,30.3900
1777266263339,29.9606
1777266263367,29.9019
1777266263414,29.8475
1777266263441,29.7082
1777266263468,29.5195
1777266263515,29.1633
1777266263542,28.9776
1777266263569,28.8183
1777266263595,28.4527
1777266263643,27.7245
1777266263670,27.1989
1777266263696,26.6888
1777266263744,26.5512
1777266263770,26.6280
1777266263797,26.5073
1777266263845,22.7787
1777266263872,22.0632
1777266263899,22.7236
1777266263926,22.5293
1777266263973,22.1899
1777266264001,22.3394
1777266264028,22.2204
1777266264076,22.0749
1777266264103,22.5836
1777266264131,22.5353
1777266264158,22.5580
1777266264206,22.5577
1777266264234,22.5476
1777266264261,22.7751
1777266264309,23.1577
1777266264336,23.3409
1777266264365,23.3273
1777266264393,23.3961
1777266264441,23.0220
1777266264470,23.1509
1777266264498,23.3295
1777266264527,23.1424
1777266264575,22.7809
1777266264605,23.1402
1777266264632,23.3702
1777266264661,23.3852
1777266264689,23.2801
1777266264737,23.2745
1777266264766,23.2450
1777266264794,23.2631
1777266264823,23.3117
1777266264872,23.0123
1777266264900,23.0890
1777266264930,23.1373
1777266264960,23.7675
1777266264988,23.8025
1777266265037,23.8014
1777266265065,24.2080
1777266265094,24.1095
1777266265123,24.0455
1777266265152,24.0142
1777266265201,24.0932
1777266265230,24.1764
1777266265259,24.3559
1777266265288,24.4344
1777266265316,24.3710
1777266265365,24.1370
1777266265395,24.3887
1777266265425,24.6376
1777266265454,24.4665
1777266265484,24.1423
1777266265535,23.8551
1777266265568,24.3845
1777266265598,24.5319
1777266265628,24.5845
1777266265658,24.5844
1777266265688,24.6174
1777266265717,24.6470
1777266265768,24.2734
1777266265808,25.0371
1777266265838,25.8503
1777266265869,26.2268
1777266265899,26.4314
1777266265929,26.5380
1777266265959,26.5162
1777266265989,26.5147
1777266266021,26.8439
1777266266051,26.5376
1777266266082,26.2636
1777266266113,26.0685
1777266266164,25.9177
1777266266201,26.3981
1777266266231,26.8196
1777266266262,26.9230
1777266266292,27.0719
1777266266322,27.2451
1777266266352,27.4846
1777266266383,27.1903
1777266266413,26.8333
1777266266444,26.9019
1777266266495,26.7698
1777266266525,27.3244
1777266266556,27.4317
1777266266586,27.3083
1777266266621,27.2477
1777266266653,27.3883
1777266266684,27.4730
1777266266716,27.6185
1777266266748,27.8228
1777266266779,27.5603
1777266266810,26.9086
1777266266862,25.9646
1777266266894,25.7553
1777266266926,25.7942
1777266266958,25.8674
1777266266990,25.9977
1777266267022,26.0807
1777266267054,26.2626
1777266267085,26.5282
1777266267118,26.9429
1777266267149,27.4609
1777266267181,27.4316
1777266267213,27.0924
1777266267249,26.9816
1777266267287,26.9942
1777266267320,27.0385
1777266267352,27.2147
1777266267384,27.4322
1777266267416,27.6322
1777266267448,27.9824
1777266267496,29.1785
1777266267530,29.5585
1777266267563,29.8479
1777266267596,30.0948
1777266267630,30.7664
1777266267668,31.3380
1777266267724,33.3305
1777266267761,35.3790
1777266267796,36.1592
1777266267830,36.9546
1777266267864,37.6293
1777266267917,38.7476
1777266267955,39.8216
1777266267989,39.7376
1777266268024,40.3518
1777266268057,40.7320
1777266268098,41.5233
1777266268132,41.7934
1777266268166,42.3963
1777266268200,43.0122
1777266268235,43.1417
1777266268289,43.4928
1777266268340,44.4940
1777266268379,45.3561
1777266268413,45.4143
1777266268447,45.4931
1777266268481,45.1009
1777266268520,44.8137
1777266268555,44.8149
1777266268589,44.5890
1777266268622,44.6974
1777266268656,44.5594
1777266268691,44.4900
1777266268730,43.5164
1777266268764,43.3761
1777266268802,42.6125
1777266268837,42.4236
1777266268874,41.7361
1777266268916,41.3156
1777266268975,43.9449
1777266269017,47.5030
1777266269060,52.6668
1777266269104,57.5324
1777266269153,62.7169
1777266269197,69.0675
1777266269239,77.6553
1777266269288,85.1521
1777266269359,92.8016
1777266269561,105.4110
1777266269592,131.7156
1777266269628,149.3609
1777266269658,166.4259
1777266269687,181.5462
1777266269718,195.5548
1777266269747,204.0339
1777266269778,208.2482
1777266269808,210.6290
1777266269838,211.0391
1777266269868,212.0483
1777266269899,215.6361
1777266269929,212.0282
1777266269960,214.4420
1777266269991,211.6480
1777266270023,212.5338
1777266270054,213.5566
1777266270087,214.5154
1777266270123,211.9990
1777266270161,211.7072
1777266270214,210.9499
1777266270267,211.1462
1777266270314,210.9545
1777266270352,210.5488
1777266270389,209.7933
1777266270429,208.4751
1777266270468,207.8739
1777266270508,207.0246
1777266270546,206.4681
1777266270579,205.8936
1777266270616,198.9448
1777266270655,185.5358
1777266270693,179.1848
1777266270730,172.9535
1777266270768,167.7240
1777266270808,167.3738
1777266270856,169.3747
1777266270897,173.0701
1777266270949,178.5595
1777266270989,183.1274
1777266271025,185.7397
1777266271068,192.7929
1777266271109,198.5496
1777266271151,204.0012
1777266271196,210.2189
1777266271244,216.1367
1777266271292,221.4339
1777266271336,230.9415
1777266271378,236.7558
1777266271419,241.0184
1777266271460,247.3191
1777266271502,254.1031
1777266271543,261.8878
1777266271586,273.0617
1777266271627,281.0923
1777266271671,288.4901
1777266271715,293.9371
1777266271760,305.1325
1777266271800,318.8501
1777266271841,322.9476
1777266271883,332.0455
1777266271947,347.0613
1777266272145,353.2919
1777266272184,391.9411
1777266272214,406.8786
1777266272245,427.3125
1777266272278,442.6383
1777266272313,453.2719
1777266272346,470.3775
1777266272383,486.0501
1777266272420,501.3030
1777266272458,514.8162
1777266272493,524.2097
1777266272531,537.0518
1777266272569,550.6191
1777266272608,565.0276
1777266272652,588.7274
1777266272689,591.7306
1777266272733,593.1412
1777266272770,603.3805
1777266272813,608.0478
1777266272850,612.2444
1777266272888,616.0806
1777266272929,619.4978
1777266272968,616.0887
1777266273012,619.3490
1777266273050,616.9834
1777266273091,615.1461
1777266273129,613.6832
1777266273169,611.5509
1777266273209,609.3165
1777266273273,607.1566
1777266273315,605.2784
1777266273352,603.3911
1777266273392,602.4243
1777266273437,602.0165
1777266273476,602.2474
1777266273514,602.4050
1777266273552,602.3867
1777266273596,598.8587
1777266273638,602.5954
1777266273693,601.4276
1777266273734,609.3126
1777266273775,619.5467
1777266273817,625.1596
1777266273862,637.5608
1777266273901,648.3957
1777266273942,657.8222
1777266273979,667.2092
1777266274014,675.9492
1777266274065,683.3929
1777266274124,694.2740
1777266274164,707.8863
1777266274205,713.0020
1777266274249,726.2854
1777266274289,728.9258
1777266274330,739.7655
1777266274371,753.8038
1777266274410,758.2046
1777266274450,767.0465
1777266274501,775.1470
1777266274545,785.5465
1777266274735,795.9581
1777266274776,828.6278
1777266274811,845.7913
1777266274846,860.8472
1777266274885,870.4284
1777266274924,886.6429
1777266274963,902.2527
1777266274997,917.6930
1777266275032,936.7394
1777266275073,949.6135
1777266275108,956.6623
1777266275152,972.6182
1777266275208,994.7567
1777266275251,1011.9261
1777266275291,1018.2265
1777266275336,1039.3430
1777266275377,1054.6125
1777266275425,1080.2870
1777266275462,1085.3726
1777266275501,1100.0469
1777266275536,1114.9532
1777266275578,1128.0100
1777266275632,1132.6158
1777266275671,1137.1487
1777266275710,1141.8131
1777266275754,1147.1472
1777266275798,1154.1185
1777266275843,1167.2641
1777266275887,1174.3656
1777266275923,1177.2749
1777266275960,1179.1518
1777266275997,1177.2523
1777266276058,1187.2515
1777266276096,1185.9141
1777266276135,1191.1255
1777266276175,1190.5056
1777266276219,1191.7149
1777266276271,1193.8985
1777266276314,1197.5408
1777266276350,1198.3222
1777266276386,1200.7484
1777266276430,1202.3301
1777266277090,1197.1509
1777266277170,1337.5014
1777266277210,1413.4944
1777266277251,1482.5361
1777266277299,1562.5331
1777266277345,1656.8275
1777266277383,1746.3261
1777266277422,1839.7955
1777266277464,1920.4584
1777266277739,1952.1829
1777266277777,1977.1646
1777266277810,1998.1917
1777266277847,2016.3460
1777266277881,2030.0785
1777266277922,2036.8474
1777266277959,2056.2609
1777266278001,2069.9269
1777266278042,2091.3847
1777266278086,2101.4803
1777266278127,2111.5921
1777266278167,2146.7172
1777266278204,2154.8654
1777266278241,2175.1512
1777266278281,2222.2929
1777266278325,2224.4033
1777266278360,2257.0099
1777266278397,2280.2117
1777266278433,2297.9124
1777266278467,2314.9046
1777266278502,2316.3840
1777266278670,2323.9650
1777266278705,2331.1226
1777266278743,2343.1653
1777266278785,2355.2197
1777266278824,2367.2485
1777266278863,2379.0036
1777266278904,2391.0987
1777266278937,2399.4240
1777266278970,2414.7757
1777266279002,2420.5843
1777266279039,2396.6153
1777266280640,2572.6937
1777266283908,7539.6719
1777266288055,11844.4650
1777266292671,16287.5068
1777266298072,18807.3135
1777266304642,20729.9547
1777266306485,4469.4844
1777266306701,1265.4105
1777266306732,751.4823
1777266306763,517.7982
1777266306801,351.1515
1777266306840,257.2660
1777266306881,211.0081
1777266306918,188.8399
1777266306953,169.4858
1777266306992,153.6924
1777266307024,146.4185
1777266307062,136.3881
1777266307101,127.8555
1777266307138,121.6121
1777266307175,116.5649
1777266307213,112.2543
1777266307252,108.2521
1777266307318,104.9727
1777266307345,103.6272
1777266307391,102.4423
1777266307426,99.6046
1777266307460,96.5434
1777266307503,70.0747
1777266307538,69.3726
1777266307572,63.4793
1777266307609,63.6473
1777266307642,63.9610
1777266307677,64.5318
1777266307712,65.2692
1777266307748,63.4567
1777266307784,64.0755
1777266307819,65.9631
1777266307855,67.6880
1777266307891,69.2113
1777266307926,70.3029
1777266307963,71.5400
1777266307999,72.6308
1777266308036,73.4623
1777266308074,75.0286
1777266308110,76.5793
1777266308147,78.1418
1777266308191,79.9911
1777266308241,82.5541
1777266308280,85.3614
1777266308320,88.2550
1777266308366,90.7183
1777266308408,92.7035
1777266308449,97.1515
1777266308490,101.6803
1777266308531,106.1528
1777266308571,110.2182
1777266308616,116.4228
1777266308664,123.3201
1777266308705,126.1826
1777266308745,132.6134
1777266308786,137.7340
1777266308832,142.4073
1777266308874,147.6675
1777266308916,152.9199
1777266308957,158.5685
1777266308999,167.9116
1777266309046,175.5061
1777266309087,183.4271
1777266309127,191.7072
1777266309170,199.5220
1777266309218,207.5381
1777266309266,214.7981
1777266309309,224.2656
1777266309352,233.3636
1777266309398,242.0772
1777266309441,250.5193
1777266309490,261.4904
1777266309533,271.9596
1777266309575,281.3445
1777266309616,290.7015
1777266309665,299.4278
1777266309730,309.3558
1777266309772,319.9693
1777266309815,330.4005
1777266309858,341.4855
1777266309903,348.0740
1777266309945,367.5433
1777266309988,371.3340
1777266310037,380.4730
1777266310084,389.2488
1777266310159,408.9566
1777266310202,413.8532
1777266310245,423.5636
1777266310289,432.3240
1777266310374,447.1695
1777266310416,458.3554
1777266310455,470.1836
1777266310504,481.4704
1777266310579,499.1960
1777266310623,512.7618
1777266310665,524.4664
1777266310709,536.4477
1777266310785,555.4477
1777266310835,565.1614
1777266310879,578.8515
1777266310926,596.5190
1777266311007,614.6377
1777266311051,632.0555
1777266311099,650.7070
1777266311153,658.9702
1777266311217,693.4593
1777266311262,700.1571
1777266311305,716.7231
1777266311363,722.7425
1777266311431,745.6961
1777266311477,760.7925
1777266311525,776.3206
1777266311579,784.7411
1777266311646,814.2545
1777266311692,829.8170
1777266311736,836.4076
1777266311785,848.9487
1777266311857,870.8433
1777266311902,886.8732
1777266311946,894.9582
1777266311996,902.7307
1777266312054,924.0527
1777266312099,936.2754
1777266312144,950.4720
1777266312213,957.4048
1777266312300,990.3926
1777266312345,1002.6031
1777266312395,1020.0547
1777266312498,1051.2584
1777266312553,1072.5088
1777266312600,1092.4572
1777266312693,1123.8751
1777266312740,1147.3582
1777266312794,1172.8411
1777266312858,1187.5377
1777266312906,1220.7254
1777266312951,1245.2756
1777266312998,1269.8226
1777266313063,1296.2606
1777266313113,1321.0271
1777266313159,1347.2460
1777266313408,1429.1965
1777266313439,1447.5370
1777266313468,1480.8113
1777266313498,1497.8436
1777266313528,1527.3017
1777266313560,1541.5530
1777266313597,1566.9904
1777266313635,1577.0375
1777266313666,1588.6342
1777266313699,1606.2403
1777266313734,1625.5324
1777266313776,1634.7261
1777266313813,1651.5191
1777266313859,1659.1712
1777266313893,1685.8369
1777266313928,1692.6745
1777266313966,1706.3905
1777266314005,1724.2631
1777266314056,1736.7761
1777266314094,1749.8247
1777266314130,1752.5781
1777266314169,1764.8321
1777266314335,1768.5309
1777266314365,1776.2932
1777266314396,1781.3086
1777266314428,1787.2622
1777266314466,1793.1858
1777266314502,1801.4685
1777266314539,1807.5085
1777266314575,1812.0123
1777266314615,1817.9563
1777266314651,1823.8291
1777266314688,1829.9666
1777266314726,1840.0961
1777266314767,1842.3062
1777266314803,1848.0390
1777266314844,1853.7352
1777266314888,1860.7273
1777266314927,1866.4867
1777266314968,1876.1501
1777266315031,1883.5775
1777266315069,1889.0025
1777266315114,1895.6746
1777266315155,1898.2854
1777266315193,1897.0121
1777266315232,1892.8704
1777266315274,1885.7510
1777266315314,1879.5910
1777266315358,1871.0521
1777266315411,1866.1572
1777266315459,1859.7798
1777266315500,1853.6219
1777266315540,1848.8701
1777266315580,1845.9806
1777266315619,1843.1192
1777266315862,1835.5394
1777266315893,1842.3893
1777266315925,1845.6638
1777266315963,1852.0745
1777266316000,1856.6150
1777266316036,1862.3331
1777266316074,1868.6907
1777266316115,1876.6390
1777266316154,1885.6998
1777266316191,1902.7521
1777266316234,1924.0155
1777266316271,1941.4395
1777266316309,1946.7404
1777266316349,1969.6503
1777266316387,1982.2362
1777266316426,1980.7209
1777266316465,1989.4943
1777266316655,2039.7641
1777266316692,2044.4397
1777266316725,2046.5412
1777266316757,2050.0151
1777266316791,2051.9883
1777266316830,2054.0618
1777266316872,2057.6638
1777266316912,2061.5860
1777266316958,2068.3710
1777266316999,2077.7503
1777266317039,2084.1021
1777266317074,2089.5246
1777266317111,2091.6156
1777266317148,2095.7632
1777266317182,2099.4589
1777266317221,2100.4817
1777266317260,2103.2689
1777266317298,2106.5336
1777266317336,2126.1359
1777266317376,2131.5093
1777266317488,2144.9825
1777266317519,2176.0151
1777266317557,2179.5833
1777266317594,2182.8902
1777266317631,2186.1997
1777266317671,2193.4196
1777266317708,2200.7809
1777266317744,2208.3419
1777266317776,2226.7090
1777266317808,2234.1032
1777266317842,2245.7246
1777266317875,2252.0636
1777266317911,2253.6458
1777266317950,2256.9450
1777266317987,2258.9975
1777266318019,2242.0134
1777266318053,2201.7453
1777266318756,2258.3037
1777266320037,3354.6990
1777266321750,5670.3551
1777266324068,5933.7784
1777266326355,2826.6770
1777266328090,1595.1361
1777266329475,1761.8907
1777266330123,1405.7045
1777266330249,1181.8898
1777266330295,764.3782
1777266330318,662.9984
1777266330362,560.3899
1777266330385,504.8143
1777266330429,444.1122
1777266330452,403.2562
1777266330496,362.7333
1777266330519,92.0488
1777266330563,84.8223
1777266330586,80.2287
1777266330630,74.7119
1777266330653,71.4862
1777266330697,67.6265
1777266330721,65.0067
1777266330764,62.1785
1777266330788,60.1300
1777266330811,57.7982
1777266330855,55.2918
1777266330898,53.4260
1777266330922,52.2805
1777266330945,50.6939
1777266330989,48.8436
1777266331012,47.7052
1777266331056,46.1196
1777266331080,45.1562
1777266331124,43.9573
1777266331147,24.9024
1777266331191,20.7449
1777266331215,20.7013
1777266331259,20.4013
1777266331283,17.9064
1777266331327,17.3832
1777266331351,17.7268
1777266331395,17.6900
1777266331420,18.1005
1777266331443,17.9970
1777266331488,17.8825
1777266331512,17.8559
1777266331556,17.7017
1777266331580,17.7565
1777266331625,17.7079
1777266331649,17.8731
1777266331672,17.7850
1777266331717,17.4098
1777266331741,17.2925
1777266331786,16.8888
1777266331809,16.9629
1777266331854,17.0942
1777266331878,17.2198
1777266331923,17.0960
1777266331949,17.5246
1777266331972,17.5785
1777266332017,17.5067
1777266332041,17.8355
1777266332086,17.6794
1777266332110,18.0291
1777266332156,17.8520
1777266332181,18.3073
1777266332205,18.4415
1777266332251,18.3222
1777266332275,18.4229
1777266332321,18.4603
1777266332347,18.4842
1777266332371,18.5625
1777266332417,18.2406
1777266332442,18.2109
1777266332487,18.3247
1777266332512,18.4733
1777266332537,18.8982
1777266332582,18.6214
1777266332607,18.6831
1777266332653,18.5861
1777266332678,18.8680
1777266332703,19.1703
1777266332749,19.0787
1777266332774,19.4699
1777266332799,19.3076
1777266332845,19.1906
1777266332870,19.1797
1777266332916,19.0996
1777266332942,19.2682
1777266332967,19.2102
1777266333013,19.3731
1777266333039,19.6046
1777266333065,19.7731
1777266333112,19.4414
1777266333139,19.6866
1777266333165,19.5702
1777266333213,19.1265
1777266333240,19.4770
1777266333266,19.6116
1777266333314,19.5384
1777266333341,19.5463
1777266333367,19.5653
1777266333414,19.6569
1777266333446,19.9073
1777266333471,20.4483
1777266333497,20.4677
1777266333544,20.1642
1777266333572,20.6864
1777266333598,20.7284
1777266333644,20.7973
1777266333670,20.7779
1777266333697,20.7937
1777266333745,20.8138
1777266333771,20.9337
1777266333798,21.2372
1777266333844,21.4222
1777266333870,21.6846
1777266333897,21.9371
1777266333945,21.7741
1777266333971,22.0649
1777266333997,22.3409
1777266334024,22.0266
1777266334070,21.8110
1777266334097,22.1701
1777266334124,21.9936
1777266334172,21.5645
1777266334199,22.2355
1777266334225,22.1966
1777266334272,22.0896
1777266334299,22.4714
1777266334324,22.2801
1777266334372,22.0550
1777266334399,22.4293
1777266334426,22.3742
1777266334454,21.9003
1777266334501,21.4203
1777266334530,21.6956
1777266334557,21.5331
1777266334605,21.4149
1777266334632,21.7898
1777266334660,21.6082
1777266334686,21.5514
1777266334734,21.4874
1777266334762,21.5517
1777266334790,21.3882
1777266334818,21.1899
1777266334867,21.0849
1777266334896,20.9835
1777266334924,21.3168
1777266334952,21.0259
1777266335001,20.6995
1777266335030,21.0465
1777266335059,21.4353
1777266335088,21.2948
1777266335136,21.1654
1777266335165,21.8623
1777266335194,21.8953
1777266335223,21.8629
1777266335272,21.8934
1777266335301,21.8986
1777266335329,22.3465
1777266335357,22.5282
1777266335386,22.2628
1777266335436,21.7905
1777266335465,22.6530
1777266335494,22.7655
1777266335525,22.6976
1777266335556,22.8119
1777266335585,22.8503
1777266335633,22.4077
1777266335662,22.4136
1777266335690,22.6611
1777266335718,22.9027
1777266335767,22.6151
1777266335796,22.6831
1777266335824,23.0735
1777266335852,23.4603
1777266335900,23.1781
1777266335928,23.2473
1777266335956,23.4357
1777266335984,23.5590
1777266336033,23.2416
1777266336063,23.4110
1777266336092,23.7200
1777266336121,24.0580
1777266336155,23.9711
1777266336187,23.9759
1777266336216,23.9302
1777266336245,23.9279
1777266336294,23.5382
1777266336323,23.4276
1777266336351,23.2847
1777266336380,23.6762
1777266336429,23.3524
1777266336458,23.8400
1777266336487,23.8651
1777266336516,23.8627
1777266336565,23.6433
1777266336604,24.8970
1777266336633,25.4397
1777266336663,25.7583
1777266336693,25.9909
1777266336807,27.3117
1777266336833,28.1817
1777266336878,28.7341
1777266336901,28.5782
1777266336945,28.0973
1777266336969,28.0993
1777266336992,28.3625
1777266337037,27.7101
1777266337060,27.2832
1777266337105,26.5366
1777266337129,26.3309
1777266337173,26.0818
1777266337197,26.0473
1777266337242,26.0306
1777266337266,26.4212
1777266337289,26.1014
1777266337334,25.5055
1777266337357,25.0850
1777266337402,24.4647
1777266337425,24.6162
1777266337470,23.9046
1777266337493,23.5977
1777266337538,23.5015
1777266337561,23.3990
1777266337606,22.5188
1777266337630,21.8688
1777266337674,21.0733
1777266337698,20.6659
1777266337722,20.3364
1777266337767,19.9567
1777266337791,19.9283
1777266337836,17.9951
1777266337860,17.8303
1777266337905,17.5908
1777266337929,17.9213
1777266337953,17.7368
1777266337998,17.4124
1777266338023,17.7653
1777266338067,17.5021
1777266338091,17.8801
1777266338136,17.8692
1777266338161,18.1810
1777266338185,18.0929
1777266338230,17.9470
1777266338255,17.7757
1777266338301,17.6673
1777266338326,18.1665
1777266338351,18.1504
1777266338396,18.1427
1777266338421,18.1511
1777266338466,18.4573
1777266338489,18.5848
1777266338514,18.6831
1777266338558,18.3526
1777266338583,18.5144
1777266338628,18.1928
1777266338652,18.2364
1777266338697,18.0297
1777266338722,18.0550
1777266338747,18.2466
1777266338792,17.9110
1777266338817,17.9962
1777266338862,17.8767
1777266338887,18.1173
1777266338914,17.9394
1777266338961,17.7183
1777266338986,18.1542
1777266339011,18.0085
1777266339056,17.8564
1777266339081,17.8408
1777266339126,17.6851
1777266339151,17.7107
1777266339196,17.6409
1777266339221,18.1329
1777266339245,18.0581
1777266339291,17.9812
1777266339316,18.0218
1777266339345,17.8638
1777266339390,17.8714
1777266339415,17.9783
1777266339441,17.9774
1777266339486,17.7871
1777266339512,17.7324
1777266339557,17.8555
1777266339581,17.9398
1777266339627,18.0738
1777266339652,18.1834
1777266339678,18.5529
1777266339724,18.3201
1777266339749,18.3779
1777266339774,18.5869
1777266339821,18.4596
1777266339846,18.6714
1777266339893,18.2864
1777266339919,18.4783
1777266339944,18.7425
1777266339990,18.3780
1777266340015,18.5954
1777266340041,18.9836
1777266340087,18.8149
1777266340113,19.0816
1777266340160,18.9533
1777266340185,19.3581
1777266340211,19.3059
1777266340259,18.9286
1777266340286,19.2764
1777266340312,19.4553
1777266340359,19.4393
1777266340384,19.9998
1777266340410,20.0924
1777266340457,19.9865
1777266340482,20.4775
1777266340508,20.4611
1777266340555,20.4319
1777266340580,20.4366
1777266340606,20.6762
1777266340652,20.3450
1777266340678,20.1319
1777266340704,20.3646
1777266340751,20.2013
1777266340778,20.3249
1777266340802,20.4735
1777266340849,20.2416
1777266340875,20.4937
1777266340922,20.2822
1777266340949,20.5787
1777266340975,20.7028
1777266341021,20.7465
1777266341048,21.0427
1777266341074,21.4113
1777266341100,21.3056
1777266341147,21.0957
1777266341174,21.0962
1777266341201,20.7327
1777266341247,20.6330
1777266341274,20.6436
1777266341300,20.5224
1777266341349,20.2094
1777266341377,20.2436
1777266341403,20.2128
1777266341451,20.1773
1777266341478,20.4341
1777266341505,20.3936
1777266341532,20.4510
1777266341579,20.0832
1777266341607,19.8940
1777266341634,20.1857
1777266341672,20.4104
1777266341700,20.3394
1777266341749,20.4157
1777266341776,20.4579
1777266341803,20.5564
1777266341830,20.6286
1777266341877,20.2567
1777266341904,20.4928
1777266341931,20.3479
1777266341979,20.0074
1777266342006,20.2714
1777266342032,20.0169
1777266342079,19.8046
1777266342105,20.1150
1777266342131,20.4337
1777266342179,20.1881
1777266342206,20.4173
1777266342232,20.9183
1777266342279,20.8182
1777266342306,21.1037
1777266342333,21.4378
1777266342381,21.2350
1777266342409,21.4688
1777266342436,21.7319
1777266342462,21.5235
1777266342508,21.0379
1777266342535,21.2882
1777266342561,21.7015
1777266342609,21.4850
1777266342636,21.7289
1777266342662,21.6022
1777266342709,21.4168
1777266342735,21.8968
1777266342761,21.7808
1777266342809,21.3899
1777266342835,21.7018
1777266342862,22.1738
1777266342909,22.0378
1777266342936,22.2584
1777266342963,22.5754
1777266343011,22.3698
1777266343038,22.5802
1777266343065,22.8595
1777266343092,22.6350
1777266343140,22.2709
1777266343167,22.6852
1777266343194,22.7222
1777266343222,22.4379
1777266343270,22.2945
1777266343298,22.3100
1777266343324,22.1072
1777266343372,22.1829
1777266343400,22.3155
1777266343427,22.0931
1777266343455,21.8994
1777266343504,21.9774
1777266343531,22.0934
1777266343565,22.5126
1777266343592,22.8738
1777266343619,22.6572
1777266343668,22.4473
1777266343695,22.8322
1777266343723,22.6825
1777266343771,22.4498
1777266343798,23.0218
1777266343826,23.1385
1777266343854,23.0827
1777266343902,23.0818
1777266343930,23.2227
1777266343955,23.2080
1777266343981,23.2383
1777266344030,22.8105
1777266344057,22.6613
1777266344084,22.5973
1777266344132,22.6027
1777266344161,22.6776
1777266344196,22.9755
1777266344223,23.1931
1777266344251,23.3957
1777266344299,23.1708
1777266344327,23.4194
1777266344356,23.6613
1777266344403,23.4164
1777266344431,23.7656
1777266344461,24.5591
1777266344490,24.8429
1777266344519,24.7517
1777266344547,24.3331
1777266344594,24.0899
1777266344621,24.2939
1777266344648,24.4995
1777266344696,24.1666
1777266344724,24.2533
1777266344752,24.6267
1777266344779,24.4242
1777266344827,23.9494
1777266344854,24.1401
1777266344881,24.2876
1777266344929,23.8192
1777266344957,23.9549
1777266344985,24.1235
1777266345032,24.3738
1777266345059,24.5829
1777266345087,25.3355
1777266345114,25.2693
1777266345141,25.0710
1777266345189,24.6945
1777266345216,24.2380
1777266345244,24.2852
1777266345293,24.2095
1777266345320,24.2256
1777266345347,24.2081
1777266345374,24.0158
1777266345422,23.6397
1777266345452,23.2438
1777266345479,23.0335
1777266345527,22.8554
1777266345554,23.1503
1777266345581,23.4412
1777266345608,23.1589
1777266345655,22.9169
1777266345681,23.2038
1777266345708,23.1257
1777266345756,22.8087
1777266345783,22.8153
1777266345810,23.1174
1777266345837,22.9740
1777266345870,22.8712
1777266345918,22.7958
1777266345945,22.8277
1777266345972,22.4858
1777266346020,22.2776
1777266346047,22.3738
1777266346081,22.2671
1777266346108,22.3286
1777266346135,22.2294
1777266346184,22.4623
1777266346211,22.6361
1777266346238,22.6266
1777266346264,22.3539
1777266346312,22.3357
1777266346339,22.2486
1777266346367,21.8486
1777266346415,22.0162
1777266346441,22.1623
1777266346470,22.1067
1777266346498,22.2105
1777266346546,21.9244
1777266346572,21.7619
1777266346598,21.7488
1777266346645,21.7470
1777266346672,21.7810
1777266346698,21.7397
1777266346745,21.4190
1777266346771,21.7588
1777266346797,21.5860
1777266346844,21.5386
1777266346870,21.7077
1777266346895,21.8664
1777266346942,21.5981
1777266346968,21.6724
1777266346994,21.7758
1777266347041,21.4378
1777266347067,21.0101
1777266347093,21.0268
1777266347125,20.8825
1777266347172,20.9567
1777266347198,20.8708
1777266347224,20.6901
1777266347271,20.5362
1777266347297,20.9090
1777266347323,20.7330
1777266347370,20.4256
1777266347396,20.9663
1777266347423,20.9385
1777266347470,20.6219
1777266347496,20.7298
1777266347523,20.5397
1777266347571,20.6520
1777266347598,20.7583
1777266347624,20.9578
1777266347671,20.6872
1777266347697,20.5597
1777266347722,20.6056
1777266347769,20.8673
1777266347796,20.9255
1777266347822,21.1042
1777266347868,20.6844
1777266347894,20.8755
1777266347921,21.0505
1777266347968,20.7126
1777266347994,20.9335
1777266348020,21.3655
1777266348067,21.1953
1777266348094,21.3646
1777266348122,21.3862
1777266348150,21.1872
1777266348201,21.1394
1777266348228,21.4314
1777266348255,21.7075
1777266348283,21.4699
1777266348332,21.0335
1777266348363,21.5418
1777266348392,21.9226
1777266348419,21.9175
1777266348469,22.0167
1777266348498,22.1766
1777266348526,22.3774
1777266348555,22.5808
1777266348582,22.2812
1777266348632,22.0319
1777266348661,22.6093
1777266348689,22.7057
1777266348718,22.6882
1777266348746,22.5299
1777266348793,22.3195
1777266348821,22.5387
1777266348849,22.7435
1777266348898,22.4710
1777266348926,22.9549
1777266348955,23.1176
1777266348983,23.0601
1777266349018,23.2438
1777266349045,23.1223
1777266349094,23.0869
1777266349122,23.2303
1777266349150,23.3623
1777266349178,23.4191
1777266349227,22.9768
1777266349254,23.1301
1777266349282,23.5081
1777266349309,23.8762
1777266349358,23.4274
1777266349386,23.2647
1777266349416,23.0827
1777266349442,23.4199
1777266349491,23.0439
1777266349519,22.8812
1777266349547,22.7302
1777266349575,22.6724
1777266349623,22.6046
1777266349653,22.7295
1777266349680,22.5844
1777266349707,22.4788
1777266349756,22.3661
1777266349783,22.7518
1777266349811,22.5625
1777266349841,22.3583
1777266349890,22.4045
1777266349918,22.4263
1777266349946,22.3890
1777266349974,22.3510
1777266350001,22.1293
1777266350047,21.6414
1777266350074,21.8777
1777266350102,21.5342
1777266350150,21.1828
1777266350178,21.4017
1777266350206,21.6086
1777266350234,21.3246
1777266350282,20.7311
1777266350310,20.8297
1777266350337,21.2816
1777266350385,21.1341
1777266350412,21.3149
1777266350439,21.3721
1777266350469,21.3778
1777266350516,21.2744
1777266350543,21.2500
1777266350569,21.4853
1777266350617,21.7045
1777266350644,21.8056
1777266350670,21.6701
1777266350698,21.7183
1777266350746,21.7033
1777266350775,21.6915
1777266350802,21.4119
1777266350850,21.3005
1777266350880,21.5947
1777266350908,21.7759
1777266350934,21.7803
1777266350983,21.4895
1777266351010,21.8754
1777266351037,22.2343
1777266351063,22.1729
1777266351111,21.9541
1777266351137,22.4070
1777266351164,22.2337
1777266351212,21.8231
1777266351238,22.5536
1777266351265,22.5177
1777266351311,22.2468
1777266351337,22.4668
1777266351364,22.5252
1777266351411,22.1039
1777266351438,22.0962
1777266351465,22.1416
1777266351513,22.0748
1777266351541,22.2473
1777266351568,22.2195
1777266351594,22.4111
1777266351643,21.9520
1777266351670,22.0477
1777266351697,22.0809
1777266351745,22.1756
1777266351772,22.3756
1777266351800,22.7297
1777266351826,22.8825
1777266351874,22.5201
1777266351902,22.3352
1777266351930,22.3078
1777266351960,22.4908
1777266352007,22.0579
1777266352034,22.1625
1777266352061,22.1964
1777266352108,22.2987
1777266352134,22.3531
1777266352166,22.7543
1777266352192,23.1330
1777266352241,22.9674
1777266352269,23.2356
1777266352296,23.5446
1777266352323,23.2811
1777266352371,23.0626
1777266352399,23.5163
1777266352426,23.4533
1777266352454,23.1871
1777266352503,23.1588
1777266352531,23.1713
1777266352562,23.2134
1777266352590,23.2624
1777266352618,23.3839
1777266352667,22.9742
1777266352694,23.0995
1777266352722,23.2558
1777266352772,22.9562
1777266352806,23.1024
1777266352834,23.6690
1777266352863,24.3443
1777266352889,24.3156
1777266352917,24.1969
1777266352966,24.0167
1777266352993,24.3438
1777266353021,24.4139
1777266353048,24.2474
1777266353097,24.1671
1777266353124,24.2150
1777266353151,24.1410
1777266353198,23.8138
1777266353226,24.1758
1777266353270,24.1190
1777266353301,24.3916
1777266353329,24.7446
1777266353358,25.1747
1777266353386,25.0431
1777266353412,24.8283
1777266353467,24.4669
1777266353495,25.4694
1777266353524,25.5918
1777266353552,25.6099
1777266353580,25.4055
1777266353629,25.7798
1777266353657,25.9254
1777266353684,25.8296
1777266353711,25.7560
1777266353760,25.6126
1777266353789,25.3738
1777266353818,25.4112
1777266353850,24.9924
1777266353878,24.8499
1777266353927,24.7537
1777266353955,25.1877
1777266353984,25.1168
1777266354013,24.8861
1777266354041,24.5964
1777266354090,24.9000
1777266354119,24.9833
1777266354147,24.9757
1777266354176,24.8354
1777266354227,24.7652
1777266354257,24.8691
1777266354286,25.0900
1777266354315,24.8033
1777266354344,24.4947
1777266354372,24.1152
1777266354421,23.9382
1777266354451,24.3309
1777266354482,24.4005
1777266354512,24.1222
1777266354541,23.9460
1777266354593,23.8458
1777266354623,24.3000
1777266354651,24.4921
1777266354677,24.3674
1777266354704,24.5890
1777266354753,24.5212
1777266354780,24.5508
1777266354807,24.4696
1777266354834,24.2881
1777266354883,23.8102
1777266354912,24.2318
1777266354939,24.0694
1777266354988,23.6250
1777266355017,24.1162
1777266355044,24.2832
1777266355071,24.6031
1777266355120,24.4574
1777266355147,24.6172
1777266355174,24.7435
1777266355202,24.7803
1777266355252,24.4531
1777266355282,24.2423
1777266355310,24.2782
1777266355340,24.3209
1777266355369,24.4207
1777266355420,24.4821
1777266355449,24.7237
1777266355478,24.7560
1777266355510,24.7057
1777266355538,24.9635
1777266355566,25.0297
1777266355616,24.6860
1777266355644,24.6332
1777266355672,24.5060
1777266355700,24.4734
1777266355728,24.6373
1777266355777,24.1745
1777266355805,24.2091
1777266355833,24.3257
1777266355882,24.4511
1777266355911,24.5125
1777266355951,25.1603
1777266355979,25.7416
1777266356007,25.8587
1777266356036,25.7355
1777266356065,25.7333
1777266356095,25.5893
1777266356144,25.2572
1777266356174,25.5152
1777266356203,25.6530
1777266356231,25.8282
1777266356259,25.5015
1777266356308,24.9275
1777266356336,24.7835
1777266356372,25.3774
1777266356401,25.8216
1777266356429,25.5937
1777266356458,25.2282
1777266356508,24.8951
1777266356537,24.9568
1777266356564,25.0976
1777266356593,25.2581
1777266356642,24.9020
1777266356671,24.7660
1777266356700,24.8791
1777266356729,25.2118
1777266356757,25.5271
1777266356796,25.8458
1777266356825,25.7775
1777266356853,25.7521
1777266356903,25.3062
1777266356931,25.1923
1777266356959,24.5343
1777266357008,24.3873
1777266357037,24.3077
1777266357065,24.5179
1777266357093,24.7058
1777266357121,24.8739
1777266357149,24.4698
1777266357196,24.0507
1777266357222,24.1262
1777266357249,24.1436
1777266357298,24.1405
1777266357324,24.1693
1777266357351,24.0328
1777266357398,23.5290
1777266357425,23.7063
1777266357454,23.8033
1777266357482,23.9423
1777266357532,23.5869
1777266357561,23.5923
1777266357588,23.6943
1777266357638,23.8969
1777266357667,24.1886
1777266357695,24.3217
1777266357723,24.4405
1777266357751,24.4852
1777266357779,24.1763
1777266357826,23.9797
1777266357853,24.2630
1777266357880,24.5308
1777266357928,24.2191
1777266357955,24.2577
1777266357981,24.3433
1777266358009,24.3181
1777266358056,23.7162
1777266358084,23.4301
1777266358113,23.4119
1777266358141,23.3750
1777266358191,23.4758
1777266358220,23.5579
1777266358246,23.7989
1777266358273,23.9895
1777266358323,23.6208
1777266358351,23.6792
1777266358380,23.9376
1777266358408,23.8166
1777266358455,23.6711
1777266358483,23.9228
1777266358511,24.1986
1777266358538,23.9844
1777266358587,23.4973
1777266358614,23.6288
1777266358641,23.6969
1777266358690,23.2453
1777266358717,23.0959
1777266358745,23.1313
1777266358773,23.1897
1777266358801,23.2349
1777266358850,22.8702
1777266358879,22.9721
1777266358907,23.1710
1777266358935,22.9431
1777266358983,22.4437
1777266359011,22.3561
1777266359037,22.7549
1777266359064,22.5923
1777266359118,22.4986
1777266359145,22.8603
1777266359171,23.1726
1777266359198,22.9597
1777266359245,22.4449
1777266359272,22.5182
1777266359309,23.2898
1777266359336,23.2264
1777266359364,23.1876
1777266359412,22.9427
1777266359440,23.2774
1777266359469,23.1421
1777266359498,22.9235
1777266359546,22.8487
1777266359573,23.2708
1777266359600,23.2959
1777266359627,23.1573
1777266359677,22.7835
1777266359704,22.6742
1777266359731,22.6590
1777266359757,22.4348
1777266359805,22.2882
1777266359832,22.6091
1777266359860,22.4255
1777266359912,21.9951
1777266359946,23.0015
1777266359974,23.5073
1777266360005,23.7515
1777266360032,23.8051
1777266360060,23.7923
1777266360108,23.6964
1777266360134,23.6397
1777266360160,23.5436
1777266360208,23.4312
1777266360235,23.9154
1777266360262,24.0238
1777266360288,23.8198
1777266360335,23.1929
1777266360361,23.2240
1777266360388,23.2774
1777266360437,22.8493
1777266360465,22.9366
1777266360495,23.0171
1777266360523,23.1136
1777266360572,22.8485
1777266360600,22.7154
1777266360628,22.8964
1777266360655,23.1765
1777266360705,23.0107
1777266360733,23.1690
1777266360760,23.4339
1777266360787,23.6951
1777266360835,23.3777
1777266360862,23.6248
1777266360890,24.0884
1777266360918,23.8588
1777266360965,23.1245
1777266360992,22.5435
1777266361019,22.3306
1777266361048,22.2441
1777266361097,22.1983
1777266361125,22.2527
1777266361153,22.0219
1777266361203,22.0514
1777266361232,22.1700
1777266361260,22.2784
1777266361287,22.3422
1777266361314,22.4069
1777266361363,22.5345
1777266361389,22.8163
1777266361416,23.0365
1777266361465,22.7300
1777266361493,22.7796
1777266361521,23.0528
1777266361549,23.4350
1777266361596,23.0797
1777266361623,23.0076
1777266361651,23.0165
1777266361680,23.0911
1777266361730,22.7508
1777266361760,22.7510
1777266361788,22.8524
1777266361816,23.1013
1777266361844,22.8199
1777266361893,22.3652
1777266361921,22.4563
1777266361950,22.8429
1777266361978,22.6597
1777266362026,22.4972
1777266362055,22.7899
1777266362084,23.1209
1777266362111,22.9414
1777266362161,22.6373
1777266362191,23.0409
1777266362221,23.1939
1777266362253,23.0967
1777266362282,23.0190
1777266362311,23.0782
1777266362360,23.1809
1777266362389,23.2646
1777266362417,23.4076
1777266362446,23.6845
1777266362474,23.5016
1777266362524,23.0851
1777266362552,23.0079
1777266362581,23.5009
1777266362609,23.3919
1777266362637,23.2299
1777266362671,23.2653
1777266362869,24.5267
1777266362893,24.4660
1777266362916,24.1118
1777266362961,23.4408
1777266362985,23.3044
1777266363030,22.9999
1777266363055,22.6376
1777266363103,22.6937
1777266363127,23.1938
1777266363151,23.0041
1777266363196,22.3508
1777266363220,21.9830
1777266363266,21.2712
1777266363294,21.2413
1777266363318,21.3605
1777266363363,21.0305
1777266363388,20.6785
1777266363433,20.3352
1777266363458,20.3981
1777266363482,20.6274
1777266363527,20.2358
1777266363552,19.9288
1777266363598,19.2949
1777266363622,19.2255
1777266363668,19.3613
1777266363692,19.7324
1777266363717,19.7260
1777266363763,19.5740
1777266363787,19.7373
1777266363832,19.6182
1777266363857,19.7869
1777266363882,18.9992
1777266363927,18.9012
1777266363952,19.3565
1777266363998,19.4883
1777266364023,20.1758
1777266364048,20.1696
1777266364094,20.0146
1777266364119,19.8709
1777266364164,19.7889
1777266364189,20.2436
1777266364214,20.3865
1777266364260,20.3563
1777266364285,20.3848
1777266364311,20.1927
1777266364357,20.0669
1777266364382,20.0840
1777266364428,20.0132
1777266364453,19.9760
1777266364478,19.9659
1777266364524,19.9348
1777266364554,20.1050
1777266364579,20.5073
1777266364626,20.3409
1777266364652,20.5058
1777266364678,20.3056
1777266364725,20.0772
1777266364750,20.4624
1777266364775,20.2613
1777266364821,20.1032
1777266364848,20.1015
1777266364894,19.8218
1777266364920,20.2330
1777266364945,20.2418
1777266364976,20.2686
1777266365023,20.0655
1777266365049,20.1960
1777266365075,20.3685
1777266365122,19.9595
1777266365149,20.1503
1777266365175,20.0329
1777266365222,19.5636
1777266365248,19.8064
1777266365274,19.7957
1777266365321,19.6704
1777266365348,20.0127
1777266365373,19.9731
1777266365420,19.8311
1777266365446,19.8325
1777266365492,19.6018
1777266365517,20.1255
1777266365542,20.1454
1777266365588,19.7039
1777266365614,19.9023
1777266365640,19.7625
1777266365687,19.4942
1777266365712,19.7729
1777266365738,19.4840
1777266365785,19.1496
1777266365819,19.6683
1777266365844,19.8309
1777266365891,20.0309
1777266365917,20.1183
1777266365942,20.0480
1777266365989,19.9038
1777266366014,20.2613
1777266366040,20.0925
1777266366087,19.8740
1777266366113,20.2703
1777266366140,20.3558
1777266366187,20.2970
1777266366213,20.9437
1777266366238,20.8641
1777266366285,20.7110
1777266366311,21.1236
1777266366337,20.9951
1777266366384,20.8677
1777266366411,21.3081
1777266366437,21.4587
1777266366484,21.3549
1777266366511,21.4740
1777266366537,21.4215
1777266366584,21.5296
1777266366610,21.7413
1777266366635,21.8636
1777266366682,21.9123
1777266366707,21.9881
1777266366734,22.0548
1777266366781,22.1087
1777266366808,22.0880
1777266366834,22.0882
1777266366865,22.0437
1777266366912,21.6663
1777266366940,21.7944
1777266366967,21.9514
1777266367014,21.6602
1777266367041,21.6747
1777266367067,22.2146
1777266367093,22.0036
1777266367141,21.5211
1777266367167,21.5930
1777266367194,21.4903
1777266367242,21.1518
1777266367268,21.5863
1777266367295,21.3544
1777266367343,21.1412
1777266367370,21.4930
1777266367397,21.5785
1777266367425,21.3856
1777266367474,20.8523
1777266367501,21.2053
1777266367527,21.1244
1777266367575,21.1607
1777266367602,21.1552
1777266367629,21.1850
1777266367656,21.2289
1777266367704,20.8039
1777266367732,20.8342
1777266367759,21.3218
1777266367808,21.0523
1777266367835,21.1063
1777266367863,21.1710
1777266367891,21.0656
1777266367926,21.1000
1777266367975,20.8976
1777266368004,21.3003
1777266368031,21.5082
1777266368059,21.2126
1777266368087,20.9731
1777266368136,21.1962
1777266368163,21.3712
1777266368191,21.3648
1777266368240,21.4765
1777266368270,21.5790
1777266368298,21.7403
1777266368327,22.0471
1777266368355,21.8979
1777266368403,21.5192
1777266368431,21.8788
1777266368459,22.2409
1777266368487,22.1044
1777266368534,22.0137
1777266368561,22.3613
1777266368589,22.1661
1777266368637,21.8559
1777266368665,22.1812
1777266368692,22.7395
1777266368718,22.7039
1777266368766,22.5222
1777266368793,22.8108
1777266368820,22.6469
1777266368868,22.4682
1777266368896,22.7854
1777266368923,22.8169
1777266368950,22.9509
1777266368999,22.6323
1777266369026,22.5849
1777266369053,22.4837
1777266369080,22.6189
1777266369128,22.7793
1777266369158,22.8614
1777266369184,22.9717
1777266369213,23.0474
1777266369263,22.6942
1777266369290,22.5569
1777266369320,22.7019
1777266369349,22.6142
1777266369378,22.7357
1777266369428,22.3790
1777266369458,22.3382
1777266369486,22.4708
1777266369514,22.6261
1777266369563,22.2003
1777266369603,23.1461
1777266369632,23.5648
1777266369660,23.8539
1777266369688,23.9113
1777266369716,24.0336
1777266369744,24.3650
1777266369773,24.1751
1777266369813,24.3597
1777266369842,24.3431
1777266369891,24.0131
1777266369920,24.0374
1777266369949,24.2175
1777266369977,24.3615
1777266370027,24.1035
1777266370056,24.2792
1777266370085,24.5515
1777266370114,24.9163
1777266370142,24.7535
1777266370191,24.5002
1777266370218,24.9036
1777266370245,25.2619
1777266370273,25.0299
1777266370322,24.6312
1777266370351,24.7900
1777266370379,25.1808
1777266370414,25.5257
1777266370606,25.7371
1777266370631,31.1068
1777266370654,30.7728
1777266370677,30.2385
1777266370721,29.5463
1777266370744,29.3122
1777266370788,28.9241
1777266370812,28.5880
1777266370856,28.1324
1777266370880,28.2801
1777266370924,27.6131
1777266370948,27.5486
1777266370992,27.3159
1777266371016,27.6023
1777266371061,27.0280
1777266371086,26.8435
1777266371110,26.4893
1777266371154,26.0052
1777266371178,26.1200
1777266371222,25.6010
1777266371247,25.3545
1777266371293,25.8384
1777266371317,25.8854
1777266371341,25.5264
1777266371385,24.8217
1777266371409,24.6685
1777266371454,24.0155
1777266371483,23.9771
1777266371507,23.9897
1777266371552,23.6852
1777266371576,23.5958
1777266371620,23.4387
1777266371645,18.1080
1777266371670,17.9810
1777266371715,18.0596
1777266371739,18.0854
1777266371784,18.1451
1777266371808,18.1622
1777266371853,18.5558
1777266371878,18.6780
1777266371904,19.0788
1777266371949,18.8478
1777266371973,19.0712
1777266372019,18.7392
1777266372043,19.0283
1777266372068,18.8715
1777266372113,18.4239
1777266372137,18.7073
1777266372183,18.6391
1777266372208,18.8486
1777266372232,18.7890
1777266372278,18.4696
1777266372302,18.2449
1777266372348,18.0606
1777266372372,18.4514
1777266372397,18.2895
1777266372442,18.1169
1777266372467,18.0688
1777266372512,17.6247
1777266372538,17.7621
1777266372583,17.6675
1777266372608,18.0593
1777266372633,17.9294
1777266372679,17.7928
1777266372703,18.2386
1777266372728,18.1354
1777266372774,18.0358
1777266372799,18.0052
1777266372845,17.8866
1777266372870,17.9802
1777266372895,17.8985
1777266372940,17.8198
1777266372966,17.8083
1777266373011,17.8034
1777266373036,17.9406
1777266373061,17.7670
1777266373106,17.7690
1777266373131,17.7647
1777266373177,17.8212
1777266373202,17.9868
1777266373227,17.9780
1777266373272,18.0683
1777266373297,18.2317
1777266373343,18.2568
1777266373374,18.4179
1777266373400,18.8363
1777266373424,19.2919
1777266373470,18.9406
1777266373494,19.2255
1777266373540,19.1753
1777266373564,19.3910
1777266373610,19.0617
1777266373635,19.2653
1777266373660,19.5145
1777266373706,19.2652
1777266373731,19.3983
1777266373756,19.8490
1777266373801,19.5414
1777266373826,19.7666
1777266373872,19.6902
1777266373897,19.9465
1777266373922,20.2322
1777266373968,19.9147
1777266373993,20.2181
1777266374018,20.0431
1777266374064,19.5598
1777266374089,20.0010
1777266374136,19.9902
1777266374161,20.3114
1777266374188,20.2511
1777266374217,20.1552
1777266374263,20.2352
1777266374289,20.1920
1777266374336,20.2208
1777266374362,20.3831
1777266374388,20.1165
1777266374413,20.1035
1777266374460,19.8864
1777266374486,19.8930
1777266374532,20.0872
1777266374559,20.1626
1777266374585,20.2789
1777266374632,19.9493
1777266374658,20.0600
1777266374683,20.2690
1777266374730,20.0265
1777266374756,20.1624
1777266374782,20.3905
1777266374828,20.2860
1777266374855,20.6224
1777266374882,20.4325
1777266374930,20.2449
1777266374957,20.7281
1777266374984,20.7430
1777266375012,20.6985
1777266375059,20.7998
1777266375086,20.9472
1777266375111,21.0170
1777266375159,20.9545
1777266375186,21.0175
1777266375211,21.0680
1777266375258,21.1662
1777266375284,21.3237
1777266375310,21.4085
1777266375358,21.1387
1777266375384,21.1072
1777266375411,21.1656
1777266375457,21.5092
1777266375483,21.7718
1777266375510,21.9612
1777266375557,21.6484
1777266375585,21.8236
1777266375612,22.0727
1777266375639,21.8727
1777266375685,21.4934
1777266375712,21.8035
1777266375738,21.7720
1777266375786,21.4408
1777266375812,21.7329
1777266375839,21.5943
1777266375886,21.5218
1777266375912,21.9444
1777266375939,21.8651
1777266375966,21.4789
1777266376015,21.2337
1777266376042,21.5725
1777266376070,21.5583
1777266376118,21.3422
1777266376146,21.7301
1777266376173,21.7376
1777266376201,21.6110
1777266376250,21.6627
1777266376278,21.7750
1777266376303,21.7771
1777266376329,21.8574
1777266376376,21.4514
1777266376404,21.3112
1777266376431,21.2782
1777266376481,21.1010
1777266376511,20.9701
1777266376540,21.5116
1777266376568,21.4657
1777266376595,21.0873
1777266376644,20.8294
1777266376672,21.1835
1777266376701,21.2232
1777266376728,21.2052
1777266376777,20.9087
1777266376806,21.0076
1777266376835,21.0276
1777266376863,21.0958
1777266376913,20.7210
1777266376952,20.9775
1777266376980,22.2016
1777266377008,22.6012
1777266377036,22.7476
1777266377064,22.8006
1777266377092,22.8936
1777266377140,22.6258
1777266377167,22.4946
1777266377195,22.5727
1777266377244,22.6033
1777266377271,22.7251
1777266377298,22.8166
1777266377324,22.8443
1777266377370,22.9057
1777266377397,23.0129
1777266377423,22.9481
1777266377470,23.1105
1777266377497,23.1363
1777266377523,22.8509
1777266377569,22.5751
1777266377595,22.8283
1777266377621,23.0611
1777266377669,22.7169
1777266377696,22.6441
1777266377723,22.6996
1777266377772,23.2840
1777266377801,23.6115
1777266377828,23.6736
1777266377855,23.6830
1777266377904,23.6422
1777266377931,23.7048
1777266377959,23.0518
1777266377985,22.7656
1777266378033,22.0473
1777266378061,21.8510
1777266378089,21.9961
1777266378116,22.1644
1777266378165,21.8127
1777266378191,21.9575
1777266378217,22.0265
1777266378267,21.6513
1777266378296,21.5710
1777266378325,21.5111
1777266378353,21.9392
1777266378401,21.8418
1777266378430,22.2651
1777266378457,22.5240
1777266378484,22.2631
1777266378532,22.0485
1777266378559,22.4352
1777266378586,22.3007
1777266378633,22.1236
1777266378660,22.6167
1777266378687,22.6650
1777266378714,22.5761
1777266378762,22.4899
1777266378789,22.3122
1777266378818,22.1340
1777266378867,22.1253
1777266378894,22.6236
1777266378921,22.8495
1777266378947,22.6195
1777266378995,22.2691
1777266379024,22.9233
1777266379057,23.2852
1777266379083,23.2778
1777266379109,23.1902
1777266379157,23.2152
1777266379183,23.1357
1777266379210,23.0622
1777266379256,23.0432
1777266379283,23.0415
1777266379311,22.8060
1777266379360,22.6297
1777266379389,22.9828
1777266379417,22.7266
1777266379448,22.5027
1777266379498,22.5276
1777266379526,23.0524
1777266379554,23.2650
1777266379582,23.3794
1777266379610,23.6022
1777266379661,23.2492
1777266379690,23.3777
1777266379717,23.6327
1777266379745,23.8618
1777266379772,23.5605
1777266379820,23.2515
1777266379848,23.4093
1777266379874,23.2639
1777266379922,22.7713
1777266379950,22.6028
1777266379978,23.0599
1777266380005,22.9770
1777266380054,22.4345
1777266380080,22.5465
1777266380108,22.6707
1777266380158,22.8080
1777266380185,22.9703
1777266380214,23.3837
1777266380241,23.8608
1777266380269,23.8149
1777266380318,23.5698
1777266380346,23.8180
1777266380373,23.7239
1777266380422,23.5155
1777266380449,23.8634
1777266380476,24.0187
1777266380503,23.8852
1777266380551,23.4382
1777266380579,23.2218
1777266380607,23.3739
1777266380634,23.2829
1777266380683,23.3334
1777266380709,23.3143
1777266380737,23.3976
1777266380765,23.4233
1777266380814,23.4487
1777266380842,23.5109
1777266380870,23.7737
1777266380897,23.8496
1777266380945,23.4688
1777266380973,23.4185
1777266381000,23.4270
1777266381048,23.5091
1777266381076,23.6074
1777266381103,23.6801
1777266381129,23.7697
1777266381178,23.4122
1777266381206,23.0609
1777266381233,23.1595
1777266381260,22.9911
1777266381308,23.0775
1777266381339,23.0041
1777266381367,23.0900
1777266381394,23.0597
1777266381442,22.7062
1777266381470,22.5597
1777266381498,22.4366
1777266381524,22.4990
1777266381572,22.0910
1777266381599,21.7802
1777266381626,21.8065
1777266381674,21.8199
1777266381701,21.7317
1777266381728,21.6082
1777266381754,21.4700
1777266381801,21.4047
1777266381829,21.3698
1777266381856,21.0803
1777266381904,20.4793
1777266381931,21.0641
1777266381961,21.0478
1777266381996,21.0800
1777266382023,21.1949
1777266382072,20.8985
1777266382100,20.7864
1777266382128,20.7854
1777266382155,20.8745
1777266382203,20.5940
1777266382230,20.3949
1777266382257,20.4746
1777266382306,20.6113
1777266382334,20.8826
1777266382361,20.8506
1777266382386,20.9070
1777266382435,20.9087
1777266382462,20.9971
1777266382490,21.0203
1777266382517,21.2217
1777266382565,21.2137
1777266382590,21.2683
1777266382625,21.3995
1777266382653,21.6973
1777266382684,21.3634
1777266382734,21.1029
1777266382762,21.4487
1777266382790,22.0773
1777266382817,22.0613
1777266382865,21.8157
1777266382893,22.5268
1777266382919,22.4599
1777266382946,22.2947
1777266382994,21.8914
1777266383020,22.0234
1777266383047,22.1232
1777266383095,21.7644
1777266383123,21.6493
1777266383150,21.8846
1777266383198,22.1085
1777266383229,22.2355
1777266383256,22.4523
1777266383284,22.7090
1777266383333,22.4670
1777266383361,22.4199
1777266383389,22.7834
1777266383416,22.9797
1777266383442,22.7356
1777266383489,22.2566
1777266383516,22.1039
1777266383542,22.4218
1777266383590,22.1794
1777266383617,22.0507
1777266383644,21.9297
1777266383691,21.8650
1777266383717,22.2106
1777266383744,22.0970
1777266383792,21.6264
1777266383819,21.5216
1777266383847,21.9087
1777266383883,22.1694
1777266383910,22.1496
1777266383958,22.1441
1777266383985,22.7090
1777266384013,22.7111
1777266384040,22.7416
1777266384090,22.7794
1777266384117,22.9137
1777266384144,22.9750
1777266384170,22.9428
1777266384219,22.6777
1777266384246,22.4458
1777266384274,22.3141
1777266384322,22.3384
1777266384350,22.4835
1777266384377,22.2989
1777266384405,21.8043
1777266384453,21.5377
1777266384485,22.2033
1777266384515,22.7388
1777266384541,22.8987
1777266384567,23.0464
1777266384616,22.7308
1777266384643,22.9073
1777266384670,23.0310
1777266384720,22.6816
1777266384747,23.2407
1777266384775,23.3979
1777266384802,23.3802
1777266384851,23.0874
1777266384879,23.0033
1777266384904,22.9934
1777266384952,23.0650
1777266384979,23.2339
1777266385006,23.0570
1777266385033,23.0037
1777266385080,22.9616
1777266385107,22.9889
1777266385144,23.1611
1777266385170,23.3534
1777266385196,23.4695
1777266385243,23.2247
1777266385270,23.3053
1777266385298,23.3728
1777266385349,22.9012
1777266385376,23.0657
1777266385402,23.4230
1777266385429,23.8833
1777266385476,23.4919
1777266385502,23.2046
1777266385530,23.0670
1777266385559,22.8594
1777266385606,23.0506
1777266385632,22.9968
1777266385659,22.8729
1777266385707,22.7548
1777266385733,22.7406
1777266385769,22.7228
1777266385795,22.8711
1777266385842,22.9819
1777266385869,22.9482
1777266385896,22.8777
1777266385923,22.8278
1777266385970,22.2242
1777266385996,22.1984
1777266386022,21.9638
1777266386070,21.9463
1777266386097,21.9147
1777266386123,21.8427
1777266386169,21.1858
1777266386195,21.3794
1777266386221,21.4974
1777266386269,21.0647
1777266386296,21.1598
1777266386322,21.2767
1777266386371,20.8973
1777266386400,20.5827
1777266386427,20.6040
1777266386453,20.4940
1777266386501,20.5370
1777266386527,20.5965
1777266386553,20.5508
1777266386600,20.5005
1777266386628,20.5096
1777266386654,20.5119
1777266386702,20.4893
1777266386728,20.5374
1777266386754,20.5641
1777266386801,19.9517
1777266386827,20.2013
1777266386853,19.9153
1777266386900,19.6016
1777266386927,19.8480
1777266386953,20.0669
1777266387002,19.7666
1777266387031,20.4465
1777266387057,20.7087
1777266387083,20.6799
1777266387131,20.5402
1777266387157,20.8455
1777266387185,20.6229
1777266387232,20.5008
1777266387259,20.9690
1777266387286,20.9062
1777266387335,20.6909
1777266387363,21.4023
1777266387390,21.3536
1777266387417,21.3443
1777266387450,21.3660
1777266387499,21.5886
1777266387528,21.7073
1777266387557,21.8711
1777266387585,22.0376
1777266387658,21.6666
1777266387693,23.3571
1777266387722,24.2860
1777266387751,24.4154
1777266387800,24.4497
1777266387828,24.5080
1777266387856,24.6202
1777266387884,24.8215
1777266387932,24.4344
1777266387961,25.1044
1777266387988,25.2210
1777266388015,25.1075
1777266388064,24.7749
1777266388092,25.0642
1777266388121,25.3287
1777266388148,25.1656
1777266388197,25.0116
1777266388225,25.4719
1777266388253,25.5158
1777266388287,25.7870
1777266388317,26.1992
1777266388345,26.0023
1777266388393,25.6080
1777266388422,25.8082
1777266388450,25.8175
1777266388480,25.8537
1777266388507,25.5904
1777266388555,25.0752
1777266388583,25.1199
1777266388610,25.6936
1777266388658,25.4595
1777266388702,25.5188
1777266388734,24.5686
1777266388761,24.7902
1777266388789,25.5939
1777266388817,25.6362
1777266388844,25.4487
1777266388872,25.2295
1777266388922,25.3920
1777266388950,25.4477
1777266388977,25.4333
1777266389005,25.2551
1777266389053,25.3848
1777266389081,25.2873
1777266389110,25.2207
1777266389138,25.2656
1777266389186,25.1883
1777266389214,25.1922
1777266389242,25.1742
1777266389268,24.7862
1777266389321,24.3494
1777266389350,24.6810
1777266389378,25.0690
1777266389407,24.8985
1777266389436,24.7564
1777266389485,24.6161
1777266389513,24.9232
1777266389551,25.7959
1777266389580,26.1995
1777266389607,26.2981
1777266389634,26.1479
1777266389683,26.1444
1777266389711,26.2543
1777266389741,24.9981
1777266389769,24.9548
1777266389817,24.1801
1777266389845,24.2405
1777266389872,24.6048
1777266389900,25.0114
1777266389951,24.5599
