Timestamp,Profit,CurrentTPS,CurrentTokens,TokensUsed,TransactionsUpgraded
1777266137821,613.00,0.00,NA,339.30,0
1777266137855,606.00,0.00,NA,339.30,0
1777266137878,615.00,96.00,NA,339.30,0
1777266137902,619.00,144.00,NA,339.30,0
1777266137945,592.00,223.00,NA,339.30,0
1777266137992,618.00,300.00,NA,339.30,0
1777266138015,597.00,360.00,NA,339.30,0
1777266138037,610.00,420.00,NA,339.30,0
1777266138059,595.00,480.00,NA,339.30,0
1777266138102,593.00,540.00,NA,339.30,0
1777266138124,607.00,600.00,NA,339.30,0
1777266138169,584.00,660.00,NA,339.30,0
1777266138194,607.00,720.00,NA,339.30,0
1777266138239,593.00,780.00,NA,339.30,0
1777266138264,605.00,840.00,NA,339.30,0
1777266138309,612.00,900.00,NA,339.30,0
1777266138334,608.00,957.00,NA,339.30,0
1777266138358,590.00,1020.00,NA,339.30,0
1777266138403,590.00,1080.00,NA,339.30,0
1777266138426,605.00,1137.00,NA,339.30,0
1777266138471,590.00,1200.00,NA,339.30,0
1777266138495,581.00,1260.00,NA,339.30,0
1777266138543,589.00,1320.00,NA,339.30,0
1777266138569,585.00,1380.00,NA,339.30,0
1777266138593,595.00,1440.00,NA,339.30,0
1777266138639,575.00,1497.00,NA,339.30,0
1777266138663,621.00,1560.00,NA,339.30,0
1777266138688,598.00,1617.00,NA,339.30,0
1777266138734,610.00,1677.00,NA,339.30,0
1777266138759,594.00,1737.00,NA,339.30,0
1777266138785,601.00,1797.00,NA,339.30,0
1777266138831,587.00,1860.00,NA,339.30,0
1777266138855,580.00,1920.00,NA,339.30,0
1777266138901,590.00,1980.00,NA,339.30,0
1777266138925,595.00,2040.00,NA,339.30,0
1777266138948,621.00,2100.00,NA,339.30,0
1777266138994,580.00,2157.00,NA,339.30,0
1777266139016,595.00,2217.00,NA,339.30,0
1777266139059,584.00,2280.00,NA,339.30,0
1777266139081,606.00,2337.00,NA,339.30,0
1777266139124,593.00,2397.00,NA,339.30,0
1777266139147,611.00,2457.00,NA,339.30,0
1777266139191,616.00,2520.00,NA,339.30,0
1777266139246,1185.00,2580.00,NA,678.60,0
1777266139290,595.00,2697.00,NA,339.30,0
1777266139312,597.00,2760.00,NA,339.30,0
1777266139356,608.00,2820.00,NA,339.30,0
1777266139401,603.00,2880.00,NA,339.30,0
1777266139424,613.00,2937.00,NA,339.30,0
1777266139447,605.00,2997.00,NA,339.30,0
1777266139511,593.00,3057.00,NA,339.30,0
1777266139533,580.00,3120.00,NA,339.30,0
1777266139576,606.00,3180.00,NA,339.30,0
1777266139598,608.00,3237.00,NA,339.30,0
1777266139643,596.00,3297.00,NA,339.30,0
1777266139667,601.00,3360.00,NA,339.30,0
1777266139710,578.00,3420.00,NA,339.30,0
1777266139732,585.00,3477.00,NA,339.30,0
1777266139775,584.00,3537.00,NA,339.30,0
1777266139799,618.00,3600.00,NA,339.30,0
1777266139842,590.00,3657.00,NA,339.30,0
1777266139865,606.00,3717.00,NA,339.30,0
1777266139909,606.00,3780.00,NA,339.30,0
1777266139931,590.00,3837.00,NA,339.30,0
1777266139974,581.00,3900.00,NA,339.30,0
1777266139996,634.00,3949.00,NA,339.30,0
1777266140039,635.00,4020.00,NA,339.30,0
1777266140062,578.00,4080.00,NA,339.30,0
1777266140106,616.00,4139.00,NA,339.30,0
1777266140144,597.00,4197.00,NA,339.30,0
1777266140167,600.00,4260.00,NA,339.30,0
1777266140223,609.00,4320.00,NA,339.30,0
1777266140245,601.00,4380.00,NA,339.30,0
1777266140267,584.00,4440.00,NA,339.30,0
1777266140309,585.00,4497.00,NA,339.30,0
1777266140330,611.00,4560.00,NA,339.30,0
1777266140373,616.00,4620.00,NA,339.30,0
1777266140396,593.00,4677.00,NA,339.30,0
1777266140439,604.00,4737.00,NA,339.30,0
1777266140462,582.00,4797.00,NA,339.30,0
1777266140505,609.00,4858.00,NA,339.30,0
1777266140528,586.00,4917.00,NA,339.30,0
1777266140571,595.00,4980.00,NA,339.30,0
1777266140614,614.00,5040.00,NA,339.30,0
1777266140646,621.00,5097.00,NA,339.30,0
1777266140669,605.00,5157.00,NA,339.30,0
1777266140692,605.00,5217.00,NA,339.30,0
1777266140735,575.00,5280.00,NA,339.30,0
1777266140779,615.00,5340.00,NA,339.30,0
1777266140839,1193.00,5400.00,NA,678.60,0
1777266140861,636.00,5514.00,NA,339.30,0
1777266140904,601.00,5580.00,NA,339.30,0
1777266140926,584.00,5637.00,NA,339.30,0
1777266140968,583.00,5700.00,NA,339.30,0
1777266140990,605.00,5757.00,NA,339.30,0
1777266141032,602.00,5820.00,NA,339.30,0
1777266141075,591.00,5879.00,NA,339.30,0
1777266141097,601.00,5937.00,NA,339.30,0
1777266141139,594.00,6000.00,NA,339.30,0
1777266141160,596.00,6057.00,NA,339.30,0
1777266141202,624.00,6120.00,NA,339.30,0
1777266141224,584.00,6177.00,NA,339.30,0
1777266141266,603.00,6237.00,NA,339.30,0
1777266141307,574.00,6300.00,NA,339.30,0
1777266141329,600.00,6360.00,NA,339.30,0
1777266141371,606.00,6417.00,NA,339.30,0
1777266141392,599.00,6477.00,NA,339.30,0
1777266141434,586.00,6537.00,NA,339.30,0
1777266141456,610.00,6597.00,NA,339.30,0
1777266141502,609.00,6660.00,NA,339.30,0
1777266141524,616.00,6717.00,NA,339.30,0
1777266141567,624.00,6777.00,NA,339.30,0
1777266141590,557.00,6837.00,NA,339.30,0
1777266141633,577.00,6900.00,NA,339.30,0
1777266141655,603.00,6957.00,NA,339.30,0
1777266141699,602.00,7017.00,NA,339.30,0
1777266141721,613.00,7077.00,NA,339.30,0
1777266141765,585.00,7137.00,NA,339.30,0
1777266141787,607.00,7197.00,NA,339.30,0
1777266141831,586.00,7260.00,NA,339.30,0
1777266141854,607.00,7317.00,NA,339.30,0
1777266141897,608.00,7377.00,NA,339.30,0
1777266141919,591.00,7432.00,NA,339.30,0
1777266141962,581.00,7500.00,NA,339.30,0
1777266141985,617.00,7557.00,NA,339.30,0
1777266142028,600.00,7617.00,NA,339.30,0
1777266142051,612.00,7677.00,NA,339.30,0
1777266142095,583.00,7737.00,NA,339.30,0
1777266142118,592.00,7797.00,NA,339.30,0
1777266142162,600.00,7860.00,NA,339.30,0
1777266142185,593.00,7917.00,NA,339.30,0
1777266142230,601.00,7977.00,NA,339.30,0
1777266142253,586.00,8040.00,NA,339.30,0
1777266142297,605.00,8100.00,NA,339.30,0
1777266142327,619.00,8157.00,NA,339.30,0
1777266142350,568.00,8217.00,NA,339.30,0
1777266142394,601.00,8277.00,NA,339.30,0
1777266142417,580.00,8337.00,NA,339.30,0
1777266142461,587.00,8400.00,NA,339.30,0
1777266142484,589.00,8457.00,NA,339.30,0
1777266142528,603.00,8520.00,NA,339.30,0
1777266142550,605.00,8580.00,NA,339.30,0
1777266142594,616.00,8638.00,NA,339.30,0
1777266142617,573.00,8697.00,NA,339.30,0
1777266142661,601.00,8757.00,NA,339.30,0
1777266142684,607.00,8817.00,NA,339.30,0
1777266142727,602.00,8877.00,NA,339.30,0
1777266142751,593.00,8937.00,NA,339.30,0
1777266142795,606.00,9000.00,NA,339.30,0
1777266142818,613.00,9053.00,NA,339.30,0
1777266142863,610.00,9119.00,NA,339.30,0
1777266142886,609.00,9036.00,NA,339.30,0
1777266142930,602.00,9032.00,NA,339.30,0
1777266142953,613.00,9019.00,NA,339.30,0
1777266142998,606.00,9027.00,NA,339.30,0
1777266143022,615.00,9028.00,NA,339.30,0
1777266143046,610.00,9014.00,NA,339.30,0
1777266143091,623.00,9000.00,NA,339.30,0
1777266143115,593.00,8997.00,NA,339.30,0
1777266143160,605.00,9000.00,NA,339.30,0
1777266143184,601.00,9000.00,NA,339.30,0
1777266143229,623.00,8997.00,NA,339.30,0
1777266143253,564.00,8997.00,NA,339.30,0
1777266143277,587.00,8997.00,NA,339.30,0
1777266143321,611.00,9000.00,NA,339.30,0
1777266143344,609.00,9007.00,NA,339.30,0
1777266143397,605.00,9000.00,NA,339.30,0
1777266143422,590.00,8993.00,NA,339.30,0
1777266143471,594.00,9000.00,NA,339.30,0
1777266143494,600.00,9000.00,NA,339.30,0
1777266143517,600.00,9000.00,NA,339.30,0
1777266143541,579.00,9057.00,NA,339.30,0
1777266143586,610.00,8997.00,NA,339.30,0
1777266143611,626.00,9009.00,NA,339.30,0
1777266143656,602.00,8997.00,NA,339.30,0
1777266143680,592.00,9003.00,NA,339.30,0
1777266143725,590.00,9003.00,NA,339.30,0
1777266143750,611.00,9000.00,NA,339.30,0
1777266143775,595.00,9001.00,NA,339.30,0
1777266143820,605.00,9000.00,NA,339.30,0
1777266143844,594.00,8997.00,NA,339.30,0
1777266143889,580.00,9000.00,NA,339.30,0
1777266143912,591.00,8997.00,NA,339.30,0
1777266143957,600.00,8949.00,NA,339.30,0
1777266143981,587.00,9000.00,NA,339.30,0
1777266144006,588.00,9000.00,NA,339.30,0
1777266144051,619.00,9000.00,NA,339.30,0
1777266144075,589.00,9000.00,NA,339.30,0
1777266144121,624.00,9000.00,NA,339.30,0
1777266144145,570.00,9003.00,NA,339.30,0
1777266144190,611.00,9000.00,NA,339.30,0
1777266144213,622.00,9000.00,NA,339.30,0
1777266144237,592.00,9057.00,NA,339.30,0
1777266144281,615.00,9000.00,NA,339.30,0
1777266144306,622.00,8997.00,NA,339.30,0
1777266144351,583.00,9000.00,NA,339.30,0
1777266144376,594.00,9000.00,NA,339.30,0
1777266144422,601.00,9003.00,NA,339.30,0
1777266144446,597.00,9000.00,NA,339.30,0
1777266144470,597.00,8995.00,NA,339.30,0
1777266144516,609.00,9040.00,NA,339.30,0
1777266144540,580.00,9000.00,NA,339.30,0
1777266144586,602.00,9000.00,NA,339.30,0
1777266144613,587.00,9009.00,NA,339.30,0
1777266144639,580.00,9060.00,NA,339.30,0
1777266144685,598.00,9003.00,NA,339.30,0
1777266144710,605.00,9060.00,NA,339.30,0
1777266144735,591.00,9060.00,NA,339.30,0
1777266144780,582.00,9017.00,NA,339.30,0
1777266144804,598.00,9003.00,NA,339.30,0
1777266144851,601.00,9003.00,NA,339.30,0
1777266144876,598.00,9000.00,NA,339.30,0
1777266144901,613.00,9057.00,NA,339.30,0
1777266144988,606.00,8949.00,NA,339.30,0
1777266145011,593.00,8946.00,NA,339.30,0
1777266145054,563.00,8937.00,NA,339.30,0
1777266145076,612.00,8949.00,NA,339.30,0
1777266145119,604.00,8943.00,NA,339.30,0
1777266145141,595.00,8999.00,NA,339.30,0
1777266145184,626.00,8937.00,NA,339.30,0
1777266145206,589.00,8997.00,NA,339.30,0
1777266145249,591.00,8940.00,NA,339.30,0
1777266145272,579.00,8949.00,NA,339.30,0
1777266145315,630.00,8940.00,NA,339.30,0
1777266145337,586.00,8934.00,NA,339.30,0
1777266145380,588.00,8945.00,NA,339.30,0
1777266145422,596.00,8940.00,NA,339.30,0
1777266145445,620.00,8940.00,NA,339.30,0
1777266145490,584.00,8943.00,NA,339.30,0
1777266145513,587.00,8940.00,NA,339.30,0
1777266145535,587.00,8940.00,NA,339.30,0
1777266145579,604.00,8943.00,NA,339.30,0
1777266145601,612.00,8997.00,NA,339.30,0
1777266145645,596.00,9000.00,NA,339.30,0
1777266145667,618.00,9003.00,NA,339.30,0
1777266145711,605.00,8946.00,NA,339.30,0
1777266145734,612.00,8997.00,NA,339.30,0
1777266145777,620.00,9000.00,NA,339.30,0
1777266145799,605.00,9000.00,NA,339.30,0
1777266145843,624.00,9005.00,NA,339.30,0
1777266145865,579.00,8940.00,NA,339.30,0
1777266145910,588.00,8943.00,NA,339.30,0
1777266145932,616.00,8936.00,NA,339.30,0
1777266145976,603.00,8943.00,NA,339.30,0
1777266145999,597.00,8946.00,NA,339.30,0
1777266146042,608.00,8940.00,NA,339.30,0
1777266146065,604.00,9000.00,NA,339.30,0
1777266146109,622.00,8940.00,NA,339.30,0
1777266146132,587.00,8997.00,NA,339.30,0
1777266146175,610.00,8942.00,NA,339.30,0
1777266146198,590.00,8997.00,NA,339.30,0
1777266146241,582.00,8952.00,NA,339.30,0
1777266146264,590.00,8996.00,NA,339.30,0
1777266146309,617.00,9000.00,NA,339.30,0
1777266146332,596.00,8940.00,NA,339.30,0
1777266146375,622.00,8943.00,NA,339.30,0
1777266146398,583.00,8943.00,NA,339.30,0
1777266146441,569.00,8940.00,NA,339.30,0
1777266146464,618.00,8940.00,NA,339.30,0
1777266146508,584.00,8943.00,NA,339.30,0
1777266146530,598.00,8949.00,NA,339.30,0
1777266146574,575.00,8946.00,NA,339.30,0
1777266146597,593.00,8946.00,NA,339.30,0
1777266146641,611.00,8943.00,NA,339.30,0
1777266146664,605.00,8944.00,NA,339.30,0
1777266146708,601.00,8943.00,NA,339.30,0
1777266146731,571.00,8943.00,NA,339.30,0
1777266146775,602.00,8941.00,NA,339.30,0
1777266146798,585.00,8940.00,NA,339.30,0
1777266146842,598.00,8943.00,NA,339.30,0
1777266146865,598.00,8949.00,NA,339.30,0
1777266146910,612.00,8955.00,NA,339.30,0
1777266146933,611.00,8946.00,NA,339.30,0
1777266146978,603.00,8943.00,NA,339.30,0
1777266147003,599.00,8955.00,NA,339.30,0
1777266147027,586.00,9000.00,NA,339.30,0
1777266147071,598.00,8943.00,NA,339.30,0
1777266147095,588.00,9000.00,NA,339.30,0
1777266147139,595.00,8943.00,NA,339.30,0
1777266147162,599.00,8997.00,NA,339.30,0
1777266147206,594.00,8952.00,NA,339.30,0
1777266147230,616.00,8999.00,NA,339.30,0
1777266147274,606.00,8943.00,NA,339.30,0
1777266147297,614.00,9000.00,NA,339.30,0
1777266147321,615.00,8996.00,NA,339.30,0
1777266147366,598.00,8942.00,NA,339.30,0
1777266147390,628.00,9000.00,NA,339.30,0
1777266147435,597.00,8941.00,NA,339.30,0
1777266147459,577.00,8997.00,NA,339.30,0
1777266147504,610.00,8943.00,NA,339.30,0
1777266147552,594.00,8988.00,NA,339.30,0
1777266147577,583.00,8943.00,NA,339.30,0
1777266147602,609.00,8943.00,NA,339.30,0
1777266147627,599.00,8943.00,NA,339.30,0
1777266147672,585.00,8940.00,NA,339.30,0
1777266147697,605.00,8940.00,NA,339.30,0
1777266147722,588.00,9000.00,NA,339.30,0
1777266147768,590.00,8940.00,NA,339.30,0
1777266147793,599.00,8997.00,NA,339.30,0
1777266147839,599.00,8943.00,NA,339.30,0
1777266147862,583.00,9000.00,NA,339.30,0
1777266147907,608.00,8940.00,NA,339.30,0
1777266147932,594.00,8997.00,NA,339.30,0
1777266147956,623.00,8992.00,NA,339.30,0
1777266148002,590.00,8996.00,NA,339.30,0
1777266148027,608.00,8973.00,NA,339.30,0
1777266148090,581.00,8940.00,NA,339.30,0
1777266148115,600.00,8943.00,NA,339.30,0
1777266148139,594.00,8942.00,NA,339.30,0
1777266148164,610.00,8992.00,NA,339.30,0
1777266148188,575.00,9000.00,NA,339.30,0
1777266148234,603.00,8997.00,NA,339.30,0
1777266148260,603.00,8955.00,NA,339.30,0
1777266148285,612.00,8943.00,NA,339.30,0
1777266148331,571.00,8943.00,NA,339.30,0
1777266148356,561.00,8940.00,NA,339.30,0
1777266148402,622.00,9000.00,NA,339.30,0
1777266148427,616.00,8989.00,NA,339.30,0
1777266148452,600.00,8997.00,NA,339.30,0
1777266148498,618.00,8979.00,NA,339.30,0
1777266148522,591.00,8965.00,NA,339.30,0
1777266148567,609.00,8940.00,NA,339.30,0
1777266148656,584.00,8882.00,NA,339.30,0
1777266148678,597.00,8880.00,NA,339.30,0
1777266148721,590.00,8877.00,NA,339.30,0
1777266148743,606.00,8880.00,NA,339.30,0
1777266148785,613.00,8829.00,NA,339.30,0
1777266148808,606.00,8880.00,NA,339.30,0
1777266148850,593.00,8823.00,NA,339.30,0
1777266148873,597.00,8877.00,NA,339.30,0
1777266148916,613.00,8823.00,NA,339.30,0
1777266148938,637.00,8880.00,NA,339.30,0
1777266148981,583.00,8882.00,NA,339.30,0
1777266149003,597.00,8880.00,NA,339.30,0
1777266149045,610.00,8880.00,NA,339.30,0
1777266149089,606.00,8832.00,NA,339.30,0
1777266149111,607.00,8880.00,NA,339.30,0
1777266149170,618.00,8817.00,NA,339.30,0
1777266149192,584.00,8867.00,NA,339.30,0
1777266149214,618.00,8880.00,NA,339.30,0
1777266149237,581.00,8874.00,NA,339.30,0
1777266149280,602.00,8879.00,NA,339.30,0
1777266149303,623.00,8883.00,NA,339.30,0
1777266149346,607.00,8880.00,NA,339.30,0
1777266149368,583.00,8880.00,NA,339.30,0
1777266149411,622.00,8877.00,NA,339.30,0
1777266149434,600.00,8880.00,NA,339.30,0
1777266149477,611.00,8826.00,NA,339.30,0
1777266149499,588.00,8877.00,NA,339.30,0
1777266149542,611.00,8880.00,NA,339.30,0
1777266149564,584.00,8880.00,NA,339.30,0
1777266149608,568.00,8883.00,NA,339.30,0
1777266149630,595.00,8880.00,NA,339.30,0
1777266149674,625.00,8880.00,NA,339.30,0
1777266149700,628.00,8877.00,NA,339.30,0
1777266149743,582.00,8820.00,NA,339.30,0
1777266149766,624.00,8877.00,NA,339.30,0
1777266149810,597.00,8820.00,NA,339.30,0
1777266149832,600.00,8877.00,NA,339.30,0
1777266149876,600.00,8882.00,NA,339.30,0
1777266149898,601.00,8880.00,NA,339.30,0
1777266149942,592.00,8883.00,NA,339.30,0
1777266149965,596.00,8943.00,NA,339.30,0
1777266150009,600.00,8937.00,NA,339.30,0
1777266150032,631.00,8952.00,NA,339.30,0
1777266150076,599.00,8940.00,NA,339.30,0
1777266150099,609.00,8937.00,NA,339.30,0
1777266150143,640.00,8942.00,NA,339.30,0
1777266150165,616.00,8940.00,NA,339.30,0
1777266150209,595.00,8883.00,NA,339.30,0
1777266150232,603.00,8940.00,NA,339.30,0
1777266150276,597.00,8883.00,NA,339.30,0
1777266150298,634.00,8937.00,NA,339.30,0
1777266150342,595.00,8886.00,NA,339.30,0
1777266150365,603.00,8937.00,NA,339.30,0
1777266150408,601.00,8943.00,NA,339.30,0
1777266150431,589.00,8940.00,NA,339.30,0
1777266150475,613.00,8940.00,NA,339.30,0
1777266150498,597.00,8943.00,NA,339.30,0
1777266150542,638.00,8880.00,NA,339.30,0
1777266150564,615.00,8940.00,NA,339.30,0
1777266150608,583.00,8892.00,NA,339.30,0
1777266150631,598.00,8940.00,NA,339.30,0
1777266150675,603.00,8889.00,NA,339.30,0
1777266150698,598.00,8940.00,NA,339.30,0
1777266150743,600.00,8883.00,NA,339.30,0
1777266150766,624.00,8937.00,NA,339.30,0
1777266150789,592.00,8940.00,NA,339.30,0
1777266150833,587.00,8943.00,NA,339.30,0
1777266150856,607.00,8943.00,NA,339.30,0
1777266150900,603.00,8937.00,NA,339.30,0
1777266150923,603.00,8952.00,NA,339.30,0
1777266150967,607.00,8940.00,NA,339.30,0
1777266150991,592.00,8937.00,NA,339.30,0
1777266151035,613.00,8940.00,NA,339.30,0
1777266151058,600.00,8940.00,NA,339.30,0
1777266151102,597.00,8943.00,NA,339.30,0
1777266151125,626.00,8940.00,NA,339.30,0
1777266151171,607.00,8943.00,NA,339.30,0
1777266151194,584.00,8940.00,NA,339.30,0
1777266151272,591.00,8826.00,NA,339.30,0
1777266151294,597.00,8880.00,NA,339.30,0
1777266151337,612.00,8835.00,NA,339.30,0
1777266151359,607.00,8880.00,NA,339.30,0
1777266151403,593.00,8823.00,NA,339.30,0
1777266151425,574.00,8880.00,NA,339.30,0
1777266151468,595.00,8823.00,NA,339.30,0
1777266151490,598.00,8877.00,NA,339.30,0
1777266151532,613.00,8826.00,NA,339.30,0
1777266151554,603.00,8877.00,NA,339.30,0
1777266151597,597.00,8880.00,NA,339.30,0
1777266151619,611.00,8880.00,NA,339.30,0
1777266151662,588.00,8880.00,NA,339.30,0
1777266151704,591.00,8883.00,NA,339.30,0
1777266151726,588.00,8877.00,NA,339.30,0
1777266151769,605.00,8883.00,NA,339.30,0
1777266151791,632.00,8883.00,NA,339.30,0
1777266151834,589.00,8880.00,NA,339.30,0
1777266151856,585.00,8880.00,NA,339.30,0
1777266151899,598.00,8879.00,NA,339.30,0
1777266151922,610.00,8877.00,NA,339.30,0
1777266151964,617.00,8881.00,NA,339.30,0
1777266151987,568.00,8877.00,NA,339.30,0
1777266152029,593.00,8824.00,NA,339.30,0
1777266152051,597.00,8880.00,NA,339.30,0
1777266152094,584.00,8882.00,NA,339.30,0
1777266152116,579.00,8883.00,NA,339.30,0
1777266152160,586.00,8883.00,NA,339.30,0
1777266152182,608.00,8880.00,NA,339.30,0
1777266152225,595.00,8892.00,NA,339.30,0
1777266152247,623.00,8883.00,NA,339.30,0
1777266152290,596.00,8877.00,NA,339.30,0
1777266152333,612.00,8835.00,NA,339.30,0
1777266152356,599.00,8880.00,NA,339.30,0
1777266152399,607.00,8821.00,NA,339.30,0
1777266152421,624.00,8883.00,NA,339.30,0
1777266152465,598.00,8823.00,NA,339.30,0
1777266152488,575.00,8877.00,NA,339.30,0
1777266152531,607.00,8891.00,NA,339.30,0
1777266152554,582.00,8949.00,NA,339.30,0
1777266152597,607.00,8880.00,NA,339.30,0
1777266152620,602.00,8880.00,NA,339.30,0
1777266152663,615.00,8883.00,NA,339.30,0
1777266152686,589.00,8880.00,NA,339.30,0
1777266152729,597.00,8823.00,NA,339.30,0
1777266152752,577.00,8883.00,NA,339.30,0
1777266152795,607.00,8877.00,NA,339.30,0
1777266152818,598.00,8880.00,NA,339.30,0
1777266152862,594.00,8877.00,NA,339.30,0
1777266152885,582.00,8877.00,NA,339.30,0
1777266152929,603.00,8883.00,NA,339.30,0
1777266152952,609.00,8889.00,NA,339.30,0
1777266152995,602.00,8883.00,NA,339.30,0
1777266153018,606.00,8883.00,NA,339.30,0
1777266153062,613.00,8878.00,NA,339.30,0
1777266153085,585.00,8940.00,NA,339.30,0
1777266153129,568.00,8878.00,NA,339.30,0
1777266153152,602.00,8889.00,NA,339.30,0
1777266153175,605.00,8880.00,NA,339.30,0
1777266153219,607.00,8880.00,NA,339.30,0
1777266153242,578.00,8880.00,NA,339.30,0
1777266153287,604.00,8882.00,NA,339.30,0
1777266153311,591.00,8877.00,NA,339.30,0
1777266153355,598.00,8882.00,NA,339.30,0
1777266153378,587.00,8876.00,NA,339.30,0
1777266153422,602.00,8883.00,NA,339.30,0
1777266153445,600.00,8880.00,NA,339.30,0
1777266153488,601.00,8880.00,NA,339.30,0
1777266153511,594.00,8877.00,NA,339.30,0
1777266153576,599.00,8880.00,NA,339.30,0
1777266153600,605.00,8883.00,NA,339.30,0
1777266153624,576.00,8943.00,NA,339.30,0
1777266153647,591.00,9000.00,NA,339.30,0
1777266153693,596.00,8943.00,NA,339.30,0
1777266153717,600.00,9000.00,NA,339.30,0
1777266153740,596.00,9003.00,NA,339.30,0
1777266153784,631.00,9003.00,NA,339.30,0
1777266153807,605.00,9000.00,NA,339.30,0
1777266153872,579.00,8997.00,NA,339.30,0
1777266153897,609.00,8943.00,NA,339.30,0
1777266153920,615.00,8961.00,NA,339.30,0
1777266153944,597.00,8943.00,NA,339.30,0
1777266153990,596.00,8943.00,NA,339.30,0
1777266154013,601.00,8952.00,NA,339.30,0
1777266154037,589.00,8997.00,NA,339.30,0
1777266154082,614.00,9000.00,NA,339.30,0
1777266154105,626.00,9000.00,NA,339.30,0
1777266154151,583.00,9000.00,NA,339.30,0
1777266154174,576.00,8997.00,NA,339.30,0
1777266154222,583.00,8952.00,NA,339.30,0
1777266154247,583.00,8952.00,NA,339.30,0
1777266154270,596.00,9000.00,NA,339.30,0
1777266154316,610.00,8952.00,NA,339.30,0
1777266154340,582.00,9003.00,NA,339.30,0
1777266154385,625.00,8943.00,NA,339.30,0
1777266154410,590.00,9003.00,NA,339.30,0
1777266154433,575.00,9000.00,NA,339.30,0
1777266154479,596.00,8997.00,NA,339.30,0
1777266154503,610.00,8940.00,NA,339.30,0
1777266154548,597.00,8943.00,NA,339.30,0
1777266154573,609.00,8940.00,NA,339.30,0
1777266154620,590.00,8943.00,NA,339.30,0
1777266154645,582.00,8955.00,NA,339.30,0
1777266154670,582.00,9000.00,NA,339.30,0
1777266154715,611.00,8943.00,NA,339.30,0
1777266154742,605.00,9000.00,NA,339.30,0
1777266154766,598.00,9000.00,NA,339.30,0
1777266154812,581.00,8997.00,NA,339.30,0
1777266154837,577.00,8959.00,NA,339.30,0
1777266154884,574.00,8940.00,NA,339.30,0
1777266154908,600.00,8946.00,NA,339.30,0
1777266154932,597.00,8997.00,NA,339.30,0
1777266154977,593.00,8949.00,NA,339.30,0
1777266155001,594.00,9003.00,NA,339.30,0
1777266155046,589.00,8940.00,NA,339.30,0
1777266155070,604.00,9000.00,NA,339.30,0
1777266155117,586.00,8940.00,NA,339.30,0
1777266155141,559.00,8997.00,NA,339.30,0
1777266155166,602.00,9000.00,NA,339.30,0
1777266155211,590.00,9000.00,NA,339.30,0
1777266155236,575.00,8978.00,NA,339.30,0
1777266155282,609.00,8943.00,NA,339.30,0
1777266155306,580.00,8943.00,NA,339.30,0
1777266155330,609.00,9003.00,NA,339.30,0
1777266155374,584.00,8940.00,NA,339.30,0
1777266155399,598.00,8997.00,NA,339.30,0
1777266155445,612.00,8940.00,NA,339.30,0
1777266155470,604.00,9000.00,NA,339.30,0
1777266155495,599.00,8997.00,NA,339.30,0
1777266155540,586.00,9003.00,NA,339.30,0
1777266155564,609.00,8997.00,NA,339.30,0
1777266155610,607.00,9000.00,NA,339.30,0
1777266155634,614.00,8986.00,NA,339.30,0
1777266155680,599.00,8962.00,NA,339.30,0
1777266155706,600.00,8940.00,NA,339.30,0
1777266155731,610.00,9000.00,NA,339.30,0
1777266155832,1198.00,8880.00,NA,678.60,0
1777266155854,606.00,8934.00,NA,339.30,0
1777266155897,606.00,8943.00,NA,339.30,0
1777266155919,607.00,8937.00,NA,339.30,0
1777266155961,594.00,8940.00,NA,339.30,0
1777266155983,612.00,8940.00,NA,339.30,0
1777266156027,589.00,8940.00,NA,339.30,0
1777266156069,596.00,8883.00,NA,339.30,0
1777266156091,603.00,8937.00,NA,339.30,0
1777266156134,608.00,8880.00,NA,339.30,0
1777266156156,616.00,8937.00,NA,339.30,0
1777266156199,614.00,8883.00,NA,339.30,0
1777266156221,606.00,8940.00,NA,339.30,0
1777266156265,625.00,9000.00,NA,339.30,0
1777266156287,585.00,9000.00,NA,339.30,0
1777266156330,605.00,8997.00,NA,339.30,0
1777266156352,575.00,9003.00,NA,339.30,0
1777266156395,606.00,8997.00,NA,339.30,0
1777266156417,579.00,9000.00,NA,339.30,0
1777266156461,614.00,9000.00,NA,339.30,0
1777266156483,622.00,9000.00,NA,339.30,0
1777266156526,623.00,8997.00,NA,339.30,0
1777266156548,611.00,9000.00,NA,339.30,0
1777266156591,592.00,9003.00,NA,339.30,0
1777266156614,620.00,8995.00,NA,339.30,0
1777266156659,604.00,9003.00,NA,339.30,0
1777266156681,597.00,9000.00,NA,339.30,0
1777266156724,619.00,9000.00,NA,339.30,0
1777266156747,589.00,9000.00,NA,339.30,0
1777266156790,613.00,8997.00,NA,339.30,0
1777266156833,611.00,9000.00,NA,339.30,0
1777266156856,580.00,9003.00,NA,339.30,0
1777266156899,601.00,9003.00,NA,339.30,0
1777266156922,614.00,9002.00,NA,339.30,0
1777266156965,582.00,8998.00,NA,339.30,0
1777266156988,592.00,9002.00,NA,339.30,0
1777266157031,592.00,8997.00,NA,339.30,0
1777266157054,595.00,8949.00,NA,339.30,0
1777266157099,602.00,8940.00,NA,339.30,0
1777266157122,616.00,8949.00,NA,339.30,0
1777266157145,592.00,9000.00,NA,339.30,0
1777266157190,600.00,8946.00,NA,339.30,0
1777266157213,608.00,8997.00,NA,339.30,0
1777266157256,592.00,8940.00,NA,339.30,0
1777266157279,610.00,9003.00,NA,339.30,0
1777266157322,603.00,9000.00,NA,339.30,0
1777266157345,608.00,9000.00,NA,339.30,0
1777266157389,605.00,9002.00,NA,339.30,0
1777266157412,620.00,9000.00,NA,339.30,0
1777266157456,607.00,8997.00,NA,339.30,0
1777266157479,588.00,9000.00,NA,339.30,0
1777266157523,611.00,9003.00,NA,339.30,0
1777266157546,602.00,8997.00,NA,339.30,0
1777266157590,568.00,9000.00,NA,339.30,0
1777266157613,616.00,9000.00,NA,339.30,0
1777266157657,603.00,9000.00,NA,339.30,0
1777266157681,563.00,9000.00,NA,339.30,0
1777266157726,603.00,8997.00,NA,339.30,0
1777266157750,596.00,8997.00,NA,339.30,0
1777266157773,613.00,9009.00,NA,339.30,0
1777266157817,570.00,9000.00,NA,339.30,0
1777266157840,603.00,9003.00,NA,339.30,0
1777266157884,605.00,9000.00,NA,339.30,0
1777266157908,580.00,9003.00,NA,339.30,0
1777266157952,592.00,9003.00,NA,339.30,0
1777266157976,578.00,8997.00,NA,339.30,0
1777266158020,605.00,8997.00,NA,339.30,0
1777266158044,596.00,9000.00,NA,339.30,0
1777266158089,633.00,8943.00,NA,339.30,0
1777266158112,574.00,9000.00,NA,339.30,0
1777266158135,623.00,9000.00,NA,339.30,0
1777266158179,609.00,8952.00,NA,339.30,0
1777266158223,587.00,8943.00,NA,339.30,0
1777266158248,608.00,8940.00,NA,339.30,0
1777266158271,585.00,9003.00,NA,339.30,0
1777266158315,603.00,8943.00,NA,339.30,0
1777266158341,587.00,8997.00,NA,339.30,0
1777266158385,610.00,8944.00,NA,339.30,0
1777266158408,594.00,8997.00,NA,339.30,0
1777266158452,589.00,8946.00,NA,339.30,0
1777266158475,595.00,9003.00,NA,339.30,0
1777266158520,601.00,8940.00,NA,339.30,0
1777266158543,608.00,9003.00,NA,339.30,0
1777266158587,613.00,9000.00,NA,339.30,0
1777266158610,605.00,9000.00,NA,339.30,0
1777266158634,593.00,9000.00,NA,339.30,0
1777266158678,611.00,9000.00,NA,339.30,0
1777266158702,575.00,9000.00,NA,339.30,0
1777266158747,591.00,8942.00,NA,339.30,0
1777266158771,612.00,8997.00,NA,339.30,0
1777266158815,600.00,8955.00,NA,339.30,0
1777266158839,593.00,8995.00,NA,339.30,0
1777266158884,599.00,9000.00,NA,339.30,0
1777266158909,571.00,9000.00,NA,339.30,0
1777266158933,586.00,9000.00,NA,339.30,0
1777266158978,622.00,8998.00,NA,339.30,0
1777266159002,598.00,9003.00,NA,339.30,0
1777266159047,590.00,8943.00,NA,339.30,0
1777266159071,570.00,8997.00,NA,339.30,0
1777266159117,609.00,8946.00,NA,339.30,0
1777266159141,594.00,9003.00,NA,339.30,0
1777266159165,588.00,8995.00,NA,339.30,0
1777266159210,595.00,9000.00,NA,339.30,0
1777266159234,584.00,9003.00,NA,339.30,0
1777266159281,596.00,8940.00,NA,339.30,0
1777266159306,577.00,8997.00,NA,339.30,0
1777266159330,592.00,8997.00,NA,339.30,0
1777266159375,565.00,8999.00,NA,339.30,0
1777266159399,594.00,8997.00,NA,339.30,0
1777266159444,590.00,8955.00,NA,339.30,0
1777266159468,607.00,9003.00,NA,339.30,0
1777266159514,596.00,8942.00,NA,339.30,0
1777266159539,602.00,9000.00,NA,339.30,0
1777266159563,609.00,9003.00,NA,339.30,0
1777266159607,587.00,8997.00,NA,339.30,0
1777266159631,604.00,8997.00,NA,339.30,0
1777266159722,585.00,8883.00,NA,339.30,0
1777266159744,603.00,8887.00,NA,339.30,0
1777266159766,577.00,8943.00,NA,339.30,0
1777266159808,605.00,8943.00,NA,339.30,0
1777266159830,612.00,8943.00,NA,339.30,0
1777266159873,602.00,8943.00,NA,339.30,0
1777266159895,580.00,8938.00,NA,339.30,0
1777266159938,607.00,8883.00,NA,339.30,0
1777266159960,602.00,8937.00,NA,339.30,0
1777266160003,606.00,8897.00,NA,339.30,0
1777266160025,577.00,8941.00,NA,339.30,0
1777266160068,609.00,8943.00,NA,339.30,0
1777266160091,588.00,8949.00,NA,339.30,0
1777266160134,610.00,8943.00,NA,339.30,0
1777266160156,583.00,8940.00,NA,339.30,0
1777266160199,588.00,8940.00,NA,339.30,0
1777266160221,600.00,8937.00,NA,339.30,0
1777266160264,606.00,8940.00,NA,339.30,0
1777266160307,602.00,8929.00,NA,339.30,0
1777266160329,604.00,8937.00,NA,339.30,0
1777266160372,611.00,8942.00,NA,339.30,0
1777266160395,621.00,8940.00,NA,339.30,0
1777266160437,600.00,8943.00,NA,339.30,0
1777266160498,613.00,8823.00,NA,339.30,0
1777266160520,1212.00,8880.00,NA,678.60,0
1777266160563,604.00,8939.00,NA,339.30,0
1777266160586,592.00,8937.00,NA,339.30,0
1777266160629,603.00,8943.00,NA,339.30,0
1777266160651,582.00,8943.00,NA,339.30,0
1777266160694,599.00,8943.00,NA,339.30,0
1777266160717,620.00,8937.00,NA,339.30,0
1777266160759,618.00,8943.00,NA,339.30,0
1777266160782,615.00,9000.00,NA,339.30,0
1777266160825,596.00,9063.00,NA,339.30,0
1777266160848,591.00,9006.00,NA,339.30,0
1777266160891,615.00,9000.00,NA,339.30,0
1777266160914,571.00,9000.00,NA,339.30,0
1777266160957,592.00,9000.00,NA,339.30,0
1777266161000,608.00,8952.00,NA,339.30,0
1777266161022,580.00,9000.00,NA,339.30,0
1777266161065,588.00,9000.00,NA,339.30,0
1777266161087,586.00,9003.00,NA,339.30,0
1777266161131,599.00,9003.00,NA,339.30,0
1777266161153,590.00,9003.00,NA,339.30,0
1777266161196,568.00,8999.00,NA,339.30,0
1777266161219,594.00,9000.00,NA,339.30,0
1777266161262,601.00,9000.00,NA,339.30,0
1777266161284,588.00,8997.00,NA,339.30,0
1777266161327,627.00,9003.00,NA,339.30,0
1777266161350,578.00,8997.00,NA,339.30,0
1777266161393,589.00,9003.00,NA,339.30,0
1777266161416,615.00,8995.00,NA,339.30,0
1777266161459,611.00,9000.00,NA,339.30,0
1777266161482,580.00,9000.00,NA,339.30,0
1777266161525,622.00,9002.00,NA,339.30,0
1777266161549,607.00,9002.00,NA,339.30,0
1777266161592,578.00,8997.00,NA,339.30,0
1777266161615,610.00,9001.00,NA,339.30,0
1777266161658,605.00,9000.00,NA,339.30,0
1777266161681,604.00,9000.00,NA,339.30,0
1777266161724,630.00,9003.00,NA,339.30,0
1777266161747,580.00,9003.00,NA,339.30,0
1777266161791,578.00,9003.00,NA,339.30,0
1777266161813,586.00,8999.00,NA,339.30,0
1777266161858,588.00,8998.00,NA,339.30,0
1777266161881,605.00,9000.00,NA,339.30,0
1777266161925,585.00,8949.00,NA,339.30,0
1777266161948,618.00,9000.00,NA,339.30,0
1777266161992,607.00,8943.00,NA,339.30,0
1777266162015,587.00,9000.00,NA,339.30,0
1777266162059,575.00,8940.00,NA,339.30,0
1777266162082,600.00,9000.00,NA,339.30,0
1777266162127,605.00,8943.00,NA,339.30,0
1777266162150,574.00,8940.00,NA,339.30,0
1777266162173,578.00,8997.00,NA,339.30,0
1777266162217,610.00,8952.00,NA,339.30,0
1777266162241,595.00,9000.00,NA,339.30,0
1777266162285,608.00,8943.00,NA,339.30,0
1777266162308,582.00,8997.00,NA,339.30,0
1777266162353,568.00,8955.00,NA,339.30,0
1777266162377,583.00,8998.00,NA,339.30,0
1777266162421,573.00,8943.00,NA,339.30,0
1777266162445,611.00,9003.00,NA,339.30,0
1777266162489,618.00,8940.00,NA,339.30,0
1777266162513,598.00,8997.00,NA,339.30,0
1777266162557,598.00,8941.00,NA,339.30,0
1777266162580,608.00,8997.00,NA,339.30,0
1777266162625,598.00,8943.00,NA,339.30,0
1777266162648,610.00,9000.00,NA,339.30,0
1777266162673,586.00,9000.00,NA,339.30,0
1777266162717,611.00,9003.00,NA,339.30,0
1777266162741,587.00,9000.00,NA,339.30,0
1777266162785,614.00,8943.00,NA,339.30,0
1777266162812,599.00,9003.00,NA,339.30,0
1777266162835,602.00,8997.00,NA,339.30,0
1777266162881,584.00,9000.00,NA,339.30,0
1777266162905,585.00,9000.00,NA,339.30,0
1777266162951,577.00,9000.00,NA,339.30,0
1777266162976,579.00,9000.00,NA,339.30,0
1777266163022,612.00,9002.00,NA,339.30,0
1777266163046,602.00,9002.00,NA,339.30,0
1777266163071,594.00,8997.00,NA,339.30,0
1777266163116,576.00,8997.00,NA,339.30,0
1777266163140,590.00,8940.00,NA,339.30,0
1777266163185,597.00,8943.00,NA,339.30,0
1777266163209,594.00,8997.00,NA,339.30,0
1777266163233,591.00,9000.00,NA,339.30,0
1777266163279,588.00,8952.00,NA,339.30,0
1777266163304,632.00,9000.00,NA,339.30,0
1777266163351,598.00,8943.00,NA,339.30,0
1777266163377,573.00,9000.00,NA,339.30,0
1777266163401,630.00,9000.00,NA,339.30,0
1777266163447,590.00,9000.00,NA,339.30,0
1777266163470,595.00,8997.00,NA,339.30,0
1777266163515,631.00,9000.00,NA,339.30,0
1777266163539,593.00,8997.00,NA,339.30,0
1777266163584,622.00,9000.00,NA,339.30,0
1777266163608,606.00,9000.00,NA,339.30,0
1777266163633,578.00,9000.00,NA,339.30,0
1777266163679,585.00,9000.00,NA,339.30,0
1777266163704,590.00,9002.00,NA,339.30,0
1777266163729,590.00,8995.00,NA,339.30,0
1777266163775,590.00,8975.00,NA,339.30,0
1777266163799,619.00,8997.00,NA,339.30,0
1777266163844,603.00,8943.00,NA,339.30,0
1777266163869,569.00,8997.00,NA,339.30,0
1777266163914,622.00,8943.00,NA,339.30,0
1777266163940,611.00,8952.00,NA,339.30,0
1777266163965,598.00,9000.00,NA,339.30,0
1777266164010,606.00,8943.00,NA,339.30,0
1777266164035,569.00,9000.00,NA,339.30,0
1777266164060,585.00,9000.00,NA,339.30,0
1777266164106,624.00,8997.00,NA,339.30,0
1777266164131,604.00,8997.00,NA,339.30,0
1777266164177,614.00,8943.00,NA,339.30,0
1777266164202,609.00,8997.00,NA,339.30,0
1777266164226,597.00,8997.00,NA,339.30,0
1777266164272,605.00,9003.00,NA,339.30,0
1777266164298,583.00,9000.00,NA,339.30,0
1777266164323,596.00,9000.00,NA,339.30,0
1777266164369,598.00,9003.00,NA,339.30,0
1777266164395,596.00,9003.00,NA,339.30,0
1777266164441,589.00,8997.00,NA,339.30,0
1777266164466,606.00,8997.00,NA,339.30,0
1777266164492,607.00,9003.00,NA,339.30,0
1777266164538,630.00,8997.00,NA,339.30,0
1777266164564,576.00,8997.00,NA,339.30,0
1777266164590,604.00,9000.00,NA,339.30,0
1777266164636,611.00,8996.00,NA,339.30,0
1777266164661,617.00,9003.00,NA,339.30,0
1777266164709,604.00,9060.00,NA,339.30,0
1777266164734,624.00,9057.00,NA,339.30,0
1777266164759,634.00,9060.00,NA,339.30,0
1777266164805,608.00,9060.00,NA,339.30,0
1777266164830,575.00,9057.00,NA,339.30,0
1777266164855,603.00,9057.00,NA,339.30,0
1777266164902,604.00,9000.00,NA,339.30,0
1777266164926,594.00,9057.00,NA,339.30,0
1777266164973,606.00,9003.00,NA,339.30,0
1777266165002,607.00,9060.00,NA,339.30,0
1777266165027,603.00,9063.00,NA,339.30,0
1777266165052,614.00,9060.00,NA,339.30,0
1777266165099,608.00,9000.00,NA,339.30,0
1777266165123,589.00,9057.00,NA,339.30,0
1777266165207,614.00,8943.00,NA,339.30,0
1777266165229,613.00,8955.00,NA,339.30,0
1777266165271,573.00,8943.00,NA,339.30,0
1777266165293,575.00,8997.00,NA,339.30,0
1777266165335,594.00,8943.00,NA,339.30,0
1777266165357,571.00,8997.00,NA,339.30,0
1777266165399,574.00,8940.00,NA,339.30,0
1777266165421,599.00,8997.00,NA,339.30,0
1777266165463,601.00,9003.00,NA,339.30,0
1777266165505,609.00,9000.00,NA,339.30,0
1777266165527,593.00,8955.00,NA,339.30,0
1777266165570,604.00,8940.00,NA,339.30,0
1777266165592,598.00,8943.00,NA,339.30,0
1777266165634,604.00,8942.00,NA,339.30,0
1777266165656,618.00,8940.00,NA,339.30,0
1777266165698,599.00,8943.00,NA,339.30,0
1777266165720,611.00,8940.00,NA,339.30,0
1777266165762,588.00,8940.00,NA,339.30,0
1777266165805,602.00,8940.00,NA,339.30,0
1777266165827,630.00,8941.00,NA,339.30,0
1777266165870,601.00,8947.00,NA,339.30,0
1777266165892,616.00,9000.00,NA,339.30,0
1777266165934,573.00,8939.00,NA,339.30,0
1777266165957,586.00,8997.00,NA,339.30,0
1777266165999,608.00,9000.00,NA,339.30,0
1777266166021,583.00,9000.00,NA,339.30,0
1777266166064,603.00,9000.00,NA,339.30,0
1777266166086,602.00,8997.00,NA,339.30,0
1777266166129,596.00,9003.00,NA,339.30,0
1777266166151,609.00,8997.00,NA,339.30,0
1777266166194,616.00,9003.00,NA,339.30,0
1777266166237,609.00,8937.00,NA,339.30,0
1777266166260,597.00,8997.00,NA,339.30,0
1777266166303,584.00,8943.00,NA,339.30,0
1777266166325,601.00,8997.00,NA,339.30,0
1777266166368,612.00,8943.00,NA,339.30,0
1777266166390,593.00,8997.00,NA,339.30,0
1777266166433,584.00,8946.00,NA,339.30,0
1777266166456,573.00,9000.00,NA,339.30,0
1777266166499,605.00,8955.00,NA,339.30,0
1777266166521,597.00,9000.00,NA,339.30,0
1777266166565,614.00,8943.00,NA,339.30,0
1777266166590,599.00,9003.00,NA,339.30,0
1777266166633,599.00,8940.00,NA,339.30,0
1777266166655,587.00,8997.00,NA,339.30,0
1777266166699,604.00,8943.00,NA,339.30,0
1777266166721,599.00,8997.00,NA,339.30,0
1777266166765,561.00,8943.00,NA,339.30,0
1777266166787,607.00,9000.00,NA,339.30,0
1777266166836,586.00,8952.00,NA,339.30,0
1777266166859,594.00,8998.00,NA,339.30,0
1777266166903,595.00,8943.00,NA,339.30,0
1777266166925,587.00,8999.00,NA,339.30,0
1777266166969,613.00,8943.00,NA,339.30,0
1777266166991,600.00,8997.00,NA,339.30,0
1777266167014,626.00,8999.00,NA,339.30,0
1777266167057,602.00,9003.00,NA,339.30,0
1777266167102,581.00,8937.00,NA,339.30,0
1777266167125,619.00,9000.00,NA,339.30,0
1777266167148,592.00,9003.00,NA,339.30,0
1777266167191,591.00,8953.00,NA,339.30,0
1777266167214,609.00,9000.00,NA,339.30,0
1777266167258,623.00,8943.00,NA,339.30,0
1777266167281,595.00,9000.00,NA,339.30,0
1777266167325,593.00,8940.00,NA,339.30,0
1777266167349,589.00,8997.00,NA,339.30,0
1777266167393,610.00,8946.00,NA,339.30,0
1777266167416,591.00,8997.00,NA,339.30,0
1777266167460,590.00,8952.00,NA,339.30,0
1777266167483,627.00,9000.00,NA,339.30,0
1777266167528,612.00,8943.00,NA,339.30,0
1777266167551,593.00,9000.00,NA,339.30,0
1777266167595,610.00,8941.00,NA,339.30,0
1777266167648,590.00,8997.00,NA,339.30,0
1777266167671,618.00,8942.00,NA,339.30,0
1777266167695,615.00,8943.00,NA,339.30,0
1777266167718,604.00,9000.00,NA,339.30,0
1777266167763,573.00,8943.00,NA,339.30,0
1777266167786,566.00,9000.00,NA,339.30,0
1777266167810,591.00,8997.00,NA,339.30,0
1777266167856,601.00,8945.00,NA,339.30,0
1777266167879,624.00,8999.00,NA,339.30,0
1777266167924,583.00,8940.00,NA,339.30,0
1777266167948,603.00,8997.00,NA,339.30,0
1777266168007,596.00,8943.00,NA,339.30,0
1777266168030,588.00,8940.00,NA,339.30,0
1777266168054,598.00,8943.00,NA,339.30,0
1777266168078,609.00,8946.00,NA,339.30,0
1777266168122,592.00,8940.00,NA,339.30,0
1777266168146,595.00,8940.00,NA,339.30,0
1777266168190,583.00,8943.00,NA,339.30,0
1777266168214,601.00,8940.00,NA,339.30,0
1777266168260,615.00,8940.00,NA,339.30,0
1777266168284,596.00,8940.00,NA,339.30,0
1777266168308,602.00,8940.00,NA,339.30,0
1777266168353,595.00,9000.00,NA,339.30,0
1777266168378,581.00,9000.00,NA,339.30,0
1777266168424,606.00,8943.00,NA,339.30,0
1777266168448,582.00,8997.00,NA,339.30,0
1777266168472,589.00,8999.00,NA,339.30,0
1777266168517,614.00,9002.00,NA,339.30,0
1777266168541,593.00,8999.00,NA,339.30,0
1777266168586,593.00,8997.00,NA,339.30,0
1777266168610,621.00,8997.00,NA,339.30,0
1777266168655,581.00,8943.00,NA,339.30,0
1777266168680,563.00,9000.00,NA,339.30,0
1777266168703,601.00,8997.00,NA,339.30,0
1777266168748,595.00,8952.00,NA,339.30,0
1777266168773,597.00,9003.00,NA,339.30,0
1777266168818,610.00,8940.00,NA,339.30,0
1777266168843,622.00,9000.00,NA,339.30,0
1777266168888,596.00,8937.00,NA,339.30,0
1777266168912,598.00,8997.00,NA,339.30,0
1777266168936,589.00,9000.00,NA,339.30,0
1777266168981,600.00,8943.00,NA,339.30,0
1777266169006,619.00,8997.00,NA,339.30,0
1777266169053,591.00,8946.00,NA,339.30,0
1777266169078,611.00,8952.00,NA,339.30,0
1777266169102,609.00,9003.00,NA,339.30,0
1777266169148,569.00,8946.00,NA,339.30,0
1777266169172,611.00,9000.00,NA,339.30,0
1777266169217,614.00,8940.00,NA,339.30,0
1777266169242,606.00,8940.00,NA,339.30,0
1777266169287,606.00,8943.00,NA,339.30,0
1777266169313,606.00,8943.00,NA,339.30,0
1777266169338,612.00,8935.00,NA,339.30,0
1777266169383,629.00,8940.00,NA,339.30,0
1777266169408,585.00,8943.00,NA,339.30,0
1777266169433,599.00,9000.00,NA,339.30,0
1777266169478,607.00,8940.00,NA,339.30,0
1777266169502,612.00,8940.00,NA,339.30,0
1777266169547,611.00,8940.00,NA,339.30,0
1777266169571,607.00,8940.00,NA,339.30,0
1777266169617,597.00,8940.00,NA,339.30,0
1777266169643,599.00,8937.00,NA,339.30,0
1777266169667,603.00,8952.00,NA,339.30,0
1777266169713,580.00,8951.00,NA,339.30,0
1777266169746,613.00,8937.00,NA,339.30,0
1777266169772,594.00,8943.00,NA,339.30,0
1777266169819,623.00,8943.00,NA,339.30,0
1777266169845,597.00,8940.00,NA,339.30,0
1777266169871,609.00,8940.00,NA,339.30,0
1777266169918,600.00,8943.00,NA,339.30,0
1777266169944,606.00,8943.00,NA,339.30,0
1777266169970,611.00,8997.00,NA,339.30,0
1777266170072,1223.00,8829.00,NA,678.60,0
1777266170093,594.00,8943.00,NA,339.30,0
1777266170135,615.00,8880.00,NA,339.30,0
1777266170178,589.00,8943.00,NA,339.30,0
1777266170200,593.00,9000.00,NA,339.30,0
1777266170242,628.00,8952.00,NA,339.30,0
1777266170264,595.00,9000.00,NA,339.30,0
1777266170306,599.00,8943.00,NA,339.30,0
1777266170328,602.00,8997.00,NA,339.30,0
1777266170370,604.00,8943.00,NA,339.30,0
1777266170392,586.00,9000.00,NA,339.30,0
1777266170435,601.00,8940.00,NA,339.30,0
1777266170457,622.00,9003.00,NA,339.30,0
1777266170499,603.00,8997.00,NA,339.30,0
1777266170542,594.00,8952.00,NA,339.30,0
1777266170564,611.00,9000.00,NA,339.30,0
1777266170607,595.00,8952.00,NA,339.30,0
1777266170629,599.00,9003.00,NA,339.30,0
1777266170671,623.00,8940.00,NA,339.30,0
1777266170693,600.00,8997.00,NA,339.30,0
1777266170736,605.00,8941.00,NA,339.30,0
1777266170759,627.00,9003.00,NA,339.30,0
1777266170801,588.00,8997.00,NA,339.30,0
1777266170824,577.00,8997.00,NA,339.30,0
1777266170868,598.00,9003.00,NA,339.30,0
1777266170890,598.00,8997.00,NA,339.30,0
1777266170933,567.00,9003.00,NA,339.30,0
1777266170956,584.00,9003.00,NA,339.30,0
1777266171003,580.00,8943.00,NA,339.30,0
1777266171026,591.00,8940.00,NA,339.30,0
1777266171069,613.00,8943.00,NA,339.30,0
1777266171091,605.00,8940.00,NA,339.30,0
1777266171134,561.00,8940.00,NA,339.30,0
1777266171157,589.00,8940.00,NA,339.30,0
1777266171201,566.00,8943.00,NA,339.30,0
1777266171223,615.00,9000.00,NA,339.30,0
1777266171266,596.00,8940.00,NA,339.30,0
1777266171288,598.00,9000.00,NA,339.30,0
1777266171331,571.00,8940.00,NA,339.30,0
1777266171354,586.00,9000.00,NA,339.30,0
1777266171397,606.00,8943.00,NA,339.30,0
1777266171420,610.00,8997.00,NA,339.30,0
1777266171464,612.00,8940.00,NA,339.30,0
1777266171486,615.00,8997.00,NA,339.30,0
1777266171530,589.00,8955.00,NA,339.30,0
1777266171552,599.00,9000.00,NA,339.30,0
1777266171596,596.00,8943.00,NA,339.30,0
1777266171619,595.00,9003.00,NA,339.30,0
1777266171662,587.00,8942.00,NA,339.30,0
1777266171685,590.00,9003.00,NA,339.30,0
1777266171729,636.00,8940.00,NA,339.30,0
1777266171752,618.00,8997.00,NA,339.30,0
1777266171796,596.00,8949.00,NA,339.30,0
1777266171818,594.00,9000.00,NA,339.30,0
1777266171862,623.00,8940.00,NA,339.30,0
1777266171885,599.00,8997.00,NA,339.30,0
1777266171929,620.00,8950.00,NA,339.30,0
1777266171951,619.00,9000.00,NA,339.30,0
1777266171995,605.00,8940.00,NA,339.30,0
1777266172020,635.00,8940.00,NA,339.30,0
1777266172043,588.00,8997.00,NA,339.30,0
1777266172086,623.00,9003.00,NA,339.30,0
1777266172109,602.00,8997.00,NA,339.30,0
1777266172153,604.00,8949.00,NA,339.30,0
1777266172176,578.00,9000.00,NA,339.30,0
1777266172221,615.00,8943.00,NA,339.30,0
1777266172244,608.00,8997.00,NA,339.30,0
1777266172289,606.00,8940.00,NA,339.30,0
1777266172312,585.00,9003.00,NA,339.30,0
1777266172357,596.00,8943.00,NA,339.30,0
1777266172381,603.00,8997.00,NA,339.30,0
1777266172425,619.00,8940.00,NA,339.30,0
1777266172449,601.00,8997.00,NA,339.30,0
1777266172494,591.00,8943.00,NA,339.30,0
1777266172517,613.00,9000.00,NA,339.30,0
1777266172540,599.00,9000.00,NA,339.30,0
1777266172584,600.00,9003.00,NA,339.30,0
1777266172608,626.00,9000.00,NA,339.30,0
1777266172652,593.00,9062.00,NA,339.30,0
1777266172675,581.00,8997.00,NA,339.30,0
1777266172720,627.00,8998.00,NA,339.30,0
1777266172743,576.00,8997.00,NA,339.30,0
1777266172787,580.00,8999.00,NA,339.30,0
1777266172811,608.00,9000.00,NA,339.30,0
1777266172856,590.00,9000.00,NA,339.30,0
1777266172879,595.00,9003.00,NA,339.30,0
1777266172924,607.00,9003.00,NA,339.30,0
1777266172948,594.00,9000.00,NA,339.30,0
1777266172972,581.00,9000.00,NA,339.30,0
1777266173017,600.00,8997.00,NA,339.30,0
1777266173041,634.00,8997.00,NA,339.30,0
1777266173086,577.00,8950.00,NA,339.30,0
1777266173109,610.00,9000.00,NA,339.30,0
1777266173154,580.00,8946.00,NA,339.30,0
1777266173178,610.00,9000.00,NA,339.30,0
1777266173224,599.00,8943.00,NA,339.30,0
1777266173249,574.00,8997.00,NA,339.30,0
1777266173274,591.00,9000.00,NA,339.30,0
1777266173319,608.00,8940.00,NA,339.30,0
1777266173343,582.00,8997.00,NA,339.30,0
1777266173388,575.00,8937.00,NA,339.30,0
1777266173411,601.00,8997.00,NA,339.30,0
1777266173435,617.00,9000.00,NA,339.30,0
1777266173481,616.00,8946.00,NA,339.30,0
1777266173505,607.00,8997.00,NA,339.30,0
1777266173550,613.00,8943.00,NA,339.30,0
1777266173574,575.00,9000.00,NA,339.30,0
1777266173619,608.00,8940.00,NA,339.30,0
1777266173644,617.00,8997.00,NA,339.30,0
1777266173669,599.00,9000.00,NA,339.30,0
1777266173714,618.00,8949.00,NA,339.30,0
1777266173738,584.00,9000.00,NA,339.30,0
1777266173783,611.00,8952.00,NA,339.30,0
1777266173809,581.00,9003.00,NA,339.30,0
1777266173833,615.00,9000.00,NA,339.30,0
1777266173880,610.00,9003.00,NA,339.30,0
1777266173905,590.00,9003.00,NA,339.30,0
1777266173951,584.00,8942.00,NA,339.30,0
1777266173976,609.00,8997.00,NA,339.30,0
1777266174002,613.00,9000.00,NA,339.30,0
1777266174048,593.00,8997.00,NA,339.30,0
1777266174073,611.00,9000.00,NA,339.30,0
1777266174099,616.00,8998.00,NA,339.30,0
1777266174145,608.00,9000.00,NA,339.30,0
1777266174170,579.00,9003.00,NA,339.30,0
1777266174217,605.00,9000.00,NA,339.30,0
1777266174243,588.00,9000.00,NA,339.30,0
1777266174284,614.00,8997.00,NA,339.30,0
1777266174310,588.00,8998.00,NA,339.30,0
1777266174336,594.00,9012.00,NA,339.30,0
1777266174389,591.00,9000.00,NA,339.30,0
1777266174414,585.00,8968.00,NA,339.30,0
1777266174440,610.00,8946.00,NA,339.30,0
1777266174465,583.00,8997.00,NA,339.30,0
1777266174512,608.00,8943.00,NA,339.30,0
1777266174538,604.00,9003.00,NA,339.30,0
1777266174584,569.00,8940.00,NA,339.30,0
1777266174610,607.00,8997.00,NA,339.30,0
1777266174635,601.00,9000.00,NA,339.30,0
1777266174740,604.00,8883.00,NA,339.30,0
1777266174761,574.00,8880.00,NA,339.30,0
1777266174803,597.00,8877.00,NA,339.30,0
1777266174825,585.00,8883.00,NA,339.30,0
1777266174867,593.00,8883.00,NA,339.30,0
1777266174889,605.00,8880.00,NA,339.30,0
1777266174931,608.00,8880.00,NA,339.30,0
1777266174974,584.00,8834.00,NA,339.30,0
1777266174996,594.00,8892.00,NA,339.30,0
1777266175039,570.00,8955.00,NA,339.30,0
1777266175061,587.00,9000.00,NA,339.30,0
1777266175103,600.00,8892.00,NA,339.30,0
1777266175125,629.00,8943.00,NA,339.30,0
1777266175168,589.00,8937.00,NA,339.30,0
1777266175190,592.00,8943.00,NA,339.30,0
1777266175233,592.00,8940.00,NA,339.30,0
1777266175255,616.00,8940.00,NA,339.30,0
1777266175297,605.00,8937.00,NA,339.30,0
1777266175340,605.00,8886.00,NA,339.30,0
1777266175362,591.00,8937.00,NA,339.30,0
1777266175405,586.00,8895.00,NA,339.30,0
1777266175427,610.00,8943.00,NA,339.30,0
1777266175470,587.00,8883.00,NA,339.30,0
1777266175493,613.00,8940.00,NA,339.30,0
1777266175536,585.00,8940.00,NA,339.30,0
1777266175558,611.00,8940.00,NA,339.30,0
1777266175601,599.00,8937.00,NA,339.30,0
1777266175625,603.00,8937.00,NA,339.30,0
1777266175668,590.00,8940.00,NA,339.30,0
1777266175690,592.00,8940.00,NA,339.30,0
1777266175734,585.00,8943.00,NA,339.30,0
1777266175756,594.00,8940.00,NA,339.30,0
1777266175799,604.00,8943.00,NA,339.30,0
1777266175822,596.00,8940.00,NA,339.30,0
1777266175865,604.00,8937.00,NA,339.30,0
1777266175887,592.00,8943.00,NA,339.30,0
1777266175930,609.00,8937.00,NA,339.30,0
1777266175953,605.00,8937.00,NA,339.30,0
1777266175996,575.00,8937.00,NA,339.30,0
1777266176019,616.00,8940.00,NA,339.30,0
1777266176063,585.00,8937.00,NA,339.30,0
1777266176086,600.00,8940.00,NA,339.30,0
1777266176130,612.00,8943.00,NA,339.30,0
1777266176153,621.00,8940.00,NA,339.30,0
1777266176196,593.00,8940.00,NA,339.30,0
1777266176219,599.00,8940.00,NA,339.30,0
1777266176262,612.00,8937.00,NA,339.30,0
1777266176291,606.00,8937.00,NA,339.30,0
1777266176314,604.00,8940.00,NA,339.30,0
1777266176358,607.00,8880.00,NA,339.30,0
1777266176381,591.00,8937.00,NA,339.30,0
1777266176425,603.00,8880.00,NA,339.30,0
1777266176448,610.00,8943.00,NA,339.30,0
1777266176492,605.00,8883.00,NA,339.30,0
1777266176515,590.00,8937.00,NA,339.30,0
1777266176558,590.00,8880.00,NA,339.30,0
1777266176581,603.00,8937.00,NA,339.30,0
1777266176624,615.00,8889.00,NA,339.30,0
1777266176647,601.00,8940.00,NA,339.30,0
1777266176692,618.00,8883.00,NA,339.30,0
1777266176715,620.00,8940.00,NA,339.30,0
1777266176760,609.00,8883.00,NA,339.30,0
1777266176783,601.00,8940.00,NA,339.30,0
1777266176827,570.00,8883.00,NA,339.30,0
1777266176850,591.00,8937.00,NA,339.30,0
1777266176894,614.00,8880.00,NA,339.30,0
1777266176929,647.00,8937.00,NA,339.30,0
1777266176951,607.00,8940.00,NA,339.30,0
1777266176974,609.00,8944.00,NA,339.30,0
1777266177018,605.00,8940.00,NA,339.30,0
1777266177041,558.00,8940.00,NA,339.30,0
1777266177085,605.00,8940.00,NA,339.30,0
1777266177109,615.00,8943.00,NA,339.30,0
1777266177153,631.00,8939.00,NA,339.30,0
1777266177176,601.00,8943.00,NA,339.30,0
1777266177220,614.00,8937.00,NA,339.30,0
1777266177244,592.00,8940.00,NA,339.30,0
1777266177288,595.00,8943.00,NA,339.30,0
1777266177311,615.00,8937.00,NA,339.30,0
1777266177355,605.00,8940.00,NA,339.30,0
1777266177378,570.00,8943.00,NA,339.30,0
1777266177422,587.00,8940.00,NA,339.30,0
1777266177444,583.00,8943.00,NA,339.30,0
1777266177488,592.00,8937.00,NA,339.30,0
1777266177512,609.00,8937.00,NA,339.30,0
1777266177557,605.00,8880.00,NA,339.30,0
1777266177580,605.00,8937.00,NA,339.30,0
1777266177624,585.00,8883.00,NA,339.30,0
1777266177648,608.00,8940.00,NA,339.30,0
1777266177671,578.00,8940.00,NA,339.30,0
1777266177715,606.00,8943.00,NA,339.30,0
1777266177738,622.00,8943.00,NA,339.30,0
1777266177783,593.00,8940.00,NA,339.30,0
1777266177807,612.00,8940.00,NA,339.30,0
1777266177851,584.00,8940.00,NA,339.30,0
1777266177875,584.00,8937.00,NA,339.30,0
1777266177920,576.00,8940.00,NA,339.30,0
1777266177943,620.00,8940.00,NA,339.30,0
1777266177967,575.00,8930.00,NA,339.30,0
1777266178012,592.00,8943.00,NA,339.30,0
1777266178036,575.00,8940.00,NA,339.30,0
1777266178081,588.00,8940.00,NA,339.30,0
1777266178105,579.00,8934.00,NA,339.30,0
1777266178149,610.00,8937.00,NA,339.30,0
1777266178173,599.00,8937.00,NA,339.30,0
1777266178219,594.00,8937.00,NA,339.30,0
1777266178243,617.00,8940.00,NA,339.30,0
1777266178267,591.00,8940.00,NA,339.30,0
1777266178312,617.00,8943.00,NA,339.30,0
1777266178336,599.00,8943.00,NA,339.30,0
1777266178381,603.00,8940.00,NA,339.30,0
1777266178406,599.00,8940.00,NA,339.30,0
1777266178451,577.00,8880.00,NA,339.30,0
1777266178476,606.00,8940.00,NA,339.30,0
1777266178500,590.00,8940.00,NA,339.30,0
1777266178546,597.00,8937.00,NA,339.30,0
1777266178571,589.00,8940.00,NA,339.30,0
1777266178596,576.00,8940.00,NA,339.30,0
1777266178641,624.00,8943.00,NA,339.30,0
1777266178666,614.00,8937.00,NA,339.30,0
1777266178712,613.00,8943.00,NA,339.30,0
1777266178737,616.00,8943.00,NA,339.30,0
1777266178762,598.00,8940.00,NA,339.30,0
1777266178808,585.00,8939.00,NA,339.30,0
1777266178832,599.00,8940.00,NA,339.30,0
1777266178879,612.00,8937.00,NA,339.30,0
1777266178905,608.00,8937.00,NA,339.30,0
1777266178930,607.00,8940.00,NA,339.30,0
1777266178976,602.00,8942.00,NA,339.30,0
1777266179001,622.00,8942.00,NA,339.30,0
1777266179026,605.00,8935.00,NA,339.30,0
1777266179072,589.00,8940.00,NA,339.30,0
1777266179096,597.00,8940.00,NA,339.30,0
1777266179143,586.00,8937.00,NA,339.30,0
1777266179168,590.00,8937.00,NA,339.30,0
1777266179213,589.00,8943.00,NA,339.30,0
1777266179237,625.00,8943.00,NA,339.30,0
1777266179262,593.00,8940.00,NA,339.30,0
1777266179308,624.00,8952.00,NA,339.30,0
1777266179335,578.00,8940.00,NA,339.30,0
1777266179361,600.00,8937.00,NA,339.30,0
1777266179409,602.00,8940.00,NA,339.30,0
1777266179435,590.00,8937.00,NA,339.30,0
1777266179460,595.00,8940.00,NA,339.30,0
1777266179506,577.00,8937.00,NA,339.30,0
1777266179531,613.00,8937.00,NA,339.30,0
1777266179577,586.00,8943.00,NA,339.30,0
1777266179602,609.00,8943.00,NA,339.30,0
1777266179627,586.00,8940.00,NA,339.30,0
1777266179673,590.00,8943.00,NA,339.30,0
1777266179699,604.00,9000.00,NA,339.30,0
1777266179723,599.00,9060.00,NA,339.30,0
1777266179770,563.00,9009.00,NA,339.30,0
1777266179795,602.00,9063.00,NA,339.30,0
1777266179849,591.00,9003.00,NA,339.30,0
1777266179875,597.00,9003.00,NA,339.30,0
1777266179901,578.00,9006.00,NA,339.30,0
1777266179926,625.00,9057.00,NA,339.30,0
1777266179972,612.00,9060.00,NA,339.30,0
1777266179998,566.00,9060.00,NA,339.30,0
1777266180023,615.00,9060.00,NA,339.30,0
1777266180069,623.00,9003.00,NA,339.30,0
1777266180094,583.00,9057.00,NA,339.30,0
1777266180120,590.00,9057.00,NA,339.30,0
1777266180165,586.00,9060.00,NA,339.30,0
1777266180191,610.00,9057.00,NA,339.30,0
1777266180238,599.00,9036.00,NA,339.30,0
1777266180262,630.00,9006.00,NA,339.30,0
1777266180286,599.00,9060.00,NA,339.30,0
1777266180333,612.00,9057.00,NA,339.30,0
1777266180359,593.00,9060.00,NA,339.30,0
1777266180384,593.00,9060.00,NA,339.30,0
1777266180432,602.00,9059.00,NA,339.30,0
1777266180458,610.00,9057.00,NA,339.30,0
1777266180483,615.00,9060.00,NA,339.30,0
1777266180530,590.00,9060.00,NA,339.30,0
1777266180556,597.00,9060.00,NA,339.30,0
1777266180603,587.00,9060.00,NA,339.30,0
1777266180629,585.00,9059.00,NA,339.30,0
1777266180653,618.00,9060.00,NA,339.30,0
1777266180700,606.00,9003.00,NA,339.30,0
1777266180726,613.00,9057.00,NA,339.30,0
1777266180752,600.00,9057.00,NA,339.30,0
1777266180849,1179.00,8943.00,NA,678.60,0
1777266180871,637.00,9000.00,NA,339.30,0
1777266180914,600.00,9003.00,NA,339.30,0
1777266180936,596.00,9000.00,NA,339.30,0
1777266180979,604.00,9003.00,NA,339.30,0
1777266181001,617.00,9000.00,NA,339.30,0
1777266181044,609.00,9003.00,NA,339.30,0
1777266181087,619.00,8999.00,NA,339.30,0
1777266181109,609.00,9000.00,NA,339.30,0
1777266181151,593.00,9003.00,NA,339.30,0
1777266181173,608.00,8997.00,NA,339.30,0
1777266181216,601.00,9003.00,NA,339.30,0
1777266181238,572.00,9000.00,NA,339.30,0
1777266181281,598.00,9003.00,NA,339.30,0
1777266181303,603.00,9000.00,NA,339.30,0
1777266181346,585.00,9000.00,NA,339.30,0
1777266181368,603.00,9003.00,NA,339.30,0
1777266181410,600.00,9003.00,NA,339.30,0
1777266181433,597.00,9000.00,NA,339.30,0
1777266181476,590.00,8999.00,NA,339.30,0
1777266181519,592.00,8946.00,NA,339.30,0
1777266181541,606.00,9000.00,NA,339.30,0
1777266181563,604.00,9000.00,NA,339.30,0
1777266181606,621.00,9003.00,NA,339.30,0
1777266181650,575.00,8967.00,NA,339.30,0
1777266181672,602.00,9000.00,NA,339.30,0
1777266181715,617.00,9002.00,NA,339.30,0
1777266181737,583.00,8997.00,NA,339.30,0
1777266181780,613.00,9000.00,NA,339.30,0
1777266181802,594.00,9000.00,NA,339.30,0
1777266181846,587.00,9003.00,NA,339.30,0
1777266181868,599.00,9000.00,NA,339.30,0
1777266181912,641.00,9003.00,NA,339.30,0
1777266181935,595.00,8997.00,NA,339.30,0
1777266181978,590.00,8943.00,NA,339.30,0
1777266182001,622.00,9003.00,NA,339.30,0
1777266182044,618.00,8964.00,NA,339.30,0
1777266182066,587.00,8997.00,NA,339.30,0
1777266182110,613.00,9000.00,NA,339.30,0
1777266182132,586.00,9000.00,NA,339.30,0
1777266182175,601.00,8998.00,NA,339.30,0
1777266182198,609.00,9000.00,NA,339.30,0
1777266182241,562.00,9003.00,NA,339.30,0
1777266182264,604.00,9000.00,NA,339.30,0
1777266182308,614.00,9003.00,NA,339.30,0
1777266182330,601.00,9003.00,NA,339.30,0
1777266182374,594.00,8997.00,NA,339.30,0
1777266182397,601.00,9012.00,NA,339.30,0
1777266182441,595.00,8997.00,NA,339.30,0
1777266182464,595.00,9009.00,NA,339.30,0
1777266182508,592.00,9003.00,NA,339.30,0
1777266182532,582.00,9000.00,NA,339.30,0
1777266182554,616.00,9059.00,NA,339.30,0
1777266182599,579.00,9003.00,NA,339.30,0
1777266182622,597.00,9057.00,NA,339.30,0
1777266182667,606.00,9003.00,NA,339.30,0
1777266182690,589.00,9000.00,NA,339.30,0
1777266182734,604.00,9000.00,NA,339.30,0
1777266182761,574.00,9009.00,NA,339.30,0
1777266182805,600.00,9000.00,NA,339.30,0
1777266182829,566.00,8997.00,NA,339.30,0
1777266182873,597.00,9003.00,NA,339.30,0
1777266182896,615.00,9003.00,NA,339.30,0
1777266182941,596.00,9000.00,NA,339.30,0
1777266182964,615.00,9012.00,NA,339.30,0
1777266182987,616.00,9006.00,NA,339.30,0
1777266183030,620.00,9000.00,NA,339.30,0
1777266183175,600.00,8803.00,NA,339.30,0
1777266183198,1192.00,8823.00,NA,678.60,0
1777266183222,619.00,8915.00,NA,339.30,0
1777266183266,619.00,8883.00,NA,339.30,0
1777266183289,593.00,8883.00,NA,339.30,0
1777266183312,592.00,8937.00,NA,339.30,0
1777266183355,595.00,8892.00,NA,339.30,0
1777266183377,577.00,8936.00,NA,339.30,0
1777266183420,602.00,8880.00,NA,339.30,0
1777266183443,604.00,8937.00,NA,339.30,0
1777266183486,584.00,8882.00,NA,339.30,0
1777266183529,603.00,8883.00,NA,339.30,0
1777266183552,570.00,8880.00,NA,339.30,0
1777266183575,589.00,8880.00,NA,339.30,0
1777266183621,599.00,8880.00,NA,339.30,0
1777266183644,613.00,8904.00,NA,339.30,0
1777266183688,603.00,8880.00,NA,339.30,0
1777266183711,605.00,8937.00,NA,339.30,0
1777266183755,591.00,8883.00,NA,339.30,0
1777266183777,621.00,8892.00,NA,339.30,0
1777266183821,600.00,8880.00,NA,339.30,0
1777266183844,583.00,8880.00,NA,339.30,0
1777266183888,579.00,8883.00,NA,339.30,0
1777266183910,613.00,8880.00,NA,339.30,0
1777266183954,618.00,8880.00,NA,339.30,0
1777266183977,600.00,8934.00,NA,339.30,0
1777266184020,592.00,8892.00,NA,339.30,0
1777266184043,603.00,8895.00,NA,339.30,0
1777266184087,593.00,8883.00,NA,339.30,0
1777266184110,560.00,8883.00,NA,339.30,0
1777266184153,603.00,8883.00,NA,339.30,0
1777266184177,592.00,8880.00,NA,339.30,0
1777266184221,591.00,8880.00,NA,339.30,0
1777266184245,616.00,8880.00,NA,339.30,0
1777266184288,575.00,8883.00,NA,339.30,0
1777266184311,578.00,8918.00,NA,339.30,0
1777266184355,595.00,8883.00,NA,339.30,0
1777266184378,617.00,8880.00,NA,339.30,0
1777266184422,584.00,8883.00,NA,339.30,0
1777266184446,622.00,8880.00,NA,339.30,0
1777266184489,595.00,8883.00,NA,339.30,0
1777266184512,612.00,8880.00,NA,339.30,0
1777266184556,577.00,8880.00,NA,339.30,0
1777266184579,620.00,8940.00,NA,339.30,0
1777266184602,573.00,8937.00,NA,339.30,0
1777266184646,603.00,8877.00,NA,339.30,0
1777266184670,615.00,8937.00,NA,339.30,0
1777266184713,607.00,8883.00,NA,339.30,0
1777266184737,583.00,8892.00,NA,339.30,0
1777266184781,598.00,8877.00,NA,339.30,0
1777266184804,598.00,8880.00,NA,339.30,0
1777266184848,598.00,8938.00,NA,339.30,0
1777266184872,594.00,8940.00,NA,339.30,0
1777266184916,591.00,8880.00,NA,339.30,0
1777266184939,627.00,8892.00,NA,339.30,0
1777266184983,589.00,8886.00,NA,339.30,0
1777266185006,594.00,8883.00,NA,339.30,0
1777266185050,582.00,8877.00,NA,339.30,0
1777266185073,579.00,8880.00,NA,339.30,0
1777266185117,592.00,8882.00,NA,339.30,0
1777266185141,591.00,8880.00,NA,339.30,0
1777266185188,613.00,8883.00,NA,339.30,0
1777266185213,602.00,8883.00,NA,339.30,0
1777266185238,608.00,8940.00,NA,339.30,0
1777266185284,602.00,8880.00,NA,339.30,0
1777266185310,604.00,8892.00,NA,339.30,0
1777266185335,599.00,8939.00,NA,339.30,0
1777266185382,621.00,8880.00,NA,339.30,0
1777266185408,584.00,8889.00,NA,339.30,0
1777266185433,594.00,8937.00,NA,339.30,0
1777266185480,582.00,8882.00,NA,339.30,0
1777266185504,585.00,8877.00,NA,339.30,0
1777266185551,611.00,8883.00,NA,339.30,0
1777266185577,602.00,8889.00,NA,339.30,0
1777266185604,602.00,8940.00,NA,339.30,0
1777266185651,600.00,8879.00,NA,339.30,0
1777266185678,581.00,8880.00,NA,339.30,0
1777266185703,617.00,8930.00,NA,339.30,0
1777266185751,563.00,8883.00,NA,339.30,0
1777266185776,614.00,8880.00,NA,339.30,0
1777266185801,596.00,8940.00,NA,339.30,0
1777266185849,593.00,9000.00,NA,339.30,0
1777266185876,612.00,8940.00,NA,339.30,0
1777266185902,601.00,8940.00,NA,339.30,0
1777266185950,615.00,8883.00,NA,339.30,0
1777266185976,604.00,8937.00,NA,339.30,0
1777266186003,608.00,8940.00,NA,339.30,0
1777266186050,612.00,8929.00,NA,339.30,0
1777266186077,606.00,8940.00,NA,339.30,0
1777266186104,581.00,8937.00,NA,339.30,0
1777266186129,603.00,8940.00,NA,339.30,0
1777266186176,597.00,8943.00,NA,339.30,0
1777266186202,605.00,8940.00,NA,339.30,0
1777266186301,576.00,8820.00,NA,339.30,0
1777266186322,600.00,8823.00,NA,339.30,0
1777266186364,602.00,8820.00,NA,339.30,0
1777266186386,605.00,8820.00,NA,339.30,0
1777266186428,605.00,8820.00,NA,339.30,0
1777266186450,588.00,8832.00,NA,339.30,0
1777266186492,610.00,8822.00,NA,339.30,0
1777266186534,627.00,8823.00,NA,339.30,0
1777266186556,596.00,8815.00,NA,339.30,0
1777266186599,585.00,8820.00,NA,339.30,0
1777266186620,588.00,8823.00,NA,339.30,0
1777266186663,593.00,8820.00,NA,339.30,0
1777266186685,584.00,8823.00,NA,339.30,0
1777266186728,607.00,8820.00,NA,339.30,0
1777266186750,588.00,8820.00,NA,339.30,0
1777266186793,576.00,8821.00,NA,339.30,0
1777266186815,616.00,8820.00,NA,339.30,0
1777266186857,607.00,8823.00,NA,339.30,0
1777266186900,628.00,8820.00,NA,339.30,0
1777266186922,612.00,8820.00,NA,339.30,0
1777266186965,620.00,8820.00,NA,339.30,0
1777266186988,627.00,8817.00,NA,339.30,0
1777266187031,611.00,8821.00,NA,339.30,0
1777266187053,616.00,8823.00,NA,339.30,0
1777266187096,595.00,8818.00,NA,339.30,0
1777266187118,587.00,8820.00,NA,339.30,0
1777266187161,568.00,8823.00,NA,339.30,0
1777266187184,600.00,8820.00,NA,339.30,0
1777266187227,574.00,8820.00,NA,339.30,0
1777266187250,585.00,8823.00,NA,339.30,0
1777266187293,600.00,8820.00,NA,339.30,0
1777266187316,609.00,8817.00,NA,339.30,0
1777266187359,589.00,8823.00,NA,339.30,0
1777266187382,618.00,8817.00,NA,339.30,0
1777266187425,604.00,8821.00,NA,339.30,0
1777266187447,601.00,8820.00,NA,339.30,0
1777266187491,610.00,8820.00,NA,339.30,0
1777266187514,604.00,8816.00,NA,339.30,0
1777266187557,647.00,8766.00,NA,339.30,0
1777266187580,606.00,8820.00,NA,339.30,0
1777266187624,609.00,8821.00,NA,339.30,0
1777266187647,588.00,8817.00,NA,339.30,0
1777266187690,602.00,8820.00,NA,339.30,0
1777266187713,617.00,8820.00,NA,339.30,0
1777266187757,590.00,8823.00,NA,339.30,0
1777266187780,597.00,8820.00,NA,339.30,0
1777266187823,604.00,8823.00,NA,339.30,0
1777266187846,586.00,8816.00,NA,339.30,0
1777266187889,591.00,8820.00,NA,339.30,0
1777266187912,604.00,8832.00,NA,339.30,0
1777266187956,593.00,8820.00,NA,339.30,0
1777266187980,580.00,8820.00,NA,339.30,0
1777266188024,612.00,8820.00,NA,339.30,0
1777266188046,619.00,8832.00,NA,339.30,0
1777266188090,621.00,8895.00,NA,339.30,0
1777266188113,600.00,8952.00,NA,339.30,0
1777266188136,632.00,9012.00,NA,339.30,0
1777266188180,601.00,9023.00,NA,339.30,0
1777266188203,606.00,8940.00,NA,339.30,0
1777266188248,609.00,8940.00,NA,339.30,0
1777266188271,594.00,8937.00,NA,339.30,0
1777266188315,621.00,8883.00,NA,339.30,0
1777266188338,615.00,8940.00,NA,339.30,0
1777266188382,608.00,8895.00,NA,339.30,0
1777266188406,589.00,8940.00,NA,339.30,0
1777266188452,597.00,8895.00,NA,339.30,0
1777266188475,584.00,8940.00,NA,339.30,0
1777266188519,620.00,8940.00,NA,339.30,0
1777266188542,576.00,8943.00,NA,339.30,0
1777266188586,603.00,8883.00,NA,339.30,0
1777266188610,583.00,8937.00,NA,339.30,0
1777266188634,596.00,8940.00,NA,339.30,0
1777266188678,593.00,8943.00,NA,339.30,0
1777266188702,574.00,8940.00,NA,339.30,0
1777266188747,624.00,8940.00,NA,339.30,0
1777266188770,608.00,8940.00,NA,339.30,0
1777266188815,618.00,8943.00,NA,339.30,0
1777266188838,600.00,8940.00,NA,339.30,0
1777266188884,614.00,8940.00,NA,339.30,0
1777266188907,596.00,8940.00,NA,339.30,0
1777266188930,590.00,8943.00,NA,339.30,0
1777266188975,617.00,8952.00,NA,339.30,0
1777266188998,579.00,8943.00,NA,339.30,0
1777266189043,609.00,8939.00,NA,339.30,0
1777266189066,596.00,8940.00,NA,339.30,0
1777266189110,597.00,8942.00,NA,339.30,0
1777266189134,579.00,8940.00,NA,339.30,0
1777266189179,597.00,8942.00,NA,339.30,0
1777266189203,602.00,8940.00,NA,339.30,0
1777266189248,598.00,8941.00,NA,339.30,0
1777266189274,610.00,8937.00,NA,339.30,0
1777266189298,604.00,8937.00,NA,339.30,0
1777266189343,591.00,8943.00,NA,339.30,0
1777266189368,610.00,8940.00,NA,339.30,0
1777266189413,587.00,8943.00,NA,339.30,0
1777266189437,602.00,8940.00,NA,339.30,0
1777266189461,599.00,8940.00,NA,339.30,0
1777266189507,607.00,8943.00,NA,339.30,0
1777266189531,593.00,8943.00,NA,339.30,0
1777266189576,604.00,8940.00,NA,339.30,0
1777266189600,606.00,8940.00,NA,339.30,0
1777266189644,589.00,8944.00,NA,339.30,0
1777266189669,616.00,8940.00,NA,339.30,0
1777266189692,622.00,8947.00,NA,339.30,0
1777266189737,596.00,8940.00,NA,339.30,0
1777266189761,596.00,8940.00,NA,339.30,0
1777266189806,586.00,8942.00,NA,339.30,0
1777266189830,601.00,8943.00,NA,339.30,0
1777266189875,589.00,8939.00,NA,339.30,0
1777266189904,600.00,8943.00,NA,339.30,0
1777266189928,603.00,8940.00,NA,339.30,0
1777266189974,612.00,8939.00,NA,339.30,0
1777266189998,568.00,8937.00,NA,339.30,0
1777266190043,563.00,8943.00,NA,339.30,0
1777266190067,590.00,8940.00,NA,339.30,0
1777266190091,603.00,8940.00,NA,339.30,0
1777266190136,589.00,8943.00,NA,339.30,0
1777266190159,582.00,8943.00,NA,339.30,0
1777266190205,619.00,8938.00,NA,339.30,0
1777266190229,598.00,8940.00,NA,339.30,0
1777266190254,591.00,8949.00,NA,339.30,0
1777266190300,609.00,8939.00,NA,339.30,0
1777266190349,603.00,8886.00,NA,339.30,0
1777266190374,583.00,8943.00,NA,339.30,0
1777266190398,595.00,8943.00,NA,339.30,0
1777266190423,603.00,8940.00,NA,339.30,0
1777266190469,610.00,8940.00,NA,339.30,0
1777266190493,593.00,8943.00,NA,339.30,0
1777266190540,613.00,8940.00,NA,339.30,0
1777266190565,599.00,8943.00,NA,339.30,0
1777266190590,597.00,8943.00,NA,339.30,0
1777266190635,585.00,8941.00,NA,339.30,0
1777266190659,561.00,8937.00,NA,339.30,0
1777266190704,585.00,8942.00,NA,339.30,0
1777266190729,606.00,8937.00,NA,339.30,0
1777266190754,598.00,8997.00,NA,339.30,0
1777266190799,601.00,8943.00,NA,339.30,0
1777266190823,605.00,8940.00,NA,339.30,0
1777266190868,601.00,8940.00,NA,339.30,0
1777266190893,592.00,8943.00,NA,339.30,0
1777266190917,605.00,8940.00,NA,339.30,0
1777266190964,600.00,8943.00,NA,339.30,0
1777266190989,581.00,8940.00,NA,339.30,0
1777266191034,612.00,8943.00,NA,339.30,0
1777266191059,596.00,8943.00,NA,339.30,0
1777266191084,627.00,8940.00,NA,339.30,0
1777266191130,607.00,8942.00,NA,339.30,0
1777266191156,602.00,8932.00,NA,339.30,0
1777266191181,611.00,8940.00,NA,339.30,0
1777266191228,605.00,8952.00,NA,339.30,0
1777266191252,585.00,9009.00,NA,339.30,0
1777266191298,602.00,9063.00,NA,339.30,0
1777266191391,1216.00,8883.00,NA,678.60,0
1777266191413,600.00,9003.00,NA,339.30,0
1777266191455,612.00,8943.00,NA,339.30,0
1777266191477,606.00,9003.00,NA,339.30,0
1777266191519,579.00,9000.00,NA,339.30,0
1777266191561,611.00,8946.00,NA,339.30,0
1777266191583,591.00,8997.00,NA,339.30,0
1777266191625,591.00,8952.00,NA,339.30,0
1777266191647,609.00,9000.00,NA,339.30,0
1777266191690,613.00,8943.00,NA,339.30,0
1777266191712,603.00,9000.00,NA,339.30,0
1777266191754,606.00,8943.00,NA,339.30,0
1777266191776,624.00,8997.00,NA,339.30,0
1777266191819,575.00,8943.00,NA,339.30,0
1777266191841,610.00,8997.00,NA,339.30,0
1777266191884,569.00,9000.00,NA,339.30,0
1777266191927,593.00,8946.00,NA,339.30,0
1777266191949,609.00,8998.00,NA,339.30,0
1777266191992,585.00,8943.00,NA,339.30,0
1777266192014,622.00,9000.00,NA,339.30,0
1777266192057,580.00,8943.00,NA,339.30,0
1777266192079,598.00,9003.00,NA,339.30,0
1777266192122,601.00,8943.00,NA,339.30,0
1777266192144,604.00,8997.00,NA,339.30,0
1777266192187,588.00,8943.00,NA,339.30,0
1777266192210,601.00,8997.00,NA,339.30,0
1777266192252,584.00,8949.00,NA,339.30,0
1777266192275,597.00,9000.00,NA,339.30,0
1777266192318,603.00,8963.00,NA,339.30,0
1777266192340,607.00,8997.00,NA,339.30,0
1777266192383,589.00,9002.00,NA,339.30,0
1777266192405,587.00,8994.00,NA,339.30,0
1777266192448,598.00,9002.00,NA,339.30,0
1777266192471,616.00,8997.00,NA,339.30,0
1777266192514,602.00,9006.00,NA,339.30,0
1777266192537,599.00,8997.00,NA,339.30,0
1777266192580,595.00,9000.00,NA,339.30,0
1777266192602,577.00,9000.00,NA,339.30,0
1777266192645,597.00,9003.00,NA,339.30,0
1777266192668,606.00,9000.00,NA,339.30,0
1777266192711,597.00,9003.00,NA,339.30,0
1777266192754,599.00,9000.00,NA,339.30,0
1777266192776,576.00,9000.00,NA,339.30,0
1777266192819,620.00,9000.00,NA,339.30,0
1777266192843,602.00,9009.00,NA,339.30,0
1777266192886,604.00,8997.00,NA,339.30,0
1777266192908,592.00,8997.00,NA,339.30,0
1777266192951,599.00,9003.00,NA,339.30,0
1777266192974,603.00,8997.00,NA,339.30,0
1777266193018,609.00,9003.00,NA,339.30,0
1777266193040,568.00,9003.00,NA,339.30,0
1777266193084,604.00,9000.00,NA,339.30,0
1777266193107,612.00,9003.00,NA,339.30,0
1777266193129,603.00,9000.00,NA,339.30,0
1777266193173,618.00,9003.00,NA,339.30,0
1777266193196,611.00,9003.00,NA,339.30,0
1777266193240,584.00,8998.00,NA,339.30,0
1777266193284,580.00,8955.00,NA,339.30,0
1777266193307,612.00,9003.00,NA,339.30,0
1777266193330,588.00,8997.00,NA,339.30,0
1777266193374,607.00,9003.00,NA,339.30,0
1777266193396,590.00,9003.00,NA,339.30,0
1777266193440,600.00,8998.00,NA,339.30,0
1777266193463,597.00,9000.00,NA,339.30,0
1777266193507,611.00,9000.00,NA,339.30,0
1777266193530,584.00,8997.00,NA,339.30,0
1777266193573,573.00,8998.00,NA,339.30,0
1777266193597,611.00,9000.00,NA,339.30,0
1777266193641,624.00,8943.00,NA,339.30,0
1777266193664,608.00,8997.00,NA,339.30,0
1777266193708,600.00,8943.00,NA,339.30,0
1777266193731,591.00,9003.00,NA,339.30,0
1777266193775,608.00,8943.00,NA,339.30,0
1777266193798,582.00,9000.00,NA,339.30,0
1777266193842,597.00,8937.00,NA,339.30,0
1777266193865,616.00,8997.00,NA,339.30,0
1777266193909,574.00,8984.00,NA,339.30,0
1777266193932,587.00,8997.00,NA,339.30,0
1777266193955,599.00,9000.00,NA,339.30,0
1777266193999,598.00,9002.00,NA,339.30,0
1777266194022,598.00,9000.00,NA,339.30,0
1777266194066,600.00,8999.00,NA,339.30,0
1777266194089,579.00,9000.00,NA,339.30,0
1777266194134,613.00,9003.00,NA,339.30,0
1777266194157,611.00,9000.00,NA,339.30,0
1777266194201,618.00,8997.00,NA,339.30,0
1777266194224,583.00,8997.00,NA,339.30,0
1777266194268,624.00,9003.00,NA,339.30,0
1777266194292,600.00,9000.00,NA,339.30,0
1777266194340,599.00,9003.00,NA,339.30,0
1777266194364,599.00,9003.00,NA,339.30,0
1777266194387,595.00,8994.00,NA,339.30,0
1777266194431,584.00,9000.00,NA,339.30,0
1777266194455,610.00,9003.00,NA,339.30,0
1777266194499,605.00,8997.00,NA,339.30,0
1777266194526,596.00,8997.00,NA,339.30,0
1777266194571,611.00,9003.00,NA,339.30,0
1777266194594,595.00,9000.00,NA,339.30,0
1777266194618,639.00,9000.00,NA,339.30,0
1777266194662,608.00,9003.00,NA,339.30,0
1777266194686,608.00,9000.00,NA,339.30,0
1777266194731,585.00,9000.00,NA,339.30,0
1777266194754,588.00,9000.00,NA,339.30,0
1777266194799,605.00,9000.00,NA,339.30,0
1777266194823,612.00,8997.00,NA,339.30,0
1777266194868,594.00,9003.00,NA,339.30,0
1777266194892,595.00,8997.00,NA,339.30,0
1777266194916,560.00,9000.00,NA,339.30,0
1777266194960,597.00,9001.00,NA,339.30,0
1777266194984,618.00,9003.00,NA,339.30,0
1777266195029,593.00,8997.00,NA,339.30,0
1777266195053,587.00,9003.00,NA,339.30,0
1777266195098,597.00,8943.00,NA,339.30,0
1777266195121,585.00,8997.00,NA,339.30,0
1777266195166,589.00,8950.00,NA,339.30,0
1777266195190,601.00,9000.00,NA,339.30,0
1777266195214,607.00,8997.00,NA,339.30,0
1777266195259,601.00,8955.00,NA,339.30,0
1777266195282,625.00,9000.00,NA,339.30,0
1777266195327,598.00,8997.00,NA,339.30,0
1777266195351,577.00,9060.00,NA,339.30,0
1777266195395,607.00,9000.00,NA,339.30,0
1777266195419,597.00,9003.00,NA,339.30,0
1777266195464,567.00,9000.00,NA,339.30,0
1777266195487,595.00,8997.00,NA,339.30,0
1777266195512,585.00,9000.00,NA,339.30,0
1777266195557,604.00,8997.00,NA,339.30,0
1777266195604,596.00,8943.00,NA,339.30,0
1777266195628,594.00,9003.00,NA,339.30,0
1777266195652,605.00,9003.00,NA,339.30,0
1777266195697,596.00,8998.00,NA,339.30,0
1777266195721,601.00,9000.00,NA,339.30,0
1777266195745,593.00,9000.00,NA,339.30,0
1777266195789,590.00,9000.00,NA,339.30,0
1777266195814,613.00,9000.00,NA,339.30,0
1777266195860,626.00,9003.00,NA,339.30,0
1777266195884,595.00,8997.00,NA,339.30,0
1777266195908,638.00,9000.00,NA,339.30,0
1777266195954,607.00,9003.00,NA,339.30,0
1777266195978,620.00,9003.00,NA,339.30,0
1777266196025,587.00,9000.00,NA,339.30,0
1777266196050,588.00,9000.00,NA,339.30,0
1777266196074,595.00,9000.00,NA,339.30,0
1777266196172,595.00,8880.00,NA,339.30,0
1777266196194,599.00,8892.00,NA,339.30,0
1777266196236,598.00,8883.00,NA,339.30,0
1777266196258,619.00,8880.00,NA,339.30,0
1777266196300,603.00,8889.00,NA,339.30,0
1777266196322,596.00,8940.00,NA,339.30,0
1777266196365,599.00,9002.00,NA,339.30,0
1777266196407,611.00,8940.00,NA,339.30,0
1777266196430,593.00,8943.00,NA,339.30,0
1777266196472,588.00,8940.00,NA,339.30,0
1777266196494,621.00,8952.00,NA,339.30,0
1777266196537,620.00,8940.00,NA,339.30,0
1777266196559,604.00,8997.00,NA,339.30,0
1777266196601,606.00,8943.00,NA,339.30,0
1777266196623,615.00,9000.00,NA,339.30,0
1777266196666,596.00,8943.00,NA,339.30,0
1777266196688,621.00,8997.00,NA,339.30,0
1777266196731,605.00,8943.00,NA,339.30,0
1777266196753,607.00,8997.00,NA,339.30,0
1777266196796,614.00,8946.00,NA,339.30,0
1777266196818,592.00,8997.00,NA,339.30,0
1777266196861,584.00,8955.00,NA,339.30,0
1777266196903,612.00,8940.00,NA,339.30,0
1777266196925,594.00,8997.00,NA,339.30,0
1777266196968,585.00,8943.00,NA,339.30,0
1777266196991,596.00,8997.00,NA,339.30,0
1777266197033,634.00,8943.00,NA,339.30,0
1777266197056,594.00,8997.00,NA,339.30,0
1777266197098,614.00,8943.00,NA,339.30,0
1777266197121,598.00,8997.00,NA,339.30,0
1777266197164,599.00,8940.00,NA,339.30,0
1777266197186,592.00,8997.00,NA,339.30,0
1777266197229,625.00,8940.00,NA,339.30,0
1777266197253,583.00,9002.00,NA,339.30,0
1777266197296,598.00,8941.00,NA,339.30,0
1777266197319,623.00,8997.00,NA,339.30,0
1777266197362,586.00,8943.00,NA,339.30,0
1777266197385,576.00,8985.00,NA,339.30,0
1777266197428,610.00,8940.00,NA,339.30,0
1777266197450,596.00,9000.00,NA,339.30,0
1777266197494,620.00,8942.00,NA,339.30,0
1777266197517,614.00,8940.00,NA,339.30,0
1777266197560,591.00,8943.00,NA,339.30,0
1777266197583,626.00,8940.00,NA,339.30,0
1777266197627,595.00,8943.00,NA,339.30,0
1777266197649,620.00,8940.00,NA,339.30,0
1777266197695,611.00,8940.00,NA,339.30,0
1777266197718,605.00,8943.00,NA,339.30,0
1777266197761,598.00,8943.00,NA,339.30,0
1777266197784,606.00,8940.00,NA,339.30,0
1777266197827,589.00,8940.00,NA,339.30,0
1777266197850,584.00,8940.00,NA,339.30,0
1777266197894,586.00,8941.00,NA,339.30,0
1777266197917,604.00,8940.00,NA,339.30,0
1777266197961,609.00,8943.00,NA,339.30,0
1777266197983,586.00,8940.00,NA,339.30,0
1777266198028,607.00,8940.00,NA,339.30,0
1777266198050,603.00,8943.00,NA,339.30,0
1777266198095,597.00,8940.00,NA,339.30,0
1777266198118,602.00,8940.00,NA,339.30,0
1777266198161,604.00,8943.00,NA,339.30,0
1777266198184,617.00,8943.00,NA,339.30,0
1777266198228,579.00,8943.00,NA,339.30,0
1777266198252,580.00,8940.00,NA,339.30,0
1777266198296,604.00,8940.00,NA,339.30,0
1777266198320,600.00,8940.00,NA,339.30,0
1777266198342,597.00,8936.00,NA,339.30,0
1777266198386,618.00,8937.00,NA,339.30,0
1777266198409,589.00,8952.00,NA,339.30,0
1777266198453,631.00,8943.00,NA,339.30,0
1777266198476,630.00,8943.00,NA,339.30,0
1777266198521,586.00,8943.00,NA,339.30,0
1777266198545,601.00,8940.00,NA,339.30,0
1777266198589,593.00,8943.00,NA,339.30,0
1777266198612,590.00,8940.00,NA,339.30,0
1777266198656,589.00,8943.00,NA,339.30,0
1777266198680,582.00,8940.00,NA,339.30,0
1777266198725,611.00,8940.00,NA,339.30,0
1777266198748,593.00,8952.00,NA,339.30,0
1777266198771,632.00,9000.00,NA,339.30,0
1777266198816,618.00,8943.00,NA,339.30,0
1777266198839,598.00,9000.00,NA,339.30,0
1777266198884,577.00,8942.00,NA,339.30,0
1777266198907,591.00,9000.00,NA,339.30,0
1777266198953,591.00,8943.00,NA,339.30,0
1777266198976,585.00,8943.00,NA,339.30,0
1777266199021,599.00,8941.00,NA,339.30,0
1777266199044,601.00,8952.00,NA,339.30,0
1777266199089,597.00,8937.00,NA,339.30,0
1777266199113,598.00,8939.00,NA,339.30,0
1777266199158,589.00,8942.00,NA,339.30,0
1777266199183,614.00,8940.00,NA,339.30,0
1777266199206,631.00,8940.00,NA,339.30,0
1777266199251,581.00,8940.00,NA,339.30,0
1777266199274,589.00,8940.00,NA,339.30,0
1777266199319,599.00,8940.00,NA,339.30,0
1777266199343,578.00,8985.00,NA,339.30,0
1777266199388,592.00,8947.00,NA,339.30,0
1777266199411,599.00,8943.00,NA,339.30,0
1777266199435,606.00,8937.00,NA,339.30,0
1777266199479,605.00,8940.00,NA,339.30,0
1777266199503,625.00,8940.00,NA,339.30,0
1777266199548,596.00,8940.00,NA,339.30,0
1777266199572,595.00,8997.00,NA,339.30,0
1777266199617,597.00,8943.00,NA,339.30,0
1777266199641,587.00,8943.00,NA,339.30,0
1777266199686,557.00,8943.00,NA,339.30,0
1777266199710,600.00,8940.00,NA,339.30,0
1777266199734,589.00,9000.00,NA,339.30,0
1777266199780,632.00,8940.00,NA,339.30,0
1777266199806,590.00,8940.00,NA,339.30,0
1777266199851,607.00,8943.00,NA,339.30,0
1777266199876,615.00,8940.00,NA,339.30,0
1777266199900,596.00,8940.00,NA,339.30,0
1777266199945,634.00,8943.00,NA,339.30,0
1777266199969,593.00,8931.00,NA,339.30,0
1777266200013,605.00,8943.00,NA,339.30,0
1777266200037,628.00,8940.00,NA,339.30,0
1777266200083,599.00,8937.00,NA,339.30,0
1777266200107,607.00,8940.00,NA,339.30,0
1777266200132,605.00,8940.00,NA,339.30,0
1777266200177,607.00,8942.00,NA,339.30,0
1777266200203,596.00,8940.00,NA,339.30,0
1777266200229,572.00,8940.00,NA,339.30,0
1777266200275,588.00,8943.00,NA,339.30,0
1777266200300,604.00,8952.00,NA,339.30,0
1777266200346,583.00,8941.00,NA,339.30,0
1777266200371,608.00,8940.00,NA,339.30,0
1777266200395,621.00,9000.00,NA,339.30,0
1777266200443,594.00,8943.00,NA,339.30,0
1777266200469,589.00,8959.00,NA,339.30,0
1777266200494,592.00,8940.00,NA,339.30,0
1777266200590,598.00,8880.00,NA,339.30,0
1777266200612,608.00,8880.00,NA,339.30,0
1777266200634,602.00,8880.00,NA,339.30,0
1777266200676,598.00,8880.00,NA,339.30,0
1777266200698,582.00,8904.00,NA,339.30,0
1777266200740,611.00,8883.00,NA,339.30,0
1777266200762,613.00,8883.00,NA,339.30,0
1777266200805,588.00,8880.00,NA,339.30,0
1777266200827,575.00,8880.00,NA,339.30,0
1777266200870,580.00,8883.00,NA,339.30,0
1777266200892,605.00,8873.00,NA,339.30,0
1777266200935,592.00,8880.00,NA,339.30,0
1777266200956,587.00,8877.00,NA,339.30,0
1777266200999,600.00,8880.00,NA,339.30,0
1777266201041,589.00,8880.00,NA,339.30,0
1777266201063,576.00,8880.00,NA,339.30,0
1777266201106,619.00,8886.00,NA,339.30,0
1777266201128,593.00,8943.00,NA,339.30,0
1777266201170,613.00,9003.00,NA,339.30,0
1777266201192,592.00,8997.00,NA,339.30,0
1777266201235,598.00,9003.00,NA,339.30,0
1777266201257,562.00,8995.00,NA,339.30,0
1777266201299,619.00,9000.00,NA,339.30,0
1777266201321,607.00,9003.00,NA,339.30,0
1777266201364,586.00,8999.00,NA,339.30,0
1777266201407,578.00,9000.00,NA,339.30,0
1777266201430,616.00,8997.00,NA,339.30,0
1777266201473,613.00,9000.00,NA,339.30,0
1777266201496,584.00,9000.00,NA,339.30,0
1777266201538,589.00,8963.00,NA,339.30,0
1777266201561,609.00,8956.00,NA,339.30,0
1777266201604,639.00,8949.00,NA,339.30,0
1777266201626,589.00,8942.00,NA,339.30,0
1777266201669,594.00,8943.00,NA,339.30,0
1777266201692,620.00,8940.00,NA,339.30,0
1777266201735,595.00,8940.00,NA,339.30,0
1777266201757,591.00,8940.00,NA,339.30,0
1777266201800,610.00,8943.00,NA,339.30,0
1777266201822,585.00,8943.00,NA,339.30,0
1777266201865,592.00,8943.00,NA,339.30,0
1777266201888,588.00,9003.00,NA,339.30,0
1777266201931,606.00,8940.00,NA,339.30,0
1777266201953,595.00,8997.00,NA,339.30,0
1777266201997,615.00,8943.00,NA,339.30,0
1777266202019,616.00,8997.00,NA,339.30,0
1777266202063,623.00,8940.00,NA,339.30,0
1777266202106,607.00,8943.00,NA,339.30,0
1777266202129,611.00,8946.00,NA,339.30,0
1777266202152,610.00,8997.00,NA,339.30,0
1777266202195,596.00,8943.00,NA,339.30,0
1777266202218,595.00,9003.00,NA,339.30,0
1777266202261,598.00,8940.00,NA,339.30,0
1777266202283,625.00,9000.00,NA,339.30,0
1777266202328,585.00,8940.00,NA,339.30,0
1777266202350,603.00,8997.00,NA,339.30,0
1777266202394,579.00,8940.00,NA,339.30,0
1777266202416,599.00,8997.00,NA,339.30,0
1777266202460,596.00,8952.00,NA,339.30,0
1777266202482,607.00,9000.00,NA,339.30,0
1777266202527,600.00,8937.00,NA,339.30,0
1777266202549,585.00,9000.00,NA,339.30,0
1777266202593,610.00,8940.00,NA,339.30,0
1777266202615,588.00,8997.00,NA,339.30,0
1777266202659,632.00,8940.00,NA,339.30,0
1777266202682,596.00,8997.00,NA,339.30,0
1777266202726,589.00,8943.00,NA,339.30,0
1777266202749,620.00,9000.00,NA,339.30,0
1777266202792,609.00,8943.00,NA,339.30,0
1777266202815,609.00,9000.00,NA,339.30,0
1777266202860,615.00,8940.00,NA,339.30,0
1777266202883,608.00,9000.00,NA,339.30,0
1777266202928,588.00,8943.00,NA,339.30,0
1777266202951,607.00,8997.00,NA,339.30,0
1777266202996,590.00,8940.00,NA,339.30,0
1777266203019,604.00,8997.00,NA,339.30,0
1777266203062,598.00,8943.00,NA,339.30,0
1777266203085,612.00,9000.00,NA,339.30,0
1777266203129,603.00,8937.00,NA,339.30,0
1777266203153,601.00,9000.00,NA,339.30,0
1777266203177,592.00,9000.00,NA,339.30,0
1777266203221,606.00,8997.00,NA,339.30,0
1777266203245,592.00,9000.00,NA,339.30,0
1777266203289,576.00,8997.00,NA,339.30,0
1777266203312,584.00,9000.00,NA,339.30,0
1777266203356,609.00,8952.00,NA,339.30,0
1777266203379,580.00,9000.00,NA,339.30,0
1777266203423,612.00,8949.00,NA,339.30,0
1777266203446,566.00,9000.00,NA,339.30,0
1777266203491,610.00,8940.00,NA,339.30,0
1777266203514,603.00,9000.00,NA,339.30,0
1777266203559,593.00,8940.00,NA,339.30,0
1777266203582,612.00,8997.00,NA,339.30,0
1777266203605,604.00,9000.00,NA,339.30,0
1777266203649,597.00,8997.00,NA,339.30,0
1777266203672,586.00,9000.00,NA,339.30,0
1777266203716,591.00,8998.00,NA,339.30,0
1777266203739,622.00,8997.00,NA,339.30,0
1777266203784,598.00,8955.00,NA,339.30,0
1777266203807,612.00,9003.00,NA,339.30,0
1777266203850,565.00,8941.00,NA,339.30,0
1777266203873,579.00,9000.00,NA,339.30,0
1777266203917,598.00,8943.00,NA,339.30,0
1777266203940,593.00,9000.00,NA,339.30,0
1777266203985,584.00,8950.00,NA,339.30,0
1777266204008,602.00,9000.00,NA,339.30,0
1777266204052,590.00,8943.00,NA,339.30,0
1777266204075,589.00,9000.00,NA,339.30,0
1777266204127,585.00,8943.00,NA,339.30,0
1777266204151,588.00,9003.00,NA,339.30,0
1777266204174,598.00,9003.00,NA,339.30,0
1777266204218,603.00,8940.00,NA,339.30,0
1777266204242,586.00,8997.00,NA,339.30,0
1777266204286,589.00,8940.00,NA,339.30,0
1777266204309,607.00,8997.00,NA,339.30,0
1777266204333,620.00,9000.00,NA,339.30,0
1777266204377,591.00,9001.00,NA,339.30,0
1777266204422,614.00,8943.00,NA,339.30,0
1777266204446,614.00,8946.00,NA,339.30,0
1777266204470,587.00,9000.00,NA,339.30,0
1777266204514,583.00,8940.00,NA,339.30,0
1777266204538,608.00,9003.00,NA,339.30,0
1777266204582,609.00,8940.00,NA,339.30,0
1777266204610,589.00,8997.00,NA,339.30,0
1777266204654,580.00,8943.00,NA,339.30,0
1777266204678,607.00,9000.00,NA,339.30,0
1777266204702,599.00,9000.00,NA,339.30,0
1777266204746,602.00,8943.00,NA,339.30,0
1777266204769,619.00,8997.00,NA,339.30,0
1777266204820,611.00,8940.00,NA,339.30,0
1777266204845,583.00,9000.00,NA,339.30,0
1777266204868,607.00,9000.00,NA,339.30,0
1777266204913,612.00,8940.00,NA,339.30,0
1777266204936,577.00,8997.00,NA,339.30,0
1777266204981,582.00,8946.00,NA,339.30,0
1777266205004,601.00,8997.00,NA,339.30,0
1777266205053,589.00,8943.00,NA,339.30,0
1777266205077,626.00,9003.00,NA,339.30,0
1777266205101,610.00,9000.00,NA,339.30,0
1777266205145,599.00,8940.00,NA,339.30,0
1777266205169,606.00,9000.00,NA,339.30,0
1777266205213,596.00,8940.00,NA,339.30,0
1777266205242,584.00,8940.00,NA,339.30,0
1777266205266,577.00,8997.00,NA,339.30,0
1777266205311,613.00,8952.00,NA,339.30,0
1777266205335,596.00,9000.00,NA,339.30,0
1777266205380,612.00,8940.00,NA,339.30,0
1777266205404,603.00,8952.00,NA,339.30,0
1777266205450,601.00,8940.00,NA,339.30,0
1777266205474,573.00,8940.00,NA,339.30,0
1777266205499,603.00,8940.00,NA,339.30,0
1777266205543,616.00,8997.00,NA,339.30,0
1777266205567,615.00,9057.00,NA,339.30,0
1777266205612,623.00,9060.00,NA,339.30,0
1777266205636,589.00,9057.00,NA,339.30,0
1777266205660,595.00,9060.00,NA,339.30,0
1777266205705,566.00,9000.00,NA,339.30,0
1777266205729,574.00,9057.00,NA,339.30,0
1777266205775,607.00,9000.00,NA,339.30,0
1777266205799,594.00,9060.00,NA,339.30,0
1777266205844,634.00,9000.00,NA,339.30,0
1777266205869,586.00,9057.00,NA,339.30,0
1777266205893,622.00,9069.00,NA,339.30,0
1777266205938,609.00,9060.00,NA,339.30,0
1777266205962,606.00,9007.00,NA,339.30,0
1777266206007,601.00,8997.00,NA,339.30,0
1777266206031,578.00,9060.00,NA,339.30,0
1777266206079,606.00,9003.00,NA,339.30,0
1777266206104,617.00,9057.00,NA,339.30,0
1777266206129,597.00,9060.00,NA,339.30,0
1777266206174,606.00,9057.00,NA,339.30,0
1777266206198,588.00,9000.00,NA,339.30,0
1777266206243,606.00,9012.00,NA,339.30,0
1777266206267,594.00,9012.00,NA,339.30,0
1777266206315,592.00,9000.00,NA,339.30,0
1777266206340,595.00,9012.00,NA,339.30,0
1777266206364,604.00,9060.00,NA,339.30,0
1777266206409,598.00,9058.00,NA,339.30,0
1777266206433,587.00,9038.00,NA,339.30,0
1777266206478,616.00,9015.00,NA,339.30,0
1777266206502,601.00,9000.00,NA,339.30,0
1777266206526,569.00,9057.00,NA,339.30,0
1777266206571,596.00,9012.00,NA,339.30,0
1777266206595,617.00,9060.00,NA,339.30,0
1777266206642,638.00,8997.00,NA,339.30,0
1777266206666,610.00,9057.00,NA,339.30,0
1777266206691,577.00,9063.00,NA,339.30,0
1777266206738,591.00,9063.00,NA,339.30,0
1777266206763,631.00,9000.00,NA,339.30,0
1777266206809,610.00,9001.00,NA,339.30,0
1777266206834,600.00,9000.00,NA,339.30,0
1777266206858,582.00,9057.00,NA,339.30,0
1777266206903,601.00,9012.00,NA,339.30,0
1777266206997,585.00,8940.00,NA,339.30,0
1777266207018,596.00,8943.00,NA,339.30,0
1777266207060,613.00,8941.00,NA,339.30,0
1777266207082,579.00,8943.00,NA,339.30,0
1777266207124,611.00,8940.00,NA,339.30,0
1777266207167,617.00,8883.00,NA,339.30,0
1777266207188,592.00,8937.00,NA,339.30,0
1777266207230,621.00,8892.00,NA,339.30,0
1777266207252,613.00,8940.00,NA,339.30,0
1777266207294,591.00,8895.00,NA,339.30,0
1777266207316,604.00,8936.00,NA,339.30,0
1777266207358,590.00,8883.00,NA,339.30,0
1777266207380,583.00,8940.00,NA,339.30,0
1777266207423,601.00,8882.00,NA,339.30,0
1777266207445,628.00,8937.00,NA,339.30,0
1777266207487,596.00,8889.00,NA,339.30,0
1777266207529,611.00,8880.00,NA,339.30,0
1777266207551,607.00,8915.00,NA,339.30,0
1777266207594,609.00,8928.00,NA,339.30,0
1777266207616,631.00,8943.00,NA,339.30,0
1777266207658,603.00,8942.00,NA,339.30,0
1777266207680,588.00,8940.00,NA,339.30,0
1777266207723,612.00,8943.00,NA,339.30,0
1777266207745,600.00,8937.00,NA,339.30,0
1777266207788,635.00,8937.00,NA,339.30,0
1777266207810,600.00,8940.00,NA,339.30,0
1777266207853,616.00,8942.00,NA,339.30,0
1777266207896,599.00,8883.00,NA,339.30,0
1777266207918,586.00,8940.00,NA,339.30,0
1777266207961,613.00,8883.00,NA,339.30,0
1777266207983,598.00,8943.00,NA,339.30,0
1777266208026,597.00,8880.00,NA,339.30,0
1777266208049,590.00,8937.00,NA,339.30,0
1777266208092,594.00,8889.00,NA,339.30,0
1777266208114,593.00,8940.00,NA,339.30,0
1777266208157,628.00,8880.00,NA,339.30,0
1777266208180,589.00,8889.00,NA,339.30,0
1777266208223,581.00,8940.00,NA,339.30,0
1777266208245,598.00,8940.00,NA,339.30,0
1777266208289,568.00,8942.00,NA,339.30,0
1777266208311,320.00,8939.00,NA,189.50,0
1777266208354,338.00,8916.00,NA,188.50,0
1777266208377,318.00,8888.00,NA,187.50,0
1777266208420,350.00,8863.00,NA,189.50,0
1777266208443,342.00,8834.00,NA,188.50,0
1777266208486,317.00,8806.00,NA,187.50,0
1777266208508,323.00,8778.00,NA,189.50,0
1777266208551,338.00,8756.00,NA,188.50,0
1777266208574,350.00,8726.00,NA,187.50,0
1777266208617,320.00,8646.00,NA,189.50,0
1777266208640,334.00,8676.00,NA,188.50,0
1777266208683,307.00,8589.00,NA,187.50,0
1777266208705,334.00,8621.00,NA,189.50,0
1777266208748,337.00,8536.00,NA,188.50,0
1777266208792,337.00,8506.00,NA,187.50,0
1777266208814,333.00,8490.00,NA,189.50,0
1777266208837,326.00,8515.00,NA,188.50,0
1777266208880,344.00,8429.00,NA,187.50,0
1777266208903,347.00,8453.00,NA,189.50,0
1777266208946,346.00,8376.00,NA,188.50,0
1777266208969,316.00,8408.00,NA,187.50,0
1777266209013,333.00,8323.00,NA,189.50,0
1777266209036,330.00,8351.00,NA,188.50,0
1777266209079,341.00,8278.00,NA,187.50,0
1777266209127,334.00,8300.00,NA,189.50,0
1777266209150,332.00,8273.00,NA,188.50,0
1777266209173,336.00,8245.00,NA,187.50,0
1777266209217,338.00,8222.00,NA,189.50,0
1777266209239,342.00,8196.00,NA,188.50,0
1777266209283,328.00,8169.00,NA,187.50,0
1777266209306,334.00,8141.00,NA,189.50,0
1777266209350,343.00,8056.00,NA,188.50,0
1777266209372,368.00,8089.00,NA,187.50,0
1777266209416,320.00,8060.00,NA,189.50,0
1777266209440,341.00,8031.00,NA,188.50,0
1777266209483,326.00,7961.00,NA,187.50,0
1777266209506,338.00,7981.00,NA,189.50,0
1777266209551,330.00,7896.00,NA,188.50,0
1777266209574,345.00,7928.00,NA,187.50,0
1777266209618,326.00,7843.00,NA,189.50,0
1777266209641,330.00,7871.00,NA,188.50,0
1777266209664,314.00,7845.00,NA,187.50,0
1777266209707,328.00,7763.00,NA,189.50,0
1777266209756,325.00,7736.00,NA,188.50,0
1777266209779,320.00,7721.00,NA,187.50,0
1777266209802,334.00,7743.00,NA,189.50,0
1777266209845,350.00,7713.00,NA,188.50,0
1777266209871,313.00,7688.00,NA,187.50,0
1777266209923,319.00,7637.00,NA,189.50,0
1777266209947,347.00,7574.00,NA,188.50,0
1777266209974,329.00,7605.00,NA,187.50,0
1777266209997,339.00,7581.00,NA,189.50,0
1777266210041,326.00,7553.00,NA,188.50,0
1777266210065,324.00,7525.00,NA,187.50,0
1777266210109,323.00,7455.00,NA,189.50,0
1777266210133,344.00,7476.00,NA,188.50,0
1777266210177,303.00,7389.00,NA,187.50,0
1777266210200,334.00,7421.00,NA,189.50,0
1777266210261,361.00,7396.00,NA,188.50,0
1777266210285,342.00,7305.00,NA,187.50,0
1777266210308,332.00,7340.00,NA,189.50,0
1777266210331,346.00,7314.00,NA,188.50,0
1777266210374,334.00,7286.00,NA,187.50,0
1777266210397,330.00,7258.00,NA,189.50,0
1777266210441,332.00,7236.00,NA,188.50,0
1777266210464,329.00,7212.00,NA,187.50,0
1777266210509,330.00,7123.00,NA,189.50,0
1777266210533,315.00,7156.00,NA,188.50,0
1777266210557,332.00,7128.00,NA,187.50,0
1777266210603,333.00,7100.00,NA,189.50,0
1777266210626,328.00,7076.00,NA,188.50,0
1777266210671,332.00,6989.00,NA,187.50,0
1777266210698,332.00,7018.00,NA,189.50,0
1777266210743,324.00,6948.00,NA,188.50,0
1777266210767,336.00,6969.00,NA,187.50,0
1777266210791,332.00,6943.00,NA,189.50,0
1777266210836,337.00,6916.00,NA,188.50,0
1777266210859,342.00,6888.00,NA,187.50,0
1777266210904,337.00,6801.00,NA,189.50,0
1777266210928,336.00,6833.00,NA,188.50,0
1777266210973,347.00,6761.00,NA,187.50,0
1777266210997,351.00,6783.00,NA,189.50,0
1777266211023,350.00,6754.00,NA,188.50,0
1777266211068,329.00,6726.00,NA,187.50,0
1777266211091,344.00,6701.00,NA,189.50,0
1777266211136,330.00,6616.00,NA,188.50,0
1777266211161,336.00,6649.00,NA,187.50,0
1777266211185,337.00,6621.00,NA,189.50,0
1777266211233,359.00,6593.00,NA,188.50,0
1777266211257,329.00,6569.00,NA,187.50,0
1777266211301,331.00,6540.00,NA,189.50,0
1777266211325,333.00,6513.00,NA,188.50,0
1777266211370,322.00,6440.00,NA,187.50,0
1777266211393,350.00,6461.00,NA,189.50,0
1777266211416,343.00,6434.00,NA,188.50,0
1777266211464,335.00,6409.00,NA,187.50,0
1777266211487,341.00,6381.00,NA,189.50,0
1777266211532,331.00,6296.00,NA,188.50,0
1777266211556,317.00,6325.00,NA,187.50,0
1777266211601,347.00,6252.00,NA,189.50,0
1777266211628,346.00,6274.00,NA,188.50,0
1777266211652,332.00,6248.00,NA,187.50,0
1777266211697,354.00,6160.00,NA,189.50,0
1777266211721,331.00,6191.00,NA,188.50,0
1777266211868,326.00,5928.00,NA,187.50,0
1777266211889,354.00,5960.00,NA,189.50,0
1777266211910,338.00,5934.00,NA,188.50,0
1777266211952,347.00,5969.00,NA,187.50,0
1777266211974,327.00,6001.00,NA,189.50,0
1777266212016,332.00,5973.00,NA,188.50,0
1777266212058,323.00,5949.00,NA,187.50,0
1777266212080,339.00,5918.00,NA,189.50,0
1777266212122,348.00,5896.00,NA,188.50,0
1777266212144,327.00,5868.00,NA,187.50,0
1777266212186,347.00,5841.00,NA,189.50,0
1777266212208,325.00,5813.00,NA,188.50,0
1777266212250,330.00,5789.00,NA,187.50,0
1777266212271,339.00,5763.00,NA,189.50,0
1777266212314,343.00,5745.00,NA,188.50,0
1777266212356,345.00,5706.00,NA,187.50,0
1777266212378,322.00,5681.00,NA,189.50,0
1777266212422,331.00,5653.00,NA,188.50,0
1777266212444,333.00,5628.00,NA,187.50,0
1777266212486,320.00,5603.00,NA,189.50,0
1777266212508,315.00,5574.00,NA,188.50,0
1777266212550,324.00,5549.00,NA,187.50,0
1777266212572,333.00,5521.00,NA,189.50,0
1777266212615,330.00,5493.00,NA,188.50,0
1777266212637,316.00,5468.00,NA,187.50,0
1777266212680,332.00,5443.00,NA,189.50,0
1777266212706,343.00,5411.00,NA,188.50,0
1777266212749,321.00,5334.00,NA,187.50,0
1777266212771,317.00,5362.00,NA,189.50,0
1777266212813,349.00,5276.00,NA,188.50,0
1777266212835,353.00,5309.00,NA,187.50,0
1777266212877,318.00,5278.00,NA,189.50,0
1777266212899,340.00,5251.00,NA,188.50,0
1777266212942,342.00,5226.00,NA,187.50,0
1777266212985,329.00,5200.00,NA,189.50,0
1777266213007,345.00,5174.00,NA,188.50,0
1777266213049,344.00,5149.00,NA,187.50,0
1777266213071,338.00,5121.00,NA,189.50,0
1777266213113,346.00,5096.00,NA,188.50,0
1777266213135,330.00,5068.00,NA,187.50,0
1777266213178,330.00,5043.00,NA,189.50,0
1777266213200,332.00,5014.00,NA,188.50,0
1777266213242,329.00,4989.00,NA,187.50,0
1777266213264,350.00,4961.00,NA,189.50,0
1777266213306,339.00,4936.00,NA,188.50,0
1777266213328,318.00,4938.00,NA,187.50,0
1777266213371,326.00,4934.00,NA,189.50,0
1777266213413,330.00,4935.00,NA,188.50,0
1777266213435,332.00,4933.00,NA,187.50,0
1777266213477,332.00,4934.00,NA,189.50,0
1777266213499,331.00,4935.00,NA,188.50,0
1777266213542,326.00,4931.00,NA,187.50,0
1777266213564,326.00,4938.00,NA,189.50,0
1777266213606,334.00,4933.00,NA,188.50,0
1777266213631,332.00,4931.00,NA,187.50,0
1777266213673,334.00,4933.00,NA,189.50,0
1777266213695,329.00,4934.00,NA,188.50,0
1777266213738,331.00,4935.00,NA,187.50,0
1777266213781,332.00,4933.00,NA,189.50,0
1777266213803,345.00,4935.00,NA,188.50,0
1777266213845,322.00,4901.00,NA,187.50,0
1777266213867,311.00,4931.00,NA,189.50,0
1777266213910,350.00,4901.00,NA,188.50,0
1777266214204,655.00,4665.00,NA,377.00,0
1777266214269,685.00,4666.00,NA,376.00,0
1777266214291,341.00,4700.00,NA,189.50,0
1777266214334,357.00,4701.00,NA,188.50,0
1777266214356,333.00,4701.00,NA,187.50,0
1777266214399,339.00,4701.00,NA,189.50,0
1777266214423,320.00,4701.00,NA,188.50,0
1777266214466,337.00,4700.00,NA,187.50,0
1777266214488,342.00,4700.00,NA,189.50,0
1777266214531,313.00,4700.00,NA,188.50,0
1777266214554,326.00,4701.00,NA,187.50,0
1777266214597,326.00,4700.00,NA,189.50,0
1777266214623,315.00,4700.00,NA,188.50,0
1777266214667,343.00,4688.00,NA,187.50,0
1777266214690,340.00,4700.00,NA,189.50,0
1777266214733,349.00,4701.00,NA,188.50,0
1777266214756,328.00,4733.00,NA,187.50,0
1777266214799,332.00,4700.00,NA,189.50,0
1777266214822,330.00,4700.00,NA,188.50,0
1777266214866,326.00,4706.00,NA,187.50,0
1777266214889,323.00,4701.00,NA,189.50,0
1777266214932,335.00,4701.00,NA,188.50,0
1777266214955,315.00,4700.00,NA,187.50,0
1777266214999,336.00,4693.00,NA,189.50,0
1777266215022,323.00,4701.00,NA,188.50,0
1777266215129,330.00,4633.00,NA,187.50,0
1777266215150,345.00,4634.00,NA,189.50,0
1777266215192,327.00,4640.00,NA,188.50,0
1777266215213,336.00,4640.00,NA,187.50,0
1777266215256,316.00,4666.00,NA,189.50,0
1777266215278,342.00,4666.00,NA,188.50,0
1777266215320,326.00,4633.00,NA,187.50,0
1777266215362,345.00,4634.00,NA,189.50,0
1777266215383,335.00,4633.00,NA,188.50,0
1777266215426,325.00,4633.00,NA,187.50,0
1777266215448,348.00,4633.00,NA,189.50,0
1777266215490,309.00,4633.00,NA,188.50,0
1777266215512,331.00,4631.00,NA,187.50,0
1777266215554,340.00,4634.00,NA,189.50,0
1777266215597,329.00,4633.00,NA,188.50,0
1777266215618,321.00,4633.00,NA,187.50,0
1777266215661,346.00,4634.00,NA,189.50,0
1777266215683,330.00,4635.00,NA,188.50,0
1777266215725,343.00,4633.00,NA,187.50,0
1777266215747,340.00,4633.00,NA,189.50,0
1777266215790,334.00,4631.00,NA,188.50,0
1777266215812,352.00,4633.00,NA,187.50,0
1777266215855,335.00,4634.00,NA,189.50,0
1777266215876,324.00,4640.00,NA,188.50,0
1777266215919,343.00,4633.00,NA,187.50,0
1777266215961,346.00,4633.00,NA,189.50,0
1777266215983,341.00,4631.00,NA,188.50,0
1777266216026,317.00,4601.00,NA,187.50,0
1777266216048,321.00,4633.00,NA,189.50,0
1777266216090,335.00,4634.00,NA,188.50,0
1777266216112,337.00,4635.00,NA,187.50,0
1777266216155,331.00,4633.00,NA,189.50,0
1777266216177,341.00,4633.00,NA,188.50,0
1777266216219,313.00,4631.00,NA,187.50,0
1777266216262,334.00,4600.00,NA,189.50,0
1777266216284,345.00,4631.00,NA,188.50,0
1777266216326,329.00,4621.00,NA,187.50,0
1777266216348,331.00,4634.00,NA,189.50,0
1777266216391,313.00,4632.00,NA,188.50,0
1777266216413,332.00,4633.00,NA,187.50,0
1777266216456,337.00,4633.00,NA,189.50,0
1777266216478,325.00,4635.00,NA,188.50,0
1777266216521,338.00,4633.00,NA,187.50,0
1777266216543,333.00,4633.00,NA,189.50,0
1777266216586,342.00,4635.00,NA,188.50,0
1777266216609,342.00,4633.00,NA,187.50,0
1777266216652,329.00,4634.00,NA,189.50,0
1777266216674,338.00,4633.00,NA,188.50,0
1777266216717,317.00,4635.00,NA,187.50,0
1777266216740,333.00,4634.00,NA,189.50,0
1777266216783,318.00,4668.00,NA,188.50,0
1777266216805,341.00,4700.00,NA,187.50,0
1777266216849,344.00,4734.00,NA,189.50,0
1777266216871,346.00,4731.00,NA,188.50,0
1777266216913,335.00,4708.00,NA,187.50,0
1777266216936,347.00,4733.00,NA,189.50,0
1777266216978,312.00,4708.00,NA,188.50,0
1777266217001,316.00,4733.00,NA,187.50,0
1777266217043,351.00,4734.00,NA,189.50,0
1777266217086,339.00,4701.00,NA,188.50,0
1777266217109,327.00,4731.00,NA,187.50,0
1777266217152,331.00,4706.00,NA,189.50,0
1777266217174,342.00,4733.00,NA,188.50,0
1777266217217,338.00,4703.00,NA,187.50,0
1777266217240,324.00,4731.00,NA,189.50,0
1777266217285,333.00,4706.00,NA,188.50,0
1777266217307,338.00,4733.00,NA,187.50,0
1777266217351,337.00,4734.00,NA,189.50,0
1777266217373,344.00,4735.00,NA,188.50,0
1777266217416,331.00,4733.00,NA,187.50,0
1777266217438,331.00,4733.00,NA,189.50,0
1777266217549,326.00,4665.00,NA,188.50,0
1777266217569,333.00,4668.00,NA,187.50,0
1777266217612,337.00,4668.00,NA,189.50,0
1777266217633,316.00,4666.00,NA,188.50,0
1777266217675,322.00,4668.00,NA,187.50,0
1777266217697,349.00,4666.00,NA,189.50,0
1777266217739,334.00,4668.00,NA,188.50,0
1777266217761,318.00,4668.00,NA,187.50,0
1777266217803,347.00,4666.00,NA,189.50,0
1777266217824,331.00,4664.00,NA,188.50,0
1777266217866,325.00,4668.00,NA,187.50,0
1777266217909,344.00,4641.00,NA,189.50,0
1777266217930,323.00,4666.00,NA,188.50,0
1777266217973,322.00,4668.00,NA,187.50,0
1777266217995,324.00,4668.00,NA,189.50,0
1777266218037,343.00,4668.00,NA,188.50,0
1777266218088,332.00,4633.00,NA,187.50,0
1777266218109,347.00,4666.00,NA,189.50,0
1777266218151,343.00,4636.00,NA,188.50,0
1777266218173,336.00,4665.00,NA,187.50,0
1777266218215,326.00,4641.00,NA,189.50,0
1777266218237,332.00,4664.00,NA,188.50,0
1777266218280,334.00,4640.00,NA,187.50,0
1777266218323,345.00,4633.00,NA,189.50,0
1777266218345,332.00,4640.00,NA,188.50,0
1777266218387,339.00,4635.00,NA,187.50,0
1777266218409,331.00,4665.00,NA,189.50,0
1777266218452,345.00,4635.00,NA,188.50,0
1777266218474,333.00,4666.00,NA,187.50,0
1777266218524,312.00,4633.00,NA,189.50,0
1777266218546,333.00,4636.00,NA,188.50,0
1777266218568,338.00,4641.00,NA,187.50,0
1777266218613,333.00,4634.00,NA,189.50,0
1777266218636,334.00,4633.00,NA,188.50,0
1777266218678,335.00,4635.00,NA,187.50,0
1777266218725,332.00,4633.00,NA,189.50,0
1777266218747,335.00,4635.00,NA,188.50,0
1777266218772,324.00,4668.00,NA,187.50,0
1777266218815,337.00,4634.00,NA,189.50,0
1777266218838,328.00,4666.00,NA,188.50,0
1777266218881,336.00,4636.00,NA,187.50,0
1777266218903,338.00,4668.00,NA,189.50,0
1777266218946,343.00,4668.00,NA,188.50,0
1777266218968,323.00,4700.00,NA,187.50,0
1777266219011,335.00,4733.00,NA,189.50,0
1777266219054,327.00,4768.00,NA,188.50,0
1777266219076,335.00,4801.00,NA,187.50,0
1777266219098,341.00,4834.00,NA,189.50,0
1777266219141,326.00,4866.00,NA,188.50,0
1777266219184,331.00,4901.00,NA,187.50,0
1777266219206,330.00,4888.00,NA,189.50,0
1777266219249,337.00,4900.00,NA,188.50,0
1777266219273,341.00,4866.00,NA,187.50,0
1777266219316,327.00,4866.00,NA,189.50,0
1777266219339,334.00,4864.00,NA,188.50,0
1777266219384,330.00,4866.00,NA,187.50,0
1777266219406,348.00,4865.00,NA,189.50,0
1777266219449,341.00,4866.00,NA,188.50,0
1777266219472,313.00,4868.00,NA,187.50,0
1777266219515,344.00,4866.00,NA,189.50,0
1777266219588,319.00,4835.00,NA,188.50,0
1777266219608,337.00,4833.00,NA,187.50,0
1777266219632,347.00,4834.00,NA,189.50,0
1777266219674,331.00,4835.00,NA,188.50,0
1777266219695,339.00,4834.00,NA,187.50,0
1777266219738,337.00,4833.00,NA,189.50,0
1777266219759,315.00,4832.00,NA,188.50,0
1777266219802,347.00,4835.00,NA,187.50,0
1777266219892,337.00,4766.00,NA,189.50,0
1777266219913,326.00,4798.00,NA,188.50,0
1777266219955,349.00,4801.00,NA,187.50,0
1777266219977,342.00,4800.00,NA,189.50,0
1777266220022,327.00,4800.00,NA,188.50,0
1777266220044,328.00,4800.00,NA,187.50,0
1777266220086,329.00,4834.00,NA,189.50,0
1777266220129,343.00,4866.00,NA,188.50,0
1777266220151,343.00,4838.00,NA,187.50,0
1777266220195,319.00,4834.00,NA,189.50,0
1777266220217,341.00,4839.00,NA,188.50,0
1777266220259,332.00,4835.00,NA,187.50,0
1777266220281,333.00,4835.00,NA,189.50,0
1777266220326,334.00,4833.00,NA,188.50,0
1777266220348,329.00,4866.00,NA,187.50,0
1777266220390,341.00,4834.00,NA,189.50,0
1777266220412,319.00,4864.00,NA,188.50,0
1777266220455,312.00,4840.00,NA,187.50,0
1777266220477,328.00,4866.00,NA,189.50,0
1777266220519,334.00,4835.00,NA,188.50,0
1777266220541,344.00,4865.00,NA,187.50,0
1777266220584,330.00,4868.00,NA,189.50,0
1777266220606,344.00,4868.00,NA,188.50,0
1777266220649,339.00,4868.00,NA,187.50,0
1777266220692,342.00,4833.00,NA,189.50,0
1777266220715,332.00,4864.00,NA,188.50,0
1777266220737,322.00,4865.00,NA,187.50,0
1777266220780,333.00,4868.00,NA,189.50,0
1777266220825,342.00,4841.00,NA,188.50,0
1777266220847,323.00,4866.00,NA,187.50,0
1777266220869,331.00,4865.00,NA,189.50,0
1777266220912,344.00,4868.00,NA,188.50,0
1777266220955,338.00,4866.00,NA,187.50,0
1777266220977,312.00,4866.00,NA,189.50,0
1777266221020,360.00,4866.00,NA,188.50,0
1777266221042,351.00,4866.00,NA,187.50,0
1777266221085,344.00,4866.00,NA,189.50,0
1777266221107,325.00,4865.00,NA,188.50,0
1777266221150,328.00,4868.00,NA,187.50,0
1777266221172,340.00,4866.00,NA,189.50,0
1777266221215,322.00,4868.00,NA,188.50,0
1777266221238,332.00,4868.00,NA,187.50,0
1777266221284,329.00,4866.00,NA,189.50,0
1777266221306,333.00,4864.00,NA,188.50,0
1777266221349,321.00,4866.00,NA,187.50,0
1777266221372,335.00,4866.00,NA,189.50,0
1777266221415,321.00,4858.00,NA,188.50,0
1777266221438,328.00,4865.00,NA,187.50,0
1777266221480,336.00,4839.00,NA,189.50,0
1777266221503,343.00,4866.00,NA,188.50,0
1777266221546,337.00,4835.00,NA,187.50,0
1777266221568,329.00,4866.00,NA,189.50,0
1777266221613,345.00,4835.00,NA,188.50,0
1777266221635,347.00,4865.00,NA,187.50,0
1777266221678,342.00,4834.00,NA,189.50,0
1777266221704,366.00,4864.00,NA,188.50,0
1777266221747,322.00,4840.00,NA,187.50,0
1777266221770,339.00,4866.00,NA,189.50,0
1777266221813,318.00,4841.00,NA,188.50,0
1777266221836,337.00,4866.00,NA,187.50,0
1777266221879,329.00,4834.00,NA,189.50,0
1777266221901,339.00,4866.00,NA,188.50,0
1777266221945,334.00,4835.00,NA,187.50,0
1777266221967,331.00,4866.00,NA,189.50,0
1777266222011,326.00,4835.00,NA,188.50,0
1777266222034,337.00,4865.00,NA,187.50,0
1777266222077,349.00,4868.00,NA,189.50,0
1777266222100,342.00,4866.00,NA,188.50,0
1777266222146,338.00,4868.00,NA,187.50,0
1777266222168,332.00,4868.00,NA,189.50,0
1777266222213,335.00,4868.00,NA,188.50,0
1777266222235,342.00,4868.00,NA,187.50,0
1777266222279,337.00,4866.00,NA,189.50,0
1777266222303,350.00,4868.00,NA,188.50,0
1777266222347,334.00,4866.00,NA,187.50,0
1777266222370,330.00,4865.00,NA,189.50,0
1777266222413,352.00,4866.00,NA,188.50,0
1777266222436,328.00,4866.00,NA,187.50,0
1777266222479,348.00,4868.00,NA,189.50,0
1777266222502,323.00,4901.00,NA,188.50,0
1777266222547,319.00,4935.00,NA,187.50,0
1777266222574,314.00,4900.00,NA,189.50,0
1777266222597,337.00,4931.00,NA,188.50,0
1777266222640,328.00,4901.00,NA,187.50,0
1777266222664,315.00,4931.00,NA,189.50,0
1777266222707,317.00,4903.00,NA,188.50,0
1777266222730,323.00,4931.00,NA,187.50,0
1777266222774,323.00,4906.00,NA,189.50,0
1777266222796,366.00,4935.00,NA,188.50,0
1777266222841,340.00,4908.00,NA,187.50,0
1777266222864,335.00,4934.00,NA,189.50,0
1777266222908,332.00,4935.00,NA,188.50,0
1777266222931,330.00,4931.00,NA,187.50,0
1777266222975,337.00,4933.00,NA,189.50,0
1777266222998,326.00,4905.00,NA,188.50,0
1777266223042,318.00,4906.00,NA,187.50,0
1777266223065,339.00,4933.00,NA,189.50,0
1777266223108,323.00,4933.00,NA,188.50,0
1777266223131,344.00,4935.00,NA,187.50,0
1777266223153,328.00,4933.00,NA,189.50,0
1777266223197,331.00,4931.00,NA,188.50,0
1777266223219,321.00,4938.00,NA,187.50,0
1777266223263,346.00,4934.00,NA,189.50,0
1777266223287,349.00,4939.00,NA,188.50,0
1777266223330,345.00,4931.00,NA,187.50,0
1777266223353,335.00,4933.00,NA,189.50,0
1777266223397,330.00,4935.00,NA,188.50,0
1777266223419,333.00,4934.00,NA,187.50,0
1777266223463,333.00,4933.00,NA,189.50,0
1777266223486,344.00,4940.00,NA,188.50,0
1777266223532,335.00,4935.00,NA,187.50,0
1777266223555,329.00,4931.00,NA,189.50,0
1777266223598,335.00,4933.00,NA,188.50,0
1777266223621,333.00,4933.00,NA,187.50,0
1777266223665,322.00,4934.00,NA,189.50,0
1777266223689,336.00,4933.00,NA,188.50,0
1777266223733,335.00,4933.00,NA,187.50,0
1777266223756,333.00,4931.00,NA,189.50,0
1777266223804,343.00,4935.00,NA,188.50,0
1777266223826,326.00,4933.00,NA,187.50,0
1777266223849,338.00,4934.00,NA,189.50,0
1777266223893,338.00,4933.00,NA,188.50,0
1777266223916,333.00,4933.00,NA,187.50,0
1777266223960,335.00,4934.00,NA,189.50,0
1777266223985,326.00,4936.00,NA,188.50,0
1777266224029,336.00,4935.00,NA,187.50,0
1777266224052,320.00,4966.00,NA,189.50,0
1777266224097,330.00,4933.00,NA,188.50,0
1777266224120,335.00,4940.00,NA,187.50,0
1777266224165,316.00,4933.00,NA,189.50,0
1777266224189,336.00,4933.00,NA,188.50,0
1777266224212,335.00,4935.00,NA,187.50,0
1777266224257,344.00,4934.00,NA,189.50,0
1777266224280,326.00,4935.00,NA,188.50,0
1777266224325,332.00,4935.00,NA,187.50,0
1777266224349,337.00,4934.00,NA,189.50,0
1777266224393,340.00,4935.00,NA,188.50,0
1777266224417,322.00,4933.00,NA,187.50,0
1777266224462,337.00,4933.00,NA,189.50,0
1777266224485,342.00,4933.00,NA,188.50,0
1777266224587,321.00,4933.00,NA,187.50,0
1777266224608,316.00,4933.00,NA,189.50,0
1777266224650,336.00,4901.00,NA,188.50,0
1777266224671,334.00,4933.00,NA,187.50,0
1777266224713,330.00,4901.00,NA,189.50,0
1777266224755,347.00,4901.00,NA,188.50,0
1777266224777,350.00,4900.00,NA,187.50,0
1777266224819,336.00,4901.00,NA,189.50,0
1777266224840,329.00,4935.00,NA,188.50,0
1777266224882,335.00,4966.00,NA,187.50,0
1777266224904,330.00,4966.00,NA,189.50,0
1777266224946,342.00,4966.00,NA,188.50,0
1777266224970,312.00,4966.00,NA,187.50,0
1777266225012,335.00,4966.00,NA,189.50,0
1777266225055,333.00,4941.00,NA,188.50,0
1777266225077,328.00,4966.00,NA,187.50,0
1777266225119,337.00,4968.00,NA,189.50,0
1777266225141,333.00,4968.00,NA,188.50,0
1777266225183,345.00,4966.00,NA,187.50,0
1777266225205,335.00,4966.00,NA,189.50,0
1777266225247,334.00,4966.00,NA,188.50,0
1777266225271,321.00,4967.00,NA,187.50,0
1777266225313,316.00,4968.00,NA,189.50,0
1777266225335,342.00,4965.00,NA,188.50,0
1777266225377,345.00,4966.00,NA,187.50,0
1777266225419,345.00,4933.00,NA,189.50,0
1777266225441,328.00,4968.00,NA,188.50,0
1777266225483,343.00,4933.00,NA,187.50,0
1777266225505,344.00,4966.00,NA,189.50,0
1777266225547,327.00,4935.00,NA,188.50,0
1777266225571,343.00,4965.00,NA,187.50,0
1777266225613,324.00,4933.00,NA,189.50,0
1777266225635,317.00,4965.00,NA,188.50,0
1777266225678,347.00,4968.00,NA,187.50,0
1777266225700,334.00,4966.00,NA,189.50,0
1777266225743,330.00,4936.00,NA,188.50,0
1777266225765,331.00,4965.00,NA,187.50,0
1777266225807,331.00,4965.00,NA,189.50,0
1777266225830,368.00,4966.00,NA,188.50,0
1777266225872,330.00,4935.00,NA,187.50,0
1777266225915,334.00,4939.00,NA,189.50,0
1777266225937,324.00,4966.00,NA,188.50,0
1777266225979,323.00,4941.00,NA,187.50,0
1777266226001,342.00,4967.00,NA,189.50,0
1777266226044,325.00,4935.00,NA,188.50,0
1777266226066,333.00,4968.00,NA,187.50,0
1777266226112,317.00,4933.00,NA,189.50,0
1777266226134,330.00,4966.00,NA,188.50,0
1777266226177,343.00,4935.00,NA,187.50,0
1777266226201,327.00,4965.00,NA,189.50,0
1777266226244,335.00,4940.00,NA,188.50,0
1777266226266,333.00,4966.00,NA,187.50,0
1777266226309,319.00,4941.00,NA,189.50,0
1777266226331,324.00,4966.00,NA,188.50,0
1777266226374,341.00,4933.00,NA,187.50,0
1777266226396,338.00,4964.00,NA,189.50,0
1777266226441,341.00,4933.00,NA,188.50,0
1777266226463,341.00,4966.00,NA,187.50,0
1777266226506,343.00,4934.00,NA,189.50,0
1777266226528,335.00,4964.00,NA,188.50,0
1777266226571,342.00,4931.00,NA,187.50,0
1777266226595,332.00,4965.00,NA,189.50,0
1777266226639,315.00,4941.00,NA,188.50,0
1777266226661,341.00,4967.00,NA,187.50,0
1777266226704,350.00,4968.00,NA,189.50,0
1777266226726,329.00,4968.00,NA,188.50,0
1777266226772,329.00,4948.00,NA,187.50,0
1777266226794,348.00,4965.00,NA,189.50,0
1777266226837,337.00,4968.00,NA,188.50,0
1777266226861,321.00,4965.00,NA,187.50,0
1777266226904,333.00,4941.00,NA,189.50,0
1777266226927,333.00,4966.00,NA,188.50,0
1777266226970,314.00,4941.00,NA,187.50,0
1777266226992,343.00,4968.00,NA,189.50,0
1777266227036,325.00,4934.00,NA,188.50,0
1777266227058,317.00,4968.00,NA,187.50,0
1777266227102,335.00,4953.00,NA,189.50,0
1777266227125,347.00,4964.00,NA,188.50,0
1777266227168,321.00,4966.00,NA,187.50,0
1777266227212,359.00,4966.00,NA,189.50,0
1777266227235,338.00,4964.00,NA,188.50,0
1777266227257,329.00,4967.00,NA,187.50,0
1777266227302,356.00,4966.00,NA,189.50,0
1777266227324,335.00,4966.00,NA,188.50,0
1777266227367,335.00,4966.00,NA,187.50,0
1777266227390,344.00,4966.00,NA,189.50,0
1777266227433,327.00,4966.00,NA,188.50,0
1777266227456,340.00,4966.00,NA,187.50,0
1777266227499,354.00,4966.00,NA,189.50,0
1777266227543,327.00,4966.00,NA,188.50,0
1777266227566,332.00,4966.00,NA,187.50,0
1777266227588,314.00,4967.00,NA,189.50,0
1777266227632,330.00,4968.00,NA,188.50,0
1777266227675,344.00,4935.00,NA,187.50,0
1777266227698,323.00,4968.00,NA,189.50,0
1777266227721,344.00,4968.00,NA,188.50,0
1777266227764,323.00,4966.00,NA,187.50,0
1777266227787,333.00,4965.00,NA,189.50,0
1777266227830,345.00,4964.00,NA,188.50,0
1777266227853,303.00,4965.00,NA,187.50,0
1777266227898,348.00,4965.00,NA,189.50,0
1777266227921,325.00,4966.00,NA,188.50,0
1777266227964,339.00,4968.00,NA,187.50,0
1777266227987,341.00,4966.00,NA,189.50,0
1777266228030,334.00,4966.00,NA,188.50,0
1777266228053,326.00,4965.00,NA,187.50,0
1777266228097,329.00,4966.00,NA,189.50,0
1777266228122,328.00,4965.00,NA,188.50,0
1777266228165,336.00,4941.00,NA,187.50,0
1777266228188,331.00,4967.00,NA,189.50,0
1777266228234,329.00,4941.00,NA,188.50,0
1777266228256,348.00,4968.00,NA,187.50,0
1777266228303,343.00,4936.00,NA,189.50,0
1777266228401,332.00,4868.00,NA,188.50,0
1777266228423,345.00,4868.00,NA,187.50,0
1777266228444,340.00,4901.00,NA,189.50,0
1777266228486,334.00,4900.00,NA,188.50,0
1777266228507,328.00,4898.00,NA,187.50,0
1777266228586,326.00,4866.00,NA,189.50,0
1777266228607,326.00,4866.00,NA,188.50,0
1777266228652,337.00,4868.00,NA,187.50,0
1777266228673,339.00,4867.00,NA,189.50,0
1777266228716,344.00,4866.00,NA,188.50,0
1777266228737,317.00,4865.00,NA,187.50,0
1777266228779,355.00,4866.00,NA,189.50,0
1777266228801,333.00,4900.00,NA,188.50,0
1777266228843,336.00,4866.00,NA,187.50,0
1777266228885,320.00,4866.00,NA,189.50,0
1777266228906,348.00,4865.00,NA,188.50,0
1777266228951,341.00,4866.00,NA,187.50,0
1777266228972,318.00,4865.00,NA,189.50,0
1777266229014,324.00,4866.00,NA,188.50,0
1777266229036,336.00,4864.00,NA,187.50,0
1777266229077,329.00,4868.00,NA,189.50,0
1777266229099,322.00,4873.00,NA,188.50,0
1777266229141,335.00,4868.00,NA,187.50,0
1777266229183,322.00,4866.00,NA,189.50,0
1777266229205,338.00,4865.00,NA,188.50,0
1777266229247,344.00,4866.00,NA,187.50,0
1777266229269,345.00,4865.00,NA,189.50,0
1777266229311,342.00,4866.00,NA,188.50,0
1777266229333,348.00,4865.00,NA,187.50,0
1777266229375,330.00,4866.00,NA,189.50,0
1777266229396,337.00,4870.00,NA,188.50,0
1777266229439,335.00,4866.00,NA,187.50,0
1777266229481,330.00,4868.00,NA,189.50,0
1777266229503,327.00,4873.00,NA,188.50,0
1777266229545,320.00,4908.00,NA,187.50,0
1777266229567,338.00,4940.00,NA,189.50,0
1777266229611,339.00,4900.00,NA,188.50,0
1777266229633,346.00,4932.00,NA,187.50,0
1777266229676,325.00,4901.00,NA,189.50,0
1777266229697,336.00,4935.00,NA,188.50,0
1777266229740,339.00,4931.00,NA,187.50,0
1777266229762,335.00,4933.00,NA,189.50,0
1777266229805,340.00,4933.00,NA,188.50,0
1777266229826,330.00,4931.00,NA,187.50,0
1777266229869,350.00,4933.00,NA,189.50,0
1777266229912,332.00,4908.00,NA,188.50,0
1777266229934,305.00,4933.00,NA,187.50,0
1777266229977,331.00,4901.00,NA,189.50,0
1777266229999,344.00,4935.00,NA,188.50,0
1777266230041,345.00,4933.00,NA,187.50,0
1777266230063,341.00,4934.00,NA,189.50,0
1777266230105,348.00,4933.00,NA,188.50,0
1777266230127,326.00,4931.00,NA,187.50,0
1777266230169,340.00,4931.00,NA,189.50,0
1777266230212,342.00,4908.00,NA,188.50,0
1777266230234,323.00,4933.00,NA,187.50,0
1777266230256,340.00,4933.00,NA,189.50,0
1777266230299,344.00,4935.00,NA,188.50,0
1777266230343,343.00,4900.00,NA,187.50,0
1777266230365,331.00,4933.00,NA,189.50,0
1777266230408,315.00,4935.00,NA,188.50,0
1777266230430,336.00,4933.00,NA,187.50,0
1777266230473,339.00,4933.00,NA,189.50,0
1777266230495,346.00,4931.00,NA,188.50,0
1777266230538,351.00,4935.00,NA,187.50,0
1777266230560,349.00,4933.00,NA,189.50,0
1777266230603,336.00,4935.00,NA,188.50,0
1777266230626,338.00,4933.00,NA,187.50,0
1777266230670,327.00,4934.00,NA,189.50,0
1777266230693,341.00,4933.00,NA,188.50,0
1777266230736,351.00,4933.00,NA,187.50,0
1777266230758,320.00,4938.00,NA,189.50,0
1777266230801,340.00,4933.00,NA,188.50,0
1777266230824,324.00,4935.00,NA,187.50,0
1777266230867,345.00,4934.00,NA,189.50,0
1777266230889,341.00,4933.00,NA,188.50,0
1777266230932,344.00,4935.00,NA,187.50,0
1777266230976,322.00,4933.00,NA,189.50,0
1777266230998,368.00,4935.00,NA,188.50,0
1777266231021,329.00,4933.00,NA,187.50,0
1777266231064,326.00,4933.00,NA,189.50,0
1777266231086,345.00,4940.00,NA,188.50,0
1777266231129,329.00,4933.00,NA,187.50,0
1777266231174,337.00,4934.00,NA,189.50,0
1777266231197,325.00,4933.00,NA,188.50,0
1777266231219,335.00,4933.00,NA,187.50,0
1777266231262,345.00,4934.00,NA,189.50,0
1777266231284,340.00,4933.00,NA,188.50,0
1777266231328,331.00,4935.00,NA,187.50,0
1777266231350,323.00,4931.00,NA,189.50,0
1777266231393,310.00,4940.00,NA,188.50,0
1777266231415,335.00,4940.00,NA,187.50,0
1777266231459,337.00,4934.00,NA,189.50,0
1777266231482,328.00,4940.00,NA,188.50,0
1777266231525,335.00,4935.00,NA,187.50,0
1777266231548,325.00,4933.00,NA,189.50,0
1777266231593,339.00,4935.00,NA,188.50,0
1777266231616,352.00,4935.00,NA,187.50,0
1777266231662,340.00,4932.00,NA,189.50,0
1777266231684,330.00,4933.00,NA,188.50,0
1777266231780,313.00,4914.00,NA,187.50,0
1777266231801,316.00,4873.00,NA,189.50,0
1777266231822,328.00,4901.00,NA,188.50,0
1777266231865,327.00,4866.00,NA,187.50,0
1777266231886,334.00,4901.00,NA,189.50,0
1777266231930,335.00,4868.00,NA,188.50,0
1777266231951,326.00,4898.00,NA,187.50,0
1777266231993,332.00,4900.00,NA,189.50,0
1777266232035,323.00,4901.00,NA,188.50,0
1777266232056,329.00,4900.00,NA,187.50,0
1777266232101,345.00,4900.00,NA,189.50,0
1777266232123,320.00,4900.00,NA,188.50,0
1777266232172,333.00,4866.00,NA,187.50,0
1777266232194,339.00,4900.00,NA,189.50,0
1777266232215,337.00,4900.00,NA,188.50,0
1777266232257,339.00,4901.00,NA,187.50,0
1777266232299,339.00,4900.00,NA,189.50,0
1777266232321,328.00,4900.00,NA,188.50,0
1777266232363,333.00,4901.00,NA,187.50,0
1777266232384,341.00,4901.00,NA,189.50,0
1777266232429,324.00,4901.00,NA,188.50,0
1777266232451,325.00,4901.00,NA,187.50,0
1777266232494,329.00,4901.00,NA,189.50,0
1777266232516,335.00,4901.00,NA,188.50,0
1777266232558,331.00,4900.00,NA,187.50,0
1777266232601,333.00,4868.00,NA,189.50,0
1777266232623,332.00,4898.00,NA,188.50,0
1777266232666,322.00,4900.00,NA,187.50,0
1777266232688,331.00,4898.00,NA,189.50,0
1777266232733,363.00,4868.00,NA,188.50,0
1777266232755,343.00,4898.00,NA,187.50,0
1777266232798,341.00,4870.00,NA,189.50,0
1777266232819,337.00,4901.00,NA,188.50,0
1777266232862,344.00,4868.00,NA,187.50,0
1777266232884,352.00,4900.00,NA,189.50,0
1777266232927,320.00,4866.00,NA,188.50,0
1777266232949,332.00,4900.00,NA,187.50,0
1777266232992,346.00,4875.00,NA,189.50,0
1777266233034,338.00,4875.00,NA,188.50,0
1777266233056,330.00,4868.00,NA,187.50,0
1777266233078,327.00,4898.00,NA,189.50,0
1777266233121,338.00,4901.00,NA,188.50,0
1777266233143,332.00,4900.00,NA,187.50,0
1777266233187,337.00,4901.00,NA,189.50,0
1777266233209,331.00,4900.00,NA,188.50,0
1777266233254,339.00,4898.00,NA,187.50,0
1777266233276,335.00,4898.00,NA,189.50,0
1777266233320,324.00,4900.00,NA,188.50,0
1777266233365,312.00,4933.00,NA,187.50,0
1777266233388,341.00,4965.00,NA,189.50,0
1777266233410,332.00,4966.00,NA,188.50,0
1777266233454,315.00,4940.00,NA,187.50,0
1777266233476,339.00,4966.00,NA,189.50,0
1777266233519,344.00,4941.00,NA,188.50,0
1777266233542,319.00,4972.00,NA,187.50,0
1777266233585,348.00,5001.00,NA,189.50,0
1777266233608,349.00,5000.00,NA,188.50,0
1777266233651,329.00,4998.00,NA,187.50,0
1777266233695,336.00,4968.00,NA,189.50,0
1777266233718,336.00,4979.00,NA,188.50,0
1777266233740,331.00,4973.00,NA,187.50,0
1777266233784,340.00,4966.00,NA,189.50,0
1777266233807,338.00,4973.00,NA,188.50,0
1777266233853,343.00,4968.00,NA,187.50,0
1777266233875,327.00,5001.00,NA,189.50,0
1777266233919,333.00,4968.00,NA,188.50,0
1777266233942,326.00,4998.00,NA,187.50,0
1777266233985,313.00,4968.00,NA,189.50,0
1777266234008,323.00,4998.00,NA,188.50,0
1777266234051,332.00,4970.00,NA,187.50,0
1777266234075,331.00,5000.00,NA,189.50,0
1777266234120,335.00,4973.00,NA,188.50,0
1777266234142,318.00,4983.00,NA,187.50,0
1777266234187,337.00,4968.00,NA,189.50,0
1777266234210,319.00,4968.00,NA,188.50,0
1777266234253,314.00,4968.00,NA,187.50,0
1777266234276,337.00,4968.00,NA,189.50,0
1777266234319,336.00,4968.00,NA,188.50,0
1777266234341,325.00,4965.00,NA,187.50,0
1777266234385,335.00,4973.00,NA,189.50,0
1777266234409,340.00,4975.00,NA,188.50,0
1777266234517,339.00,4901.00,NA,187.50,0
1777266234538,356.00,4934.00,NA,189.50,0
1777266234559,337.00,4935.00,NA,188.50,0
1777266234601,332.00,4933.00,NA,187.50,0
1777266234622,336.00,4934.00,NA,189.50,0
1777266234664,322.00,4933.00,NA,188.50,0
1777266234686,319.00,4931.00,NA,187.50,0
1777266234728,324.00,4934.00,NA,189.50,0
1777266234771,343.00,4903.00,NA,188.50,0
1777266234792,334.00,4932.00,NA,187.50,0
1777266234834,350.00,4904.00,NA,189.50,0
1777266234855,335.00,4932.00,NA,188.50,0
1777266234898,311.00,4933.00,NA,187.50,0
1777266234919,330.00,4934.00,NA,189.50,0
1777266235022,341.00,4865.00,NA,188.50,0
1777266235046,326.00,4865.00,NA,187.50,0
1777266235068,341.00,4873.00,NA,189.50,0
1777266235112,352.00,4866.00,NA,188.50,0
1777266235135,327.00,4870.00,NA,187.50,0
1777266235177,334.00,4868.00,NA,189.50,0
1777266235199,318.00,4898.00,NA,188.50,0
1777266235241,337.00,4866.00,NA,187.50,0
1777266235263,340.00,4867.00,NA,189.50,0
1777266235305,339.00,4873.00,NA,188.50,0
1777266235327,342.00,4900.00,NA,187.50,0
1777266235369,343.00,4868.00,NA,189.50,0
1777266235391,327.00,4900.00,NA,188.50,0
1777266235433,337.00,4865.00,NA,187.50,0
1777266235480,338.00,4868.00,NA,189.50,0
1777266235503,340.00,4868.00,NA,188.50,0
1777266235524,327.00,4901.00,NA,187.50,0
1777266235567,323.00,4868.00,NA,189.50,0
1777266235592,339.00,4900.00,NA,188.50,0
1777266235634,351.00,4868.00,NA,187.50,0
1777266235659,340.00,4898.00,NA,189.50,0
1777266235704,319.00,4875.00,NA,188.50,0
1777266235726,323.00,4900.00,NA,187.50,0
1777266235768,329.00,4870.00,NA,189.50,0
1777266235790,338.00,4901.00,NA,188.50,0
1777266235832,317.00,4867.00,NA,187.50,0
1777266235854,334.00,4900.00,NA,189.50,0
1777266235896,334.00,4868.00,NA,188.50,0
1777266235939,328.00,4873.00,NA,187.50,0
1777266235961,346.00,4901.00,NA,189.50,0
1777266236005,357.00,4868.00,NA,188.50,0
1777266236026,324.00,4866.00,NA,187.50,0
1777266236069,333.00,4866.00,NA,189.50,0
1777266236091,306.00,4868.00,NA,188.50,0
1777266236133,329.00,4868.00,NA,187.50,0
1777266236155,327.00,4898.00,NA,189.50,0
1777266236197,342.00,4901.00,NA,188.50,0
1777266236223,335.00,4865.00,NA,187.50,0
1777266236265,327.00,4868.00,NA,189.50,0
1777266236287,339.00,4866.00,NA,188.50,0
1777266236330,325.00,4873.00,NA,187.50,0
1777266236351,330.00,4894.00,NA,189.50,0
1777266236394,335.00,4891.00,NA,188.50,0
1777266236416,350.00,4899.00,NA,187.50,0
1777266236463,318.00,4867.00,NA,189.50,0
1777266236485,335.00,4868.00,NA,188.50,0
1777266236528,315.00,4868.00,NA,187.50,0
1777266236553,346.00,4866.00,NA,189.50,0
1777266236595,348.00,4866.00,NA,188.50,0
1777266236617,346.00,4876.00,NA,187.50,0
1777266236662,338.00,4901.00,NA,189.50,0
1777266236684,341.00,4898.00,NA,188.50,0
1777266236728,335.00,4898.00,NA,187.50,0
1777266236750,342.00,4933.00,NA,189.50,0
1777266236793,332.00,4933.00,NA,188.50,0
1777266236815,342.00,4931.00,NA,187.50,0
1777266236858,333.00,4934.00,NA,189.50,0
1777266236883,337.00,4935.00,NA,188.50,0
1777266236926,348.00,4933.00,NA,187.50,0
1777266236948,312.00,4933.00,NA,189.50,0
1777266236993,346.00,4933.00,NA,188.50,0
1777266237016,319.00,4933.00,NA,187.50,0
1777266237058,327.00,4901.00,NA,189.50,0
1777266237081,340.00,4933.00,NA,188.50,0
1777266237124,325.00,4933.00,NA,187.50,0
1777266237146,345.00,4938.00,NA,189.50,0
1777266237189,336.00,4933.00,NA,188.50,0
1777266237234,342.00,4901.00,NA,187.50,0
1777266237256,318.00,4933.00,NA,189.50,0
1777266237278,337.00,4940.00,NA,188.50,0
1777266237320,332.00,4935.00,NA,187.50,0
1777266237366,345.00,4901.00,NA,189.50,0
1777266237389,353.00,4901.00,NA,188.50,0
1777266237411,345.00,4933.00,NA,187.50,0
1777266237454,334.00,4901.00,NA,189.50,0
1777266237476,326.00,4933.00,NA,188.50,0
1777266237519,335.00,4906.00,NA,187.50,0
1777266237562,334.00,4908.00,NA,189.50,0
1777266237584,339.00,4933.00,NA,188.50,0
1777266237627,348.00,4900.00,NA,187.50,0
1777266237650,334.00,4933.00,NA,189.50,0
1777266237693,338.00,4901.00,NA,188.50,0
1777266237716,317.00,4933.00,NA,187.50,0
1777266237760,326.00,4900.00,NA,189.50,0
1777266237783,347.00,4931.00,NA,188.50,0
1777266237826,340.00,4906.00,NA,187.50,0
1777266237849,335.00,4933.00,NA,189.50,0
1777266237896,342.00,4908.00,NA,188.50,0
1777266237919,326.00,4933.00,NA,187.50,0
1777266237941,342.00,4931.00,NA,189.50,0
1777266237985,355.00,4933.00,NA,188.50,0
1777266238007,337.00,4935.00,NA,187.50,0
1777266238053,335.00,4934.00,NA,189.50,0
1777266238075,343.00,4935.00,NA,188.50,0
1777266238118,337.00,4933.00,NA,187.50,0
1777266238143,333.00,4933.00,NA,189.50,0
1777266238187,329.00,4933.00,NA,188.50,0
1777266238209,331.00,4933.00,NA,187.50,0
1777266238255,329.00,4934.00,NA,189.50,0
1777266238277,330.00,4933.00,NA,188.50,0
1777266238321,326.00,4933.00,NA,187.50,0
1777266238343,323.00,4933.00,NA,189.50,0
1777266238387,326.00,4933.00,NA,188.50,0
1777266238409,314.00,4933.00,NA,187.50,0
1777266238453,345.00,4931.00,NA,189.50,0
1777266238496,326.00,4901.00,NA,188.50,0
1777266238519,323.00,4931.00,NA,187.50,0
1777266238541,330.00,4934.00,NA,189.50,0
1777266238586,338.00,4932.00,NA,188.50,0
1777266238610,332.00,4933.00,NA,187.50,0
1777266238653,348.00,4934.00,NA,189.50,0
1777266238676,353.00,4931.00,NA,188.50,0
1777266238719,353.00,4920.00,NA,187.50,0
1777266238743,339.00,4898.00,NA,189.50,0
1777266238787,325.00,4901.00,NA,188.50,0
1777266238812,331.00,4900.00,NA,187.50,0
1777266238835,333.00,4931.00,NA,189.50,0
1777266238879,345.00,4906.00,NA,188.50,0
1777266238901,341.00,4933.00,NA,187.50,0
1777266238945,321.00,4908.00,NA,189.50,0
1777266238968,341.00,4932.00,NA,188.50,0
1777266239012,329.00,4900.00,NA,187.50,0
1777266239035,315.00,4931.00,NA,189.50,0
1777266239079,336.00,4901.00,NA,188.50,0
1777266239102,343.00,4933.00,NA,187.50,0
1777266239146,328.00,4901.00,NA,189.50,0
1777266239169,338.00,4933.00,NA,188.50,0
1777266239215,321.00,4900.00,NA,187.50,0
1777266239239,326.00,4931.00,NA,189.50,0
1777266239286,317.00,4900.00,NA,188.50,0
1777266239309,311.00,4933.00,NA,187.50,0
1777266239332,338.00,4934.00,NA,189.50,0
1777266239375,334.00,4933.00,NA,188.50,0
1777266239399,334.00,4931.00,NA,187.50,0
1777266239443,345.00,4931.00,NA,189.50,0
1777266239778,678.00,4666.00,NA,376.00,0
1777266240242,321.00,4320.00,NA,189.50,0
1777266240287,327.00,4287.00,NA,188.50,0
1777266240309,343.00,4287.00,NA,187.50,0
1777266240332,340.00,4287.00,NA,189.50,0
1777266240376,337.00,4285.00,NA,188.50,0
1777266240400,326.00,4292.00,NA,187.50,0
1777266240424,336.00,4325.00,NA,189.50,0
1777266240468,330.00,4318.00,NA,188.50,0
1777266240511,339.00,4285.00,NA,187.50,0
1777266240534,335.00,4292.00,NA,189.50,0
1777266240556,333.00,4318.00,NA,188.50,0
1777266240599,330.00,4288.00,NA,187.50,0
1777266240622,339.00,4320.00,NA,189.50,0
1777266240666,330.00,4285.00,NA,188.50,0
1777266240689,344.00,4318.00,NA,187.50,0
1777266240733,344.00,4287.00,NA,189.50,0
1777266240760,340.00,4317.00,NA,188.50,0
1777266240805,338.00,4292.00,NA,187.50,0
1777266240828,348.00,4318.00,NA,189.50,0
1777266240874,338.00,4293.00,NA,188.50,0
1777266240897,338.00,4318.00,NA,187.50,0
1777266240921,326.00,4318.00,NA,189.50,0
1777266240965,334.00,4287.00,NA,188.50,0
1777266240988,331.00,4318.00,NA,187.50,0
1777266241032,340.00,4287.00,NA,189.50,0
1777266241055,342.00,4318.00,NA,188.50,0
1777266241099,340.00,4292.00,NA,187.50,0
1777266241122,343.00,4318.00,NA,189.50,0
1777266241167,331.00,4293.00,NA,188.50,0
1777266241190,350.00,4320.00,NA,187.50,0
1777266241235,332.00,4285.00,NA,189.50,0
1777266241257,340.00,4318.00,NA,188.50,0
1777266241301,340.00,4287.00,NA,187.50,0
1777266241324,332.00,4317.00,NA,189.50,0
1777266241368,346.00,4283.00,NA,188.50,0
1777266241391,329.00,4318.00,NA,187.50,0
1777266241417,323.00,4320.00,NA,189.50,0
1777266241460,337.00,4320.00,NA,188.50,0
1777266241483,353.00,4318.00,NA,187.50,0
1777266241527,354.00,4318.00,NA,189.50,0
1777266241571,329.00,4287.00,NA,188.50,0
1777266241596,337.00,4318.00,NA,187.50,0
1777266241619,341.00,4318.00,NA,189.50,0
1777266241662,350.00,4318.00,NA,188.50,0
1777266241694,309.00,4290.00,NA,187.50,0
1777266241720,350.00,4323.00,NA,189.50,0
1777266241765,316.00,4292.00,NA,188.50,0
1777266241788,321.00,4320.00,NA,187.50,0
1777266241831,338.00,4293.00,NA,189.50,0
1777266241854,337.00,4320.00,NA,188.50,0
1777266241897,345.00,4287.00,NA,187.50,0
1777266241919,335.00,4320.00,NA,189.50,0
1777266241970,339.00,4287.00,NA,188.50,0
1777266241993,325.00,4318.00,NA,187.50,0
1777266242016,342.00,4320.00,NA,189.50,0
1777266242059,342.00,4317.00,NA,188.50,0
1777266242082,338.00,4319.00,NA,187.50,0
1777266242126,340.00,4315.00,NA,189.50,0
1777266242149,334.00,4292.00,NA,188.50,0
1777266242195,340.00,4287.00,NA,187.50,0
1777266242219,316.00,4318.00,NA,189.50,0
1777266242242,333.00,4318.00,NA,188.50,0
1777266242286,346.00,4287.00,NA,187.50,0
1777266242310,330.00,4318.00,NA,189.50,0
1777266242353,321.00,4318.00,NA,188.50,0
1777266242398,317.00,4287.00,NA,187.50,0
1777266242421,338.00,4287.00,NA,189.50,0
1777266242464,300.00,4285.00,NA,188.50,0
1777266242487,313.00,4292.00,NA,187.50,0
1777266242509,320.00,4320.00,NA,189.50,0
1777266242554,318.00,4320.00,NA,188.50,0
1777266242577,332.00,4320.00,NA,187.50,0
1777266242621,355.00,4318.00,NA,189.50,0
1777266242644,348.00,4318.00,NA,188.50,0
1777266242687,328.00,4318.00,NA,187.50,0
1777266242710,341.00,4317.00,NA,189.50,0
1777266242754,336.00,4320.00,NA,188.50,0
1777266242777,331.00,4319.00,NA,187.50,0
1777266242825,345.00,4320.00,NA,189.50,0
1777266242848,332.00,4320.00,NA,188.50,0
1777266242870,344.00,4319.00,NA,187.50,0
1777266242913,322.00,4320.00,NA,189.50,0
1777266242936,328.00,4320.00,NA,188.50,0
1777266242980,317.00,4318.00,NA,187.50,0
1777266243003,329.00,4317.00,NA,189.50,0
1777266243047,326.00,4318.00,NA,188.50,0
1777266243074,310.00,4317.00,NA,187.50,0
1777266243117,350.00,4318.00,NA,189.50,0
1777266243140,335.00,4318.00,NA,188.50,0
1777266243183,347.00,4320.00,NA,187.50,0
1777266243206,319.00,4320.00,NA,189.50,0
1777266243249,344.00,4318.00,NA,188.50,0
1777266243272,334.00,4320.00,NA,187.50,0
1777266243317,342.00,4318.00,NA,189.50,0
1777266243340,328.00,4318.00,NA,188.50,0
1777266243384,324.00,4320.00,NA,187.50,0
1777266243407,340.00,4323.00,NA,189.50,0
1777266243456,331.00,4303.00,NA,188.50,0
1777266243478,326.00,4318.00,NA,187.50,0
1777266243502,316.00,4318.00,NA,189.50,0
1777266243545,347.00,4287.00,NA,188.50,0
1777266243568,339.00,4317.00,NA,187.50,0
1777266243612,316.00,4293.00,NA,189.50,0
1777266243636,344.00,4317.00,NA,188.50,0
1777266243680,329.00,4293.00,NA,187.50,0
1777266243703,325.00,4318.00,NA,189.50,0
1777266243748,326.00,4287.00,NA,188.50,0
1777266243771,341.00,4320.00,NA,187.50,0
1777266243794,330.00,4317.00,NA,189.50,0
1777266243837,344.00,4315.00,NA,188.50,0
1777266243882,338.00,4295.00,NA,187.50,0
1777266243908,347.00,4287.00,NA,189.50,0
1777266243931,329.00,4318.00,NA,188.50,0
1777266243974,344.00,4293.00,NA,187.50,0
1777266243998,324.00,4318.00,NA,189.50,0
1777266244045,333.00,4288.00,NA,188.50,0
1777266244068,342.00,4317.00,NA,187.50,0
1777266244115,350.00,4285.00,NA,189.50,0
1777266244138,328.00,4318.00,NA,188.50,0
1777266244161,336.00,4318.00,NA,187.50,0
1777266244210,355.00,4318.00,NA,189.50,0
1777266244233,324.00,4320.00,NA,188.50,0
1777266244277,326.00,4318.00,NA,187.50,0
1777266244300,314.00,4318.00,NA,189.50,0
1777266244322,348.00,4317.00,NA,188.50,0
1777266244367,357.00,4320.00,NA,187.50,0
1777266244416,345.00,4287.00,NA,189.50,0
1777266244439,345.00,4320.00,NA,188.50,0
1777266244462,332.00,4320.00,NA,187.50,0
1777266244506,317.00,4353.00,NA,189.50,0
1777266244529,322.00,4387.00,NA,188.50,0
1777266244573,329.00,4420.00,NA,187.50,0
1777266244595,334.00,4453.00,NA,189.50,0
1777266244639,336.00,4487.00,NA,188.50,0
1777266244662,330.00,4519.00,NA,187.50,0
1777266244849,330.00,4500.00,NA,189.50,0
1777266244874,328.00,4531.00,NA,188.50,0
1777266244895,341.00,4567.00,NA,187.50,0
1777266244936,337.00,4600.00,NA,189.50,0
1777266244958,344.00,4633.00,NA,188.50,0
1777266245002,332.00,4667.00,NA,187.50,0
1777266245023,331.00,4699.00,NA,189.50,0
1777266245065,332.00,4733.00,NA,188.50,0
1777266245086,322.00,4767.00,NA,187.50,0
1777266245130,334.00,4798.00,NA,189.50,0
1777266245152,353.00,4831.00,NA,188.50,0
1777266245194,329.00,4867.00,NA,187.50,0
1777266245236,341.00,4900.00,NA,189.50,0
1777266245258,329.00,4898.00,NA,188.50,0
1777266245302,335.00,4900.00,NA,187.50,0
1777266245323,327.00,4898.00,NA,189.50,0
1777266245365,335.00,4900.00,NA,188.50,0
1777266245387,330.00,4900.00,NA,187.50,0
1777266245430,336.00,4865.00,NA,189.50,0
1777266245451,316.00,4898.00,NA,188.50,0
1777266245494,326.00,4901.00,NA,187.50,0
1777266245516,348.00,4898.00,NA,189.50,0
1777266245558,344.00,4868.00,NA,188.50,0
1777266245602,336.00,4873.00,NA,187.50,0
1777266245624,329.00,4867.00,NA,189.50,0
1777266245646,342.00,4898.00,NA,188.50,0
1777266245688,348.00,4900.00,NA,187.50,0
1777266245735,335.00,4866.00,NA,189.50,0
1777266245757,330.00,4901.00,NA,188.50,0
1777266245779,337.00,4901.00,NA,187.50,0
1777266245821,335.00,4901.00,NA,189.50,0
1777266245863,338.00,4900.00,NA,188.50,0
1777266245885,332.00,4898.00,NA,187.50,0
1777266245927,339.00,4866.00,NA,189.50,0
1777266245949,347.00,4900.00,NA,188.50,0
1777266245991,312.00,4873.00,NA,187.50,0
1777266246013,330.00,4900.00,NA,189.50,0
1777266246056,326.00,4886.00,NA,188.50,0
1777266246077,334.00,4900.00,NA,187.50,0
1777266246120,336.00,4900.00,NA,189.50,0
1777266246142,339.00,4900.00,NA,188.50,0
1777266246185,327.00,4900.00,NA,187.50,0
1777266246228,338.00,4901.00,NA,189.50,0
1777266246250,326.00,4901.00,NA,188.50,0
1777266246293,321.00,4901.00,NA,187.50,0
1777266246315,324.00,4900.00,NA,189.50,0
1777266246358,327.00,4901.00,NA,188.50,0
1777266246380,329.00,4898.00,NA,187.50,0
1777266246423,337.00,4866.00,NA,189.50,0
1777266246445,327.00,4898.00,NA,188.50,0
1777266246488,316.00,4868.00,NA,187.50,0
1777266246511,343.00,4900.00,NA,189.50,0
1777266246554,320.00,4900.00,NA,188.50,0
1777266246578,320.00,4898.00,NA,187.50,0
1777266246621,332.00,4871.00,NA,189.50,0
1777266246643,324.00,4898.00,NA,188.50,0
1777266246686,314.00,4901.00,NA,187.50,0
1777266246709,335.00,4901.00,NA,189.50,0
1777266246752,339.00,4900.00,NA,188.50,0
1777266246775,335.00,4900.00,NA,187.50,0
1777266246818,304.00,4900.00,NA,189.50,0
1777266246841,327.00,4898.00,NA,188.50,0
1777266246885,341.00,4900.00,NA,187.50,0
1777266246907,342.00,4898.00,NA,189.50,0
1777266246950,336.00,4900.00,NA,188.50,0
1777266246993,330.00,4898.00,NA,187.50,0
1777266247016,337.00,4900.00,NA,189.50,0
1777266247038,330.00,4900.00,NA,188.50,0
1777266247081,333.00,4901.00,NA,187.50,0
1777266247104,352.00,4901.00,NA,189.50,0
1777266247146,310.00,4901.00,NA,188.50,0
1777266247171,321.00,4900.00,NA,187.50,0
1777266247215,320.00,4900.00,NA,189.50,0
1777266247237,341.00,4898.00,NA,188.50,0
1777266247280,315.00,4900.00,NA,187.50,0
1777266247302,325.00,4898.00,NA,189.50,0
1777266247345,337.00,4900.00,NA,188.50,0
1777266247367,318.00,4900.00,NA,187.50,0
1777266247410,328.00,4900.00,NA,189.50,0
1777266247432,345.00,4899.00,NA,188.50,0
1777266247475,328.00,4900.00,NA,187.50,0
1777266247498,336.00,4898.00,NA,189.50,0
1777266247541,342.00,4898.00,NA,188.50,0
1777266247564,347.00,4900.00,NA,187.50,0
1777266247608,334.00,4900.00,NA,189.50,0
1777266247630,332.00,4899.00,NA,188.50,0
1777266247673,321.00,4901.00,NA,187.50,0
1777266247696,335.00,4901.00,NA,189.50,0
1777266247741,343.00,4898.00,NA,188.50,0
1777266247763,339.00,4900.00,NA,187.50,0
1777266247806,314.00,4900.00,NA,189.50,0
1777266247829,334.00,4898.00,NA,188.50,0
1777266247872,341.00,4868.00,NA,187.50,0
1777266247895,346.00,4898.00,NA,189.50,0
1777266247938,326.00,4895.00,NA,188.50,0
1777266247961,330.00,4900.00,NA,187.50,0
1777266248003,346.00,4901.00,NA,189.50,0
1777266248026,341.00,4900.00,NA,188.50,0
1777266248072,324.00,4900.00,NA,187.50,0
1777266248094,332.00,4900.00,NA,189.50,0
1777266248138,319.00,4906.00,NA,188.50,0
1777266248162,313.00,4902.00,NA,187.50,0
1777266248205,340.00,4900.00,NA,189.50,0
1777266248228,351.00,4900.00,NA,188.50,0
1777266248272,326.00,4900.00,NA,187.50,0
1777266248294,340.00,4898.00,NA,189.50,0
1777266248337,353.00,4900.00,NA,188.50,0
1777266248360,343.00,4900.00,NA,187.50,0
1777266248404,337.00,4901.00,NA,189.50,0
1777266248426,350.00,4900.00,NA,188.50,0
1777266248472,333.00,4898.00,NA,187.50,0
1777266248495,348.00,4900.00,NA,189.50,0
1777266248539,341.00,4900.00,NA,188.50,0
1777266248562,336.00,4900.00,NA,187.50,0
1777266248606,326.00,4901.00,NA,189.50,0
1777266248629,334.00,4901.00,NA,188.50,0
1777266248673,322.00,4900.00,NA,187.50,0
1777266248697,332.00,4900.00,NA,189.50,0
1777266248741,334.00,4900.00,NA,188.50,0
1777266248764,333.00,4900.00,NA,187.50,0
1777266248787,324.00,4906.00,NA,189.50,0
1777266248831,332.00,4900.00,NA,188.50,0
1777266248884,349.00,4901.00,NA,187.50,0
1777266248907,330.00,4898.00,NA,189.50,0
1777266248930,320.00,4900.00,NA,188.50,0
1777266248953,336.00,4900.00,NA,187.50,0
1777266248999,356.00,4901.00,NA,189.50,0
1777266249034,328.00,4901.00,NA,188.50,0
1777266249057,353.00,4901.00,NA,187.50,0
1777266249102,316.00,4900.00,NA,189.50,0
1777266249318,340.00,4700.00,NA,188.50,0
1777266249338,673.00,4701.00,NA,377.00,0
1777266249380,325.00,4731.00,NA,188.50,0
1777266249401,321.00,4765.00,NA,187.50,0
1777266249443,349.00,4739.00,NA,189.50,0
1777266249485,318.00,4733.00,NA,188.50,0
1777266249506,330.00,4765.00,NA,187.50,0
1777266249548,331.00,4733.00,NA,189.50,0
1777266249571,331.00,4765.00,NA,188.50,0
1777266249613,309.00,4733.00,NA,187.50,0
1777266249634,323.00,4766.00,NA,189.50,0
1777266249677,342.00,4735.00,NA,188.50,0
1777266249698,341.00,4767.00,NA,187.50,0
1777266249740,340.00,4798.00,NA,189.50,0
1777266249782,337.00,4833.00,NA,188.50,0
1777266249803,320.00,4866.00,NA,187.50,0
1777266249845,333.00,4900.00,NA,189.50,0
1777266249867,347.00,4901.00,NA,188.50,0
1777266249909,339.00,4865.00,NA,187.50,0
1777266249930,330.00,4898.00,NA,189.50,0
1777266249972,334.00,4866.00,NA,188.50,0
1777266250014,338.00,4868.00,NA,187.50,0
1777266250036,342.00,4866.00,NA,189.50,0
1777266250078,353.00,4866.00,NA,188.50,0
1777266250099,332.00,4871.00,NA,187.50,0
1777266250142,314.00,4866.00,NA,189.50,0
1777266250163,355.00,4873.00,NA,188.50,0
1777266250205,328.00,4868.00,NA,187.50,0
1777266250227,334.00,4900.00,NA,189.50,0
1777266250269,341.00,4868.00,NA,188.50,0
1777266250310,341.00,4868.00,NA,187.50,0
1777266250332,339.00,4868.00,NA,189.50,0
1777266250376,339.00,4866.00,NA,188.50,0
1777266250398,324.00,4871.00,NA,187.50,0
1777266250440,337.00,4875.00,NA,189.50,0
1777266250461,330.00,4870.00,NA,188.50,0
1777266250504,322.00,4868.00,NA,187.50,0
1777266250525,336.00,4873.00,NA,189.50,0
1777266250567,350.00,4868.00,NA,188.50,0
1777266250612,337.00,4868.00,NA,187.50,0
1777266250634,359.00,4866.00,NA,189.50,0
1777266250655,349.00,4866.00,NA,188.50,0
1777266250698,328.00,4873.00,NA,187.50,0
1777266250740,328.00,4868.00,NA,189.50,0
1777266250762,334.00,4864.00,NA,188.50,0
1777266250804,347.00,4868.00,NA,187.50,0
1777266250826,330.00,4866.00,NA,189.50,0
1777266250868,352.00,4868.00,NA,188.50,0
1777266250913,325.00,4868.00,NA,187.50,0
1777266250935,329.00,4866.00,NA,189.50,0
1777266250957,341.00,4868.00,NA,188.50,0
1777266250999,333.00,4866.00,NA,187.50,0
1777266251021,339.00,4866.00,NA,189.50,0
1777266251063,341.00,4866.00,NA,188.50,0
1777266251105,339.00,4868.00,NA,187.50,0
1777266251127,332.00,4866.00,NA,189.50,0
1777266251169,343.00,4866.00,NA,188.50,0
1777266251191,325.00,4866.00,NA,187.50,0
1777266251234,318.00,4866.00,NA,189.50,0
1777266251255,341.00,4866.00,NA,188.50,0
1777266251298,312.00,4868.00,NA,187.50,0
1777266251319,326.00,4867.00,NA,189.50,0
1777266251362,339.00,4871.00,NA,188.50,0
1777266251404,328.00,4866.00,NA,187.50,0
1777266251426,318.00,4864.00,NA,189.50,0
1777266251468,325.00,4867.00,NA,188.50,0
1777266251492,328.00,4865.00,NA,187.50,0
1777266251534,335.00,4868.00,NA,189.50,0
1777266251556,342.00,4866.00,NA,188.50,0
1777266251598,335.00,4868.00,NA,187.50,0
1777266251644,327.00,4834.00,NA,189.50,0
1777266251666,319.00,4866.00,NA,188.50,0
1777266251688,331.00,4867.00,NA,187.50,0
1777266251730,336.00,4866.00,NA,189.50,0
1777266251752,333.00,4900.00,NA,188.50,0
1777266251795,334.00,4873.00,NA,187.50,0
1777266251817,363.00,4900.00,NA,189.50,0
1777266251859,339.00,4868.00,NA,188.50,0
1777266251881,324.00,4900.00,NA,187.50,0
1777266251924,342.00,4868.00,NA,189.50,0
1777266251967,331.00,4873.00,NA,188.50,0
1777266251989,325.00,4901.00,NA,187.50,0
1777266252032,331.00,4868.00,NA,189.50,0
1777266252054,344.00,4868.00,NA,188.50,0
1777266252096,326.00,4866.00,NA,187.50,0
1777266252122,349.00,4873.00,NA,189.50,0
1777266252164,338.00,4868.00,NA,188.50,0
1777266252186,310.00,4867.00,NA,187.50,0
1777266252229,328.00,4868.00,NA,189.50,0
1777266252251,343.00,4866.00,NA,188.50,0
1777266252293,322.00,4868.00,NA,187.50,0
1777266252315,329.00,4867.00,NA,189.50,0
1777266252358,338.00,4868.00,NA,188.50,0
1777266252380,339.00,4866.00,NA,187.50,0
1777266252423,315.00,4873.00,NA,189.50,0
1777266252445,340.00,4870.00,NA,188.50,0
1777266252487,333.00,4868.00,NA,187.50,0
1777266252532,335.00,4868.00,NA,189.50,0
1777266252554,337.00,4866.00,NA,188.50,0
1777266252576,323.00,4866.00,NA,187.50,0
1777266252618,322.00,4868.00,NA,189.50,0
1777266252661,326.00,4866.00,NA,188.50,0
1777266252683,330.00,4865.00,NA,187.50,0
1777266252726,341.00,4868.00,NA,189.50,0
1777266252748,334.00,4866.00,NA,188.50,0
1777266252793,318.00,4866.00,NA,187.50,0
1777266252815,347.00,4867.00,NA,189.50,0
1777266252859,329.00,4868.00,NA,188.50,0
1777266252902,333.00,4835.00,NA,187.50,0
1777266252924,341.00,4868.00,NA,189.50,0
1777266252947,327.00,4866.00,NA,188.50,0
1777266252992,334.00,4866.00,NA,187.50,0
1777266253015,324.00,4873.00,NA,189.50,0
1777266253058,321.00,4868.00,NA,188.50,0
1777266253081,315.00,4865.00,NA,187.50,0
1777266253125,346.00,4866.00,NA,189.50,0
1777266253147,313.00,4866.00,NA,188.50,0
1777266253193,340.00,4868.00,NA,187.50,0
1777266253216,332.00,4867.00,NA,189.50,0
1777266253239,356.00,4866.00,NA,188.50,0
1777266253283,338.00,4868.00,NA,187.50,0
1777266253327,332.00,4866.00,NA,189.50,0
1777266253349,312.00,4868.00,NA,188.50,0
1777266253392,318.00,4868.00,NA,187.50,0
1777266253415,340.00,4868.00,NA,189.50,0
1777266253458,320.00,4868.00,NA,188.50,0
1777266253480,342.00,4866.00,NA,187.50,0
1777266253525,308.00,4867.00,NA,189.50,0
1777266253548,335.00,4866.00,NA,188.50,0
1777266253592,344.00,4866.00,NA,187.50,0
1777266253615,338.00,4866.00,NA,189.50,0
1777266253638,346.00,4866.00,NA,188.50,0
1777266253681,335.00,4873.00,NA,187.50,0
1777266253731,358.00,4866.00,NA,189.50,0
1777266253754,344.00,4866.00,NA,188.50,0
1777266253798,331.00,4835.00,NA,187.50,0
1777266253821,344.00,4868.00,NA,189.50,0
1777266253844,350.00,4866.00,NA,188.50,0
1777266253887,341.00,4868.00,NA,187.50,0
1777266253910,312.00,4866.00,NA,189.50,0
1777266253954,351.00,4866.00,NA,188.50,0
1777266253976,334.00,4866.00,NA,187.50,0
1777266254020,322.00,4866.00,NA,189.50,0
1777266254042,341.00,4866.00,NA,188.50,0
1777266254086,353.00,4866.00,NA,187.50,0
1777266254109,353.00,4871.00,NA,189.50,0
1777266254154,341.00,4906.00,NA,188.50,0
1777266254179,320.00,4938.00,NA,187.50,0
1777266254223,334.00,4973.00,NA,189.50,0
1777266254247,353.00,5005.00,NA,188.50,0
1777266254270,324.00,5038.00,NA,187.50,0
1777266254315,350.00,5067.00,NA,189.50,0
1777266254338,346.00,5066.00,NA,188.50,0
1777266254383,330.00,5012.00,NA,187.50,0
1777266254406,343.00,5001.00,NA,189.50,0
1777266254450,342.00,5000.00,NA,188.50,0
1777266254473,341.00,5031.00,NA,187.50,0
1777266254516,323.00,5008.00,NA,189.50,0
1777266254539,330.00,5033.00,NA,188.50,0
1777266254586,338.00,5001.00,NA,187.50,0
1777266254609,343.00,5034.00,NA,189.50,0
1777266254654,312.00,5001.00,NA,188.50,0
1777266254677,339.00,5035.00,NA,187.50,0
1777266254702,333.00,5006.00,NA,189.50,0
1777266254746,339.00,5003.00,NA,188.50,0
1777266254770,327.00,5031.00,NA,187.50,0
1777266254814,325.00,5000.00,NA,189.50,0
1777266254837,340.00,5033.00,NA,188.50,0
1777266254885,315.00,5006.00,NA,187.50,0
1777266254908,340.00,5034.00,NA,189.50,0
1777266254952,335.00,5002.00,NA,188.50,0
1777266254975,335.00,5034.00,NA,187.50,0
1777266255019,333.00,5001.00,NA,189.50,0
1777266255042,333.00,5001.00,NA,188.50,0
1777266255086,327.00,5001.00,NA,187.50,0
1777266255110,343.00,5006.00,NA,189.50,0
1777266255133,329.00,5033.00,NA,188.50,0
1777266255177,340.00,5001.00,NA,187.50,0
1777266255199,340.00,5031.00,NA,189.50,0
1777266255243,330.00,5008.00,NA,188.50,0
1777266255265,324.00,5035.00,NA,187.50,0
1777266255310,339.00,5032.00,NA,189.50,0
1777266255334,342.00,5031.00,NA,188.50,0
1777266255378,335.00,5033.00,NA,187.50,0
1777266255410,341.00,5000.00,NA,189.50,0
1777266255433,337.00,5031.00,NA,188.50,0
1777266255478,312.00,5006.00,NA,187.50,0
1777266255501,332.00,5033.00,NA,189.50,0
1777266255545,320.00,5006.00,NA,188.50,0
1777266255568,329.00,5031.00,NA,187.50,0
1777266255617,336.00,5000.00,NA,189.50,0
1777266255641,341.00,5000.00,NA,188.50,0
1777266255665,333.00,5001.00,NA,187.50,0
1777266255709,322.00,5001.00,NA,189.50,0
1777266255733,334.00,5031.00,NA,188.50,0
1777266255776,336.00,5008.00,NA,187.50,0
1777266255800,343.00,5033.00,NA,189.50,0
1777266255822,351.00,5033.00,NA,188.50,0
1777266255866,346.00,5035.00,NA,187.50,0
1777266255889,331.00,5033.00,NA,189.50,0
1777266255932,343.00,5035.00,NA,188.50,0
1777266255976,331.00,5001.00,NA,187.50,0
1777266255999,309.00,5033.00,NA,189.50,0
1777266256044,328.00,5000.00,NA,188.50,0
1777266256067,337.00,4998.00,NA,187.50,0
1777266256091,357.00,5031.00,NA,189.50,0
1777266256135,322.00,5004.00,NA,188.50,0
1777266256159,331.00,5033.00,NA,187.50,0
1777266256306,345.00,4901.00,NA,189.50,0
1777266256327,329.00,4905.00,NA,188.50,0
1777266256348,330.00,4935.00,NA,187.50,0
1777266256390,322.00,4934.00,NA,189.50,0
1777266256411,316.00,4941.00,NA,188.50,0
1777266256454,349.00,4935.00,NA,187.50,0
1777266256495,330.00,4901.00,NA,189.50,0
1777266256516,353.00,4933.00,NA,188.50,0
1777266256559,324.00,4900.00,NA,187.50,0
1777266256581,350.00,4931.00,NA,189.50,0
1777266256623,327.00,4933.00,NA,188.50,0
1777266256644,328.00,4966.00,NA,187.50,0
1777266256686,337.00,4934.00,NA,189.50,0
1777266256731,327.00,4933.00,NA,188.50,0
1777266256752,312.00,4932.00,NA,187.50,0
1777266256795,332.00,4933.00,NA,189.50,0
1777266256816,352.00,4931.00,NA,188.50,0
1777266256858,324.00,4933.00,NA,187.50,0
1777266256880,330.00,4933.00,NA,189.50,0
1777266256922,332.00,4933.00,NA,188.50,0
1777266256944,323.00,4933.00,NA,187.50,0
1777266256986,331.00,4933.00,NA,189.50,0
1777266257010,346.00,4931.00,NA,188.50,0
1777266257052,342.00,4933.00,NA,187.50,0
1777266257095,347.00,4933.00,NA,189.50,0
1777266257116,327.00,4931.00,NA,188.50,0
1777266257158,338.00,4935.00,NA,187.50,0
1777266257180,330.00,4933.00,NA,189.50,0
1777266257222,330.00,4935.00,NA,188.50,0
1777266257244,331.00,4933.00,NA,187.50,0
1777266257287,325.00,4933.00,NA,189.50,0
1777266257311,326.00,4933.00,NA,188.50,0
1777266257354,326.00,4933.00,NA,187.50,0
1777266257376,346.00,4933.00,NA,189.50,0
1777266257418,342.00,4933.00,NA,188.50,0
1777266257439,328.00,4931.00,NA,187.50,0
1777266257483,333.00,4933.00,NA,189.50,0
1777266257525,341.00,4933.00,NA,188.50,0
1777266257547,330.00,4935.00,NA,187.50,0
1777266257589,326.00,4901.00,NA,189.50,0
1777266257611,314.00,4933.00,NA,188.50,0
1777266257653,325.00,4933.00,NA,187.50,0
1777266257675,323.00,4933.00,NA,189.50,0
1777266257717,332.00,4933.00,NA,188.50,0
1777266257764,324.00,4903.00,NA,187.50,0
1777266257786,351.00,4934.00,NA,189.50,0
1777266257808,341.00,4933.00,NA,188.50,0
1777266257850,334.00,4933.00,NA,187.50,0
1777266257871,314.00,4934.00,NA,189.50,0
1777266257913,347.00,4933.00,NA,188.50,0
1777266257956,345.00,4901.00,NA,187.50,0
1777266257978,343.00,4931.00,NA,189.50,0
1777266258020,342.00,4901.00,NA,188.50,0
1777266258042,326.00,4933.00,NA,187.50,0
1777266258084,346.00,4908.00,NA,189.50,0
1777266258106,332.00,4933.00,NA,188.50,0
1777266258150,336.00,4901.00,NA,187.50,0
1777266258172,326.00,4931.00,NA,189.50,0
1777266258216,323.00,4933.00,NA,188.50,0
1777266258238,332.00,4933.00,NA,187.50,0
1777266258280,335.00,4931.00,NA,189.50,0
1777266258302,336.00,4933.00,NA,188.50,0
1777266258345,339.00,4933.00,NA,187.50,0
1777266258394,360.00,4898.00,NA,189.50,0
1777266258416,320.00,4900.00,NA,188.50,0
1777266258438,328.00,4931.00,NA,187.50,0
1777266258480,331.00,4934.00,NA,189.50,0
1777266258502,332.00,4935.00,NA,188.50,0
1777266258544,317.00,4935.00,NA,187.50,0
1777266258566,345.00,4933.00,NA,189.50,0
1777266258609,337.00,4933.00,NA,188.50,0
1777266258651,347.00,4901.00,NA,187.50,0
1777266258673,350.00,4933.00,NA,189.50,0
1777266258716,329.00,4933.00,NA,188.50,0
1777266258738,329.00,4932.00,NA,187.50,0
1777266258781,332.00,4931.00,NA,189.50,0
1777266258803,334.00,4931.00,NA,188.50,0
1777266258846,328.00,4900.00,NA,187.50,0
1777266258872,354.00,4931.00,NA,189.50,0
1777266258915,351.00,4901.00,NA,188.50,0
1777266258937,345.00,4931.00,NA,187.50,0
1777266258979,345.00,4901.00,NA,189.50,0
1777266259001,332.00,4931.00,NA,188.50,0
1777266259044,326.00,4931.00,NA,187.50,0
1777266259089,323.00,4901.00,NA,189.50,0
1777266259111,306.00,4927.00,NA,188.50,0
1777266259133,337.00,4935.00,NA,187.50,0
1777266259176,351.00,4934.00,NA,189.50,0
1777266259198,330.00,4933.00,NA,188.50,0
1777266259241,328.00,4933.00,NA,187.50,0
1777266259284,342.00,4908.00,NA,189.50,0
1777266259307,328.00,4933.00,NA,188.50,0
1777266259349,322.00,4908.00,NA,187.50,0
1777266259372,357.00,4934.00,NA,189.50,0
1777266259414,354.00,4901.00,NA,188.50,0
1777266259436,337.00,4933.00,NA,187.50,0
1777266259479,340.00,4898.00,NA,189.50,0
1777266259502,332.00,4931.00,NA,188.50,0
1777266259544,324.00,4901.00,NA,187.50,0
1777266259567,340.00,4931.00,NA,189.50,0
1777266259612,332.00,4906.00,NA,188.50,0
1777266259634,327.00,4931.00,NA,187.50,0
1777266259678,343.00,4933.00,NA,189.50,0
1777266259701,344.00,4931.00,NA,188.50,0
1777266259744,315.00,4935.00,NA,187.50,0
1777266259767,337.00,4934.00,NA,189.50,0
1777266259810,329.00,4933.00,NA,188.50,0
1777266259832,329.00,4933.00,NA,187.50,0
1777266259875,316.00,4933.00,NA,189.50,0
1777266259903,350.00,4931.00,NA,188.50,0
1777266259947,334.00,4933.00,NA,187.50,0
1777266259969,352.00,4931.00,NA,189.50,0
1777266260015,349.00,4933.00,NA,188.50,0
1777266260038,334.00,4933.00,NA,187.50,0
1777266260060,325.00,4933.00,NA,189.50,0
1777266260103,350.00,4935.00,NA,188.50,0
1777266260126,334.00,4933.00,NA,187.50,0
1777266260170,330.00,4933.00,NA,189.50,0
1777266260213,344.00,4901.00,NA,188.50,0
1777266260236,318.00,4931.00,NA,187.50,0
1777266260279,313.00,4906.00,NA,189.50,0
1777266260302,351.00,4935.00,NA,188.50,0
1777266260345,338.00,4901.00,NA,187.50,0
1777266260367,336.00,4934.00,NA,189.50,0
1777266260411,349.00,4934.00,NA,188.50,0
1777266260433,335.00,4933.00,NA,187.50,0
1777266260477,341.00,4933.00,NA,189.50,0
1777266260499,328.00,4937.00,NA,188.50,0
1777266260544,330.00,4935.00,NA,187.50,0
1777266260566,349.00,4934.00,NA,189.50,0
1777266260610,337.00,4935.00,NA,188.50,0
1777266260632,340.00,4935.00,NA,187.50,0
1777266260675,336.00,4900.00,NA,189.50,0
1777266260698,344.00,4931.00,NA,188.50,0
1777266260742,339.00,4900.00,NA,187.50,0
1777266260765,335.00,4931.00,NA,189.50,0
1777266260809,319.00,4901.00,NA,188.50,0
1777266260831,321.00,4901.00,NA,187.50,0
1777266260874,320.00,4901.00,NA,189.50,0
1777266260897,343.00,4900.00,NA,188.50,0
1777266260940,318.00,4898.00,NA,187.50,0
1777266260970,324.00,4925.00,NA,189.50,0
1777266260993,344.00,4935.00,NA,188.50,0
1777266261037,340.00,4935.00,NA,187.50,0
1777266261059,333.00,4934.00,NA,189.50,0
1777266261102,329.00,4900.00,NA,188.50,0
1777266261125,345.00,4931.00,NA,187.50,0
1777266261191,639.00,4900.00,NA,378.00,0
1777266261236,324.00,4965.00,NA,187.50,0
1777266261258,336.00,5000.00,NA,189.50,0
1777266261302,337.00,5031.00,NA,188.50,0
1777266261325,319.00,5033.00,NA,187.50,0
1777266261370,321.00,5000.00,NA,189.50,0
1777266261415,323.00,4999.00,NA,188.50,0
1777266261438,341.00,5001.00,NA,187.50,0
1777266261461,332.00,5001.00,NA,189.50,0
1777266261504,329.00,5001.00,NA,188.50,0
1777266261527,338.00,5000.00,NA,187.50,0
1777266261571,351.00,5001.00,NA,189.50,0
1777266261615,321.00,5001.00,NA,188.50,0
1777266261639,348.00,5000.00,NA,187.50,0
1777266261661,337.00,5006.00,NA,189.50,0
1777266261705,338.00,5000.00,NA,188.50,0
1777266261728,313.00,5032.00,NA,187.50,0
1777266261773,324.00,5000.00,NA,189.50,0
1777266261797,333.00,5031.00,NA,188.50,0
1777266261820,330.00,5000.00,NA,187.50,0
1777266261864,328.00,5001.00,NA,189.50,0
1777266261887,330.00,5005.00,NA,188.50,0
1777266261933,337.00,5007.00,NA,187.50,0
1777266261956,340.00,5001.00,NA,189.50,0
1777266262000,324.00,5000.00,NA,188.50,0
1777266262026,328.00,5000.00,NA,187.50,0
1777266262049,332.00,5033.00,NA,189.50,0
1777266262093,301.00,5033.00,NA,188.50,0
1777266262115,328.00,5035.00,NA,187.50,0
1777266262159,344.00,5033.00,NA,189.50,0
1777266262181,340.00,5033.00,NA,188.50,0
1777266262227,328.00,5001.00,NA,187.50,0
1777266262250,332.00,5006.00,NA,189.50,0
1777266262297,328.00,5001.00,NA,188.50,0
1777266262320,332.00,5000.00,NA,187.50,0
1777266262364,337.00,5000.00,NA,189.50,0
1777266262387,329.00,4999.00,NA,188.50,0
1777266262432,335.00,5001.00,NA,187.50,0
1777266262454,333.00,5000.00,NA,189.50,0
1777266262498,341.00,5001.00,NA,188.50,0
1777266262521,343.00,5031.00,NA,187.50,0
1777266262564,344.00,5000.00,NA,189.50,0
1777266262587,348.00,5031.00,NA,188.50,0
1777266262610,337.00,5033.00,NA,187.50,0
1777266262657,321.00,5000.00,NA,189.50,0
1777266262795,339.00,4901.00,NA,188.50,0
1777266262816,335.00,4900.00,NA,187.50,0
1777266262837,314.00,4933.00,NA,189.50,0
1777266262879,333.00,4906.00,NA,188.50,0
1777266262900,320.00,4933.00,NA,187.50,0
1777266262944,353.00,4934.00,NA,189.50,0
1777266262966,331.00,4933.00,NA,188.50,0
1777266263010,341.00,4935.00,NA,187.50,0
1777266263031,340.00,4931.00,NA,189.50,0
1777266263073,345.00,4933.00,NA,188.50,0
1777266263115,326.00,4901.00,NA,187.50,0
1777266263137,347.00,4933.00,NA,189.50,0
1777266263181,341.00,4908.00,NA,188.50,0
1777266263203,336.00,4934.00,NA,187.50,0
1777266263245,330.00,4903.00,NA,189.50,0
1777266263266,330.00,4933.00,NA,188.50,0
1777266263309,329.00,4900.00,NA,187.50,0
1777266263330,313.00,4933.00,NA,189.50,0
1777266263373,332.00,4935.00,NA,188.50,0
1777266263394,333.00,4966.00,NA,187.50,0
1777266263437,351.00,4934.00,NA,189.50,0
1777266263479,335.00,4933.00,NA,188.50,0
1777266263500,307.00,4933.00,NA,187.50,0
1777266263542,334.00,4934.00,NA,189.50,0
1777266263564,344.00,4933.00,NA,188.50,0
1777266263606,329.00,4935.00,NA,187.50,0
1777266263628,326.00,4934.00,NA,189.50,0
1777266263672,340.00,4933.00,NA,188.50,0
1777266263693,331.00,4933.00,NA,187.50,0
1777266263735,337.00,4934.00,NA,189.50,0
1777266263757,330.00,4938.00,NA,188.50,0
1777266263799,344.00,4933.00,NA,187.50,0
1777266263841,344.00,4934.00,NA,189.50,0
1777266263863,334.00,4933.00,NA,188.50,0
1777266263905,333.00,4933.00,NA,187.50,0
1777266263927,337.00,4934.00,NA,189.50,0
1777266263969,338.00,4933.00,NA,188.50,0
1777266263990,325.00,4940.00,NA,187.50,0
1777266264033,329.00,4941.00,NA,189.50,0
1777266264075,324.00,4933.00,NA,188.50,0
1777266264097,333.00,4933.00,NA,187.50,0
1777266264143,332.00,4900.00,NA,189.50,0
1777266264164,333.00,4931.00,NA,188.50,0
1777266264207,332.00,4903.00,NA,187.50,0
1777266264228,341.00,4934.00,NA,189.50,0
1777266264271,333.00,4933.00,NA,188.50,0
1777266264293,307.00,4933.00,NA,187.50,0
1777266264335,332.00,4933.00,NA,189.50,0
1777266264357,321.00,4931.00,NA,188.50,0
1777266264399,334.00,4933.00,NA,187.50,0
1777266264421,331.00,4933.00,NA,189.50,0
1777266264463,333.00,4935.00,NA,188.50,0
1777266264506,342.00,4901.00,NA,187.50,0
1777266264527,342.00,4933.00,NA,189.50,0
1777266264570,344.00,4901.00,NA,188.50,0
1777266264591,327.00,4933.00,NA,187.50,0
1777266264634,328.00,4934.00,NA,189.50,0
1777266264656,342.00,4931.00,NA,188.50,0
1777266264698,338.00,4940.00,NA,187.50,0
1777266264720,298.00,4933.00,NA,189.50,0
1777266264762,340.00,4933.00,NA,188.50,0
1777266264784,338.00,4932.00,NA,187.50,0
1777266264826,314.00,4933.00,NA,189.50,0
1777266264869,341.00,4935.00,NA,188.50,0
1777266264891,336.00,4935.00,NA,187.50,0
1777266264935,335.00,4931.00,NA,189.50,0
1777266264957,315.00,4933.00,NA,188.50,0
1777266264999,323.00,4931.00,NA,187.50,0
1777266265021,327.00,4932.00,NA,189.50,0
1777266265064,310.00,4900.00,NA,188.50,0
1777266265086,342.00,4932.00,NA,187.50,0
1777266265131,335.00,4906.00,NA,189.50,0
1777266265154,344.00,4933.00,NA,188.50,0
1777266265197,325.00,4933.00,NA,187.50,0
1777266265219,346.00,4934.00,NA,189.50,0
1777266265262,336.00,4933.00,NA,188.50,0
1777266265284,341.00,4931.00,NA,187.50,0
1777266265327,322.00,4934.00,NA,189.50,0
1777266265350,327.00,4931.00,NA,188.50,0
1777266265392,318.00,4933.00,NA,187.50,0
1777266265415,336.00,4933.00,NA,189.50,0
1777266265457,332.00,4933.00,NA,188.50,0
1777266265501,333.00,4901.00,NA,187.50,0
1777266265523,338.00,4934.00,NA,189.50,0
1777266265566,306.00,4933.00,NA,188.50,0
1777266265593,336.00,4931.00,NA,187.50,0
1777266265615,310.00,4931.00,NA,189.50,0
1777266265657,343.00,4935.00,NA,188.50,0
1777266265702,323.00,4903.00,NA,187.50,0
1777266265724,350.00,4933.00,NA,189.50,0
1777266265746,327.00,4933.00,NA,188.50,0
1777266265789,328.00,4933.00,NA,187.50,0
1777266265832,324.00,4933.00,NA,189.50,0
1777266265854,330.00,4933.00,NA,188.50,0
1777266265896,343.00,4935.00,NA,187.50,0
1777266265921,320.00,4934.00,NA,189.50,0
1777266265943,335.00,4939.00,NA,188.50,0
1777266265991,333.00,4932.00,NA,187.50,0
1777266266014,336.00,4933.00,NA,189.50,0
1777266266057,330.00,4933.00,NA,188.50,0
1777266266079,311.00,4931.00,NA,187.50,0
1777266266122,334.00,4934.00,NA,189.50,0
1777266266144,334.00,4933.00,NA,188.50,0
1777266266188,344.00,4966.00,NA,187.50,0
1777266266210,344.00,4931.00,NA,189.50,0
1777266266254,335.00,4933.00,NA,188.50,0
1777266266277,315.00,4940.00,NA,187.50,0
1777266266320,333.00,4933.00,NA,189.50,0
1777266266343,331.00,4939.00,NA,188.50,0
1777266266386,316.00,4936.00,NA,187.50,0
1777266266414,330.00,4965.00,NA,189.50,0
1777266266458,337.00,4933.00,NA,188.50,0
1777266266480,325.00,4935.00,NA,187.50,0
1777266266524,342.00,4934.00,NA,189.50,0
1777266266547,361.00,4935.00,NA,188.50,0
1777266266590,327.00,4933.00,NA,187.50,0
1777266266614,341.00,4965.00,NA,189.50,0
1777266266657,316.00,4933.00,NA,188.50,0
1777266266680,327.00,4933.00,NA,187.50,0
1777266266724,326.00,4934.00,NA,189.50,0
1777266266746,322.00,4933.00,NA,188.50,0
1777266266795,323.00,4935.00,NA,187.50,0
1777266266819,358.00,4934.00,NA,189.50,0
1777266266842,319.00,4933.00,NA,188.50,0
1777266266885,324.00,4940.00,NA,187.50,0
1777266266908,336.00,4941.00,NA,189.50,0
1777266266951,336.00,4935.00,NA,188.50,0
1777266266994,316.00,4935.00,NA,187.50,0
1777266267017,335.00,4933.00,NA,189.50,0
1777266267041,337.00,4933.00,NA,188.50,0
1777266267085,316.00,4933.00,NA,187.50,0
1777266267108,338.00,4931.00,NA,189.50,0
1777266267153,335.00,4931.00,NA,188.50,0
1777266267176,329.00,4933.00,NA,187.50,0
1777266267220,313.00,4934.00,NA,189.50,0
1777266267243,339.00,4933.00,NA,188.50,0
1777266267286,330.00,4933.00,NA,187.50,0
1777266267309,343.00,4933.00,NA,189.50,0
1777266267357,324.00,4935.00,NA,188.50,0
1777266267381,346.00,4934.00,NA,187.50,0
1777266267404,338.00,4933.00,NA,189.50,0
1777266267448,338.00,4933.00,NA,188.50,0
1777266267498,307.00,4933.00,NA,187.50,0
1777266267521,326.00,4934.00,NA,189.50,0
1777266267545,317.00,4935.00,NA,188.50,0
1777266267568,343.00,4935.00,NA,187.50,0
1777266267611,329.00,4934.00,NA,189.50,0
1777266267655,337.00,4935.00,NA,188.50,0
1777266267681,328.00,4932.00,NA,187.50,0
1777266267715,346.00,4965.00,NA,189.50,0
1777266267738,339.00,5000.00,NA,188.50,0
1777266267784,331.00,5033.00,NA,187.50,0
1777266267807,328.00,5034.00,NA,189.50,0
1777266267830,318.00,5033.00,NA,188.50,0
1777266267875,338.00,5033.00,NA,187.50,0
1777266267898,326.00,5033.00,NA,189.50,0
1777266267943,344.00,5031.00,NA,188.50,0
1777266267966,335.00,5035.00,NA,187.50,0
1777266268009,331.00,5033.00,NA,189.50,0
1777266268032,333.00,5033.00,NA,188.50,0
1777266268076,337.00,5001.00,NA,187.50,0
1777266268100,331.00,5033.00,NA,189.50,0
1777266268144,348.00,5001.00,NA,188.50,0
1777266268167,335.00,5033.00,NA,187.50,0
1777266268211,326.00,5001.00,NA,189.50,0
1777266268240,346.00,5031.00,NA,188.50,0
1777266268285,325.00,5001.00,NA,187.50,0
1777266268334,677.00,4973.00,NA,378.00,0
1777266268379,340.00,5000.00,NA,187.50,0
1777266268402,322.00,5008.00,NA,189.50,0
1777266268445,336.00,5001.00,NA,188.50,0
1777266268468,342.00,5033.00,NA,187.50,0
1777266268516,339.00,5000.00,NA,189.50,0
1777266268539,328.00,5033.00,NA,188.50,0
1777266268562,330.00,5040.00,NA,187.50,0
1777266268606,336.00,5033.00,NA,189.50,0
1777266268629,329.00,5031.00,NA,188.50,0
1777266268673,340.00,5033.00,NA,187.50,0
1777266268696,332.00,5006.00,NA,189.50,0
1777266268745,351.00,5001.00,NA,188.50,0
1777266268768,333.00,5003.00,NA,187.50,0
1777266268790,327.00,5034.00,NA,189.50,0
1777266268834,68.00,5033.00,NA,37.70,0
1777266268857,140.00,5008.00,NA,75.40,0
1777266268879,66.00,4993.00,NA,37.70,0
1777266268902,142.00,4999.00,NA,75.40,0
1777266268925,122.00,4976.00,NA,76.40,0
1777266268949,59.00,4955.00,NA,36.70,0
1777266268973,61.00,4939.00,NA,37.70,0
1777266268997,204.00,4906.00,NA,113.10,0
1777266269027,65.00,4921.00,NA,38.70,0
1777266269060,136.00,4895.00,NA,74.40,0
1777266269084,194.00,4874.00,NA,113.10,0
1777266269108,72.00,4861.00,NA,38.70,0
1777266269132,60.00,4866.00,NA,36.70,0
1777266269158,69.00,4841.00,NA,37.70,0
1777266269181,141.00,4814.00,NA,75.40,0
1777266269206,132.00,4826.00,NA,76.40,0
1777266269237,133.00,4779.00,NA,74.40,0
1777266269261,59.00,4788.00,NA,38.70,0
1777266269290,146.00,4767.00,NA,74.40,0
1777266269316,68.00,4742.00,NA,38.70,0
1777266269346,138.00,4715.00,NA,74.40,0
1777266269403,138.00,4687.00,NA,75.40,0
1777266269559,72.00,4539.00,NA,37.70,0
1777266269627,75.00,4478.00,NA,38.70,0
1777266269648,211.00,4455.00,NA,113.10,0
1777266269700,196.00,4408.00,NA,113.10,0
1777266269735,56.00,4401.00,NA,36.70,0
1777266269771,140.00,4367.00,NA,76.40,0
1777266269793,127.00,4348.00,NA,74.40,0
1777266269814,130.00,4361.00,NA,75.40,0
1777266269839,70.00,4340.00,NA,37.70,0
1777266269860,131.00,4346.00,NA,75.40,0
1777266269887,63.00,4325.00,NA,37.70,0
1777266269918,134.00,4300.00,NA,75.40,0
1777266269947,136.00,4281.00,NA,76.40,0
1777266269977,128.00,4260.00,NA,74.40,0
1777266269998,136.00,4274.00,NA,75.40,0
1777266270020,138.00,4254.00,NA,76.40,0
1777266270076,130.00,4201.00,NA,74.40,0
1777266270107,138.00,4181.00,NA,75.40,0
1777266270135,133.00,4161.00,NA,76.40,0
1777266270165,139.00,4141.00,NA,74.40,0
1777266270188,130.00,4153.00,NA,75.40,0
1777266270210,140.00,4133.00,NA,76.40,0
1777266270273,147.00,4081.00,NA,74.40,0
1777266270294,71.00,4067.00,NA,38.70,0
1777266270316,143.00,4068.00,NA,74.40,0
1777266270337,66.00,4048.00,NA,38.70,0
1777266270359,72.00,4028.00,NA,36.70,0
1777266270380,134.00,4028.00,NA,76.40,0
1777266270429,199.00,3975.00,NA,113.10,0
1777266270476,132.00,3961.00,NA,74.40,0
1777266270498,134.00,3972.00,NA,75.40,0
1777266270535,69.00,3919.00,NA,37.70,0
1777266270557,137.00,3926.00,NA,75.40,0
1777266270578,133.00,3908.00,NA,76.40,0
1777266270599,59.00,3888.00,NA,36.70,0
1777266270621,68.00,3868.00,NA,37.70,0
1777266270642,141.00,3868.00,NA,75.40,0
1777266270663,73.00,3848.00,NA,37.70,0
1777266270684,63.00,3852.00,NA,38.70,0
1777266270710,65.00,3827.00,NA,36.70,0
1777266270732,132.00,3801.00,NA,76.40,0
1777266270754,135.00,3781.00,NA,74.40,0
1777266270775,61.00,3794.00,NA,38.70,0
1777266270796,131.00,3766.00,NA,74.40,0
1777266270818,63.00,3780.00,NA,38.70,0
1777266270867,126.00,3721.00,NA,74.40,0
1777266270888,138.00,3732.00,NA,75.40,0
1777266270917,72.00,3712.00,NA,37.70,0
1777266270938,202.00,3688.00,NA,113.10,0
1777266270960,68.00,3681.00,NA,38.70,0
1777266270988,63.00,3681.00,NA,36.70,0
1777266271010,192.00,3655.00,NA,113.10,0
1777266271037,71.00,3641.00,NA,37.70,0
1777266271059,129.00,3614.00,NA,75.40,0
1777266271080,64.00,3595.00,NA,37.70,0
1777266271102,139.00,3599.00,NA,75.40,0
1777266271141,68.00,3581.00,NA,37.70,0
1777266271163,132.00,3554.00,NA,75.40,0
1777266271184,135.00,3566.00,NA,76.40,0
1777266271235,217.00,3513.00,NA,113.10,0
1777266271277,142.00,3499.00,NA,74.40,0
1777266271300,65.00,3480.00,NA,38.70,0
1777266271321,65.00,3454.00,NA,36.70,0
1777266271343,132.00,3461.00,NA,76.40,0
1777266271365,132.00,3441.00,NA,74.40,0
1777266271387,63.00,3452.00,NA,38.70,0
1777266271408,131.00,3428.00,NA,74.40,0
1777266271430,67.00,3407.00,NA,38.70,0
1777266271452,116.00,3412.00,NA,74.40,0
1777266271473,69.00,3393.00,NA,38.70,0
1777266271494,122.00,3368.00,NA,74.40,0
1777266271516,63.00,3380.00,NA,38.70,0
1777266271538,125.00,3353.00,NA,74.40,0
1777266271559,73.00,3334.00,NA,38.70,0
1777266271581,118.00,3341.00,NA,74.40,0
1777266271626,199.00,3295.00,NA,113.10,0
1777266271648,132.00,3308.00,NA,75.40,0
1777266271669,62.00,3288.00,NA,37.70,0
1777266271691,125.00,3261.00,NA,75.40,0
1777266271715,66.00,3274.00,NA,37.70,0
1777266271758,142.00,3214.00,NA,75.40,0
1777266271779,132.00,3226.00,NA,76.40,0
1777266271801,138.00,3206.00,NA,74.40,0
1777266271822,72.00,3187.00,NA,38.70,0
1777266271844,67.00,3161.00,NA,36.70,0
1777266271865,136.00,3166.00,NA,76.40,0
1777266271887,60.00,3146.00,NA,36.70,0
1777266271929,139.00,3120.00,NA,76.40,0
1777266271951,122.00,3133.00,NA,74.40,0
1777266271972,68.00,3113.00,NA,38.70,0
1777266272145,66.00,2955.00,NA,36.70,0
1777266272225,65.00,2861.00,NA,37.70,0
1777266272246,135.00,2841.00,NA,75.40,0
1777266272267,132.00,2848.00,NA,76.40,0
1777266272310,202.00,2794.00,NA,113.10,0
1777266272331,68.00,2814.00,NA,36.70,0
1777266272353,58.00,2819.00,NA,37.70,0
1777266272374,122.00,2794.00,NA,75.40,0
1777266272395,70.00,2775.00,NA,37.70,0
1777266272419,148.00,2753.00,NA,75.40,0
1777266272440,138.00,2761.00,NA,76.40,0
1777266272461,63.00,2748.00,NA,36.70,0
1777266272482,68.00,2749.00,NA,37.70,0
1777266272507,62.00,2719.00,NA,38.70,0
1777266272534,141.00,2693.00,NA,74.40,0
1777266272555,190.00,2673.00,NA,113.10,0
1777266272577,63.00,2659.00,NA,38.70,0
1777266272598,134.00,2666.00,NA,74.40,0
1777266272641,123.00,2646.00,NA,75.40,0
1777266272662,68.00,2628.00,NA,37.70,0
1777266272689,142.00,2601.00,NA,75.40,0
1777266272710,76.00,2615.00,NA,37.70,0
1777266272736,143.00,2586.00,NA,75.40,0
1777266272757,143.00,2566.00,NA,76.40,0
1777266272779,66.00,2580.00,NA,36.70,0
1777266272800,127.00,2553.00,NA,76.40,0
1777266272821,69.00,2533.00,NA,36.70,0
1777266272842,142.00,2508.00,NA,76.40,0
1777266272884,132.00,2488.00,NA,74.40,0
1777266272905,136.00,2468.00,NA,75.40,0
1777266272928,71.00,2481.00,NA,37.70,0
1777266272949,133.00,2452.00,NA,75.40,0
1777266272972,68.00,2432.00,NA,37.70,0
1777266272994,128.00,2439.00,NA,75.40,0
1777266273023,61.00,2420.00,NA,37.70,0
1777266273051,141.00,2394.00,NA,75.40,0
1777266273072,139.00,2406.00,NA,76.40,0
1777266273094,66.00,2388.00,NA,36.70,0
1777266273135,65.00,2360.00,NA,37.70,0
1777266273159,137.00,2333.00,NA,75.40,0
1777266273180,67.00,2313.00,NA,37.70,0
1777266273201,131.00,2320.00,NA,75.40,0
1777266273223,63.00,2301.00,NA,37.70,0
1777266273268,127.00,2273.00,NA,75.40,0
1777266273289,68.00,2255.00,NA,37.70,0
1777266273311,135.00,2261.00,NA,75.40,0
1777266273332,143.00,2273.00,NA,76.40,0
1777266273353,66.00,2221.00,NA,36.70,0
1777266273374,127.00,2228.00,NA,76.40,0
1777266273398,62.00,2206.00,NA,36.70,0
1777266273419,146.00,2186.00,NA,76.40,0
1777266273444,62.00,2192.00,NA,36.70,0
1777266273466,129.00,2168.00,NA,76.40,0
1777266273496,71.00,2147.00,NA,36.70,0
1777266273522,135.00,2120.00,NA,76.40,0
1777266273543,213.00,2100.00,NA,113.10,0
1777266273593,130.00,2086.00,NA,74.40,0
1777266273614,198.00,2068.00,NA,113.10,0
1777266273635,76.00,2054.00,NA,38.70,0
1777266273677,146.00,2028.00,NA,74.40,0
1777266273706,139.00,2007.00,NA,75.40,0
1777266273757,210.00,1986.00,NA,113.10,0
1777266273778,71.00,1973.00,NA,37.70,0
1777266273799,138.00,1953.00,NA,75.40,0
1777266273824,70.00,1961.00,NA,37.70,0
1777266273845,125.00,1960.00,NA,75.40,0
1777266273869,71.00,1961.00,NA,37.70,0
1777266273890,125.00,1960.00,NA,75.40,0
1777266273939,190.00,1947.00,NA,113.10,0
1777266273961,132.00,1959.00,NA,76.40,0
1777266273982,70.00,1966.00,NA,36.70,0
1777266274011,67.00,1953.00,NA,37.70,0
1777266274032,222.00,1953.00,NA,113.10,0
1777266274054,72.00,1973.00,NA,38.70,0
1777266274076,63.00,1965.00,NA,36.70,0
1777266274097,64.00,1953.00,NA,37.70,0
1777266274120,143.00,1952.00,NA,75.40,0
1777266274162,68.00,1953.00,NA,37.70,0
1777266274183,206.00,1947.00,NA,113.10,0
1777266274205,65.00,1966.00,NA,38.70,0
1777266274226,132.00,1960.00,NA,74.40,0
1777266274247,69.00,1960.00,NA,38.70,0
1777266274268,129.00,1960.00,NA,74.40,0
1777266274290,67.00,1972.00,NA,38.70,0
1777266274336,128.00,1960.00,NA,74.40,0
1777266274366,138.00,1960.00,NA,75.40,0
1777266274387,144.00,1973.00,NA,76.40,0
1777266274408,127.00,1974.00,NA,74.40,0
1777266274430,63.00,1987.00,NA,38.70,0
1777266274457,122.00,1993.00,NA,74.40,0
1777266274478,128.00,2007.00,NA,75.40,0
1777266274499,67.00,2020.00,NA,37.70,0
1777266274521,59.00,2027.00,NA,38.70,0
1777266274547,132.00,2033.00,NA,74.40,0
1777266274725,138.00,1993.00,NA,75.40,0
1777266274809,206.00,1973.00,NA,113.10,0
1777266274829,138.00,1981.00,NA,76.40,0
1777266274850,67.00,1987.00,NA,36.70,0
1777266274871,138.00,1981.00,NA,76.40,0
1777266274913,126.00,1987.00,NA,74.40,0
1777266274957,210.00,1973.00,NA,113.10,0
1777266274978,65.00,1979.00,NA,38.70,0
1777266275002,61.00,1973.00,NA,36.70,0
1777266275023,134.00,1968.00,NA,76.40,0
1777266275044,67.00,1981.00,NA,36.70,0
1777266275065,144.00,1986.00,NA,76.40,0
1777266275086,134.00,1987.00,NA,74.40,0
1777266275110,69.00,1987.00,NA,38.70,0
1777266275131,134.00,1993.00,NA,74.40,0
1777266275152,72.00,1993.00,NA,38.70,0
1777266275194,143.00,1974.00,NA,74.40,0
1777266275215,66.00,1973.00,NA,38.70,0
1777266275236,135.00,1980.00,NA,74.40,0
1777266275257,63.00,1993.00,NA,38.70,0
1777266275278,130.00,1986.00,NA,74.40,0
1777266275299,74.00,1993.00,NA,38.70,0
1777266275325,140.00,1986.00,NA,74.40,0
1777266275346,72.00,1994.00,NA,38.70,0
1777266275367,138.00,1993.00,NA,74.40,0
1777266275388,64.00,1993.00,NA,38.70,0
1777266275409,129.00,1999.00,NA,74.40,0
1777266275430,69.00,1997.00,NA,38.70,0
1777266275451,73.00,2000.00,NA,36.70,0
1777266275473,131.00,2007.00,NA,76.40,0
1777266275497,134.00,2007.00,NA,74.40,0
1777266275518,125.00,2007.00,NA,75.40,0
1777266275539,73.00,2013.00,NA,37.70,0
1777266275561,149.00,2006.00,NA,75.40,0
1777266275582,59.00,2008.00,NA,37.70,0
1777266275624,181.00,2000.00,NA,113.10,0
1777266275645,60.00,2007.00,NA,38.70,0
1777266275667,138.00,2007.00,NA,74.40,0
1777266275688,68.00,2013.00,NA,38.70,0
1777266275715,135.00,2013.00,NA,74.40,0
1777266275736,135.00,2013.00,NA,75.40,0
1777266275757,55.00,2014.00,NA,37.70,0
1777266275778,130.00,2013.00,NA,75.40,0
1777266275800,67.00,2014.00,NA,37.70,0
1777266275821,68.00,2013.00,NA,38.70,0
1777266275843,129.00,2019.00,NA,74.40,0
1777266275864,70.00,2033.00,NA,38.70,0
1777266275890,129.00,2014.00,NA,74.40,0
1777266275911,140.00,2027.00,NA,75.40,0
1777266275933,69.00,2033.00,NA,37.70,0
1777266275954,73.00,2022.00,NA,38.70,0
1777266275975,128.00,2020.00,NA,74.40,0
1777266275997,70.00,2026.00,NA,38.70,0
1777266276018,57.00,2013.00,NA,36.70,0
1777266276039,131.00,2013.00,NA,76.40,0
1777266276060,57.00,2014.00,NA,36.70,0
1777266276081,123.00,2013.00,NA,76.40,0
1777266276103,74.00,2014.00,NA,36.70,0
1777266276124,136.00,2020.00,NA,76.40,0
1777266276145,65.00,2026.00,NA,36.70,0
1777266276173,64.00,2019.00,NA,37.70,0
1777266276194,193.00,2014.00,NA,113.10,0
1777266276216,71.00,2033.00,NA,38.70,0
1777266276237,70.00,2022.00,NA,36.70,0
1777266276258,127.00,2026.00,NA,76.40,0
1777266276287,68.00,2026.00,NA,36.70,0
1777266276314,127.00,2027.00,NA,76.40,0
1777266276335,143.00,2033.00,NA,74.40,0
1777266276356,58.00,2033.00,NA,38.70,0
1777266276386,131.00,2026.00,NA,74.40,0
1777266276408,71.00,2032.00,NA,38.70,0
1777266276430,191.00,2027.00,NA,113.10,0
1777266277068,67.00,1799.00,NA,36.70,0
1777266278075,138.00,1406.00,NA,76.40,0
1777266280901,59.00,263.00,NA,36.70,0
1777266284312,63.00,5.00,NA,37.70,0
1777266288485,63.00,5.00,NA,38.70,0
1777266293167,66.00,5.00,NA,36.70,0
1777266299049,68.00,0.00,NA,37.70,0
1777266305044,66.00,0.00,NA,38.70,0
1777266305441,67.00,6.00,NA,36.70,0
1777266306490,70.00,13.00,NA,37.70,0
1777266306697,68.00,20.00,NA,38.70,0
1777266306739,64.00,27.00,NA,36.70,0
1777266306760,138.00,33.00,NA,76.40,0
1777266306781,129.00,47.00,NA,74.40,0
1777266306802,64.00,59.00,NA,38.70,0
1777266306823,53.00,67.00,NA,36.70,0
1777266306844,123.00,73.00,NA,76.40,0
1777266306905,122.00,87.00,NA,74.40,0
1777266306952,59.00,100.00,NA,38.70,0
1777266306985,66.00,106.00,NA,36.70,0
1777266307006,217.00,113.00,NA,113.10,0
1777266307050,199.00,133.00,NA,113.10,0
1777266307091,129.00,153.00,NA,76.40,0
1777266307133,135.00,167.00,NA,74.40,0
1777266307174,62.00,179.00,NA,38.70,0
1777266307195,129.00,187.00,NA,74.40,0
1777266307217,67.00,200.00,NA,38.70,0
1777266307238,65.00,207.00,NA,36.70,0
1777266307264,141.00,213.00,NA,76.40,0
1777266307317,63.00,226.00,NA,36.70,0
1777266307370,66.00,233.00,NA,37.70,0
1777266307391,125.00,240.00,NA,75.40,0
1777266307412,137.00,253.00,NA,76.40,0
1777266307433,66.00,266.00,NA,36.70,0
1777266307460,145.00,273.00,NA,76.40,0
1777266307481,56.00,286.00,NA,36.70,0
1777266307502,134.00,293.00,NA,76.40,0
1777266307523,144.00,306.00,NA,74.40,0
1777266307568,138.00,320.00,NA,75.40,0
1777266307590,128.00,333.00,NA,76.40,0
1777266307613,62.00,346.00,NA,36.70,0
1777266307634,130.00,353.00,NA,76.40,0
1777266307658,63.00,366.00,NA,36.70,0
1777266307679,142.00,373.00,NA,76.40,0
1777266307700,127.00,386.00,NA,74.40,0
1777266307727,73.00,399.00,NA,38.70,0
1777266307748,134.00,406.00,NA,74.40,0
1777266307769,131.00,419.00,NA,75.40,0
1777266307841,125.00,433.00,NA,76.40,0
1777266307862,119.00,446.00,NA,74.40,0
1777266307911,196.00,460.00,NA,113.10,0
1777266307936,69.00,479.00,NA,38.70,0
1777266307957,142.00,486.00,NA,74.40,0
1777266307978,77.00,500.00,NA,38.70,0
1777266308003,126.00,506.00,NA,74.40,0
1777266308024,137.00,519.00,NA,75.40,0
1777266308055,68.00,532.00,NA,37.70,0
1777266308081,130.00,539.00,NA,75.40,0
1777266308102,120.00,553.00,NA,76.40,0
1777266308149,134.00,566.00,NA,74.40,0
1777266308170,68.00,580.00,NA,38.70,0
1777266308192,56.00,586.00,NA,36.70,0
1777266308214,62.00,593.00,NA,37.70,0
1777266308239,131.00,599.00,NA,75.40,0
1777266308260,125.00,613.00,NA,76.40,0
1777266308283,63.00,626.00,NA,36.70,0
1777266308305,56.00,633.00,NA,37.70,0
1777266308330,62.00,639.00,NA,38.70,0
1777266308362,140.00,646.00,NA,74.40,0
1777266308383,133.00,660.00,NA,75.40,0
1777266308405,127.00,673.00,NA,76.40,0
1777266308426,67.00,686.00,NA,36.70,0
1777266308447,141.00,692.00,NA,76.40,0
1777266308489,131.00,706.00,NA,74.40,0
1777266308539,138.00,719.00,NA,75.40,0
1777266308560,137.00,733.00,NA,76.40,0
1777266308581,67.00,746.00,NA,36.70,0
1777266308602,135.00,753.00,NA,76.40,0
1777266308660,129.00,766.00,NA,74.40,0
1777266308681,131.00,780.00,NA,75.40,0
1777266308703,135.00,793.00,NA,76.40,0
1777266308724,66.00,805.00,NA,36.70,0
1777266308753,133.00,813.00,NA,76.40,0
1777266308775,123.00,826.00,NA,74.40,0
1777266308796,67.00,840.00,NA,38.70,0
1777266308817,130.00,846.00,NA,74.40,0
1777266308838,70.00,860.00,NA,38.70,0
1777266308860,125.00,866.00,NA,74.40,0
1777266308904,142.00,880.00,NA,75.40,0
1777266308931,69.00,893.00,NA,37.70,0
1777266308962,199.00,899.00,NA,113.10,0
1777266308983,139.00,919.00,NA,75.40,0
1777266309025,67.00,933.00,NA,37.70,0
1777266309047,136.00,939.00,NA,75.40,0
1777266309068,66.00,952.00,NA,37.70,0
1777266309101,70.00,959.00,NA,38.70,0
1777266309122,197.00,966.00,NA,113.10,0
1777266309170,133.00,986.00,NA,74.40,0
1777266309191,141.00,1000.00,NA,75.40,0
1777266309221,126.00,1013.00,NA,76.40,0
1777266309243,70.00,1026.00,NA,36.70,0
1777266309275,131.00,1033.00,NA,76.40,0
1777266309297,139.00,1046.00,NA,74.40,0
1777266309339,135.00,1059.00,NA,75.40,0
1777266309360,68.00,1073.00,NA,37.70,0
1777266309382,73.00,1080.00,NA,38.70,0
1777266309404,133.00,1086.00,NA,74.40,0
1777266309425,132.00,1099.00,NA,75.40,0
1777266309488,138.00,1113.00,NA,76.40,0
1777266309566,131.00,1126.00,NA,74.40,0
1777266309587,132.00,1139.00,NA,75.40,0
1777266309615,127.00,1153.00,NA,76.40,0
1777266309636,134.00,1166.00,NA,74.40,0
1777266309657,131.00,1180.00,NA,75.40,0
1777266309699,68.00,1193.00,NA,37.70,0
1777266309726,66.00,1200.00,NA,38.70,0
1777266309747,63.00,1206.00,NA,36.70,0
1777266309771,71.00,1213.00,NA,37.70,0
1777266309792,202.00,1220.00,NA,113.10,0
1777266309814,72.00,1240.00,NA,38.70,0
1777266309835,131.00,1246.00,NA,74.40,0
1777266309879,209.00,1260.00,NA,113.10,0
1777266309905,68.00,1279.00,NA,38.70,0
1777266309927,70.00,1286.00,NA,36.70,0
1777266309949,137.00,1293.00,NA,76.40,0
1777266309970,127.00,1306.00,NA,74.40,0
1777266310013,124.00,1320.00,NA,75.40,0
1777266310034,120.00,1333.00,NA,76.40,0
1777266310056,131.00,1341.00,NA,74.40,0
1777266310100,63.00,1354.00,NA,38.70,0
1777266310122,68.00,1361.00,NA,36.70,0
1777266310144,63.00,1368.00,NA,37.70,0
1777266310187,198.00,1374.00,NA,113.10,0
1777266310208,70.00,1394.00,NA,38.70,0
1777266310230,125.00,1401.00,NA,74.40,0
1777266310252,75.00,1414.00,NA,38.70,0
1777266310274,121.00,1420.00,NA,74.40,0
1777266310295,67.00,1434.00,NA,38.70,0
1777266310387,141.00,1441.00,NA,74.40,0
1777266310408,149.00,1454.00,NA,75.40,0
1777266310456,137.00,1460.00,NA,76.40,0
1777266310477,143.00,1473.00,NA,74.40,0
1777266310499,72.00,1486.00,NA,38.70,0
1777266310549,59.00,1493.00,NA,36.70,0
1777266310577,137.00,1500.00,NA,76.40,0
1777266310598,193.00,1513.00,NA,113.10,0
1777266310647,131.00,1533.00,NA,74.40,0
1777266310669,136.00,1546.00,NA,75.40,0
1777266310691,136.00,1559.00,NA,76.40,0
1777266310713,62.00,1573.00,NA,36.70,0
1777266310755,60.00,1580.00,NA,37.70,0
1777266310778,61.00,1586.00,NA,38.70,0
1777266310800,129.00,1593.00,NA,74.40,0
1777266310825,71.00,1606.00,NA,38.70,0
1777266310846,196.00,1613.00,NA,113.10,0
1777266310873,59.00,1633.00,NA,36.70,0
1777266310894,140.00,1639.00,NA,76.40,0
1777266310916,61.00,1652.00,NA,36.70,0
1777266310937,63.00,1659.00,NA,37.70,0
1777266310982,133.00,1666.00,NA,75.40,0
1777266311012,68.00,1680.00,NA,37.70,0
1777266311034,131.00,1686.00,NA,75.40,0
1777266311060,123.00,1700.00,NA,76.40,0
1777266311082,67.00,1712.00,NA,36.70,0
1777266311103,127.00,1720.00,NA,76.40,0
1777266311124,128.00,1733.00,NA,74.40,0
1777266311145,69.00,1746.00,NA,38.70,0
1777266311173,68.00,1752.00,NA,36.70,0
1777266311194,66.00,1759.00,NA,37.70,0
1777266311215,68.00,1766.00,NA,38.70,0
1777266311236,203.00,1773.00,NA,113.10,0
1777266311257,68.00,1793.00,NA,36.70,0
1777266311278,64.00,1799.00,NA,37.70,0
1777266311302,70.00,1806.00,NA,38.70,0
1777266311323,129.00,1813.00,NA,74.40,0
1777266311344,138.00,1826.00,NA,75.40,0
1777266311370,63.00,1839.00,NA,37.70,0
1777266311412,130.00,1846.00,NA,75.40,0
1777266311434,63.00,1859.00,NA,37.70,0
1777266311456,140.00,1866.00,NA,75.40,0
1777266311480,63.00,1879.00,NA,37.70,0
1777266311502,208.00,1879.00,NA,113.10,0
1777266311545,214.00,1900.00,NA,113.10,0
1777266311567,70.00,1919.00,NA,38.70,0
1777266311589,60.00,1926.00,NA,36.70,0
1777266311611,66.00,1932.00,NA,37.70,0
1777266311641,133.00,1939.00,NA,75.40,0
1777266311668,68.00,1953.00,NA,37.70,0
1777266311689,141.00,1960.00,NA,75.40,0
1777266311711,132.00,1966.00,NA,76.40,0
1777266311733,142.00,1980.00,NA,74.40,0
1777266311755,71.00,1986.00,NA,38.70,0
1777266311777,127.00,1979.00,NA,74.40,0
1777266311820,67.00,1973.00,NA,38.70,0
1777266311842,131.00,1972.00,NA,74.40,0
1777266311872,74.00,1974.00,NA,38.70,0
1777266311894,150.00,1981.00,NA,74.40,0
1777266311916,137.00,1980.00,NA,75.40,0
1777266311938,66.00,1993.00,NA,37.70,0
1777266311964,65.00,1993.00,NA,38.70,0
1777266311986,199.00,1998.00,NA,113.10,0
1777266312009,62.00,1992.00,NA,36.70,0
1777266312031,64.00,1999.00,NA,37.70,0
1777266312054,135.00,1987.00,NA,75.40,0
1777266312076,123.00,2000.00,NA,76.40,0
1777266312099,63.00,2000.00,NA,36.70,0
1777266312121,61.00,2006.00,NA,37.70,0
1777266312144,141.00,2000.00,NA,75.40,0
1777266312166,127.00,2014.00,NA,76.40,0
1777266312187,73.00,2020.00,NA,36.70,0
1777266312214,134.00,2012.00,NA,76.40,0
1777266312278,129.00,1999.00,NA,74.40,0
1777266312301,70.00,2013.00,NA,38.70,0
1777266312323,197.00,2014.00,NA,113.10,0
1777266312349,67.00,2034.00,NA,36.70,0
1777266312372,134.00,2033.00,NA,76.40,0
1777266312394,66.00,2033.00,NA,36.70,0
1777266312462,64.00,2009.00,NA,37.70,0
1777266312492,123.00,2007.00,NA,75.40,0
1777266312515,198.00,2007.00,NA,113.10,0
1777266312540,65.00,2014.00,NA,37.70,0
1777266312562,67.00,2020.00,NA,38.70,0
1777266312592,129.00,2000.00,NA,74.40,0
1777266312614,71.00,2013.00,NA,38.70,0
1777266312657,66.00,2000.00,NA,36.70,0
1777266312694,65.00,1988.00,NA,37.70,0
1777266312717,277.00,1981.00,NA,151.80,0
1777266312740,62.00,2000.00,NA,36.70,0
1777266312763,66.00,1995.00,NA,37.70,0
1777266312786,134.00,1987.00,NA,75.40,0
1777266312810,70.00,1999.00,NA,37.70,0
1777266312832,73.00,2006.00,NA,38.70,0
1777266312864,139.00,1988.00,NA,74.40,0
1777266312889,140.00,2002.00,NA,75.40,0
1777266312911,73.00,2013.00,NA,37.70,0
1777266312933,127.00,2000.00,NA,75.40,0
1777266312955,125.00,2007.00,NA,76.40,0
1777266312978,65.00,2006.00,NA,36.70,0
1777266313001,126.00,2007.00,NA,76.40,0
1777266313023,70.00,2006.00,NA,36.70,0
1777266313074,72.00,1993.00,NA,37.70,0
1777266313098,73.00,1986.00,NA,38.70,0
1777266313120,124.00,1982.00,NA,74.40,0
1777266313142,130.00,1993.00,NA,75.40,0
1777266313164,62.00,1993.00,NA,37.70,0
1777266313380,66.00,1919.00,NA,38.70,0
1777266313447,134.00,1889.00,NA,74.40,0
1777266313474,75.00,1893.00,NA,38.70,0
1777266313495,60.00,1888.00,NA,36.70,0
1777266313515,74.00,1895.00,NA,37.70,0
1777266313536,72.00,1900.00,NA,38.70,0
1777266313556,122.00,1893.00,NA,74.40,0
1777266313577,58.00,1893.00,NA,38.70,0
1777266313599,127.00,1892.00,NA,74.40,0
1777266313620,69.00,1894.00,NA,38.70,0
1777266313641,64.00,1900.00,NA,36.70,0
1777266313662,130.00,1893.00,NA,76.40,0
1777266313683,127.00,1893.00,NA,74.40,0
1777266313704,63.00,1894.00,NA,38.70,0
1777266313725,131.00,1893.00,NA,74.40,0
1777266313768,76.00,1893.00,NA,38.70,0
1777266313789,133.00,1887.00,NA,74.40,0
1777266313816,134.00,1893.00,NA,75.40,0
1777266313837,138.00,1893.00,NA,76.40,0
1777266313858,136.00,1900.00,NA,74.40,0
1777266313879,64.00,1901.00,NA,38.70,0
1777266313903,60.00,1906.00,NA,36.70,0
1777266313924,130.00,1900.00,NA,76.40,0
1777266313945,68.00,1907.00,NA,36.70,0
1777266313970,140.00,1893.00,NA,76.40,0
1777266313991,127.00,1894.00,NA,74.40,0
1777266314012,68.00,1906.00,NA,38.70,0
1777266314051,65.00,1896.00,NA,36.70,0
1777266314073,201.00,1894.00,NA,113.10,0
1777266314097,56.00,1914.00,NA,37.70,0
1777266314118,130.00,1914.00,NA,75.40,0
1777266314144,63.00,1907.00,NA,37.70,0
1777266314165,141.00,1913.00,NA,75.40,0
1777266314327,59.00,1853.00,NA,37.70,0
1777266314391,138.00,1833.00,NA,75.40,0
1777266314412,137.00,1833.00,NA,76.40,0
1777266314433,61.00,1834.00,NA,36.70,0
1777266314454,70.00,1839.00,NA,37.70,0
1777266314475,64.00,1846.00,NA,38.70,0
1777266314501,130.00,1840.00,NA,74.40,0
1777266314522,135.00,1854.00,NA,75.40,0
1777266314543,68.00,1866.00,NA,37.70,0
1777266314564,133.00,1872.00,NA,75.40,0
1777266314586,65.00,1873.00,NA,37.70,0
1777266314606,124.00,1866.00,NA,75.40,0
1777266314627,76.00,1866.00,NA,37.70,0
1777266314655,137.00,1860.00,NA,75.40,0
1777266314676,123.00,1860.00,NA,76.40,0
1777266314697,65.00,1873.00,NA,36.70,0
1777266314718,110.00,1872.00,NA,76.40,0
1777266314765,196.00,1873.00,NA,113.10,0
1777266314786,63.00,1886.00,NA,36.70,0
1777266314807,68.00,1873.00,NA,37.70,0
1777266314828,139.00,1874.00,NA,75.40,0
1777266314849,63.00,1874.00,NA,37.70,0
1777266314870,62.00,1879.00,NA,38.70,0
1777266314892,61.00,1867.00,NA,36.70,0
1777266314913,135.00,1866.00,NA,76.40,0
1777266314934,142.00,1873.00,NA,74.40,0
1777266314955,140.00,1873.00,NA,75.40,0
1777266315031,194.00,1860.00,NA,113.10,0
1777266315052,67.00,1867.00,NA,37.70,0
1777266315073,61.00,1861.00,NA,38.70,0
1777266315094,127.00,1866.00,NA,74.40,0
1777266315136,190.00,1867.00,NA,113.10,0
1777266315163,62.00,1880.00,NA,38.70,0
1777266315184,139.00,1886.00,NA,74.40,0
1777266315205,71.00,1881.00,NA,38.70,0
1777266315230,142.00,1874.00,NA,74.40,0
1777266315252,132.00,1880.00,NA,75.40,0
1777266315273,64.00,1887.00,NA,37.70,0
1777266315294,139.00,1880.00,NA,75.40,0
1777266315336,208.00,1887.00,NA,113.10,0
1777266315358,67.00,1906.00,NA,37.70,0
1777266315379,62.00,1913.00,NA,38.70,0
1777266315401,122.00,1906.00,NA,74.40,0
1777266315427,61.00,1905.00,NA,38.70,0
1777266315448,74.00,1912.00,NA,36.70,0
1777266315470,144.00,1906.00,NA,76.40,0
1777266315491,113.00,1907.00,NA,74.40,0
1777266315513,64.00,1912.00,NA,38.70,0
1777266315534,136.00,1919.00,NA,74.40,0
1777266315591,132.00,1913.00,NA,75.40,0
1777266315612,126.00,1907.00,NA,76.40,0
1777266315843,56.00,1839.00,NA,36.70,0
1777266315980,56.00,1793.00,NA,37.70,0
1777266316072,69.00,1752.00,NA,38.70,0
1777266316247,64.00,1677.00,NA,36.70,0
1777266316342,75.00,1650.00,NA,37.70,0
1777266316644,74.00,1523.00,NA,38.70,0
1777266317193,73.00,1290.00,NA,36.70,0
1777266317989,59.00,995.00,NA,37.70,0
1777266318931,68.00,707.00,NA,38.70,0
1777266320135,71.00,279.00,NA,36.70,0
1777266321698,60.00,22.00,NA,37.70,0
1777266324662,66.00,10.00,NA,38.70,0
1777266324915,69.00,16.00,NA,36.70,0
1777266326354,65.00,18.00,NA,37.70,0
1777266328097,69.00,20.00,NA,38.70,0
1777266329473,64.00,26.00,NA,36.70,0
1777266330131,604.00,20.00,NA,339.30,0
1777266330255,1217.00,80.00,NA,678.60,0
1777266330297,624.00,200.00,NA,339.30,0
1777266330318,603.00,260.00,NA,339.30,0
1777266330360,611.00,318.00,NA,339.30,0
1777266330381,589.00,380.00,NA,339.30,0
1777266330423,617.00,440.00,NA,339.30,0
1777266330464,600.00,500.00,NA,339.30,0
1777266330486,602.00,557.00,NA,339.30,0
1777266330528,629.00,620.00,NA,339.30,0
1777266330549,582.00,677.00,NA,339.30,0
1777266330591,616.00,740.00,NA,339.30,0
1777266330633,609.00,800.00,NA,339.30,0
1777266330654,594.00,860.00,NA,339.30,0
1777266330696,607.00,917.00,NA,339.30,0
1777266330718,593.00,977.00,NA,339.30,0
1777266330759,598.00,1037.00,NA,339.30,0
1777266330781,612.00,1097.00,NA,339.30,0
1777266330823,591.00,1160.00,NA,339.30,0
1777266330844,612.00,1217.00,NA,339.30,0
1777266330887,592.00,1280.00,NA,339.30,0
1777266330930,619.00,1340.00,NA,339.30,0
1777266330951,580.00,1397.00,NA,339.30,0
1777266330994,583.00,1460.00,NA,339.30,0
1777266331016,610.00,1520.00,NA,339.30,0
1777266331058,611.00,1578.00,NA,339.30,0
1777266331080,582.00,1640.00,NA,339.30,0
1777266331122,600.00,1699.00,NA,339.30,0
1777266331143,609.00,1757.00,NA,339.30,0
1777266331187,579.00,1820.00,NA,339.30,0
1777266331229,626.00,1880.00,NA,339.30,0
1777266331251,605.00,1940.00,NA,339.30,0
1777266331294,612.00,2000.00,NA,339.30,0
1777266331315,595.00,2057.00,NA,339.30,0
1777266331358,607.00,2110.00,NA,339.30,0
1777266331380,587.00,2170.00,NA,339.30,0
1777266331422,597.00,2233.00,NA,339.30,0
1777266331445,610.00,2290.00,NA,339.30,0
1777266331487,603.00,2353.00,NA,339.30,0
1777266331509,581.00,2410.00,NA,339.30,0
1777266331552,602.00,2473.00,NA,339.30,0
1777266331574,569.00,2530.00,NA,339.30,0
1777266331617,598.00,2593.00,NA,339.30,0
1777266331639,610.00,2653.00,NA,339.30,0
1777266331682,583.00,2713.00,NA,339.30,0
1777266331725,588.00,2773.00,NA,339.30,0
1777266331748,593.00,2833.00,NA,339.30,0
1777266331791,612.00,2893.00,NA,339.30,0
1777266331813,604.00,2950.00,NA,339.30,0
1777266331856,599.00,3013.00,NA,339.30,0
1777266331878,591.00,3073.00,NA,339.30,0
1777266331921,566.00,3133.00,NA,339.30,0
1777266331944,577.00,3193.00,NA,339.30,0
1777266331987,580.00,3250.00,NA,339.30,0
1777266332009,599.00,3310.00,NA,339.30,0
1777266332052,608.00,3373.00,NA,339.30,0
1777266332074,592.00,3430.00,NA,339.30,0
1777266332118,596.00,3493.00,NA,339.30,0
1777266332141,593.00,3550.00,NA,339.30,0
1777266332184,622.00,3613.00,NA,339.30,0
1777266332207,610.00,3665.00,NA,339.30,0
1777266332250,603.00,3733.00,NA,339.30,0
1777266332273,597.00,3793.00,NA,339.30,0
1777266332316,581.00,3851.00,NA,339.30,0
1777266332339,587.00,3910.00,NA,339.30,0
1777266332383,608.00,3970.00,NA,339.30,0
1777266332407,586.00,4030.00,NA,339.30,0
1777266332451,606.00,4093.00,NA,339.30,0
1777266332473,606.00,4150.00,NA,339.30,0
1777266332517,582.00,4213.00,NA,339.30,0
1777266332540,585.00,4270.00,NA,339.30,0
1777266332584,620.00,4333.00,NA,339.30,0
1777266332609,611.00,4393.00,NA,339.30,0
1777266332653,589.00,4450.00,NA,339.30,0
1777266332676,617.00,4510.00,NA,339.30,0
1777266332699,608.00,4570.00,NA,339.30,0
1777266332743,587.00,4631.00,NA,339.30,0
1777266332767,587.00,4690.00,NA,339.30,0
1777266332812,600.00,4753.00,NA,339.30,0
1777266332835,594.00,4810.00,NA,339.30,0
1777266332881,594.00,4873.00,NA,339.30,0
1777266332904,587.00,4930.00,NA,339.30,0
1777266332949,591.00,4993.00,NA,339.30,0
1777266332973,582.00,5050.00,NA,339.30,0
1777266333018,615.00,5110.00,NA,339.30,0
1777266333043,574.00,5170.00,NA,339.30,0
1777266333067,614.00,5230.00,NA,339.30,0
1777266333112,614.00,5286.00,NA,339.30,0
1777266333137,604.00,5343.00,NA,339.30,0
1777266333183,609.00,5406.00,NA,339.30,0
1777266333207,605.00,5466.00,NA,339.30,0
1777266333230,612.00,5526.00,NA,339.30,0
1777266333274,593.00,5583.00,NA,339.30,0
1777266333298,586.00,5643.00,NA,339.30,0
1777266333343,597.00,5703.00,NA,339.30,0
1777266333367,598.00,5763.00,NA,339.30,0
1777266333413,592.00,5826.00,NA,339.30,0
1777266333438,600.00,5883.00,NA,339.30,0
1777266333463,613.00,5946.00,NA,339.30,0
1777266333509,610.00,6003.00,NA,339.30,0
1777266333533,600.00,6066.00,NA,339.30,0
1777266333579,600.00,6126.00,NA,339.30,0
1777266333604,574.00,6183.00,NA,339.30,0
1777266333629,593.00,6243.00,NA,339.30,0
1777266333673,616.00,6303.00,NA,339.30,0
1777266333696,585.00,6363.00,NA,339.30,0
1777266333741,605.00,6426.00,NA,339.30,0
1777266333765,573.00,6483.00,NA,339.30,0
1777266333811,590.00,6543.00,NA,339.30,0
1777266333835,593.00,6606.00,NA,339.30,0
1777266333859,603.00,6663.00,NA,339.30,0
1777266333904,620.00,6723.00,NA,339.30,0
1777266333927,575.00,6783.00,NA,339.30,0
1777266333971,599.00,6843.00,NA,339.30,0
1777266333995,584.00,6906.00,NA,339.30,0
1777266334039,583.00,6966.00,NA,339.30,0
1777266334063,621.00,7023.00,NA,339.30,0
1777266334107,619.00,7086.00,NA,339.30,0
1777266334131,614.00,7146.00,NA,339.30,0
1777266334154,620.00,7203.00,NA,339.30,0
1777266334198,607.00,7266.00,NA,339.30,0
1777266334222,609.00,7323.00,NA,339.30,0
1777266334266,628.00,7383.00,NA,339.30,0
1777266334291,606.00,7443.00,NA,339.30,0
1777266334336,588.00,7503.00,NA,339.30,0
1777266334360,606.00,7563.00,NA,339.30,0
1777266334407,573.00,7626.00,NA,339.30,0
1777266334432,605.00,7686.00,NA,339.30,0
1777266334457,591.00,7743.00,NA,339.30,0
1777266334501,635.00,7800.00,NA,339.30,0
1777266334526,614.00,7860.00,NA,339.30,0
1777266334573,623.00,7917.00,NA,339.30,0
1777266334600,578.00,7977.00,NA,339.30,0
1777266334627,616.00,8037.00,NA,339.30,0
1777266334675,600.00,8100.00,NA,339.30,0
1777266334703,620.00,8157.00,NA,339.30,0
1777266334729,588.00,8217.00,NA,339.30,0
1777266334754,581.00,8277.00,NA,339.30,0
1777266334802,629.00,8337.00,NA,339.30,0
1777266334829,594.00,8400.00,NA,339.30,0
1777266334856,624.00,8460.00,NA,339.30,0
1777266334904,615.00,8520.00,NA,339.30,0
1777266334928,571.00,8577.00,NA,339.30,0
1777266334954,617.00,8637.00,NA,339.30,0
1777266335003,582.00,8700.00,NA,339.30,0
1777266335029,599.00,8757.00,NA,339.30,0
1777266335056,608.00,8817.00,NA,339.30,0
1777266335104,625.00,8880.00,NA,339.30,0
1777266335136,589.00,8940.00,NA,339.30,0
1777266335163,587.00,8940.00,NA,339.30,0
1777266335191,577.00,8997.00,NA,339.30,0
1777266335239,616.00,9057.00,NA,339.30,0
1777266335266,616.00,8997.00,NA,339.30,0
1777266335292,611.00,9057.00,NA,339.30,0
1777266335319,611.00,9060.00,NA,339.30,0
1777266335368,582.00,9000.00,NA,339.30,0
1777266335396,624.00,9012.00,NA,339.30,0
1777266335421,598.00,9063.00,NA,339.30,0
1777266335469,586.00,9063.00,NA,339.30,0
1777266335496,623.00,9000.00,NA,339.30,0
1777266335524,628.00,9057.00,NA,339.30,0
1777266335575,604.00,9000.00,NA,339.30,0
1777266335600,562.00,9012.00,NA,339.30,0
1777266335624,587.00,9060.00,NA,339.30,0
1777266335649,585.00,9057.00,NA,339.30,0
1777266335694,589.00,9060.00,NA,339.30,0
1777266335721,588.00,9063.00,NA,339.30,0
1777266335769,607.00,9003.00,NA,339.30,0
1777266335796,591.00,9003.00,NA,339.30,0
1777266335822,570.00,9060.00,NA,339.30,0
1777266335869,618.00,9000.00,NA,339.30,0
1777266335894,569.00,9000.00,NA,339.30,0
1777266335920,598.00,9057.00,NA,339.30,0
1777266335967,603.00,9006.00,NA,339.30,0
1777266335992,593.00,9060.00,NA,339.30,0
1777266336016,619.00,9057.00,NA,339.30,0
1777266336061,590.00,9051.00,NA,339.30,0
1777266336086,607.00,9003.00,NA,339.30,0
1777266336111,614.00,9060.00,NA,339.30,0
1777266336159,579.00,9000.00,NA,339.30,0
1777266336190,597.00,9057.00,NA,339.30,0
1777266336218,591.00,9057.00,NA,339.30,0
1777266336246,590.00,9057.00,NA,339.30,0
1777266336294,598.00,9060.00,NA,339.30,0
1777266336319,600.00,9063.00,NA,339.30,0
1777266336344,617.00,9059.00,NA,339.30,0
1777266336397,617.00,9000.00,NA,339.30,0
1777266336421,602.00,9063.00,NA,339.30,0
1777266336445,579.00,9063.00,NA,339.30,0
1777266336489,618.00,9060.00,NA,339.30,0
1777266336514,599.00,9010.00,NA,339.30,0
1777266336558,583.00,9003.00,NA,339.30,0
1777266336582,618.00,9009.00,NA,339.30,0
1777266336606,573.00,9063.00,NA,339.30,0
1777266336651,587.00,9012.00,NA,339.30,0
1777266336676,607.00,9060.00,NA,339.30,0
1777266336807,1198.00,8883.00,NA,678.60,0
1777266336828,608.00,8943.00,NA,339.30,0
1777266336870,607.00,8940.00,NA,339.30,0
1777266336913,588.00,8940.00,NA,339.30,0
1777266336934,609.00,8937.00,NA,339.30,0
1777266336977,594.00,8943.00,NA,339.30,0
1777266336998,615.00,8940.00,NA,339.30,0
1777266337041,569.00,8940.00,NA,339.30,0
1777266337063,585.00,8940.00,NA,339.30,0
1777266337105,594.00,8940.00,NA,339.30,0
1777266337127,590.00,8943.00,NA,339.30,0
1777266337169,592.00,8939.00,NA,339.30,0
1777266337191,606.00,8952.00,NA,339.30,0
1777266337233,584.00,8940.00,NA,339.30,0
1777266337255,604.00,8937.00,NA,339.30,0
1777266337297,622.00,8940.00,NA,339.30,0
1777266337340,604.00,8940.00,NA,339.30,0
1777266337361,600.00,8940.00,NA,339.30,0
1777266337404,589.00,8943.00,NA,339.30,0
1777266337426,602.00,8943.00,NA,339.30,0
1777266337468,612.00,8943.00,NA,339.30,0
1777266337490,586.00,8943.00,NA,339.30,0
1777266337533,588.00,8943.00,NA,339.30,0
1777266337555,614.00,8943.00,NA,339.30,0
1777266337597,610.00,8937.00,NA,339.30,0
1777266337640,611.00,8943.00,NA,339.30,0
1777266337662,594.00,8940.00,NA,339.30,0
1777266337705,598.00,8883.00,NA,339.30,0
1777266337727,589.00,8940.00,NA,339.30,0
1777266337770,596.00,8883.00,NA,339.30,0
1777266337793,596.00,8940.00,NA,339.30,0
1777266337837,593.00,8938.00,NA,339.30,0
1777266337861,593.00,8940.00,NA,339.30,0
1777266337904,596.00,8940.00,NA,339.30,0
1777266337927,603.00,8937.00,NA,339.30,0
1777266337971,619.00,8943.00,NA,339.30,0
1777266337994,613.00,8940.00,NA,339.30,0
1777266338037,596.00,8943.00,NA,339.30,0
1777266338061,615.00,8943.00,NA,339.30,0
1777266338104,581.00,8940.00,NA,339.30,0
1777266338127,598.00,8940.00,NA,339.30,0
1777266338171,620.00,8940.00,NA,339.30,0
1777266338194,599.00,8937.00,NA,339.30,0
1777266338237,579.00,8892.00,NA,339.30,0
1777266338260,604.00,8940.00,NA,339.30,0
1777266338304,604.00,8883.00,NA,339.30,0
1777266338327,594.00,8943.00,NA,339.30,0
1777266338350,621.00,8940.00,NA,339.30,0
1777266338393,580.00,8940.00,NA,339.30,0
1777266338417,586.00,8958.00,NA,339.30,0
1777266338460,596.00,8938.00,NA,339.30,0
1777266338483,625.00,8952.00,NA,339.30,0
1777266338527,602.00,8937.00,NA,339.30,0
1777266338550,595.00,8937.00,NA,339.30,0
1777266338595,621.00,8943.00,NA,339.30,0
1777266338618,603.00,8940.00,NA,339.30,0
1777266338661,604.00,8943.00,NA,339.30,0
1777266338684,604.00,8940.00,NA,339.30,0
1777266338727,604.00,8940.00,NA,339.30,0
1777266338749,609.00,8940.00,NA,339.30,0
1777266338793,600.00,8943.00,NA,339.30,0
1777266338815,622.00,8940.00,NA,339.30,0
1777266338858,603.00,8942.00,NA,339.30,0
1777266338882,617.00,8949.00,NA,339.30,0
1777266338926,612.00,8940.00,NA,339.30,0
1777266338949,571.00,8940.00,NA,339.30,0
1777266338994,611.00,8940.00,NA,339.30,0
1777266339017,590.00,8943.00,NA,339.30,0
1777266339062,599.00,8943.00,NA,339.30,0
1777266339086,608.00,8943.00,NA,339.30,0
1777266339131,576.00,8937.00,NA,339.30,0
1777266339155,588.00,8943.00,NA,339.30,0
1777266339178,576.00,8937.00,NA,339.30,0
1777266339222,576.00,8940.00,NA,339.30,0
1777266339244,596.00,8945.00,NA,339.30,0
1777266339286,599.00,8943.00,NA,339.30,0
1777266339308,596.00,8940.00,NA,339.30,0
1777266339354,591.00,8943.00,NA,339.30,0
1777266339376,610.00,8943.00,NA,339.30,0
1777266339421,594.00,8940.00,NA,339.30,0
1777266339445,574.00,8940.00,NA,339.30,0
1777266339489,594.00,8937.00,NA,339.30,0
1777266339513,604.00,8940.00,NA,339.30,0
1777266339558,611.00,8943.00,NA,339.30,0
1777266339583,593.00,8940.00,NA,339.30,0
1777266339627,594.00,8942.00,NA,339.30,0
1777266339651,582.00,8943.00,NA,339.30,0
1777266339675,615.00,8991.00,NA,339.30,0
1777266339720,619.00,8943.00,NA,339.30,0
1777266339744,583.00,8943.00,NA,339.30,0
1777266339790,598.00,8943.00,NA,339.30,0
1777266339814,605.00,8937.00,NA,339.30,0
1777266339860,600.00,8929.00,NA,339.30,0
1777266339883,622.00,8937.00,NA,339.30,0
1777266339927,599.00,8942.00,NA,339.30,0
1777266339951,609.00,8940.00,NA,339.30,0
1777266339974,610.00,8940.00,NA,339.30,0
1777266340017,603.00,8943.00,NA,339.30,0
1777266340041,595.00,8940.00,NA,339.30,0
1777266340084,594.00,8940.00,NA,339.30,0
1777266340107,596.00,8940.00,NA,339.30,0
1777266340151,594.00,8938.00,NA,339.30,0
1777266340195,586.00,8883.00,NA,339.30,0
1777266340219,584.00,8943.00,NA,339.30,0
1777266340242,605.00,8997.00,NA,339.30,0
1777266340285,606.00,8943.00,NA,339.30,0
1777266340309,599.00,8937.00,NA,339.30,0
1777266340354,592.00,8940.00,NA,339.30,0
1777266340377,614.00,8940.00,NA,339.30,0
1777266340422,580.00,8937.00,NA,339.30,0
1777266340445,599.00,8939.00,NA,339.30,0
1777266340490,614.00,8943.00,NA,339.30,0
1777266340513,624.00,8940.00,NA,339.30,0
1777266340537,597.00,8943.00,NA,339.30,0
1777266340582,617.00,8940.00,NA,339.30,0
1777266340605,599.00,8935.00,NA,339.30,0
1777266340650,595.00,8942.00,NA,339.30,0
1777266340674,606.00,8943.00,NA,339.30,0
1777266340720,592.00,8937.00,NA,339.30,0
1777266340747,635.00,8940.00,NA,339.30,0
1777266340772,589.00,8997.00,NA,339.30,0
1777266340818,618.00,8940.00,NA,339.30,0
1777266340842,609.00,8940.00,NA,339.30,0
1777266340887,597.00,8943.00,NA,339.30,0
1777266340909,579.00,8943.00,NA,339.30,0
1777266340953,585.00,8940.00,NA,339.30,0
1777266340975,596.00,8985.00,NA,339.30,0
1777266341017,586.00,8936.00,NA,339.30,0
1777266341039,585.00,8937.00,NA,339.30,0
1777266341081,595.00,8937.00,NA,339.30,0
1777266341103,590.00,8940.00,NA,339.30,0
1777266341147,614.00,8943.00,NA,339.30,0
1777266341171,599.00,8940.00,NA,339.30,0
1777266341217,592.00,8942.00,NA,339.30,0
1777266341242,610.00,8940.00,NA,339.30,0
1777266341267,608.00,8940.00,NA,339.30,0
1777266341313,603.00,8939.00,NA,339.30,0
1777266341339,593.00,8949.00,NA,339.30,0
1777266341384,592.00,8943.00,NA,339.30,0
1777266341408,620.00,8937.00,NA,339.30,0
1777266341438,585.00,8937.00,NA,339.30,0
1777266341483,603.00,8940.00,NA,339.30,0
1777266341506,602.00,8940.00,NA,339.30,0
1777266341530,596.00,8940.00,NA,339.30,0
1777266341575,600.00,8943.00,NA,339.30,0
1777266341598,585.00,8940.00,NA,339.30,0
1777266341643,577.00,8937.00,NA,339.30,0
1777266341667,599.00,8938.00,NA,339.30,0
1777266341715,601.00,8940.00,NA,339.30,0
1777266341740,627.00,8999.00,NA,339.30,0
1777266341764,622.00,9059.00,NA,339.30,0
1777266341809,611.00,9120.00,NA,339.30,0
1777266341833,604.00,9009.00,NA,339.30,0
1777266341878,617.00,9003.00,NA,339.30,0
1777266341901,613.00,9063.00,NA,339.30,0
1777266341946,607.00,9000.00,NA,339.30,0
1777266341970,594.00,9057.00,NA,339.30,0
1777266341994,609.00,9063.00,NA,339.30,0
1777266342039,611.00,9057.00,NA,339.30,0
1777266342065,595.00,9057.00,NA,339.30,0
1777266342110,609.00,9000.00,NA,339.30,0
1777266342134,604.00,9009.00,NA,339.30,0
1777266342179,624.00,9000.00,NA,339.30,0
1777266342202,586.00,9012.00,NA,339.30,0
1777266342227,604.00,9054.00,NA,339.30,0
1777266342275,602.00,9003.00,NA,339.30,0
1777266342302,620.00,9062.00,NA,339.30,0
1777266342327,599.00,9057.00,NA,339.30,0
1777266342376,595.00,9001.00,NA,339.30,0
1777266342403,605.00,9057.00,NA,339.30,0
1777266342431,600.00,9060.00,NA,339.30,0
1777266342479,613.00,9000.00,NA,339.30,0
1777266342505,603.00,9012.00,NA,339.30,0
1777266342529,602.00,9063.00,NA,339.30,0
1777266342574,605.00,9003.00,NA,339.30,0
1777266342598,614.00,9060.00,NA,339.30,0
1777266342643,595.00,9032.00,NA,339.30,0
1777266342667,613.00,9000.00,NA,339.30,0
1777266342691,591.00,9057.00,NA,339.30,0
1777266342736,603.00,9006.00,NA,339.30,0
1777266342761,612.00,9057.00,NA,339.30,0
1777266342806,611.00,9012.00,NA,339.30,0
1777266342830,602.00,9063.00,NA,339.30,0
1777266342875,602.00,9000.00,NA,339.30,0
1777266342899,596.00,9060.00,NA,339.30,0
1777266342924,592.00,9063.00,NA,339.30,0
1777266342971,581.00,9057.00,NA,339.30,0
1777266342997,607.00,9059.00,NA,339.30,0
1777266343022,621.00,9057.00,NA,339.30,0
1777266343070,608.00,9003.00,NA,339.30,0
1777266343098,560.00,9057.00,NA,339.30,0
1777266343122,609.00,9060.00,NA,339.30,0
1777266343167,611.00,9060.00,NA,339.30,0
1777266343190,592.00,9060.00,NA,339.30,0
1777266343238,582.00,9060.00,NA,339.30,0
1777266343264,587.00,9059.00,NA,339.30,0
1777266343290,578.00,9060.00,NA,339.30,0
1777266343336,607.00,9000.00,NA,339.30,0
1777266343360,581.00,9000.00,NA,339.30,0
1777266343384,598.00,9057.00,NA,339.30,0
1777266343429,591.00,9012.00,NA,339.30,0
1777266343453,599.00,9060.00,NA,339.30,0
1777266343498,598.00,9012.00,NA,339.30,0
1777266343522,614.00,9063.00,NA,339.30,0
1777266343567,606.00,9002.00,NA,339.30,0
1777266343591,603.00,9060.00,NA,339.30,0
1777266343615,608.00,9060.00,NA,339.30,0
1777266343660,596.00,9059.00,NA,339.30,0
1777266343684,589.00,9060.00,NA,339.30,0
1777266343729,624.00,9060.00,NA,339.30,0
1777266343753,604.00,9017.00,NA,339.30,0
1777266343798,613.00,9000.00,NA,339.30,0
1777266343822,595.00,9003.00,NA,339.30,0
1777266343867,598.00,9002.00,NA,339.30,0
1777266343891,592.00,9000.00,NA,339.30,0
1777266343914,623.00,9060.00,NA,339.30,0
1777266343959,579.00,9000.00,NA,339.30,0
1777266343983,613.00,9057.00,NA,339.30,0
1777266344028,601.00,9003.00,NA,339.30,0
1777266344052,605.00,9057.00,NA,339.30,0
1777266344096,589.00,9003.00,NA,339.30,0
1777266344120,614.00,9063.00,NA,339.30,0
1777266344170,585.00,9003.00,NA,339.30,0
1777266344194,604.00,9000.00,NA,339.30,0
1777266344218,606.00,9060.00,NA,339.30,0
1777266344263,581.00,9000.00,NA,339.30,0
1777266344287,622.00,9057.00,NA,339.30,0
1777266344312,600.00,9047.00,NA,339.30,0
1777266344356,611.00,9060.00,NA,339.30,0
1777266344400,583.00,9000.00,NA,339.30,0
1777266344424,584.00,9034.00,NA,339.30,0
1777266344448,623.00,9060.00,NA,339.30,0
1777266344494,586.00,9060.00,NA,339.30,0
1777266344519,612.00,9000.00,NA,339.30,0
1777266344542,589.00,9060.00,NA,339.30,0
1777266344587,584.00,9000.00,NA,339.30,0
1777266344610,579.00,9057.00,NA,339.30,0
1777266344655,594.00,9009.00,NA,339.30,0
1777266344679,629.00,9003.00,NA,339.30,0
1777266344723,619.00,9045.00,NA,339.30,0
1777266344748,611.00,9053.00,NA,339.30,0
1777266344793,599.00,9057.00,NA,339.30,0
1777266344817,609.00,9060.00,NA,339.30,0
1777266344841,609.00,9060.00,NA,339.30,0
1777266344886,618.00,9060.00,NA,339.30,0
1777266344910,608.00,9057.00,NA,339.30,0
1777266344954,600.00,9025.00,NA,339.30,0
1777266344978,625.00,9000.00,NA,339.30,0
1777266345026,598.00,9003.00,NA,339.30,0
1777266345050,614.00,9015.00,NA,339.30,0
1777266345074,574.00,9063.00,NA,339.30,0
1777266345118,592.00,9000.00,NA,339.30,0
1777266345142,586.00,9060.00,NA,339.30,0
1777266345187,605.00,9060.00,NA,339.30,0
1777266345211,609.00,9060.00,NA,339.30,0
1777266345255,591.00,9003.00,NA,339.30,0
1777266345279,603.00,9057.00,NA,339.30,0
1777266345324,587.00,9015.00,NA,339.30,0
1777266345348,609.00,9058.00,NA,339.30,0
1777266345372,602.00,9057.00,NA,339.30,0
1777266345416,591.00,9063.00,NA,339.30,0
1777266345440,606.00,9060.00,NA,339.30,0
1777266345484,569.00,9058.00,NA,339.30,0
1777266345508,628.00,9060.00,NA,339.30,0
1777266345553,592.00,9000.00,NA,339.30,0
1777266345577,620.00,9057.00,NA,339.30,0
1777266345621,606.00,9006.00,NA,339.30,0
1777266345645,581.00,9057.00,NA,339.30,0
1777266345669,587.00,9057.00,NA,339.30,0
1777266345714,621.00,9060.00,NA,339.30,0
1777266345738,590.00,9063.00,NA,339.30,0
1777266345783,609.00,9003.00,NA,339.30,0
1777266345807,587.00,9060.00,NA,339.30,0
1777266345856,613.00,9000.00,NA,339.30,0
1777266345881,582.00,9057.00,NA,339.30,0
1777266345905,612.00,9057.00,NA,339.30,0
1777266345949,604.00,9060.00,NA,339.30,0
1777266345973,618.00,9060.00,NA,339.30,0
1777266346018,587.00,9063.00,NA,339.30,0
1777266346042,604.00,9056.00,NA,339.30,0
1777266346065,585.00,9056.00,NA,339.30,0
1777266346110,627.00,9000.00,NA,339.30,0
1777266346134,614.00,9057.00,NA,339.30,0
1777266346179,603.00,9000.00,NA,339.30,0
1777266346202,590.00,9057.00,NA,339.30,0
1777266346247,591.00,9000.00,NA,339.30,0
1777266346271,607.00,9037.00,NA,339.30,0
1777266346315,575.00,9060.00,NA,339.30,0
1777266346339,577.00,9062.00,NA,339.30,0
1777266346363,601.00,9057.00,NA,339.30,0
1777266346408,598.00,9062.00,NA,339.30,0
1777266346432,586.00,9063.00,NA,339.30,0
1777266346479,617.00,9057.00,NA,339.30,0
1777266346504,601.00,9060.00,NA,339.30,0
1777266346529,620.00,9060.00,NA,339.30,0
1777266346575,591.00,9057.00,NA,339.30,0
1777266346599,617.00,9057.00,NA,339.30,0
1777266346645,601.00,9063.00,NA,339.30,0
1777266346669,603.00,9064.00,NA,339.30,0
1777266346715,615.00,9061.00,NA,339.30,0
1777266346739,591.00,9063.00,NA,339.30,0
1777266346763,609.00,9063.00,NA,339.30,0
1777266346810,602.00,9060.00,NA,339.30,0
1777266346835,587.00,9059.00,NA,339.30,0
1777266346881,608.00,9060.00,NA,339.30,0
1777266346905,610.00,9024.00,NA,339.30,0
1777266346929,618.00,9060.00,NA,339.30,0
1777266346976,597.00,9000.00,NA,339.30,0
1777266347001,615.00,9003.00,NA,339.30,0
1777266347026,601.00,9060.00,NA,339.30,0
1777266347072,593.00,9003.00,NA,339.30,0
1777266347096,614.00,9060.00,NA,339.30,0
1777266347142,575.00,9000.00,NA,339.30,0
1777266347167,602.00,9057.00,NA,339.30,0
1777266347191,596.00,9057.00,NA,339.30,0
1777266347236,580.00,9012.00,NA,339.30,0
1777266347261,598.00,9060.00,NA,339.30,0
1777266347308,619.00,9003.00,NA,339.30,0
1777266347332,593.00,9003.00,NA,339.30,0
1777266347356,613.00,9060.00,NA,339.30,0
1777266347401,580.00,9062.00,NA,339.30,0
1777266347425,609.00,9057.00,NA,339.30,0
1777266347471,584.00,9060.00,NA,339.30,0
1777266347496,601.00,9057.00,NA,339.30,0
1777266347520,618.00,9057.00,NA,339.30,0
1777266347566,602.00,9063.00,NA,339.30,0
1777266347591,638.00,9060.00,NA,339.30,0
1777266347637,577.00,9060.00,NA,339.30,0
1777266347661,611.00,9063.00,NA,339.30,0
1777266347686,599.00,9060.00,NA,339.30,0
1777266347731,603.00,9057.00,NA,339.30,0
1777266347755,614.00,9060.00,NA,339.30,0
1777266347801,586.00,9060.00,NA,339.30,0
1777266347826,587.00,9057.00,NA,339.30,0
1777266347851,592.00,9069.00,NA,339.30,0
1777266347896,614.00,9061.00,NA,339.30,0
1777266347928,577.00,9048.00,NA,339.30,0
1777266347952,604.00,9060.00,NA,339.30,0
1777266347998,582.00,9062.00,NA,339.30,0
1777266348022,616.00,9059.00,NA,339.30,0
1777266348067,595.00,9060.00,NA,339.30,0
1777266348091,618.00,9063.00,NA,339.30,0
1777266348115,597.00,9060.00,NA,339.30,0
1777266348159,590.00,9059.00,NA,339.30,0
1777266348183,589.00,9060.00,NA,339.30,0
1777266348228,599.00,9060.00,NA,339.30,0
1777266348253,595.00,9060.00,NA,339.30,0
1777266348301,603.00,9003.00,NA,339.30,0
1777266348326,604.00,9063.00,NA,339.30,0
1777266348351,633.00,9063.00,NA,339.30,0
1777266348399,603.00,9000.00,NA,339.30,0
1777266348425,610.00,9057.00,NA,339.30,0
1777266348451,585.00,9060.00,NA,339.30,0
1777266348497,605.00,9058.00,NA,339.30,0
1777266348522,608.00,9060.00,NA,339.30,0
1777266348548,609.00,9060.00,NA,339.30,0
1777266348595,600.00,9062.00,NA,339.30,0
1777266348620,614.00,9015.00,NA,339.30,0
1777266348646,574.00,9060.00,NA,339.30,0
1777266348692,594.00,9000.00,NA,339.30,0
1777266348717,617.00,9057.00,NA,339.30,0
1777266348763,619.00,9000.00,NA,339.30,0
1777266348789,587.00,9057.00,NA,339.30,0
1777266348814,612.00,9057.00,NA,339.30,0
1777266348862,614.00,9063.00,NA,339.30,0
1777266348886,606.00,9060.00,NA,339.30,0
1777266348911,590.00,9060.00,NA,339.30,0
1777266348958,607.00,9063.00,NA,339.30,0
1777266348983,583.00,9060.00,NA,339.30,0
1777266349009,606.00,9058.00,NA,339.30,0
1777266349056,619.00,9061.00,NA,339.30,0
1777266349080,606.00,9057.00,NA,339.30,0
1777266349127,613.00,9000.00,NA,339.30,0
1777266349152,594.00,9057.00,NA,339.30,0
1777266349177,628.00,9060.00,NA,339.30,0
1777266349222,586.00,9057.00,NA,339.30,0
1777266349247,623.00,9060.00,NA,339.30,0
1777266349294,581.00,9012.00,NA,339.30,0
1777266349322,592.00,8997.00,NA,339.30,0
1777266349346,611.00,9060.00,NA,339.30,0
1777266349393,599.00,9060.00,NA,339.30,0
1777266349423,616.00,9057.00,NA,339.30,0
1777266349449,606.00,9057.00,NA,339.30,0
1777266349474,591.00,9060.00,NA,339.30,0
1777266349521,592.00,9062.00,NA,339.30,0
1777266349547,600.00,9060.00,NA,339.30,0
1777266349572,604.00,9060.00,NA,339.30,0
1777266349618,605.00,9003.00,NA,339.30,0
1777266349644,614.00,9063.00,NA,339.30,0
1777266349691,594.00,9003.00,NA,339.30,0
1777266349718,625.00,9057.00,NA,339.30,0
1777266349743,591.00,9069.00,NA,339.30,0
1777266349790,609.00,9061.00,NA,339.30,0
1777266349816,574.00,9057.00,NA,339.30,0
1777266349845,599.00,9057.00,NA,339.30,0
1777266349870,609.00,9060.00,NA,339.30,0
1777266349916,623.00,9003.00,NA,339.30,0
1777266349941,615.00,9060.00,NA,339.30,0
1777266349988,581.00,9000.00,NA,339.30,0
1777266350015,591.00,9057.00,NA,339.30,0
1777266350041,604.00,9057.00,NA,339.30,0
1777266350088,588.00,9012.00,NA,339.30,0
1777266350114,607.00,9060.00,NA,339.30,0
1777266350139,602.00,9060.00,NA,339.30,0
1777266350185,590.00,9063.00,NA,339.30,0
1777266350211,608.00,9060.00,NA,339.30,0
1777266350236,558.00,9060.00,NA,339.30,0
1777266350285,585.00,9011.00,NA,339.30,0
1777266350311,581.00,9060.00,NA,339.30,0
1777266350336,599.00,9069.00,NA,339.30,0
1777266350385,595.00,9000.00,NA,339.30,0
1777266350413,589.00,9057.00,NA,339.30,0
1777266350440,606.00,9063.00,NA,339.30,0
1777266350474,578.00,9060.00,NA,339.30,0
1777266350501,582.00,9060.00,NA,339.30,0
1777266350548,600.00,9063.00,NA,339.30,0
1777266350573,610.00,9060.00,NA,339.30,0
1777266350599,602.00,9056.00,NA,339.30,0
1777266350646,625.00,9063.00,NA,339.30,0
1777266350671,595.00,9059.00,NA,339.30,0
1777266350717,593.00,9063.00,NA,339.30,0
1777266350742,601.00,9033.00,NA,339.30,0
1777266350767,592.00,9057.00,NA,339.30,0
1777266350813,561.00,9006.00,NA,339.30,0
1777266350838,593.00,9060.00,NA,339.30,0
1777266350890,622.00,9003.00,NA,339.30,0
1777266350915,596.00,9000.00,NA,339.30,0
1777266350939,608.00,9057.00,NA,339.30,0
1777266350964,578.00,9060.00,NA,339.30,0
1777266351009,606.00,9057.00,NA,339.30,0
1777266351034,584.00,9057.00,NA,339.30,0
1777266351081,606.00,9015.00,NA,339.30,0
1777266351104,605.00,9060.00,NA,339.30,0
1777266351129,580.00,9060.00,NA,339.30,0
1777266351174,618.00,9063.00,NA,339.30,0
1777266351198,584.00,9063.00,NA,339.30,0
1777266351244,585.00,9063.00,NA,339.30,0
1777266351269,599.00,9060.00,NA,339.30,0
1777266351314,580.00,9057.00,NA,339.30,0
1777266351339,582.00,9057.00,NA,339.30,0
1777266351363,610.00,9059.00,NA,339.30,0
1777266351411,588.00,9060.00,NA,339.30,0
1777266351437,599.00,9057.00,NA,339.30,0
1777266351463,600.00,9060.00,NA,339.30,0
1777266351510,617.00,9044.00,NA,339.30,0
1777266351536,598.00,9003.00,NA,339.30,0
1777266351562,591.00,9063.00,NA,339.30,0
1777266351608,579.00,9000.00,NA,339.30,0
1777266351634,604.00,9057.00,NA,339.30,0
1777266351660,612.00,9057.00,NA,339.30,0
1777266351708,613.00,9060.00,NA,339.30,0
1777266351732,589.00,9057.00,NA,339.30,0
1777266351757,621.00,9057.00,NA,339.30,0
1777266351805,595.00,9063.00,NA,339.30,0
1777266351832,607.00,9063.00,NA,339.30,0
1777266351858,584.00,9060.00,NA,339.30,0
1777266351905,583.00,9063.00,NA,339.30,0
1777266351933,590.00,9059.00,NA,339.30,0
1777266351960,607.00,9057.00,NA,339.30,0
1777266352007,605.00,9021.00,NA,339.30,0
1777266352034,572.00,9000.00,NA,339.30,0
1777266352061,596.00,9057.00,NA,339.30,0
1777266352108,610.00,9012.00,NA,339.30,0
1777266352134,598.00,9063.00,NA,339.30,0
1777266352160,602.00,9063.00,NA,339.30,0
1777266352207,575.00,9000.00,NA,339.30,0
1777266352233,617.00,9060.00,NA,339.30,0
1777266352260,601.00,9063.00,NA,339.30,0
1777266352307,583.00,9057.00,NA,339.30,0
1777266352334,609.00,9059.00,NA,339.30,0
1777266352359,610.00,9041.00,NA,339.30,0
1777266352407,610.00,9045.00,NA,339.30,0
1777266352433,591.00,9006.00,NA,339.30,0
1777266352460,584.00,9063.00,NA,339.30,0
1777266352484,611.00,9060.00,NA,339.30,0
1777266352531,599.00,9062.00,NA,339.30,0
1777266352556,610.00,9057.00,NA,339.30,0
1777266352604,580.00,9000.00,NA,339.30,0
1777266352631,593.00,9057.00,NA,339.30,0
1777266352657,575.00,9057.00,NA,339.30,0
1777266352704,617.00,9012.00,NA,339.30,0
1777266352730,606.00,9063.00,NA,339.30,0
1777266352755,575.00,9060.00,NA,339.30,0
1777266352802,586.00,9060.00,NA,339.30,0
1777266352828,599.00,9062.00,NA,339.30,0
1777266352853,570.00,9062.00,NA,339.30,0
1777266352900,596.00,9061.00,NA,339.30,0
1777266352926,613.00,9057.00,NA,339.30,0
1777266352951,575.00,9060.00,NA,339.30,0
1777266352997,583.00,9057.00,NA,339.30,0
1777266353023,597.00,9060.00,NA,339.30,0
1777266353048,602.00,9060.00,NA,339.30,0
1777266353094,625.00,9060.00,NA,339.30,0
1777266353119,615.00,9037.00,NA,339.30,0
1777266353166,589.00,9001.00,NA,339.30,0
1777266353192,597.00,9000.00,NA,339.30,0
1777266353216,596.00,9063.00,NA,339.30,0
1777266353284,594.00,9003.00,NA,339.30,0
1777266353311,579.00,9000.00,NA,339.30,0
1777266353338,575.00,9000.00,NA,339.30,0
1777266353364,585.00,9012.00,NA,339.30,0
1777266353390,603.00,9063.00,NA,339.30,0
1777266353416,621.00,9060.00,NA,339.30,0
1777266353463,620.00,9003.00,NA,339.30,0
1777266353489,582.00,9063.00,NA,339.30,0
1777266353515,587.00,9060.00,NA,339.30,0
1777266353563,613.00,9000.00,NA,339.30,0
1777266353589,595.00,9060.00,NA,339.30,0
1777266353615,607.00,9057.00,NA,339.30,0
1777266353662,593.00,9012.00,NA,339.30,0
1777266353688,608.00,9063.00,NA,339.30,0
1777266353714,632.00,9060.00,NA,339.30,0
1777266353760,596.00,9063.00,NA,339.30,0
1777266353785,603.00,9063.00,NA,339.30,0
1777266353811,607.00,9060.00,NA,339.30,0
1777266353858,607.00,9058.00,NA,339.30,0
1777266353884,565.00,9060.00,NA,339.30,0
1777266353912,599.00,9059.00,NA,339.30,0
1777266353959,573.00,9057.00,NA,339.30,0
1777266353987,597.00,9063.00,NA,339.30,0
1777266354015,597.00,9061.00,NA,339.30,0
1777266354068,591.00,9003.00,NA,339.30,0
1777266354095,615.00,9003.00,NA,339.30,0
1777266354122,577.00,9063.00,NA,339.30,0
1777266354148,612.00,9060.00,NA,339.30,0
1777266354175,604.00,9060.00,NA,339.30,0
1777266354222,594.00,9060.00,NA,339.30,0
1777266354256,608.00,9009.00,NA,339.30,0
1777266354282,610.00,9063.00,NA,339.30,0
1777266354308,595.00,9060.00,NA,339.30,0
1777266354356,622.00,9000.00,NA,339.30,0
1777266354383,639.00,9060.00,NA,339.30,0
1777266354408,595.00,9060.00,NA,339.30,0
1777266354455,576.00,9039.00,NA,339.30,0
1777266354482,593.00,9000.00,NA,339.30,0
1777266354509,599.00,9057.00,NA,339.30,0
1777266354557,604.00,9000.00,NA,339.30,0
1777266354584,570.00,9000.00,NA,339.30,0
1777266354611,613.00,9057.00,NA,339.30,0
1777266354637,610.00,9060.00,NA,339.30,0
1777266354683,600.00,9057.00,NA,339.30,0
1777266354710,600.00,9063.00,NA,339.30,0
1777266354736,624.00,9060.00,NA,339.30,0
1777266354782,600.00,9063.00,NA,339.30,0
1777266354808,620.00,9060.00,NA,339.30,0
1777266354855,601.00,9000.00,NA,339.30,0
1777266354881,624.00,9000.00,NA,339.30,0
1777266354907,570.00,9057.00,NA,339.30,0
1777266354953,590.00,9015.00,NA,339.30,0
1777266354978,620.00,9060.00,NA,339.30,0
1777266355004,590.00,9060.00,NA,339.30,0
1777266355051,603.00,9062.00,NA,339.30,0
1777266355078,612.00,9057.00,NA,339.30,0
1777266355102,609.00,9055.00,NA,339.30,0
1777266355148,588.00,9003.00,NA,339.30,0
1777266355175,586.00,9060.00,NA,339.30,0
1777266355201,612.00,9057.00,NA,339.30,0
1777266355248,600.00,9000.00,NA,339.30,0
1777266355275,575.00,9057.00,NA,339.30,0
1777266355309,599.00,9060.00,NA,339.30,0
1777266355336,617.00,9063.00,NA,339.30,0
1777266355385,618.00,9062.00,NA,339.30,0
1777266355410,615.00,9063.00,NA,339.30,0
1777266355436,575.00,9060.00,NA,339.30,0
1777266355485,594.00,9003.00,NA,339.30,0
1777266355510,586.00,9000.00,NA,339.30,0
1777266355535,629.00,9057.00,NA,339.30,0
1777266355583,598.00,9015.00,NA,339.30,0
1777266355609,591.00,9003.00,NA,339.30,0
1777266355635,605.00,9057.00,NA,339.30,0
1777266355683,595.00,9057.00,NA,339.30,0
1777266355711,576.00,9057.00,NA,339.30,0
1777266355738,602.00,9063.00,NA,339.30,0
1777266355763,591.00,9063.00,NA,339.30,0
1777266355810,604.00,9060.00,NA,339.30,0
1777266355836,606.00,9060.00,NA,339.30,0
1777266355862,609.00,9060.00,NA,339.30,0
1777266355909,602.00,9063.00,NA,339.30,0
1777266355937,595.00,9063.00,NA,339.30,0
1777266355963,597.00,9060.00,NA,339.30,0
1777266356010,604.00,9063.00,NA,339.30,0
1777266356037,585.00,9062.00,NA,339.30,0
1777266356063,611.00,9057.00,NA,339.30,0
1777266356111,597.00,9010.00,NA,339.30,0
1777266356141,608.00,9000.00,NA,339.30,0
1777266356167,591.00,9057.00,NA,339.30,0
1777266356195,578.00,9057.00,NA,339.30,0
1777266356244,601.00,9060.00,NA,339.30,0
1777266356272,599.00,9062.00,NA,339.30,0
1777266356297,601.00,9060.00,NA,339.30,0
1777266356345,621.00,9043.00,NA,339.30,0
1777266356371,599.00,9000.00,NA,339.30,0
1777266356397,584.00,9057.00,NA,339.30,0
1777266356423,610.00,9060.00,NA,339.30,0
1777266356472,599.00,9003.00,NA,339.30,0
1777266356497,576.00,9057.00,NA,339.30,0
1777266356523,618.00,9057.00,NA,339.30,0
1777266356571,576.00,9010.00,NA,339.30,0
1777266356599,626.00,9060.00,NA,339.30,0
1777266356624,606.00,9060.00,NA,339.30,0
1777266356671,574.00,9003.00,NA,339.30,0
1777266356697,601.00,9063.00,NA,339.30,0
1777266356723,601.00,9060.00,NA,339.30,0
1777266356771,615.00,8997.00,NA,339.30,0
1777266356797,569.00,9057.00,NA,339.30,0
1777266356822,592.00,9057.00,NA,339.30,0
1777266356870,586.00,9000.00,NA,339.30,0
1777266356897,609.00,9057.00,NA,339.30,0
1777266356923,594.00,9060.00,NA,339.30,0
1777266356972,613.00,9000.00,NA,339.30,0
1777266356997,615.00,9063.00,NA,339.30,0
1777266357023,565.00,9063.00,NA,339.30,0
1777266357070,585.00,9003.00,NA,339.30,0
1777266357095,592.00,9060.00,NA,339.30,0
1777266357119,606.00,9057.00,NA,339.30,0
1777266357163,614.00,9057.00,NA,339.30,0
1777266357187,619.00,9060.00,NA,339.30,0
1777266357232,587.00,9062.00,NA,339.30,0
1777266357256,602.00,9057.00,NA,339.30,0
1777266357280,616.00,9060.00,NA,339.30,0
1777266357324,606.00,9063.00,NA,339.30,0
1777266357348,573.00,9060.00,NA,339.30,0
1777266357396,596.00,9057.00,NA,339.30,0
1777266357425,590.00,9060.00,NA,339.30,0
1777266357452,603.00,9057.00,NA,339.30,0
1777266357499,593.00,9000.00,NA,339.30,0
1777266357525,594.00,9057.00,NA,339.30,0
1777266357551,601.00,9060.00,NA,339.30,0
1777266357598,578.00,9063.00,NA,339.30,0
1777266357625,601.00,9063.00,NA,339.30,0
1777266357651,606.00,9063.00,NA,339.30,0
1777266357676,569.00,9063.00,NA,339.30,0
1777266357723,612.00,9060.00,NA,339.30,0
1777266357750,586.00,9060.00,NA,339.30,0
1777266357798,610.00,9057.00,NA,339.30,0
1777266357825,591.00,9057.00,NA,339.30,0
1777266357850,609.00,9057.00,NA,339.30,0
1777266357874,603.00,9057.00,NA,339.30,0
1777266357919,594.00,9063.00,NA,339.30,0
1777266357944,604.00,9060.00,NA,339.30,0
1777266357989,615.00,9060.00,NA,339.30,0
1777266358013,603.00,9060.00,NA,339.30,0
1777266358061,616.00,9003.00,NA,339.30,0
1777266358088,591.00,9060.00,NA,339.30,0
1777266358115,602.00,9057.00,NA,339.30,0
1777266358140,585.00,9069.00,NA,339.30,0
1777266358187,613.00,9060.00,NA,339.30,0
1777266358213,595.00,9057.00,NA,339.30,0
1777266358267,570.00,9060.00,NA,339.30,0
1777266358294,602.00,9060.00,NA,339.30,0
1777266358320,607.00,9060.00,NA,339.30,0
1777266358346,609.00,9060.00,NA,339.30,0
1777266358372,600.00,9057.00,NA,339.30,0
1777266358419,603.00,9060.00,NA,339.30,0
1777266358446,563.00,9060.00,NA,339.30,0
1777266358498,603.00,9000.00,NA,339.30,0
1777266358523,583.00,9003.00,NA,339.30,0
1777266358548,597.00,9063.00,NA,339.30,0
1777266358572,607.00,9060.00,NA,339.30,0
1777266358616,587.00,9063.00,NA,339.30,0
1777266358640,611.00,9060.00,NA,339.30,0
1777266358685,596.00,9059.00,NA,339.30,0
1777266358709,583.00,9063.00,NA,339.30,0
1777266358733,630.00,9063.00,NA,339.30,0
1777266358778,592.00,9057.00,NA,339.30,0
1777266358802,612.00,9060.00,NA,339.30,0
1777266358846,628.00,9060.00,NA,339.30,0
1777266358871,612.00,9060.00,NA,339.30,0
1777266358916,611.00,9003.00,NA,339.30,0
1777266358941,606.00,9063.00,NA,339.30,0
1777266358965,610.00,9057.00,NA,339.30,0
1777266359010,614.00,9063.00,NA,339.30,0
1777266359035,609.00,9060.00,NA,339.30,0
1777266359081,630.00,9057.00,NA,339.30,0
1777266359106,603.00,9057.00,NA,339.30,0
1777266359130,577.00,9060.00,NA,339.30,0
1777266359175,595.00,9063.00,NA,339.30,0
1777266359199,595.00,9060.00,NA,339.30,0
1777266359244,553.00,9063.00,NA,339.30,0
1777266359268,601.00,9060.00,NA,339.30,0
1777266359318,616.00,9000.00,NA,339.30,0
1777266359343,596.00,9057.00,NA,339.30,0
1777266359368,572.00,9057.00,NA,339.30,0
1777266359413,603.00,9022.00,NA,339.30,0
1777266359437,619.00,9057.00,NA,339.30,0
1777266359461,608.00,9116.00,NA,339.30,0
1777266359507,614.00,9060.00,NA,339.30,0
1777266359532,580.00,9060.00,NA,339.30,0
1777266359577,590.00,9063.00,NA,339.30,0
1777266359601,591.00,9060.00,NA,339.30,0
1777266359625,596.00,9052.00,NA,339.30,0
1777266359670,567.00,9063.00,NA,339.30,0
1777266359694,593.00,9060.00,NA,339.30,0
1777266359739,595.00,9033.00,NA,339.30,0
1777266359763,595.00,9057.00,NA,339.30,0
1777266359808,606.00,9061.00,NA,339.30,0
1777266359832,584.00,9060.00,NA,339.30,0
1777266359857,566.00,9119.00,NA,339.30,0
1777266359902,602.00,9063.00,NA,339.30,0
1777266359926,596.00,9060.00,NA,339.30,0
1777266359971,584.00,9063.00,NA,339.30,0
1777266359996,588.00,9063.00,NA,339.30,0
1777266360042,608.00,9060.00,NA,339.30,0
1777266360066,597.00,9060.00,NA,339.30,0
1777266360090,601.00,9072.00,NA,339.30,0
1777266360136,600.00,9057.00,NA,339.30,0
1777266360160,578.00,9057.00,NA,339.30,0
1777266360206,582.00,9009.00,NA,339.30,0
1777266360230,596.00,9063.00,NA,339.30,0
1777266360254,585.00,9052.00,NA,339.30,0
1777266360300,620.00,9057.00,NA,339.30,0
1777266360324,627.00,9060.00,NA,339.30,0
1777266360368,620.00,9060.00,NA,339.30,0
1777266360392,595.00,9057.00,NA,339.30,0
1777266360437,609.00,9058.00,NA,339.30,0
1777266360461,583.00,9057.00,NA,339.30,0
1777266360485,618.00,9117.00,NA,339.30,0
1777266360530,575.00,9063.00,NA,339.30,0
1777266360575,604.00,9060.00,NA,339.30,0
1777266360599,608.00,9063.00,NA,339.30,0
1777266360623,609.00,9063.00,NA,339.30,0
1777266360668,612.00,9057.00,NA,339.30,0
1777266360692,596.00,9060.00,NA,339.30,0
1777266360716,592.00,9119.00,NA,339.30,0
1777266360762,635.00,9060.00,NA,339.30,0
1777266360786,605.00,9057.00,NA,339.30,0
1777266360831,592.00,9063.00,NA,339.30,0
1777266360855,630.00,9060.00,NA,339.30,0
1777266360900,620.00,9057.00,NA,339.30,0
1777266360924,591.00,9060.00,NA,339.30,0
1777266360949,615.00,9063.00,NA,339.30,0
1777266360996,614.00,9060.00,NA,339.30,0
1777266361020,604.00,9057.00,NA,339.30,0
1777266361065,579.00,9060.00,NA,339.30,0
1777266361089,577.00,9060.00,NA,339.30,0
1777266361113,625.00,9118.00,NA,339.30,0
1777266361158,594.00,9060.00,NA,339.30,0
1777266361184,603.00,9060.00,NA,339.30,0
1777266361231,631.00,9060.00,NA,339.30,0
1777266361255,614.00,9060.00,NA,339.30,0
1777266361279,579.00,9060.00,NA,339.30,0
1777266361327,612.00,9057.00,NA,339.30,0
1777266361353,612.00,9116.00,NA,339.30,0
1777266361401,636.00,9060.00,NA,339.30,0
1777266361425,596.00,9060.00,NA,339.30,0
1777266361449,603.00,9060.00,NA,339.30,0
1777266361497,614.00,9063.00,NA,339.30,0
1777266361524,599.00,9059.00,NA,339.30,0
1777266361551,574.00,9056.00,NA,339.30,0
1777266361599,605.00,9062.00,NA,339.30,0
1777266361628,594.00,9062.00,NA,339.30,0
1777266361654,593.00,9057.00,NA,339.30,0
1777266361681,605.00,9057.00,NA,339.30,0
1777266361728,596.00,9060.00,NA,339.30,0
1777266361754,611.00,9060.00,NA,339.30,0
1777266361779,607.00,9122.00,NA,339.30,0
1777266361827,622.00,9059.00,NA,339.30,0
1777266361853,613.00,9063.00,NA,339.30,0
1777266361877,588.00,9060.00,NA,339.30,0
1777266361925,618.00,9062.00,NA,339.30,0
1777266361952,595.00,9060.00,NA,339.30,0
1777266361978,603.00,9074.00,NA,339.30,0
1777266362026,568.00,9057.00,NA,339.30,0
1777266362053,597.00,9057.00,NA,339.30,0
1777266362080,604.00,9057.00,NA,339.30,0
1777266362128,596.00,9003.00,NA,339.30,0
1777266362154,590.00,9063.00,NA,339.30,0
1777266362180,614.00,9063.00,NA,339.30,0
1777266362228,607.00,9060.00,NA,339.30,0
1777266362258,600.00,9060.00,NA,339.30,0
1777266362283,603.00,9059.00,NA,339.30,0
1777266362308,594.00,9057.00,NA,339.30,0
1777266362355,626.00,9012.00,NA,339.30,0
1777266362381,582.00,9060.00,NA,339.30,0
1777266362407,580.00,9060.00,NA,339.30,0
1777266362456,588.00,9060.00,NA,339.30,0
1777266362482,593.00,9063.00,NA,339.30,0
1777266362506,626.00,9060.00,NA,339.30,0
1777266362553,605.00,9062.00,NA,339.30,0
1777266362579,614.00,9057.00,NA,339.30,0
1777266362606,606.00,9062.00,NA,339.30,0
1777266362655,585.00,9057.00,NA,339.30,0
1777266362679,602.00,9057.00,NA,339.30,0
1777266362869,620.00,8763.00,NA,339.30,0
1777266362893,607.00,8760.00,NA,339.30,0
1777266362936,637.00,8763.00,NA,339.30,0
1777266362958,578.00,8772.00,NA,339.30,0
1777266363002,589.00,8766.00,NA,339.30,0
1777266363025,607.00,8766.00,NA,339.30,0
1777266363068,575.00,8760.00,NA,339.30,0
1777266363091,626.00,8770.00,NA,339.30,0
1777266363134,594.00,8760.00,NA,339.30,0
1777266363158,592.00,8760.00,NA,339.30,0
1777266363201,612.00,8763.00,NA,339.30,0
1777266363224,575.00,8760.00,NA,339.30,0
1777266363268,617.00,8820.00,NA,339.30,0
1777266363291,601.00,8820.00,NA,339.30,0
1777266363335,586.00,8760.00,NA,339.30,0
1777266363358,629.00,8760.00,NA,339.30,0
1777266363402,592.00,8763.00,NA,339.30,0
1777266363425,586.00,8760.00,NA,339.30,0
1777266363469,591.00,8763.00,NA,339.30,0
1777266363492,599.00,8817.00,NA,339.30,0
1777266363515,596.00,8817.00,NA,339.30,0
1777266363559,617.00,8763.00,NA,339.30,0
1777266363582,610.00,8760.00,NA,339.30,0
1777266363625,599.00,8763.00,NA,339.30,0
1777266363648,613.00,8767.00,NA,339.30,0
1777266363692,595.00,8760.00,NA,339.30,0
1777266363715,582.00,8757.00,NA,339.30,0
1777266363759,614.00,8760.00,NA,339.30,0
1777266363782,579.00,8760.00,NA,339.30,0
1777266363826,585.00,8763.00,NA,339.30,0
1777266363849,608.00,8790.00,NA,339.30,0
1777266363894,601.00,8760.00,NA,339.30,0
1777266363917,603.00,8817.00,NA,339.30,0
1777266363962,589.00,8763.00,NA,339.30,0
1777266363984,591.00,8760.00,NA,339.30,0
1777266364029,599.00,8763.00,NA,339.30,0
1777266364052,585.00,8763.00,NA,339.30,0
1777266364097,596.00,8760.00,NA,339.30,0
1777266364120,601.00,8760.00,NA,339.30,0
1777266364144,620.00,8757.00,NA,339.30,0
1777266364188,586.00,8763.00,NA,339.30,0
1777266364211,611.00,8754.00,NA,339.30,0
1777266364255,569.00,8760.00,NA,339.30,0
1777266364278,589.00,8772.00,NA,339.30,0
1777266364322,609.00,8787.00,NA,339.30,0
1777266364345,607.00,8816.00,NA,339.30,0
1777266364390,574.00,8763.00,NA,339.30,0
1777266364413,596.00,8819.00,NA,339.30,0
1777266364457,605.00,8761.00,NA,339.30,0
1777266364481,603.00,8760.00,NA,339.30,0
1777266364525,593.00,8763.00,NA,339.30,0
1777266364548,611.00,8760.00,NA,339.30,0
1777266364593,604.00,8760.00,NA,339.30,0
1777266364617,596.00,8772.00,NA,339.30,0
1777266364642,612.00,8766.00,NA,339.30,0
1777266364687,601.00,8757.00,NA,339.30,0
1777266364710,589.00,8769.00,NA,339.30,0
1777266364756,617.00,8760.00,NA,339.30,0
1777266364780,586.00,8760.00,NA,339.30,0
1777266364825,584.00,8763.00,NA,339.30,0
1777266364850,567.00,8763.00,NA,339.30,0
1777266364874,577.00,8760.00,NA,339.30,0
1777266364919,624.00,8763.00,NA,339.30,0
1777266364942,593.00,8757.00,NA,339.30,0
1777266364988,615.00,8757.00,NA,339.30,0
1777266365011,591.00,8757.00,NA,339.30,0
1777266365057,584.00,8760.00,NA,339.30,0
1777266365081,586.00,8760.00,NA,339.30,0
1777266365126,611.00,8763.00,NA,339.30,0
1777266365151,578.00,8763.00,NA,339.30,0
1777266365175,587.00,8761.00,NA,339.30,0
1777266365220,608.00,8760.00,NA,339.30,0
1777266365244,605.00,8772.00,NA,339.30,0
1777266365289,604.00,8761.00,NA,339.30,0
1777266365313,606.00,8757.00,NA,339.30,0
1777266365357,613.00,8757.00,NA,339.30,0
1777266365379,600.00,8760.00,NA,339.30,0
1777266365423,603.00,8763.00,NA,339.30,0
1777266365446,613.00,8760.00,NA,339.30,0
1777266365490,608.00,8703.00,NA,339.30,0
1777266365513,589.00,8760.00,NA,339.30,0
1777266365558,605.00,8757.00,NA,339.30,0
1777266365582,583.00,8757.00,NA,339.30,0
1777266365606,605.00,8760.00,NA,339.30,0
1777266365651,593.00,8760.00,NA,339.30,0
1777266365674,595.00,8760.00,NA,339.30,0
1777266365720,597.00,8710.00,NA,339.30,0
1777266365743,612.00,8757.00,NA,339.30,0
1777266365788,607.00,8762.00,NA,339.30,0
1777266365812,593.00,8757.00,NA,339.30,0
1777266365857,608.00,8762.00,NA,339.30,0
1777266365880,614.00,8760.00,NA,339.30,0
1777266365903,614.00,8776.00,NA,339.30,0
1777266365948,600.00,8757.00,NA,339.30,0
1777266365972,603.00,8760.00,NA,339.30,0
1777266366016,604.00,8760.00,NA,339.30,0
1777266366040,610.00,8760.00,NA,339.30,0
1777266366085,561.00,8763.00,NA,339.30,0
1777266366108,611.00,8763.00,NA,339.30,0
1777266366153,602.00,8760.00,NA,339.30,0
1777266366177,590.00,8760.00,NA,339.30,0
1777266366200,596.00,8763.00,NA,339.30,0
1777266366245,590.00,8759.00,NA,339.30,0
1777266366269,588.00,8760.00,NA,339.30,0
1777266366313,590.00,8760.00,NA,339.30,0
1777266366337,596.00,8760.00,NA,339.30,0
1777266366381,622.00,8763.00,NA,339.30,0
1777266366404,609.00,8799.00,NA,339.30,0
1777266366452,621.00,8756.00,NA,339.30,0
1777266366476,601.00,8760.00,NA,339.30,0
1777266366499,584.00,8812.00,NA,339.30,0
1777266366544,598.00,8771.00,NA,339.30,0
1777266366568,574.00,8763.00,NA,339.30,0
1777266366613,598.00,8757.00,NA,339.30,0
1777266366637,618.00,8760.00,NA,339.30,0
1777266366682,605.00,8762.00,NA,339.30,0
1777266366706,587.00,8760.00,NA,339.30,0
1777266366730,621.00,8819.00,NA,339.30,0
1777266366775,593.00,8760.00,NA,339.30,0
1777266366798,586.00,8763.00,NA,339.30,0
1777266366843,569.00,8757.00,NA,339.30,0
1777266366867,576.00,8760.00,NA,339.30,0
1777266366912,620.00,8757.00,NA,339.30,0
1777266366935,602.00,8760.00,NA,339.30,0
1777266366980,588.00,8763.00,NA,339.30,0
1777266367003,601.00,8760.00,NA,339.30,0
1777266367027,599.00,8819.00,NA,339.30,0
1777266367073,604.00,8760.00,NA,339.30,0
1777266367097,581.00,8760.00,NA,339.30,0
1777266367141,606.00,8760.00,NA,339.30,0
1777266367165,604.00,8760.00,NA,339.30,0
1777266367209,618.00,8757.00,NA,339.30,0
1777266367233,601.00,8760.00,NA,339.30,0
1777266367279,634.00,8760.00,NA,339.30,0
1777266367303,604.00,8760.00,NA,339.30,0
1777266367327,612.00,8760.00,NA,339.30,0
1777266367371,613.00,8763.00,NA,339.30,0
1777266367396,599.00,8753.00,NA,339.30,0
1777266367441,634.00,8763.00,NA,339.30,0
1777266367464,620.00,8760.00,NA,339.30,0
1777266367488,613.00,8760.00,NA,339.30,0
1777266367532,609.00,8758.00,NA,339.30,0
1777266367556,613.00,8817.00,NA,339.30,0
1777266367601,606.00,8760.00,NA,339.30,0
1777266367624,595.00,8760.00,NA,339.30,0
1777266367669,619.00,8760.00,NA,339.30,0
1777266367695,604.00,8803.00,NA,339.30,0
1777266367741,573.00,8866.00,NA,339.30,0
1777266367765,585.00,8923.00,NA,339.30,0
1777266367789,607.00,8986.00,NA,339.30,0
1777266367833,577.00,9046.00,NA,339.30,0
1777266367857,594.00,9060.00,NA,339.30,0
1777266367902,615.00,9002.00,NA,339.30,0
1777266367927,618.00,9057.00,NA,339.30,0
1777266367971,600.00,9003.00,NA,339.30,0
1777266367995,598.00,9057.00,NA,339.30,0
1777266368042,598.00,9000.00,NA,339.30,0
1777266368066,603.00,9057.00,NA,339.30,0
1777266368090,600.00,9063.00,NA,339.30,0
1777266368134,592.00,9063.00,NA,339.30,0
1777266368158,593.00,9063.00,NA,339.30,0
1777266368203,608.00,9057.00,NA,339.30,0
1777266368228,593.00,9057.00,NA,339.30,0
1777266368253,605.00,9057.00,NA,339.30,0
1777266368298,618.00,9012.00,NA,339.30,0
1777266368323,590.00,9060.00,NA,339.30,0
1777266368369,628.00,9000.00,NA,339.30,0
1777266368392,588.00,9060.00,NA,339.30,0
1777266368416,599.00,9063.00,NA,339.30,0
1777266368461,604.00,9057.00,NA,339.30,0
1777266368486,612.00,9060.00,NA,339.30,0
1777266368531,580.00,9000.00,NA,339.30,0
1777266368555,576.00,9057.00,NA,339.30,0
1777266368600,592.00,9003.00,NA,339.30,0
1777266368624,631.00,9057.00,NA,339.30,0
1777266368669,602.00,9006.00,NA,339.30,0
1777266368694,612.00,9060.00,NA,339.30,0
1777266368718,618.00,9056.00,NA,339.30,0
1777266368763,615.00,9019.00,NA,339.30,0
1777266368787,584.00,9003.00,NA,339.30,0
1777266368832,603.00,9000.00,NA,339.30,0
1777266368856,602.00,9009.00,NA,339.30,0
1777266368901,607.00,9006.00,NA,339.30,0
1777266368925,595.00,9003.00,NA,339.30,0
1777266368950,592.00,9057.00,NA,339.30,0
1777266368995,607.00,9003.00,NA,339.30,0
1777266369019,582.00,9060.00,NA,339.30,0
1777266369063,619.00,9000.00,NA,339.30,0
1777266369088,596.00,9060.00,NA,339.30,0
1777266369112,607.00,9060.00,NA,339.30,0
1777266369157,600.00,9003.00,NA,339.30,0
1777266369183,575.00,9057.00,NA,339.30,0
1777266369228,600.00,9003.00,NA,339.30,0
1777266369253,615.00,9057.00,NA,339.30,0
1777266369277,580.00,9057.00,NA,339.30,0
1777266369325,603.00,9060.00,NA,339.30,0
1777266369349,617.00,9062.00,NA,339.30,0
1777266369398,607.00,9003.00,NA,339.30,0
1777266369423,595.00,9003.00,NA,339.30,0
1777266369447,605.00,9063.00,NA,339.30,0
1777266369492,617.00,9000.00,NA,339.30,0
1777266369516,617.00,9057.00,NA,339.30,0
1777266369562,597.00,9012.00,NA,339.30,0
1777266369588,626.00,9060.00,NA,339.30,0
1777266369613,611.00,9063.00,NA,339.30,0
1777266369661,608.00,9012.00,NA,339.30,0
1777266369685,572.00,9063.00,NA,339.30,0
1777266369710,595.00,9060.00,NA,339.30,0
1777266369756,595.00,9063.00,NA,339.30,0
1777266369780,609.00,9059.00,NA,339.30,0
1777266369826,612.00,9058.00,NA,339.30,0
1777266369850,605.00,9057.00,NA,339.30,0
1777266369875,581.00,9059.00,NA,339.30,0
1777266369919,630.00,9058.00,NA,339.30,0
1777266369943,615.00,9063.00,NA,339.30,0
1777266369989,599.00,9062.00,NA,339.30,0
1777266370014,593.00,9059.00,NA,339.30,0
1777266370038,633.00,9063.00,NA,339.30,0
1777266370084,571.00,9062.00,NA,339.30,0
1777266370111,622.00,9060.00,NA,339.30,0
1777266370156,593.00,9000.00,NA,339.30,0
1777266370180,595.00,9000.00,NA,339.30,0
1777266370206,600.00,9057.00,NA,339.30,0
1777266370254,607.00,9012.00,NA,339.30,0
1777266370278,609.00,9063.00,NA,339.30,0
1777266370302,587.00,9060.00,NA,339.30,0
1777266370347,604.00,9063.00,NA,339.30,0
1777266370371,597.00,9060.00,NA,339.30,0
1777266370418,609.00,9057.00,NA,339.30,0
1777266370443,606.00,9060.00,NA,339.30,0
1777266370627,580.00,8763.00,NA,339.30,0
1777266370649,628.00,8823.00,NA,339.30,0
1777266370692,593.00,8763.00,NA,339.30,0
1777266370714,602.00,8817.00,NA,339.30,0
1777266370757,592.00,8763.00,NA,339.30,0
1777266370779,626.00,8817.00,NA,339.30,0
1777266370821,594.00,8760.00,NA,339.30,0
1777266370843,604.00,8817.00,NA,339.30,0
1777266370886,593.00,8763.00,NA,339.30,0
1777266370929,601.00,8760.00,NA,339.30,0
1777266370951,600.00,8763.00,NA,339.30,0
1777266370993,585.00,8763.00,NA,339.30,0
1777266371015,594.00,8820.00,NA,339.30,0
1777266371059,617.00,8763.00,NA,339.30,0
1777266371080,588.00,8817.00,NA,339.30,0
1777266371123,601.00,8772.00,NA,339.30,0
1777266371145,587.00,8820.00,NA,339.30,0
1777266371188,588.00,8760.00,NA,339.30,0
1777266371210,610.00,8769.00,NA,339.30,0
1777266371253,595.00,8763.00,NA,339.30,0
1777266371275,614.00,8760.00,NA,339.30,0
1777266371318,603.00,8760.00,NA,339.30,0
1777266371341,601.00,8760.00,NA,339.30,0
1777266371383,590.00,8762.00,NA,339.30,0
1777266371405,613.00,8817.00,NA,339.30,0
1777266371448,596.00,8823.00,NA,339.30,0
1777266371470,605.00,8817.00,NA,339.30,0
1777266371513,599.00,8769.00,NA,339.30,0
1777266371556,624.00,8763.00,NA,339.30,0
1777266371578,594.00,8763.00,NA,339.30,0
1777266371621,598.00,8763.00,NA,339.30,0
1777266371643,589.00,8760.00,NA,339.30,0
1777266371686,613.00,8760.00,NA,339.30,0
1777266371709,591.00,8771.00,NA,339.30,0
1777266371752,574.00,8760.00,NA,339.30,0
1777266371774,571.00,8817.00,NA,339.30,0
1777266371819,600.00,8772.00,NA,339.30,0
1777266371841,600.00,8820.00,NA,339.30,0
1777266371884,608.00,8766.00,NA,339.30,0
1777266371910,570.00,8820.00,NA,339.30,0
1777266371953,601.00,8761.00,NA,339.30,0
1777266371975,599.00,8817.00,NA,339.30,0
1777266372018,628.00,8763.00,NA,339.30,0
1777266372040,615.00,8769.00,NA,339.30,0
1777266372083,593.00,8766.00,NA,339.30,0
1777266372106,587.00,8760.00,NA,339.30,0
1777266372149,605.00,8760.00,NA,339.30,0
1777266372172,603.00,8760.00,NA,339.30,0
1777266372215,603.00,8763.00,NA,339.30,0
1777266372237,591.00,8760.00,NA,339.30,0
1777266372280,610.00,8819.00,NA,339.30,0
1777266372303,604.00,8822.00,NA,339.30,0
1777266372347,575.00,8762.00,NA,339.30,0
1777266372369,569.00,8817.00,NA,339.30,0
1777266372412,602.00,8766.00,NA,339.30,0
1777266372435,609.00,8817.00,NA,339.30,0
1777266372478,598.00,8763.00,NA,339.30,0
1777266372501,614.00,8772.00,NA,339.30,0
1777266372545,579.00,8763.00,NA,339.30,0
1777266372567,604.00,8763.00,NA,339.30,0
1777266372611,604.00,8760.00,NA,339.30,0
1777266372633,575.00,8760.00,NA,339.30,0
1777266372678,611.00,8763.00,NA,339.30,0
1777266372701,608.00,8760.00,NA,339.30,0
1777266372745,615.00,8763.00,NA,339.30,0
1777266372768,623.00,8812.00,NA,339.30,0
1777266372811,591.00,8763.00,NA,339.30,0
1777266372834,592.00,8817.00,NA,339.30,0
1777266372877,608.00,8763.00,NA,339.30,0
1777266372900,594.00,8818.00,NA,339.30,0
1777266372946,595.00,8763.00,NA,339.30,0
1777266372970,602.00,8817.00,NA,339.30,0
1777266372994,599.00,8820.00,NA,339.30,0
1777266373040,608.00,8820.00,NA,339.30,0
1777266373065,602.00,8820.00,NA,339.30,0
1777266373110,580.00,8763.00,NA,339.30,0
1777266373133,607.00,8820.00,NA,339.30,0
1777266373177,588.00,8761.00,NA,339.30,0
1777266373200,586.00,8823.00,NA,339.30,0
1777266373245,587.00,8760.00,NA,339.30,0
1777266373270,586.00,8757.00,NA,339.30,0
1777266373295,598.00,8817.00,NA,339.30,0
1777266373340,584.00,8763.00,NA,339.30,0
1777266373364,603.00,8817.00,NA,339.30,0
1777266373411,598.00,8760.00,NA,339.30,0
1777266373435,624.00,8769.00,NA,339.30,0
1777266373460,592.00,8823.00,NA,339.30,0
1777266373505,587.00,8766.00,NA,339.30,0
1777266373528,598.00,8820.00,NA,339.30,0
1777266373573,598.00,8760.00,NA,339.30,0
1777266373597,625.00,8817.00,NA,339.30,0
1777266373641,626.00,8763.00,NA,339.30,0
1777266373665,605.00,8817.00,NA,339.30,0
1777266373689,593.00,8817.00,NA,339.30,0
1777266373733,621.00,8766.00,NA,339.30,0
1777266373756,600.00,8811.00,NA,339.30,0
1777266373801,611.00,8763.00,NA,339.30,0
1777266373825,598.00,8823.00,NA,339.30,0
1777266373869,598.00,8760.00,NA,339.30,0
1777266373893,587.00,8817.00,NA,339.30,0
1777266373937,609.00,8763.00,NA,339.30,0
1777266373961,579.00,8760.00,NA,339.30,0
1777266374007,604.00,8760.00,NA,339.30,0
1777266374031,619.00,8772.00,NA,339.30,0
1777266374056,616.00,8820.00,NA,339.30,0
1777266374102,588.00,8766.00,NA,339.30,0
1777266374127,585.00,8763.00,NA,339.30,0
1777266374151,583.00,8820.00,NA,339.30,0
1777266374198,605.00,8760.00,NA,339.30,0
1777266374224,601.00,8820.00,NA,339.30,0
1777266374271,579.00,8763.00,NA,339.30,0
1777266374295,589.00,8769.00,NA,339.30,0
1777266374319,589.00,8820.00,NA,339.30,0
1777266374363,596.00,8763.00,NA,339.30,0
1777266374388,611.00,8815.00,NA,339.30,0
1777266374436,610.00,8760.00,NA,339.30,0
1777266374461,617.00,8763.00,NA,339.30,0
1777266374486,598.00,8823.00,NA,339.30,0
1777266374533,614.00,8761.00,NA,339.30,0
1777266374559,624.00,8817.00,NA,339.30,0
1777266374583,618.00,8820.00,NA,339.30,0
1777266374628,622.00,8760.00,NA,339.30,0
1777266374654,599.00,8817.00,NA,339.30,0
1777266374678,601.00,8817.00,NA,339.30,0
1777266374724,630.00,8775.00,NA,339.30,0
1777266374748,604.00,8823.00,NA,339.30,0
1777266374794,629.00,8773.00,NA,339.30,0
1777266374819,596.00,8820.00,NA,339.30,0
1777266374844,610.00,8823.00,NA,339.30,0
1777266374890,599.00,8760.00,NA,339.30,0
1777266374914,591.00,8820.00,NA,339.30,0
1777266374961,579.00,8763.00,NA,339.30,0
1777266374986,611.00,8817.00,NA,339.30,0
1777266375011,617.00,8822.00,NA,339.30,0
1777266375057,587.00,8760.00,NA,339.30,0
1777266375082,590.00,8820.00,NA,339.30,0
1777266375128,600.00,8762.00,NA,339.30,0
1777266375153,607.00,8820.00,NA,339.30,0
1777266375178,612.00,8823.00,NA,339.30,0
1777266375224,622.00,8757.00,NA,339.30,0
1777266375249,606.00,8817.00,NA,339.30,0
1777266375294,603.00,8763.00,NA,339.30,0
1777266375319,611.00,8763.00,NA,339.30,0
1777266375343,588.00,8817.00,NA,339.30,0
1777266375389,595.00,8775.00,NA,339.30,0
1777266375414,559.00,8820.00,NA,339.30,0
1777266375439,612.00,8818.00,NA,339.30,0
1777266375484,585.00,8877.00,NA,339.30,0
1777266375509,586.00,8934.00,NA,339.30,0
1777266375554,595.00,8997.00,NA,339.30,0
1777266375579,599.00,9054.00,NA,339.30,0
1777266375605,600.00,9114.00,NA,339.30,0
1777266375651,593.00,9060.00,NA,339.30,0
1777266375676,588.00,9060.00,NA,339.30,0
1777266375723,611.00,9003.00,NA,339.30,0
1777266375749,567.00,9057.00,NA,339.30,0
1777266375773,608.00,9063.00,NA,339.30,0
1777266375819,606.00,9060.00,NA,339.30,0
1777266375844,585.00,9060.00,NA,339.30,0
1777266375869,596.00,9057.00,NA,339.30,0
1777266375916,608.00,9061.00,NA,339.30,0
1777266375942,605.00,9057.00,NA,339.30,0
1777266375968,617.00,9060.00,NA,339.30,0
1777266376014,598.00,9063.00,NA,339.30,0
1777266376039,585.00,9063.00,NA,339.30,0
1777266376086,591.00,9057.00,NA,339.30,0
1777266376113,594.00,9060.00,NA,339.30,0
1777266376138,587.00,9063.00,NA,339.30,0
1777266376184,605.00,9057.00,NA,339.30,0
1777266376210,608.00,9060.00,NA,339.30,0
1777266376235,624.00,9057.00,NA,339.30,0
1777266376281,609.00,9062.00,NA,339.30,0
1777266376307,590.00,9060.00,NA,339.30,0
1777266376332,603.00,9060.00,NA,339.30,0
1777266376377,607.00,9063.00,NA,339.30,0
1777266376402,591.00,9063.00,NA,339.30,0
1777266376449,616.00,9057.00,NA,339.30,0
1777266376474,621.00,9057.00,NA,339.30,0
1777266376498,592.00,9063.00,NA,339.30,0
1777266376546,594.00,9060.00,NA,339.30,0
1777266376572,602.00,9057.00,NA,339.30,0
1777266376598,597.00,9060.00,NA,339.30,0
1777266376644,605.00,9063.00,NA,339.30,0
1777266376669,605.00,9063.00,NA,339.30,0
1777266376694,614.00,9053.00,NA,339.30,0
1777266376748,585.00,9060.00,NA,339.30,0
1777266376773,600.00,9063.00,NA,339.30,0
1777266376797,573.00,9063.00,NA,339.30,0
1777266376844,602.00,9060.00,NA,339.30,0
1777266376871,594.00,9057.00,NA,339.30,0
1777266376896,601.00,9060.00,NA,339.30,0
1777266376943,638.00,9060.00,NA,339.30,0
1777266376969,611.00,9063.00,NA,339.30,0
1777266376995,607.00,9060.00,NA,339.30,0
1777266377043,576.00,9063.00,NA,339.30,0
1777266377069,596.00,9057.00,NA,339.30,0
1777266377095,596.00,9060.00,NA,339.30,0
1777266377141,618.00,9060.00,NA,339.30,0
1777266377167,613.00,9063.00,NA,339.30,0
1777266377192,608.00,9063.00,NA,339.30,0
1777266377238,597.00,9060.00,NA,339.30,0
1777266377265,618.00,9060.00,NA,339.30,0
1777266377290,592.00,9060.00,NA,339.30,0
1777266377336,599.00,9061.00,NA,339.30,0
1777266377362,587.00,9060.00,NA,339.30,0
1777266377385,599.00,9060.00,NA,339.30,0
1777266377431,604.00,9063.00,NA,339.30,0
1777266377455,578.00,9060.00,NA,339.30,0
1777266377500,613.00,9057.00,NA,339.30,0
1777266377525,617.00,9060.00,NA,339.30,0
1777266377571,592.00,9061.00,NA,339.30,0
1777266377594,599.00,9060.00,NA,339.30,0
1777266377618,608.00,9060.00,NA,339.30,0
1777266377665,579.00,9060.00,NA,339.30,0
1777266377691,595.00,9063.00,NA,339.30,0
1777266377739,564.00,9059.00,NA,339.30,0
1777266377767,588.00,9057.00,NA,339.30,0
1777266377796,626.00,9057.00,NA,339.30,0
1777266377823,612.00,9060.00,NA,339.30,0
1777266377871,613.00,9060.00,NA,339.30,0
1777266377896,602.00,9060.00,NA,339.30,0
1777266377920,607.00,9060.00,NA,339.30,0
1777266377966,583.00,9060.00,NA,339.30,0
1777266377990,590.00,9060.00,NA,339.30,0
1777266378035,588.00,9060.00,NA,339.30,0
1777266378060,590.00,9063.00,NA,339.30,0
1777266378084,577.00,9060.00,NA,339.30,0
1777266378129,616.00,9057.00,NA,339.30,0
1777266378153,591.00,9069.00,NA,339.30,0
1777266378199,590.00,9059.00,NA,339.30,0
1777266378225,585.00,9063.00,NA,339.30,0
1777266378249,611.00,9116.00,NA,339.30,0
1777266378294,597.00,9063.00,NA,339.30,0
1777266378317,606.00,9056.00,NA,339.30,0
1777266378362,601.00,9060.00,NA,339.30,0
1777266378386,612.00,9057.00,NA,339.30,0
1777266378434,599.00,9062.00,NA,339.30,0
1777266378458,604.00,9057.00,NA,339.30,0
1777266378483,606.00,9060.00,NA,339.30,0
1777266378528,600.00,9060.00,NA,339.30,0
1777266378552,588.00,9060.00,NA,339.30,0
1777266378598,581.00,9062.00,NA,339.30,0
1777266378622,602.00,9060.00,NA,339.30,0
1777266378646,604.00,9060.00,NA,339.30,0
1777266378691,612.00,9062.00,NA,339.30,0
1777266378715,604.00,9057.00,NA,339.30,0
1777266378760,575.00,9059.00,NA,339.30,0
1777266378784,605.00,9057.00,NA,339.30,0
1777266378830,622.00,9000.00,NA,339.30,0
1777266378855,600.00,9060.00,NA,339.30,0
1777266378879,607.00,9060.00,NA,339.30,0
1777266378924,570.00,9063.00,NA,339.30,0
1777266378948,594.00,9054.00,NA,339.30,0
1777266378993,618.00,9060.00,NA,339.30,0
1777266379018,597.00,9060.00,NA,339.30,0
1777266379043,590.00,9054.00,NA,339.30,0
1777266379088,614.00,9058.00,NA,339.30,0
1777266379112,580.00,9060.00,NA,339.30,0
1777266379157,588.00,9009.00,NA,339.30,0
1777266379181,583.00,9060.00,NA,339.30,0
1777266379227,588.00,9060.00,NA,339.30,0
1777266379251,601.00,9057.00,NA,339.30,0
1777266379275,594.00,9060.00,NA,339.30,0
1777266379321,642.00,9060.00,NA,339.30,0
1777266379345,580.00,9057.00,NA,339.30,0
1777266379389,603.00,9064.00,NA,339.30,0
1777266379413,610.00,9057.00,NA,339.30,0
1777266379459,578.00,9057.00,NA,339.30,0
1777266379484,597.00,9057.00,NA,339.30,0
1777266379508,607.00,9060.00,NA,339.30,0
1777266379553,610.00,9063.00,NA,339.30,0
1777266379577,603.00,9054.00,NA,339.30,0
1777266379621,608.00,9060.00,NA,339.30,0
1777266379645,606.00,9063.00,NA,339.30,0
1777266379691,606.00,9003.00,NA,339.30,0
1777266379715,582.00,9060.00,NA,339.30,0
1777266379739,610.00,9057.00,NA,339.30,0
1777266379784,632.00,9060.00,NA,339.30,0
1777266379808,589.00,9060.00,NA,339.30,0
1777266379853,607.00,9011.00,NA,339.30,0
1777266379877,630.00,9060.00,NA,339.30,0
1777266379921,595.00,9003.00,NA,339.30,0
1777266379945,615.00,9060.00,NA,339.30,0
1777266379969,594.00,9060.00,NA,339.30,0
1777266380014,601.00,9038.00,NA,339.30,0
1777266380039,593.00,9057.00,NA,339.30,0
1777266380085,601.00,9057.00,NA,339.30,0
1777266380109,606.00,9060.00,NA,339.30,0
1777266380154,614.00,9062.00,NA,339.30,0
1777266380177,615.00,9060.00,NA,339.30,0
1777266380201,608.00,9063.00,NA,339.30,0
1777266380246,605.00,9060.00,NA,339.30,0
1777266380270,596.00,9060.00,NA,339.30,0
1777266380315,614.00,9060.00,NA,339.30,0
1777266380339,584.00,9063.00,NA,339.30,0
1777266380384,616.00,9057.00,NA,339.30,0
1777266380408,605.00,9060.00,NA,339.30,0
1777266380432,602.00,9072.00,NA,339.30,0
1777266380477,641.00,9060.00,NA,339.30,0
1777266380501,618.00,9060.00,NA,339.30,0
1777266380547,593.00,9063.00,NA,339.30,0
1777266380571,586.00,9063.00,NA,339.30,0
1777266380615,602.00,9000.00,NA,339.30,0
1777266380639,628.00,9057.00,NA,339.30,0
1777266380663,614.00,9060.00,NA,339.30,0
1777266380709,577.00,9058.00,NA,339.30,0
1777266380735,597.00,9060.00,NA,339.30,0
1777266380780,592.00,9000.00,NA,339.30,0
1777266380804,611.00,9057.00,NA,339.30,0
1777266380828,600.00,9060.00,NA,339.30,0
1777266380873,590.00,9047.00,NA,339.30,0
1777266380896,598.00,9060.00,NA,339.30,0
1777266380943,614.00,9062.00,NA,339.30,0
1777266380968,606.00,9062.00,NA,339.30,0
1777266381012,584.00,9057.00,NA,339.30,0
1777266381036,581.00,9057.00,NA,339.30,0
1777266381081,589.00,9063.00,NA,339.30,0
1777266381105,587.00,9060.00,NA,339.30,0
1777266381129,582.00,9057.00,NA,339.30,0
1777266381176,579.00,9063.00,NA,339.30,0
1777266381200,599.00,9063.00,NA,339.30,0
1777266381245,607.00,9000.00,NA,339.30,0
1777266381271,588.00,9057.00,NA,339.30,0
1777266381295,598.00,9060.00,NA,339.30,0
1777266381340,605.00,9003.00,NA,339.30,0
1777266381365,609.00,9057.00,NA,339.30,0
1777266381410,593.00,9012.00,NA,339.30,0
1777266381434,573.00,9060.00,NA,339.30,0
1777266381458,594.00,9060.00,NA,339.30,0
1777266381503,607.00,9038.00,NA,339.30,0
1777266381527,603.00,9060.00,NA,339.30,0
1777266381571,602.00,9062.00,NA,339.30,0
1777266381595,610.00,9063.00,NA,339.30,0
1777266381640,611.00,9057.00,NA,339.30,0
1777266381664,583.00,9057.00,NA,339.30,0
1777266381689,598.00,9069.00,NA,339.30,0
1777266381734,601.00,9057.00,NA,339.30,0
1777266381758,598.00,9057.00,NA,339.30,0
1777266381802,599.00,9003.00,NA,339.30,0
1777266381826,597.00,9060.00,NA,339.30,0
1777266381871,587.00,9062.00,NA,339.30,0
1777266381895,570.00,9062.00,NA,339.30,0
1777266381940,595.00,9063.00,NA,339.30,0
1777266381964,609.00,9057.00,NA,339.30,0
1777266381996,603.00,9059.00,NA,339.30,0
1777266382020,614.00,9057.00,NA,339.30,0
1777266382065,594.00,9063.00,NA,339.30,0
1777266382090,590.00,9060.00,NA,339.30,0
1777266382135,599.00,9063.00,NA,339.30,0
1777266382159,577.00,9060.00,NA,339.30,0
1777266382203,618.00,9003.00,NA,339.30,0
1777266382227,591.00,9063.00,NA,339.30,0
1777266382251,630.00,9060.00,NA,339.30,0
1777266382296,583.00,9000.00,NA,339.30,0
1777266382320,606.00,9057.00,NA,339.30,0
1777266382365,610.00,9018.00,NA,339.30,0
1777266382389,576.00,9017.00,NA,339.30,0
1777266382436,605.00,9003.00,NA,339.30,0
1777266382460,622.00,9006.00,NA,339.30,0
1777266382485,618.00,9057.00,NA,339.30,0
1777266382531,590.00,9002.00,NA,339.30,0
1777266382555,621.00,9063.00,NA,339.30,0
1777266382600,603.00,9003.00,NA,339.30,0
1777266382626,583.00,9000.00,NA,339.30,0
1777266382650,587.00,9057.00,NA,339.30,0
1777266382696,575.00,9028.00,NA,339.30,0
1777266382720,587.00,9060.00,NA,339.30,0
1777266382744,595.00,9060.00,NA,339.30,0
1777266382789,614.00,9060.00,NA,339.30,0
1777266382814,600.00,9060.00,NA,339.30,0
1777266382860,590.00,9060.00,NA,339.30,0
1777266382884,605.00,9063.00,NA,339.30,0
1777266382928,605.00,9009.00,NA,339.30,0
1777266382952,608.00,9060.00,NA,339.30,0
1777266382997,633.00,9000.00,NA,339.30,0
1777266383021,578.00,9057.00,NA,339.30,0
1777266383045,584.00,9057.00,NA,339.30,0
1777266383089,604.00,9012.00,NA,339.30,0
1777266383113,634.00,9060.00,NA,339.30,0
1777266383158,611.00,9000.00,NA,339.30,0
1777266383182,613.00,9060.00,NA,339.30,0
1777266383229,583.00,9060.00,NA,339.30,0
1777266383257,565.00,9000.00,NA,339.30,0
1777266383281,575.00,9057.00,NA,339.30,0
1777266383326,595.00,9014.00,NA,339.30,0
1777266383350,586.00,9060.00,NA,339.30,0
1777266383395,613.00,9015.00,NA,339.30,0
1777266383419,575.00,9063.00,NA,339.30,0
1777266383444,596.00,9060.00,NA,339.30,0
1777266383489,604.00,9003.00,NA,339.30,0
1777266383513,590.00,9063.00,NA,339.30,0
1777266383558,590.00,9001.00,NA,339.30,0
1777266383582,580.00,9057.00,NA,339.30,0
1777266383607,573.00,9060.00,NA,339.30,0
1777266383652,600.00,9009.00,NA,339.30,0
1777266383676,592.00,9060.00,NA,339.30,0
1777266383721,585.00,9006.00,NA,339.30,0
1777266383745,591.00,9060.00,NA,339.30,0
1777266383790,593.00,9003.00,NA,339.30,0
1777266383814,596.00,9063.00,NA,339.30,0
1777266383838,580.00,9060.00,NA,339.30,0
1777266383884,597.00,9000.00,NA,339.30,0
1777266383909,602.00,9057.00,NA,339.30,0
1777266383953,590.00,9003.00,NA,339.30,0
1777266383978,586.00,9057.00,NA,339.30,0
1777266384022,598.00,9028.00,NA,339.30,0
1777266384047,606.00,9059.00,NA,339.30,0
1777266384071,628.00,9060.00,NA,339.30,0
1777266384117,607.00,9017.00,NA,339.30,0
1777266384141,614.00,9060.00,NA,339.30,0
1777266384186,586.00,9003.00,NA,339.30,0
1777266384210,608.00,9057.00,NA,339.30,0
1777266384235,581.00,9063.00,NA,339.30,0
1777266384280,605.00,9017.00,NA,339.30,0
1777266384325,575.00,9054.00,NA,339.30,0
1777266384349,611.00,9003.00,NA,339.30,0
1777266384373,606.00,9057.00,NA,339.30,0
1777266384417,584.00,9029.00,NA,339.30,0
1777266384441,604.00,9063.00,NA,339.30,0
1777266384486,607.00,9062.00,NA,339.30,0
1777266384512,588.00,9055.00,NA,339.30,0
1777266384536,591.00,9057.00,NA,339.30,0
1777266384581,602.00,9060.00,NA,339.30,0
1777266384606,589.00,9060.00,NA,339.30,0
1777266384651,600.00,9003.00,NA,339.30,0
1777266384675,609.00,9057.00,NA,339.30,0
1777266384699,596.00,9057.00,NA,339.30,0
1777266384744,590.00,9003.00,NA,339.30,0
1777266384768,609.00,9060.00,NA,339.30,0
1777266384813,585.00,9003.00,NA,339.30,0
1777266384839,584.00,9057.00,NA,339.30,0
1777266384863,596.00,9060.00,NA,339.30,0
1777266384907,597.00,9059.00,NA,339.30,0
1777266384952,612.00,9003.00,NA,339.30,0
1777266384976,599.00,9012.00,NA,339.30,0
1777266385001,613.00,9063.00,NA,339.30,0
1777266385046,597.00,9003.00,NA,339.30,0
1777266385070,638.00,9063.00,NA,339.30,0
1777266385095,599.00,9060.00,NA,339.30,0
1777266385147,603.00,9048.00,NA,339.30,0
1777266385172,598.00,9057.00,NA,339.30,0
1777266385197,620.00,9057.00,NA,339.30,0
1777266385241,594.00,9061.00,NA,339.30,0
1777266385266,605.00,9062.00,NA,339.30,0
1777266385310,619.00,9060.00,NA,339.30,0
1777266385335,609.00,9057.00,NA,339.30,0
1777266385358,598.00,9060.00,NA,339.30,0
1777266385403,602.00,9063.00,NA,339.30,0
1777266385426,609.00,9054.00,NA,339.30,0
1777266385471,574.00,9060.00,NA,339.30,0
1777266385496,601.00,9063.00,NA,339.30,0
1777266385542,587.00,9058.00,NA,339.30,0
1777266385567,586.00,9057.00,NA,339.30,0
1777266385591,621.00,9069.00,NA,339.30,0
1777266385636,609.00,9061.00,NA,339.30,0
1777266385660,606.00,9060.00,NA,339.30,0
1777266385706,611.00,9063.00,NA,339.30,0
1777266385730,598.00,9063.00,NA,339.30,0
1777266385777,599.00,9057.00,NA,339.30,0
1777266385802,581.00,9060.00,NA,339.30,0
1777266385826,627.00,9060.00,NA,339.30,0
1777266385871,598.00,9060.00,NA,339.30,0
1777266385895,577.00,9060.00,NA,339.30,0
1777266385940,610.00,9060.00,NA,339.30,0
1777266385965,622.00,9057.00,NA,339.30,0
1777266385989,593.00,9060.00,NA,339.30,0
1777266386035,625.00,9063.00,NA,339.30,0
1777266386059,604.00,9063.00,NA,339.30,0
1777266386104,598.00,9060.00,NA,339.30,0
1777266386129,575.00,9060.00,NA,339.30,0
1777266386153,608.00,9060.00,NA,339.30,0
1777266386198,602.00,9058.00,NA,339.30,0
1777266386222,608.00,9069.00,NA,339.30,0
1777266386267,598.00,9062.00,NA,339.30,0
1777266386292,605.00,9060.00,NA,339.30,0
1777266386337,608.00,9060.00,NA,339.30,0
1777266386361,601.00,9063.00,NA,339.30,0
1777266386406,575.00,9060.00,NA,339.30,0
1777266386430,603.00,9060.00,NA,339.30,0
1777266386454,591.00,9060.00,NA,339.30,0
1777266386498,603.00,9057.00,NA,339.30,0
1777266386522,586.00,9060.00,NA,339.30,0
1777266386568,596.00,9059.00,NA,339.30,0
1777266386594,584.00,9057.00,NA,339.30,0
1777266386618,605.00,9060.00,NA,339.30,0
1777266386663,588.00,9063.00,NA,339.30,0
1777266386688,588.00,9063.00,NA,339.30,0
1777266386733,607.00,9063.00,NA,339.30,0
1777266386757,605.00,9060.00,NA,339.30,0
1777266386802,569.00,9059.00,NA,339.30,0
1777266386826,602.00,9060.00,NA,339.30,0
1777266386850,587.00,9059.00,NA,339.30,0
1777266386895,603.00,9059.00,NA,339.30,0
1777266386920,602.00,9057.00,NA,339.30,0
1777266386964,611.00,9062.00,NA,339.30,0
1777266386988,586.00,9063.00,NA,339.30,0
1777266387033,601.00,9003.00,NA,339.30,0
1777266387057,615.00,9063.00,NA,339.30,0
1777266387081,607.00,9060.00,NA,339.30,0
1777266387126,611.00,9060.00,NA,339.30,0
1777266387150,606.00,9057.00,NA,339.30,0
1777266387196,652.00,9059.00,NA,339.30,0
1777266387220,611.00,9057.00,NA,339.30,0
1777266387267,631.00,9015.00,NA,339.30,0
1777266387292,606.00,9063.00,NA,339.30,0
1777266387316,602.00,9060.00,NA,339.30,0
1777266387360,595.00,9063.00,NA,339.30,0
1777266387384,587.00,9060.00,NA,339.30,0
1777266387429,588.00,9057.00,NA,339.30,0
1777266387455,600.00,9057.00,NA,339.30,0
1777266387479,591.00,9069.00,NA,339.30,0
1777266387527,565.00,9060.00,NA,339.30,0
1777266387551,608.00,9060.00,NA,339.30,0
1777266387595,626.00,9060.00,NA,339.30,0
1777266387619,612.00,9063.00,NA,339.30,0
1777266387679,607.00,9000.00,NA,339.30,0
1777266387703,601.00,9003.00,NA,339.30,0
1777266387727,600.00,9000.00,NA,339.30,0
1777266387751,626.00,9009.00,NA,339.30,0
1777266387795,614.00,9003.00,NA,339.30,0
1777266387820,572.00,9000.00,NA,339.30,0
1777266387866,612.00,8997.00,NA,339.30,0
1777266387892,602.00,9012.00,NA,339.30,0
1777266387916,623.00,9060.00,NA,339.30,0
1777266387961,619.00,9003.00,NA,339.30,0
1777266387984,604.00,9063.00,NA,339.30,0
1777266388029,574.00,9000.00,NA,339.30,0
1777266388054,631.00,9000.00,NA,339.30,0
1777266388098,581.00,9003.00,NA,339.30,0
1777266388122,606.00,9009.00,NA,339.30,0
1777266388147,594.00,9060.00,NA,339.30,0
1777266388191,581.00,9006.00,NA,339.30,0
1777266388216,598.00,9057.00,NA,339.30,0
1777266388261,581.00,9036.00,NA,339.30,0
1777266388286,607.00,9000.00,NA,339.30,0
1777266388310,611.00,9060.00,NA,339.30,0
1777266388354,587.00,8999.00,NA,339.30,0
1777266388379,602.00,9057.00,NA,339.30,0
1777266388423,604.00,9002.00,NA,339.30,0
1777266388447,607.00,9049.00,NA,339.30,0
1777266388494,596.00,9050.00,NA,339.30,0
1777266388518,604.00,9012.00,NA,339.30,0
1777266388542,625.00,9060.00,NA,339.30,0
1777266388587,593.00,9000.00,NA,339.30,0
1777266388612,601.00,9000.00,NA,339.30,0
1777266388657,609.00,9003.00,NA,339.30,0
1777266388700,571.00,9003.00,NA,339.30,0
1777266388724,581.00,9029.00,NA,339.30,0
1777266388749,590.00,9056.00,NA,339.30,0
1777266388773,580.00,9060.00,NA,339.30,0
1777266388818,610.00,9001.00,NA,339.30,0
1777266388843,606.00,9012.00,NA,339.30,0
1777266388889,605.00,9003.00,NA,339.30,0
1777266388914,572.00,9000.00,NA,339.30,0
1777266388938,596.00,9063.00,NA,339.30,0
1777266388983,595.00,9000.00,NA,339.30,0
1777266389007,633.00,9057.00,NA,339.30,0
1777266389052,581.00,9000.00,NA,339.30,0
1777266389077,590.00,9000.00,NA,339.30,0
1777266389101,593.00,9057.00,NA,339.30,0
1777266389146,616.00,9012.00,NA,339.30,0
1777266389170,625.00,9060.00,NA,339.30,0
1777266389215,607.00,9017.00,NA,339.30,0
1777266389239,609.00,9003.00,NA,339.30,0
1777266389284,624.00,9000.00,NA,339.30,0
1777266389309,584.00,9060.00,NA,339.30,0
1777266389335,609.00,9057.00,NA,339.30,0
1777266389381,584.00,9003.00,NA,339.30,0
1777266389405,596.00,9057.00,NA,339.30,0
1777266389450,591.00,9003.00,NA,339.30,0
1777266389474,601.00,9057.00,NA,339.30,0
1777266389498,613.00,9060.00,NA,339.30,0
1777266389543,592.00,9000.00,NA,339.30,0
1777266389568,606.00,9060.00,NA,339.30,0
1777266389614,573.00,9000.00,NA,339.30,0
1777266389638,598.00,9057.00,NA,339.30,0
1777266389662,579.00,9060.00,NA,339.30,0
1777266389707,597.00,9000.00,NA,339.30,0
1777266389732,607.00,9057.00,NA,339.30,0
1777266389778,575.00,9012.00,NA,339.30,0
1777266389802,623.00,9060.00,NA,339.30,0
1777266389847,606.00,9003.00,NA,339.30,0
1777266389872,609.00,9015.00,NA,339.30,0
1777266389896,581.00,9055.00,NA,339.30,0
1777266389943,614.00,9060.00,NA,339.30,0
