Timestamp,SystemLatency
1777262330889,0.0000
1777262330932,51.1771
1777262330954,41.0347
1777262330998,34.9762
1777262331022,35.4502
1777262331046,41.5905
1777262331092,41.2071
1777262331115,39.2386
1777262331159,37.9581
1777262331182,36.7113
1777262331228,35.1525
1777262331251,34.9261
1777262331296,33.6936
1777262331320,33.4476
1777262331366,32.5722
1777262331389,32.5217
1777262331433,31.8253
1777262331456,31.8328
1777262331478,31.3784
1777262331521,30.7138
1777262331543,30.3932
1777262331586,29.5502
1777262331628,29.1046
1777262331651,29.0383
1777262331694,28.6296
1777262331716,28.5728
1777262331759,28.2793
1777262331782,28.3400
1777262331824,27.9091
1777262331857,27.9234
1777262331882,27.9459
1777262331906,27.7382
1777262331949,27.0660
1777262331991,26.0590
1777262332013,26.3483
1777262332036,25.8877
1777262332079,23.4754
1777262332102,23.3105
1777262332144,22.8908
1777262332187,22.6541
1777262332209,22.8532
1777262332252,22.4199
1777262332274,22.3415
1777262332318,22.1625
1777262332340,21.9814
1777262332383,21.7798
1777262332405,21.4861
1777262332448,21.3319
1777262332471,21.0892
1777262332514,20.9011
1777262332567,21.1729
1777262332611,21.4811
1777262332633,21.5116
1777262332677,20.9922
1777262332699,20.9961
1777262332743,20.6011
1777262332765,20.4928
1777262332808,20.1378
1777262332831,20.1475
1777262332873,19.3421
1777262332896,19.3039
1777262332939,19.2896
1777262332962,19.3946
1777262333005,19.0467
1777262333027,18.7682
1777262333070,18.6178
1777262333093,18.5804
1777262333137,18.5321
1777262333160,18.5967
1777262333203,18.0411
1777262333225,18.2053
1777262333278,18.0299
1777262333300,18.1640
1777262333343,18.0001
1777262333365,18.0527
1777262333407,17.7249
1777262333430,17.8671
1777262333472,17.4672
1777262333494,17.3842
1777262333537,16.8578
1777262333579,16.8092
1777262333601,16.3543
1777262333645,16.1834
1777262333667,16.5704
1777262333710,16.4063
1777262333732,16.6528
1777262333775,16.6093
1777262333797,16.7549
1777262333840,16.4836
1777262333903,16.4943
1777262333926,17.0832
1777262333948,17.1323
1777262333990,16.7474
1777262334032,16.5659
1777262334054,16.9921
1777262334096,17.0405
1777262334118,17.2102
1777262334161,16.8146
1777262334183,17.1164
1777262334226,16.5899
1777262334269,16.8729
1777262334291,17.1517
1777262334335,17.0502
1777262334357,17.2452
1777262334400,17.3970
1777262334423,17.5673
1777262334465,17.3833
1777262334488,17.9523
1777262334531,18.2839
1777262334553,18.4172
1777262334597,18.3784
1777262334619,18.3880
1777262334662,18.3926
1777262334684,18.6372
1777262334727,18.5343
1777262334750,18.5187
1777262334793,18.5901
1777262334816,18.6669
1777262334860,18.6946
1777262334882,18.8517
1777262334926,18.5364
1777262334948,18.4267
1777262334992,18.6957
1777262335014,18.9138
1777262335058,18.8727
1777262335080,19.0160
1777262335123,18.8683
1777262335146,18.9562
1777262335189,19.0511
1777262335211,19.1766
1777262335255,19.0087
1777262335278,19.0505
1777262335322,18.7959
1777262335345,18.9058
1777262335388,18.7262
1777262335411,18.8874
1777262335455,18.5118
1777262335478,18.8695
1777262335522,18.7407
1777262335545,18.8819
1777262335588,18.8377
1777262335611,18.9694
1777262335656,18.9111
1777262335678,19.1198
1777262335722,18.9335
1777262335746,19.2018
1777262335770,19.1305
1777262335814,18.8678
1777262335837,18.7206
1777262335881,18.4992
1777262335903,18.5250
1777262335948,18.4654
1777262335971,18.6355
1777262336016,18.3481
1777262336039,18.6402
1777262336084,18.4141
1777262336108,18.6270
1777262336152,18.4311
1777262336176,18.8664
1777262336200,18.8640
1777262336245,18.7644
1777262336269,18.8061
1777262336315,18.8545
1777262336339,18.9878
1777262336384,18.7298
1777262336409,18.9090
1777262336433,18.9402
1777262336495,18.6986
1777262336519,19.6532
1777262336586,19.9822
1777262336609,21.2944
1777262336654,21.0596
1777262336678,21.0230
1777262336722,20.7942
1777262336745,20.7481
1777262336789,20.6261
1777262336819,21.1388
1777262336843,21.1597
1777262336887,21.2032
1777262336910,21.2485
1777262336954,21.3506
1777262336978,21.5179
1777262337021,21.6223
1777262337046,21.6977
1777262337090,21.7559
1777262337113,21.8379
1777262337157,21.8209
1777262337180,21.8128
1777262337224,22.1788
1777262337248,22.5395
1777262337271,22.3271
1777262337315,22.2702
1777262337341,22.1724
1777262337386,22.1466
1777262337411,21.9913
1777262337435,21.9368
1777262337480,21.8780
1777262337504,21.0588
1777262337551,20.7590
1777262337574,20.9116
1777262337619,20.6665
1777262337644,19.8293
1777262337668,19.7919
1777262337713,19.4404
1777262337737,19.7410
1777262337782,19.3663
1777262337806,19.5099
1777262337851,19.5341
1777262337875,20.0095
1777262337898,19.8702
1777262337943,19.7514
1777262337987,19.6059
1777262338011,20.0630
1777262338035,20.1115
1777262338080,19.7691
1777262338104,19.8324
1777262338150,19.6093
1777262338179,19.7923
1777262338203,19.7456
1777262338248,19.4444
1777262338271,19.4339
1777262338316,19.5339
1777262338340,19.7081
1777262338364,19.8588
1777262338409,19.5140
1777262338433,19.3243
1777262338478,19.6235
1777262338502,19.7288
1777262338584,19.5609
1777262338607,21.1620
1777262338629,21.3218
1777262338672,20.9652
1777262338694,21.4414
1777262338737,21.1596
1777262338759,21.4978
1777262338803,21.1977
1777262338825,21.1522
1777262338868,21.0291
1777262338890,20.8858
1777262338933,21.1942
1777262338955,21.1469
1777262338999,20.5167
1777262339022,20.5819
1777262339065,20.5910
1777262339087,20.5661
1777262339131,20.4540
1777262339153,20.4820
1777262339196,19.9897
1777262339218,19.8933
1777262339261,19.8331
1777262339283,19.6328
1777262339327,19.1342
1777262339349,19.1177
1777262339393,19.1361
1777262339415,19.0928
1777262339458,19.0465
1777262339481,18.8694
1777262339524,18.6105
1777262339547,18.5567
1777262339590,17.0592
1777262339613,16.4900
1777262339657,16.3266
1777262339679,16.3416
1777262339723,15.9522
1777262339745,15.9246
1777262339789,15.7231
1777262339811,15.6783
1777262339855,15.6525
1777262339877,15.5624
1777262339921,15.3678
1777262339944,15.4533
1777262339987,15.1383
1777262340011,15.2767
1777262340055,14.9642
1777262340078,15.0758
1777262340123,14.9699
1777262340146,15.0843
1777262340189,14.9250
1777262340212,15.1079
1777262340256,15.0783
1777262340279,15.2903
1777262340323,15.2666
1777262340346,15.4904
1777262340390,15.5868
1777262340413,15.8004
1777262340457,15.9099
1777262340480,16.0954
1777262340525,16.3108
1777262340548,16.4549
1777262340592,16.5184
1777262340616,16.7156
1777262340661,17.0352
1777262340684,17.3319
1777262340708,17.5812
1777262340752,17.4012
1777262340776,17.6238
1777262340820,17.3660
1777262340843,17.5915
1777262340887,17.3901
1777262340911,17.7508
1777262340955,17.5022
1777262340978,17.9432
1777262341024,17.7715
1777262341048,18.2913
1777262341072,18.2477
1777262341117,18.1509
1777262341140,18.1281
1777262341185,18.0270
1777262341208,18.1101
1777262341252,18.0371
1777262341276,18.0857
1777262341327,17.9956
1777262341352,18.2771
1777262341377,18.6064
1777262341422,18.4812
1777262341446,18.7371
1777262341470,18.7443
1777262341514,18.4500
1777262341538,18.3947
1777262341583,18.2694
1777262341606,18.3799
1777262341651,18.1755
1777262341674,18.3601
1777262341698,18.0827
1777262341745,18.1429
1777262341768,18.1645
1777262341812,18.3972
1777262341835,18.4852
1777262341880,18.4803
1777262341903,18.6152
1777262341948,18.5886
1777262341971,18.8480
1777262341996,18.6314
1777262342041,18.5458
1777262342065,18.5187
1777262342110,18.5097
1777262342134,18.5930
1777262342182,18.9270
1777262342254,20.3870
1777262342276,20.3882
1777262342319,20.3010
1777262342340,20.2366
1777262342383,19.5135
1777262342405,19.4473
1777262342447,18.8090
1777262342469,18.7113
1777262342511,18.5467
1777262342554,18.3411
1777262342576,18.6806
1777262342618,18.5840
1777262342640,18.6534
1777262342682,18.2849
1777262342704,18.3265
1777262342747,18.2199
1777262342769,18.1867
1777262342812,17.9564
1777262342834,17.7278
1777262342877,17.6384
1777262342899,17.3997
1777262342942,17.1521
1777262342985,16.8845
1777262343007,17.1238
1777262343050,17.2233
1777262343072,17.3286
1777262343115,17.3723
1777262343137,17.3514
1777262343180,17.3461
1777262343202,17.2266
1777262343246,15.7919
1777262343268,15.9440
1777262343311,15.7641
1777262343334,15.9170
1777262343377,15.9300
1777262343399,16.0690
1777262343443,16.0956
1777262343465,16.2263
1777262343509,16.3859
1777262343531,16.4583
1777262343574,16.2796
1777262343596,16.1117
1777262343639,15.8370
1777262343661,15.9161
1777262343704,15.6688
1777262343726,15.8157
1777262343769,15.5192
1777262343792,15.6823
1777262343835,15.4630
1777262343857,15.6674
1777262343900,15.4232
1777262343943,15.6500
1777262343966,15.9673
1777262344009,15.5919
1777262344032,15.9052
1777262344075,15.6451
1777262344098,15.9409
1777262344141,15.7060
1777262344164,16.0139
1777262344207,15.9456
1777262344230,16.1797
1777262344273,15.9879
1777262344296,16.1193
1777262344340,15.9558
1777262344363,16.1376
1777262344407,15.8798
1777262344430,16.2635
1777262344474,16.1241
1777262344497,16.5093
1777262344541,16.6654
1777262344565,16.8966
1777262344609,17.1074
1777262344632,17.3380
1777262344677,17.1567
1777262344700,17.7000
1777262344723,17.7060
1777262344768,17.7926
1777262344791,17.8928
1777262344834,17.9135
1777262344857,18.0714
1777262344901,18.2273
1777262344924,18.3662
1777262344968,17.7562
1777262345057,17.9083
1777262345079,18.0336
1777262345121,17.7957
1777262345143,17.8466
1777262345186,17.6621
1777262345207,17.5827
1777262345250,17.4000
1777262345272,17.4656
1777262345315,17.0165
1777262345337,17.1529
1777262345379,16.6190
1777262345401,16.6444
1777262345443,16.0740
1777262345486,15.9525
1777262345508,15.9524
1777262345550,15.8685
1777262345572,15.7306
1777262345614,15.3508
1777262345636,15.4367
1777262345679,14.9559
1777262345701,15.0128
1777262345743,14.9338
1777262345765,14.8972
1777262345807,14.6933
1777262345850,14.6447
1777262345872,14.7032
1777262345914,14.5939
1777262345936,14.6210
1777262345979,14.6020
1777262346000,14.7282
1777262346043,14.5102
1777262346065,14.5732
1777262346108,14.0648
1777262346130,14.1021
1777262346175,13.7507
1777262346197,13.8040
1777262346240,13.5872
1777262346262,13.5595
1777262346306,13.5192
1777262346359,13.5560
1777262346382,14.4750
1777262346405,14.7776
1777262346449,15.1139
1777262346473,15.4785
1777262346516,15.3060
1777262346539,15.8237
1777262346582,15.7344
1777262346604,16.0608
1777262346648,16.0670
1777262346671,16.5075
1777262346715,16.4690
1777262346738,17.0667
1777262346797,17.1591
1777262346820,18.3094
1777262346843,18.9225
1777262346865,18.9731
1777262346909,19.0372
1777262346932,19.1596
1777262346976,19.2865
1777262347000,19.3341
1777262347044,19.6940
1777262347068,19.9176
1777262347113,20.2946
1777262347136,20.6427
1777262347159,21.0228
1777262347209,20.7474
1777262347234,21.3431
1777262347277,21.1744
1777262347301,21.9753
1777262347345,21.9697
1777262347368,22.0901
1777262347416,21.4223
1777262347440,21.9804
1777262347463,21.9170
1777262347507,21.7596
1777262347530,21.7410
1777262347574,21.2792
1777262347597,21.5484
1777262347641,21.3037
1777262347664,21.3598
1777262347708,21.1378
1777262347731,21.2056
1777262347775,21.0581
1777262347798,21.2457
1777262347843,20.4486
1777262347866,20.2443
1777262347889,20.4337
1777262347933,20.0450
1777262347957,20.2207
1777262348001,19.8627
1777262348025,19.9909
1777262348069,19.6437
1777262348092,19.9114
1777262348136,19.5657
1777262348160,19.6724
1777262348205,19.8884
1777262348229,19.9938
1777262348254,19.9445
1777262348298,19.5543
1777262348322,19.6291
1777262348366,19.4990
1777262348390,19.4652
1777262348435,19.3523
1777262348458,19.1547
1777262348503,19.2930
1777262348527,19.5072
1777262348552,19.2996
1777262348596,19.0995
1777262348621,19.3066
1777262348666,19.1314
1777262348690,19.2670
1777262348734,18.9948
1777262348758,19.3650
1777262348802,19.1879
1777262348826,19.2763
1777262348850,19.2611
1777262348894,18.7514
1777262348917,19.1811
1777262348962,18.8445
1777262348985,19.1850
1777262349030,18.8980
1777262349053,19.2565
1777262349097,18.9862
1777262349122,19.2578
1777262349167,19.1271
1777262349191,19.4250
1777262349215,19.4071
1777262349261,19.0944
1777262349285,19.2174
1777262349381,19.0963
1777262349403,19.1744
1777262349447,19.1298
1777262349469,19.0302
1777262349513,18.7026
1777262349535,18.8159
1777262349578,19.1035
1777262349600,19.1782
1777262349643,18.8532
1777262349665,19.1423
1777262349708,18.8774
1777262349730,18.9641
1777262349773,18.4129
1777262349796,18.4887
1777262349839,17.9316
1777262349862,17.9010
1777262349905,17.9127
1777262349928,17.8830
1777262349971,17.6891
1777262349994,17.7183
1777262350037,17.2817
1777262350059,17.2962
1777262350103,16.9985
1777262350126,16.7028
1777262350169,16.5303
1777262350191,16.2662
1777262350234,15.9598
1777262350278,15.9091
1777262350300,16.2849
1777262350343,16.4228
1777262350366,16.6943
1777262350409,16.4073
1777262350432,16.8487
1777262350475,16.6000
1777262350498,16.9463
1777262350541,16.6729
1777262350564,17.0889
1777262350607,16.8584
1777262350630,17.1338
1777262350673,16.9576
1777262350696,17.3237
1777262350739,17.1422
1777262350762,17.5874
1777262350805,17.4226
1777262350828,17.8913
1777262350872,17.8678
1777262350895,18.3476
1777262350939,18.4671
1777262350962,18.7401
1777262351006,18.6569
1777262351029,19.2250
1777262351053,19.1719
1777262351097,19.2562
1777262351120,19.1856
1777262351165,19.2977
1777262351189,19.3513
1777262351233,19.4374
1777262351256,19.3846
1777262351300,19.0340
1777262351323,19.2538
1777262351368,18.8964
1777262351392,19.1561
1777262351437,18.8228
1777262351464,19.3009
1777262351487,19.3040
1777262351531,19.0258
1777262351554,19.1475
1777262351598,18.9996
1777262351621,19.0990
1777262351664,18.7197
1777262351688,18.8342
1777262351732,18.8776
1777262351756,19.0182
1777262351779,19.0132
1777262351823,18.6111
1777262351846,18.4052
1777262351890,18.0531
1777262351913,18.0465
1777262351957,17.5405
1777262351980,17.5975
1777262352023,17.3640
1777262352046,17.1323
1777262352090,17.2581
1777262352114,17.4604
1777262352158,17.6559
1777262352181,17.7819
1777262352225,17.4712
1777262352248,17.8445
1777262352293,17.8345
1777262352316,17.9922
1777262352361,17.9067
1777262352384,18.1035
1777262352428,18.0617
1777262352452,18.2636
1777262352475,17.9195
1777262352519,17.8262
1777262352543,17.8977
1777262352586,17.6758
1777262352610,17.7880
1777262352696,19.4513
1777262352718,19.6691
1777262352760,19.3630
1777262352782,19.3741
1777262352825,19.4519
1777262352847,19.3831
1777262352889,19.2385
1777262352933,19.1565
1777262352955,19.6489
1777262352997,19.5289
1777262353019,19.9795
1777262353062,19.7980
1777262353084,20.1480
1777262353127,20.0098
1777262353149,19.9683
1777262353191,19.3963
1777262353213,19.5913
1777262353257,19.0996
1777262353279,19.2101
1777262353322,18.8954
1777262353344,18.7824
1777262353386,18.2922
1777262353429,18.1101
1777262353451,18.0144
1777262353493,17.9151
1777262353515,18.2629
1777262353586,18.1782
1777262353608,19.2734
1777262353651,19.5380
1777262353694,19.4440
1777262353716,17.9004
1777262353758,17.9169
1777262353781,18.0914
1777262353824,18.1661
1777262353846,18.2310
1777262353889,18.4925
1777262353911,18.6638
1777262353955,18.3672
1777262353977,18.6326
1777262354021,18.1595
1777262354044,18.4796
1777262354087,18.3054
1777262354110,18.4029
1777262354154,18.1318
1777262354177,18.4624
1777262354223,18.2666
1777262354245,18.7728
1777262354288,18.6383
1777262354311,19.1008
1777262354355,19.3592
1777262354377,19.5093
1777262354421,19.3366
1777262354443,19.4078
1777262354486,19.1922
1777262354509,19.2232
1777262354552,19.2776
1777262354576,19.3379
1777262354620,18.0823
1777262354644,17.9018
1777262354688,17.8828
1777262354711,18.0827
1777262354734,17.8503
1777262354779,17.4061
1777262354802,17.5362
1777262354847,17.2241
1777262354871,17.3317
1777262354916,17.1476
1777262354940,17.4702
1777262354984,17.4516
1777262355007,17.6406
1777262355051,17.4876
1777262355074,17.9337
1777262355097,17.8839
1777262355140,17.6087
1777262355163,17.5447
1777262355206,17.4261
1777262355229,17.2397
1777262355274,17.0737
1777262355297,17.0676
1777262355341,16.8971
1777262355365,16.9366
1777262355408,16.7011
1777262355431,16.8169
1777262355475,16.6290
1777262355499,16.5979
1777262355543,16.6457
1777262355566,16.6274
1777262355612,16.5148
1777262355636,16.8704
1777262355660,16.7392
1777262355705,16.5085
1777262355729,16.3137
1777262355773,16.4773
1777262355796,16.6219
1777262355840,16.6993
1777262355864,16.8526
1777262355908,16.7503
1777262355931,16.8431
1777262355976,16.6272
1777262356000,16.9465
1777262356024,16.7155
1777262356068,16.1868
1777262356092,16.2897
1777262356137,16.4531
1777262356160,16.5419
1777262356205,16.7701
1777262356228,17.0170
1777262356272,17.1752
1777262356296,17.3988
1777262356341,17.4923
1777262356367,17.7794
1777262356392,18.0961
1777262356439,17.8417
1777262356464,18.3153
1777262356489,18.2499
1777262356540,18.1475
1777262356565,18.3494
1777262356590,18.2429
1777262356635,18.0962
1777262356659,18.2906
1777262356703,18.5188
1777262356727,18.7147
1777262356751,18.6153
1777262356795,18.4900
1777262356820,18.6449
1777262356865,18.3776
1777262356888,18.6217
1777262356933,18.2732
1777262356957,18.5868
1777262357003,18.2478
1777262357026,18.5072
1777262357050,18.8834
1777262357095,18.5871
1777262357120,18.8716
1777262357164,18.7027
1777262357188,18.9693
1777262357234,18.7037
1777262357259,18.9953
1777262357283,19.0332
1777262357328,18.7318
1777262357352,18.8372
1777262357397,18.3464
1777262357422,18.7128
1777262357447,18.6086
1777262357492,18.1405
1777262357517,18.4087
1777262357561,18.1929
1777262357589,18.0560
1777262357613,17.9747
1777262357658,17.6652
1777262357682,17.6990
1777262357727,17.5399
1777262357751,17.6786
1777262357796,17.9170
1777262357820,18.1886
1777262357844,18.3344
1777262357891,18.0475
1777262357916,18.4382
1777262357962,18.2262
1777262357987,18.5951
1777262358012,18.6381
1777262358057,18.1626
1777262358083,18.5988
1777262358109,18.7328
1777262358198,18.7768
1777262358219,18.8610
1777262358262,18.3420
1777262358283,18.1917
1777262358326,18.1671
1777262358347,18.0806
1777262358390,17.7918
1777262358432,17.6640
1777262358454,17.6714
1777262358496,17.8107
1777262358518,17.9527
1777262358560,17.9110
1777262358582,17.8532
1777262358625,17.5303
1777262358646,17.7837
1777262358689,17.3543
1777262358711,17.4523
1777262358753,17.0250
1777262358796,16.9886
1777262358818,16.8758
1777262358862,16.8357
1777262358884,17.3203
1777262358928,16.9049
1777262358950,17.1847
1777262358992,16.6669
1777262359014,16.7379
1777262359057,16.8448
1777262359079,16.8276
1777262359122,16.5607
1777262359147,16.7097
1777262359189,16.6572
1777262359212,16.8198
1777262359254,16.6613
1777262359277,16.7536
1777262359320,16.7714
1777262359343,16.9014
1777262359386,17.0762
1777262359408,17.1185
1777262359451,16.7110
1777262359474,16.8326
1777262359517,16.5208
1777262359539,16.5723
1777262359582,16.5010
1777262359605,16.6292
1777262359648,16.2825
1777262359670,16.5584
1777262359713,16.2078
1777262359736,16.4591
1777262359779,16.2419
1777262359802,16.1737
1777262359845,15.6232
1777262359868,15.5954
1777262359914,15.0294
1777262359936,15.0621
1777262359980,14.7213
1777262360002,14.8280
1777262360046,14.4461
1777262360069,14.5632
1777262360112,14.3076
1777262360135,14.4168
1777262360178,14.0784
1777262360201,14.1805
1777262360244,13.7872
1777262360267,13.8635
1777262360313,13.6148
1777262360335,13.7811
1777262360378,13.4963
1777262360401,13.7017
1777262360444,13.3594
1777262360467,13.6782
1777262360512,13.4837
1777262360535,13.6999
1777262360579,13.6460
1777262360602,13.8353
1777262360645,14.0589
1777262360669,14.3136
1777262360712,14.5253
1777262360735,14.7282
1777262360780,14.8976
1777262360803,15.1964
1777262360847,15.5424
1777262360871,15.8839
1777262360894,16.2018
1777262360939,15.8958
1777262360963,16.2423
1777262361007,16.3452
1777262361031,16.4733
1777262361076,16.4702
1777262361099,16.7461
1777262361143,16.5520
1777262361166,17.0686
1777262361210,16.9622
1777262361234,17.5080
1777262361257,17.6459
1777262361302,17.8406
1777262361325,17.8660
1777262361370,17.8467
1777262361395,17.9186
1777262361440,17.7059
1777262361464,18.2391
1777262361508,18.4291
1777262361532,18.6558
1777262361555,18.8027
1777262361600,18.5411
1777262361624,18.4404
1777262361702,18.2350
1777262361727,19.6920
1777262361771,20.3304
1777262361819,20.7062
1777262361843,21.4356
1777262361867,21.6989
1777262361891,21.5565
1777262361935,21.8937
1777262361959,21.8887
1777262362003,22.0817
1777262362026,22.0145
1777262362071,22.2028
1777262362094,22.3030
1777262362139,22.2902
1777262362162,22.4053
1777262362186,22.1626
1777262362231,21.9517
1777262362255,21.7423
1777262362301,21.8282
1777262362325,21.9886
1777262362370,22.1945
1777262362394,22.4000
1777262362419,22.4661
1777262362464,22.1192
1777262362489,22.3267
1777262362533,21.8984
1777262362557,22.1216
1777262362602,22.3975
1777262362629,22.7261
1777262362653,23.0148
1777262362697,22.6221
1777262362721,22.6728
1777262362767,20.7181
1777262362791,20.8761
1777262362815,20.5692
1777262362861,19.5068
1777262362886,19.1774
1777262362931,19.2187
1777262362956,19.4016
1777262363001,19.3824
1777262363025,19.6811
1777262363070,19.7107
1777262363094,19.8853
1777262363120,20.0211
1777262363165,19.8341
1777262363190,19.9124
1777262363214,20.2017
1777262363259,19.8926
1777262363283,20.1988
1777262363329,19.8520
1777262363353,19.9901
1777262363474,20.1269
1777262363495,20.5828
1777262363538,20.1345
1777262363581,20.1713
1777262363603,20.1345
1777262363645,19.5877
1777262363668,19.5408
1777262363711,19.5188
1777262363733,19.3530
1777262363776,19.0096
1777262363799,19.0100
1777262363841,19.1842
1777262363864,19.1288
1777262363907,18.7411
1777262363929,18.8435
1777262363972,18.3170
1777262364014,18.2609
1777262364036,18.0923
1777262364079,17.4679
1777262364102,17.7033
1777262364146,17.5923
1777262364168,17.7475
1777262364211,17.3936
1777262364233,17.5739
1777262364276,17.6453
1777262364298,17.6399
1777262364341,17.6789
1777262364363,17.5477
1777262364406,17.3569
1777262364428,17.4968
1777262364471,17.2494
1777262364493,17.0865
1777262364536,16.6357
1777262364579,16.7366
1777262364601,16.9700
1777262364644,16.7996
1777262364666,17.1953
1777262364689,17.1776
1777262364732,16.9262
1777262364755,16.9506
1777262364798,16.6459
1777262364841,16.8719
1777262364864,17.1034
1777262364907,17.3350
1777262364931,17.5626
1777262364974,17.7679
1777262364997,18.0588
1777262365019,17.9608
1777262365063,17.5418
1777262365086,17.4487
1777262365129,16.9888
1777262365173,16.7940
1777262365196,17.1449
1777262365219,17.0760
1777262365262,16.7920
1777262365285,16.8269
1777262365328,16.5208
1777262365375,16.2971
1777262365398,16.8299
1777262365421,16.9443
1777262365464,16.8312
1777262365487,16.8670
1777262365530,16.9167
1777262365553,16.9265
1777262365597,16.4339
1777262365620,16.5637
1777262365663,16.1492
1777262365686,16.3126
1777262365730,16.5062
1777262365753,16.6568
1777262365796,16.8773
1777262365819,16.9435
1777262365863,16.6625
1777262365886,16.8901
1777262365929,16.6321
1777262365953,16.8401
1777262365996,16.4136
1777262366019,16.7427
1777262366063,16.9829
1777262366086,17.3002
1777262366130,17.6322
1777262366153,17.8968
1777262366176,17.8486
1777262366221,17.3133
1777262366244,17.5744
1777262366288,17.4939
1777262366312,17.7698
1777262366356,17.4090
1777262366380,17.5585
1777262366427,16.9764
1777262366450,17.4700
1777262366494,17.3720
1777262366518,17.8752
1777262366541,17.8104
1777262366585,17.8145
1777262366608,17.8477
1777262366652,17.5126
1777262366675,17.7161
1777262366719,17.6186
1777262366743,17.7411
1777262366787,17.6576
1777262366810,17.7580
1777262366854,17.7326
1777262366878,17.8194
1777262366922,17.6611
1777262366945,17.9210
1777262366969,17.7023
1777262367013,17.3175
1777262367057,17.4203
1777262367080,17.7309
1777262367104,17.5535
1777262367148,17.4011
1777262367171,17.2378
1777262367215,17.3565
1777262367239,17.4514
1777262367283,17.7798
1777262367307,17.8421
1777262367351,18.0413
1777262367374,18.2846
1777262367398,18.0838
1777262367442,17.8925
1777262367466,17.6350
1777262367510,17.3914
1777262367533,17.2300
1777262367577,17.3502
1777262367601,17.3981
1777262367645,17.3713
1777262367669,17.5386
1777262367713,17.4912
1777262367737,17.6252
1777262367781,17.3852
1777262367805,17.7232
1777262367850,17.7650
1777262367876,18.0384
1777262367900,18.0081
1777262367945,17.5247
1777262367968,17.7058
1777262368013,17.9655
1777262368037,18.1762
1777262368061,18.0993
1777262368105,17.4736
1777262368129,17.6490
1777262368174,17.2389
1777262368198,17.5929
1777262368298,17.3606
1777262368320,19.4242
1777262368342,19.7450
1777262368385,19.5870
1777262368407,19.7346
1777262368450,19.9175
1777262368472,20.5408
1777262368515,20.2570
1777262368537,20.3569
1777262368580,20.2967
1777262368602,20.2225
1777262368645,20.1762
1777262368668,20.0821
1777262368711,20.0334
1777262368733,19.9158
1777262368776,19.7017
1777262368798,19.6536
1777262368841,19.2551
1777262368863,19.0969
1777262368906,18.5965
1777262368950,18.5359
1777262368972,18.6090
1777262369015,18.5656
1777262369038,18.8500
1777262369081,18.7634
1777262369103,19.3592
1777262369147,19.6654
1777262369169,19.8801
1777262369213,20.0151
1777262369235,20.1709
1777262369279,20.0388
1777262369301,20.1632
1777262369345,17.7623
1777262369367,18.0826
1777262369410,17.8722
1777262369433,18.0169
1777262369476,17.9525
1777262369499,18.1911
1777262369542,17.9862
1777262369565,18.3692
1777262369608,18.1773
1777262369631,18.6261
1777262369675,18.5451
1777262369698,18.9776
1777262369741,19.3143
1777262369765,19.5222
1777262369808,19.3013
1777262369831,19.9704
1777262369874,19.8573
1777262369897,20.4337
1777262369940,20.4238
1777262369963,20.5122
1777262370007,20.3646
1777262370030,20.4858
1777262370074,20.1016
1777262370097,20.4578
1777262370141,20.3851
1777262370164,20.5609
1777262370188,20.2933
1777262370232,20.0772
1777262370256,19.8453
1777262370300,19.6605
1777262370323,19.5812
1777262370367,19.3593
1777262370392,19.3402
1777262370436,19.2398
1777262370459,19.3400
1777262370503,19.0044
1777262370526,19.3211
1777262370570,19.0739
1777262370593,19.4253
1777262370616,19.2609
1777262370660,18.9571
1777262370684,18.8293
1777262370728,18.7362
1777262370752,18.5908
1777262370796,18.1191
1777262370820,18.3795
1777262370864,18.1256
1777262370887,18.2421
1777262370931,18.1005
1777262370954,18.2550
1777262370998,18.2057
1777262371026,18.3582
1777262371050,18.1358
1777262371094,17.8723
1777262371117,17.9604
1777262371161,17.8141
1777262371184,17.6765
1777262371228,17.8806
1777262371252,18.1743
1777262371296,18.3031
1777262371320,18.4713
1777262371365,18.6317
1777262371390,18.8156
1777262371414,18.8399
1777262371459,18.6405
1777262371482,18.9079
1777262371527,18.6694
1777262371550,18.7267
1777262371594,18.4036
1777262371618,18.7820
1777262371642,19.0572
1777262371687,18.6964
1777262371711,18.8681
1777262371755,18.5607
1777262371779,18.9313
1777262371824,18.6458
1777262371847,18.9151
1777262371893,18.8148
1777262371917,19.0447
1777262371941,18.8751
1777262371986,18.5128
1777262372010,18.4875
1777262372054,18.2796
1777262372078,18.3646
1777262372123,17.9941
1777262372147,18.2941
1777262372192,18.0268
1777262372216,18.4156
1777262372240,18.3009
1777262372290,17.8618
1777262372314,18.0964
1777262372338,17.8215
1777262372382,17.2369
1777262372406,17.2274
1777262372451,17.0447
1777262372475,17.1653
1777262372520,16.9732
1777262372544,17.1548
1777262372588,16.9540
1777262372612,17.2529
1777262372636,17.0286
1777262372680,16.9859
1777262372726,16.9851
1777262372750,17.6531
1777262372774,17.6603
1777262372818,17.5055
1777262372842,17.6665
1777262372886,17.5717
1777262372910,17.7413
1777262372934,17.6854
1777262372979,17.6914
1777262373003,17.6480
1777262373047,17.5540
1777262373071,17.7029
1777262373116,17.6095
1777262373140,17.7633
1777262373185,17.7448
1777262373209,17.7533
1777262373233,17.8701
1777262373278,18.1377
1777262373302,18.2061
1777262373346,17.7869
1777262373370,18.3590
1777262373415,18.6094
1777262373439,18.8238
1777262373463,18.8025
1777262373508,18.6537
1777262373532,18.6591
1777262373576,18.4230
1777262373600,18.4232
1777262373645,18.6149
1777262373668,18.7378
1777262373713,18.6280
1777262373737,18.7906
1777262373761,18.4184
1777262373806,18.2569
1777262373829,18.2572
1777262373874,17.9405
1777262373898,18.0248
1777262373943,17.9434
1777262373968,18.2019
1777262373992,18.1459
1777262374036,18.1240
1777262374060,18.1744
1777262374104,17.9765
1777262374127,18.0303
1777262374176,17.8044
1777262374199,18.1216
1777262374223,17.7571
1777262374312,17.5234
1777262374334,17.8757
1777262374376,17.4757
1777262374398,17.6410
1777262374440,17.0846
1777262374462,17.0674
1777262374504,17.1048
1777262374526,17.0107
1777262374568,16.7956
1777262374612,16.5184
1777262374633,16.8725
1777262374676,16.3602
1777262374698,16.5448
1777262374740,16.0719
1777262374762,16.0755
1777262374804,16.1614
1777262374826,16.1311
1777262374869,16.0783
1777262374891,16.0653
1777262374933,15.6210
1777262374976,15.2273
1777262374998,15.3318
1777262375041,15.4760
1777262375063,15.5255
1777262375105,15.5937
1777262375127,15.5507
1777262375170,15.5804
1777262375192,15.6657
1777262375236,15.1485
1777262375258,15.2847
1777262375300,15.0109
1777262375322,15.0383
1777262375365,14.6749
1777262375408,14.4911
1777262375431,14.9897
1777262375473,14.9344
1777262375496,15.3906
1777262375539,15.6980
1777262375561,15.9764
1777262375604,15.9289
1777262375626,16.0728
1777262375669,15.8446
1777262375691,15.9742
1777262375734,15.8878
1777262375757,15.9833
1777262375799,15.9934
1777262375822,16.0320
1777262375865,16.0376
1777262375887,16.1071
1777262375930,16.2262
1777262375953,16.2324
1777262375996,16.0713
1777262376018,15.9004
1777262376062,15.6014
1777262376084,15.7774
1777262376128,15.4761
1777262376150,15.7331
1777262376306,15.9810
1777262376329,19.3667
1777262376373,19.8077
1777262376396,19.7669
1777262376439,19.5032
1777262376462,19.4797
1777262376505,19.0233
1777262376527,19.1590
1777262376570,18.6807
1777262376593,18.8937
1777262376636,18.8877
1777262376659,18.8540
1777262376702,18.6739
1777262376725,18.6680
1777262376769,18.5397
1777262376791,18.5706
1777262376835,18.1527
1777262376857,18.4605
1777262376901,18.0864
1777262376923,18.5306
1777262376967,18.2231
1777262376990,18.5406
1777262377033,18.6665
1777262377055,18.6869
1777262377099,18.6597
1777262377122,18.6554
1777262377166,18.3849
1777262377189,18.9174
1777262377232,18.6112
1777262377255,18.5887
1777262377300,18.0508
1777262377325,18.0942
1777262377369,15.1108
1777262377392,15.3097
1777262377436,15.2927
1777262377459,15.4778
1777262377503,15.5705
1777262377526,15.8338
1777262377550,15.8783
1777262377594,15.5873
1777262377617,15.8623
1777262377661,15.5519
1777262377684,15.8682
1777262377728,15.7518
1777262377752,15.8908
1777262377796,15.5828
1777262377819,15.9291
1777262377863,15.7393
1777262377886,16.1277
1777262377929,16.1785
1777262377956,16.3971
1777262377979,16.2436
1777262378022,16.1189
1777262378046,16.1294
1777262378090,16.0067
1777262378113,16.0603
1777262378157,15.9467
1777262378180,15.9383
1777262378224,15.9575
1777262378249,16.0686
1777262378293,15.8951
1777262378317,16.1655
1777262378362,16.0925
1777262378387,16.3906
1777262378410,16.2292
1777262378454,15.8002
1777262378478,15.9220
1777262378522,15.4817
1777262378545,15.6516
1777262378590,15.7753
1777262378613,15.8787
1777262378657,15.8385
1777262378682,16.0291
1777262378727,16.2121
1777262378750,16.4261
1777262378774,16.4328
1777262378818,16.3214
1777262378842,16.3903
1777262378887,16.0589
1777262378911,16.2007
1777262378955,15.7575
1777262378979,16.0020
1777262379029,16.2426
1777262379052,16.6234
1777262379076,16.9606
1777262379121,16.7221
1777262379144,17.0302
1777262379189,17.2033
1777262379218,17.3493
1777262379242,17.2512
1777262379287,17.1659
1777262379311,17.2670
1777262379356,16.9779
1777262379380,17.1105
1777262379427,16.7375
1777262379452,17.3539
1777262379476,17.4517
1777262379524,17.5872
1777262379551,17.7474
1777262379576,18.0156
1777262379621,17.9628
1777262379646,18.1296
1777262379670,18.0947
1777262379715,17.6529
1777262379738,17.7263
1777262379840,17.3828
1777262379862,20.0644
1777262379884,20.6225
1777262379926,20.4908
1777262379948,20.8276
1777262379991,20.4180
1777262380012,20.6126
1777262380055,20.0906
1777262380077,20.0379
1777262380119,20.0755
1777262380162,19.9916
1777262380184,20.3107
1777262380226,19.9817
1777262380248,20.1308
1777262380291,20.2708
1777262380313,20.2634
1777262380356,20.2826
1777262380378,20.2283
1777262380421,20.1630
1777262380443,20.1014
1777262380486,19.7227
1777262380508,19.6460
1777262380550,18.8743
1777262380572,18.8665
1777262380615,18.6788
1777262380660,18.3449
1777262380682,18.6531
1777262380725,18.9580
1777262380747,19.0778
1777262380791,19.1628
1777262380813,19.3132
1777262380856,19.2000
1777262380878,17.8392
1777262380921,16.9143
1777262380943,17.0513
1777262380987,17.1149
1777262381009,17.2774
1777262381052,17.2339
1777262381074,17.4141
1777262381117,17.1768
1777262381140,17.5281
1777262381182,17.4131
1777262381205,17.2740
1777262381248,17.1230
1777262381270,17.2612
1777262381313,17.0703
1777262381336,17.1880
1777262381379,16.9047
1777262381402,17.2306
1777262381446,17.0837
1777262381468,17.1676
1777262381512,16.8684
1777262381535,17.2339
1777262381579,17.5245
1777262381602,17.5947
1777262381645,17.4808
1777262381668,17.5099
1777262381711,17.0762
1777262381734,17.1374
1777262381777,16.7769
1777262381799,16.8896
1777262381843,16.5060
1777262381865,16.5037
1777262381911,16.1159
1777262381933,16.1745
1777262381977,15.9408
1777262381999,16.0270
1777262382042,15.8747
1777262382065,15.9676
1777262382108,15.7229
1777262382131,15.8210
1777262382174,15.5716
1777262382197,15.6221
1777262382241,15.5198
1777262382264,15.5992
1777262382307,15.5668
1777262382331,15.6894
1777262382375,15.4749
1777262382398,15.6992
1777262382442,15.4355
1777262382465,15.9222
1777262382509,15.9868
1777262382532,16.2044
1777262382575,16.2392
1777262382598,16.3039
1777262382642,16.3414
1777262382665,16.6173
1777262382708,16.6140
1777262382731,16.9023
1777262382775,17.0382
1777262382798,17.2542
1777262382821,17.3102
1777262382866,17.2532
1777262382890,17.6486
1777262382933,17.3650
1777262382956,17.5248
1777262383001,17.2348
1777262383024,17.5499
1777262383068,17.1666
1777262383092,17.4242
1777262383136,17.2212
1777262383159,17.5974
1777262383235,17.4537
1777262383260,18.7942
1777262383305,19.9506
1777262383329,20.0419
1777262383374,20.2983
1777262383397,20.4167
1777262383421,20.6443
1777262383466,20.1557
1777262383490,20.3783
1777262383536,20.0126
1777262383560,20.3294
1777262383604,20.1406
1777262383629,20.3970
1777262383652,20.2734
1777262383722,19.7561
1777262383746,20.6710
1777262383770,21.2814
1777262383794,21.4257
1777262383817,21.1591
1777262383863,21.3973
1777262383886,21.2731
1777262383931,21.5426
1777262383955,21.6054
1777262384000,21.6896
1777262384024,22.0678
1777262384069,22.3175
1777262384093,22.5484
1777262384117,22.7292
1777262384162,22.2857
1777262384186,22.6091
1777262384231,22.3846
1777262384259,22.4891
1777262384284,21.0866
1777262384330,20.2929
1777262384354,20.6041
1777262384378,20.4661
1777262384424,19.9601
1777262384448,20.2901
1777262384493,19.9844
1777262384517,20.3040
1777262384562,20.0786
1777262384586,20.4713
1777262384610,20.3684
1777262384655,19.8341
1777262384679,20.2344
1777262384724,19.9696
1777262384749,19.1041
1777262384794,18.4288
1777262384818,18.4120
1777262384843,18.5652
1777262384889,18.2405
1777262384986,18.4948
1777262385008,18.6250
1777262385050,18.1844
1777262385072,18.2350
1777262385115,17.6437
1777262385137,17.6401
1777262385179,17.4908
1777262385222,17.4387
1777262385244,17.7053
1777262385286,17.4113
1777262385308,17.5379
1777262385351,17.1310
1777262385373,17.2020
1777262385416,17.3256
1777262385438,17.3691
1777262385480,17.3199
1777262385503,17.3768
1777262385546,17.0658
1777262385568,17.0845
1777262385611,16.4452
1777262385654,16.7655
1777262385677,16.9477
1777262385719,17.1369
1777262385742,17.3825
1777262385784,17.3925
1777262385807,17.5951
1777262385849,17.3942
1777262385872,17.9133
1777262385914,17.4367
1777262385937,17.6093
1777262385980,17.4565
1777262386002,17.6155
1777262386045,17.3159
1777262386067,17.3669
1777262386110,17.3400
1777262386132,17.3785
1777262386176,17.4483
1777262386198,17.4449
1777262386241,17.2550
1777262386287,17.2684
1777262386309,17.4866
1777262386331,17.6781
1777262386375,17.4404
1777262386397,17.6506
1777262386440,17.3673
1777262386463,17.6746
1777262386506,17.4433
1777262386529,17.7772
1777262386573,17.8653
1777262386595,17.9256
1777262386639,17.6418
1777262386661,17.4727
1777262386705,17.3241
1777262386728,17.1203
1777262386773,17.1148
1777262386797,17.2400
1777262386840,16.8518
1777262386863,17.0615
1777262386907,17.0471
1777262386930,17.3155
1777262386973,17.2419
1777262386997,17.4628
1777262387040,17.4972
1777262387063,17.7037
1777262387106,17.7581
1777262387129,17.9570
1777262387173,18.2133
1777262387196,18.4003
1777262387240,18.6522
1777262387263,18.8440
1777262387286,18.8176
1777262387330,18.1208
1777262387353,18.1284
1777262387397,18.0495
1777262387420,18.3825
1777262387464,18.1027
1777262387487,18.4100
1777262387531,18.0656
1777262387553,18.3776
1777262387597,18.0251
1777262387620,18.2587
1777262387663,17.8925
1777262387686,18.1514
1777262387730,17.9279
1777262387753,18.2675
1777262387796,17.7393
1777262387819,18.0058
1777262387863,17.9068
1777262387887,18.0845
1777262387931,17.5309
1777262387955,17.8048
1777262387998,17.4611
1777262388022,17.6874
1777262388065,17.3437
1777262388088,17.6692
1777262388133,17.4671
1777262388157,17.7293
1777262388180,17.6728
1777262388224,17.1827
1777262388247,17.1770
1777262388292,16.5104
1777262388317,16.9092
1777262388362,16.7201
1777262388387,17.2114
1777262388411,17.1233
1777262388458,17.1172
1777262388483,17.1830
1777262388529,17.2074
1777262388555,17.5374
1777262388580,17.8796
1777262388627,17.6445
1777262388652,18.1165
1777262388677,18.0436
1777262388722,17.9450
1777262388747,17.9217
1777262388792,18.0326
1777262388816,18.1904
1777262388860,18.1789
1777262388884,18.3759
1777262388927,18.3057
1777262388951,18.5164
1777262388994,18.4313
1777262389018,18.6144
1777262389041,18.3782
1777262389085,18.0902
1777262389109,18.1157
1777262389153,17.6049
1777262389177,17.7118
1777262389222,17.7928
1777262389246,17.8542
1777262389290,18.0668
1777262389314,18.1718
1777262389358,18.2769
1777262389382,18.4509
1777262389408,18.2315
1777262389453,18.0111
1777262389477,18.4216
1777262389526,18.3087
1777262389549,18.5695
1777262389574,18.3199
1777262389693,18.1529
1777262389715,18.3924
1777262389758,18.2942
1777262389779,18.3248
1777262389821,17.7185
1777262389843,17.6632
1777262389885,17.0779
1777262389927,17.0713
1777262389949,16.9965
1777262389991,16.8199
1777262390013,17.0376
1777262390056,16.9124
1777262390077,16.9667
1777262390120,16.5174
1777262390142,16.8094
1777262390185,16.3323
1777262390206,16.4396
1777262390249,15.9676
1777262390291,16.0175
1777262390313,16.0416
1777262390356,15.8775
1777262390378,16.0820
1777262390420,15.6642
1777262390442,15.8838
1777262390485,15.4875
1777262390507,15.6521
1777262390549,14.9945
1777262390571,14.9539
1777262390614,14.9045
1777262390636,14.9263
1777262390679,14.6578
1777262390722,14.6432
1777262390744,15.1139
1777262390787,14.9602
1777262390809,15.4367
1777262390851,15.3453
1777262390874,15.7852
1777262390916,15.6507
1777262390938,15.6305
1777262390981,15.3793
1777262391003,15.4789
1777262391046,15.2223
1777262391069,15.2682
1777262391112,15.0588
1777262391134,15.0813
1777262391177,15.0898
1777262391199,15.2379
1777262391242,15.2589
1777262391285,15.2252
1777262391307,15.5353
1777262391350,15.3172
1777262391372,15.5656
1777262391416,15.4307
1777262391438,15.6360
1777262391481,15.7202
1777262391503,15.8984
1777262391546,15.9800
1777262391569,16.1005
1777262391612,15.8529
1777262391634,16.2148
1777262391677,16.2797
1777262391699,16.3518
1777262391742,16.1992
1777262391765,15.9796
1777262391808,15.8669
1777262391830,15.8938
1777262391873,15.5851
1777262391896,15.8689
1777262391939,15.6077
1777262391961,15.8981
1777262392005,15.4987
1777262392028,15.8139
1777262392072,15.5232
1777262392095,15.8940
1777262392138,15.6714
1777262392161,16.0068
1777262392204,16.0363
1777262392227,16.1517
1777262392271,16.0670
1777262392293,16.1395
1777262392338,15.7183
1777262392361,15.8411
1777262392404,15.5133
1777262392428,15.6134
1777262392472,15.3402
1777262392495,15.4521
1777262392539,15.3042
1777262392563,15.5481
1777262392606,15.5285
1777262392629,15.8271
1777262392675,15.7862
1777262392699,15.9542
1777262392722,16.1053
1777262392765,15.8129
1777262392788,16.0321
1777262392832,15.6858
1777262392854,15.9875
1777262392898,15.6317
1777262392921,15.9748
1777262392965,15.8292
1777262392989,15.9302
1777262393032,15.6621
1777262393055,15.9690
1777262393099,15.6981
1777262393122,16.0183
1777262393166,15.7596
1777262393189,16.1058
1777262393233,15.9069
1777262393256,16.1790
1777262393300,16.1763
1777262393324,16.4310
1777262393368,16.3842
1777262393391,16.6902
1777262393435,16.5637
1777262393458,17.0041
1777262393482,16.9390
1777262393526,16.7096
1777262393549,16.7337
1777262393595,16.3262
1777262393619,16.1968
1777262393663,16.2197
1777262393687,16.3898
1777262393731,16.0342
1777262393754,16.5884
1777262393798,16.8798
1777262393822,17.2044
1777262393845,17.1785
1777262393889,17.2254
1777262393914,17.2455
1777262393961,17.3149
1777262393986,17.4958
1777262394033,17.7066
1777262394058,18.0303
1777262394083,18.3505
1777262394177,18.4284
1777262394199,18.4803
1777262394241,18.3462
1777262394263,18.3663
1777262394305,18.1807
1777262394327,17.9010
1777262394370,17.5685
1777262394413,17.5366
1777262394435,17.7865
1777262394478,17.4847
1777262394500,17.7421
1777262394543,17.8335
1777262394565,17.9621
1777262394608,18.2381
1777262394630,18.3746
1777262394673,18.1860
1777262394696,18.3205
1777262394739,18.2202
1777262394762,18.0975
1777262394805,17.8931
1777262394827,17.6472
1777262394871,17.7503
1777262394893,17.6826
1777262394936,17.7725
1777262394959,17.8653
1777262395002,17.5063
1777262395025,17.4632
1777262395068,16.7042
1777262395091,16.8058
1777262395134,16.7605
1777262395157,16.8889
1777262395200,16.5202
1777262395223,16.8106
1777262395267,16.7667
1777262395291,16.9041
1777262395335,17.0733
1777262395358,17.2427
1777262395402,17.0229
1777262395425,17.1311
1777262395469,16.8552
1777262395492,17.0410
1777262395537,16.8855
1777262395560,17.0817
1777262395604,17.0297
1777262395628,17.1534
1777262395672,17.1410
1777262395696,17.3446
1777262395719,17.5513
1777262395764,17.1807
1777262395787,17.4637
1777262395835,17.5133
1777262395858,17.8171
1777262395901,17.6772
1777262395923,18.0815
1777262395966,18.0523
1777262395989,18.2684
1777262396032,18.0952
1777262396055,18.4902
1777262396098,18.3475
1777262396121,18.7219
1777262396164,18.5608
1777262396186,18.8756
1777262396230,18.9473
1777262396252,19.0892
1777262396296,18.8087
1777262396319,19.0678
1777262396363,18.8053
1777262396387,19.1646
1777262396432,18.9537
1777262396455,19.3464
1777262396478,19.2121
1777262396522,18.9656
1777262396545,18.8440
1777262396588,18.7585
1777262396611,18.7006
1777262396655,18.1260
1777262396677,18.1357
1777262396721,17.4771
1777262396744,17.7672
1777262396787,17.4880
1777262396810,17.5938
1777262396854,16.9933
1777262396876,17.0311
1777262396920,16.7647
1777262396943,16.8394
1777262396987,16.4221
1777262397010,16.5042
1777262397054,16.4183
1777262397077,16.3750
1777262397121,16.1093
1777262397144,16.2182
1777262397188,15.9369
1777262397211,16.1853
1777262397255,15.7422
1777262397278,16.1174
1777262397326,15.8950
1777262397349,16.3450
1777262397372,16.1600
1777262397416,16.0376
1777262397440,16.0444
1777262397484,15.5561
1777262397507,15.8690
1777262397551,15.8483
1777262397575,15.9213
1777262397619,15.8506
1777262397643,16.0451
1777262397687,15.8792
1777262397710,16.3353
1777262397754,16.1760
1777262397777,16.5619
1777262397821,16.7326
1777262397845,16.9287
1777262397889,17.0710
1777262397912,17.2998
1777262397956,17.1011
1777262397979,17.5826
1777262398003,17.5728
1777262398047,17.1396
1777262398070,17.3278
1777262398114,17.5028
1777262398137,17.5362
1777262398182,17.4722
1777262398205,17.4716
1777262398249,17.3328
1777262398273,17.4787
1777262398317,17.2560
1777262398340,17.3958
1777262398384,16.9751
1777262398408,17.3932
1777262398452,17.6003
1777262398475,17.8594
1777262398498,17.8230
1777262398542,17.6257
1777262398588,17.5900
1777262398612,18.1752
1777262398637,18.2462
1777262398682,18.1059
1777262398706,18.2631
1777262398750,18.3803
1777262398776,18.5815
1777262398800,18.5269
1777262398845,18.1439
1777262398868,18.4101
1777262398913,18.0139
1777262398936,18.2471
1777262398981,17.9992
1777262399005,18.5499
1777262399028,18.8457
1777262399073,18.5435
1777262399097,18.6865
1777262399141,18.5938
1777262399165,18.6241
1777262399210,18.5750
1777262399234,18.7757
1777262399278,18.5056
1777262399302,18.8528
1777262399347,18.8409
1777262399371,19.0849
1777262399415,18.9256
1777262399439,19.2049
1777262399462,19.0794
1777262399508,18.5658
1777262399532,19.0496
1777262399577,18.8042
1777262399600,18.8717
1777262399645,18.5833
1777262399669,18.8399
1777262399693,18.6383
1777262399738,18.4244
1777262399762,18.3370
1777262399806,18.0361
1777262399830,18.1782
1777262399875,17.8667
1777262399899,18.1428
1777262399943,17.8638
1777262399967,18.1386
1777262399991,18.0507
1777262400035,17.2521
1777262400059,17.5613
1777262400105,17.6096
1777262400130,17.7532
1777262400175,17.4519
1777262400199,17.8828
1777262400223,17.8804
1777262400268,17.5648
1777262400292,17.6027
1777262400337,17.4461
1777262400361,17.6003
1777262400454,17.1799
1777262400476,19.3531
1777262400498,19.6459
1777262400540,19.7636
1777262400562,19.8252
1777262400605,19.7910
1777262400627,19.7847
1777262400669,19.2996
1777262400691,19.2315
1777262400733,19.2544
1777262400756,19.2182
1777262400798,19.1381
1777262400820,19.0147
1777262400863,18.6849
1777262400906,18.4209
1777262400928,18.7508
1777262400970,18.6228
1777262400992,19.0926
1777262401035,18.8639
1777262401057,18.9933
1777262401102,19.0384
1777262401124,19.1337
1777262401166,18.9701
1777262401188,18.9518
1777262401231,18.4926
1777262401253,18.7943
1777262401296,18.4102
1777262401318,18.5668
1777262401360,18.1479
1777262401405,18.6185
1777262401427,18.7878
1777262401450,18.9820
1777262401493,17.0508
1777262401515,16.6599
1777262401558,16.6401
1777262401601,16.4188
1777262401623,16.6780
1777262401666,16.6931
1777262401688,17.3506
1777262401731,17.9137
1777262401753,17.9535
1777262401797,18.5797
1777262401820,18.7304
1777262401863,19.3874
1777262401885,19.6489
1777262401928,19.9252
1777262401950,20.4715
1777262401994,20.1412
1777262402016,20.5871
1777262402059,20.6690
1777262402082,20.9995
1777262402125,20.9591
1777262402148,21.2805
1777262402191,21.3301
1777262402214,22.2107
1777262402257,22.1293
1777262402280,22.6407
1777262402323,22.4333
1777262402346,23.2520
1777262402390,23.0348
1777262402413,22.9923
1777262402457,22.7745
1777262402480,22.9827
1777262402523,23.1247
1777262402546,23.3753
1777262402591,22.9485
1777262402614,23.1607
1777262402658,23.0424
1777262402681,23.3529
1777262402725,23.1745
1777262402749,23.0788
1777262402772,23.1311
1777262402817,22.9008
1777262402840,22.7785
1777262402885,22.8389
1777262402908,23.1519
1777262402954,22.6696
1777262402978,23.2829
1777262403022,22.9273
1777262403046,23.0594
1777262403091,23.1757
1777262403114,23.3448
1777262403158,24.1217
1777262403182,24.3425
1777262403205,24.1063
1777262403249,24.3514
1777262403274,24.3866
1777262403318,24.3212
1777262403342,24.6687
1777262403387,24.6454
1777262403410,24.5374
1777262403455,24.7397
1777262403480,25.2366
1777262403504,25.0761
1777262403548,24.9490
1777262403572,25.4884
1777262403617,25.2639
1777262403642,25.6912
1777262403705,25.4831
1777262403729,25.8971
1777262403752,26.1925
1777262403846,26.2748
1777262403870,27.5437
1777262403892,29.5971
1777262403914,29.1007
1777262403957,28.7567
1777262403999,28.5054
1777262404021,28.6710
1777262404063,28.2669
1777262404085,28.5624
1777262404127,28.1464
1777262404149,28.1692
1777262404193,27.2758
1777262404214,27.2907
1777262404257,26.8174
1777262404279,27.0546
1777262404322,26.9008
1777262404364,26.5184
1777262404386,26.9365
1777262404429,26.7521
1777262404451,26.7729
1777262404493,26.2049
1777262404516,26.4510
1777262404558,26.5055
1777262404581,26.2638
1777262404623,26.4409
1777262404645,26.3066
1777262404688,26.3995
1777262404710,26.4279
1777262404753,25.7356
1777262404775,25.7629
1777262404818,25.4010
1777262404861,25.5206
1777262404883,24.9987
1777262404928,23.0723
1777262404950,23.3349
1777262404993,23.3863
1777262405016,23.7823
1777262405059,23.7368
1777262405081,24.0402
1777262405123,24.0815
1777262405146,24.0328
1777262405189,24.0306
1777262405211,24.1356
1777262405254,24.2006
1777262405277,24.1171
1777262405320,24.7128
1777262405343,24.9413
1777262405386,24.6747
1777262405409,24.7360
1777262405452,24.6696
1777262405475,24.6668
1777262405518,24.5684
1777262405541,24.5821
1777262405584,24.5905
1777262405607,24.9060
1777262405650,25.0790
1777262405673,25.4063
1777262405717,25.2025
1777262405740,25.5151
1777262405784,25.0899
1777262405807,25.3096
1777262405851,25.2477
1777262405874,25.0828
1777262405917,25.3178
1777262405940,25.4735
1777262405984,25.3971
1777262406006,25.6195
1777262406050,25.4061
1777262406073,25.3709
1777262406119,25.2417
1777262406142,25.3474
1777262406165,25.2020
1777262406212,25.2328
1777262406235,25.3901
1777262406279,25.3217
1777262406303,25.6437
1777262406347,25.0627
1777262406371,25.4500
1777262406415,25.4284
1777262406438,25.6133
1777262406538,26.4485
1777262406560,26.4907
1777262406604,26.4601
1777262406625,26.4482
1777262406667,25.8339
1777262406689,25.3269
1777262406732,25.2680
1777262406753,25.1304
1777262406796,24.9559
1777262406838,25.1824
1777262406860,25.1261
1777262406902,25.1088
1777262406924,24.9153
1777262406967,24.3527
1777262406989,24.2956
1777262407032,24.4264
1777262407054,24.4395
1777262407096,24.0419
1777262407118,24.2323
1777262407160,23.8103
1777262407182,23.7537
1777262407225,23.8806
1777262407268,24.6453
1777262407290,24.8479
1777262407333,24.3270
1777262407355,24.6905
1777262407398,24.2733
1777262407420,24.3269
1777262407463,24.2529
1777262407486,24.1549
1777262407529,24.0660
1777262407551,23.2928
1777262407594,23.4022
1777262407616,23.4473
1777262407659,23.5806
1777262407682,23.6969
1777262407725,23.5536
1777262407747,23.8013
1777262407790,23.7006
1777262407833,23.5609
1777262407856,23.4896
1777262407899,23.5420
1777262407922,23.4914
1777262407945,23.8160
1777262407988,24.0249
1777262408033,23.8128
1777262408056,23.7338
1777262408099,24.3350
1777262408122,24.3766
1777262408144,24.4646
1777262408187,24.6359
1777262408210,25.0775
1777262408254,25.2356
1777262408277,24.4942
1777262408320,24.6461
1777262408343,24.6470
1777262408387,24.0654
1777262408409,24.1846
1777262408453,23.7723
1777262408476,23.6915
1777262408521,24.2564
1777262408544,24.2277
1777262408587,23.8459
1777262408610,23.7789
1777262408654,23.4599
1777262408677,23.6975
1777262408721,23.4175
1777262408744,23.8372
1777262408788,24.1816
1777262408811,24.8664
1777262408855,25.0862
1777262408877,25.2125
1777262408925,25.0698
1777262408949,25.3950
1777262408994,25.3484
1777262409086,25.4273
1777262409108,28.2566
1777262409130,28.0499
1777262409173,28.1203
1777262409195,27.9134
1777262409238,27.7087
1777262409260,27.6264
1777262409303,27.7769
1777262409325,27.2184
1777262409368,27.8652
1777262409411,27.9288
1777262409433,28.3233
1777262409475,28.3720
1777262409497,28.3349
1777262409550,27.7146
1777262409572,28.7797
1777262409595,28.8166
1777262409637,29.3234
1777262409660,29.2925
1777262409713,29.5215
1777262409735,29.7000
1777262409778,29.8251
1777262409799,29.7544
1777262409845,29.4465
1777262409867,29.0104
1777262409889,28.9910
1777262409933,28.7040
1777262409976,28.1628
1777262409999,28.4611
1777262410042,28.4419
1777262410064,28.3647
1777262410108,25.5818
1777262410131,25.5023
1777262410178,25.8960
1777262410201,26.1565
1777262410223,26.1381
1777262410270,26.0267
1777262410292,26.4533
1777262410336,25.7889
1777262410359,26.1101
1777262410402,25.6108
1777262410425,25.6714
1777262410468,25.3191
1777262410813,32.9991
1777262410837,41.9340
1777262410860,41.4010
1777262410882,41.0140
1777262410926,41.6646
1777262410948,41.0596
1777262410992,41.2165
1777262411015,40.8732
1777262411058,40.5602
1777262411081,40.5754
1777262411125,40.2762
1777262411148,39.8636
1777262411195,40.0040
1777262411218,40.0270
1777262411262,39.8623
1777262411286,40.0566
1777262411329,39.8016
1777262411420,43.2962
1777262411494,44.7941
1777262411516,45.8226
1777262411558,45.0363
1777262411580,44.3207
1777262411622,43.2040
1777262411644,42.5725
1777262411686,41.5533
1777262411708,40.9667
1777262411750,39.8665
1777262411793,39.5254
1777262411815,39.1431
1777262411858,25.9984
1777262411880,25.9250
1777262411922,26.3555
1777262411944,26.4925
1777262411987,26.4297
1777262412009,26.4894
1777262412055,26.4540
1777262412077,26.2976
1777262412119,26.2816
1777262412141,26.3834
1777262412184,26.6294
1777262412206,26.3091
1777262412248,26.6084
1777262412291,26.5093
1777262412313,26.8373
1777262412356,26.4924
1777262412379,26.4506
1777262412422,25.5473
1777262412444,23.8258
1777262412487,23.8373
1777262412510,24.1018
1777262412553,24.0784
1777262412576,24.3967
1777262412620,24.1787
1777262412642,24.6392
1777262412686,24.8518
1777262412709,24.9418
1777262412753,25.1661
1777262412775,25.2544
1777262412820,24.8574
1777262412843,25.5724
1777262412887,25.4747
1777262412910,25.6723
1777262412955,25.6225
1777262412977,25.8996
1777262413000,25.8843
1777262413045,25.6674
1777262413067,25.4501
1777262413111,25.6174
1777262413134,25.6039
1777262413178,26.3176
1777262413202,26.0651
1777262413246,26.1238
1777262413269,26.3521
1777262413315,26.0537
1777262413338,26.1641
1777262413362,26.0779
1777262413406,26.0886
1777262413429,25.8152
1777262413473,25.7560
1777262413496,25.4917
1777262413540,25.5708
1777262413563,25.6714
1777262413607,25.2384
1777262413630,25.5056
1777262413675,25.2487
1777262413699,25.1041
1777262413744,25.2303
1777262413767,25.2285
1777262413791,25.3817
1777262413837,26.2886
1777262413861,26.1375
1777262413907,26.1000
1777262413929,26.2429
1777262413975,26.2438
1777262414000,26.2118
1777262414024,26.8819
1777262414069,26.8191
1777262414093,27.0575
1777262414138,27.4082
1777262414161,27.5597
1777262414207,26.7224
1777262414233,26.8366
1777262414256,26.9155
1777262414301,26.4752
1777262414325,26.7043
1777262414370,26.6757
1777262414394,26.9997
1777262414418,26.9288
1777262414465,27.4287
1777262414490,27.5038
1777262414536,27.8740
1777262414560,27.7923
1777262414584,27.7078
1777262414630,27.8336
1777262414654,28.0528
1777262414700,27.8823
1777262414725,27.9145
1777262414771,28.1832
1777262414796,28.3079
1777262414821,27.6048
1777262414867,26.8361
1777262414892,27.1615
1777262414918,27.1183
1777262415008,26.9768
1777262415030,26.7761
1777262415072,26.6630
1777262415094,26.8219
1777262415136,26.5781
1777262415158,25.9067
1777262415200,26.0275
1777262415242,25.9002
1777262415264,25.7388
1777262415306,25.9820
1777262415328,25.9929
1777262415371,25.8665
1777262415393,25.7103
1777262415435,25.4644
1777262415457,25.7610
1777262415500,25.4136
1777262415522,25.5479
1777262415565,24.5663
1777262415587,24.3083
1777262415630,24.0714
1777262415673,23.9715
1777262415695,24.4687
1777262415738,24.1521
1777262415760,24.5531
1777262415803,23.5076
1777262415826,23.6353
1777262415869,23.9417
1777262415891,23.5654
1777262415934,23.4637
1777262415957,23.9121
1777262416000,23.4829
1777262416022,22.9297
1777262416065,22.8657
1777262416087,23.3721
1777262416130,23.2753
1777262416153,23.1810
1777262416196,23.1767
1777262416219,23.0437
1777262416262,22.9456
1777262416285,23.0156
1777262416329,23.0903
1777262416351,23.4367
1777262416395,23.3085
1777262416418,23.6559
1777262416463,23.3996
1777262416485,23.4804
1777262416530,23.5258
1777262416553,23.7262
1777262416597,23.8570
1777262416620,24.4151
1777262416664,24.4346
1777262416688,24.5382
1777262416732,24.5382
1777262416756,24.5329
1777262416779,24.2985
1777262416824,24.0680
1777262416847,23.8389
1777262416892,23.8258
1777262416914,23.9126
1777262416960,24.1404
1777262416984,24.8312
1777262417029,24.7379
1777262417053,25.3250
1777262417078,25.3518
1777262417122,24.9354
1777262417146,25.1719
1777262417190,25.6359
1777262417214,26.2086
1777262417260,26.7933
1777262417284,26.6908
1777262417327,26.4691
1777262417351,26.3535
1777262417375,26.5563
1777262417420,26.2035
1777262417445,26.4097
1777262417490,26.3801
1777262417514,26.4994
1777262417559,26.3760
1777262417584,26.5506
1777262417608,26.2923
1777262417653,26.4714
1777262417677,26.6224
1777262417723,26.4923
1777262417748,26.3984
1777262417772,26.4832
1777262417817,26.6780
1777262417841,26.4918
1777262417887,26.9657
1777262417911,27.1567
1777262417957,27.1098
1777262417982,26.9505
1777262418006,26.8709
1777262418052,26.7426
1777262418077,26.5624
1777262418101,27.0014
1777262418146,26.6052
1777262418170,26.5751
1777262418282,26.9374
1777262418303,28.7357
1777262418325,29.9087
1777262418367,29.5318
1777262418389,29.6166
1777262418431,29.4544
1777262418453,29.1853
1777262418495,29.0296
1777262418517,29.0344
1777262418560,28.8145
1777262418603,28.5932
1777262418625,28.7337
1777262418667,28.8761
1777262418689,28.8254
1777262418732,28.5862
1777262418754,28.6092
1777262418796,28.2920
1777262418818,28.5825
1777262418861,28.4436
1777262418883,28.2554
1777262418926,27.6437
1777262418948,27.4456
1777262418991,26.6968
1777262419014,26.3686
1777262419056,26.5796
1777262419099,26.6774
1777262419122,26.5791
1777262419165,26.8393
1777262419187,27.0421
1777262419230,26.3714
1777262419253,26.2519
1777262419296,25.9621
1777262419318,25.1259
1777262419361,22.9186
1777262419384,23.0568
1777262419427,22.7629
1777262419450,23.2860
1777262419494,23.6119
1777262419517,23.6549
1777262419560,23.8108
1777262419583,23.9631
1777262419629,23.6277
1777262419653,23.7778
1777262419676,23.0712
1777262419720,23.2799
1777262419765,23.2996
1777262419788,23.5634
1777262419811,23.6939
1777262419854,23.3428
1777262419877,23.6185
1777262419921,23.2816
1777262419944,23.3993
1777262419988,24.1738
1777262420011,24.3091
1777262420054,24.2078
1777262420077,23.9619
1777262420122,23.7838
1777262420145,23.7764
1777262420189,23.4844
1777262420212,23.7165
1777262420257,24.2100
1777262420280,24.9584
1777262420304,24.5754
1777262420349,24.0558
1777262420374,23.5576
1777262420419,23.2076
1777262420443,23.5628
1777262420489,23.5025
1777262420512,23.5364
1777262420557,23.5799
1777262420581,23.5750
1777262420605,23.9986
1777262420650,24.2132
1777262420674,24.3714
1777262420719,24.7721
1777262420743,24.3669
1777262420789,24.2825
1777262420812,24.3075
1777262420836,24.4058
1777262420881,24.3938
1777262420904,25.4583
1777262420950,26.1032
1777262420975,26.5043
1777262420999,26.0740
1777262421044,26.1836
1777262421069,26.1713
1777262421114,25.9209
1777262421139,26.2435
1777262421185,26.4960
1777262421209,26.4556
1777262421290,27.5150
1777262421311,27.6844
1777262421353,27.9610
1777262421374,27.9308
1777262421415,28.0331
1777262421457,27.5302
1777262421479,27.6162
1777262421520,27.1229
1777262421542,27.1903
1777262421584,26.7305
1777262421625,26.9184
1777262421647,26.4601
1777262421689,26.2560
1777262421710,26.1817
1777262421752,25.8888
1777262421774,25.6818
1777262421836,26.0510
1777262421858,25.9233
1777262421900,25.7469
1777262421921,25.2861
1777262421965,24.6184
1777262421987,24.3609
1777262422029,23.8801
1777262422073,23.7980
1777262422096,24.2154
1777262422118,24.2572
1777262422162,23.7409
1777262422184,23.4122
1777262422228,23.0038
1777262422250,22.9645
1777262422294,21.2754
1777262422316,21.1677
1777262422359,21.6582
1777262422403,22.1037
1777262422426,22.1509
1777262422447,22.3001
1777262422491,22.1174
1777262422533,22.2564
1777262422556,22.4420
1777262422599,22.7420
1777262422622,23.0194
1777262422666,23.0716
1777262422689,23.3801
1777262422734,23.5828
1777262422757,23.5286
1777262422801,24.0264
1777262422823,24.0899
1777262422867,23.4968
1777262422890,23.6761
1777262422933,23.9560
1777262422956,24.4692
1777262423000,24.1916
1777262423024,24.9421
1777262423068,25.2882
1777262423091,25.2385
1777262423135,25.1158
1777262423158,25.5064
1777262423181,25.6443
1777262423227,26.3710
1777262423250,26.5252
1777262423294,26.3320
1777262423317,26.5777
1777262423361,26.3784
1777262423385,26.2983
1777262423429,26.1150
1777262423452,26.1384
1777262423497,26.2990
1777262423520,26.5683
1777262423544,26.8629
1777262423588,26.9715
1777262423612,26.6658
1777262423656,26.6730
1777262423680,26.4214
1777262423725,26.3562
1777262423748,26.1878
1777262423793,26.2000
1777262423817,26.0530
1777262423861,26.7091
1777262423885,26.9220
1777262423908,26.9586
1777262423953,26.5720
1777262423976,26.4196
1777262424064,26.9440
1777262424086,26.6516
1777262424128,26.7668
1777262424150,26.7090
1777262424192,26.4297
1777262424285,26.7643
1777262424306,27.2353
1777262424348,26.6314
1777262424370,26.8203
1777262424413,26.8080
1777262424456,26.6058
1777262424478,26.9249
1777262424527,26.8506
1777262424549,27.9138
1777262424571,27.8721
1777262424613,27.0592
1777262424635,27.7100
1777262424678,26.9984
1777262424700,27.1195
1777262424746,26.6724
1777262424768,26.6721
1777262424811,25.9419
1777262424833,26.0565
1777262424876,25.4121
1777262424919,24.8027
1777262424941,25.4550
1777262424984,25.0683
1777262425007,25.2566
1777262425050,25.3683
1777262425072,24.7216
1777262425126,25.0819
1777262425149,25.7896
1777262425171,26.1554
1777262425215,25.6978
1777262425237,25.6389
1777262425281,25.7425
1777262425304,25.5789
1777262425348,25.6087
1777262425370,25.5745
1777262425415,25.5367
1777262425437,25.7727
1777262425460,25.8121
1777262425504,26.2637
1777262425527,26.0244
1777262425571,24.9964
1777262425615,25.4043
1777262425638,25.4446
1777262425661,25.8196
1777262425705,25.6196
1777262425728,25.7703
1777262425777,25.2395
1777262425800,26.0290
1777262425844,26.2655
1777262425866,26.9849
1777262425909,26.9495
1777262425932,27.0324
1777262425975,26.8718
1777262425998,26.7424
1777262426042,26.6716
1777262426064,26.7769
1777262426108,26.7294
1777262426130,26.5835
1777262426173,25.8112
1777262426197,26.4944
1777262426220,26.4825
1777262426263,26.2341
1777262426286,26.1770
1777262426330,25.9301
1777262426354,25.5568
1777262426399,25.4471
1777262426423,25.4096
1777262426467,25.1909
1777262426491,24.8933
1777262426534,24.1993
1777262426557,24.7856
1777262426601,24.6277
1777262426624,24.6000
1777262426668,24.3677
1777262426692,24.5756
1777262426736,24.4766
1777262426759,24.9388
1777262426803,25.0871
1777262426828,25.6177
1777262426873,25.0433
1777262426896,25.1020
1777262426919,25.0263
1777262426965,24.4891
1777262426988,24.2507
1777262427035,24.3382
1777262427059,24.2157
1777262427104,24.2036
1777262427127,24.4510
1777262427151,24.5699
1777262427196,24.1955
1777262427220,23.8898
1777262427270,23.8579
1777262427295,23.7463
1777262427318,23.8687
1777262427365,23.9266
1777262427389,24.2616
1777262427434,23.9032
1777262427461,24.2395
1777262427485,24.3071
1777262427530,24.2028
1777262427554,24.7021
1777262427599,24.5843
1777262427623,24.3591
1777262427668,24.5130
1777262427693,24.8608
1777262427717,25.2019
1777262427762,25.4094
1777262427786,25.8263
1777262427831,25.2298
1777262427855,24.8815
1777262427900,24.5775
1777262427924,24.6712
1777262427948,24.8844
1777262427995,24.4124
1777262428020,24.6093
1777262428065,24.6659
1777262428089,25.1243
1777262428136,24.8075
1777262428160,24.9035
1777262428184,25.3472
1777262428229,25.2122
1777262428253,25.7078
1777262428302,25.4943
1777262428327,25.8662
1777262428352,26.0294
1777262428398,25.6330
1777262428422,26.1759
1777262428447,26.0100
1777262428492,25.6713
1777262428517,25.9737
1777262428562,25.8240
1777262428586,25.9829
1777262428611,25.7002
1777262428656,25.6433
1777262428680,25.3744
1777262428725,24.5979
1777262428749,24.6719
1777262428796,23.9672
1777262428820,24.2590
1777262428845,24.4638
1777262428890,24.6508
1777262428914,24.5175
1777262428960,24.3261
1777262428986,25.0527
1777262429010,24.9216
1777262429055,25.2634
1777262429080,25.1365
1777262429126,24.7607
1777262429150,24.9608
1777262429176,24.9382
1777262429222,24.7903
1777262429246,24.7322
1777262429292,24.4034
1777262429316,24.5329
1777262429340,24.7221
1777262429386,25.5472
1777262429411,25.4542
1777262429456,25.5111
1777262429481,25.8878
1777262429506,25.6197
1777262429552,25.6353
1777262429577,27.3298
1777262429622,27.2677
1777262429648,27.5273
1777262429672,27.1901
1777262429719,26.7927
1777262429744,27.1595
1777262429790,27.2893
1777262429815,27.2724
1777262429839,27.0729
1777262429886,27.0084
1777262429911,26.8996
1777262429957,26.6092
1777262429984,26.9255
1777262430009,26.9228
1777262430056,27.0316
1777262430082,26.8870
1777262430108,27.1199
1777262430154,26.7662
1777262430180,26.7805
1777262430205,26.8525
1777262430252,26.3128
1777262430279,26.6417
1777262430305,26.4111
1777262430350,26.0589
1777262430375,25.6610
1777262430424,25.7439
1777262430449,26.0898
1777262430474,26.0029
1777262430519,25.9639
1777262430545,26.0331
1777262430570,25.9291
1777262430616,24.9967
1777262430640,25.3865
1777262430666,25.1774
1777262430711,25.2391
1777262430735,25.9783
1777262430781,26.3106
1777262430805,26.1367
1777262430831,26.2860
1777262430878,27.0055
1777262430904,26.8978
1777262430930,26.6317
1777262430977,26.4342
1777262431003,26.2603
1777262431055,26.5174
1777262431081,26.6275
1777262431106,26.5151
1777262431131,26.3366
1777262431176,26.2474
1777262431201,26.0888
1777262431247,27.0712
1777262431273,27.4126
1777262431298,27.5629
1777262431345,28.0891
1777262431371,28.0098
1777262431396,27.8208
1777262431442,27.5131
1777262431468,27.7949
1777262431494,27.6516
1777262431541,27.2182
1777262431568,27.0038
1777262431593,26.9445
1777262431639,26.2856
1777262431664,25.4387
1777262431709,25.4050
1777262431733,25.2255
1777262431758,24.9414
1777262431804,24.7906
1777262431829,24.3908
1777262431875,23.8401
1777262431900,23.8189
1777262431926,23.5901
1777262431972,23.5010
1777262431998,24.2555
1777262432023,24.3439
1777262432070,24.0332
1777262432096,24.1273
1777262432122,23.8801
1777262432168,23.9825
1777262432194,23.8894
1777262432240,23.6708
1777262432264,23.3192
1777262432314,23.6011
1777262432339,24.0775
1777262432364,24.0728
1777262432390,24.1341
1777262432437,24.1828
1777262432462,24.2983
1777262432488,23.6479
1777262432535,24.2716
1777262432561,24.3117
1777262432587,24.2238
1777262432633,24.1745
1777262432658,24.9993
1777262432684,25.1536
1777262432735,25.2496
1777262432761,25.5332
1777262432787,25.7023
1777262432834,26.5505
1777262432860,27.2512
1777262432885,27.2730
1777262432932,27.8847
1777262432958,28.5529
1777262432984,28.5704
1777262433030,28.2723
1777262433055,28.5088
1777262433102,28.1277
1777262433135,28.3696
1777262433160,28.7426
1777262433186,28.5043
1777262433232,28.2213
1777262433257,28.5920
1777262433282,28.6291
1777262433329,28.4885
1777262433355,27.8689
1777262433380,27.6495
1777262433427,27.6896
1777262433452,27.4998
1777262433498,27.1133
1777262433523,27.4143
1777262433578,27.2172
1777262433604,27.9492
1777262433630,28.5521
1777262433654,28.3742
1777262433679,28.1395
1777262433725,28.2470
1777262433751,28.0779
1777262433798,27.8958
1777262433823,27.9436
1777262433848,27.2564
1777262433894,26.6358
1777262433919,26.8176
1777262433944,26.1955
1777262433994,25.9186
1777262434019,26.1477
1777262434045,25.9409
1777262434091,25.9155
1777262434116,25.8342
1777262434140,25.5100
1777262434185,25.4853
1777262434210,25.6079
1777262434258,25.6835
1777262434284,25.6029
1777262434310,25.8542
1777262434356,25.7235
1777262434381,25.9430
1777262434406,26.9725
1777262434452,26.6880
1777262434478,26.9323
1777262434524,26.7084
1777262434549,26.9064
1777262434575,27.0773
1777262434621,26.5823
1777262434646,26.3556
1777262434671,26.0349
1777262434718,25.7688
1777262434744,25.9056
1777262434769,25.6962
1777262434814,25.4865
1777262434839,25.2410
1777262434887,25.6575
1777262434911,25.6272
1777262434936,25.6983
1777262434982,26.1599
1777262435008,25.6456
1777262435033,25.8281
1777262435082,25.4853
1777262435108,25.7072
1777262435134,25.4585
1777262435181,25.2259
1777262435207,25.2710
1777262435231,25.2256
1777262435277,25.0837
1777262435303,24.9725
1777262435349,25.0865
1777262435375,25.0815
1777262435400,24.4296
1777262435447,23.1945
1777262435474,23.5675
1777262435500,23.5123
1777262435548,23.6715
1777262435574,23.4965
1777262435600,23.4297
1777262435645,23.3849
1777262435669,23.6490
1777262435695,23.8851
1777262435742,23.6078
1777262435767,23.6640
1777262435814,24.1586
1777262435840,24.3512
1777262435866,24.6541
1777262435891,24.5605
1777262435937,24.1332
1777262435962,23.9509
1777262436007,23.8868
1777262436031,23.9463
1777262436076,23.9252
1777262436101,24.0693
1777262436126,23.8859
1777262436173,23.8555
1777262436198,24.2344
1777262436224,24.2139
1777262436270,24.1979
1777262436297,24.9494
1777262436322,24.7633
1777262436369,24.5018
1777262436397,24.3464
1777262436423,24.7864
1777262436469,24.8147
1777262436519,25.2795
1777262436544,25.8370
1777262436569,26.0007
1777262436594,25.9948
1777262436620,26.1096
1777262436666,26.1925
1777262436692,26.8754
1777262436738,27.5606
1777262436764,27.5582
1777262436789,27.4079
1777262436835,26.9735
1777262436860,26.8856
1777262436885,26.4394
1777262436932,26.8829
1777262436957,26.7798
1777262437076,26.8259
1777262437097,29.5424
1777262437118,29.2112
1777262437160,29.3931
1777262437181,29.1011
1777262437224,28.8451
1777262437246,28.6100
1777262437288,28.3155
1777262437331,28.0769
1777262437352,28.6024
1777262437395,28.1531
1777262437417,28.3030
1777262437459,28.3322
1777262437481,28.1580
1777262437524,27.4585
1777262437546,26.7848
1777262437589,26.2692
1777262437611,26.3988
1777262437654,26.0300
1777262437676,25.6918
1777262437718,24.8614
1777262437764,24.8826
1777262437786,25.0220
1777262437808,25.0660
1777262437851,25.1280
1777262437894,25.1544
1777262437916,25.2975
1777262437959,25.1482
1777262437982,25.6442
1777262438025,25.1718
1777262438048,25.3468
1777262438091,25.2267
1777262438114,22.6553
1777262438157,23.0574
1777262438180,22.9206
1777262438223,23.2342
1777262438245,23.2667
1777262438289,23.5100
1777262438313,23.7368
1777262438356,23.4073
1777262438379,23.5168
1777262438422,23.1980
1777262438445,23.2150
1777262438489,22.9429
1777262438512,23.0639
1777262438555,22.8319
1777262438578,23.0726
1777262438622,23.5247
1777262438645,23.9352
1777262438689,23.4199
1777262438712,24.0072
1777262438756,23.6235
1777262438779,23.4648
1777262438823,23.3824
1777262438846,23.7093
1777262438890,23.9408
1777262438913,24.1696
1777262438957,24.0884
1777262438980,23.9519
1777262439025,24.3464
1777262439049,24.2287
1777262439072,24.4844
1777262439116,24.3015
1777262439139,24.3167
1777262439184,24.2132
1777262439208,24.2844
1777262439252,24.7023
1777262439276,25.0880
1777262439320,24.9409
1777262439343,25.3644
1777262439367,25.3173
1777262439411,24.6826
1777262439435,24.6219
1777262439479,24.9092
1777262439503,24.6709
1777262439547,25.0441
1777262439571,25.1706
1777262439615,25.1036
1777262439639,24.8782
1777262439684,24.8565
1777262439708,24.8480
1777262439753,24.5070
1777262439777,24.7517
1777262439801,25.1610
1777262439849,24.9393
1777262439874,25.0030
1777262439898,24.8880
1777262439942,24.8359
1777262439967,24.8985
1777262440011,24.5777
1777262440036,24.3056
1777262440081,23.9364
1777262440106,24.1790
1777262440130,24.6594
1777262440175,25.2463
1777262440200,25.2911
1777262440245,24.9411
1777262440269,24.5951
1777262440316,24.5069
1777262440339,24.6011
1777262440363,24.4174
1777262440409,24.1240
1777262440433,24.7972
1777262440478,25.4875
1777262440503,25.9585
1777262440527,26.1654
1777262440573,26.1574
1777262440598,26.5171
1777262440645,26.3459
1777262440671,26.5288
1777262440694,26.2594
1777262440741,26.1107
1777262440767,26.0527
1777262440792,25.7924
1777262440839,25.4376
1777262440865,25.3470
1777262440891,25.1465
1777262440938,24.8701
1777262440962,24.9624
1777262441008,25.3464
1777262441033,25.6055
1777262441057,25.4896
1777262441102,25.6104
1777262441127,25.7878
1777262441152,25.1156
1777262441199,24.3404
1777262441223,24.3364
1777262441269,24.6226
1777262441295,24.9764
1777262441342,24.9672
1777262441367,25.0780
1777262441392,25.3666
1777262441439,25.2811
1777262441466,25.5176
1777262441491,24.9640
1777262441517,24.8713
1777262441564,25.1118
1777262441589,24.6355
1777262441638,24.5218
1777262441666,24.6121
1777262441692,24.4829
1777262441719,24.9373
1777262441766,24.8815
1777262441792,25.0346
1777262441817,25.2030
1777262441865,24.6862
1777262441891,24.9165
1777262441917,24.8086
1777262441964,24.9608
1777262441990,24.9655
1777262442016,24.9224
1777262442065,24.8389
1777262442091,25.0392
1777262442116,24.7539
1777262442161,24.2292
1777262442187,24.6753
1777262442236,24.3587
1777262442263,24.7349
1777262442291,25.0489
1777262442318,24.8830
1777262442373,24.7777
1777262442399,24.9257
1777262442426,25.2972
1777262442453,25.1542
1777262442479,24.7713
1777262442527,24.4878
1777262442555,24.7384
1777262442602,24.7982
1777262442629,25.1528
1777262442656,25.1946
1777262442682,24.9235
1777262442709,24.9413
1777262442757,24.8893
1777262442785,24.8081
1777262442812,24.7388
1777262442860,24.5906
1777262442888,25.1523
1777262442915,25.0929
1777262442943,25.2983
1777262442991,24.8004
1777262443019,25.1384
1777262443046,25.2021
1777262443074,24.9096
1777262443123,24.9689
1777262443151,25.4276
1777262443177,25.2273
1777262443225,25.5665
1777262443252,25.9427
1777262443279,25.9867
1777262443306,25.6821
1777262443354,25.4677
1777262443379,25.3528
1777262443404,24.7862
1777262443452,24.5029
1777262443479,24.6593
1777262443505,24.6511
1777262443553,24.3625
1777262443579,23.9668
1777262443604,23.8396
1777262443652,23.9268
1777262443679,23.8143
1777262443705,23.6674
1777262443753,23.7718
1777262443780,23.8383
1777262443806,23.7143
1777262443852,23.4646
1777262443879,23.9041
1777262443906,23.7012
1777262443932,23.4933
1777262443980,23.8113
1777262444007,23.7805
1777262444034,23.7129
1777262444083,25.1828
1777262444109,25.4265
1777262444136,25.1654
1777262444185,24.7584
1777262444212,25.1688
1777262444238,25.2928
1777262444287,24.8391
1777262444313,24.8633
1777262444339,25.0714
1777262444365,25.2542
1777262444413,25.7316
1777262444439,26.3002
1777262444465,26.3668
1777262444514,27.2914
1777262444541,27.8523
1777262444567,27.9567
1777262444615,27.9969
1777262444642,28.2349
1777262444666,27.7289
1777262444691,27.6122
1777262444739,27.6845
1777262444767,27.4395
1777262444793,27.1765
1777262444841,27.6745
1777262444872,27.9081
1777262444899,28.0609
1777262444927,28.2121
1777262444975,28.4338
1777262445000,28.3509
1777262445024,27.7623
1777262445071,27.2820
1777262445096,26.2471
1777262445144,25.9669
1777262445172,27.1086
1777262445199,27.3489
1777262445225,27.3394
1777262445273,27.1947
1777262445298,27.1756
1777262445324,27.0332
1777262445372,26.9849
1777262445400,26.7596
1777262445427,26.5404
1777262445452,26.2136
1777262445500,25.8554
1777262445526,25.0524
1777262445574,24.6994
1777262445601,24.8582
1777262445628,24.7352
1777262445655,24.9591
1777262445703,25.6200
1777262445730,26.7001
1777262445758,26.9848
1777262445785,26.8332
1777262445832,26.5446
1777262445857,26.5921
1777262445883,26.1030
1777262445928,25.8653
1777262445955,26.7216
1777262446002,26.4401
1777262446029,26.7929
1777262446056,27.2218
1777262446082,26.9534
1777262446127,27.1084
1777262446154,27.2120
1777262446202,26.5514
1777262446229,26.6106
1777262446255,26.7415
1777262446281,26.4444
1777262446327,26.1820
1777262446353,26.5429
1777262446380,26.1432
1777262446429,25.6350
1777262446455,25.4471
1777262446481,25.9921
1777262446529,25.9959
1777262446556,26.2465
1777262446583,26.2718
1777262446631,26.2337
1777262446656,26.4218
1777262446681,25.8013
1777262446728,24.9076
1777262446760,24.2271
1777262446786,24.2100
1777262446812,24.8004
1777262446860,24.7802
1777262446887,25.0343
1777262446912,24.9321
1777262446959,24.0462
1777262446985,24.4572
1777262447011,24.1816
1777262447059,23.6395
1777262447086,23.9957
1777262447112,24.2845
1777262447159,23.7760
1777262447184,23.8262
1777262447211,23.8398
1777262447258,23.6215
1777262447284,23.8717
1777262447310,23.9047
1777262447357,23.5512
1777262447390,24.0644
1777262447417,24.8885
1777262447444,25.0089
1777262447491,24.9146
1777262447517,25.1574
1777262447545,24.9513
1777262447593,24.8339
1777262447618,24.9855
1777262447643,24.8013
1777262447690,24.5752
1777262447835,25.4565
1777262447856,31.0595
1777262447877,30.6563
1777262447919,30.2720
1777262447941,30.8668
1777262447983,30.1170
1777262448005,29.7992
1777262448047,29.6307
1777262448089,30.1666
1777262448111,30.1360
1777262448153,30.2485
1777262448175,30.0562
1777262448218,29.9673
1777262448240,30.1637
1777262448282,29.6437
1777262448304,29.8181
1777262448347,29.4657
1777262448389,29.5982
1777262448411,29.2416
1777262448454,28.8893
1777262448476,28.8981
1777262448519,28.2718
1777262448541,28.2825
1777262448583,28.7847
1777262448606,28.7639
1777262448648,28.0481
1777262448670,28.4076
1777262448716,27.7195
1777262448738,27.5457
1777262448781,27.2820
1777262448803,27.1645
1777262448845,27.0754
1777262448867,21.8572
1777262448910,22.4828
1777262448953,22.5493
1777262448976,22.9574
1777262448999,23.0515
1777262449042,23.3010
1777262449064,23.1305
1777262449107,22.8035
1777262449150,23.0432
1777262449172,23.2839
1777262449215,23.0538
1777262449237,23.0964
1777262449280,23.2327
1777262449302,23.1966
1777262449347,23.4231
1777262449369,23.3873
1777262449412,23.2208
1777262449434,23.4571
1777262449477,23.5420
1777262449500,23.7203
1777262449543,23.6701
1777262449565,24.0196
1777262449608,23.3845
1777262449631,23.6857
1777262449674,23.4477
1777262449697,23.6135
1777262449741,23.9931
1777262449764,24.0770
1777262449807,24.0419
1777262449829,24.5800
1777262449873,24.0076
1777262449896,24.5231
1777262449939,24.0047
1777262449962,24.0141
1777262450006,23.8620
1777262450029,24.0508
1777262450073,24.1117
1777262450096,24.3321
1777262450139,24.7223
1777262450162,24.7686
1777262450207,24.3077
1777262450229,24.3894
1777262450273,24.5419
1777262450296,24.4121
1777262450340,24.6147
1777262450363,24.5091
1777262450406,24.5155
1777262450429,24.4253
1777262450473,24.6169
1777262450497,24.4931
1777262450520,24.6312
1777262450564,24.5104
1777262450612,24.7806
1777262450635,24.9130
1777262450658,25.0538
1777262450704,25.0374
1777262450727,25.4892
1777262450772,24.8213
1777262450795,25.1390
1777262450818,24.9617
1777262450862,25.0065
1777262450886,25.1065
1777262450930,24.7400
1777262450954,25.0609
1777262450999,24.9469
1777262451022,24.8167
1777262451066,25.0891
1777262451089,25.0050
1777262451134,25.3679
1777262451158,25.2678
1777262451182,25.0676
1777262451226,24.8435
1777262451250,24.9990
1777262451294,24.8819
1777262451915,24.6750
1777262451939,48.2213
1777262451963,47.9709
1777262452008,47.8231
1777262452032,48.1355
1777262452076,48.0982
1777262452100,48.0259
1777262452145,47.2939
1777262452168,46.5397
1777262452192,49.6340
1777262452236,48.0971
1777262452260,47.9951
1777262452304,49.2075
1777262452328,49.7144
1777262452372,47.3347
1777262452396,45.7398
1777262452441,44.0654
1777262452465,42.9630
1777262452510,41.8422
1777262452534,41.1461
1777262452558,40.0586
1777262452602,39.3470
1777262452626,38.9447
1777262452671,38.1265
1777262452701,37.6811
1777262452726,37.1744
1777262452770,36.4005
1777262452794,35.8969
1777262452838,35.3130
1777262452863,35.0453
1777262452887,34.7169
1777262452932,34.5738
1777262452956,24.0291
1777262453000,24.0386
1777262453024,24.4765
1777262453069,24.1242
1777262453093,24.1460
1777262453138,24.7355
1777262453161,24.9995
1777262453185,25.0549
1777262453230,25.5140
1777262453254,25.3120
1777262453299,25.1196
1777262453323,25.1488
1777262453369,25.4497
1777262453393,25.6102
1777262453417,25.4356
1777262453462,25.5303
1777262453486,25.4298
1777262453535,25.2989
1777262453559,25.5017
1777262453584,25.7959
1777262453724,26.7985
1777262453745,26.6302
1777262453786,26.7853
1777262453808,26.6675
1777262453850,26.7372
1777262453872,27.0656
1777262453914,27.3543
1777262453957,26.6886
1777262453979,27.1352
1777262454022,26.8630
1777262454044,26.7733
1777262454086,27.0003
1777262454108,26.8961
1777262454150,26.2318
1777262454172,25.8218
1777262454215,26.0884
1777262454237,25.4694
1777262454279,25.6360
1777262454323,25.4702
1777262454345,25.4590
1777262454387,25.3107
1777262454410,25.1316
1777262454453,25.3539
1777262454475,25.2224
1777262454518,25.7339
1777262454541,25.9053
1777262454584,25.5869
1777262454607,25.6049
1777262454650,25.5798
1777262454673,25.4878
1777262454716,25.4277
1777262454738,25.3407
1777262454782,24.4462
1777262454804,24.9947
1777262454847,24.9010
1777262454870,24.7750
1777262454913,24.3640
1777262454936,24.6686
1777262454979,24.5235
1777262455002,24.5396
1777262455046,24.4098
1777262455069,24.3971
1777262455113,24.2989
1777262455136,24.4121
1777262455179,24.7381
1777262455202,25.1178
1777262455246,24.7149
1777262455269,25.1038
1777262455314,24.6891
1777262455337,24.5238
1777262455381,24.5537
1777262455404,24.4091
1777262455447,24.7375
1777262455470,24.9496
1777262455513,24.6266
1777262455536,24.5786
1777262455580,24.2623
1777262455603,24.7413
1777262455649,24.9389
1777262455672,25.0161
1777262455695,24.8794
1777262455739,24.9149
1777262455762,25.2511
1777262455806,24.8685
1777262455830,24.6088
1777262455874,24.8917
1777262455897,25.1817
1777262455941,24.8723
1777262455965,24.9382
1777262456010,24.7008
1777262456033,24.8114
1777262456078,24.8886
1777262456101,25.4079
1777262456125,25.3629
1777262456169,25.7537
1777262456193,25.3875
1777262456238,24.9976
1777262456263,25.3888
1777262456308,25.3460
1777262456331,25.3964
1777262456377,25.9911
1777262456401,25.9614
1777262456425,25.8540
1777262456472,25.9809
1777262456496,26.4477
1777262456541,26.3549
1777262456565,26.8583
1777262456588,26.8088
1777262456635,26.3707
1777262456659,26.1310
1777262456703,26.1957
1777262456727,26.1800
1777262456772,26.3674
1777262456796,26.6829
1777262456819,26.6445
1777262456865,26.8485
1777262456894,26.5770
1777262456919,26.4973
1777262456966,26.5464
1777262456991,26.5825
1777262457037,26.1116
1777262457063,26.3303
1777262457088,26.2906
1777262457134,26.3068
1777262457159,26.7067
1777262457206,26.4321
1777262457231,26.7633
1777262457256,26.8749
1777262457302,27.0850
1777262457328,27.4540
1777262457353,27.3631
1777262457400,26.6317
1777262457427,26.7318
1777262457453,26.6832
1777262457500,26.2612
1777262457530,26.4312
1777262457554,26.5810
1777262457601,26.2688
1777262457627,26.6278
1777262457653,26.7565
1777262457700,27.4940
1777262457727,27.7475
1777262457752,28.3657
1777262457799,28.3317
1777262457826,28.4667
1777262457853,29.0294
1777262457900,28.6687
1777262457927,28.7874
1777262457954,28.9815
1777262457980,28.7673
1777262458028,29.1835
1777262458055,29.0177
1777262458081,28.6784
1777262458129,28.1326
1777262458156,27.8464
1777262458204,27.4283
1777262458232,27.6269
1777262458259,27.5931
1777262458285,27.4700
1777262458312,27.1399
1777262458360,26.5710
1777262458391,26.9024
1777262458417,26.7454
1777262458444,26.4864
1777262458492,26.1854
1777262458519,26.2034
1777262458547,25.7574
1777262458595,25.7005
1777262458622,25.8643
1777262458649,25.7779
1777262458676,25.4713
1777262458725,24.6678
1777262458754,24.3651
1777262458782,23.6860
1777262458835,23.5709
1777262458862,23.8174
1777262458890,24.0927
1777262458917,24.0633
1777262458944,23.8042
1777262458993,24.0590
1777262459026,24.4462
1777262459053,24.6220
1777262459080,24.8139
1777262459107,25.0068
1777262459156,24.7671
1777262459184,25.0465
1777262459211,25.0129
1777262459238,24.5301
1777262459288,24.3283
1777262459315,24.6148
1777262459343,24.7305
1777262459369,24.8515
1777262459417,24.8262
1777262459445,25.5029
1777262459472,26.1400
1777262459520,26.1710
1777262459548,26.4516
1777262459576,26.5336
1777262459602,26.2653
1777262459651,25.9826
1777262459678,26.3295
1777262459704,26.5444
1777262459752,26.1319
1777262459779,26.1714
1777262459806,26.3357
1777262459832,26.2244
1777262459883,26.2585
1777262459910,26.0822
1777262459937,25.8901
1777262459964,25.7507
1777262460012,25.4959
1777262460040,25.2695
1777262460074,24.9263
1777262460100,25.0861
1777262460150,25.6631
1777262460177,25.8233
1777262460205,25.6781
1777262460231,25.5615
1777262460281,25.8326
1777262460306,25.8628
1777262460331,25.5766
1777262460379,25.2294
1777262460406,25.4613
1777262460434,25.0654
1777262460482,24.4397
1777262460510,24.7562
1777262460537,24.7234
1777262460564,24.4644
1777262460612,24.6140
1777262460638,24.8694
1777262460664,24.6750
1777262460710,24.1894
1777262460736,24.6113
1777262460763,24.7420
1777262460812,24.4433
1777262460839,24.5481
1777262460866,24.6482
1777262460893,23.8659
1777262460942,23.8288
1777262460969,24.1551
1777262460996,24.2224
1777262461044,23.9293
1777262461072,24.5352
1777262461100,24.6247
1777262461127,24.7828
1777262461175,24.7000
1777262461203,24.6410
1777262461229,24.7070
1777262461255,24.4676
1777262461303,23.9764
1777262461335,23.8840
1777262461362,24.3469
1777262461390,24.4306
1777262461439,24.3973
1777262461466,24.8217
1777262461494,24.7420
1777262461521,24.3097
1777262461568,23.9334
1777262461594,24.0295
1777262461621,24.0372
1777262461670,23.9655
1777262461698,24.8491
1777262461726,24.7476
1777262461775,24.4873
1777262461803,24.7244
1777262461830,24.7473
1777262461857,24.5279
1777262461884,24.4848
1777262461910,24.6523
1777262461938,24.8668
1777262461996,24.8534
1777262462024,25.6596
1777262462058,26.2177
1777262462094,26.4204
1777262462126,27.0695
1777262462154,28.1171
1777262462188,28.8428
1777262462214,29.2012
1777262462250,29.8561
1777262462276,30.6590
1777262462307,31.4078
1777262462335,31.7095
1777262462361,32.2363
1777262462397,32.5887
1777262462425,33.4334
1777262462469,34.0184
1777262462496,35.0713
1777262462523,35.5110
1777262462551,36.2158
1777262462578,36.2089
1777262462807,44.4448
1777262462828,50.0796
1777262462850,50.2906
1777262462871,51.5308
1777262462893,51.1690
1777262462915,50.9141
1777262462937,51.4682
1777262462959,50.8016
1777262462981,50.7314
1777262463003,50.1433
1777262463028,49.5860
1777262463049,48.9457
1777262463075,48.3519
1777262463097,47.5332
1777262463119,46.8036
1777262463141,46.1393
1777262463167,45.6248
1777262463188,45.4596
1777262463211,44.5023
1777262463233,43.8353
1777262463256,43.5616
1777262463278,43.2146
1777262463301,43.2077
1777262463323,42.4311
1777262463346,42.0781
1777262463369,41.6742
1777262463391,41.5397
1777262463413,41.2032
1777262463439,40.4329
1777262463462,39.8420
1777262463484,39.3332
1777262463506,38.4662
1777262463528,38.0478
1777262463550,37.9883
1777262463573,37.9485
1777262463595,37.7202
1777262463624,37.5805
1777262463650,37.1885
1777262463679,37.4567
1777262463702,37.3521
1777262463724,37.1507
1777262463747,36.6513
1777262463772,36.3751
1777262463802,32.3604
1777262463830,32.3615
1777262463859,27.0620
1777262463882,27.6220
1777262463904,27.7404
1777262463927,27.8364
1777262463955,27.8053
1777262463978,27.9409
1777262464001,28.4136
1777262464026,28.0535
1777262464049,28.0068
1777262464072,28.5460
1777262464095,28.5833
1777262464125,28.4678
1777262464148,30.1899
1777262464172,30.2619
1777262464195,30.0979
1777262464218,30.3528
1777262464241,30.3325
1777262464264,30.3796
1777262464288,30.3004
1777262464313,30.4117
1777262464336,31.0391
1777262464360,31.4379
1777262464383,31.7706
1777262464406,31.3188
1777262464431,31.2237
1777262464454,31.2454
1777262464596,32.4445
1777262464641,34.2797
1777262464663,41.4304
1777262464684,41.2243
1777262464705,40.8896
1777262464727,41.0513
1777262464748,41.1195
1777262464770,41.0488
1777262464798,40.7586
1777262464821,40.6112
1777262464848,40.5365
1777262464869,40.6096
1777262464891,40.4185
1777262464913,40.2448
1777262464942,40.1263
1777262464963,40.4363
1777262464985,40.1884
1777262465006,39.9652
1777262465029,40.2006
1777262465052,40.0164
1777262465073,39.9396
1777262465095,39.8515
1777262465119,39.8592
1777262465141,39.5034
1777262465164,37.5730
1777262465186,37.1527
1777262465208,37.3437
1777262465231,37.2510
1777262465253,37.7050
1777262465276,37.6665
1777262465298,37.5783
1777262465320,37.5762
1777262465343,36.7589
1777262465369,36.1917
1777262465394,36.4183
1777262465416,36.2013
1777262465446,36.0541
1777262465468,36.1829
1777262465490,35.6974
1777262465513,35.5450
1777262465536,35.3493
1777262465558,35.1163
1777262465580,34.7189
1777262465603,33.1456
1777262465626,33.0090
1777262465649,32.9898
1777262465671,26.4583
1777262465693,26.4280
1777262465716,26.4035
1777262465739,26.4768
1777262465761,26.2513
1777262465784,26.2730
1777262465810,26.1566
1777262465838,26.1557
1777262465861,26.4726
1777262465884,26.3808
1777262465906,25.9653
1777262465929,25.8148
1777262465955,25.5416
1777262465985,26.2484
1777262466008,27.2957
1777262466031,27.4094
1777262466054,27.4676
1777262466077,27.5941
1777262466099,27.5464
1777262466121,27.2524
1777262466152,26.8828
1777262466175,27.2493
1777262466199,27.3457
1777262466222,27.2633
1777262466245,27.2041
1777262466268,26.9806
1777262466291,26.9368
1777262466314,26.6502
1777262466337,27.2250
1777262466363,26.9844
1777262466386,27.4075
1777262466409,27.3802
1777262466435,27.3044
1777262466459,27.5282
1777262466482,27.6037
1777262466505,27.5424
1777262466528,27.4812
1777262466550,27.3431
1777262466573,27.8723
1777262466596,27.8131
1777262466623,27.8325
1777262466649,28.4445
1777262466672,28.8792
1777262466696,28.7605
1777262466719,28.8579
1777262466743,28.8082
1777262466766,28.9527
1777262466790,29.5557
1777262466813,29.4408
1777262466837,29.7577
1777262466861,29.6464
1777262466885,29.7570
1777262466909,29.7307
1777262466932,29.9189
1777262466957,29.8952
1777262466980,29.5791
1777262467019,29.3733
1777262467043,29.2877
1777262467066,29.3754
1777262467091,29.5746
1777262467114,29.8649
1777262467138,29.7721
1777262467167,29.8962
1777262467190,29.9649
1777262467238,30.2968
1777262467262,30.3088
1777262467287,30.4910
1777262467311,30.9952
1777262467340,30.7637
1777262467370,30.7720
1777262467395,30.9650
1777262467440,31.0317
1777262467464,31.1543
1777262467491,31.0721
1777262467515,31.1339
1777262467539,31.1347
1777262467564,31.3176
1777262467588,31.1269
1777262467612,30.9565
1777262467663,30.6206
1777262467687,30.2628
1777262467712,30.0801
1777262467737,30.2485
1777262467761,30.3179
1777262467786,30.3771
1777262467811,30.4748
1777262467884,30.2854
1777262467908,30.2077
1777262467932,30.2002
1777262467957,30.2304
1777262467982,29.7010
1777262468007,30.3546
1777262468030,30.2107
1777262468062,29.2137
1777262468087,29.4870
1777262468111,30.0187
1777262468136,30.1093
1777262468162,29.8055
1777262468187,30.2506
1777262468212,29.9829
1777262468237,29.7521
1777262468264,29.6890
1777262468290,30.4531
1777262468314,30.7059
1777262468338,31.0104
1777262468363,30.6575
1777262468392,30.5593
1777262468417,30.3059
1777262468443,30.2211
1777262468469,30.2391
1777262468494,30.7424
1777262468519,30.8043
1777262468799,31.1672
1777262468821,32.3181
1777262468842,32.0476
1777262468863,31.2623
1777262468888,30.8443
1777262468909,31.0301
1777262468931,30.8773
1777262468952,30.6049
1777262468974,30.9689
1777262468996,30.4356
1777262469018,29.6400
1777262469039,29.5205
1777262469061,29.4205
1777262469104,29.0505
1777262469126,28.1111
1777262469148,28.0726
1777262469175,27.9591
1777262469197,27.8885
1777262469219,27.7085
1777262469241,27.8628
1777262469267,27.7503
1777262469289,28.1075
1777262469316,26.8764
1777262469345,26.1186
1777262469367,26.4406
1777262469390,26.2398
1777262469412,26.2588
1777262469434,25.8659
1777262469456,25.6768
1777262469479,25.6015
1777262469531,26.2160
1777262469556,26.4515
1777262469578,26.6414
1777262469601,26.7967
1777262469623,26.4242
1777262469645,26.2498
1777262469675,26.1696
1777262469698,26.6339
1777262469721,26.7606
1777262469743,26.8208
1777262469766,26.9496
1777262469788,26.9619
1777262469811,26.8376
1777262469855,26.9788
1777262469878,27.1139
1777262469905,27.1180
1777262469928,27.5550
1777262469951,28.0206
1777262469974,28.1114
1777262469996,28.3043
1777262470019,28.3398
1777262470042,28.2735
1777262470065,28.3579
1777262470088,28.4531
1777262470112,28.4436
1777262470134,28.1598
1777262470157,27.9893
1777262470180,28.1486
1777262470203,27.5747
1777262470226,27.7819
1777262470249,27.6036
1777262470272,27.4786
1777262470295,27.3263
1777262470319,27.1780
1777262470342,26.8566
1777262470369,26.6689
1777262470397,26.7434
1777262470424,26.6684
1777262470447,26.8985
1777262470470,26.7030
1777262470499,26.7886
1777262470522,25.9917
1777262470559,25.2299
1777262470582,26.3836
1777262470606,26.5458
1777262470629,26.6992
1777262470652,26.7401
1777262470676,26.6776
1777262470699,26.9591
1777262470730,26.4293
1777262470759,26.9904
1777262470783,27.1497
1777262470806,27.2139
1777262470830,27.4752
1777262470854,27.4148
1777262470878,27.4520
1777262470901,27.6436
1777262470947,27.4066
1777262470971,27.2217
1777262470999,27.2353
1777262471022,27.3118
1777262471046,27.3699
1777262471069,27.6406
1777262471093,27.3904
1777262471117,27.5815
1777262471160,28.0740
1777262471184,27.9130
1777262471359,28.1906
1777262471396,32.1301
1777262471417,35.6200
1777262471438,35.6126
1777262471460,35.6652
1777262471481,36.2716
1777262471506,35.9798
1777262471527,36.1823
1777262471550,35.5407
1777262471572,35.2285
1777262471593,33.5549
1777262471615,33.8601
1777262471636,33.8834
1777262471658,33.7029
1777262471679,33.7633
1777262471701,33.3654
1777262471723,33.4643
1777262471750,33.1193
1777262471772,33.2003
1777262471794,33.3461
1777262471815,33.2203
1777262471838,32.7742
1777262471860,32.7885
1777262471882,32.7152
1777262471904,32.3847
1777262471928,32.3015
1777262471957,31.8373
1777262471980,31.9679
1777262472002,31.7777
1777262472024,31.9194
1777262472048,32.3004
1777262472077,32.2978
1777262472099,32.2402
1777262472122,32.7571
1777262472147,32.3707
1777262472170,31.9407
1777262472194,32.1442
1777262472216,32.0603
1777262472239,32.0410
1777262472269,31.8414
1777262472291,31.9602
1777262472316,31.9105
1777262472341,31.6757
1777262472364,31.4900
1777262472386,29.8013
1777262472409,29.6069
1777262472431,26.3515
1777262472453,26.5147
1777262472483,26.5006
1777262472505,27.1290
1777262472527,27.1140
1777262472550,27.6573
1777262472572,27.9258
1777262472594,28.0449
1777262472618,27.9626
1777262472641,27.9412
1777262472663,28.2373
1777262472686,28.1471
1777262472742,29.2446
1777262472765,29.2692
1777262472788,29.1256
1777262472811,29.0407
1777262472833,28.6713
1777262472856,28.5432
1777262472879,29.0055
1777262472902,29.0478
1777262472925,29.2346
1777262472949,29.9371
1777262472979,30.2215
1777262473002,30.6476
1777262473025,30.2596
1777262473048,30.2993
1777262473071,30.0799
1777262473096,29.9064
1777262473126,30.3634
1777262473150,30.7439
1777262473173,30.8336
1777262473195,30.6976
1777262473218,30.6669
1777262473241,30.7059
1777262473264,30.6985
1777262473287,30.6389
1777262473311,30.3892
1777262473336,30.4055
1777262473359,30.4955
1777262473382,30.7102
1777262473405,30.1945
1777262473431,30.2253
1777262473454,30.3831
1777262473477,30.1859
1777262473522,29.3520
1777262473546,29.1902
1777262473577,28.8072
1777262473600,29.0446
1777262473623,29.4623
1777262473646,29.0934
1777262473669,28.9744
1777262473692,28.8363
1777262473715,29.3561
1777262473739,29.3095
1777262473774,27.9690
1777262473798,28.9111
1777262473821,29.2722
1777262474080,29.3040
1777262474101,34.9919
1777262474144,36.2676
1777262474215,44.3606
1777262474253,45.2652
1777262474275,46.9572
1777262474304,46.7576
1777262474326,47.1585
1777262474348,47.8172
1777262474372,47.4102
1777262474394,47.3962
1777262474422,48.2751
1777262474450,48.7321
1777262474472,49.1109
1777262474493,49.8677
1777262474515,50.6245
1777262474537,49.5086
1777262474565,50.9610
1777262474587,51.2777
1777262474609,51.1854
1777262474637,51.6206
1777262474659,52.7689
1777262474681,53.4105
1777262474703,52.5890
1777262474729,53.1838
1777262474751,52.8574
1777262474826,52.7315
1777262474848,55.9619
1777262474876,55.1533
1777262474898,54.7519
1777262474923,53.8754
1777262474945,53.7322
1777262474978,53.1285
1777262475006,52.8458
1777262475028,52.3904
1777262475053,51.7469
1777262475085,51.5746
1777262475108,45.9826
1777262475130,44.1434
1777262475152,43.2308
1777262475184,43.0858
1777262475207,42.7720
1777262475250,37.0317
1777262475273,38.1742
1777262475302,37.6768
1777262475330,37.6331
1777262475355,37.9672
1777262475378,38.1332
1777262475405,38.1971
1777262475427,38.5958
1777262475449,38.6927
1777262475478,38.6375
1777262475500,38.7246
1777262475523,38.3454
1777262475545,38.7631
1777262475570,38.5705
1777262475593,38.6229
1777262475637,38.3464
1777262475660,38.9916
1777262475683,39.3659
1777262475707,39.5548
1777262475730,39.3009
1777262475753,39.4416
1777262475780,39.4082
1777262475810,39.4951
1777262475832,38.8953
1777262475855,37.5163
1777262475905,37.1231
1777262475928,37.2654
1777262475950,37.0819
1777262475973,36.9510
1777262475996,36.8085
1777262476018,36.4300
1777262476040,35.9310
1777262476067,35.7882
1777262476089,36.2663
1777262476112,36.5557
1777262476135,36.4662
1777262476173,37.0041
1777262476196,37.6690
1777262476219,37.6785
1777262476250,37.6268
1777262476274,38.0747
1777262476297,36.8173
1777262476321,36.9129
1777262476345,36.7396
1777262476368,36.5315
1777262476390,35.9937
1777262476413,36.1220
1777262476436,35.5203
1777262476465,35.3805
1777262476492,35.6298
1777262476516,36.1613
1777262476750,36.3202
1777262476829,45.6772
1777262476851,46.3400
1777262476872,46.4839
1777262476893,46.9385
1777262476915,45.9042
1777262476937,45.8122
1777262476958,45.9647
1777262476980,45.4292
1777262477002,44.9741
1777262477028,45.7679
1777262477050,44.9436
1777262477071,44.2517
1777262477093,43.7570
1777262477119,43.0786
1777262477140,42.6157
1777262477162,42.7328
1777262477183,41.7307
1777262477204,41.2156
1777262477226,41.3647
1777262477248,40.8586
1777262477269,40.3142
1777262477296,39.4175
1777262477318,39.3017
1777262477339,39.2771
1777262477363,38.8997
1777262477385,39.1753
1777262477407,39.0268
1777262477429,38.8312
1777262477451,38.4309
1777262477509,38.6120
1777262477532,38.4443
1777262477554,38.7339
1777262477576,38.1003
1777262477598,37.9051
1777262477620,37.1575
1777262477643,37.0535
1777262477665,37.0006
1777262477688,36.6867
1777262477710,36.5147
1777262477733,36.1777
1777262477755,35.8864
1777262477778,33.8767
1777262477800,33.7565
1777262477823,33.6935
1777262477845,28.1751
1777262477872,27.4026
1777262477895,27.5804
1777262477917,27.4307
1777262477940,27.7195
1777262477962,27.6126
1777262477985,27.7705
1777262478008,27.7781
1777262478031,27.3816
1777262478053,27.3242
1777262478074,27.7523
1777262478099,27.7287
1777262478122,28.8901
1777262478145,29.1536
1777262478170,29.1115
1777262478192,29.0066
1777262478215,29.1162
1777262478237,28.7263
1777262478260,28.7025
1777262478480,29.2695
1777262478568,32.0665
1777262478622,32.8032
1777262478643,50.0524
1777262478696,50.8044
1777262478719,51.5300
1777262478741,51.9032
1777262478774,52.1904
1777262478795,52.9093
1777262478817,53.2070
1777262478838,54.0356
1777262478860,53.4488
1777262478881,52.6579
1777262478903,53.4179
1777262478924,52.5663
1777262478948,52.2220
1777262478970,52.3148
1777262478991,52.9711
1777262479013,51.9492
1777262479041,52.6797
1777262479063,52.2866
1777262479598,70.1372
1777262481623,417.1538
1777262483158,2504.5619
1777262484817,2821.3905
1777262486314,3095.4095
1777262487709,2984.4667
1777262488620,2657.3714
1777262488678,2225.0381
1777262488699,968.1676
1777262488721,799.3926
1777262488742,615.4503
1777262488765,541.7652
1777262488786,456.9202
1777262488808,378.3326
1777262488829,351.4397
1777262488860,314.9931
1777262488882,281.9594
1777262488911,267.4714
1777262488933,247.0652
1777262488960,235.1488
1777262488982,219.8025
1777262489003,212.0821
1777262489025,198.0124
1777262489046,194.3520
1777262489074,182.0571
1777262489096,174.6854
1777262489124,169.9800
1777262489153,160.4827
1777262489178,152.7238
1777262489200,145.3519
1777262489222,141.4765
1777262489243,137.4162
1777262489299,131.3725
1777262489321,84.8466
1777262489343,82.9612
1777262489364,80.4317
1777262489386,78.9824
1777262489408,76.3520
1777262489430,75.7900
1777262489452,74.1852
1777262489474,73.6560
1777262489505,72.5948
1777262489527,71.9537
1777262489549,70.9201
1777262489571,69.7623
1777262489593,69.0058
1777262489614,67.9682
1777262489639,67.2318
1777262489663,59.3783
1777262489691,40.6068
1777262489713,32.5013
1777262489735,32.5289
1777262489757,32.3695
1777262489779,32.1874
1777262489801,32.0999
1777262489823,32.2634
1777262489844,32.0451
1777262489866,31.7811
1777262489888,31.9190
1777262489910,31.9690
1777262489933,31.9238
1777262489955,30.8888
1777262489978,30.4384
1777262490001,30.4820
1777262490027,29.9969
1777262490049,30.1733
1777262490071,29.8701
1777262490093,29.5831
1777262490118,29.5047
1777262490140,29.7343
1777262490167,29.3784
1777262490189,28.9706
1777262490211,29.2936
1777262490233,29.1771
1777262490257,29.0469
1777262490279,29.2883
1777262490304,28.4757
1777262490327,29.0434
1777262490369,29.1895
1777262490392,30.2814
1777262490415,30.9027
1777262490438,30.9885
1777262490461,31.0111
1777262490484,30.8829
1777262490506,30.8181
1777262490530,30.3726
1777262490562,30.6963
1777262490590,30.8789
1777262490613,30.9841
1777262490636,31.1060
1777262490660,31.1129
1777262490682,30.9157
1777262490705,30.7336
1777262490727,30.8514
1777262490750,30.5022
1777262490773,30.7808
1777262490799,30.4975
1777262490822,30.7218
1777262490845,31.0404
1777262490868,31.2008
1777262490891,31.2238
1777262490914,31.0743
1777262490935,31.1580
1777262490958,31.0514
1777262490981,31.1394
1777262491012,31.4754
1777262491036,32.0279
1777262491059,31.8767
1777262491082,32.3196
1777262491106,32.4669
1777262491129,32.4646
1777262491153,32.1917
1777262491177,32.7065
1777262491201,32.7576
1777262491224,32.7756
1777262491247,32.6301
1777262491274,32.5952
1777262491298,32.5041
1777262491321,31.9844
1777262491344,31.9673
1777262491390,32.0964
1777262491414,30.9461
1777262491437,30.7648
1777262491460,30.9298
1777262491483,30.7745
1777262491506,30.5140
1777262491529,30.7899
1777262491552,30.2629
1777262491580,29.6222
1777262491603,30.2117
1777262491626,29.8204
1777262491649,29.5716
1777262491676,29.4823
1777262491703,29.4631
1777262491731,29.9751
1777262491754,30.0298
1777262491777,29.8686
1777262491827,30.3161
1777262491850,30.3827
1777262491873,30.1218
1777262491896,30.0560
1777262491921,30.1407
1777262491944,30.4676
1777262491967,30.1862
1777262491999,30.0615
1777262492025,30.0197
1777262492048,30.9158
1777262492071,30.8812
1777262492094,30.8152
1777262492123,30.6899
1777262492147,30.6265
1777262492170,30.6820
1777262492193,30.0553
1777262492415,30.5504
1777262492524,49.8345
1777262492582,55.8787
1777262492613,56.1493
1777262492634,56.5611
1777262492656,58.1771
1777262492678,57.6330
1777262492707,58.5545
1777262492729,58.3567
1777262492755,59.4379
1777262492784,59.5877
1777262492805,59.4226
1777262492834,59.3376
1777262492863,59.1349
1777262492885,60.6441
1777262492907,59.9975
1777262492933,59.9182
1777262492957,60.2651
1777262492978,59.8738
1777262493000,59.5746
1777262493021,59.3468
1777262493051,59.4125
1777262493073,59.7465
1777262493095,59.8519
1777262493117,59.9112
1777262493138,58.9295
1777262493160,61.0442
1777262493182,60.0788
1777262493204,59.8973
1777262493226,58.8693
1777262493248,58.4334
1777262493275,57.5288
1777262493296,57.0866
1777262493339,55.8020
1777262493361,55.1233
1777262493384,54.2976
1777262493406,53.8711
1777262493428,52.8279
1777262493450,51.7895
1777262493473,51.2393
1777262493497,50.8550
1777262493519,46.8970
1777262493541,37.7802
1777262493563,37.4278
1777262493586,34.2057
1777262493826,40.0980
1777262493900,40.4447
1777262493949,41.5641
1777262493975,41.5158
1777262493996,41.5621
1777262494018,41.3900
1777262494039,41.0600
1777262494061,41.0855
1777262494083,40.3330
1777262494104,39.7044
1777262494127,39.4383
1777262494149,39.1000
1777262494171,39.1340
1777262494193,38.7211
1777262494214,38.2692
1777262494236,38.1485
1777262494257,38.0709
1777262494279,37.6929
1777262494303,37.7039
1777262494325,38.0672
1777262494347,37.6058
1777262494369,37.5409
1777262494390,37.5416
1777262494412,36.5727
1777262494434,37.1823
1777262494456,36.4947
1777262494483,36.9780
1777262494505,37.0240
1777262494528,37.6818
1777262494550,37.3959
1777262494572,37.3571
1777262494594,37.0448
1777262494616,36.8088
1777262494638,36.6224
1777262494660,36.5409
1777262494682,36.4699
1777262494705,36.0758
1777262494727,35.9597
1777262494749,35.6704
1777262494772,35.6874
1777262494794,35.2770
1777262494818,34.9703
1777262494840,28.3284
1777262494862,28.6513
1777262494884,28.3297
1777262494909,26.7453
1777262494936,27.0417
1777262494959,27.0030
1777262494981,26.3898
1777262495003,26.3823
1777262495026,26.3713
1777262495048,26.2577
1777262495070,26.2745
1777262495092,26.3592
1777262495114,26.6332
1777262495136,27.9516
1777262495203,29.9374
1777262495226,30.8361
1777262495249,31.2141
1777262495295,31.1702
1777262495341,30.8259
1777262495365,30.8343
1777262495392,30.6549
1777262495414,31.5793
1777262495437,31.2998
1777262495460,31.7266
1777262495483,31.2945
1777262495506,30.8220
1777262495529,30.6058
1777262495552,30.3906
1777262495575,30.2896
1777262495597,30.2560
1777262495620,30.0424
1777262495642,29.8821
1777262495665,29.9863
1777262495687,29.9468
1777262495710,29.7645
1777262495732,29.8515
1777262495778,30.1776
1777262495801,30.9762
1777262495824,30.7988
1777262495847,30.9721
1777262495870,30.8690
1777262495893,30.8429
1777262495916,30.6228
1777262495938,30.2818
1777262495981,30.6774
1777262496004,30.6519
1777262496027,30.3120
1777262496049,30.3362
1777262496072,30.2561
1777262496096,30.7191
1777262496119,30.6069
1777262496143,30.3107
1777262496190,29.6063
1777262496213,27.6551
1777262496240,26.9026
1777262496263,27.2319
1777262496287,27.1534
1777262496316,27.3067
1777262496340,27.3191
1777262496363,27.2270
1777262496392,27.3911
1777262496415,27.0985
1777262496440,27.0547
1777262496463,27.4469
1777262496487,27.3536
1777262496510,27.5384
1777262496533,27.3322
1777262496556,27.1165
1777262496594,27.5771
1777262496623,27.8834
1777262496646,28.3510
1777262496670,28.3826
1777262496693,28.1977
1777262496717,28.1880
1777262496741,28.3412
1777262496763,28.2087
1777262496786,27.7492
1777262496809,26.9053
1777262496832,27.7218
1777262496854,27.5595
1777262496878,27.7096
1777262496901,27.4931
1777262496924,27.4466
1777262496948,27.5317
1777262496971,27.4607
1777262496994,27.2311
1777262497017,27.1484
1777262497040,27.5070
1777262497066,28.4720
1777262497090,28.5931
1777262497114,28.4069
1777262497137,28.2779
1777262497160,28.4424
1777262497183,28.0604
1777262497207,28.4414
1777262497257,28.4180
1777262497281,28.9886
1777262497309,28.7791
1777262497333,28.6415
1777262497357,28.7385
1777262497380,28.6302
1777262497404,28.3323
1777262497433,28.4423
1777262497608,28.8039
1777262497695,31.5050
1777262497717,38.8403
1777262497739,39.0197
1777262497761,38.6302
1777262497783,39.3238
1777262497804,39.1508
1777262497826,38.2378
1777262497851,37.4712
1777262497872,37.4985
1777262497894,38.0584
1777262497916,37.4623
1777262497938,37.6405
1777262497959,37.3744
1777262497981,38.1656
1777262498004,37.7521
1777262498025,37.8566
1777262498047,37.4925
1777262498069,37.4529
1777262498091,36.3106
1777262498121,36.7849
1777262498147,37.0441
1777262498169,37.4654
1777262498191,37.7503
1777262498213,36.9625
1777262498235,36.3301
1777262498257,36.2517
1777262498280,35.7315
1777262498302,35.4843
1777262498324,35.5960
1777262498346,35.2810
1777262498369,34.9576
1777262498391,35.1161
1777262498418,35.2491
1777262498440,35.2187
1777262498462,34.7674
1777262498484,34.3802
1777262498507,34.0945
1777262498529,33.9496
1777262498551,33.6531
1777262498573,33.4104
1777262498596,33.0868
1777262498618,32.8761
1777262498641,31.1705
1777262498663,31.0285
1777262498685,30.9042
1777262498707,25.5732
1777262498730,25.4474
1777262498752,24.8415
1777262498777,24.8532
1777262498799,24.7505
1777262498821,25.0704
1777262498844,25.1779
1777262498867,25.5802
1777262498889,25.7120
1777262498911,25.6383
1777262498939,25.7152
1777262498962,26.1499
1777262498989,25.8995
1777262499021,26.1523
1777262499043,26.3066
1777262499066,26.3662
1777262499088,26.5379
1777262499110,26.4845
1777262499132,26.5765
1777262499155,26.6097
1777262499199,26.8185
1777262499222,27.5593
1777262499245,27.6093
1777262499267,27.6220
1777262499289,27.5712
1777262499312,27.7166
1777262499334,27.8613
1777262499383,28.2554
1777262499407,28.8323
1777262499430,28.9727
1777262499453,28.5686
1777262499476,28.6822
1777262499504,28.6175
1777262499527,28.8679
1777262499570,29.3199
1777262499593,29.2769
1777262499619,29.5204
1777262499641,30.0504
1777262499664,30.0017
1777262499687,29.8901
1777262499710,29.9802
1777262499732,30.0512
1777262499755,30.5457
1777262499778,30.6036
1777262499810,30.6407
1777262499834,31.2975
1777262499857,31.2240
1777262499880,30.9345
1777262499903,31.1947
1777262499926,31.5244
1777262499949,31.4549
1777262499972,31.2073
1777262499995,31.2657
1777262500018,30.5869
1777262500041,30.3631
1777262500067,30.1175
1777262500090,30.2257
1777262500113,30.1415
1777262500136,30.0297
1777262500158,29.1286
1777262500180,28.5649
1777262500203,28.3007
1777262500229,28.1206
1777262500254,28.8348
1777262500277,29.2962
1777262500300,29.1425
1777262500322,28.8028
1777262500345,28.7069
1777262500368,28.8611
1777262500392,28.0337
1777262500416,28.4136
1777262500442,28.2968
1777262500466,28.3102
1777262500495,28.1949
1777262500521,28.0575
1777262500549,28.2757
1777262500573,28.2321
1777262500596,28.3828
1777262500623,28.4625
1777262500845,28.0815
1777262500866,31.3049
1777262500888,31.3322
1777262500910,31.2711
1777262500932,31.0274
1777262500953,31.1979
1777262500975,30.8147
1777262500997,31.2297
1777262501018,31.4152
1777262501040,31.6717
1777262501061,31.8498
1777262501083,31.3840
1777262501104,31.6484
1777262501126,31.4237
1777262501147,31.4910
1777262501177,32.0349
1777262501199,32.2085
1777262501221,32.4626
1777262501243,32.0641
1777262501270,31.1246
1777262501291,30.6551
1777262501314,31.1874
1777262501336,31.0436
1777262501358,30.9795
1777262501384,30.6111
1777262501406,30.7881
1777262501428,29.9015
1777262501450,30.4106
1777262501472,30.1034
1777262501493,30.5101
1777262501521,30.2764
1777262501544,30.2383
1777262501567,29.7448
1777262501589,29.9683
1777262501611,29.9555
1777262501634,29.7780
1777262501660,29.7259
1777262501693,29.7175
1777262501714,30.2581
1777262501759,30.3613
1777262501782,30.2328
1777262501810,30.0909
1777262501833,30.2929
1777262501856,30.0638
1777262501878,27.1356
1777262501900,27.2157
1777262501922,27.0334
1777262501944,27.2981
1777262501967,26.9499
1777262501990,26.6603
1777262502012,26.3200
1777262502035,26.7148
1777262502057,26.5264
1777262502080,26.4521
1777262502111,26.4214
1777262502133,26.6034
1777262502155,26.4926
1777262502178,26.9174
1777262502201,26.5034
1777262502228,26.3699
1777262502251,26.3549
1777262502273,26.3676
1777262502296,26.5682
1777262502318,26.4058
1777262502341,26.5734
1777262502366,26.5904
1777262502389,26.9053
1777262502412,26.6863
1777262502435,26.8879
1777262502458,27.0511
1777262502481,26.7081
1777262502504,26.6784
1777262502532,26.2449
1777262502555,26.1509
1777262502578,26.2893
1777262502601,26.3743
1777262502645,26.1993
1777262502668,26.2627
1777262502691,26.2254
1777262502714,26.0176
1777262502737,25.7001
1777262502760,25.2668
1777262502782,25.2218
1777262502834,25.5396
1777262502857,26.8407
1777262502880,26.8239
1777262502903,26.8862
1777262502927,26.9069
1777262502950,27.3124
1777262502972,27.2631
1777262502995,27.5307
1777262503018,27.4649
1777262503042,28.1094
1777262503065,28.1163
1777262503089,28.2926
1777262503112,28.4650
1777262503136,28.2753
1777262503160,28.4908
1777262503183,28.3650
1777262503206,28.1670
1777262503229,28.0970
1777262503259,28.0629
1777262503282,29.0997
1777262503306,29.0821
1777262503330,28.8837
1777262503353,28.2414
1777262503376,28.1574
1777262503398,28.0251
1777262503432,28.7845
1777262503455,29.0888
1777262503479,30.3325
1777262503503,30.3125
1777262503527,30.1146
1777262503556,30.2093
1777262503579,30.4216
1777262503602,30.1764
1777262503625,29.8916
1777262503648,29.7764
1777262503671,29.7473
1777262503697,30.4351
1777262503885,30.5247
1777262503937,35.1237
1777262503963,36.1630
1777262503984,37.3008
1777262504006,37.7319
1777262504030,37.7117
1777262504058,37.7906
1777262504080,37.3610
1777262504101,37.4384
1777262504123,37.3437
1777262504145,37.5627
1777262504167,37.1028
1777262504191,37.4815
1777262504213,37.6886
1777262504239,37.5230
1777262504260,37.5392
1777262504282,36.7384
1777262504307,36.6618
1777262504329,36.9704
1777262504350,36.7689
1777262504372,36.5944
1777262504394,35.9991
1777262504416,35.9026
1777262504438,35.6241
1777262504460,35.0103
1777262504482,34.6956
1777262504509,34.0849
1777262504531,34.3080
1777262504553,34.7394
1777262504575,34.3323
1777262504597,34.3080
1777262504619,34.1451
1777262504641,34.6463
1777262504663,34.4489
1777262504689,33.9362
1777262504711,33.5495
1777262504733,33.0158
1777262504759,32.8129
1777262504780,32.6888
1777262504829,33.1239
1777262504852,33.1381
1777262504875,32.9598
1777262504902,33.1650
1777262504925,28.5889
1777262504947,28.4807
1777262504968,27.2881
1777262504991,27.1175
1777262505025,26.8988
1777262505052,28.0283
1777262505075,28.3151
1777262505097,28.1298
1777262505120,28.0240
1777262505142,27.8972
1777262505164,27.7805
1777262505187,27.9929
1777262505209,27.7899
1777262505231,27.8981
1777262505258,27.9969
1777262505280,27.8180
1777262505303,28.0957
1777262505325,27.6932
1777262505350,27.9478
1777262505373,28.1500
1777262505395,28.8109
1777262505418,29.1358
1777262505467,30.0440
1777262505490,30.1375
1777262505513,30.4164
1777262505536,30.2260
1777262505558,30.0612
1777262505580,29.7401
1777262505603,30.1772
1777262505626,30.0984
1777262505681,30.6246
1777262505710,31.0888
1777262505733,31.3139
1777262505756,31.7085
1777262505780,31.5907
1777262505808,31.7549
1777262505832,30.9501
1777262505859,30.8596
1777262505882,31.2588
1777262505905,31.2342
1777262505929,30.9962
1777262505952,31.3038
1777262505976,31.1036
1777262506000,31.2472
1777262506023,31.1277
1777262506046,31.0713
1777262506070,29.6798
1777262506096,29.8373
1777262506120,29.9777
1777262506142,29.6195
1777262506165,29.9178
1777262506188,29.8311
1777262506212,29.9205
1777262506235,29.8422
1777262506258,29.8361
1777262506281,30.2484
1777262506312,30.3570
1777262506335,30.7886
1777262506359,30.8561
1777262506383,30.8517
1777262506407,30.8381
1777262506431,30.2169
1777262506463,29.6453
1777262506493,30.2908
1777262506517,30.4186
1777262506546,30.1804
1777262506569,30.3450
1777262506593,30.7841
1777262506616,30.4535
1777262506639,30.0429
1777262506663,30.1534
1777262506687,29.8425
1777262506944,29.7361
1777262507077,31.2848
1777262507102,49.5406
1777262507128,50.1276
1777262507150,50.8004
1777262507171,50.3015
1777262507192,50.7960
1777262507214,51.6424
1777262507250,52.3069
1777262507271,52.4125
1777262507293,52.2347
1777262507315,51.5421
1777262507336,50.5772
1777262507361,50.8102
1777262507383,50.7940
1777262507405,51.1514
1777262507435,52.1476
1777262507457,51.4999
1777262507479,51.2818
1777262507504,50.6811
1777262507526,50.3110
1777262507549,51.1622
1777262507571,50.8011
1777262507593,49.8102
1777262507615,51.2496
1777262507637,50.3846
1777262507676,51.5356
1777262507697,51.9831
1777262507719,51.4437
1777262507745,50.5656
1777262507767,49.6073
1777262507789,49.2648
1777262507811,48.4330
1777262507855,48.1729
1777262507877,47.7416
1777262507902,47.2035
1777262507924,46.8950
1777262507947,45.7355
1777262507969,44.5378
1777262507991,43.9964
1777262508014,43.2689
1777262508036,43.0299
1777262508058,42.6871
1777262508082,42.0874
1777262508112,29.9987
1777262508134,29.5812
1777262508157,29.1554
1777262508179,29.2605
1777262508203,29.1279
1777262508225,29.2539
1777262508274,28.9055
1777262508296,27.7295
1777262508319,27.7694
1777262508342,27.8799
1777262508364,27.9202
1777262508386,27.9190
1777262508411,27.6947
1777262508433,27.7392
1777262508456,27.3752
1777262508479,27.2949
1777262508503,26.9691
1777262508525,26.6269
1777262508548,26.8042
1777262508570,26.6819
1777262508593,26.8919
1777262508617,27.3865
1777262508640,27.5313
1777262508662,27.6657
1777262508718,26.8750
1777262508741,26.7618
1777262508910,27.0182
1777262508931,29.5549
1777262509040,33.4040
1777262509087,39.1194
1777262509108,40.5492
1777262509130,41.4179
1777262509151,40.8127
1777262509175,41.9838
1777262509197,42.0639
1777262509218,42.6211
1777262509245,42.7744
1777262509267,43.1022
1777262509288,42.2246
1777262509313,41.9453
1777262509335,41.9912
1777262509356,42.8835
1777262509419,43.0809
1777262509441,43.4250
1777262509463,43.9438
1777262509485,44.1159
1777262509507,44.3274
1777262509529,45.4440
1777262509554,45.0267
1777262509576,44.7319
1777262509603,44.4444
1777262509625,45.0407
1777262509646,44.9001
1777262509669,44.8626
1777262509691,43.6193
1777262509713,43.1589
1777262509756,42.6492
1777262509778,42.3756
1777262509800,42.2201
1777262509822,42.1143
1777262509852,42.1989
1777262509878,43.1391
1777262509900,42.8702
1777262509922,41.9197
1777262509944,37.7911
1777262509974,37.2946
1777262509996,37.3946
1777262510018,37.1016
1777262510065,32.2653
1777262510087,32.0179
1777262510109,31.5121
1777262510131,31.0220
1777262510174,31.3919
1777262510196,31.0150
1777262510260,31.0121
1777262510282,31.5217
1777262510305,31.4441
1777262510332,31.4437
1777262510361,31.4598
1777262510384,31.6229
1777262510406,31.4335
1777262510450,31.4141
1777262510477,31.2353
1777262510500,31.0616
1777262510522,31.3564
1777262510545,31.1683
1777262510567,31.1978
1777262510590,30.6190
1777262510612,30.7934
1777262510634,30.3096
1777262510656,30.3520
1777262510687,30.2228
1777262510731,31.1309
1777262510753,31.3308
1777262510776,31.2858
1777262510799,31.3765
1777262510822,31.1017
1777262510892,29.4835
1777262510915,30.0143
1777262510938,30.2805
1777262510965,30.1734
1777262510989,30.3829
1777262511012,30.2842
1777262511035,30.2364
1777262511057,30.3826
1777262511080,29.9013
1777262511103,29.8565
1777262511158,31.9992
1777262511181,31.9395
1777262511205,31.8546
1777262511228,31.7248
1777262511250,31.5205
1777262511273,31.1324
1777262511342,31.5511
1777262511366,33.6806
1777262511389,33.4731
1777262511413,33.2605
1777262511436,33.4217
1777262511460,33.7946
1777262511504,33.6157
1777262511535,33.6329
1777262511557,33.6005
1777262511581,33.6501
1777262511604,34.0570
1777262511630,33.9445
1777262511654,34.1365
1777262511677,33.8713
1777262511700,33.9508
1777262511723,33.5275
1777262511748,33.3412
1777262511772,33.1784
1777262511796,33.0539
1777262511819,32.6624
1777262511842,32.8394
1777262511871,32.5894
1777262511895,32.8422
1777262511918,32.6592
1777262511949,32.6854
1777262511979,32.8134
1777262512002,32.7730
1777262512025,32.2391
1777262512049,32.6049
1777262512072,32.6185
1777262512096,32.3993
1777262512129,32.2354
1777262512161,32.6686
1777262512407,30.9682
1777262512429,37.7694
1777262512456,37.8430
1777262512478,37.6886
1777262512501,37.8545
1777262512524,37.8237
1777262512547,37.8771
1777262512569,37.6531
1777262512592,38.6573
1777262512615,38.6874
1777262512637,38.2897
1777262512660,38.5442
1777262512683,38.3021
1777262512705,38.4867
1777262512729,38.3992
1777262512751,38.1506
1777262512773,37.9134
1777262512794,38.1862
1777262512820,38.7454
1777262512842,38.6557
1777262512865,39.0326
1777262512887,38.6876
1777262512910,38.6643
1777262512933,38.3752
1777262512955,38.2796
1777262512977,37.6724
1777262513000,37.9384
1777262513027,38.1790
1777262513049,38.2816
1777262513079,38.7186
1777262513102,38.9724
1777262513125,39.0101
1777262513153,38.3729
1777262513176,37.9216
1777262513199,37.5316
1777262513222,37.3773
1777262513245,37.1888
1777262513269,37.0237
1777262513298,36.9781
1777262513326,37.0401
1777262513352,37.2041
1777262513375,37.0159
1777262513398,36.6240
1777262513422,36.3599
1777262513448,30.0431
1777262513471,30.1760
1777262513497,30.2259
1777262513520,30.4711
1777262513544,30.4654
1777262513571,30.2383
1777262513594,30.2487
1777262513616,29.5519
1777262513639,29.3870
1777262513663,29.2672
1777262513686,29.2854
1777262513733,29.3874
1777262513756,29.3170
1777262513780,29.5947
1777262513804,29.6122
1777262513827,29.3172
1777262513851,29.3211
1777262513874,29.0964
1777262513898,28.9860
1777262513929,28.7816
1777262513953,28.9245
1777262513977,29.2580
1777262514000,28.9004
1777262514205,28.9176
1777262514235,30.7374
1777262514260,33.2742
1777262514283,35.4758
1777262514306,35.1557
1777262514328,34.9709
1777262514351,34.4342
1777262514377,34.3834
1777262514399,34.5665
1777262514421,34.5198
1777262514443,34.3227
1777262514471,34.3367
1777262514493,34.5689
1777262514515,33.9174
1777262514537,33.8346
1777262514559,33.9091
1777262514581,33.7695
1777262514604,33.7675
1777262514626,33.7677
1777262514648,33.5292
1777262514670,33.8944
1777262514703,34.0161
1777262514726,34.4956
1777262514748,34.5452
1777262514771,34.4867
1777262514794,34.2317
1777262514817,34.0832
1777262514839,34.7599
1777262514861,34.5221
1777262514885,34.8130
1777262514908,34.9567
1777262514931,35.1424
1777262514955,34.8083
1777262514978,34.7313
1777262515001,34.9090
1777262515023,34.8026
1777262515046,34.6898
1777262515069,34.4885
1777262515101,34.6351
1777262515130,34.5594
1777262515153,34.4650
1777262515176,34.4851
1777262515199,34.0702
1777262515222,33.7799
1777262515248,29.7307
1777262515271,29.8821
1777262515316,28.2222
1777262515340,27.9007
1777262515368,27.8857
1777262515391,28.0746
1777262515414,28.0378
1777262515437,27.9844
1777262515460,27.8283
1777262515483,27.6022
1777262515505,28.1326
1777262515527,27.8439
1777262515550,27.7126
1777262515577,27.8190
1777262515599,27.8309
1777262515621,28.1542
1777262515643,27.9645
1777262515672,27.9311
1777262515693,27.9929
1777262515715,27.6862
1777262515738,27.6480
1777262515760,27.5193
1777262515783,27.2171
1777262515806,27.6525
1777262515828,27.7440
1777262515851,27.5202
1777262515874,27.1148
1777262515897,27.0908
1777262515920,26.6533
1777262515943,27.1007
1777262515965,26.7830
1777262515989,26.8835
1777262516012,27.1952
1777262516036,27.3306
1777262516060,27.4902
1777262516082,27.1601
1777262516105,26.6572
1777262516136,26.3362
1777262516159,26.6060
1777262516182,26.3420
1777262516208,26.3357
1777262516231,26.5958
1777262516254,26.5648
1777262516277,26.2247
1777262516301,26.2620
1777262516324,26.1545
1777262516370,26.3188
1777262516394,26.0338
1777262516417,26.1369
1777262516440,26.1826
1777262516464,26.1052
1777262516487,26.2399
1777262516514,26.0818
1777262516537,26.0274
1777262516581,26.3511
1777262516605,26.0678
1777262516629,26.0925
1777262516653,26.7264
1777262516856,26.5461
1777262516910,29.7959
1777262516931,30.7672
1777262516962,30.8189
1777262516985,30.7149
1777262517006,30.6043
1777262517028,30.5637
1777262517098,31.8266
1777262517141,33.4120
1777262517162,33.8277
1777262517189,34.3124
1777262517211,35.1112
1777262517232,35.0667
1777262517260,35.6607
1777262517281,35.6869
1777262517303,36.0686
1777262517325,36.1578
1777262517347,36.5776
1777262517369,35.8381
1777262517390,35.5695
1777262517412,35.8128
1777262517434,35.7230
1777262517455,36.0699
1777262517477,36.2251
1777262517499,35.8595
1777262517524,35.9377
1777262517546,36.0259
1777262517568,36.2740
1777262517592,36.1471
1777262517613,36.1282
1777262517635,35.9381
1777262517657,35.8633
1777262517679,36.1874
1777262517700,35.7128
1777262517722,35.3591
1777262517747,35.1246
1777262517768,34.8742
1777262517791,34.6514
1777262517814,34.3700
1777262517836,34.4062
1777262517863,34.2596
1777262517886,31.6216
1777262517908,31.3746
1777262517930,30.8719
1777262517957,30.3367
1777262517979,30.6234
1777262518002,30.4297
1777262518024,30.5366
1777262518047,30.8165
1777262518074,30.7188
1777262518096,30.7471
1777262518119,29.2890
1777262518141,28.9735
1777262518163,28.6961
1777262518208,27.3473
1777262518231,28.6826
1777262518259,28.9294
1777262518282,28.8473
1777262518307,28.8109
1777262518329,28.3567
1777262518352,28.5682
1777262518374,28.5520
1777262518398,28.3653
1777262518420,28.7392
1777262518443,29.1577
1777262518466,28.9049
1777262518489,28.7253
1777262518518,28.6175
1777262518541,28.7273
1777262518563,28.7633
1777262518586,28.7477
1777262518814,28.5969
1777262518889,41.8148
1777262518935,43.8497
1777262518957,44.4264
1777262518978,44.1131
1777262519000,44.1046
1777262519028,43.9466
1777262519050,44.1056
1777262519071,43.9956
1777262519093,43.5073
1777262519118,43.4358
1777262519144,44.6922
1777262519166,45.2574
1777262519188,45.3060
1777262519216,44.4721
1777262519238,43.1025
1777262519260,42.6852
1777262519281,42.6526
1777262519306,42.7715
1777262519328,43.1361
1777262519354,42.9239
1777262519376,42.5826
1777262519398,43.0186
1777262519420,42.5390
1777262519442,42.4955
1777262519464,42.4089
1777262519486,42.0445
1777262519508,42.5855
1777262519539,43.5621
1777262519561,43.7042
1777262519583,43.6225
1777262519605,43.2436
1777262519628,43.0947
1777262519650,42.5869
1777262519672,41.7811
1777262519694,41.4788
1777262519716,41.0463
1777262519746,41.0192
1777262519768,40.8063
1777262519791,40.7282
1777262519816,40.4897
1777262519838,39.3265
1777262519860,38.6672
1777262519882,29.8467
1777262519910,29.5764
1777262519932,29.2225
1777262519961,28.4312
1777262519988,29.0037
1777262520011,29.3151
1777262520034,29.3213
1777262520057,29.0788
1777262520080,29.1442
1777262520102,28.8917
1777262520125,29.0115
1777262520148,28.6698
1777262520171,28.5011
1777262520199,28.4738
1777262520223,28.5966
1777262520246,28.3539
1777262520268,28.7110
1777262520292,28.7572
1777262520315,28.9456
1777262520338,28.9532
1777262520361,29.0775
1777262520384,29.2523
1777262520410,29.3790
1777262520433,29.5856
1777262520456,29.7275
1777262520479,29.6317
1777262520501,29.5570
1777262520524,29.3721
1777262520547,29.2005
1777262520570,29.2259
1777262520593,29.2740
1777262520617,29.3060
1777262520640,29.3316
1777262520663,29.6552
1777262520685,29.1842
1777262520709,29.1080
1777262520732,29.1590
1777262520756,28.7377
1777262520942,29.1312
1777262521009,32.4293
1777262521031,32.2001
1777262521052,36.2761
1777262521082,36.5775
1777262521103,37.3565
1777262521124,37.2177
1777262521146,37.1650
1777262521168,37.5732
1777262521189,37.3570
1777262521211,37.9234
1777262521233,37.9982
1777262521254,38.8125
1777262521276,38.5609
1777262521298,38.4142
1777262521320,38.7168
1777262521342,38.3246
1777262521364,37.6890
1777262521386,37.8689
1777262521407,37.5943
1777262521429,37.7443
1777262521469,38.1154
1777262521491,38.8320
1777262521513,39.6667
1777262521535,40.1346
1777262521557,39.8970
1777262521579,39.3670
1777262521601,38.6459
1777262521623,38.8766
1777262521645,38.6322
1777262521686,39.9347
1777262521708,41.1241
1777262521732,40.8354
1777262521754,40.8993
1777262521776,39.9541
1777262521798,40.0406
1777262521825,39.4772
1777262521847,39.4514
1777262521869,39.0136
1777262521891,38.6487
1777262521913,38.3849
1777262521935,38.3472
1777262521958,35.1992
1777262521980,34.8671
1777262522002,34.7984
1777262522024,34.7064
1777262522046,31.0960
1777262522079,31.1796
1777262522100,31.8332
1777262522122,32.1908
1777262522146,32.1818
1777262522168,32.4614
1777262522190,32.2852
1777262522215,32.3260
1777262522237,31.9852
1777262522259,31.7995
1777262522282,31.8249
1777262522313,31.9913
1777262522336,32.8789
1777262522359,33.1086
1777262522402,32.8527
1777262522425,32.5405
1777262522469,31.4696
1777262522492,30.7422
1777262522536,29.7246
1777262522559,29.6015
1777262522603,29.3674
1777262522626,29.4256
1777262522670,29.1075
1777262522697,29.0379
1777262522741,27.8961
1777262522764,27.8861
1777262522812,27.9831
1777262522837,28.3822
1777262522860,28.1248
1777262522883,28.0963
1777262522928,27.4530
1777262522952,27.0759
1777262522997,26.5456
1777262523020,26.4284
1777262523065,25.5903
1777262523087,25.3091
1777262523132,24.7997
1777262523155,24.4119
1777262523199,23.9272
1777262523222,23.7790
1777262523244,23.4654
1777262523288,22.8686
1777262523339,21.9520
1777262523363,21.9513
1777262523567,22.4220
1777262523632,29.3812
1777262523696,33.0068
1777262523722,36.5077
1777262523754,36.5195
1777262523805,36.8643
1777262523856,36.4793
1777262523878,36.5527
1777262523899,37.6578
1777262523942,36.5084
1777262523983,36.3200
1777262524005,36.7376
1777262524048,37.3960
1777262524098,37.5447
1777262524120,38.6140
1777262524142,38.2339
1777262524163,37.8819
1777262524211,37.4953
1777262524233,37.3188
1777262524277,38.2884
1777262524300,37.6801
1777262524343,37.4586
1777262524365,36.7844
1777262524408,36.2997
1777262524436,35.7084
1777262524485,34.9630
1777262524507,34.8943
1777262524530,34.4474
1777262524574,33.7303
1777262524596,27.8892
1777262524640,27.2287
1777262524685,25.7903
1777262524708,25.0188
1777262524731,21.8273
1777262524774,21.2376
1777262524797,21.2057
1777262524840,20.8755
1777262524863,19.8932
1777262524906,19.7904
1777262524929,20.0433
1777262524973,19.9462
1777262525002,19.9872
1777262525025,19.8487
1777262525069,19.4999
1777262525092,19.3614
1777262525147,18.0808
1777262525171,18.2323
1777262525195,18.7115
1777262525240,18.4655
1777262525263,18.7493
1777262525308,18.8345
1777262525332,19.0904
1777262525381,18.9653
1777262525404,19.6334
1777262525427,19.6796
1777262525473,19.6928
1777262525496,19.4282
1777262525560,19.4339
1777262525584,20.3174
1777262525607,20.9045
1777262525630,21.4377
1777262525675,21.3715
1777262525699,21.5673
1777262525751,21.1510
1777262525782,22.0479
1777262525806,22.4991
1777262525830,22.9863
1777262525854,22.9797
1777262525899,22.9350
1777262525924,22.7517
1777262525969,22.8821
1777262526023,22.8297
1777262526047,23.7326
1777262526072,24.6988
1777262526096,25.0011
1777262526142,25.3951
1777262526189,25.6284
1777262526214,26.9096
1777262526238,27.2479
1777262526262,27.2786
1777262526483,28.6921
1777262526526,32.4260
1777262526574,31.8465
1777262526596,31.2453
1777262526639,30.8181
1777262526661,31.2413
1777262526705,31.3064
1777262526741,31.2243
1777262526763,31.2444
1777262526785,30.5965
1777262527920,34.6948
1777262533701,1418.2167
1777262538555,8075.9000
1777262538633,6979.8133
1777262539355,4815.6633
1777262539418,3457.8078
1777262539439,2612.1458
1777262539460,2093.9400
1777262539502,1761.6919
1777262539523,1500.4748
1777262539565,1322.3954
1777262539586,608.1117
1777262539629,397.7628
1777262539671,102.8896
1777262539693,95.1002
1777262539735,87.2648
1777262539778,81.7617
1777262539799,77.4423
1777262539842,73.2346
1777262539864,69.9620
1777262539907,66.5716
1777262539929,64.1325
1777262539972,61.2913
1777262539995,59.3215
1777262540038,56.9743
1777262540060,55.3641
1777262540103,53.4176
1777262540126,52.0078
1777262540169,50.4690
1777262540191,49.2508
1777262540263,47.7570
1777262540285,47.7236
1777262540306,46.7788
1777262540347,45.6516
1777262540368,44.7606
1777262540409,20.1893
1777262540450,18.2002
1777262540471,18.2282
1777262540513,18.1760
1777262540533,18.0975
1777262540576,18.0115
1777262540597,18.3314
1777262540639,17.8788
1777262540681,17.8192
1777262540703,17.8644
1777262540745,17.6726
1777262540767,17.7557
1777262540809,17.1923
1777262540830,17.1953
1777262540873,16.5434
1777262540915,16.6221
1777262540937,16.5078
1777262540980,16.4677
1777262541002,16.4379
1777262541044,16.0779
1777262541066,16.2593
1777262541110,16.2306
1777262541132,16.1796
1777262541175,16.0920
1777262541197,16.2733
1777262541240,16.1358
1777262541263,16.1618
1777262541306,14.7519
1777262541328,15.0044
1777262541372,14.9913
1777262541415,15.1297
1777262541437,15.4764
1777262541460,15.5106
1777262541504,15.2077
1777262541526,15.2090
1777262541571,15.2072
1777262541594,15.3401
1777262541638,15.4414
1777262541661,15.5133
1777262541705,15.3540
1777262541728,15.4946
1777262541773,15.2156
1777262541796,15.5937
1777262541840,15.4927
1777262541863,16.0240
1777262541907,16.0733
1777262541930,16.2882
1777262541974,16.0934
1777262541996,16.4065
1777262542040,16.4409
1777262542064,16.7602
1777262542108,16.8112
1777262542132,17.0724
1777262542155,17.0676
1777262542199,16.9424
1777262542223,17.2679
1777262542266,16.9043
1777262542290,17.1959
1777262542334,16.8397
1777262542359,17.2769
1777262542402,17.0047
1777262542425,17.1007
1777262542468,16.7187
1777262542491,17.2252
1777262542534,17.1538
1777262542557,17.6129
1777262542601,17.3726
1777262542623,17.8190
1777262542667,17.6609
1777262542690,18.1189
1777262542734,17.9235
1777262542757,18.2953
1777262542800,18.1127
1777262542824,18.4733
1777262542867,18.1856
1777262542891,18.5601
1777262542916,18.4672
1777262542961,18.3176
1777262542986,18.3561
1777262543031,18.0136
1777262543056,18.2439
1777262543102,18.0083
1777262543127,18.4197
1777262543152,18.2518
1777262543198,18.5888
1777262543223,18.8406
1777262543248,19.1618
1777262543293,18.9124
1777262543317,19.3494
1777262543362,19.0310
1777262543387,19.4102
1777262543412,19.3337
1777262543457,19.1483
1777262543482,19.1702
1777262543530,19.1317
1777262543556,19.2667
1777262543580,19.0820
1777262543626,18.9368
1777262543651,19.1297
1777262543697,18.8041
1777262543722,19.1322
1777262543745,19.0745
1777262543791,18.8861
1777262543815,18.8574
1777262543861,18.6190
1777262543887,18.9198
1777262543911,18.7330
1777262543956,18.7038
1777262543981,18.7249
1777262544028,18.7909
1777262544052,19.0159
1777262544077,18.7893
1777262544124,18.5813
1777262544149,18.3239
1777262544196,18.4100
1777262544221,18.5594
1777262544246,18.4183
1777262544292,18.3832
1777262544318,18.5156
1777262544343,18.6793
1777262544389,18.2010
1777262544413,18.3336
1777262544461,18.5354
1777262544487,18.7673
1777262544514,19.0627
1777262544561,18.6346
1777262544586,18.9661
1777262544612,19.3355
1777262544659,18.9752
1777262544685,19.3401
1777262544711,19.2669
1777262544759,18.9016
1777262544789,19.4255
1777262544814,19.5547
1777262544862,19.6273
1777262544889,19.8905
1777262544916,20.0858
1777262544942,20.4473
1777262544989,20.0502
1777262545014,20.4949
1777262545040,20.3245
1777262545087,20.2119
1777262545114,20.6183
1777262545141,20.5251
1777262545189,20.2572
1777262545214,20.4883
1777262545262,20.2666
1777262545289,21.0063
1777262545316,21.1935
1777262545342,21.0437
1777262545390,21.4131
1777262545418,21.6490
1777262545444,22.0625
1777262545470,21.9282
1777262545518,21.4750
1777262545545,21.9303
1777262545572,21.8987
1777262545621,21.5690
1777262545648,22.4058
1777262545675,22.3655
1777262545702,22.5701
1777262545750,22.5918
1777262545777,22.7102
1777262545805,22.5194
1777262545852,22.3646
1777262545878,22.6095
1777262545904,22.3029
1777262545952,21.9892
1777262545980,22.6721
1777262546007,22.7858
1777262546034,22.5007
1777262546082,22.5478
1777262546109,22.5984
1777262546137,22.5186
1777262546163,22.4914
1777262546212,22.4157
1777262546240,22.3337
1777262546267,22.3639
1777262546316,21.8145
1777262546344,21.9107
1777262546372,22.1691
1777262546400,21.9564
1777262546449,21.7785
1777262546475,21.9599
1777262546501,22.3628
1777262546549,21.9197
1777262546578,22.2264
1777262546606,22.5571
1777262546634,22.5195
1777262546680,21.8894
1777262546705,22.0672
1777262546731,22.2536
1777262546779,21.8925
1777262546807,22.2109
1777262546834,22.5459
1777262546861,22.4048
1777262546912,21.8473
1777262546938,22.3722
1777262546965,22.3833
1777262546991,21.9206
1777262547038,21.4929
1777262547064,21.8526
1777262547091,21.6952
1777262547137,21.3354
1777262547163,21.6230
1777262547189,21.9019
1777262547237,21.3251
1777262547264,21.4146
1777262547292,21.3549
1777262547340,21.2642
1777262547368,21.1983
1777262547396,21.1943
1777262547422,21.0442
1777262547470,20.7366
1777262547498,20.9030
1777262547522,20.8537
1777262547570,20.7710
1777262547596,20.6448
1777262547623,20.4574
1777262547671,20.6269
1777262547699,20.9040
1777262547724,20.7405
1777262547750,20.6159
1777262547798,20.4131
1777262547825,20.2594
1777262547851,20.0832
1777262547898,20.1413
1777262547925,19.9274
1777262547951,19.9865
1777262547998,19.9389
1777262548025,20.4356
1777262548051,20.3900
1777262548099,20.4041
1777262548127,20.8322
1777262548152,20.8272
1777262548200,20.6098
1777262548226,21.1787
1777262548253,21.2004
1777262548300,21.0559
1777262548327,21.5877
1777262548353,21.6460
1777262548399,21.3908
1777262548425,21.7073
1777262548451,22.0698
1777262548499,21.5959
1777262548525,21.9177
1777262548550,22.2322
1777262548598,22.0280
1777262548624,22.1792
1777262548649,22.4093
1777262548697,22.0949
1777262548725,22.0978
1777262548753,22.2742
1777262548803,22.6648
1777262548830,23.0261
1777262548856,23.3875
1777262548882,23.7619
1777262548909,23.5818
1777262548956,23.1888
1777262548982,23.4568
1777262549028,23.2976
1777262549055,23.5993
1777262549082,23.9471
1777262549108,23.6796
1777262549156,23.2058
1777262549182,23.5259
1777262549208,23.3943
1777262549256,22.8473
1777262549282,23.1588
1777262549308,23.0799
1777262549356,22.6754
1777262549383,22.9700
1777262549430,22.6406
1777262549457,22.9664
1777262549483,23.3697
1777262549509,23.0410
1777262549558,22.9697
1777262549582,23.3667
1777262549608,23.2575
1777262549655,22.8878
1777262549682,23.2737
1777262549708,23.1848
1777262549756,22.6983
1777262549784,23.0170
1777262549811,23.0478
1777262549835,22.5217
1777262549881,21.8199
1777262549908,21.8364
1777262549956,22.0963
1777262549983,22.3213
1777262550011,22.4717
1777262550059,22.2242
1777262550086,22.4922
1777262550113,22.7650
1777262550139,23.1112
1777262550186,22.7900
1777262550212,23.0942
1777262550238,23.4792
1777262550284,23.2497
1777262550310,23.5808
1777262550336,23.7609
1777262550384,23.3729
1777262550411,23.4698
1777262550437,23.4211
1777262550483,22.7659
1777262550510,23.0157
1777262550535,23.1587
1777262550583,22.8347
1777262550610,22.9551
1777262550637,23.0551
1777262550664,23.0272
1777262550710,22.6575
1777262550735,22.9358
1777262550760,22.7566
1777262550809,22.0789
1777262550836,22.0853
1777262550862,22.5440
1777262550910,22.2549
1777262550937,22.6114
1777262550964,22.4878
1777262551012,21.8392
1777262551039,22.1851
1777262551066,22.2423
1777262551091,21.7019
1777262551137,21.1446
1777262551164,21.0957
1777262551213,21.1413
1777262551242,21.1476
1777262551270,21.5709
1777262551298,21.6077
1777262551325,21.2913
1777262551374,21.2301
1777262551402,21.4940
1777262551430,21.3490
1777262551457,21.1862
1777262551507,21.0698
1777262551535,21.0755
1777262551562,21.2905
1777262551589,21.1369
1777262551639,20.5235
1777262551668,20.8991
1777262551694,21.1033
1777262551745,20.8750
1777262551773,21.4641
1777262551799,22.1493
1777262551825,22.1718
1777262551851,21.8480
1777262551899,21.8720
1777262551929,21.9172
1777262551954,21.7898
1777262552001,21.7656
1777262552028,21.9781
1777262552056,21.5928
1777262552104,21.4596
1777262552130,22.0776
1777262552156,22.2094
1777262552204,22.3381
1777262552231,22.5944
1777262552259,22.3794
1777262552287,22.0069
1777262552335,22.0902
1777262552362,22.3060
1777262552389,22.3265
1777262552438,21.8894
1777262552465,22.1538
1777262552493,22.6408
1777262552520,22.6600
1777262552566,22.2229
1777262552592,22.5882
1777262552618,22.9039
1777262552667,22.5459
1777262552695,22.5031
1777262552722,22.7804
1777262552750,22.6318
1777262552797,21.9351
1777262552826,21.8434
1777262552853,22.0703
1777262552880,22.3633
1777262552929,22.1134
1777262552956,22.3429
1777262552980,22.6061
1777262553029,22.2987
1777262553057,22.4304
1777262553084,22.6745
1777262553111,22.4536
1777262553159,21.9005
1777262553192,22.0758
1777262553220,22.0972
1777262553246,21.8240
1777262553295,21.8538
1777262553322,22.1734
1777262553350,22.2026
1777262553377,21.9119
1777262553425,21.8538
1777262553451,22.0451
1777262553478,21.8111
1777262553527,21.4096
1777262553554,22.0135
1777262553581,22.0822
1777262553633,21.8282
1777262553661,22.5911
1777262553688,22.8641
1777262553715,22.7283
1777262553742,22.5110
1777262553791,22.3409
1777262553819,22.7738
1777262553844,22.7204
1777262553892,22.9128
1777262553919,23.2096
1777262553945,23.2055
1777262553972,22.8653
1777262554019,22.9230
1777262554046,23.2185
1777262554072,22.9145
1777262554120,22.9166
1777262554147,23.5508
1777262554174,23.5013
1777262554223,23.1410
1777262554249,23.4936
1777262554274,23.8522
1777262554322,23.4586
1777262554349,23.6856
1777262554376,23.8318
1777262554403,23.9193
1777262554452,23.7271
1777262554479,23.8303
1777262554504,24.1063
1777262554551,23.4613
1777262554577,23.6875
1777262554604,23.5666
1777262554630,23.4669
1777262554681,22.6486
1777262554707,22.5299
1777262554733,22.3705
1777262554781,22.5827
1777262554808,22.6667
1777262554835,22.6767
1777262554881,22.5529
1777262554908,22.7790
1777262554934,22.4360
1777262554980,22.2187
1777262555008,22.6767
1777262555035,22.6258
1777262555080,22.1500
1777262555107,22.5068
1777262555132,22.4014
1777262555180,21.8384
1777262555207,22.2245
1777262555234,22.1794
1777262555281,21.5139
1777262555305,21.9967
1777262555331,21.6411
1777262555380,21.4576
1777262555408,21.7473
1777262555435,22.1353
1777262555462,21.9456
1777262555507,21.4449
1777262555534,21.6722
1777262555561,21.5324
1777262555610,20.9179
1777262555638,21.2399
1777262555666,21.6526
1777262555693,21.3356
1777262555742,21.3090
1777262555769,21.7664
1777262555795,21.6955
1777262555844,21.3571
1777262555871,21.6709
1777262555898,21.8014
1777262555922,21.4458
1777262555969,21.0701
1777262555995,21.1577
1777262556022,21.1033
1777262556070,21.0991
1777262556097,21.1586
1777262556123,20.9703
1777262556170,21.0960
1777262556197,21.2676
1777262556223,20.9918
1777262556271,20.9542
1777262556297,21.1046
1777262556323,20.6985
1777262556370,20.6249
1777262556396,20.8569
1777262556422,20.5794
1777262556469,20.1758
1777262556496,20.8273
1777262556521,20.7692
1777262556571,20.5564
1777262556597,21.0805
1777262556624,21.0975
1777262556671,20.6939
1777262556697,21.1104
1777262556725,21.3517
1777262556752,21.1801
1777262556800,20.9016
1777262556827,21.2134
1777262556853,21.2027
1777262556901,20.5242
1777262556927,20.8196
1777262556952,21.1819
1777262556999,20.9780
1777262557024,21.2946
1777262557049,21.4819
1777262557096,21.1063
1777262557123,21.2003
1777262557149,21.1588
1777262557200,20.8546
1777262557226,21.1555
1777262557252,21.4546
1777262557300,21.1669
1777262557325,21.4931
1777262557350,21.6845
1777262557396,21.1703
1777262557422,21.4152
1777262557449,21.6808
1777262557497,21.4580
1777262557525,21.5374
1777262557551,21.9007
1777262557577,21.7675
1777262557625,21.2035
1777262557650,21.4759
1777262557674,21.3484
1777262557721,20.8107
1777262557747,20.7992
1777262557795,20.6739
1777262557819,20.8825
1777262557845,20.7814
1777262557893,20.8184
1777262557920,21.0304
1777262557945,20.8460
1777262557991,20.8695
1777262558017,20.9765
1777262558042,20.7323
1777262558089,20.8317
1777262558115,21.0361
1777262558142,20.8887
1777262558189,20.9232
1777262558214,21.1048
1777262558239,20.7866
1777262558286,20.6179
1777262558312,20.7316
1777262558338,20.3927
1777262558385,20.3304
1777262558412,20.4197
1777262558460,20.1089
1777262558486,20.6764
1777262558511,20.8097
1777262558536,20.4857
1777262558583,20.1033
1777262558609,20.4932
1777262558654,20.3416
1777262558679,20.6473
1777262558705,20.9247
1777262558752,20.6098
1777262558779,21.0262
1777262558806,21.0382
1777262558858,20.6258
1777262558885,21.2592
1777262558912,21.4239
1777262558938,21.2039
1777262558986,21.2544
1777262559013,21.3880
1777262559039,21.4895
1777262559093,21.7522
1777262559119,22.0844
1777262559145,22.4422
1777262559172,22.8243
1777262559196,22.6607
1777262559243,22.1793
1777262559270,22.4764
1777262559294,22.3783
1777262559340,22.0675
1777262559367,22.4605
1777262559415,22.1239
1777262559442,22.5061
1777262559468,22.5129
1777262559515,22.0235
1777262559542,22.2568
1777262559569,22.7723
1777262559594,22.6561
1777262559642,22.4741
1777262559670,22.5726
1777262559699,22.2527
1777262559747,22.4393
1777262559774,22.7187
1777262559802,22.5774
1777262559830,22.5478
1777262559878,22.5824
1777262559909,22.4557
1777262559935,22.4680
1777262559961,22.5234
1777262560010,22.5046
1777262560038,22.5211
1777262560065,22.5764
1777262560092,22.5520
1777262560142,21.8314
1777262560169,21.7480
1777262560196,21.7118
1777262560223,22.1573
1777262560272,22.0559
1777262560301,22.3459
1777262560331,22.8490
1777262560357,22.7115
1777262560404,22.4840
1777262560431,22.9453
1777262560457,22.7034
1777262560506,22.6810
1777262560531,22.9173
1777262560555,22.8027
1777262560603,22.6926
1777262560630,23.2900
1777262560656,23.2946
1777262560682,23.1309
1777262560730,22.9188
1777262560756,23.0223
1777262560782,22.5939
1777262560829,22.2119
1777262560855,22.3910
1777262560904,22.1043
1777262560931,22.4513
1777262560958,22.5024
1777262560984,22.4372
1777262561032,22.0662
1777262561058,22.2992
1777262561085,22.2025
1777262561133,22.0774
1777262561160,22.5622
1777262561185,22.4018
1777262561211,22.1628
1777262561259,22.2041
1777262561285,22.1520
1777262561312,21.7569
1777262561359,21.3537
1777262561385,21.7492
1777262561411,21.6330
1777262561458,21.0471
1777262561485,21.2957
1777262561513,21.2746
1777262561561,20.8277
1777262561591,21.2901
1777262561617,21.3461
1777262561645,21.0037
1777262561692,21.2494
1777262561719,21.5439
1777262561746,21.5470
1777262561773,21.1842
1777262561821,21.3488
1777262561846,21.4380
1777262561872,21.2145
1777262561920,20.9593
1777262561948,20.5368
1777262561976,20.2831
1777262562023,20.1023
1777262562049,20.5990
1777262562076,20.4033
1777262562125,20.3847
1777262562153,20.7048
1777262562180,20.6925
1777262562208,20.6056
1777262562256,20.9252
1777262562284,21.2360
1777262562311,21.3612
1777262562338,21.7683
1777262562387,21.4891
1777262562415,21.8020
1777262562442,22.2415
1777262562467,22.1450
1777262562516,21.7299
1777262562542,22.0051
1777262562568,21.6682
1777262562617,21.5457
1777262562643,21.7247
1777262562668,21.7502
1777262562716,21.7493
1777262562744,21.7157
1777262562771,21.7128
1777262562819,22.1465
1777262562850,22.4521
1777262562876,22.8747
1777262562903,23.3791
1777262562929,23.2681
1777262562978,22.9626
1777262563005,23.4660
1777262563033,23.3860
1777262563082,22.9888
1777262563109,23.4828
1777262563136,23.5139
1777262563163,23.0189
1777262563211,23.0539
1777262563239,23.5333
1777262563274,23.4879
1777262563301,23.3877
1777262563328,23.2034
1777262563377,23.3318
1777262563404,23.4581
1777262563432,23.2849
1777262563458,23.1466
1777262563505,23.3200
1777262563532,23.3572
1777262563558,23.3349
1777262563607,23.2571
1777262563635,23.3338
1777262563663,23.3901
1777262563711,23.5652
1777262563738,23.7963
1777262563764,23.6867
1777262563789,23.7677
1777262563838,23.5806
1777262563864,23.4678
1777262563889,23.0806
1777262563937,22.7839
1777262563964,23.4063
1777262563991,23.3344
1777262564040,22.9923
1777262564068,23.5696
1777262564095,23.3599
1777262564120,23.2667
1777262564167,22.9895
1777262564193,23.1587
1777262564220,22.8187
1777262564269,22.3082
1777262564297,22.4924
1777262564322,22.3799
1777262564370,22.4418
1777262564397,22.6142
1777262564424,22.3537
1777262564473,22.5579
1777262564499,23.2782
1777262564533,23.3500
1777262564559,23.4996
1777262564586,23.6595
1777262564634,23.0954
1777262564660,23.2505
1777262564687,23.2671
1777262564743,23.1782
1777262564770,23.3349
1777262564797,23.7936
1777262564822,24.1739
1777262564847,23.8926
1777262564895,23.3306
1777262564923,23.8243
1777262564971,23.6207
1777262564997,24.0457
1777262565023,24.4169
1777262565049,24.2688
1777262565097,23.7641
1777262565126,24.0512
1777262565154,24.3898
1777262565180,24.5178
1777262565228,24.2280
1777262565255,25.0088
1777262565283,24.8312
1777262565310,24.4824
1777262565357,24.3455
1777262565382,24.3704
1777262565431,24.0318
1777262565459,24.3173
1777262565483,24.1645
1777262565532,23.6008
1777262565559,23.8018
1777262565584,23.8812
1777262565609,23.6287
1777262565656,23.4881
1777262565682,23.2448
1777262565731,23.2678
1777262565758,23.5803
1777262565789,23.1332
1777262565816,22.8496
1777262565842,22.5614
1777262565890,22.7294
1777262565918,22.8474
1777262565945,22.6831
1777262565998,22.5177
1777262566025,22.2564
1777262566051,22.5179
1777262566077,22.6607
1777262566125,22.1796
1777262566152,22.4126
1777262566180,22.4811
1777262566231,22.4365
1777262566257,22.6384
1777262566283,22.8605
1777262566310,23.0229
1777262566358,23.3261
1777262566387,23.6136
1777262566421,23.9167
1777262566446,23.9873
1777262566472,23.6259
1777262566520,23.4097
1777262566546,23.5809
1777262566574,23.3023
1777262566621,23.2623
1777262566646,24.0004
1777262566672,23.9886
1777262566720,24.1370
1777262566748,24.2543
1777262566774,24.0201
1777262566801,23.8061
1777262566848,23.5456
1777262566873,24.0524
1777262566920,23.7088
1777262566947,23.9630
1777262566974,24.3081
1777262567001,24.2335
1777262567053,23.4952
1777262567080,23.8116
1777262567107,24.1238
1777262567134,23.7953
1777262567182,23.1761
1777262567209,23.4900
1777262567236,23.3985
1777262567283,22.7354
1777262567310,22.7157
1777262567336,22.8281
1777262567384,22.3531
1777262567412,22.6466
1777262567439,22.6346
1777262567473,22.4107
1777262567521,22.8115
1777262567548,23.0302
1777262567575,23.2291
1777262567601,23.4447
1777262567649,23.2314
1777262567682,23.2363
1777262567709,23.6652
1777262567736,23.5785
1777262567763,23.2727
1777262567811,23.1111
1777262567839,23.7569
1777262567867,23.7769
1777262567891,23.5633
1777262567938,23.3471
1777262567965,23.1737
1777262567991,23.0251
1777262568039,23.0815
1777262568067,23.1396
1777262568093,22.8343
1777262568141,22.7910
1777262568168,23.3500
1777262568194,23.2114
1777262568242,22.8238
1777262568269,23.2893
1777262568296,23.2277
1777262568321,22.9397
1777262568369,22.5564
1777262568396,22.6688
1777262568423,22.2834
1777262568471,22.0332
1777262568499,22.2094
1777262568523,22.2346
1777262568571,21.5770
1777262568598,21.5548
1777262568626,21.8329
1777262568653,21.7781
1777262568702,21.2496
1777262568730,21.0857
1777262568756,20.9814
1777262568804,21.0287
1777262568831,21.3314
1777262568856,21.1778
1777262568905,21.0343
1777262568932,21.7055
1777262568957,21.8351
1777262568983,21.6346
1777262569031,21.7935
1777262569058,21.7932
1777262569087,21.5773
1777262569115,21.4498
1777262569163,21.0493
1777262569190,21.2252
1777262569218,21.2494
1777262569266,21.3664
1777262569294,21.4864
1777262569320,21.6130
1777262569345,21.7547
1777262569394,21.6059
1777262569421,21.7649
1777262569449,21.8020
1777262569497,21.5584
1777262569524,21.8534
1777262569552,22.2088
1777262569576,22.0637
1777262569623,21.5396
1777262569650,21.3928
1777262569677,21.2609
1777262569725,21.2740
1777262569753,21.2836
1777262569803,21.5347
1777262569830,21.8432
1777262569857,22.0508
1777262569884,22.3187
1777262569910,22.1948
1777262569957,21.6694
1777262569983,21.8362
1777262570009,22.2193
1777262570057,21.8088
1777262570084,22.0810
1777262570110,22.1542
1777262570158,22.5133
1777262570185,22.7389
1777262570210,22.6299
1777262570258,22.7457
1777262570284,22.9047
1777262570310,22.6228
1777262570337,22.6090
1777262570384,22.7143
1777262570412,22.7369
1777262570460,22.6566
1777262570487,23.2731
1777262570514,23.4332
1777262570540,23.1046
1777262570588,23.0019
1777262570615,23.6087
1777262570641,23.5680
1777262570689,23.3487
1777262570716,24.2149
1777262570743,24.2485
1777262570769,24.0394
1777262570817,23.7286
1777262570844,23.3658
1777262570868,22.9816
1777262570916,22.6819
1777262570942,23.0903
1777262570969,22.8813
1777262571017,22.6739
1777262571043,23.0473
1777262571090,22.8698
1777262571116,23.1984
1777262571142,23.5840
1777262571169,23.4179
1777262571217,22.9061
1777262571245,23.2808
1777262571270,23.2915
1777262571296,22.8607
1777262571344,22.9946
1777262571370,23.0579
1777262571397,22.8155
1777262571445,22.3903
1777262571470,22.4989
1777262571496,21.9893
1777262571544,21.4819
1777262571571,21.7996
1777262571597,21.4834
1777262571646,21.3343
1777262571673,21.7530
1777262571699,21.8077
1777262571747,21.1591
1777262571773,21.4901
1777262571799,21.7903
1777262571825,21.5501
1777262571873,21.0265
1777262571897,21.4968
1777262571946,21.2458
1777262571973,21.4110
1777262571999,21.6453
1777262572026,21.5921
1777262572074,21.0402
1777262572100,21.2758
1777262572126,20.8915
1777262572174,20.4825
1777262572201,20.9379
1777262572228,21.0448
1777262572255,20.6774
1777262572302,20.3778
1777262572328,20.7997
1777262572354,20.5894
1777262572401,20.2171
1777262572428,20.6955
1777262572454,20.6174
1777262572501,20.1586
1777262572525,20.7433
1777262572573,20.4900
1777262572599,20.9069
1777262572625,21.1857
1777262572651,20.9955
1777262572699,20.4225
1777262572722,20.4789
1777262572770,20.4095
1777262572796,20.3301
1777262572821,20.2511
1777262572869,20.5409
1777262572894,20.7266
1777262572919,20.4763
1777262572966,20.5202
1777262572992,20.4124
1777262573017,20.2532
1777262573064,19.9402
1777262573089,20.2958
1777262573141,19.8732
1777262573168,20.4905
1777262573194,20.7236
1777262573220,20.4865
1777262573267,20.2690
1777262573293,20.7826
1777262573319,20.7655
1777262573369,20.5864
1777262573395,21.2075
1777262573421,21.0857
1777262573448,21.1092
1777262573495,21.2716
1777262573522,21.3603
1777262573549,21.0182
1777262573596,20.8670
1777262573623,20.7250
1777262573649,20.6035
1777262573697,20.8367
1777262573724,20.9859
1777262573751,21.1961
1777262573799,20.8480
1777262573826,21.1168
1777262573851,21.4584
1777262573898,21.3304
1777262573924,21.5256
1777262573949,21.8545
1777262574003,21.4095
1777262574030,21.9418
1777262574056,22.5475
1777262574082,22.4691
1777262574129,22.4372
1777262574156,22.6119
1777262574183,22.2286
1777262574207,22.0731
1777262574254,21.9856
1777262574280,21.9523
1777262574327,21.9035
1777262574353,22.1749
1777262574379,22.1063
1777262574428,21.7011
1777262574456,22.0757
1777262574481,22.4201
1777262574507,22.2316
1777262574554,21.9827
1777262574579,22.3053
1777262574631,21.9488
1777262574657,22.3825
1777262574683,22.8095
1777262574709,22.6882
1777262574756,22.2268
1777262574782,22.5969
1777262574808,22.4687
1777262574856,22.0057
1777262574883,22.4288
1777262574909,22.3588
1777262574957,21.8481
1777262574984,22.2480
1777262575011,22.2641
1777262575035,21.6712
1777262575083,21.1664
1777262575109,21.4258
1777262575157,21.0674
1777262575184,21.2962
1777262575210,21.4302
1777262575260,21.5198
1777262575287,21.8111
1777262575312,22.1290
1777262575338,21.9628
1777262575386,21.3952
1777262575413,21.6936
1777262575440,21.5426
1777262575487,21.0491
1777262575514,21.2157
1777262575541,21.5283
1777262575589,21.2408
1777262575616,21.5653
1777262575642,21.5659
1777262575669,21.0373
1777262575717,20.6282
1777262575743,20.9709
1777262575770,20.8480
1777262575818,20.6464
1777262575845,20.9482
1777262575870,21.0118
1777262575918,20.4653
1777262575945,20.8821
1777262575971,20.8835
1777262576018,20.3710
1777262576046,20.7146
1777262576072,21.1078
1777262576121,21.0569
1777262576148,21.6018
1777262576174,21.7194
1777262576201,21.4172
1777262576249,21.3410
1777262576274,21.4833
1777262576299,21.0621
1777262576347,20.7332
1777262576373,21.1229
1777262576421,20.9164
1777262576448,21.2622
1777262576475,21.6312
1777262576524,21.4340
1777262576552,21.9133
1777262576580,22.4469
1777262576605,22.5223
1777262576630,22.1457
1777262576675,21.9228
1777262576699,22.2341
1777262576744,22.0243
1777262576769,22.2067
1777262576814,22.0773
1777262576839,22.3758
1777262576862,22.1100
1777262576907,22.0009
1777262576930,22.0230
1777262576975,21.4902
1777262576999,21.7613
1777262577046,21.5184
1777262577071,21.4877
1777262577097,21.4573
1777262577143,20.8273
1777262577168,20.9155
1777262577194,20.6160
1777262577243,20.5022
1777262577269,20.4636
1777262577294,20.5862
1777262577340,20.7307
1777262577365,20.7972
1777262577412,20.5959
1777262577436,21.0358
1777262577461,20.7125
1777262577506,20.2850
1777262577530,20.3561
1777262577575,19.7861
1777262577599,19.6956
1777262577623,19.4811
1777262577668,19.7244
1777262577693,19.7239
1777262577738,19.6896
1777262577762,20.0139
1777262577787,19.7333
1777262577832,19.4735
1777262577856,19.2677
1777262577902,19.4245
1777262577926,19.5354
1777262577971,19.2662
1777262577995,19.7599
1777262578020,19.6754
1777262578065,19.5861
1777262578089,19.4373
1777262578134,19.2394
1777262578158,19.5554
1777262578182,19.3639
1777262578228,19.3787
1777262578253,19.2587
1777262578300,18.9747
1777262578327,19.5281
1777262578354,19.5654
1777262578407,19.4032
1777262578431,19.8859
1777262578456,19.7531
1777262578480,19.5890
1777262578525,19.3100
1777262578549,19.3822
1777262578600,19.2718
1777262578624,19.3527
1777262578648,19.6773
1777262578693,19.3448
1777262578717,19.4102
1777262578764,19.0715
1777262578789,19.4318
1777262578814,19.8810
1777262578859,19.6980
1777262578884,19.9778
1777262578928,19.9032
1777262578952,20.2792
1777262578976,20.2095
1777262579021,19.7856
1777262579045,20.1768
1777262579090,19.8176
1777262579114,20.2020
1777262579159,19.9378
1777262579182,20.2392
1777262579206,20.5183
1777262579253,20.1797
1777262579277,20.3344
1777262579322,20.0123
1777262579348,20.1984
1777262579570,20.7185
1777262579613,25.4996
1777262579634,25.1861
1777262579675,25.3850
1777262579697,24.9941
1777262579739,24.8417
1777262579783,24.4613
1777262579804,24.3212
1777262579847,24.5013
1777262579869,24.4023
1777262579912,24.0792
1777262579934,23.8509
1777262579977,23.5663
1777262579999,23.8533
1777262580041,23.4047
1777262580063,23.2257
1777262580106,22.9185
1777262580128,22.7700
1777262580171,22.4547
1777262580193,22.0477
1777262580235,22.1951
1777262580278,22.0240
1777262580300,22.3814
1777262580343,21.6671
1777262580366,21.7714
1777262580409,21.6007
1777262580431,21.6640
1777262580474,21.4096
1777262580497,21.4391
1777262580540,21.1301
1777262580563,21.1542
1777262580606,16.7341
1777262580628,16.4871
1777262580671,16.5322
1777262580694,16.6809
1777262580737,16.6923
1777262580760,16.8103
1777262580803,16.7205
1777262580826,16.6071
1777262580869,16.4651
1777262580892,16.6166
1777262580935,16.2866
1777262580957,16.5927
1777262581001,16.3144
1777262581024,16.5778
1777262581067,16.5490
1777262581090,16.7091
1777262581133,16.4861
1777262581156,16.8922
1777262581199,16.7516
1777262581222,17.1577
1777262581265,17.0004
1777262581288,17.0580
1777262581332,16.7658
1777262581355,16.9194
1777262581398,16.6400
1777262581421,16.8278
1777262581465,16.5635
1777262581488,16.6770
1777262581532,16.5279
1777262581555,16.6982
1777262581599,16.5917
1777262581622,16.7680
1777262581665,16.5771
1777262581688,16.8014
1777262581733,16.7858
1777262581756,16.9918
1777262581801,17.0154
1777262581824,17.2552
1777262581848,17.4289
1777262581893,17.2325
1777262581917,17.3713
1777262581961,17.2561
1777262581985,17.4769
1777262582029,17.3338
1777262582052,17.5018
1777262582097,17.2447
1777262582121,17.5946
1777262582165,17.4129
1777262582189,17.8713
1777262582212,17.7884
1777262582257,17.6723
1777262582281,17.6426
1777262582325,17.7730
1777262582349,17.8637
1777262582393,17.7777
1777262582417,17.9165
1777262582462,17.8296
1777262582485,18.0146
1777262582530,18.1342
1777262582555,18.3557
1777262582579,18.3880
1777262582623,17.9711
1777262582647,18.1940
1777262582692,17.8672
1777262582716,18.1316
1777262582761,17.9695
1777262582786,18.1003
1777262582809,17.8883
1777262582855,17.6334
