Timestamp,SystemLatency
1777262330877,0.0000
1777262330912,53.7813
1777262330934,47.3729
1777262330957,39.0347
1777262331001,38.2571
1777262331023,38.3171
1777262331044,40.2129
1777262331087,38.1600
1777262331110,35.9623
1777262331152,33.3278
1777262331175,31.9663
1777262331224,30.1641
1777262331248,30.1141
1777262331293,29.2331
1777262331316,29.0631
1777262331361,28.2889
1777262331386,28.2756
1777262331429,27.5390
1777262331453,27.6374
1777262331478,27.3687
1777262331523,26.9502
1777262331549,26.9526
1777262331593,26.5350
1777262331616,26.5845
1777262331661,26.2571
1777262331684,26.4091
1777262331706,26.0747
1777262331749,25.5669
1777262331792,25.3467
1777262331814,25.4302
1777262331857,25.1592
1777262331879,25.2299
1777262331922,24.9831
1777262331946,23.9572
1777262331990,23.9348
1777262332013,23.7124
1777262332036,23.1450
1777262332081,21.6230
1777262332104,21.7913
1777262332148,21.5120
1777262332172,21.8842
1777262332215,21.9562
1777262332238,21.9612
1777262332282,21.5218
1777262332305,21.5561
1777262332348,21.2355
1777262332372,21.2394
1777262332416,20.9509
1777262332439,20.9868
1777262332482,20.5552
1777262332506,20.6939
1777262332566,20.3374
1777262332610,20.7544
1777262332632,20.4862
1777262332675,20.2306
1777262332697,19.7953
1777262332741,19.8397
1777262332764,19.7799
1777262332807,19.3828
1777262332830,19.3433
1777262332874,18.9210
1777262332897,19.0373
1777262332941,18.8115
1777262332965,18.5798
1777262332988,18.4873
1777262333032,17.6776
1777262333055,17.7529
1777262333098,17.3804
1777262333121,17.2696
1777262333164,16.9042
1777262333187,16.6090
1777262333230,16.4569
1777262333278,16.6610
1777262333301,16.8037
1777262333343,16.7352
1777262333366,16.8601
1777262333408,16.7056
1777262333431,16.7822
1777262333474,16.3254
1777262333496,16.3732
1777262333539,16.0000
1777262333562,16.0239
1777262333605,15.0176
1777262333627,14.9554
1777262333670,14.8124
1777262333713,14.7649
1777262333735,15.2564
1777262333778,15.3633
1777262333801,15.6196
1777262333844,15.3227
1777262333904,15.5980
1777262333926,16.1225
1777262333948,16.1804
1777262333990,15.6497
1777262334033,15.9892
1777262334054,16.2481
1777262334097,16.5289
1777262334119,16.7215
1777262334161,16.8906
1777262334184,16.9958
1777262334227,17.0157
1777262334249,17.0267
1777262334293,16.7517
1777262334315,16.6217
1777262334358,16.3342
1777262334401,16.3951
1777262334423,16.6149
1777262334466,16.6879
1777262334488,16.9748
1777262334532,17.1660
1777262334555,17.3836
1777262334598,17.6826
1777262334620,17.8995
1777262334664,18.3174
1777262334687,18.4838
1777262334730,18.4874
1777262334753,18.4691
1777262334796,18.2965
1777262334820,18.5217
1777262334863,18.6163
1777262334886,18.6984
1777262334909,18.6489
1777262334953,17.8864
1777262334975,18.1899
1777262335019,18.0262
1777262335041,17.8820
1777262335085,17.7380
1777262335108,17.6118
1777262335152,17.4606
1777262335175,17.3596
1777262335218,17.0969
1777262335241,17.4224
1777262335285,17.4620
1777262335308,17.4941
1777262335352,17.6503
1777262335375,17.8204
1777262335418,17.5591
1777262335447,17.3805
1777262335491,17.2250
1777262335514,17.6289
1777262335537,17.6086
1777262335581,17.1233
1777262335604,17.1779
1777262335648,16.7516
1777262335672,16.8009
1777262335716,16.4621
1777262335739,16.4853
1777262335783,16.2730
1777262335806,16.4023
1777262335849,15.8352
1777262335872,16.0514
1777262335915,15.5960
1777262335938,16.1491
1777262335983,15.9820
1777262336007,16.4059
1777262336051,16.4380
1777262336074,16.9363
1777262336119,17.0687
1777262336143,17.4050
1777262336166,17.2607
1777262336211,17.2698
1777262336235,17.2627
1777262336280,17.4761
1777262336304,17.6800
1777262336349,17.7498
1777262336373,17.8944
1777262336397,17.8339
1777262336463,17.7785
1777262336486,18.5217
1777262336510,18.8764
1777262336584,19.0822
1777262336608,20.4940
1777262336652,20.4538
1777262336675,20.4503
1777262336719,20.4502
1777262336743,20.4810
1777262336787,20.3810
1777262336822,20.3791
1777262336847,20.7755
1777262336892,20.5481
1777262336917,21.0366
1777262336941,20.9486
1777262336986,20.9657
1777262337011,21.0284
1777262337056,20.9201
1777262337080,20.8870
1777262337105,21.0309
1777262337151,20.4191
1777262337175,20.5033
1777262337220,20.8563
1777262337244,20.9815
1777262337289,20.7776
1777262337313,21.0342
1777262337360,21.1701
1777262337384,21.4240
1777262337407,21.5851
1777262337452,21.6684
1777262337477,21.7374
1777262337501,20.7381
1777262337547,20.5943
1777262337571,20.6165
1777262337617,19.3438
1777262337642,19.5286
1777262337687,19.4541
1777262337712,20.0353
1777262337737,20.0986
1777262337784,19.7874
1777262337808,20.1847
1777262337854,19.9972
1777262337879,20.4468
1777262337904,20.4252
1777262337950,20.1957
1777262337974,20.6697
1777262337999,20.5247
1777262338046,20.2822
1777262338071,20.2881
1777262338097,19.9737
1777262338144,20.0616
1777262338170,20.0706
1777262338216,19.9410
1777262338242,20.2422
1777262338266,20.0889
1777262338312,19.7502
1777262338337,19.9145
1777262338389,19.8142
1777262338413,19.7499
1777262338438,20.0504
1777262338484,19.7934
1777262338509,20.2463
1777262338581,20.5485
1777262338604,22.0706
1777262338626,22.2520
1777262338669,21.9317
1777262338692,21.9598
1777262338735,21.4038
1777262338757,21.3843
1777262338801,21.3733
1777262338823,21.2216
1777262338866,21.0457
1777262338888,20.7307
1777262338931,20.6369
1777262338954,20.5933
1777262338997,20.1815
1777262339020,20.3353
1777262339063,20.1968
1777262339085,20.1056
1777262339128,20.3398
1777262339151,20.3018
1777262339194,19.9269
1777262339216,19.9574
1777262339260,19.4827
1777262339282,19.4122
1777262339325,19.1679
1777262339348,19.0587
1777262339391,18.7782
1777262339435,18.2873
1777262339458,18.3797
1777262339481,18.3854
1777262339525,17.5850
1777262339548,17.6231
1777262339591,17.3947
1777262339614,16.4459
1777262339658,15.6392
1777262339681,15.7783
1777262339725,15.5544
1777262339748,15.6224
1777262339792,15.6500
1777262339815,15.7743
1777262339859,15.9842
1777262339882,16.0270
1777262339925,15.9062
1777262339948,16.1342
1777262339992,16.1116
1777262340015,16.3204
1777262340057,16.0696
1777262340080,16.4369
1777262340123,16.4797
1777262340146,16.5789
1777262340190,16.6139
1777262340213,16.7592
1777262340256,16.7656
1777262340279,16.9755
1777262340323,17.1726
1777262340346,17.3776
1777262340390,17.6013
1777262340413,17.7319
1777262340457,17.6298
1777262340481,17.5782
1777262340525,17.8189
1777262340548,17.9545
1777262340592,18.0841
1777262340614,18.1937
1777262340659,18.4108
1777262340682,18.5876
1777262340727,18.6953
1777262340750,18.9306
1777262340774,19.0456
1777262340818,18.6793
1777262340842,18.7170
1777262340887,18.6985
1777262340911,18.7632
1777262340957,18.3969
1777262340980,18.7562
1777262341024,18.5119
1777262341048,18.9371
1777262341072,18.8023
1777262341116,18.4468
1777262341140,18.6079
1777262341183,18.5848
1777262341206,18.5941
1777262341250,18.4169
1777262341274,18.5006
1777262341318,18.0920
1777262341341,18.3789
1777262341386,18.2234
1777262341410,18.4100
1777262341433,18.1416
1777262341478,17.8778
1777262341502,17.9215
1777262341547,17.3804
1777262341570,17.5207
1777262341614,17.4466
1777262341638,17.4544
1777262341682,17.3362
1777262341706,17.4180
1777262341752,17.3820
1777262341775,17.5054
1777262341799,17.7346
1777262341844,17.4527
1777262341867,17.7402
1777262341912,17.3236
1777262341935,17.6120
1777262341985,17.4399
1777262342009,17.7155
1777262342033,17.7649
1777262342077,17.4388
1777262342100,17.8134
1777262342160,17.7746
1777262342233,18.6292
1777262342254,20.8762
1777262342277,20.8694
1777262342320,20.9139
1777262342342,20.8096
1777262342385,20.7783
1777262342408,20.6352
1777262342451,20.4964
1777262342474,20.8104
1777262342517,20.5122
1777262342539,20.8564
1777262342582,20.4506
1777262342605,20.7018
1777262342648,20.2823
1777262342671,20.4628
1777262342714,20.0357
1777262342736,20.0126
1777262342780,19.4555
1777262342803,19.3879
1777262342847,19.3151
1777262342870,19.4700
1777262342914,19.2786
1777262342936,19.1483
1777262342979,19.2208
1777262343002,19.1936
1777262343045,18.7353
1777262343067,18.7554
1777262343112,18.2616
1777262343134,18.4413
1777262343177,18.0890
1777262343199,17.3972
1777262343243,15.1835
1777262343265,15.2728
1777262343309,15.0833
1777262343331,15.1784
1777262343374,14.9675
1777262343397,15.0554
1777262343440,14.7831
1777262343463,14.8333
1777262343506,14.6159
1777262343528,14.6345
1777262343573,14.4382
1777262343596,14.4964
1777262343639,14.4315
1777262343662,14.5665
1777262343705,14.4186
1777262343728,14.5600
1777262343771,14.4487
1777262343794,14.5305
1777262343837,14.4251
1777262343860,14.5004
1777262343904,14.2952
1777262343927,14.4453
1777262343971,14.4141
1777262343994,14.3763
1777262344037,14.2460
1777262344060,14.3994
1777262344104,14.2514
1777262344127,14.3533
1777262344171,14.2084
1777262344193,14.3047
1777262344237,14.3219
1777262344261,14.4354
1777262344304,14.2315
1777262344327,14.3769
1777262344377,14.2813
1777262344401,14.4599
1777262344425,14.7681
1777262344469,14.4729
1777262344493,14.7952
1777262344537,14.8962
1777262344565,15.0637
1777262344609,15.2669
1777262344632,15.5756
1777262344677,15.3775
1777262344700,15.8778
1777262344723,15.9165
1777262344767,15.8526
1777262344790,15.9279
1777262344836,15.8612
1777262344860,15.9928
1777262344906,16.0610
1777262344930,16.1246
1777262344975,16.2059
1777262345057,16.6889
1777262345078,16.8348
1777262345121,16.8655
1777262345143,16.9177
1777262345185,16.9776
1777262345207,16.9895
1777262345250,16.9366
1777262345272,17.2720
1777262345314,16.9309
1777262345336,16.7832
1777262345379,16.6449
1777262345421,16.2964
1777262345443,16.4889
1777262345486,16.6876
1777262345508,17.1170
1777262345551,16.9165
1777262345573,16.9517
1777262345616,16.5808
1777262345637,16.7250
1777262345680,16.3331
1777262345702,16.3936
1777262345745,16.3789
1777262345767,16.3777
1777262345809,15.9534
1777262345852,16.2449
1777262345874,16.3007
1777262345917,16.3719
1777262345940,16.3392
1777262345983,16.2395
1777262346005,16.1952
1777262346048,16.0855
1777262346070,16.2498
1777262346113,16.0186
1777262346136,16.1642
1777262346182,16.0828
1777262346205,16.3113
1777262346247,16.3836
1777262346270,16.5133
1777262346313,16.6647
1777262346345,16.9397
1777262346369,17.4669
1777262346413,17.3611
1777262346436,17.4265
1777262346480,17.2221
1777262346503,17.2024
1777262346546,17.3500
1777262346569,17.4425
1777262346612,17.4753
1777262346635,17.6881
1777262346679,17.6394
1777262346702,17.8309
1777262346745,18.0344
1777262346781,18.2583
1777262346804,18.8989
1777262346848,18.8040
1777262346871,19.1559
1777262346894,18.9375
1777262346939,18.7790
1777262346963,19.0792
1777262347007,18.8056
1777262347030,19.0101
1777262347075,18.7121
1777262347098,19.0482
1777262347142,18.7876
1777262347165,19.2388
1777262347210,18.8991
1777262347233,19.2564
1777262347277,19.2251
1777262347300,19.4529
1777262347344,19.1650
1777262347367,19.3523
1777262347412,19.5089
1777262347435,19.6870
1777262347458,19.7500
1777262347504,19.4208
1777262347528,19.5961
1777262347575,19.2623
1777262347599,19.5362
1777262347643,19.0632
1777262347667,19.4473
1777262347690,19.4059
1777262347734,19.0240
1777262347758,18.8290
1777262347802,18.6443
1777262347825,18.4120
1777262347869,18.0401
1777262347892,18.1514
1777262347937,18.0051
1777262347960,18.3373
1777262348006,18.4809
1777262348030,18.6504
1777262348053,18.8013
1777262348098,18.4475
1777262348122,18.6592
1777262348166,18.3657
1777262348190,18.4054
1777262348234,18.1554
1777262348258,18.3581
1777262348303,18.0277
1777262348327,18.2869
1777262348351,18.2642
1777262348395,17.8426
1777262348419,17.8192
1777262348464,17.2934
1777262348487,17.6809
1777262348532,17.4591
1777262348556,17.8420
1777262348600,17.4558
1777262348624,17.8528
1777262348671,17.7951
1777262348696,17.8953
1777262348720,18.3013
1777262348766,18.1557
1777262348791,18.5554
1777262348837,18.3543
1777262348863,18.9762
1777262348888,18.9855
1777262348934,19.0212
1777262348960,19.2624
1777262348985,19.3093
1777262349031,18.9513
1777262349056,19.1082
1777262349081,19.3435
1777262349127,18.8932
1777262349152,19.2362
1777262349198,19.1669
1777262349223,19.3977
1777262349248,19.1696
1777262349360,19.0924
1777262349383,21.6648
1777262349405,21.7070
1777262349448,22.0613
1777262349471,22.1293
1777262349514,22.2506
1777262349536,22.3199
1777262349579,22.3948
1777262349601,22.4321
1777262349644,21.9773
1777262349667,22.1613
1777262349710,21.6755
1777262349733,21.7221
1777262349776,21.7063
1777262349799,21.6001
1777262349842,21.5308
1777262349865,21.2122
1777262349909,21.3206
1777262349932,21.2872
1777262349975,20.7487
1777262349998,20.8336
1777262350042,20.8282
1777262350065,20.7089
1777262350108,21.0108
1777262350131,21.0553
1777262350174,21.1356
1777262350197,21.2122
1777262350241,20.7715
1777262350263,20.9147
1777262350307,20.8791
1777262350330,20.9019
1777262350373,20.6731
1777262350396,18.5236
1777262350440,18.3278
1777262350463,18.4403
1777262350507,18.2507
1777262350531,18.4954
1777262350575,18.1735
1777262350599,18.4864
1777262350643,18.4914
1777262350666,18.6606
1777262350689,18.7249
1777262350733,18.3046
1777262350757,18.5241
1777262350801,18.1050
1777262350824,18.3460
1777262350868,18.0546
1777262350892,18.3258
1777262350937,18.1046
1777262350961,18.3300
1777262351005,18.1008
1777262351028,18.4684
1777262351073,18.3188
1777262351096,18.7945
1777262351119,18.6966
1777262351163,18.4762
1777262351186,18.3270
1777262351231,18.2688
1777262351255,18.2092
1777262351299,18.0511
1777262351323,18.1895
1777262351367,18.0481
1777262351391,18.2838
1777262351436,18.2529
1777262351460,18.5705
1777262351483,18.3644
1777262351528,17.9837
1777262351552,17.9879
1777262351596,17.9132
1777262351620,17.8250
1777262351664,17.6508
1777262351688,17.5229
1777262351734,17.8494
1777262351758,18.0417
1777262351782,18.4279
1777262351826,18.1040
1777262351850,18.4647
1777262351895,18.0820
1777262351920,18.4983
1777262351964,18.2539
1777262351988,18.5871
1777262352012,18.5555
1777262352056,18.0906
1777262352080,18.1189
1777262352126,18.0951
1777262352150,18.2617
1777262352195,18.1025
1777262352218,18.6066
1777262352263,18.4940
1777262352287,19.0160
1777262352311,19.0229
1777262352355,18.8448
1777262352379,18.6412
1777262352424,18.7411
1777262352448,18.7839
1777262352494,18.7557
1777262352519,19.0711
1777262352543,19.0627
1777262352589,19.0457
1777262352675,19.1933
1777262352697,21.2905
1777262352719,21.5005
1777262352761,21.0943
1777262352783,21.1079
1777262352826,21.0616
1777262352848,20.9574
1777262352891,20.8359
1777262352913,20.6780
1777262352956,20.2841
1777262352999,19.9439
1777262353021,20.1486
1777262353064,20.4390
1777262353087,20.5396
1777262353129,20.5339
1777262353152,20.4499
1777262353195,20.3855
1777262353217,20.2732
1777262353260,20.0981
1777262353282,20.0741
1777262353326,19.9995
1777262353348,20.0075
1777262353391,19.8018
1777262353413,19.8241
1777262353456,19.4782
1777262353478,19.4428
1777262353521,18.7845
1777262353544,18.6937
1777262353609,18.6598
1777262353653,18.9135
1777262353676,18.9082
1777262353719,16.4909
1777262353742,16.6684
1777262353785,16.2681
1777262353808,16.4840
1777262353851,16.1015
1777262353874,16.3530
1777262353917,16.0480
1777262353939,16.3390
1777262353982,16.1585
1777262354026,15.8879
1777262354048,16.1959
1777262354071,16.1084
1777262354115,15.7484
1777262354159,15.5718
1777262354181,15.9781
1777262354204,15.8875
1777262354247,15.5394
1777262354290,15.4545
1777262354313,15.7430
1777262354357,15.7673
1777262354380,16.0687
1777262354424,15.8739
1777262354446,16.3662
1777262354490,16.2835
1777262354513,16.8206
1777262354536,16.7819
1777262354579,16.8734
1777262354602,16.8317
1777262354646,15.9013
1777262354669,15.9148
1777262354712,15.7960
1777262354735,15.8276
1777262354778,15.7483
1777262354801,15.8354
1777262354844,15.7787
1777262354867,15.8323
1777262354911,15.9633
1777262354934,16.0594
1777262354978,16.1893
1777262355002,16.2489
1777262355046,15.8352
1777262355069,15.9480
1777262355113,16.0555
1777262355136,16.0979
1777262355180,16.0333
1777262355204,15.9952
1777262355248,16.3428
1777262355273,16.6844
1777262355296,16.6859
1777262355340,16.3392
1777262355364,16.3590
1777262355408,15.7665
1777262355431,15.9544
1777262355475,15.5107
1777262355498,15.6152
1777262355543,15.3208
1777262355566,15.7524
1777262355612,15.7194
1777262355636,16.2527
1777262355659,16.3078
1777262355704,15.9824
1777262355727,16.3152
1777262355771,16.3180
1777262355794,16.4667
1777262355839,16.5327
1777262355862,16.6496
1777262355906,16.6989
1777262355930,16.7674
1777262355975,16.5535
1777262355999,16.9224
1777262356023,16.8515
1777262356068,16.6256
1777262356092,16.8972
1777262356137,16.5974
1777262356160,16.8552
1777262356205,16.5938
1777262356230,17.0094
1777262356254,16.8477
1777262356299,16.4114
1777262356324,16.7263
1777262356369,16.4399
1777262356394,16.8524
1777262356439,16.7971
1777262356463,17.1718
1777262356487,17.1258
1777262356532,16.9181
1777262356556,17.0426
1777262356602,16.7480
1777262356626,16.9196
1777262356671,16.8407
1777262356695,17.1623
1777262356720,17.2064
1777262356766,17.1884
1777262356790,17.3227
1777262356836,17.3396
1777262356860,17.6390
1777262356884,17.5009
1777262356930,17.3623
1777262356958,17.6415
1777262356983,17.6153
1777262357029,17.3197
1777262357053,17.5491
1777262357099,17.3192
1777262357123,17.6772
1777262357167,17.5146
1777262357191,17.9100
1777262357216,17.7759
1777262357262,17.8244
1777262357287,17.9368
1777262357332,17.7813
1777262357357,18.2571
1777262357382,18.2949
1777262357428,18.0097
1777262357453,18.1456
1777262357499,17.7948
1777262357524,18.4022
1777262357549,18.4242
1777262357595,18.2239
1777262357620,18.4076
1777262357645,18.2211
1777262357693,18.2035
1777262357719,18.0631
1777262357744,18.0916
1777262357791,17.9887
1777262357815,18.2544
1777262357862,18.0407
1777262357887,18.2177
1777262357912,18.5380
1777262357959,18.2382
1777262357985,18.4664
1777262358033,18.8606
1777262358058,19.1839
1777262358083,19.6569
1777262358109,19.6179
1777262358199,19.4859
1777262358221,19.6200
1777262358264,19.5943
1777262358286,19.5277
1777262358328,19.4582
1777262358350,19.4352
1777262358393,19.2797
1777262358415,19.2309
1777262358458,18.9443
1777262358480,18.8424
1777262358522,18.4296
1777262358565,18.0290
1777262358587,18.4783
1777262358631,18.2015
1777262358653,18.4465
1777262358696,18.4884
1777262358718,18.5056
1777262358761,18.8623
1777262358783,18.9657
1777262358825,18.6649
1777262358847,18.7951
1777262358895,18.2407
1777262358917,18.3098
1777262358960,18.4473
1777262358983,18.3827
1777262359026,18.2078
1777262359048,18.3133
1777262359091,17.5549
1777262359113,17.5745
1777262359157,17.6145
1777262359180,17.7782
1777262359223,17.3467
1777262359245,17.6917
1777262359289,17.4274
1777262359311,17.7401
1777262359354,17.8231
1777262359377,17.9200
1777262359420,17.6243
1777262359442,17.9727
1777262359486,18.1530
1777262359508,18.2236
1777262359551,18.1042
1777262359574,18.1332
1777262359617,17.7776
1777262359639,17.7591
1777262359683,17.3961
1777262359706,17.3926
1777262359749,17.1047
1777262359772,17.1127
1777262359815,17.1163
1777262359838,17.1391
1777262359882,16.8962
1777262359904,16.9165
1777262359948,16.4710
1777262359970,16.3079
1777262360014,16.2816
1777262360037,16.3075
1777262360081,16.1374
1777262360103,16.2183
1777262360147,15.9640
1777262360170,16.1130
1777262360214,15.7620
1777262360237,15.8806
1777262360281,15.6658
1777262360304,15.8444
1777262360348,15.6943
1777262360372,15.8014
1777262360416,15.8963
1777262360439,16.1072
1777262360483,16.0810
1777262360506,16.2906
1777262360550,16.3748
1777262360573,16.5486
1777262360597,16.7302
1777262360641,16.4727
1777262360664,16.8298
1777262360708,16.5517
1777262360736,16.8396
1777262360780,16.7353
1777262360804,16.9598
1777262360827,16.9088
1777262360872,16.8445
1777262360895,16.8317
1777262360939,16.8222
1777262360963,16.9656
1777262361007,17.0467
1777262361032,17.1018
1777262361077,17.0490
1777262361101,17.2141
1777262361146,17.3870
1777262361169,17.6138
1777262361192,17.8046
1777262361237,17.5904
1777262361261,17.9783
1777262361307,17.8568
1777262361332,18.2234
1777262361377,18.1646
1777262361401,18.5074
1777262361426,18.4015
1777262361471,18.1454
1777262361495,18.2749
1777262361540,18.0569
1777262361565,18.2291
1777262361588,18.0958
1777262361637,18.0786
1777262361694,18.1650
1777262361718,19.7761
1777262361742,20.3967
1777262361766,20.8577
1777262361790,20.8653
1777262361850,20.5957
1777262361874,21.5921
1777262361899,21.9742
1777262361923,22.3077
1777262361969,22.3991
1777262361995,22.4259
1777262362020,22.1555
1777262362065,22.1400
1777262362090,22.0485
1777262362136,21.7730
1777262362161,21.8019
1777262362206,21.6359
1777262362230,22.1780
1777262362254,22.0762
1777262362300,21.8721
1777262362324,21.9304
1777262362370,21.8825
1777262362394,22.0630
1777262362419,21.7549
1777262362464,21.8439
1777262362489,21.7692
1777262362535,21.4616
1777262362560,21.8031
1777262362585,21.8435
1777262362633,21.9008
1777262362658,21.9773
1777262362683,21.7429
1777262362729,20.3247
1777262362754,19.7973
1777262362800,19.2852
1777262362825,19.7067
1777262362850,19.5679
1777262362895,18.6762
1777262362920,18.4110
1777262362966,18.3961
1777262362991,18.8344
1777262363015,18.7012
1777262363062,18.4762
1777262363086,18.8867
1777262363131,18.7145
1777262363155,19.2094
1777262363180,18.9591
1777262363226,18.7190
1777262363251,18.4906
1777262363297,18.6690
1777262363323,18.8642
1777262363348,18.7532
1777262363476,18.7343
1777262363498,19.4320
1777262363541,18.9987
1777262363563,18.9824
1777262363605,18.5524
1777262363648,18.6554
1777262363671,18.5463
1777262363714,18.3853
1777262363736,18.6621
1777262363779,18.5581
1777262363801,18.6816
1777262363843,18.2780
1777262363866,18.4049
1777262363908,18.4486
1777262363931,18.3952
1777262363974,18.1709
1777262363996,17.8258
1777262364039,17.8296
1777262364061,17.7886
1777262364105,17.3761
1777262364148,17.3735
1777262364171,17.2868
1777262364214,17.6914
1777262364237,17.9331
1777262364280,17.8118
1777262364302,17.9520
1777262364345,17.4844
1777262364368,17.7954
1777262364411,18.0119
1777262364434,18.2300
1777262364477,18.1528
1777262364500,17.3739
1777262364543,17.6579
1777262364566,17.8945
1777262364609,18.0898
1777262364632,18.3816
1777262364675,18.3380
1777262364698,18.5732
1777262364743,18.3685
1777262364766,18.7366
1777262364788,18.6861
1777262364832,18.1815
1777262364855,18.2454
1777262364899,18.1187
1777262364942,17.9985
1777262364965,18.4916
1777262364988,18.3571
1777262365032,18.4306
1777262365055,18.4004
1777262365099,18.4867
1777262365122,18.4851
1777262365166,18.2109
1777262365189,17.9856
1777262365232,17.7246
1777262365255,17.5160
1777262365299,17.4582
1777262365322,17.3412
1777262365366,17.2009
1777262365388,17.0102
1777262365432,16.5599
1777262365455,16.6246
1777262365499,16.5005
1777262365522,16.5079
1777262365566,16.0226
1777262365590,16.2874
1777262365634,15.9919
1777262365657,16.2989
1777262365701,15.9924
1777262365725,16.3399
1777262365769,16.1188
1777262365792,16.4905
1777262365816,16.8220
1777262365861,16.7171
1777262365885,17.1937
1777262365929,17.2146
1777262365954,17.3605
1777262365998,17.2545
1777262366021,17.5458
1777262366045,17.4612
1777262366090,17.4133
1777262366113,17.4076
1777262366158,17.4290
1777262366182,17.5686
1777262366226,17.5905
1777262366249,17.6802
1777262366293,17.7829
1777262366317,17.9241
1777262366362,17.9617
1777262366386,18.2246
1777262366409,18.1654
1777262366454,18.0952
1777262366478,18.0704
1777262366523,18.0711
1777262366548,18.3283
1777262366593,18.2717
1777262366617,18.7548
1777262366641,18.6387
1777262366685,18.3287
1777262366710,18.3727
1777262366755,17.9058
1777262366778,18.0323
1777262366825,17.6654
1777262366849,18.2175
1777262366873,18.1259
1777262366918,17.9552
1777262366943,18.0458
1777262366988,17.9630
1777262367013,18.1659
1777262367038,17.9534
1777262367082,18.0463
1777262367107,18.0979
1777262367153,18.2810
1777262367179,18.4338
1777262367203,18.2544
1777262367249,18.2705
1777262367274,18.4848
1777262367320,18.1451
1777262367345,18.5300
1777262367369,18.4941
1777262367415,17.9948
1777262367440,18.4493
1777262367485,18.3576
1777262367510,18.8773
1777262367534,18.8505
1777262367580,18.7441
1777262367606,18.8253
1777262367631,18.4635
1777262367677,18.5414
1777262367701,18.5477
1777262367747,18.5073
1777262367773,18.6844
1777262367799,18.4694
1777262367846,18.0931
1777262367872,18.2646
1777262367917,18.6251
1777262367942,18.7357
1777262367968,18.9857
1777262368014,18.5523
1777262368039,18.7755
1777262368065,19.1427
1777262368110,18.8823
1777262368135,19.1373
1777262368181,18.7120
1777262368206,19.0741
1777262368297,19.3519
1777262368319,21.4076
1777262368341,21.4670
1777262368385,21.8081
1777262368407,21.8266
1777262368450,21.4832
1777262368472,21.6590
1777262368516,21.3322
1777262368538,21.2875
1777262368581,21.2344
1777262368604,21.1131
1777262368647,20.9699
1777262368670,21.3957
1777262368714,21.2048
1777262368736,21.5044
1777262368780,21.0834
1777262368803,21.2970
1777262368846,21.2966
1777262368868,21.1955
1777262368912,20.9207
1777262368934,20.8777
1777262368978,20.3547
1777262369000,20.6646
1777262369043,20.2973
1777262369066,20.3057
1777262369109,20.3810
1777262369132,20.3647
1777262369176,20.2410
1777262369199,20.3052
1777262369243,19.8037
1777262369265,19.8410
1777262369309,19.6179
1777262369332,17.4203
1777262369376,17.5373
1777262369398,17.6160
1777262369442,17.5055
1777262369465,17.7162
1777262369509,17.6010
1777262369532,17.8276
1777262369575,17.7692
1777262369598,17.9310
1777262369642,17.9032
1777262369665,18.0831
1777262369708,18.1309
1777262369731,18.2779
1777262369775,18.1137
1777262369799,18.4687
1777262369843,18.4803
1777262369866,18.7433
1777262369890,18.5981
1777262369934,18.4681
1777262369957,18.4529
1777262370002,18.2568
1777262370025,18.5615
1777262370068,18.1487
1777262370091,18.4170
1777262370135,18.0605
1777262370159,18.3527
1777262370204,18.0406
1777262370227,18.4021
1777262370271,18.1727
1777262370295,18.5562
1777262370339,18.3187
1777262370362,18.6406
1777262370385,18.4002
1777262370429,18.2662
1777262370452,18.1351
1777262370496,17.8884
1777262370520,17.8925
1777262370564,17.5218
1777262370587,17.5463
1777262370633,17.2671
1777262370656,17.3970
1777262370700,17.3403
1777262370724,17.4446
1777262370768,17.0787
1777262370791,17.4484
1777262370815,17.2192
1777262370859,16.6418
1777262370883,16.7301
1777262370927,16.5019
1777262370950,16.9056
1777262370995,17.1248
1777262371018,17.2220
1777262371063,17.0028
1777262371087,17.4714
1777262371132,17.5514
1777262371156,17.8176
1777262371179,17.7094
1777262371224,17.5983
1777262371247,17.4605
1777262371291,17.3131
1777262371315,17.3434
1777262371360,17.0684
1777262371384,17.1993
1777262371429,17.3813
1777262371453,17.6334
1777262371497,17.8256
1777262371522,18.1057
1777262371547,18.3938
1777262371592,18.1592
1777262371616,18.6113
1777262371662,18.3971
1777262371686,18.8173
1777262371709,18.5820
1777262371754,18.3771
1777262371778,18.3958
1777262371822,17.9373
1777262371846,18.3228
1777262371891,18.1803
1777262371914,18.6713
1777262371959,18.4532
1777262371983,18.7540
1777262372006,18.5835
1777262372051,18.4434
1777262372098,18.2278
1777262372122,18.8047
1777262372146,18.7995
1777262372191,18.3803
1777262372216,18.8927
1777262372261,18.8004
1777262372288,19.3728
1777262372311,19.4667
1777262372356,19.1845
1777262372381,19.3874
1777262372426,19.3789
1777262372451,19.5667
1777262372475,19.4421
1777262372520,19.2698
1777262372544,19.1459
1777262372590,19.3564
1777262372615,19.5785
1777262372639,19.6104
1777262372685,19.2695
1777262372708,19.1524
1777262372753,19.2740
1777262372778,19.4138
1777262372803,19.5996
1777262372849,19.2542
1777262372873,19.5192
1777262372918,19.4392
1777262372942,19.5958
1777262372988,19.4538
1777262373013,19.6404
1777262373037,19.9640
1777262373083,19.6722
1777262373108,19.7473
1777262373132,19.3017
1777262373177,19.1134
1777262373202,18.9275
1777262373249,19.0523
1777262373275,19.2000
1777262373300,18.9645
1777262373345,18.7891
1777262373370,18.8798
1777262373416,18.6732
1777262373441,18.9889
1777262373467,18.7459
1777262373513,18.7308
1777262373538,18.9066
1777262373563,19.0462
1777262373609,18.4398
1777262373634,18.4918
1777262373681,18.5473
1777262373706,18.8082
1777262373731,18.7170
1777262373776,18.6561
1777262373801,18.6006
1777262373847,18.5314
1777262373874,19.0495
1777262373900,19.2583
1777262373947,18.8888
1777262373972,19.4149
1777262373997,19.4809
1777262374044,19.0847
1777262374070,19.6477
1777262374095,19.4988
1777262374141,19.3838
1777262374165,19.8951
1777262374190,19.9614
1777262374235,19.7884
1777262374311,20.6149
1777262374333,21.0342
1777262374376,20.5810
1777262374397,20.7117
1777262374440,20.1279
1777262374462,20.1212
1777262374505,20.0420
1777262374526,19.8798
1777262374569,19.1464
1777262374611,19.2475
1777262374633,19.2663
1777262374675,19.2378
1777262374697,19.2394
1777262374740,18.6925
1777262374762,18.8942
1777262374804,18.6089
1777262374826,18.5714
1777262374868,17.9425
1777262374911,17.7744
1777262374933,18.0890
1777262374975,17.4789
1777262374997,17.4194
1777262375040,17.3446
1777262375062,17.4483
1777262375105,16.8506
1777262375127,17.0426
1777262375170,16.7556
1777262375192,16.8199
1777262375234,16.6134
1777262375257,16.5674
1777262375299,15.1335
1777262375322,15.1445
1777262375364,14.7847
1777262375407,14.6361
1777262375430,15.0917
1777262375473,15.0161
1777262375495,15.4070
1777262375538,15.6557
1777262375560,15.9102
1777262375603,15.8446
1777262375626,15.9738
1777262375669,15.7769
1777262375691,15.9010
1777262375735,15.8523
1777262375757,15.9594
1777262375801,16.0195
1777262375823,16.1047
1777262375867,16.2038
1777262375890,16.2899
1777262375933,15.9874
1777262375956,16.2221
1777262375999,15.8565
1777262376021,16.1339
1777262376065,16.1221
1777262376087,16.2599
1777262376131,16.1817
1777262376153,16.3237
1777262376293,16.8306
1777262376337,19.3305
1777262376361,19.7410
1777262376404,19.5493
1777262376428,19.4969
1777262376471,19.1755
1777262376494,19.1592
1777262376538,18.8827
1777262376561,18.7436
1777262376605,18.8436
1777262376628,18.8006
1777262376671,18.7928
1777262376694,18.7215
1777262376738,18.6790
1777262376761,18.6938
1777262376805,18.7244
1777262376828,18.7213
1777262376871,18.8037
1777262376894,18.7817
1777262376939,18.8165
1777262376962,18.9927
1777262377006,19.2090
1777262377029,19.3655
1777262377073,19.4957
1777262377096,19.6025
1777262377141,19.7510
1777262377164,19.9161
1777262377187,20.2824
1777262377231,19.8506
1777262377255,19.7584
1777262377298,16.9550
1777262377323,17.0238
1777262377367,17.1744
1777262377390,17.2896
1777262377435,17.1201
1777262377458,17.4658
1777262377503,17.3419
1777262377526,17.8149
1777262377550,17.6919
1777262377594,17.5582
1777262377618,17.5364
1777262377663,17.4451
1777262377687,17.5495
1777262377731,17.5320
1777262377756,17.6703
1777262377800,17.6459
1777262377825,17.8270
1777262377848,17.7448
1777262377893,17.5486
1777262377917,17.4528
1777262377961,17.3090
1777262377984,17.1457
1777262378029,16.7612
1777262378053,17.0253
1777262378098,16.6694
1777262378122,16.9755
1777262378146,16.9109
1777262378190,16.4714
1777262378214,16.8167
1777262378259,16.5973
1777262378283,16.9385
1777262378327,16.8580
1777262378352,17.0756
1777262378400,16.9678
1777262378423,17.5537
1777262378448,17.6475
1777262378494,17.3643
1777262378518,17.6351
1777262378542,17.5235
1777262378587,17.4934
1777262378612,17.4728
1777262378658,17.4542
1777262378683,17.6034
1777262378728,17.6113
1777262378753,17.8906
1777262378777,17.7585
1777262378823,17.6882
1777262378847,17.6065
1777262378893,17.8733
1777262378918,18.0681
1777262378943,18.4018
1777262378988,18.0450
1777262379012,18.3719
1777262379057,18.0462
1777262379082,18.3448
1777262379129,18.2466
1777262379155,18.3816
1777262379179,18.8072
1777262379225,18.6393
1777262379250,19.0433
1777262379274,18.9821
1777262379321,18.9368
1777262379346,18.9820
1777262379392,18.7042
1777262379416,18.8605
1777262379441,18.4392
1777262379487,18.5209
1777262379511,18.5533
1777262379558,18.4821
1777262379583,19.1108
1777262379608,19.1304
1777262379657,19.1890
1777262379682,19.2957
1777262379708,19.4398
1777262379754,19.1978
1777262379839,19.1482
1777262379860,21.4158
1777262379882,21.8372
1777262379924,21.4169
1777262379946,21.4129
1777262379989,21.3590
1777262380010,21.1652
1777262380053,21.0474
1777262380075,20.8668
1777262380117,20.5092
1777262380160,20.0939
1777262380182,20.0625
1777262380224,20.0285
1777262380246,19.8732
1777262380289,19.6562
1777262380311,19.9176
1777262380354,19.5424
1777262380376,19.6949
1777262380418,19.3048
1777262380440,19.2591
1777262380483,18.9265
1777262380526,18.6580
1777262380548,18.8337
1777262380591,18.5560
1777262380613,18.7014
1777262380656,18.7166
1777262380678,18.8231
1777262380721,18.3513
1777262380744,18.6076
1777262380787,18.3871
1777262380810,18.3024
1777262380853,18.1128
1777262380875,16.7123
1777262380918,15.7845
1777262380941,15.8645
1777262380984,15.9159
1777262381006,16.0327
1777262381049,16.1302
1777262381072,16.2347
1777262381115,16.3048
1777262381137,16.3827
1777262381181,16.0130
1777262381203,16.0772
1777262381246,15.8814
1777262381269,16.1646
1777262381313,15.8539
1777262381335,16.1523
1777262381379,16.1834
1777262381401,16.2525
1777262381445,16.1408
1777262381467,16.2322
1777262381511,15.9938
1777262381535,16.0280
1777262381579,15.7351
1777262381602,15.5637
1777262381647,15.5769
1777262381669,15.7043
1777262381713,15.4013
1777262381736,15.6581
1777262381780,15.5596
1777262381803,15.8065
1777262381847,15.6760
1777262381870,15.7198
1777262381915,15.8065
1777262381938,16.0223
1777262381982,16.0481
1777262382006,16.2532
1777262382029,16.3490
1777262382074,15.9461
1777262382097,16.1927
1777262382141,16.0169
1777262382163,16.1432
1777262382207,15.8090
1777262382230,16.1377
1777262382274,16.1887
1777262382298,16.3336
1777262382342,16.0484
1777262382365,16.4292
1777262382409,16.3856
1777262382432,16.5710
1777262382477,16.4520
1777262382500,16.9879
1777262382545,16.8984
1777262382568,17.3869
1777262382591,17.3295
1777262382635,17.1154
1777262382659,17.1720
1777262382704,16.9720
1777262382727,17.0926
1777262382773,16.9582
1777262382796,17.1240
1777262382840,17.0092
1777262382865,17.1371
1777262382889,17.3912
1777262382934,17.0744
1777262382958,16.8727
1777262383002,16.7857
1777262383026,16.6444
1777262383070,16.7445
1777262383094,16.8968
1777262383140,17.1696
1777262383164,17.4042
1777262383245,17.6724
1777262383272,19.3230
1777262383298,20.7642
1777262383323,21.0417
1777262383369,20.7656
1777262383394,21.0093
1777262383439,20.8203
1777262383464,21.1324
1777262383488,21.0173
1777262383536,20.5717
1777262383562,20.8179
1777262383587,20.5469
1777262383632,20.7429
1777262383657,20.7597
1777262383721,21.0137
1777262383746,21.7876
1777262383771,22.5443
1777262383796,22.7208
1777262383820,22.8539
1777262383866,22.4232
1777262383890,22.6430
1777262383936,22.9648
1777262383962,23.2871
1777262383986,23.6911
1777262384032,23.7612
1777262384057,23.8078
1777262384102,23.5764
1777262384127,23.9563
1777262384152,23.7776
1777262384198,23.5556
1777262384223,23.5684
1777262384248,23.4082
1777262384294,21.9568
1777262384319,20.6066
1777262384365,20.8906
1777262384390,21.0456
1777262384415,20.9619
1777262384461,20.8670
1777262384486,20.9435
1777262384511,20.7357
1777262384558,20.7946
1777262384584,20.7258
1777262384630,20.9458
1777262384656,21.1193
1777262384681,21.3041
1777262384726,21.0859
1777262384752,20.3892
1777262384798,19.7988
1777262384824,19.8407
1777262384850,20.1294
1777262384896,20.0030
1777262384985,19.9829
1777262385006,19.9854
1777262385049,19.7281
1777262385071,19.7246
1777262385113,19.4846
1777262385155,19.1055
1777262385177,19.5542
1777262385220,19.2504
1777262385242,19.2815
1777262385284,19.2676
1777262385306,19.2606
1777262385349,18.9714
1777262385371,18.9406
1777262385414,18.3285
1777262385436,18.4498
1777262385479,18.1861
1777262385501,17.8924
1777262385544,17.8984
1777262385587,17.8649
1777262385609,18.1523
1777262385652,17.8204
1777262385674,17.8779
1777262385717,17.8374
1777262385740,17.8391
1777262385782,17.8574
1777262385804,17.9731
1777262385847,17.3868
1777262385870,17.4985
1777262385913,16.8289
1777262385935,16.9617
1777262385978,16.8135
1777262386000,16.8953
1777262386043,16.6222
1777262386066,16.6737
1777262386109,16.6200
1777262386131,16.6361
1777262386174,16.4171
1777262386196,16.1951
1777262386239,15.8909
1777262386288,16.1229
1777262386311,16.5085
1777262386333,16.8727
1777262386377,16.6528
1777262386400,16.9971
1777262386443,16.8714
1777262386465,17.3359
1777262386509,17.2384
1777262386531,17.6713
1777262386575,17.5803
1777262386597,17.7010
1777262386642,17.3149
1777262386664,17.4418
1777262386708,17.3100
1777262386731,17.4626
1777262386774,17.2061
1777262386797,17.4533
1777262386840,17.1449
1777262386863,17.4267
1777262386907,17.5716
1777262386930,17.8330
1777262386974,17.9079
1777262386997,18.1237
1777262387041,18.2918
1777262387064,18.5117
1777262387088,18.4417
1777262387133,18.5104
1777262387156,18.9616
1777262387200,18.7128
1777262387223,19.1105
1777262387266,18.7651
1777262387290,18.8271
1777262387334,18.1600
1777262387357,18.4687
1777262387401,18.2262
1777262387424,18.5299
1777262387469,18.2833
1777262387492,18.7148
1777262387536,18.4514
1777262387559,18.8072
1777262387603,18.5686
1777262387626,18.9980
1777262387650,18.8881
1777262387694,18.5532
1777262387717,18.3607
1777262387762,18.3223
1777262387785,18.2340
1777262387829,18.0817
1777262387853,18.1500
1777262387897,17.8017
1777262387921,17.9776
1777262387966,17.6689
1777262387989,17.8078
1777262388013,17.5172
1777262388057,17.2092
1777262388080,16.9691
1777262388125,17.0275
1777262388149,16.9617
1777262388194,16.9464
1777262388219,17.0824
1777262388267,17.1291
1777262388291,17.2732
1777262388315,17.4900
1777262388359,17.1397
1777262388383,17.3952
1777262388428,17.1607
1777262388454,17.5167
1777262388477,17.4272
1777262388521,17.0931
1777262388545,17.0813
1777262388590,16.7702
1777262388614,16.8628
1777262388659,16.5115
1777262388682,17.1216
1777262388727,17.0247
1777262388750,17.4358
1777262388774,17.3835
1777262388820,17.3544
1777262388845,17.3538
1777262388891,17.2007
1777262388917,17.3376
1777262388963,17.2567
1777262388988,17.5522
1777262389012,17.3854
1777262389057,17.7119
1777262389084,17.9158
1777262389108,18.1558
1777262389153,17.7345
1777262389177,17.9596
1777262389223,17.7128
1777262389248,17.9149
1777262389297,17.5542
1777262389323,17.8929
1777262389347,18.3308
1777262389392,18.1472
1777262389416,18.3737
1777262389441,18.4422
1777262389486,18.3722
1777262389511,18.4521
1777262389556,18.1977
1777262389581,18.6922
1777262389693,18.6268
1777262389716,18.7211
1777262389760,18.4023
1777262389782,18.4826
1777262389825,18.3964
1777262389848,18.4176
1777262389891,18.5363
1777262389913,18.4705
1777262389956,18.2202
1777262389979,18.1823
1777262390022,17.5720
1777262390044,17.7912
1777262390087,17.1982
1777262390110,17.2334
1777262390154,17.2680
1777262390177,17.1679
1777262390220,17.0595
1777262390243,16.8751
1777262390286,16.7887
1777262390309,16.8089
1777262390352,15.8522
1777262390375,15.9631
1777262390418,15.3024
1777262390441,15.3082
1777262390485,15.2787
1777262390508,15.1613
1777262390554,15.0359
1777262390577,15.2314
1777262390621,14.7559
1777262390644,15.0101
1777262390688,14.8581
1777262390711,15.1576
1777262390755,15.3366
1777262390778,15.5954
1777262390822,15.5700
1777262390845,15.8390
1777262390889,15.8355
1777262390912,16.0008
1777262390956,16.0803
1777262390980,16.3837
1777262391003,16.6571
1777262391047,16.3563
1777262391071,16.6342
1777262391115,16.3103
1777262391139,16.6879
1777262391183,16.8551
1777262391206,17.0499
1777262391250,17.2335
1777262391274,17.4263
1777262391318,17.2177
1777262391341,17.7042
1777262391386,17.6496
1777262391409,18.1913
1777262391432,18.1673
1777262391476,18.1818
1777262391499,18.1727
1777262391544,18.1224
1777262391568,18.1163
1777262391612,17.9897
1777262391635,17.9967
1777262391680,17.8658
1777262391704,17.9906
1777262391749,17.6443
1777262391773,17.9278
1777262391796,17.6842
1777262391840,17.4027
1777262391864,17.1730
1777262391908,16.8800
1777262391932,17.0076
1777262391977,16.5403
1777262392001,16.7878
1777262392046,17.0473
1777262392069,17.2486
1777262392093,17.4566
1777262392137,17.2211
1777262392161,17.1690
1777262392206,17.0645
1777262392233,17.2757
1777262392278,17.1559
1777262392302,17.2896
1777262392326,17.3109
1777262392370,16.8531
1777262392394,16.8674
1777262392439,16.4355
1777262392463,16.9424
1777262392507,16.7853
1777262392531,17.2238
1777262392556,17.1512
1777262392601,17.2161
1777262392625,17.2327
1777262392669,17.0193
1777262392693,17.1401
1777262392738,16.8630
1777262392763,17.0184
1777262392808,16.7173
1777262392832,17.3383
1777262392856,17.3845
1777262392901,17.3451
1777262392926,17.4683
1777262392971,17.4416
1777262392996,17.6415
1777262393020,17.3532
1777262393066,17.1097
1777262393091,16.9259
1777262393137,17.0651
1777262393161,17.2412
1777262393186,17.4514
1777262393232,17.2191
1777262393257,17.2568
1777262393307,17.0199
1777262393331,17.3825
1777262393356,17.8389
1777262393403,17.5965
1777262393428,18.0623
1777262393453,18.0425
1777262393499,17.8999
1777262393524,18.0875
1777262393549,17.8799
1777262393595,17.5894
1777262393621,17.9296
1777262393667,18.0842
1777262393692,18.3256
1777262393718,18.2515
1777262393765,18.1961
1777262393790,18.5110
1777262393816,18.3838
1777262393862,18.4925
1777262393888,18.7966
1777262393917,18.7169
1777262393964,18.6840
1777262393990,18.9072
1777262394016,18.7746
1777262394064,18.6890
1777262394090,19.2397
1777262394179,19.1730
1777262394201,19.4696
1777262394244,19.3613
1777262394266,19.4819
1777262394310,19.3673
1777262394333,19.0463
1777262394376,18.9632
1777262394398,19.0267
1777262394442,18.5612
1777262394465,18.6834
1777262394508,18.5777
1777262394531,18.4495
1777262394574,18.7346
1777262394597,18.8816
1777262394640,18.5332
1777262394663,18.8020
1777262394707,18.2881
1777262394730,18.4223
1777262394773,18.3741
1777262394797,18.2383
1777262394840,18.1429
1777262394863,18.1310
1777262394907,17.8040
1777262394930,18.0184
1777262394974,18.0403
1777262394997,17.9332
1777262395041,17.9349
1777262395064,18.1609
1777262395108,17.8434
1777262395131,18.0980
1777262395154,18.0862
1777262395198,17.8478
1777262395221,17.8884
1777262395265,17.5445
1777262395289,17.4945
1777262395333,17.3130
1777262395357,17.5932
1777262395401,17.2393
1777262395424,17.5223
1777262395468,17.2027
1777262395492,17.5982
1777262395536,17.4678
1777262395560,17.7360
1777262395604,17.4609
1777262395627,18.0081
1777262395672,17.7728
1777262395696,18.2780
1777262395719,18.3116
1777262395764,18.0781
1777262395787,18.1007
1777262395838,18.0435
1777262395862,18.4215
1777262395885,18.3260
1777262395930,17.9829
1777262395953,18.0844
1777262395997,17.7930
1777262396021,18.0290
1777262396066,17.6468
1777262396090,17.8808
1777262396135,17.5600
1777262396158,17.9046
1777262396182,18.1396
1777262396226,17.7915
1777262396252,18.1584
1777262396297,17.9063
1777262396321,18.3158
1777262396365,18.1469
1777262396389,18.5518
1777262396413,18.4947
1777262396457,18.3281
1777262396481,18.3695
1777262396525,18.1787
1777262396549,18.1284
1777262396594,18.1002
1777262396618,18.2132
1777262396663,17.9059
1777262396687,18.1075
1777262396731,17.7803
1777262396755,18.3956
1777262396779,18.5313
1777262396824,18.3948
1777262396847,18.3960
1777262396894,18.2725
1777262396918,18.4892
1777262396942,18.3713
1777262396987,18.3489
1777262397011,18.3534
1777262397056,18.2023
1777262397080,18.2689
1777262397124,18.0794
1777262397148,18.2099
1777262397193,17.9691
1777262397217,18.4934
1777262397242,18.4446
1777262397286,18.3730
1777262397310,18.4763
1777262397354,18.2822
1777262397378,18.1682
1777262397423,18.2195
1777262397447,18.7455
1777262397471,18.6134
1777262397515,18.5095
1777262397539,18.4422
1777262397584,18.2153
1777262397608,18.2442
1777262397653,17.9229
1777262397677,17.9834
1777262397725,17.6256
1777262397748,17.8660
1777262397772,17.5723
1777262397818,17.3992
1777262397843,17.4688
1777262397888,17.2938
1777262397913,17.4598
1777262397957,17.2526
1777262397981,17.7571
1777262398006,17.6815
1777262398051,17.4064
1777262398076,17.6988
1777262398121,17.7932
1777262398145,18.0306
1777262398169,17.8002
1777262398215,17.5136
1777262398239,17.3613
1777262398285,17.3980
1777262398309,17.5054
1777262398356,17.6034
1777262398380,17.8386
1777262398404,17.8877
1777262398450,17.4646
1777262398475,17.7151
1777262398500,18.0329
1777262398546,18.1248
1777262398572,18.1967
1777262398618,17.9556
1777262398643,18.4921
1777262398667,18.4396
1777262398713,18.2969
1777262398738,18.3564
1777262398783,18.5583
1777262398807,18.7663
1777262398832,18.6400
1777262398878,18.6215
1777262398903,18.6969
1777262398949,18.4657
1777262398975,18.6773
1777262398999,18.5704
1777262399045,18.6741
1777262399070,18.8024
1777262399116,18.6909
1777262399141,18.9030
1777262399166,18.8710
1777262399213,19.0351
1777262399238,19.2252
1777262399263,19.1202
1777262399310,19.0365
1777262399335,19.0817
1777262399381,18.8689
1777262399406,18.8834
1777262399431,19.1039
1777262399477,18.6668
1777262399502,18.7888
1777262399549,18.9410
1777262399574,19.1297
1777262399598,19.2722
1777262399645,18.8794
1777262399671,19.1648
1777262399697,19.5070
1777262399744,19.2142
1777262399770,19.4966
1777262399795,19.3246
1777262399842,19.2630
1777262399867,19.3606
1777262399913,19.0743
1777262399939,19.4790
1777262399964,19.3042
1777262400010,19.1663
1777262400040,19.5228
1777262400065,19.5731
1777262400111,19.5235
1777262400136,19.7033
1777262400161,19.4560
1777262400206,19.4090
1777262400231,19.4946
1777262400255,19.2219
1777262400301,19.3323
1777262400327,19.4403
1777262400374,19.2530
1777262400454,19.5672
1777262400476,21.6486
1777262400498,21.8398
1777262400540,21.9470
1777262400562,21.9410
1777262400605,21.9089
1777262400627,21.8441
1777262400669,21.3115
1777262400691,21.1584
1777262400733,21.1247
1777262400755,21.0236
1777262400798,20.8752
1777262400820,20.7025
1777262400862,20.1677
1777262400906,20.0538
1777262400928,20.1629
1777262400970,20.0285
1777262400992,20.1221
1777262401035,19.7650
1777262401057,19.6217
1777262401100,19.4163
1777262401122,19.4346
1777262401165,18.8090
1777262401187,18.9998
1777262401230,18.4733
1777262401252,18.3604
1777262401295,18.3857
1777262401338,18.1815
1777262401360,18.4046
1777262401406,18.5304
1777262401429,18.7252
1777262401452,18.9716
1777262401496,17.0598
1777262401519,16.7502
1777262401562,16.7310
1777262401584,16.9719
1777262401628,16.8320
1777262401653,17.4367
1777262401697,17.4377
1777262401719,18.1128
1777262401764,18.2934
1777262401787,18.7761
1777262401831,19.0770
1777262401854,19.6730
1777262401898,20.0071
1777262401924,20.3743
1777262401968,20.3950
1777262401991,20.6354
1777262402015,21.0976
1777262402058,20.9989
1777262402082,21.5821
1777262402125,21.5940
1777262402149,21.9998
1777262402193,22.1304
1777262402217,23.1094
1777262402261,22.7390
1777262402285,23.6629
1777262402329,23.5815
1777262402353,24.2407
1777262402397,24.2654
1777262402421,24.1872
1777262402444,24.1902
1777262402488,24.1438
1777262402512,23.9893
1777262402558,24.0642
1777262402583,23.9650
1777262402628,23.8985
1777262402651,24.2136
1777262402674,24.2092
1777262402718,24.0845
1777262402741,24.0291
1777262402786,23.8297
1777262402809,23.6967
1777262402854,23.6319
1777262402878,23.6825
1777262402925,23.6177
1777262402949,23.9683
1777262402980,23.9806
1777262403026,23.7000
1777262403050,23.9881
1777262403074,24.1066
1777262403119,24.2532
1777262403143,24.6709
1777262403190,24.5519
1777262403215,24.4529
1777262403238,24.1163
1777262403283,24.7091
1777262403307,24.7571
1777262403352,24.3903
1777262403376,24.2169
1777262403420,24.0760
1777262403444,23.9803
1777262403490,24.7360
1777262403515,24.9058
1777262403539,25.1048
1777262403585,25.0115
1777262403631,25.7073
1777262403659,25.7382
1777262403694,25.9496
1777262403717,26.5667
1777262403741,26.4203
1777262403845,26.3174
1777262403872,27.4333
1777262403894,29.5299
1777262403916,28.9415
1777262403958,28.4111
1777262404000,28.5418
1777262404022,28.6758
1777262404064,28.2676
1777262404085,28.3837
1777262404128,28.1266
1777262404149,28.3158
1777262404192,27.8977
1777262404214,27.7312
1777262404257,27.3771
1777262404299,27.2999
1777262404321,27.5336
1777262404364,27.5303
1777262404385,27.8572
1777262404428,27.7535
1777262404450,27.6170
1777262404493,26.9979
1777262404514,26.8774
1777262404557,26.8770
1777262404579,26.7181
1777262404622,26.4255
1777262404644,26.2234
1777262404687,25.5356
1777262404709,25.5604
1777262404752,25.5714
1777262404795,26.1031
1777262404817,26.0864
1777262404861,26.1518
1777262404884,25.6238
1777262404927,23.6533
1777262404950,23.9127
1777262404993,23.9690
1777262405016,24.2255
1777262405059,24.3045
1777262405082,24.4880
1777262405126,24.5786
1777262405148,24.5029
1777262405194,24.6235
1777262405216,24.9130
1777262405239,24.9820
1777262405283,24.9264
1777262405306,24.7122
1777262405351,24.3968
1777262405374,24.5260
1777262405418,24.0644
1777262405441,24.4032
1777262405486,24.5059
1777262405509,24.3592
1777262405553,24.5996
1777262405576,24.7402
1777262405621,25.5170
1777262405644,25.7460
1777262405688,25.8981
1777262405711,26.1704
1777262405755,26.1397
1777262405778,26.1702
1777262405802,26.0485
1777262405846,25.8127
1777262405869,25.4814
1777262405914,25.5991
1777262405937,25.6305
1777262405982,25.8531
1777262406006,26.0183
1777262406050,25.5679
1777262406074,25.9096
1777262406119,25.7840
1777262406143,25.8692
1777262406167,25.7043
1777262406215,25.7118
1777262406239,25.7822
1777262406283,26.0166
1777262406307,26.4079
1777262406330,26.5102
1777262406375,26.1407
1777262406399,26.6141
1777262406447,26.4682
1777262406539,27.6097
1777262406560,27.3965
1777262406604,27.2144
1777262406626,26.8202
1777262406668,26.0715
1777262406692,26.0135
1777262406734,25.4968
1777262406756,25.4969
1777262406798,25.2203
1777262406820,25.2854
1777262406863,25.2779
1777262406884,25.2862
1777262406927,25.0464
1777262406969,24.5482
1777262406991,24.1894
1777262407034,24.4729
1777262407056,24.7102
1777262407098,24.0638
1777262407120,24.2933
1777262407163,24.0397
1777262407185,23.8935
1777262407228,23.9992
1777262407250,24.4961
1777262407293,24.5106
1777262407315,23.9301
1777262407358,24.3012
1777262407382,24.3142
1777262407425,23.8724
1777262407468,23.9973
1777262407490,24.0635
1777262407533,23.9379
1777262407555,23.3112
1777262407598,23.4865
1777262407620,23.6909
1777262407663,23.1682
1777262407686,23.8201
1777262407729,23.7800
1777262407752,24.1005
1777262407795,24.0560
1777262407817,23.9397
1777262407861,23.9460
1777262407884,23.8471
1777262407928,24.4393
1777262407950,24.9244
1777262407994,24.7756
1777262408017,25.0775
1777262408060,24.4174
1777262408083,24.7224
1777262408127,24.5145
1777262408149,24.6117
1777262408193,24.7051
1777262408216,25.0811
1777262408260,25.1231
1777262408283,24.8693
1777262408327,24.8436
1777262408351,25.2679
1777262408396,24.9570
1777262408419,25.2695
1777262408463,25.3389
1777262408486,25.2261
1777262408509,25.8163
1777262408554,25.7282
1777262408577,25.6400
1777262408621,25.1516
1777262408645,25.5799
1777262408689,25.3591
1777262408714,25.5120
1777262408758,25.3371
1777262408781,25.5030
1777262408825,26.3171
1777262408848,26.8591
1777262408892,26.4382
1777262408916,26.5951
1777262408961,26.7424
1777262408984,26.9674
1777262409007,26.9711
1777262409108,27.2481
1777262409130,27.4679
1777262409173,27.5062
1777262409195,27.2282
1777262409238,27.0408
1777262409260,26.6992
1777262409303,26.6968
1777262409325,26.3639
1777262409367,26.2609
1777262409409,26.2993
1777262409430,26.2254
1777262409473,26.0692
1777262409495,25.9549
1777262409550,25.7513
1777262409572,25.7760
1777262409594,25.9708
1777262409636,26.0042
1777262409658,25.9635
1777262409714,26.5400
1777262409737,26.7741
1777262409760,26.7775
1777262409804,26.4141
1777262409826,25.7439
1777262409870,25.6400
1777262409894,25.5254
1777262409937,25.3305
1777262409960,24.8739
1777262410004,24.8654
1777262410027,25.0619
1777262410071,25.1668
1777262410094,25.3073
1777262410138,24.5487
1777262410161,24.8218
1777262410205,24.6558
1777262410228,24.7995
1777262410271,24.8071
1777262410294,25.3325
1777262410337,24.8064
1777262410360,25.1375
1777262410403,24.6919
1777262410426,24.9061
1777262410469,24.5876
1777262410805,26.9321
1777262410829,40.8491
1777262410852,40.9565
1777262410896,40.8387
1777262410918,40.9091
1777262410961,41.0737
1777262410985,40.9784
1777262411029,39.9945
1777262411051,41.0464
1777262411095,40.6086
1777262411117,40.9369
1777262411160,40.5767
1777262411183,41.6590
1777262411227,41.7384
1777262411249,41.5146
1777262411293,40.7577
1777262411316,41.4183
1777262411400,42.9072
1777262411421,43.5311
1777262411493,43.3420
1777262411515,44.1976
1777262411557,43.4383
1777262411579,42.7550
1777262411621,42.0137
1777262411643,41.3929
1777262411685,40.3872
1777262411728,39.8099
1777262411750,39.2755
1777262411793,38.9267
1777262411815,38.5681
1777262411857,26.1259
1777262411879,26.3918
1777262411922,26.1467
1777262411944,26.6293
1777262411987,26.2975
1777262412009,26.3967
1777262412052,25.9150
1777262412074,25.8517
1777262412117,25.5397
1777262412159,25.6708
1777262412182,26.0731
1777262412225,25.6629
1777262412247,25.7880
1777262412290,25.9597
1777262412313,26.0488
1777262412356,26.1708
1777262412378,26.0766
1777262412421,24.5565
1777262412443,24.5895
1777262412488,24.5523
1777262412510,24.7947
1777262412553,24.8333
1777262412575,25.1715
1777262412619,24.9630
1777262412641,25.2983
1777262412685,25.4004
1777262412707,25.4113
1777262412751,25.2279
1777262412773,25.2514
1777262412820,24.8344
1777262412842,25.4532
1777262412885,25.2603
1777262412909,25.4703
1777262412954,25.4042
1777262412977,25.6750
1777262413000,25.6500
1777262413045,25.4238
1777262413068,25.2112
1777262413111,25.5453
1777262413134,25.5905
1777262413178,25.9001
1777262413200,25.6859
1777262413244,25.7493
1777262413266,25.8062
1777262413310,25.3430
1777262413332,25.2339
1777262413375,25.1179
1777262413398,24.9919
1777262413441,25.0723
1777262413464,25.0694
1777262413509,24.9641
1777262413532,25.0455
1777262413576,25.3034
1777262413599,25.5386
1777262413643,25.1597
1777262413667,25.2380
1777262413712,25.3072
1777262413735,25.4640
1777262413758,25.4174
1777262413804,25.9552
1777262413828,25.9719
1777262413873,26.1200
1777262413897,26.3352
1777262413943,26.4740
1777262413967,26.3746
1777262413991,26.3491
1777262414035,26.6048
1777262414059,26.3977
1777262414104,26.7423
1777262414128,27.1077
1777262414173,27.0723
1777262414197,26.6153
1777262414221,26.2753
1777262414266,26.3660
1777262414290,26.5738
1777262414335,26.4748
1777262414359,26.6240
1777262414405,26.6912
1777262414429,26.9672
1777262414454,26.7430
1777262414499,27.3136
1777262414524,27.3950
1777262414568,27.1580
1777262414593,27.1446
1777262414618,26.9449
1777262414664,26.7121
1777262414688,26.6093
1777262414734,26.6636
1777262414759,27.1282
1777262414805,27.2749
1777262414831,26.8571
1777262414855,26.8669
1777262414901,26.2960
1777262414926,26.4640
1777262415008,26.7929
1777262415031,26.9376
1777262415073,26.5322
1777262415095,27.0316
1777262415137,26.7294
1777262415159,26.8258
1777262415203,26.2194
1777262415225,26.2821
1777262415268,26.1368
1777262415290,25.9907
1777262415332,26.4422
1777262415354,26.3966
1777262415397,26.3296
1777262415439,26.1853
1777262415462,26.6028
1777262415504,26.3749
1777262415527,26.1162
1777262415569,26.1156
1777262415592,25.7296
1777262415635,25.4203
1777262415657,25.6834
1777262415700,25.5332
1777262415724,25.4821
1777262415767,25.1295
1777262415790,24.9505
1777262415834,24.2512
1777262415856,24.2123
1777262415900,23.9632
1777262415922,23.5729
1777262415966,23.8449
1777262415989,23.7228
1777262416033,23.0842
1777262416056,23.6018
1777262416100,23.4355
1777262416123,23.5164
1777262416166,23.3577
1777262416190,23.5078
1777262416234,23.6179
1777262416257,23.8443
1777262416301,23.9066
1777262416325,24.2127
1777262416369,23.8299
1777262416393,24.3963
1777262416416,24.4623
1777262416460,24.2289
1777262416483,24.2457
1777262416527,23.8525
1777262416551,23.8069
1777262416595,23.6970
1777262416618,24.2024
1777262416662,24.5056
1777262416686,24.7436
1777262416730,25.1162
1777262416754,25.2895
1777262416799,25.2093
1777262416823,25.5016
1777262416846,25.2427
1777262416891,25.4843
1777262416914,25.5462
1777262416959,26.0960
1777262416984,25.8458
1777262417029,25.9080
1777262417053,26.4083
1777262417077,26.2606
1777262417122,26.0769
1777262417146,26.3431
1777262417191,26.4326
1777262417216,27.0106
1777262417261,27.3496
1777262417286,27.4309
1777262417310,27.0999
1777262417355,27.0641
1777262417379,27.1553
1777262417424,26.7169
1777262417448,26.9580
1777262417473,26.8953
1777262417518,26.8006
1777262417542,26.5736
1777262417588,26.4217
1777262417612,26.4448
1777262417658,26.2553
1777262417683,26.3322
1777262417708,26.2546
1777262417752,25.9859
1777262417777,26.2127
1777262417823,26.1917
1777262417847,26.4362
1777262417871,26.7514
1777262417918,27.1733
1777262417942,27.2895
1777262417988,27.0620
1777262418013,27.4918
1777262418037,27.4789
1777262418082,27.0662
1777262418107,27.2791
1777262418153,27.1380
1777262418178,27.1581
1777262418203,27.3565
1777262418303,28.2654
1777262418325,30.1651
1777262418368,29.9391
1777262418390,29.9566
1777262418432,29.6861
1777262418454,29.5335
1777262418496,29.2605
1777262418518,29.6290
1777262418560,29.3244
1777262418603,29.6256
1777262418625,29.6781
1777262418668,30.1516
1777262418690,29.9528
1777262418732,29.5566
1777262418754,29.9040
1777262418797,29.4820
1777262418819,29.6061
1777262418863,29.2518
1777262418885,29.1002
1777262418928,28.4103
1777262418951,27.9997
1777262418994,27.2604
1777262419016,26.8879
1777262419059,27.5404
1777262419082,27.4835
1777262419126,27.2428
1777262419148,27.3914
1777262419192,26.9754
1777262419214,26.4344
1777262419258,25.7543
1777262419280,25.4527
1777262419324,24.3339
1777262419346,22.4834
1777262419390,22.3642
1777262419413,22.9072
1777262419456,23.0860
1777262419479,23.4104
1777262419522,23.1848
1777262419545,23.4688
1777262419589,23.4558
1777262419612,23.1527
1777262419657,22.6472
1777262419680,22.1085
1777262419724,21.6956
1777262419747,22.2050
1777262419791,22.0538
1777262419814,22.0407
1777262419857,21.9429
1777262419880,22.1244
1777262419925,21.8533
1777262419948,21.9410
1777262419993,22.7761
1777262420016,23.1451
1777262420040,23.0498
1777262420084,22.3617
1777262420108,22.7070
1777262420152,22.4799
1777262420176,22.6159
1777262420220,22.8749
1777262420245,23.6201
1777262420289,24.3663
1777262420314,24.5128
1777262420337,24.2186
1777262420382,24.1856
1777262420406,23.9277
1777262420451,23.8546
1777262420474,23.6015
1777262420518,23.2942
1777262420542,23.3302
1777262420588,23.6386
1777262420612,24.0771
1777262420636,24.6978
1777262420681,24.9654
1777262420705,25.4459
1777262420750,25.0809
1777262420775,25.3081
1777262420820,25.3301
1777262420844,25.5021
1777262420869,25.3300
1777262420914,26.2731
1777262420939,26.3994
1777262420985,26.7201
1777262421009,26.5488
1777262421056,26.5699
1777262421081,26.8879
1777262421112,26.7472
1777262421137,27.1493
1777262421183,27.1717
1777262421207,27.1302
1777262421290,26.2662
1777262421312,26.1528
1777262421354,26.0951
1777262421376,26.0839
1777262421418,26.2260
1777262421440,26.0280
1777262421482,26.0590
1777262421525,25.7517
1777262421547,25.7657
1777262421589,25.4682
1777262421611,25.4421
1777262421654,25.2669
1777262421676,25.1299
1777262421719,24.5512
1777262421742,24.6578
1777262421787,24.2008
1777262421838,24.3986
1777262421860,24.3371
1777262421903,24.3198
1777262421926,24.0723
1777262421969,24.0712
1777262421991,23.8771
1777262422034,23.2764
1777262422056,22.9577
1777262422099,22.6758
1777262422122,22.6209
1777262422166,22.3828
1777262422189,22.2214
1777262422232,22.3074
1777262422254,22.2460
1777262422297,21.9257
1777262422320,21.9088
1777262422363,22.1274
1777262422385,22.4074
1777262422428,22.2616
1777262422451,22.3965
1777262422494,22.4692
1777262422517,22.4842
1777262422560,22.3898
1777262422582,22.4830
1777262422626,22.7564
1777262422649,23.0392
1777262422692,22.6175
1777262422715,22.7121
1777262422758,22.4070
1777262422780,22.7764
1777262422824,22.5823
1777262422867,22.1262
1777262422890,22.3005
1777262422934,22.3944
1777262422957,22.9396
1777262423000,22.5688
1777262423023,22.9478
1777262423066,23.2023
1777262423089,23.3763
1777262423132,23.5003
1777262423155,23.6799
1777262423199,23.7551
1777262423222,24.4183
1777262423266,24.3981
1777262423289,25.0110
1777262423334,24.9424
1777262423357,25.2083
1777262423380,25.2744
1777262423423,24.8831
1777262423446,25.2266
1777262423490,25.2113
1777262423513,25.0158
1777262423557,25.6824
1777262423580,25.7907
1777262423623,25.3848
1777262423646,25.1706
1777262423690,24.8507
1777262423714,25.7878
1777262423758,26.0216
1777262423781,25.8985
1777262423826,26.2101
1777262423849,26.9506
1777262423894,26.8658
1777262423918,27.2578
1777262423941,26.7424
1777262424045,27.0678
1777262424067,28.7358
1777262424088,28.6370
1777262424131,28.2467
1777262424152,28.4962
1777262424195,28.2842
1777262424286,29.0085
1777262424308,28.6008
1777262424350,28.3561
1777262424372,28.1548
1777262424415,28.3232
1777262424437,28.0543
1777262424480,28.0085
1777262424522,28.2269
1777262424546,28.6768
1777262424588,28.1527
1777262424610,28.5779
1777262424654,28.4538
1777262424676,28.7252
1777262424719,28.5603
1777262424741,28.7757
1777262424784,28.6403
1777262424806,28.6526
1777262424848,28.4995
1777262424871,28.3186
1777262424914,27.7981
1777262424936,27.4852
1777262424979,27.4037
1777262425002,27.9327
1777262425045,27.6959
1777262425067,24.9415
1777262425110,25.2837
1777262425132,25.3189
1777262425176,25.4218
1777262425198,25.2307
1777262425242,24.9733
1777262425285,25.2711
1777262425308,24.7055
1777262425330,25.1893
1777262425373,25.0449
1777262425396,25.0507
1777262425440,25.0545
1777262425462,25.6889
1777262425506,26.0074
1777262425528,25.6676
1777262425572,25.3041
1777262425595,25.4455
1777262425638,25.2635
1777262425662,25.3368
1777262425705,25.2138
1777262425728,24.9515
1777262425775,24.4348
1777262425798,24.5717
1777262425842,25.1132
1777262425865,25.2524
1777262425909,25.0192
1777262425933,25.6739
1777262425977,25.8352
1777262426000,25.7484
1777262426023,25.8567
1777262426070,25.6603
1777262426094,25.7162
1777262426138,25.7606
1777262426161,25.8196
1777262426206,26.3819
1777262426230,26.8583
1777262426275,26.8390
1777262426299,26.7478
1777262426323,26.7549
1777262426367,26.3225
1777262426390,26.4369
1777262426435,26.3840
1777262426459,26.4272
1777262426504,25.8278
1777262426528,25.6124
1777262426572,25.8869
1777262426596,25.7431
1777262426620,26.0178
1777262426666,25.6660
1777262426690,25.7685
1777262426735,25.8231
1777262426760,26.2737
1777262426804,26.4692
1777262426829,26.9117
1777262426875,26.3757
1777262426900,26.5291
1777262426924,26.6450
1777262426970,26.0914
1777262426995,25.9524
1777262427042,25.9723
1777262427066,26.4108
1777262427091,26.2571
1777262427136,26.5732
1777262427160,26.5399
1777262427206,26.3496
1777262427230,26.1299
1777262427255,25.9561
1777262427301,25.5135
1777262427326,25.4161
1777262427351,25.4714
1777262427397,24.9395
1777262427423,25.1618
1777262427469,25.2490
1777262427495,25.9856
1777262427520,26.1043
1777262427566,26.1082
1777262427591,25.9755
1777262427616,25.6608
1777262427668,25.8304
1777262427693,26.3197
1777262427718,26.5700
1777262427765,26.8526
1777262427790,27.3453
1777262427837,26.8715
1777262427864,26.7304
1777262427889,26.5402
1777262427935,26.4377
1777262427960,26.8381
1777262427986,26.5719
1777262428033,26.7698
1777262428059,26.9550
1777262428085,27.2918
1777262428132,27.4677
1777262428158,27.4569
1777262428184,27.2260
1777262428231,26.9830
1777262428257,27.1693
1777262428288,27.3699
1777262428315,27.2863
1777262428362,27.3277
1777262428389,27.8998
1777262428415,27.6264
1777262428463,27.3307
1777262428494,27.3246
1777262428521,27.1389
1777262428547,27.0964
1777262428595,26.9427
1777262428622,27.2899
1777262428648,27.2546
1777262428696,26.7084
1777262428721,26.4479
1777262428748,26.4519
1777262428796,25.6086
1777262428823,25.7635
1777262428851,26.0119
1777262428878,25.8736
1777262428926,25.8522
1777262428952,25.9223
1777262428978,25.6117
1777262429027,25.8768
1777262429054,26.1300
1777262429080,25.9827
1777262429129,25.5551
1777262429155,25.9498
1777262429182,25.8845
1777262429209,25.8587
1777262429258,25.7521
1777262429286,25.8962
1777262429313,25.6601
1777262429362,26.4973
1777262429390,26.9174
1777262429418,27.4603
1777262429446,28.0459
1777262429496,28.0975
1777262429523,27.9990
1777262429551,28.7050
1777262429578,29.6272
1777262429627,29.1680
1777262429655,29.5937
1777262429681,29.9870
1777262429708,29.6170
1777262429756,29.0175
1777262429781,29.5639
1777262429806,29.2328
1777262429854,28.8631
1777262429881,28.8386
1777262429907,28.8243
1777262429954,28.2888
1777262429981,28.4112
1777262430006,28.3519
1777262430055,27.8689
1777262430081,27.7252
1777262430108,27.9603
1777262430157,27.7949
1777262430185,27.4264
1777262430210,27.7922
1777262430257,27.6328
1777262430284,27.6580
1777262430312,27.7209
1777262430339,27.5217
1777262430388,27.0308
1777262430416,26.9439
1777262430443,26.7821
1777262430471,26.7177
1777262430520,26.6633
1777262430549,26.7472
1777262430576,26.2353
1777262430603,26.0770
1777262430653,26.5447
1777262430681,26.4799
1777262430709,27.0762
1777262430736,27.6435
1777262430763,27.5576
1777262430812,27.5270
1777262430839,28.9253
1777262430866,28.6375
1777262430915,28.6328
1777262430942,29.1283
1777262430969,28.9147
1777262431018,28.6863
1777262431045,29.7625
1777262431072,29.5629
1777262431099,29.5381
1777262431148,29.5191
1777262431176,29.3987
1777262431203,29.2253
1777262431252,29.7045
1777262431280,30.1047
1777262431308,30.3365
1777262431336,30.5397
1777262431364,30.7139
1777262431413,30.4681
1777262431441,30.0925
1777262431467,30.4263
1777262431494,30.0624
1777262431543,29.8528
1777262431571,29.6508
1777262431601,29.4759
1777262431628,28.8340
1777262431675,27.9344
1777262431701,27.7819
1777262431728,27.5122
1777262431777,27.3511
1777262431805,27.4114
1777262431832,27.2716
1777262431860,26.0238
1777262431908,26.3836
1777262431936,26.3074
1777262431963,26.1101
1777262432011,26.5777
1777262432039,26.7064
1777262432067,25.9775
1777262432093,26.3331
1777262432141,26.2782
1777262432170,26.2827
1777262432197,26.2043
1777262432223,26.0640
1777262432271,25.3074
1777262432299,25.1116
1777262432326,24.8950
1777262432375,24.7474
1777262432401,25.0753
1777262432427,24.9781
1777262432452,24.6987
1777262432506,23.9654
1777262432533,25.0029
1777262432560,24.9491
1777262432588,24.7817
1777262432636,24.9940
1777262432663,25.5512
1777262432690,25.7529
1777262432738,26.2897
1777262432765,26.6489
1777262432791,26.5429
1777262432817,26.7924
1777262432865,27.2554
1777262432892,27.5033
1777262432918,28.0379
1777262432967,28.3147
1777262432994,28.4135
1777262433021,28.4297
1777262433069,28.4243
1777262433096,28.3419
1777262433121,28.5211
1777262433169,28.2579
1777262433197,28.4155
1777262433224,28.6550
1777262433252,28.8505
1777262433301,28.5333
1777262433329,28.5051
1777262433357,28.8990
1777262433385,28.6037
1777262433434,28.4018
1777262433461,28.8460
1777262433488,29.1735
1777262433515,28.8535
1777262433565,28.2011
1777262433593,28.5213
1777262433619,28.7533
1777262433646,28.6197
1777262433695,28.3026
1777262433722,28.3724
1777262433747,27.6599
1777262433795,27.2462
1777262433822,27.5285
1777262433850,27.1246
1777262433900,26.3486
1777262433928,26.6963
1777262433953,26.2003
1777262433980,26.2418
1777262434029,26.0293
1777262434057,26.2147
1777262434084,26.1043
1777262434110,25.7300
1777262434167,25.4715
1777262434195,26.2038
1777262434223,26.3313
1777262434249,26.7568
1777262434275,26.7641
1777262434323,26.6891
1777262434349,26.5935
1777262434374,26.7779
1777262434422,27.3716
1777262434449,27.2820
1777262434477,26.9318
1777262434524,26.9804
1777262434552,27.6603
1777262434584,27.7834
1777262434610,27.9006
1777262434657,27.8760
1777262434684,28.2153
1777262434709,28.0746
1777262434757,27.8157
1777262434784,28.3986
1777262434810,28.4522
1777262434836,28.2214
1777262434884,28.5496
1777262434910,28.4099
1777262434936,28.2154
1777262434984,28.0288
1777262435009,28.1544
1777262435034,28.0252
1777262435081,27.3947
1777262435108,27.5773
1777262435135,27.6629
1777262435182,27.2982
1777262435213,26.6058
1777262435239,26.4786
1777262435265,26.2576
1777262435314,26.2804
1777262435341,26.2365
1777262435368,26.0857
1777262435415,25.3420
1777262435442,25.2189
1777262435468,25.1535
1777262435515,25.4542
1777262435541,25.5377
1777262435567,25.3751
1777262435614,24.9596
1777262435641,25.2781
1777262435667,25.4295
1777262435714,24.9080
1777262435740,25.2630
1777262435767,25.1826
1777262435814,24.9491
1777262435848,25.2503
1777262435875,26.0970
1777262435902,25.9760
1777262435928,25.7788
1777262435975,25.5481
1777262436002,25.5179
1777262436028,25.3110
1777262436081,25.5195
1777262436108,25.7495
1777262436134,25.9605
1777262436160,26.4568
1777262436208,26.1615
1777262436235,26.2038
1777262436270,26.0965
1777262436297,26.4961
1777262436324,26.2092
1777262436372,25.8744
1777262436399,26.4351
1777262436426,26.5675
1777262436476,26.1695
1777262436502,27.1106
1777262436528,26.9042
1777262436576,26.5186
1777262436602,26.5214
1777262436629,26.6660
1777262436655,26.3422
1777262436700,26.6893
1777262436728,28.1300
1777262436755,27.7489
1777262436803,27.4235
1777262436830,27.3981
1777262436856,27.1488
1777262436902,26.1798
1777262436928,26.4895
1777262436954,26.6304
1777262437076,26.2522
1777262437098,29.1850
1777262437119,28.7485
1777262437162,28.4150
1777262437184,28.6210
1777262437226,28.2874
1777262437248,28.0338
1777262437291,27.9013
1777262437312,27.7902
1777262437355,28.1199
1777262437398,27.7859
1777262437420,27.8668
1777262437463,27.9701
1777262437485,27.8781
1777262437528,27.3273
1777262437550,27.6012
1777262437592,27.2431
1777262437615,26.9779
1777262437658,26.5086
1777262437680,26.3848
1777262437723,26.1497
1777262437745,24.6530
1777262437788,24.6337
1777262437810,25.1124
1777262437854,24.8066
1777262437876,24.6542
1777262437919,24.7185
1777262437942,24.6669
1777262437985,25.0559
1777262438029,24.7090
1777262438051,25.0268
1777262438094,25.0560
1777262438117,22.5809
1777262438160,23.0438
1777262438182,23.1254
1777262438226,23.1084
1777262438248,23.1251
1777262438292,23.3385
1777262438314,23.6256
1777262438358,23.7098
1777262438380,23.8175
1777262438424,23.4702
1777262438447,23.4460
1777262438491,23.1465
1777262438514,23.1803
1777262438558,22.8331
1777262438581,23.1137
1777262438624,23.0800
1777262438647,23.7213
1777262438691,23.7005
1777262438714,23.8422
1777262438758,23.7492
1777262438782,23.9905
1777262438804,24.0208
1777262438848,23.9034
1777262438871,23.9622
1777262438915,24.6038
1777262438938,24.5606
1777262438982,24.7684
1777262439028,24.9123
1777262439052,24.8405
1777262439076,24.8013
1777262439120,24.7068
1777262439143,24.7057
1777262439188,24.6775
1777262439212,24.9595
1777262439256,24.9998
1777262439280,25.5549
1777262439303,25.5016
1777262439347,25.0474
1777262439370,25.2873
1777262439415,24.7057
1777262439438,24.6617
1777262439482,24.9635
1777262439506,24.8027
1777262439550,25.1648
1777262439575,25.3777
1777262439620,25.4196
1777262439644,25.7879
1777262439689,25.8499
1777262439712,25.9276
1777262439735,25.7247
1777262439780,25.6667
1777262439804,26.0387
1777262439849,26.1713
1777262439874,26.2217
1777262439897,26.2354
1777262439941,26.0817
1777262439966,26.2570
1777262440011,25.8294
1777262440035,25.4520
1777262440080,25.0921
1777262440104,25.1901
1777262440150,25.6062
1777262440176,26.0948
1777262440199,26.0116
1777262440244,25.5395
1777262440268,25.3752
1777262440314,24.7611
1777262440338,25.0530
1777262440363,25.1348
1777262440408,24.7495
1777262440433,25.2208
1777262440480,25.9738
1777262440505,26.4094
1777262440530,26.6747
1777262440576,26.5925
1777262440601,26.7119
1777262440647,26.5169
1777262440673,26.6371
1777262440699,26.4275
1777262440747,26.4019
1777262440773,26.7286
1777262440800,26.6255
1777262440826,26.0802
1777262440873,25.8431
1777262440901,25.8531
1777262440927,25.9078
1777262440974,25.5658
1777262441000,26.0113
1777262441025,26.1143
1777262441070,26.5543
1777262441095,26.4385
1777262441119,26.3815
1777262441166,25.6040
1777262441191,25.1045
1777262441237,24.6654
1777262441263,25.4855
1777262441288,25.6206
1777262441332,26.2072
1777262441357,26.1174
1777262441404,25.8734
1777262441429,26.2646
1777262441454,25.9962
1777262441501,25.4962
1777262441530,25.3923
1777262441555,26.2729
1777262441602,25.6220
1777262441628,25.6392
1777262441654,25.6098
1777262441702,25.4414
1777262441730,25.6943
1777262441755,25.9168
1777262441802,25.3512
1777262441829,25.6801
1777262441856,26.0493
1777262441882,25.7405
1777262441929,25.3752
1777262441954,25.8865
1777262442002,25.6117
1777262442030,25.6655
1777262442056,25.7717
1777262442082,25.5056
1777262442129,25.4660
1777262442164,25.8736
1777262442191,26.0320
1777262442218,26.1810
1777262442268,25.6620
1777262442295,25.7691
1777262442322,25.8619
1777262442348,25.3789
1777262442395,25.1677
1777262442422,25.3335
1777262442449,25.0827
1777262442497,24.8865
1777262442524,24.9791
1777262442550,24.7291
1777262442603,25.0519
1777262442630,25.0142
1777262442656,25.0487
1777262442682,25.0801
1777262442709,25.0087
1777262442756,24.8726
1777262442783,24.7813
1777262442810,24.9480
1777262442858,24.4164
1777262442885,24.7821
1777262442912,25.0229
1777262442960,24.5862
1777262442987,24.9205
1777262443015,25.2356
1777262443042,24.8830
1777262443091,25.0541
1777262443117,25.2869
1777262443144,25.0442
1777262443192,24.6609
1777262443217,24.7696
1777262443243,25.2036
1777262443290,25.0683
1777262443317,24.9531
1777262443341,24.8323
1777262443388,24.3613
1777262443413,24.6441
1777262443438,24.7127
1777262443486,24.4188
1777262443513,24.7788
1777262443538,24.4962
1777262443586,24.1467
1777262443612,23.3892
1777262443637,23.1614
1777262443685,22.9860
1777262443712,23.0191
1777262443739,23.0867
1777262443787,22.7327
1777262443814,22.6520
1777262443842,23.2197
1777262443869,23.0226
1777262443917,22.5635
1777262443944,22.9532
1777262443970,22.7166
1777262444018,23.1410
1777262444044,23.7473
1777262444071,24.3238
1777262444119,23.9202
1777262444146,24.1789
1777262444173,24.5074
1777262444199,24.3243
1777262444251,24.0907
1777262444277,24.5580
1777262444304,24.4064
1777262444329,24.3843
1777262444377,25.2606
1777262444403,25.4957
1777262444430,25.4843
1777262444477,26.2078
1777262444503,26.4188
1777262444530,26.4688
1777262444578,26.9514
1777262444604,26.8916
1777262444630,26.7545
1777262444684,26.7765
1777262444711,26.9574
1777262444737,27.0778
1777262444763,27.0433
1777262444810,26.9802
1777262444837,27.2427
1777262444863,27.2680
1777262444912,28.6592
1777262444938,28.7186
1777262444962,28.6384
1777262445009,28.3627
1777262445036,27.8922
1777262445061,27.1297
1777262445109,26.9613
1777262445135,26.9824
1777262445161,26.9979
1777262445208,27.3654
1777262445235,27.7077
1777262445261,27.5711
1777262445317,27.0516
1777262445344,28.0992
1777262445370,28.2516
1777262445396,27.8076
1777262445422,27.6338
1777262445469,27.7665
1777262445495,27.5883
1777262445547,27.1732
1777262445574,27.7714
1777262445600,27.8023
1777262445627,27.7473
1777262445653,28.4884
1777262445700,28.8484
1777262445729,29.1591
1777262445759,29.4746
1777262445787,29.4215
1777262445833,29.2691
1777262445858,28.9434
1777262445883,28.6603
1777262445929,28.1250
1777262445953,28.8247
1777262445999,28.9538
1777262446025,28.8039
1777262446052,28.5106
1777262446099,28.3668
1777262446124,28.8787
1777262446173,28.9179
1777262446198,29.2410
1777262446222,29.0930
1777262446247,28.8049
1777262446293,28.8025
1777262446318,28.5753
1777262446363,27.3708
1777262446388,27.1712
1777262446413,26.9665
1777262446459,26.5654
1777262446484,26.8518
1777262446530,26.9065
1777262446556,26.9247
1777262446582,26.7016
1777262446628,26.6023
1777262446652,26.6692
1777262446684,26.1620
1777262446709,25.3915
1777262446755,24.8896
1777262446779,23.7600
1777262446826,24.3464
1777262446851,24.3840
1777262446876,24.4103
1777262446921,24.4533
1777262446946,24.3826
1777262446991,23.5723
1777262447017,23.5324
1777262447042,23.2776
1777262447087,22.9927
1777262447112,23.2223
1777262447158,22.7625
1777262447182,22.6583
1777262447207,22.4278
1777262447253,22.3362
1777262447278,22.4353
1777262447325,22.0977
1777262447349,22.5051
1777262447374,22.6720
1777262447418,23.0297
1777262447442,23.5618
1777262447488,23.2855
1777262447513,23.3270
1777262447538,23.0175
1777262447587,22.5731
1777262447615,22.6501
1777262447642,22.5582
1777262447689,22.4180
1777262447715,22.9977
1777262447856,28.5772
1777262447878,28.3042
1777262447920,28.1693
1777262447941,28.2401
1777262447984,27.7946
1777262448006,27.8059
1777262448048,27.4441
1777262448090,28.3925
1777262448112,28.3742
1777262448155,28.4862
1777262448176,28.5079
1777262448218,28.3964
1777262448241,28.7635
1777262448284,28.3545
1777262448305,29.1065
1777262448348,28.6436
1777262448370,28.5448
1777262448413,27.9691
1777262448455,27.6079
1777262448477,27.7130
1777262448520,27.3896
1777262448542,27.5710
1777262448585,28.0492
1777262448606,27.8676
1777262448649,27.4752
1777262448671,27.8296
1777262448714,27.2263
1777262448736,26.8862
1777262448779,26.5737
1777262448802,26.5257
1777262448845,26.5555
1777262448867,22.0006
1777262448910,22.6062
1777262448933,22.6966
1777262448976,22.2679
1777262448998,22.6338
1777262449043,22.8107
1777262449065,22.6742
1777262449108,22.3748
1777262449131,22.4454
1777262449174,22.5916
1777262449217,22.6577
1777262449240,22.4110
1777262449284,22.8026
1777262449306,22.8026
1777262449350,23.1355
1777262449372,23.1569
1777262449395,23.2442
1777262449438,23.4025
1777262449482,23.2606
1777262449504,23.4706
1777262449547,23.3860
1777262449570,23.8831
1777262449615,23.5876
1777262449637,23.9453
1777262449681,23.9584
1777262449704,24.2171
1777262449727,24.0746
1777262449770,24.6504
1777262449793,24.4168
1777262449837,24.8425
1777262449860,24.5121
1777262449903,24.4496
1777262449926,24.3598
1777262449970,24.0861
1777262449993,24.4802
1777262450036,24.5625
1777262450060,24.3081
1777262450104,24.6419
1777262450127,24.7124
1777262450171,25.0407
1777262450195,24.9669
1777262450239,24.5439
1777262450263,24.7301
1777262450307,24.6206
1777262450331,24.5994
1777262450375,24.5304
1777262450399,24.9043
1777262450423,24.7592
1777262450467,24.7344
1777262450491,24.8636
1777262450535,24.7101
1777262450558,24.9206
1777262450603,24.5190
1777262450627,24.6972
1777262450672,24.5581
1777262450696,24.4788
1777262450721,24.6788
1777262450765,24.4797
1777262450789,24.3047
1777262450834,24.6407
1777262450858,24.4289
1777262450904,24.8746
1777262450928,24.8575
1777262450952,25.2136
1777262450997,24.9384
1777262451020,25.1031
1777262451066,25.2166
1777262451090,25.3508
1777262451114,25.3464
1777262451159,25.6288
1777262451184,25.2523
1777262451229,24.7683
1777262451253,25.2937
1777262451298,25.1902
1777262451903,25.1202
1777262451928,48.5397
1777262451952,49.4323
1777262451976,50.4647
1777262452000,49.6842
1777262452046,51.0000
1777262452070,49.9856
1777262452116,51.1508
1777262452140,50.1619
1777262452165,48.6803
1777262452210,51.7231
1777262452236,50.4607
1777262452260,50.0999
1777262452307,51.0478
1777262452331,51.4297
1777262452377,49.2403
1777262452403,47.8643
1777262452429,46.6312
1777262452475,44.9729
1777262452501,44.2439
1777262452526,43.0337
1777262452572,41.4599
1777262452596,40.8244
1777262452642,40.0720
1777262452667,39.9142
1777262452692,39.4327
1777262452739,38.4104
1777262452765,37.8981
1777262452790,37.3469
1777262452838,36.6538
1777262452863,36.3271
1777262452889,35.9712
1777262452935,25.8794
1777262452961,25.6366
1777262452986,25.5143
1777262453032,25.2747
1777262453057,25.0394
1777262453104,25.0556
1777262453128,25.3869
1777262453153,25.4729
1777262453200,26.5158
1777262453226,26.6345
1777262453252,26.3827
1777262453298,26.3072
1777262453324,26.1417
1777262453349,25.8453
1777262453396,25.4516
1777262453423,25.2943
1777262453470,25.6513
1777262453497,25.7028
1777262453523,25.6230
1777262453547,26.0826
1777262453595,26.4505
1777262453723,29.7166
1777262453745,30.6898
1777262453787,30.8763
1777262453809,30.4597
1777262453851,30.6126
1777262453873,31.0886
1777262453915,30.9936
1777262453937,30.2914
1777262453979,30.1470
1777262454022,30.5794
1777262454044,30.4111
1777262454087,30.7111
1777262454108,30.4212
1777262454151,29.6294
1777262454172,29.3048
1777262454215,28.7604
1777262454237,28.3158
1777262454279,28.8332
1777262454322,28.6008
1777262454344,28.4407
1777262454387,29.1734
1777262454409,28.9648
1777262454452,28.9831
1777262454475,28.6871
1777262454518,28.5883
1777262454541,28.8667
1777262454584,28.5642
1777262454606,28.1280
1777262454649,27.6353
1777262454671,27.7215
1777262454714,27.5168
1777262454736,24.9264
1777262454779,24.1460
1777262454802,24.4276
1777262454845,24.6010
1777262454868,24.4230
1777262454911,24.7950
1777262454933,24.5427
1777262454977,24.5600
1777262454999,24.5640
1777262455046,24.3853
1777262455069,24.3622
1777262455113,24.2658
1777262455136,24.3754
1777262455180,24.6924
1777262455203,25.0966
1777262455246,24.8839
1777262455269,25.2627
1777262455314,24.8502
1777262455337,24.7032
1777262455381,24.8230
1777262455404,24.7034
1777262455449,25.0783
1777262455472,25.3622
1777262455516,25.1107
1777262455539,25.1170
1777262455563,24.9237
1777262455606,24.8494
1777262455630,25.1197
1777262455676,24.7355
1777262455699,24.7787
1777262455744,24.7699
1777262455768,25.0306
1777262455812,24.6039
1777262455836,24.4725
1777262455880,25.0046
1777262455904,25.4891
1777262455927,25.1204
1777262455971,25.0083
1777262455995,24.8576
1777262456039,24.8187
1777262456063,24.8666
1777262456108,25.6163
1777262456132,25.7817
1777262456177,25.8012
1777262456200,25.8095
1777262456224,25.6373
1777262456268,25.3818
1777262456291,25.4494
1777262456338,25.4468
1777262456363,25.8571
1777262456408,25.5890
1777262456434,25.6870
1777262456458,25.6240
1777262456504,25.8604
1777262456528,26.0549
1777262456575,26.0740
1777262456599,26.4041
1777262456624,26.4187
1777262456669,26.4789
1777262456694,26.3312
1777262456738,26.6150
1777262456761,26.4943
1777262456806,26.2054
1777262456829,26.9447
1777262456853,26.9762
1777262456899,26.5731
1777262456922,26.1513
1777262456967,26.3727
1777262456992,26.2488
1777262457038,26.0408
1777262457063,26.3202
1777262457087,26.3700
1777262457131,25.9142
1777262457156,26.1557
1777262457201,26.0018
1777262457227,26.0097
1777262457252,26.3509
1777262457298,26.3671
1777262457324,26.6413
1777262457371,27.2694
1777262457396,27.2434
1777262457421,26.9476
1777262457468,26.6366
1777262457495,27.0561
1777262457522,26.7691
1777262457572,26.7257
1777262457597,26.7740
1777262457623,26.6806
1777262457649,26.8862
1777262457697,27.3417
1777262457723,27.6823
1777262457750,27.9991
1777262457798,28.4406
1777262457825,28.3866
1777262457852,28.1481
1777262457900,28.4984
1777262457927,28.4643
1777262457954,28.5616
1777262457981,28.2535
1777262458029,28.6601
1777262458057,28.5466
1777262458084,28.2822
1777262458132,27.8187
1777262458159,27.6057
1777262458186,27.6636
1777262458213,27.4001
1777262458260,27.0394
1777262458288,27.0393
1777262458315,26.8363
1777262458363,25.9043
1777262458390,25.8845
1777262458416,25.7026
1777262458443,25.5546
1777262458491,25.3724
1777262458518,25.0055
1777262458545,24.7131
1777262458594,24.5461
1777262458621,25.0461
1777262458647,25.0156
1777262458696,24.7060
1777262458723,24.1683
1777262458750,24.2739
1777262458778,23.8480
1777262458836,23.8833
1777262458864,24.2039
1777262458891,24.5459
1777262458918,24.5479
1777262458945,24.3576
1777262458972,24.1986
1777262459021,24.2204
1777262459048,24.6692
1777262459075,24.4868
1777262459123,24.3070
1777262459150,24.7897
1777262459178,24.6078
1777262459206,24.4582
1777262459254,24.6130
1777262459281,24.6393
1777262459308,24.5157
1777262459334,24.8522
1777262459382,25.2292
1777262459409,25.3797
1777262459440,26.1284
1777262459489,27.0759
1777262459516,27.2769
1777262459544,27.4149
1777262459571,27.6955
1777262459620,27.7044
1777262459645,27.3420
1777262459672,27.7924
1777262459699,27.5178
1777262459747,26.8567
1777262459774,26.8394
1777262459802,27.0344
1777262459850,26.6745
1777262459878,26.5425
1777262459905,26.1761
1777262459933,25.8737
1777262459980,26.0410
1777262460007,26.2498
1777262460033,26.0250
1777262460081,25.9583
1777262460108,26.3903
1777262460135,26.5341
1777262460183,26.5459
1777262460211,26.9411
1777262460236,27.1987
1777262460262,26.8998
1777262460309,26.6859
1777262460337,26.8405
1777262460364,26.5762
1777262460412,25.7239
1777262460439,25.6395
1777262460476,24.7155
1777262460503,24.6713
1777262460530,24.3095
1777262460578,24.1381
1777262460605,24.2644
1777262460631,24.0600
1777262460683,23.6109
1777262460709,23.8846
1777262460735,24.3824
1777262460761,24.4630
1777262460809,24.3338
1777262460836,24.5181
1777262460863,24.3984
1777262460911,23.5768
1777262460938,24.3482
1777262460965,24.4693
1777262460991,24.1341
1777262461039,23.7382
1777262461066,24.3123
1777262461093,24.1777
1777262461143,24.0792
1777262461170,24.2155
1777262461197,24.0461
1777262461224,23.6683
1777262461272,23.5736
1777262461299,24.0424
1777262461326,23.6227
1777262461375,23.6472
1777262461402,24.7327
1777262461429,25.0344
1777262461456,25.0087
1777262461504,25.0738
1777262461532,25.2448
1777262461558,25.4974
1777262461605,25.3397
1777262461632,25.8888
1777262461658,26.4924
1777262461706,26.3496
1777262461733,26.2944
1777262461759,26.2284
1777262461785,26.0125
1777262461832,25.9571
1777262461859,25.8620
1777262461886,25.9266
1777262461913,25.9812
1777262461940,25.6491
1777262461970,25.7474
1777262462007,26.2741
1777262462034,27.2276
1777262462060,27.5931
1777262462088,27.6014
1777262462115,28.0224
1777262462142,28.1642
1777262462174,28.1519
1777262462201,29.3118
1777262462230,30.0912
1777262462271,30.6865
1777262462297,31.5963
1777262462323,31.9839
1777262462350,32.3353
1777262462377,32.2707
1777262462405,32.2968
1777262462436,32.8230
1777262462475,33.2945
1777262462502,34.2369
1777262462529,34.4604
1777262462556,34.3648
1777262462583,35.0523
1777262462769,41.7092
1777262462841,44.9642
1777262462873,50.6841
1777262462895,50.8578
1777262462916,50.5494
1777262462938,50.9826
1777262462960,50.7532
1777262462981,50.1626
1777262463003,49.6179
1777262463028,49.0838
1777262463050,48.3020
1777262463072,48.2677
1777262463093,47.6866
1777262463115,47.6821
1777262463137,47.6855
1777262463165,46.8779
1777262463187,46.7838
1777262463209,45.5448
1777262463231,45.0923
1777262463253,44.7433
1777262463276,43.8364
1777262463298,43.2218
1777262463320,42.4550
1777262463346,42.2029
1777262463368,42.0430
1777262463390,41.9535
1777262463417,41.6533
1777262463439,40.8750
1777262463462,40.0658
1777262463484,39.4123
1777262463506,38.8311
1777262463529,38.4569
1777262463551,38.3570
1777262463573,38.1918
1777262463594,37.9476
1777262463618,37.7002
1777262463641,37.1456
1777262463663,37.2024
1777262463686,37.2567
1777262463708,36.9017
1777262463731,36.5784
1777262463753,36.2789
1777262463775,35.9883
1777262463801,30.3093
1777262463831,30.3321
1777262463862,30.1705
1777262463884,26.9071
1777262463908,26.6228
1777262463931,26.5488
1777262463953,26.5953
1777262463978,26.4973
1777262464001,26.4939
1777262464027,26.3966
1777262464050,26.2568
1777262464072,26.7565
1777262464095,26.8581
1777262464127,26.8969
1777262464150,28.4137
1777262464173,28.6388
1777262464195,28.5548
1777262464218,28.6717
1777262464241,28.6811
1777262464264,28.7348
1777262464298,29.3096
1777262464322,30.3055
1777262464345,30.5506
1777262464371,30.5249
1777262464395,30.8874
1777262464418,30.5498
1777262464441,30.4110
1777262464596,30.4939
1777262464645,33.1576
1777262464674,40.8734
1777262464696,40.5614
1777262464721,41.1370
1777262464743,40.7655
1777262464765,40.5361
1777262464786,40.3322
1777262464808,40.7617
1777262464829,39.9386
1777262464851,40.1903
1777262464873,39.5716
1777262464895,39.6850
1777262464923,39.6400
1777262464955,39.5726
1777262464977,40.4944
1777262465002,40.2553
1777262465025,41.1578
1777262465047,41.0446
1777262465068,41.0996
1777262465090,40.5080
1777262465112,41.1343
1777262465140,39.3364
1777262465162,39.4378
1777262465186,39.6889
1777262465208,39.9967
1777262465238,39.9348
1777262465260,40.1890
1777262465283,40.1862
1777262465305,39.7324
1777262465327,39.6950
1777262465349,38.7851
1777262465373,38.8792
1777262465395,38.2792
1777262465417,38.1656
1777262465439,38.0591
1777262465461,38.0945
1777262465490,37.7957
1777262465523,37.4770
1777262465545,37.4334
1777262465567,36.9967
1777262465589,36.6807
1777262465611,35.7159
1777262465634,35.7556
1777262465659,28.9767
1777262465682,29.0422
1777262465704,28.7305
1777262465727,28.3952
1777262465749,28.2563
1777262465772,28.3126
1777262465795,28.2464
1777262465818,28.1471
1777262465843,28.1105
1777262465866,28.4883
1777262465890,28.4188
1777262465913,28.0585
1777262465936,27.9614
1777262465959,27.7167
1777262465991,27.4296
1777262466020,27.9768
1777262466044,27.7624
1777262466067,27.7841
1777262466089,27.5366
1777262466112,27.5042
1777262466135,26.9735
1777262466158,26.6689
1777262466180,26.8041
1777262466204,26.6726
1777262466229,25.8431
1777262466252,26.1167
1777262466275,25.8124
1777262466298,25.7144
1777262466321,25.7172
1777262466344,25.7347
1777262466368,25.8843
1777262466391,26.7321
1777262466415,26.6290
1777262466443,26.7007
1777262466471,27.1618
1777262466494,27.3167
1777262466517,26.9612
1777262466540,26.7636
1777262466564,26.7240
1777262466592,26.9234
1777262466628,27.8721
1777262466652,28.6650
1777262466676,29.0829
1777262466700,29.2158
1777262466723,28.9431
1777262466746,29.1833
1777262466770,29.3406
1777262466794,29.4468
1777262466818,30.9438
1777262466853,30.8161
1777262466880,31.7251
1777262466904,32.4857
1777262466927,32.5894
1777262466954,32.6546
1777262466978,33.0999
1777262467006,32.3528
1777262467030,32.6586
1777262467054,32.3629
1777262467081,32.2634
1777262467104,32.6714
1777262467127,32.7771
1777262467151,32.8431
1777262467175,33.2220
1777262467198,32.6695
1777262467221,32.8500
1777262467251,32.6385
1777262467279,32.6052
1777262467303,33.1783
1777262467328,33.1655
1777262467352,33.1758
1777262467376,33.3196
1777262467399,33.6172
1777262467444,33.9017
1777262467469,33.6950
1777262467494,33.3761
1777262467518,33.8807
1777262467543,33.4568
1777262467568,33.5248
1777262467592,33.3823
1777262467616,33.2987
1777262467662,32.5031
1777262467686,31.1921
1777262467711,31.0573
1777262467736,31.1448
1777262467761,31.1836
1777262467786,31.0725
1777262467810,31.2333
1777262467834,30.1651
1777262467858,30.3429
1777262467883,29.0232
1777262467907,28.2500
1777262467931,28.1045
1777262467957,27.9992
1777262467982,27.3623
1777262468007,27.9825
1777262468031,27.4100
1777262468065,27.6651
1777262468093,27.8257
1777262468118,28.5494
1777262468150,28.5975
1777262468175,29.1983
1777262468201,28.7809
1777262468226,28.6602
1777262468251,28.8573
1777262468288,28.6214
1777262468313,30.0199
1777262468338,30.7804
1777262468364,30.4539
1777262468389,30.4156
1777262468414,30.2728
1777262468439,29.9839
1777262468464,29.5261
1777262468511,29.8807
1777262468783,33.5447
1777262468805,45.0100
1777262468830,44.0102
1777262468851,43.9871
1777262468872,44.0299
1777262468894,43.1169
1777262468915,43.3561
1777262468937,43.6813
1777262468958,43.3316
1777262468980,43.2193
1777262469002,42.6305
1777262469023,41.9918
1777262469045,42.7709
1777262469074,42.3686
1777262469096,42.7858
1777262469118,42.1025
1777262469140,41.9158
1777262469162,41.4709
1777262469184,42.6012
1777262469206,41.9398
1777262469228,41.6431
1777262469253,42.2754
1777262469287,42.1992
1777262469313,42.0217
1777262469335,41.0075
1777262469357,41.7912
1777262469380,41.5999
1777262469403,41.2373
1777262469425,40.9410
1777262469447,41.1206
1777262469469,41.5793
1777262469497,41.4332
1777262469519,41.0636
1777262469541,41.1345
1777262469564,40.7036
1777262469586,40.2632
1777262469608,39.9676
1777262469630,39.4275
1777262469652,39.0351
1777262469675,39.0136
1777262469697,38.7212
1777262469719,38.9185
1777262469742,38.7657
1777262469766,38.3264
1777262469788,38.2153
1777262469811,29.2706
1777262469833,29.0667
1777262469856,29.0522
1777262469878,29.2062
1777262469901,29.8386
1777262469949,30.6298
1777262469971,30.7593
1777262469994,31.1816
1777262470017,30.9270
1777262470040,30.9168
1777262470062,30.7911
1777262470085,30.5203
1777262470108,30.4048
1777262470131,30.3343
1777262470156,30.4755
1777262470179,30.5293
1777262470201,30.5707
1777262470224,30.3724
1777262470249,30.3694
1777262470272,30.4615
1777262470296,30.1417
1777262470320,29.9941
1777262470343,28.4927
1777262470371,28.4982
1777262470400,28.3646
1777262470431,28.4064
1777262470454,28.8792
1777262470477,28.8643
1777262470500,28.6306
1777262470523,28.6652
1777262470563,28.3989
1777262470585,29.5266
1777262470609,29.8246
1777262470635,29.7377
1777262470658,29.7921
1777262470682,30.0409
1777262470705,29.8863
1777262470735,29.3309
1777262470759,30.0276
1777262470782,30.3617
1777262470806,30.4161
1777262470829,30.4632
1777262470853,30.7325
1777262470883,30.5204
1777262470906,30.9219
1777262470951,30.6860
1777262470975,29.6545
1777262470999,29.4094
1777262471023,29.6097
1777262471046,29.4436
1777262471070,29.8746
1777262471094,30.1292
1777262471117,30.1672
1777262471162,29.3754
1777262471186,29.0655
1777262471364,28.7409
1777262471397,30.8190
1777262471418,33.0364
1777262471440,32.9248
1777262471461,32.6744
1777262471482,33.0608
1777262471506,32.8690
1777262471528,32.6803
1777262471550,31.7845
1777262471571,31.5793
1777262471593,29.7118
1777262471614,29.7228
1777262471640,29.6345
1777262471662,29.7449
1777262471686,29.8443
1777262471707,29.5832
1777262471729,30.0288
1777262471751,29.9515
1777262471778,28.9025
1777262471800,28.8207
1777262471822,28.3471
1777262471843,27.8899
1777262471865,27.8258
1777262471887,27.4755
1777262471909,27.2976
1777262471932,27.1134
1777262471955,27.2857
1777262471978,27.3327
1777262472000,27.4534
1777262472022,27.5719
1777262472044,27.4419
1777262472067,27.5725
1777262472089,27.7935
1777262472117,27.2819
1777262472146,27.9250
1777262472168,28.0143
1777262472190,28.0887
1777262472212,28.3091
1777262472234,28.1409
1777262472256,28.4979
1777262472283,28.4267
1777262472304,28.9897
1777262472326,29.0519
1777262472352,28.9680
1777262472377,29.1346
1777262472399,28.6719
1777262472421,26.5064
1777262472443,26.3076
1777262472465,26.7650
1777262472508,26.4937
1777262472530,27.6140
1777262472553,28.2035
1777262472575,28.1546
1777262472597,28.3891
1777262472619,28.2538
1777262472642,28.2624
1777262472664,28.0190
1777262472687,28.8070
1777262472714,28.8450
1777262472741,29.7929
1777262472763,29.6667
1777262472786,29.7689
1777262472808,29.5629
1777262472831,29.7787
1777262472854,29.9191
1777262472882,30.2656
1777262472905,30.8782
1777262472927,31.4431
1777262472952,31.5434
1777262472981,31.6752
1777262473004,32.2262
1777262473028,31.9364
1777262473051,32.0998
1777262473074,31.9585
1777262473107,31.9031
1777262473131,32.8455
1777262473154,32.8875
1777262473177,32.6085
1777262473200,32.6814
1777262473223,32.7747
1777262473254,32.7683
1777262473278,32.9457
1777262473309,32.3665
1777262473341,32.6445
1777262473364,32.8146
1777262473386,32.7799
1777262473409,32.4404
1777262473432,32.5586
1777262473460,32.6430
1777262473482,32.3469
1777262473505,32.3698
1777262473528,32.0613
1777262473550,30.9279
1777262473583,30.4752
1777262473611,30.8143
1777262473634,31.2489
1777262473658,31.2389
1777262473681,31.4384
1777262473704,30.7784
1777262473728,30.5912
1777262473756,30.8959
1777262473789,31.9114
1777262473812,32.2765
1777262473836,32.2669
1777262474081,32.3818
1777262474102,37.0676
1777262474169,38.5991
1777262474190,44.6434
1777262474211,45.5909
1777262474233,46.5434
1777262474254,45.7577
1777262474276,46.0090
1777262474304,45.9763
1777262474326,45.5924
1777262474347,46.2246
1777262474369,45.7256
1777262474395,46.9226
1777262474416,46.7910
1777262474438,46.6900
1777262474460,47.2033
1777262474485,47.3862
1777262474507,47.8526
1777262474529,48.0423
1777262474551,48.3526
1777262474604,49.9214
1777262474628,49.7852
1777262474650,49.7694
1777262474676,49.9865
1777262474698,49.9887
1777262474721,50.0278
1777262474743,49.7158
1777262474782,47.9649
1777262474804,49.1228
1777262474826,51.0235
1777262474847,50.7730
1777262474869,50.2551
1777262474912,49.1923
1777262474934,48.7255
1777262474956,48.5375
1777262474978,48.4873
1777262475000,47.7523
1777262475046,47.5769
1777262475069,47.2083
1777262475091,46.8437
1777262475113,42.2829
1777262475136,40.6627
1777262475158,40.0398
1777262475180,39.8059
1777262475204,34.6234
1777262475238,34.8498
1777262475261,35.8822
1777262475283,35.7607
1777262475306,35.8159
1777262475332,35.5888
1777262475358,35.5491
1777262475381,35.9339
1777262475415,36.0448
1777262475445,36.1737
1777262475473,37.7279
1777262475496,37.7386
1777262475519,37.3671
1777262475541,37.5725
1777262475563,37.3639
1777262475587,37.0180
1777262475610,37.4961
1777262475646,37.1143
1777262475669,38.7204
1777262475692,38.6473
1777262475726,38.8607
1777262475749,39.2920
1777262475772,39.5294
1777262475795,39.4216
1777262475817,38.2418
1777262475840,37.4907
1777262475874,36.7960
1777262475897,37.3978
1777262475926,37.0515
1777262475955,37.2298
1777262475977,37.0308
1777262475999,36.8461
1777262476022,36.9535
1777262476045,36.5049
1777262476078,36.5623
1777262476104,36.9792
1777262476127,37.4389
1777262476151,37.8790
1777262476173,37.7228
1777262476195,37.9327
1777262476218,37.4163
1777262476242,36.9319
1777262476265,36.4137
1777262476289,36.8803
1777262476312,36.9525
1777262476336,36.8249
1777262476359,36.7604
1777262476382,35.7924
1777262476405,35.8565
1777262476429,35.5233
1777262476462,33.6286
1777262476492,34.8742
1777262476516,35.3618
1777262476751,35.4813
1777262476794,35.7713
1777262476862,45.5856
1777262476888,46.6327
1777262476910,46.2811
1777262476941,46.7083
1777262476969,46.4692
1777262476991,45.9848
1777262477013,46.6023
1777262477041,45.9415
1777262477075,45.9107
1777262477097,45.5069
1777262477119,44.9584
1777262477141,43.9629
1777262477163,44.5322
1777262477185,44.0220
1777262477207,44.0199
1777262477230,44.6872
1777262477252,44.3217
1777262477274,44.0523
1777262477301,44.0063
1777262477328,43.6701
1777262477351,43.4836
1777262477373,44.4474
1777262477395,43.9319
1777262477418,43.2064
1777262477442,43.8287
1777262477467,43.5057
1777262477489,43.3649
1777262477512,42.3289
1777262477539,41.6469
1777262477561,42.1140
1777262477584,41.7036
1777262477606,40.8269
1777262477629,40.4085
1777262477651,40.2034
1777262477680,39.8953
1777262477709,40.0718
1777262477731,40.2988
1777262477754,39.8963
1777262477778,37.9202
1777262477801,37.6691
1777262477824,37.5035
1777262477846,37.3009
1777262477868,31.2712
1777262477891,30.3695
1777262477914,30.3815
1777262477936,30.0866
1777262477959,29.8508
1777262477990,29.4118
1777262478013,29.6877
1777262478035,29.2464
1777262478061,28.9064
1777262478085,28.9244
1777262478107,28.4708
1777262478130,29.8031
1777262478152,30.1059
1777262478175,29.9816
1777262478199,29.7843
1777262478222,29.6334
1777262478245,29.6322
1777262478268,29.1529
1777262478291,29.7083
1777262478480,29.5393
1777262478551,29.9838
1777262478580,30.5724
1777262478601,44.1126
1777262478644,44.7398
1777262478666,44.0125
1777262478688,44.3598
1777262478710,43.5059
1777262478732,43.2488
1777262478762,43.3977
1777262478784,43.7190
1777262478806,43.9448
1777262478828,44.4865
1777262478850,43.9283
1777262478872,44.7821
1777262478894,44.4820
1777262478916,43.5314
1777262478938,43.8243
1777262478960,43.9591
1777262478986,43.7302
1777262479008,43.2492
1777262479030,42.9587
1777262479052,44.0026
1777262480228,58.6884
1777262481010,1177.1619
1777262482475,1689.5833
1777262484110,2078.7238
1777262485737,2442.2476
1777262487118,2374.4952
1777262488257,2039.8952
1777262488614,1966.9346
1777262488656,1391.0772
1777262488677,1019.6897
1777262488698,525.7960
1777262488719,415.6684
1777262488740,380.4029
1777262488764,302.0592
1777262488787,253.9596
1777262488808,210.3886
1777262488830,195.2120
1777262488858,175.5426
1777262488879,157.7067
1777262488900,149.5661
1777262488943,139.8319
1777262488965,131.5490
1777262488987,126.0344
1777262489008,120.1821
1777262489030,114.9831
1777262489051,111.5422
1777262489086,106.9293
1777262489108,102.3418
1777262489129,99.6809
1777262489151,96.1173
1777262489173,92.8035
1777262489194,90.4008
1777262489216,87.8612
1777262489237,84.7046
1777262489263,74.2882
1777262489285,72.9935
1777262489307,71.9939
1777262489329,70.7171
1777262489350,68.4803
1777262489372,67.6894
1777262489394,65.9438
1777262489415,64.6976
1777262489437,64.1078
1777262489459,63.1519
1777262489481,62.4365
1777262489510,62.1183
1777262489537,61.2809
1777262489559,60.4358
1777262489581,59.6180
1777262489609,58.9914
1777262489631,58.0009
1777262489653,31.3963
1777262489675,31.6317
1777262489709,32.0158
1777262489731,32.4568
1777262489753,32.3839
1777262489779,32.0524
1777262489801,31.9930
1777262489823,31.9233
1777262489845,31.7427
1777262489867,31.5437
1777262489889,31.7865
1777262489926,31.7459
1777262489948,32.1744
1777262489970,31.7387
1777262489992,31.9123
1777262490015,31.8068
1777262490037,31.7757
1777262490059,31.5510
1777262490081,31.1673
1777262490105,30.6171
1777262490128,30.6212
1777262490151,31.2999
1777262490173,30.9680
1777262490199,30.7805
1777262490221,30.8616
1777262490244,30.8437
1777262490266,30.6001
1777262490289,30.5225
1777262490311,30.3601
1777262490334,31.6661
1777262490362,31.7247
1777262490385,32.4561
1777262490408,32.7167
1777262490431,32.8400
1777262490454,32.9946
1777262490477,32.8797
1777262490499,32.5774
1777262490525,32.1935
1777262490548,32.7452
1777262490571,32.7899
1777262490596,32.7076
1777262490619,32.6235
1777262490642,33.3049
1777262490665,33.3296
1777262490689,33.1966
1777262490711,33.1262
1777262490748,32.4653
1777262490770,33.1673
1777262490793,33.3405
1777262490816,33.8982
1777262490840,33.5981
1777262490863,34.0175
1777262490887,33.7941
1777262490910,33.7571
1777262490933,33.5678
1777262490956,32.6396
1777262490978,33.0604
1777262491001,33.8515
1777262491024,33.6925
1777262491047,33.7721
1777262491069,33.6709
1777262491092,33.8544
1777262491115,34.0615
1777262491138,33.7604
1777262491176,32.9986
1777262491199,34.1335
1777262491231,33.9357
1777262491255,34.3081
1777262491284,34.1327
1777262491312,34.1757
1777262491336,34.4466
1777262491380,33.2174
1777262491404,32.4492
1777262491428,32.0875
1777262491453,32.0515
1777262491476,31.8282
1777262491500,31.7836
1777262491524,31.9262
1777262491547,32.0713
1777262491572,31.2422
1777262491596,31.8663
1777262491622,31.4632
1777262491646,31.5152
1777262491675,31.2370
1777262491704,31.2168
1777262491728,31.6542
1777262491753,32.0004
1777262491776,30.9696
1777262491829,31.0436
1777262491854,30.9674
1777262491882,30.9953
1777262491905,31.1131
1777262491930,31.5418
1777262491953,31.3955
1777262491977,31.2128
1777262492002,30.2687
1777262492029,30.8261
1777262492053,31.5173
1777262492077,31.3475
1777262492100,31.2386
1777262492124,31.1700
1777262492148,31.0992
1777262492171,31.2036
1777262492195,31.1570
1777262492399,33.3507
1777262492435,34.6885
1777262492488,42.1182
1777262492542,42.9165
1777262492568,43.2734
1777262492589,43.5328
1777262492611,43.4170
1777262492632,42.8446
1777262492654,43.8721
1777262492675,43.5801
1777262492701,43.3406
1777262492722,43.8404
1777262492747,43.5801
1777262492769,43.8615
1777262492790,45.0219
1777262492812,44.6917
1777262492877,45.3528
1777262492898,46.9385
1777262492922,46.5205
1777262492944,45.9904
1777262492966,47.0873
1777262492992,46.2797
1777262493014,46.0957
1777262493036,45.7637
1777262493089,46.6643
1777262493111,46.7242
1777262493133,47.5710
1777262493169,47.4247
1777262493196,48.8280
1777262493219,48.4966
1777262493246,47.8834
1777262493284,47.8785
1777262493306,47.9126
1777262493328,47.6307
1777262493351,47.0499
1777262493373,46.6203
1777262493395,44.1652
1777262493417,43.0959
1777262493440,42.6898
1777262493462,36.7506
1777262493485,36.7385
1777262493507,36.3977
1777262493530,36.2564
1777262493552,35.9274
1777262493575,35.7868
1777262493803,36.0909
1777262493845,41.6924
1777262493912,41.2760
1777262493933,42.7944
1777262493955,43.2140
1777262493978,42.7587
1777262494000,43.0093
1777262494021,43.3638
1777262494043,42.6754
1777262494066,42.4188
1777262494088,41.3831
1777262494109,40.5016
1777262494131,40.4652
1777262494153,40.0154
1777262494174,39.7698
1777262494196,38.7762
1777262494218,38.2712
1777262494240,37.7869
1777262494261,37.8056
1777262494283,37.6284
1777262494317,36.9441
1777262494339,37.5752
1777262494361,37.9610
1777262494383,37.6759
1777262494405,37.3428
1777262494430,36.9525
1777262494452,36.9479
1777262494481,36.6606
1777262494503,37.6924
1777262494525,38.2054
1777262494549,37.7451
1777262494571,38.1344
1777262494593,37.6987
1777262494615,37.8138
1777262494638,37.4451
1777262494660,37.4914
1777262494682,37.1701
1777262494704,37.4532
1777262494730,37.0707
1777262494756,37.1038
1777262494778,37.0549
1777262494800,36.3660
1777262494822,31.3882
1777262494846,31.0749
1777262494868,31.0928
1777262494891,30.8482
1777262494943,29.8113
1777262494966,29.4367
1777262494989,29.2668
1777262495012,29.0628
1777262495034,28.9935
1777262495056,29.1903
1777262495079,29.2403
1777262495101,29.3292
1777262495148,30.4100
1777262495171,31.7913
1777262495213,31.3068
1777262495238,31.5454
1777262495260,31.8832
1777262495282,31.9421
1777262495304,31.4302
1777262495327,31.2960
1777262495354,30.1381
1777262495376,29.7854
1777262495400,30.2072
1777262495422,30.2639
1777262495448,30.3102
1777262495470,30.2391
1777262495493,30.3581
1777262495515,29.4857
1777262495550,28.9600
1777262495573,29.4575
1777262495596,29.5665
1777262495619,29.3151
1777262495641,29.1046
1777262495664,29.1228
1777262495686,29.1651
1777262495708,29.1001
1777262495731,28.5699
1777262495775,28.8534
1777262495798,29.1446
1777262495821,29.1872
1777262495844,29.0186
1777262495870,28.8612
1777262495893,29.1575
1777262495917,29.4997
1777262495940,29.2195
1777262495963,28.3785
1777262495990,28.0524
1777262496013,28.1186
1777262496036,28.1795
1777262496059,27.7860
1777262496082,27.8908
1777262496112,28.0689
1777262496135,28.2127
1777262496178,27.5381
1777262496201,26.1554
1777262496224,26.1020
1777262496248,26.2978
1777262496271,26.4186
1777262496295,26.5236
1777262496318,26.8847
1777262496341,26.7832
1777262496364,27.1037
1777262496393,27.1527
1777262496416,27.1907
1777262496441,26.8690
1777262496464,27.2123
1777262496487,27.1758
1777262496511,27.1598
1777262496535,27.0265
1777262496558,27.3262
1777262496588,26.4985
1777262496612,27.4623
1777262496636,27.4742
1777262496659,27.1403
1777262496682,27.0579
1777262496712,26.7698
1777262496736,27.0569
1777262496759,26.8746
1777262496782,26.4481
1777262496812,26.1061
1777262496836,26.9249
1777262496860,27.2146
1777262496890,27.1637
1777262496914,27.0075
1777262496938,27.3001
1777262496962,27.1987
1777262496985,27.2761
1777262497011,27.4187
1777262497035,27.8408
1777262497059,28.3437
1777262497083,28.1614
1777262497107,27.7753
1777262497130,27.4703
1777262497159,27.1625
1777262497183,27.1486
1777262497208,27.3543
1777262497253,28.3880
1777262497278,28.6928
1777262497302,28.7416
1777262497327,28.2323
1777262497351,28.4063
1777262497376,28.4007
1777262497399,28.1650
1777262497430,28.2048
1777262497608,28.4928
1777262497703,35.8628
1777262497725,37.4332
1777262497746,39.3126
1777262497768,38.9921
1777262497789,38.5158
1777262497817,38.2216
1777262497838,38.0997
1777262497860,37.2855
1777262497881,37.7090
1777262497912,37.7700
1777262497934,38.6724
1777262497956,38.2681
1777262497978,38.9159
1777262498006,38.4440
1777262498028,38.5145
1777262498049,37.4790
1777262498071,37.2195
1777262498093,38.2434
1777262498128,38.7760
1777262498150,39.3793
1777262498177,39.6507
1777262498199,39.6240
1777262498221,39.1822
1777262498244,38.5251
1777262498265,37.8137
1777262498287,37.9967
1777262498323,38.2429
1777262498345,38.5168
1777262498368,38.7712
1777262498390,39.2284
1777262498420,38.6303
1777262498446,38.6858
1777262498469,38.3079
1777262498491,37.7737
1777262498514,37.0703
1777262498543,36.8417
1777262498566,36.6405
1777262498589,36.1665
1777262498611,34.1373
1777262498633,33.9454
1777262498662,33.1138
1777262498685,30.3732
1777262498707,29.9460
1777262498730,29.0722
1777262498752,28.7976
1777262498779,28.0903
1777262498801,28.1127
1777262498824,27.9414
1777262498847,28.0481
1777262498870,28.2012
1777262498893,28.2154
1777262498923,28.2134
1777262498955,27.7190
1777262498982,28.6626
1777262499005,28.8209
1777262499028,28.5698
1777262499050,28.8084
1777262499078,28.8253
1777262499100,28.8583
1777262499123,28.7215
1777262499145,28.2803
1777262499183,28.9376
1777262499207,29.6653
1777262499230,30.2019
1777262499253,30.1801
1777262499276,30.2314
1777262499299,30.1487
1777262499322,30.1150
1777262499359,29.4798
1777262499383,30.3236
1777262499406,30.8057
1777262499429,30.9567
1777262499452,30.4782
1777262499475,30.6479
1777262499500,30.7980
1777262499523,30.9276
1777262499575,30.9781
1777262499599,31.1873
1777262499622,31.2826
1777262499652,31.3993
1777262499675,31.4232
1777262499698,31.0634
1777262499722,31.7693
1777262499745,31.6321
1777262499772,32.0550
1777262499815,32.7827
1777262499838,33.7901
1777262499862,33.7302
1777262499892,33.5833
1777262499922,33.8225
1777262499946,34.1990
1777262499969,33.3474
1777262499993,33.1206
1777262500017,32.8694
1777262500041,32.9109
1777262500065,32.9235
1777262500089,33.4070
1777262500113,33.5406
1777262500137,33.3485
1777262500160,33.0752
1777262500184,31.9755
1777262500208,31.3873
1777262500232,31.3291
1777262500255,32.0752
1777262500279,31.8972
1777262500308,31.8552
1777262500332,31.6243
1777262500357,32.0154
1777262500381,31.7748
1777262500411,30.5618
1777262500435,31.3273
1777262500459,31.4714
1777262500483,31.2791
1777262500507,31.3843
1777262500532,31.5617
1777262500556,31.4492
1777262500581,31.3244
1777262500626,31.1026
1777262500865,37.9386
1777262500888,38.1042
1777262500909,37.8043
1777262500938,37.3348
1777262500960,37.7429
1777262500981,37.7879
1777262501003,37.0726
1777262501027,37.0438
1777262501048,37.1450
1777262501069,37.2808
1777262501091,36.8857
1777262501121,36.4673
1777262501148,36.6343
1777262501175,37.0510
1777262501197,37.2076
1777262501218,36.8877
1777262501240,36.1559
1777262501268,35.4045
1777262501290,35.3683
1777262501312,35.3168
1777262501335,35.3742
1777262501362,36.0535
1777262501391,36.0617
1777262501413,36.4766
1777262501435,35.3180
1777262501457,35.4796
1777262501481,35.5757
1777262501503,35.5877
1777262501525,35.5584
1777262501547,36.4055
1777262501569,36.5553
1777262501597,36.2935
1777262501620,36.7441
1777262501642,36.1116
1777262501663,35.8888
1777262501688,35.5784
1777262501710,35.6715
1777262501732,35.4908
1777262501759,35.3285
1777262501781,35.1134
1777262501808,34.8440
1777262501830,34.8694
1777262501851,34.2822
1777262501874,28.2487
1777262501896,28.2202
1777262501918,28.1667
1777262501941,28.1512
1777262501963,27.9351
1777262501989,28.0919
1777262502011,28.0958
1777262502034,28.5423
1777262502055,28.3216
1777262502083,28.3592
1777262502111,28.1399
1777262502134,28.5763
1777262502157,27.9993
1777262502180,28.1677
1777262502202,27.8041
1777262502225,27.7442
1777262502247,27.8385
1777262502269,27.7541
1777262502291,27.8896
1777262502318,28.1087
1777262502341,28.4080
1777262502364,27.4203
1777262502387,27.8491
1777262502410,27.8520
1777262502433,27.5032
1777262502456,27.6314
1777262502478,27.6589
1777262502501,27.4117
1777262502524,26.9505
1777262502547,26.6892
1777262502570,26.5019
1777262502627,26.2075
1777262502650,26.3123
1777262502675,26.4458
1777262502697,26.4282
1777262502720,26.2826
1777262502743,26.1275
1777262502766,25.8013
1777262502796,25.8821
1777262502820,26.2911
1777262502867,27.2447
1777262502890,27.4219
1777262502918,27.5168
1777262502942,28.0894
1777262502965,28.1796
1777262502988,27.8073
1777262503012,27.9744
1777262503035,27.9261
1777262503059,28.7912
1777262503081,28.6685
1777262503104,28.7520
1777262503130,28.4783
1777262503153,28.7299
1777262503176,28.8844
1777262503199,28.6704
1777262503222,29.2076
1777262503246,29.4983
1777262503269,29.7872
1777262503293,29.6583
1777262503316,29.5176
1777262503339,28.8300
1777262503362,28.6697
1777262503386,28.9310
1777262503410,28.0472
1777262503433,28.4734
1777262503456,29.3228
1777262503480,29.9617
1777262503504,30.0701
1777262503527,30.2009
1777262503552,30.2484
1777262503576,30.2251
1777262503600,29.9570
1777262503624,29.7043
1777262503648,29.7267
1777262503672,30.1417
1777262503696,30.0886
1777262503885,29.7288
1777262503947,31.6559
1777262503969,32.5968
1777262503990,33.3057
1777262504012,33.2721
1777262504033,33.2944
1777262504055,33.0820
1777262504076,32.2494
1777262504098,32.6533
1777262504119,32.2171
1777262504141,32.1588
1777262504163,31.4518
1777262504192,31.5431
1777262504214,31.7178
1777262504239,31.6725
1777262504261,31.3526
1777262504283,31.7167
1777262504314,31.2932
1777262504335,31.9093
1777262504357,32.1781
1777262504380,32.4574
1777262504402,32.4267
1777262504424,32.4589
1777262504453,31.0728
1777262504475,31.2082
1777262504497,30.3122
1777262504518,30.7649
1777262504540,30.6181
1777262504562,31.1456
1777262504584,31.6625
1777262504606,31.3223
1777262504631,31.4870
1777262504658,31.3062
1777262504679,31.1019
1777262504701,30.6964
1777262504723,31.1248
1777262504745,30.8795
1777262504775,30.8157
1777262504803,31.1769
1777262504825,32.1748
1777262504847,32.1728
1777262504870,32.1003
1777262504892,31.9134
1777262504914,29.6602
1777262504936,29.2314
1777262504958,29.1736
1777262504980,27.9825
1777262505002,28.2138
1777262505055,29.2767
1777262505080,29.9324
1777262505105,30.2887
1777262505128,30.4297
1777262505150,30.3800
1777262505172,30.5370
1777262505194,30.6285
1777262505222,30.6283
1777262505244,31.3293
1777262505267,31.2528
1777262505297,31.2584
1777262505319,31.3589
1777262505349,31.0279
1777262505372,31.2000
1777262505394,31.0402
1777262505417,32.2789
1777262505472,33.0971
1777262505495,33.2514
1777262505517,33.4872
1777262505539,33.3659
1777262505562,33.2691
1777262505584,32.9531
1777262505608,32.9350
1777262505642,33.3932
1777262505665,33.9614
1777262505688,34.0322
1777262505711,34.1684
1777262505734,34.3397
1777262505758,34.5026
1777262505781,34.0863
1777262505805,33.6372
1777262505829,32.8592
1777262505875,33.1217
1777262505898,34.0038
1777262505928,34.3869
1777262505951,34.8382
1777262505976,34.4187
1777262505999,34.4052
1777262506032,34.0920
1777262506056,33.6196
1777262506080,33.2807
1777262506105,33.0569
1777262506128,33.2291
1777262506156,33.2999
1777262506179,33.3222
1777262506203,33.4356
1777262506226,33.2823
1777262506255,32.6243
1777262506286,33.1895
1777262506309,34.1247
1777262506333,34.2150
1777262506356,34.4941
1777262506380,34.2077
1777262506404,34.1426
1777262506428,34.0743
1777262506458,33.1940
1777262506491,33.1638
1777262506514,32.8999
1777262506538,32.9455
1777262506561,33.2771
1777262506585,33.1005
1777262506608,33.2659
1777262506632,32.6230
1777262506662,32.1406
1777262506686,32.2054
1777262506961,31.4400
1777262507033,34.0895
1777262507054,48.7528
1777262507075,48.7737
1777262507106,49.8328
1777262507128,49.3473
1777262507152,49.6920
1777262507174,49.0834
1777262507195,49.3651
1777262507217,49.2423
1777262507238,50.0431
1777262507260,49.4591
1777262507282,48.9973
1777262507304,47.4825
1777262507325,46.8170
1777262507347,45.7635
1777262507369,47.1375
1777262507391,46.4501
1777262507413,47.7755
1777262507440,47.9419
1777262507462,47.9714
1777262507483,47.5337
1777262507505,47.4275
1777262507527,46.8033
1777262507550,47.5852
1777262507572,46.8726
1777262507593,46.6804
1777262507615,46.7187
1777262507637,48.2590
1777262507679,48.4970
1777262507706,49.3877
1777262507728,49.3853
1777262507750,48.5676
1777262507772,47.9247
1777262507794,47.2782
1777262507837,46.2341
1777262507859,45.5138
1777262507881,45.1874
1777262507903,44.4326
1777262507925,44.0945
1777262507947,43.1534
1777262507969,41.8231
1777262507990,41.3616
1777262508012,40.6885
1777262508040,40.1170
1777262508062,29.5687
1777262508085,29.4037
1777262508112,29.3134
1777262508135,29.1604
1777262508157,28.7534
1777262508179,28.7567
1777262508202,28.6546
1777262508224,28.7794
1777262508267,28.5078
1777262508290,28.5232
1777262508318,28.2256
1777262508340,28.3026
1777262508362,28.5506
1777262508385,28.4304
1777262508410,28.4251
1777262508432,27.9589
1777262508455,27.8052
1777262508478,27.0842
1777262508500,27.8823
1777262508522,27.5857
1777262508545,27.3536
1777262508567,27.3819
1777262508593,27.3529
1777262508615,28.0525
1777262508638,27.7817
1777262508660,27.8466
1777262508712,26.9529
1777262508735,26.0673
1777262508758,26.1888
1777262508930,28.9299
1777262509017,32.0975
1777262509076,38.6813
1777262509133,41.1671
1777262509154,42.5534
1777262509176,42.1941
1777262509197,43.3391
1777262509220,43.6083
1777262509242,43.7984
1777262509263,43.8988
1777262509285,42.8695
1777262509307,42.7686
1777262509328,43.3657
1777262509350,43.0236
1777262509428,44.8993
1777262509450,45.0987
1777262509472,45.3349
1777262509494,45.4142
1777262509516,44.6207
1777262509538,45.5335
1777262509560,45.7092
1777262509582,45.0306
1777262509622,46.2068
1777262509647,46.6080
1777262509669,46.5793
1777262509691,45.3372
1777262509713,44.9312
1777262509736,45.0095
1777262509758,44.8360
1777262509780,44.4751
1777262509823,44.4272
1777262509866,44.0632
1777262509890,45.1573
1777262509912,44.4521
1777262509940,41.9404
1777262509965,40.2977
1777262509988,40.0094
1777262510010,39.4821
1777262510033,39.2188
1777262510061,38.8374
1777262510083,38.5630
1777262510106,32.5410
1777262510128,32.0644
1777262510154,31.5869
1777262510177,32.0115
1777262510199,31.6692
1777262510282,31.2112
1777262510304,32.0115
1777262510330,32.3154
1777262510360,32.2584
1777262510383,32.3891
1777262510405,32.2634
1777262510448,31.9890
1777262510476,31.6852
1777262510499,31.6894
1777262510522,32.0955
1777262510546,31.7241
1777262510568,31.8025
1777262510591,31.3779
1777262510614,31.3907
1777262510637,31.2741
1777262510659,30.1036
1777262510681,31.7174
1777262510746,32.5181
1777262510769,33.5641
1777262510792,33.7108
1777262510819,33.6144
1777262510842,33.3518
1777262510890,32.1198
1777262510913,32.6621
1777262510936,32.6772
1777262510961,32.4156
1777262510993,32.4193
1777262511017,33.0059
1777262511040,33.0795
1777262511063,32.8404
1777262511130,34.1847
1777262511156,34.6835
1777262511179,37.3886
1777262511203,37.3497
1777262511227,37.5507
1777262511250,37.2049
1777262511273,36.7828
1777262511297,36.7361
1777262511337,36.6724
1777262511361,37.8589
1777262511385,38.0017
1777262511410,37.8494
1777262511434,37.7793
1777262511458,38.0420
1777262511481,37.8394
1777262511506,37.9765
1777262511534,38.0057
1777262511561,38.0962
1777262511585,38.2456
1777262511609,38.7522
1777262511632,38.1154
1777262511656,38.0799
1777262511679,37.8755
1777262511710,36.7007
1777262511740,36.3813
1777262511764,36.2980
1777262511788,35.8110
1777262511812,35.6387
1777262511836,35.8249
1777262511866,35.5902
1777262511891,35.6815
1777262511935,35.4963
1777262511957,35.9297
1777262511981,35.6896
1777262512005,35.5950
1777262512030,35.0222
1777262512054,34.8447
1777262512078,34.7897
1777262512102,35.0274
1777262512130,33.8979
1777262512154,34.3699
1777262512406,32.5822
1777262512427,38.7150
1777262512450,38.8733
1777262512471,38.6377
1777262512492,38.0901
1777262512518,38.3020
1777262512540,37.8920
1777262512561,38.1954
1777262512583,38.2748
1777262512605,38.5959
1777262512627,37.7273
1777262512648,38.1102
1777262512699,38.9278
1777262512723,39.0031
1777262512745,38.1619
1777262512766,37.5268
1777262512788,37.5785
1777262512810,37.5643
1777262512832,37.7439
1777262512853,37.3855
1777262512887,37.3181
1777262512911,38.1444
1777262512941,38.0712
1777262512963,38.1713
1777262512985,38.1781
1777262513007,38.7013
1777262513030,38.8376
1777262513052,38.7517
1777262513074,38.4301
1777262513101,38.3296
1777262513123,39.4880
1777262513148,38.7729
1777262513170,37.9020
1777262513192,37.3624
1777262513214,37.1017
1777262513239,36.7475
1777262513261,36.7921
1777262513283,36.4975
1777262513305,36.5779
1777262513328,36.9238
1777262513357,36.5527
1777262513379,36.4940
1777262513402,35.8747
1777262513424,29.4454
1777262513449,29.3392
1777262513471,29.6594
1777262513494,29.8326
1777262513538,30.4119
1777262513560,30.4726
1777262513583,30.1251
1777262513605,30.1384
1777262513628,29.8739
1777262513650,29.8397
1777262513673,30.3298
1777262513695,30.1791
1777262513717,29.5303
1777262513748,29.3887
1777262513770,29.8024
1777262513792,29.9427
1777262513815,29.8039
1777262513837,29.7229
1777262513859,29.4418
1777262513882,29.6982
1777262513904,29.6610
1777262513943,28.0114
1777262513966,28.8326
1777262513989,28.9357
1777262514204,28.5939
1777262514242,31.0980
1777262514264,35.4411
1777262514288,36.2079
1777262514309,35.7803
1777262514331,34.4126
1777262514352,34.3843
1777262514378,33.8095
1777262514400,33.8150
1777262514421,34.2329
1777262514443,34.0635
1777262514468,34.3623
1777262514489,33.8400
1777262514511,33.3756
1777262514533,32.7504
1777262514562,32.2554
1777262514583,32.9337
1777262514605,32.8376
1777262514627,32.4996
1777262514649,32.2196
1777262514670,32.3901
1777262514692,32.8783
1777262514746,34.2855
1777262514768,33.9481
1777262514790,33.6408
1777262514812,33.6684
1777262514834,33.4579
1777262514856,34.0871
1777262514886,34.1335
1777262514908,34.6887
1777262514929,35.1488
1777262514954,34.9356
1777262514976,33.9279
1777262514998,33.5384
1777262515020,34.2161
1777262515042,34.1209
1777262515064,33.6375
1777262515093,33.3861
1777262515115,33.7290
1777262515137,33.4705
1777262515162,33.2932
1777262515184,33.1178
1777262515206,32.5797
1777262515228,30.6841
1777262515251,28.4028
1777262515273,28.3986
1777262515316,26.7244
1777262515340,27.0199
1777262515370,27.0713
1777262515393,27.5954
1777262515415,27.2514
1777262515438,27.5297
1777262515460,27.3190
1777262515483,27.0508
1777262515506,28.0177
1777262515529,28.0355
1777262515551,27.8735
1777262515574,27.9480
1777262515596,27.4663
1777262515620,27.8002
1777262515643,27.5851
1777262515667,27.5263
1777262515690,27.5078
1777262515719,27.0451
1777262515742,26.8585
1777262515765,26.9869
1777262515787,27.0112
1777262515810,27.2396
1777262515834,27.5989
1777262515856,27.5309
1777262515881,27.0992
1777262515903,27.0183
1777262515931,25.9198
1777262515953,26.7652
1777262515975,26.9982
1777262515999,27.3003
1777262516021,27.5314
1777262516044,27.4696
1777262516066,27.5192
1777262516092,27.5360
1777262516115,27.5014
1777262516138,26.8173
1777262516161,27.6809
1777262516183,27.4300
1777262516208,27.4660
1777262516232,27.7245
1777262516255,27.7821
1777262516278,27.5703
1777262516301,27.4969
1777262516324,27.3494
1777262516368,27.4003
1777262516392,27.0143
1777262516415,26.9976
1777262516438,27.4421
1777262516461,27.3579
1777262516484,27.4470
1777262516509,27.1012
1777262516532,26.9809
1777262516575,27.3682
1777262516609,27.3533
1777262516637,27.5183
1777262516660,28.0748
1777262516908,31.8705
1777262516939,33.1424
1777262516969,33.2796
1777262516999,32.8174
1777262517020,33.3599
1777262517095,33.3687
1777262517131,37.7550
1777262517153,38.7552
1777262517174,38.7224
1777262517196,38.1948
1777262517218,38.2953
1777262517239,39.0386
1777262517263,39.3063
1777262517285,39.3094
1777262517307,40.6723
1777262517336,41.3134
1777262517364,41.3352
1777262517391,41.2852
1777262517413,41.7732
1777262517435,41.0024
1777262517457,40.7225
1777262517479,41.8133
1777262517502,41.5032
1777262517529,41.8061
1777262517551,41.8882
1777262517573,42.2848
1777262517596,41.8564
1777262517622,41.8948
1777262517644,41.7418
1777262517666,41.7377
1777262517689,41.3793
1777262517711,40.5815
1777262517733,40.3123
1777262517767,39.9478
1777262517789,40.2795
1777262517811,39.8781
1777262517833,39.5069
1777262517857,39.4174
1777262517879,35.7569
1777262517902,35.3046
1777262517924,35.1190
1777262517945,34.5124
1777262517977,34.2366
1777262517999,35.2963
1777262518021,34.8607
1777262518044,34.6680
1777262518073,34.4986
1777262518096,34.4364
1777262518118,33.5334
1777262518141,31.6970
1777262518163,31.1871
1777262518204,31.2847
1777262518227,32.2805
1777262518258,32.3085
1777262518281,32.3424
1777262518304,31.9666
1777262518327,31.4383
1777262518350,31.2427
1777262518373,30.9564
1777262518399,31.0424
1777262518421,31.2176
1777262518444,31.6629
1777262518467,31.4624
1777262518489,31.2579
1777262518517,30.8421
1777262518539,30.9364
1777262518571,30.3882
1777262518593,31.1815
1777262518814,31.7725
1777262518877,32.6761
1777262518902,46.2605
1777262518923,46.6511
1777262518945,46.4606
1777262518966,46.2462
1777262518989,45.6453
1777262519010,44.0526
1777262519032,44.1710
1777262519053,44.0275
1777262519079,44.2667
1777262519100,44.7712
1777262519122,45.7534
1777262519145,45.3574
1777262519167,45.4721
1777262519189,45.6811
1777262519215,44.8154
1777262519237,43.5949
1777262519258,43.3195
1777262519280,43.4683
1777262519302,43.7850
1777262519332,44.6790
1777262519355,44.7906
1777262519377,44.4052
1777262519399,44.3203
1777262519421,43.9456
1777262519443,43.5198
1777262519465,43.5507
1777262519487,43.1751
1777262519509,44.5833
1777262519535,44.8805
1777262519557,45.7361
1777262519580,45.7081
1777262519602,44.5957
1777262519624,44.1126
1777262519646,43.7470
1777262519668,42.7447
1777262519690,42.6074
1777262519715,42.3544
1777262519759,42.2359
1777262519782,43.0036
1777262519804,42.6756
1777262519827,41.7350
1777262519850,41.1457
1777262519872,40.6784
1777262519895,40.3579
1777262519923,30.6480
1777262519946,31.3398
1777262519969,31.8942
1777262519992,31.9799
1777262520014,32.1732
1777262520037,32.5331
1777262520060,32.1827
1777262520082,32.0950
1777262520105,31.9324
1777262520129,31.5291
1777262520152,32.0930
1777262520175,31.6373
1777262520199,31.4207
1777262520222,31.5016
1777262520244,31.2547
1777262520267,31.5952
1777262520292,31.6615
1777262520314,31.7296
1777262520344,30.8056
1777262520366,31.3862
1777262520389,31.8310
1777262520412,31.6814
1777262520435,31.6601
1777262520459,32.0988
1777262520481,31.6054
1777262520504,31.5441
1777262520526,31.4093
1777262520551,30.6324
1777262520573,31.1654
1777262520596,31.1307
1777262520622,31.2622
1777262520652,31.5726
1777262520675,32.1313
1777262520699,32.0230
1777262520722,32.0104
1777262520744,31.5188
1777262520774,30.2606
1777262520943,30.8768
1777262520991,33.8919
1777262521022,33.9430
1777262521043,37.9405
1777262521065,37.7723
1777262521086,38.3166
1777262521108,37.9919
1777262521133,37.9099
1777262521155,37.6615
1777262521176,37.9048
1777262521198,38.3123
1777262521222,38.3741
1777262521253,39.2579
1777262521280,39.5514
1777262521302,39.5640
1777262521323,39.9593
1777262521345,39.6236
1777262521373,39.2597
1777262521395,38.6400
1777262521417,38.9396
1777262521439,38.6814
1777262521470,39.8432
1777262521493,40.5350
1777262521516,41.1395
1777262521538,41.3162
1777262521561,40.4767
1777262521583,40.1389
1777262521605,39.4907
1777262521627,39.4441
1777262521649,39.6140
1777262521688,40.1025
1777262521710,40.8098
1777262521736,40.8550
1777262521758,41.2703
1777262521784,40.8603
1777262521806,39.8649
1777262521829,39.5986
1777262521856,39.4180
1777262521881,40.2028
1777262521904,39.9625
1777262521926,39.8156
1777262521949,39.2947
1777262521971,36.1327
1777262521993,35.7770
1777262522016,35.6378
1777262522038,35.3977
1777262522061,33.1735
1777262522092,33.4936
1777262522115,33.7284
1777262522137,34.3994
1777262522160,34.4337
1777262522182,34.1274
1777262522204,34.1305
1777262522227,33.8317
1777262522249,33.4148
1777262522299,33.3841
1777262522329,34.6566
1777262522352,34.8632
1777262522374,34.9941
1777262522397,34.9265
1777262522420,34.3038
1777262522464,33.0959
1777262522516,32.1519
1777262522539,32.1197
1777262522562,32.4158
1777262522585,31.9340
1777262522630,31.6298
1777262522654,31.2328
1777262522704,30.3619
1777262522727,29.4753
1777262522750,28.8260
1777262522794,28.0446
1777262522817,28.0724
1777262522861,27.6354
1777262522897,26.1786
1777262522920,26.5729
1777262522964,25.8439
1777262522995,25.8400
1777262523019,25.8737
1777262523063,24.8278
1777262523086,24.7581
1777262523142,24.1647
1777262523170,24.0912
1777262523194,24.1439
1777262523218,23.8979
1777262523263,23.7721
1777262523287,23.8507
1777262523311,23.2323
1777262523356,21.7996
1777262523559,21.1796
1777262523627,27.2357
1777262523671,28.8982
1777262523693,33.4939
1777262523715,33.5419
1777262523737,34.0817
1777262523779,34.1688
1777262523804,33.5519
1777262523847,34.0694
1777262523869,34.1900
1777262523920,33.4032
1777262523942,33.9827
1777262523964,33.3148
1777262524006,32.6677
1777262524028,33.3038
1777262524082,32.8413
1777262524104,32.5201
1777262524151,32.2550
1777262524173,31.9510
1777262524195,31.3081
1777262524238,30.6995
1777262524260,30.7892
1777262524304,30.7786
1777262524347,30.0362
1777262524372,30.6406
1777262524395,30.6300
1777262524438,29.8291
1777262524460,29.6134
1777262524516,29.1314
1777262524539,29.0591
1777262524562,24.4413
1777262524606,23.1371
1777262524629,22.9411
1777262524673,19.3308
1777262524728,17.7279
1777262524750,18.3823
1777262524773,18.9139
1777262524795,18.9574
1777262524838,18.8953
1777262524862,18.8495
1777262524907,18.7436
1777262524930,18.9567
1777262524974,18.4003
1777262525005,19.0163
1777262525028,19.1622
1777262525072,19.2123
1777262525095,19.1014
1777262525147,19.0109
1777262525170,19.4226
1777262525193,19.3057
1777262525239,19.0133
1777262525262,19.6670
1777262525311,20.0090
1777262525335,20.4404
1777262525363,20.4129
1777262525408,20.2924
1777262525431,20.8625
1777262525454,20.9195
1777262525498,20.2755
1777262525556,20.3236
1777262525580,21.1587
1777262525603,21.8483
1777262525629,21.7957
1777262525682,22.1652
1777262525723,22.5430
1777262525749,23.1380
1777262525778,23.0071
1777262525801,23.1668
1777262525824,23.5602
1777262525869,23.9086
1777262525894,23.9345
1777262525918,23.4599
1777262525962,23.3334
1777262526011,23.1454
1777262526035,23.5070
1777262526060,23.9313
1777262526084,23.7212
1777262526129,23.3249
1777262526155,23.4032
1777262526210,23.4886
1777262526235,24.3124
1777262526261,24.3441
1777262526455,25.3757
1777262526477,28.2568
1777262526499,28.4466
1777262526525,28.5733
1777262526567,27.2692
1777262526592,27.1063
1777262526638,26.6590
1777262526660,27.0617
1777262526707,26.4201
1777262526729,26.5466
1777262526750,25.5079
1777262526793,24.5253
1777262529349,29.3880
1777262533326,3363.9500
1777262538064,7670.9500
1777262539365,7692.6833
1777262539418,4133.1965
1777262539439,1815.6292
1777262539460,1388.4952
1777262539501,1134.7327
1777262539522,945.8704
1777262539563,821.3776
1777262539605,722.5235
1777262539626,646.1348
1777262539667,583.6000
1777262539688,532.9432
1777262539730,487.7590
1777262539772,452.0157
1777262539793,421.5817
1777262539835,395.9316
1777262539856,371.5208
1777262539898,351.3611
1777262539940,332.0586
1777262539961,316.6950
1777262540003,300.9328
1777262540025,288.3318
1777262540066,275.2767
1777262540088,264.7130
1777262540129,253.5959
1777262540171,244.5247
1777262540193,236.0310
1777262540263,227.4397
1777262540284,167.8279
1777262540305,162.6144
1777262540347,157.6380
1777262540369,153.3352
1777262540411,58.6018
1777262540433,57.3058
1777262540475,16.3226
1777262540517,16.1794
1777262540538,16.2608
1777262540581,16.3411
1777262540602,16.4532
1777262540644,16.0687
1777262540665,16.2582
1777262540706,15.8977
1777262540747,16.0702
1777262540768,16.3111
1777262540810,16.0196
1777262540831,16.2265
1777262540873,15.7579
1777262540914,16.0063
1777262540935,16.1706
1777262540977,15.8354
1777262540999,16.0177
1777262541040,15.7329
1777262541062,15.7952
1777262541103,15.4500
1777262541146,15.6229
1777262541167,15.8966
1777262541209,15.5892
1777262541231,15.9148
1777262541273,15.7378
1777262541315,14.7585
1777262541336,15.0198
1777262541378,14.9713
1777262541400,15.4261
1777262541442,15.3200
1777262541464,15.8136
1777262541506,15.7166
1777262541528,15.7706
1777262541571,15.5091
1777262541593,15.6032
1777262541635,15.4377
1777262541678,15.2782
1777262541700,15.9311
1777262541742,15.9971
1777262541764,16.2057
1777262541806,16.0869
1777262541828,16.2408
1777262541873,16.4296
1777262541895,16.7453
1777262541937,16.4358
1777262541959,16.7767
1777262542002,16.5886
1777262542024,16.9950
1777262542066,16.7708
1777262542089,17.1613
1777262542132,16.9466
1777262542174,16.7473
1777262542197,17.1952
1777262542239,17.1026
1777262542262,17.6195
1777262542306,17.3999
1777262542329,17.6957
1777262542372,17.4589
1777262542394,17.6519
1777262542437,17.3351
1777262542460,17.6878
1777262542506,17.6849
1777262542529,17.9133
1777262542572,18.2326
1777262542595,18.4991
1777262542617,18.7945
1777262542660,18.6308
1777262542683,18.5887
1777262542727,17.9699
1777262542750,18.0043
1777262542793,17.6951
1777262542816,17.6069
1777262542859,17.3845
1777262542882,17.2872
1777262542925,17.0377
1777262542947,17.0363
1777262542991,16.9379
1777262543014,16.8104
1777262543057,16.7651
1777262543101,16.7292
1777262543124,17.3663
1777262543147,17.3340
1777262543190,17.1777
1777262543214,17.0952
1777262543257,16.8052
1777262543281,16.5976
1777262543324,16.4992
1777262543347,16.2987
1777262543390,15.8178
1777262543413,15.9767
1777262543457,15.8222
1777262543480,15.7168
1777262543524,15.6747
1777262543549,15.4856
1777262543594,15.3132
1777262543618,15.1444
1777262543663,15.2777
1777262543688,15.5936
1777262543713,15.8972
1777262543758,15.6304
1777262543782,16.0765
1777262543827,16.1367
1777262543852,16.6494
1777262543897,16.7195
1777262543922,17.3583
1777262543946,17.3333
1777262543991,17.3718
1777262544016,17.5892
1777262544062,17.7582
1777262544087,18.1290
1777262544111,18.1431
1777262544157,18.0485
1777262544186,18.2475
1777262544210,18.1730
1777262544256,18.0852
1777262544281,18.1643
1777262544327,18.3372
1777262544353,18.5427
1777262544378,18.8116
1777262544425,18.5932
1777262544451,18.9906
1777262544476,18.8891
1777262544522,18.9126
1777262544547,18.9313
1777262544593,18.9131
1777262544617,19.0677
1777262544663,19.2070
1777262544688,19.2764
1777262544713,19.4189
1777262544760,19.6436
1777262544785,19.8422
1777262544811,20.0180
1777262544856,19.8208
1777262544881,20.0757
1777262544906,19.8764
1777262544953,19.4567
1777262544978,19.7510
1777262545030,19.6773
1777262545056,20.1624
1777262545081,20.3733
1777262545106,20.0259
1777262545153,20.0535
1777262545178,20.0742
1777262545204,19.8437
1777262545252,19.9006
1777262545277,20.0408
1777262545303,19.8673
1777262545349,19.5131
1777262545375,19.6559
1777262545421,19.9187
1777262545452,20.2239
1777262545478,20.4991
1777262545503,20.7854
1777262545551,20.4331
1777262545577,20.9026
1777262545603,20.8287
1777262545649,20.4940
1777262545676,20.3336
1777262545702,20.4382
1777262545748,20.3639
1777262545774,20.5005
1777262545800,20.1770
1777262545846,19.7975
1777262545870,20.0412
1777262545917,19.7774
1777262545942,20.3066
1777262545968,20.1798
1777262546015,19.9524
1777262546041,20.2180
1777262546067,19.7374
1777262546114,19.7154
1777262546141,19.9417
1777262546168,19.9230
1777262546216,19.9450
1777262546243,20.5416
1777262546269,20.6400
1777262546316,20.6241
1777262546342,21.2751
1777262546368,21.2790
1777262546415,21.3107
1777262546441,21.5485
1777262546467,21.3240
1777262546519,20.9856
1777262546545,21.6450
1777262546570,21.7541
1777262546597,21.4504
1777262546646,21.2397
1777262546673,21.7011
1777262546698,21.5719
1777262546746,21.7719
1777262546775,22.0342
1777262546803,22.2225
1777262546828,22.6150
1777262546874,22.1963
1777262546901,22.4923
1777262546928,22.4283
1777262546978,22.0745
1777262547007,22.5840
1777262547035,22.6852
1777262547061,22.5292
1777262547109,22.6123
1777262547136,22.8756
1777262547162,22.7995
1777262547188,22.6720
1777262547236,22.1352
1777262547265,22.2134
1777262547291,22.0356
1777262547338,21.8700
1777262547364,21.7558
1777262547392,21.7075
1777262547441,21.2898
1777262547468,21.5767
1777262547496,21.7904
1777262547525,21.7013
1777262547575,21.0578
1777262547604,21.5301
1777262547633,22.0410
1777262547662,22.1104
1777262547688,22.0954
1777262547735,21.9349
1777262547759,22.1212
1777262547784,21.7304
1777262547830,21.2562
1777262547856,21.7007
1777262547903,21.5367
1777262547929,21.6917
1777262547955,22.0663
1777262548000,21.8615
1777262548025,21.8088
1777262548050,21.6335
1777262548096,21.7317
1777262548123,21.7997
1777262548148,21.3917
1777262548198,21.1148
1777262548224,21.6759
1777262548249,21.6071
1777262548296,21.3571
1777262548321,21.7473
1777262548347,21.6435
1777262548392,21.3967
1777262548417,21.7014
1777262548465,21.4383
1777262548491,21.3410
1777262548516,21.3716
1777262548563,21.3801
1777262548589,21.5704
1777262548613,21.2934
1777262548659,20.6960
1777262548686,20.9049
1777262548712,20.8226
1777262548759,20.6718
1777262548784,20.6354
1777262548808,20.9521
1777262548855,20.5928
1777262548880,20.4650
1777262548927,20.5068
1777262548952,20.4989
1777262548977,20.3580
1777262549024,20.0682
1777262549050,20.2786
1777262549076,20.5231
1777262549123,20.1368
1777262549148,20.3079
1777262549174,20.5110
1777262549220,20.2072
1777262549244,20.1473
1777262549290,20.2779
1777262549316,20.5292
1777262549342,20.5730
1777262549389,20.4171
1777262549415,20.7437
1777262549439,20.6383
1777262549486,20.5048
1777262549512,20.3119
1777262549538,20.5444
1777262549585,20.1773
1777262549611,20.0033
1777262549637,19.7718
1777262549684,19.6634
1777262549709,19.5558
1777262549756,19.4871
1777262549782,20.1061
1777262549808,19.8853
1777262549860,20.2263
1777262549886,20.6136
1777262549912,20.9489
1777262549937,20.6712
1777262549984,20.8210
1777262550011,20.9539
1777262550036,20.8655
1777262550081,20.6404
1777262550106,20.7688
1777262550153,20.4310
1777262550179,20.7781
1777262550204,21.1801
1777262550250,20.8489
1777262550282,21.2580
1777262550307,21.3732
1777262550333,21.0660
1777262550380,20.7223
1777262550406,20.9487
1777262550431,20.6762
1777262550478,20.7441
1777262550502,20.8433
1777262550548,20.5745
1777262550574,21.0832
1777262550600,21.0414
1777262550647,20.7577
1777262550673,21.4596
1777262550730,21.3656
1777262550777,22.0069
1777262550804,21.8662
1777262550830,21.8628
1777262550877,21.7613
1777262550908,21.5273
1777262550934,21.4335
1777262550960,21.3480
1777262551007,21.0884
1777262551034,21.2160
1777262551061,21.1298
1777262551108,21.0657
1777262551135,21.5771
1777262551160,21.4649
1777262551207,20.9889
1777262551235,21.2534
1777262551261,21.3856
1777262551309,20.8557
1777262551334,21.1918
1777262551359,21.5371
1777262551406,21.2410
1777262551433,21.5021
1777262551460,21.8229
1777262551507,21.5912
1777262551533,22.0118
1777262551560,22.3681
1777262551607,21.9832
1777262551633,22.6130
1777262551659,22.6127
1777262551705,22.2314
1777262551731,22.3376
1777262551757,21.9122
1777262551804,21.5710
1777262551830,21.7997
1777262551856,22.0450
1777262551903,21.8099
1777262551929,21.8481
1777262551956,21.7993
1777262552003,22.0771
1777262552029,22.3104
1777262552055,22.1163
1777262552102,22.0010
1777262552127,22.4466
1777262552153,22.1719
1777262552199,22.3669
1777262552225,22.4530
1777262552251,22.2307
1777262552298,22.0347
1777262552325,22.0423
1777262552351,21.7044
1777262552397,21.6119
1777262552424,21.6497
1777262552450,21.2879
1777262552497,21.3864
1777262552527,21.5040
1777262552555,21.2988
1777262552580,20.7697
1777262552627,20.5184
1777262552652,20.5600
1777262552699,20.4158
1777262552726,20.7219
1777262552754,20.5525
1777262552781,20.3628
1777262552828,20.0595
1777262552855,20.2505
1777262552881,20.3090
1777262552928,20.2989
1777262552954,20.2306
1777262552980,20.1927
1777262553030,20.0654
1777262553055,20.0575
1777262553080,20.2513
1777262553127,20.0611
1777262553153,20.1202
1777262553178,20.2299
1777262553226,19.8930
1777262553252,20.0809
1777262553278,20.4313
1777262553325,20.1188
1777262553351,20.2437
1777262553377,20.4993
1777262553431,20.2262
1777262553457,20.8051
1777262553483,21.1790
1777262553508,21.0555
1777262553555,20.7360
1777262553581,21.0637
1777262553607,21.0122
1777262553654,20.8347
1777262553680,21.1246
1777262553706,21.0352
1777262553753,20.3853
1777262553779,20.6617
1777262553805,20.5385
1777262553853,20.3755
1777262553878,20.5144
1777262553904,20.4895
1777262553951,20.2754
1777262553977,20.1415
1777262554001,20.0388
1777262554048,19.9735
1777262554074,19.7810
1777262554120,19.9060
1777262554146,20.2054
1777262554172,20.1536
1777262554219,19.9657
1777262554245,20.4377
1777262554293,20.2579
1777262554319,21.0011
1777262554344,21.1937
1777262554370,20.9897
1777262554417,20.8159
1777262554442,21.1687
1777262554467,20.6924
1777262554512,20.3505
1777262554537,20.6838
1777262554584,20.4099
1777262554611,20.5214
1777262554637,20.8694
1777262554662,20.7672
1777262554707,20.3427
1777262554732,20.6144
1777262554779,20.2774
1777262554806,20.6402
1777262554832,20.9455
1777262554878,20.4107
1777262554902,20.6845
1777262554949,20.8766
1777262554974,21.1191
1777262554999,21.0159
1777262555047,20.8974
1777262555072,21.3961
1777262555098,21.2140
1777262555143,21.0773
1777262555168,20.9073
1777262555215,20.6743
1777262555241,21.1500
1777262555267,20.9122
1777262555318,20.7209
1777262555344,20.4215
1777262555369,20.5510
1777262555395,20.7456
1777262555442,20.4820
1777262555468,20.4040
1777262555494,20.6104
1777262555540,20.0630
1777262555565,20.2914
1777262555612,19.8794
1777262555638,20.0961
1777262555664,20.2800
1777262555712,20.5862
1777262555739,20.9727
1777262555764,21.3612
1777262555811,21.1432
1777262555837,21.2834
1777262555863,21.7001
1777262555889,21.4472
1777262555935,21.0889
1777262555959,21.0726
1777262556006,20.9567
1777262556032,21.1917
1777262556058,21.1390
1777262556104,20.9351
1777262556130,21.4679
1777262556157,21.3904
1777262556204,21.2309
1777262556230,21.3673
1777262556256,21.0838
1777262556302,20.7649
1777262556328,21.0243
1777262556354,20.5935
1777262556401,20.4081
1777262556427,20.8107
1777262556473,20.5024
1777262556498,20.9697
1777262556523,21.3326
1777262556569,21.0936
1777262556595,21.6149
1777262556621,21.5438
1777262556667,21.0281
1777262556692,21.3417
1777262556717,21.1673
1777262556764,20.6030
1777262556812,20.8558
1777262556838,21.0583
1777262556864,21.2833
1777262556889,21.5304
1777262556914,21.7572
1777262556960,21.3177
1777262556985,21.5722
1777262557031,21.1861
1777262557057,21.4661
1777262557082,21.3725
1777262557128,21.3196
1777262557154,21.1716
1777262557179,21.0885
1777262557228,20.9110
1777262557253,20.9801
1777262557278,20.8540
1777262557324,20.8145
1777262557349,20.6229
1777262557395,20.6280
1777262557419,20.8309
1777262557445,20.5861
1777262557491,20.3636
1777262557517,20.0947
1777262557543,19.9476
1777262557589,19.7883
1777262557615,19.4732
1777262557661,19.5565
1777262557686,19.8561
1777262557711,19.6898
1777262557757,19.8146
1777262557782,19.8108
1777262557829,19.5666
1777262557855,19.3876
1777262557880,19.1388
1777262557905,18.9384
1777262557951,19.0217
1777262557976,19.0765
1777262558022,18.8878
1777262558048,19.1182
1777262558072,18.7995
1777262558118,18.6905
1777262558145,18.8575
1777262558171,18.6413
1777262558217,18.6403
1777262558243,18.7439
1777262558289,18.5348
1777262558317,19.1611
1777262558343,19.2700
1777262558389,19.4227
1777262558415,19.6534
1777262558439,19.4580
1777262558488,19.6264
1777262558513,19.8544
1777262558538,19.7295
1777262558584,19.9159
1777262558610,20.0305
1777262558635,19.8467
1777262558682,19.7170
1777262558707,19.5695
1777262558755,19.6688
1777262558780,19.9493
1777262558806,19.9206
1777262558851,19.8675
1777262558877,19.7429
1777262558902,19.7001
1777262558949,19.8966
1777262558975,20.0702
1777262559000,20.3780
1777262559047,19.9100
1777262559072,20.1601
1777262559118,20.4334
1777262559143,20.6396
1777262559168,20.6454
1777262559215,21.0247
1777262559240,21.1861
1777262559265,21.0557
1777262559312,20.7602
1777262559336,20.9330
1777262559361,20.7715
1777262559407,20.5507
1777262559432,20.3846
1777262559478,20.3780
1777262559504,20.5343
1777262559528,20.3043
1777262559575,20.4581
1777262559600,20.5858
1777262559646,20.4366
1777262559672,21.0572
1777262559698,20.9846
1777262559748,20.8855
1777262559774,21.2373
1777262559799,21.0692
1777262559825,20.9311
1777262559871,20.7709
1777262559897,20.6222
1777262559922,20.8111
1777262559969,20.5775
1777262559995,20.4619
1777262560042,20.2915
1777262560068,20.8190
1777262560094,20.6913
1777262560140,20.6220
1777262560167,20.6915
1777262560193,20.8770
1777262560241,20.6251
1777262560268,21.0341
1777262560295,21.4430
1777262560321,21.2426
1777262560366,20.7779
1777262560390,21.3910
1777262560437,21.1473
1777262560463,21.5954
1777262560489,21.5875
1777262560535,21.3167
1777262560561,21.7301
1777262560585,21.6267
1777262560631,21.5592
1777262560657,21.6676
1777262560682,21.3288
1777262560729,21.0373
1777262560755,21.2729
1777262560779,20.7623
1777262560825,20.3451
1777262560850,20.6016
1777262560897,20.3365
1777262560923,20.6846
1777262560949,20.9394
1777262560995,20.5592
1777262561021,20.7888
1777262561047,20.7110
1777262561093,20.0297
1777262561119,20.2637
1777262561167,20.1351
1777262561193,19.9370
1777262561218,20.3731
1777262561243,20.1291
1777262561289,19.3879
1777262561315,19.2818
1777262561361,19.2392
1777262561387,19.7595
1777262561415,19.6451
1777262561462,19.6410
1777262561488,19.6380
1777262561514,19.9527
1777262561560,19.8045
1777262561586,19.8744
1777262561612,20.0952
1777262561658,19.8776
1777262561683,20.1142
1777262561707,20.2739
1777262561755,19.8943
1777262561781,20.1147
1777262561807,20.5338
1777262561855,20.2878
1777262561880,20.6970
1777262561927,20.5459
1777262561954,20.6628
1777262561980,21.1663
1777262562006,21.0345
1777262562057,20.7297
1777262562082,21.3513
1777262562109,21.3883
1777262562135,21.1129
1777262562182,20.9795
1777262562209,20.7644
1777262562235,20.3731
1777262562283,20.8199
1777262562309,20.9875
1777262562336,20.9512
1777262562382,20.9003
1777262562409,20.7750
1777262562436,20.7560
1777262562481,20.6839
1777262562506,20.5629
1777262562531,20.3354
1777262562578,19.9905
1777262562605,20.1694
1777262562631,20.0341
1777262562679,19.8667
1777262562704,19.7769
1777262562730,19.7151
1777262562776,19.6406
1777262562802,19.6249
1777262562828,19.4838
1777262562883,19.3694
1777262562909,19.8325
1777262562935,20.0256
1777262562961,19.6360
1777262563008,19.2150
1777262563034,19.5574
1777262563060,19.4834
1777262563106,18.9343
1777262563132,18.9328
1777262563178,19.3101
1777262563204,19.5651
1777262563229,19.6952
1777262563277,19.6455
1777262563301,20.1037
1777262563326,19.9691
1777262563373,19.9108
1777262563399,20.1299
1777262563426,19.9693
1777262563473,19.9916
1777262563499,20.1794
1777262563525,20.3357
1777262563573,20.6507
1777262563598,20.7540
1777262563625,20.7810
1777262563672,20.8597
1777262563697,21.0701
1777262563721,20.8218
1777262563768,20.5378
1777262563794,20.9150
1777262563819,20.8236
1777262563866,20.9366
1777262563893,20.9335
1777262563919,20.3994
1777262563967,20.0832
1777262563994,20.6886
1777262564020,20.5666
1777262564067,20.3360
1777262564094,20.7872
1777262564120,20.7570
1777262564167,20.5652
1777262564193,20.5769
1777262564219,20.0905
1777262564266,20.0358
1777262564292,20.1328
1777262564318,19.7535
1777262564366,19.6282
1777262564391,19.7469
1777262564417,19.4730
1777262564465,19.5597
1777262564491,20.0371
1777262564517,19.7468
1777262564564,19.2564
1777262564591,19.4509
1777262564616,19.1756
1777262564663,19.0041
1777262564688,19.2327
1777262564714,18.8926
1777262564761,18.9124
1777262564786,19.1500
1777262564833,19.1005
1777262564858,19.5739
1777262564884,19.5628
1777262564931,19.3228
1777262564957,19.8740
1777262564981,19.9801
1777262565028,19.5854
1777262565053,20.0488
1777262565079,19.7866
1777262565126,19.6352
1777262565152,19.9674
1777262565177,19.8708
1777262565224,19.8499
1777262565250,20.3225
1777262565297,19.9142
1777262565323,20.3917
1777262565348,20.7567
1777262565397,20.4062
1777262565423,20.7641
1777262565449,21.0232
1777262565496,20.6469
1777262565522,20.7267
1777262565548,21.0398
1777262565595,20.6637
1777262565621,20.8723
1777262565646,21.1884
1777262565693,20.7844
1777262565718,21.0901
1777262565744,21.4943
1777262565792,21.0817
1777262565818,21.4447
1777262565842,21.3818
1777262565888,20.8059
1777262565914,21.1239
1777262565961,20.9973
1777262565986,20.9466
1777262566011,21.1927
1777262566058,20.9563
1777262566085,21.1237
1777262566109,21.3771
1777262566156,21.1658
1777262566183,21.4478
1777262566208,21.6592
1777262566256,21.1847
1777262566281,21.5260
1777262566306,21.4628
1777262566353,21.0573
1777262566380,21.4801
1777262566406,21.3926
1777262566454,20.8821
1777262566480,21.2804
1777262566505,21.1870
1777262566552,20.7460
1777262566578,21.2402
1777262566603,21.1603
1777262566650,20.6870
1777262566674,21.1393
1777262566721,21.0344
1777262566747,21.2433
1777262566772,21.6563
1777262566819,21.3909
1777262566844,21.4522
1777262566893,21.8170
1777262566918,22.1894
1777262566944,22.5870
1777262566970,22.2826
1777262567016,22.2128
1777262567042,22.5806
1777262567067,22.4947
1777262567115,22.1472
1777262567141,22.5188
1777262567167,22.3094
1777262567214,21.9837
1777262567240,22.3288
1777262567266,22.1915
1777262567314,21.6731
1777262567339,22.0820
1777262567364,21.6949
1777262567411,21.6129
1777262567437,22.0156
1777262567463,21.9187
1777262567510,21.4160
1777262567535,21.8308
1777262567560,21.6496
1777262567607,21.1146
1777262567633,21.4974
1777262567679,21.0669
1777262567708,21.4522
1777262567734,21.3560
1777262567759,20.9385
1777262567806,20.6815
1777262567833,20.6238
1777262567859,20.4863
1777262567905,20.1237
1777262567932,19.8410
1777262567958,19.5278
1777262568005,19.3475
1777262568031,19.2766
1777262568057,19.3108
1777262568104,19.2418
1777262568131,19.3591
1777262568157,19.1303
1777262568203,18.8043
1777262568228,18.9831
1777262568275,18.7258
1777262568301,19.3047
1777262568327,19.4089
1777262568375,19.1439
1777262568401,19.6634
1777262568426,19.6839
1777262568473,19.5580
1777262568499,20.0972
1777262568525,20.2213
1777262568571,20.0920
1777262568596,20.6876
1777262568622,20.7144
1777262568669,20.8626
1777262568695,21.0529
1777262568720,20.7418
1777262568766,20.3794
1777262568791,21.0267
1777262568816,20.8615
1777262568863,20.4992
1777262568889,20.9263
1777262568915,20.7159
1777262568962,20.3569
1777262568986,20.9040
1777262569033,20.6257
1777262569059,20.8489
1777262569085,20.9902
1777262569132,20.8909
1777262569158,21.1406
1777262569184,21.5318
1777262569231,21.3268
1777262569257,21.6577
1777262569283,21.7144
1777262569329,21.2620
1777262569355,21.5759
1777262569381,21.4966
1777262569428,21.1200
1777262569454,21.3994
1777262569478,21.2135
1777262569525,20.7777
1777262569551,21.0613
1777262569577,20.9328
1777262569622,20.4452
1777262569647,20.4966
1777262569694,20.1781
1777262569720,20.2523
1777262569747,20.5207
1777262569794,20.2368
1777262569818,20.5967
1777262569843,20.9678
1777262569890,20.5882
1777262569917,20.9460
1777262569941,21.2623
1777262569988,20.9178
1777262570018,21.0381
1777262570043,21.0648
1777262570091,20.5801
1777262570117,21.0371
1777262570143,21.1112
1777262570189,20.6462
1777262570216,21.0542
1777262570240,21.0647
1777262570287,20.6271
1777262570313,20.9439
1777262570339,20.7358
1777262570386,20.6247
1777262570412,21.0219
1777262570460,20.7905
1777262570485,21.2250
1777262570511,21.6623
1777262570537,21.4468
1777262570586,21.0548
1777262570612,21.6634
1777262570638,21.5696
1777262570685,21.4000
1777262570711,21.8616
1777262570736,21.6387
1777262570784,21.7485
1777262570810,21.8784
1777262570836,21.6481
1777262570884,21.7463
1777262570909,21.8887
1777262570935,21.7017
1777262570983,21.9423
1777262571010,22.0759
1777262571036,21.9516
1777262571081,21.9769
1777262571106,22.0958
1777262571132,21.7049
1777262571179,21.2959
1777262571206,21.6229
1777262571231,21.2962
1777262571283,21.2420
1777262571309,21.4508
1777262571334,21.3228
1777262571381,21.2943
1777262571407,21.5535
1777262571433,21.3786
1777262571479,21.1170
1777262571506,20.9152
1777262571531,20.9071
1777262571579,21.0370
1777262571605,21.2173
1777262571630,21.0488
1777262571677,20.8498
1777262571702,21.2505
1777262571727,20.9776
1777262571773,20.8995
1777262571799,20.8266
1777262571825,20.4567
1777262571873,20.3054
1777262571898,20.3680
1777262571923,20.0940
1777262571970,19.7117
1777262571995,19.8414
1777262572043,19.5989
1777262572069,20.0409
1777262572095,20.1609
1777262572141,19.9063
1777262572166,20.4889
1777262572191,20.3333
1777262572239,20.3310
1777262572265,20.8355
1777262572291,20.7853
1777262572338,20.1917
1777262572364,20.5912
1777262572389,20.6242
1777262572436,20.0867
1777262572462,20.5259
1777262572487,20.4518
1777262572538,19.7511
1777262572563,20.1826
1777262572588,20.2196
1777262572636,19.7790
1777262572662,20.2867
1777262572687,20.2649
1777262572734,19.8365
1777262572760,20.2610
1777262572785,20.1818
1777262572832,19.9237
1777262572857,20.2787
1777262572904,20.1360
1777262572930,20.3779
1777262572957,20.8710
1777262572982,20.7748
1777262573029,20.4132
1777262573055,20.4815
1777262573102,20.0309
1777262573127,20.2991
1777262573152,19.9999
1777262573199,20.0100
1777262573225,20.3499
1777262573251,20.1992
1777262573298,19.7798
1777262573324,20.1580
1777262573350,20.1324
1777262573396,19.5932
1777262573423,19.9846
1777262573449,19.8036
1777262573496,19.6590
1777262573522,20.0901
1777262573548,19.9855
1777262573595,19.4358
1777262573621,19.8021
1777262573647,19.7126
1777262573694,19.2860
1777262573720,19.5511
1777262573746,19.4446
1777262573793,19.0490
1777262573817,19.6059
1777262573864,19.4342
1777262573890,19.8935
1777262573916,19.7289
1777262573963,19.4301
1777262573989,19.8252
1777262574015,20.2449
1777262574062,19.9864
1777262574088,20.3840
1777262574114,20.4140
1777262574161,20.0009
1777262574188,20.3650
1777262574220,20.2990
1777262574245,20.1430
1777262574292,20.1872
1777262574319,20.4425
1777262574345,20.3428
1777262574392,20.4246
1777262574418,20.5894
1777262574442,20.5811
1777262574489,20.5543
1777262574515,20.7005
1777262574541,20.5936
1777262574588,20.3869
1777262574613,20.8549
1777262574659,20.6397
1777262574685,21.2216
1777262574710,21.1906
1777262574757,20.9966
1777262574782,21.5817
1777262574808,21.5056
1777262574853,21.3113
1777262574878,21.4445
1777262574926,21.0590
1777262574952,21.4745
1777262574978,21.5471
1777262575003,21.1490
1777262575050,20.9586
1777262575076,21.1412
1777262575123,20.9381
1777262575148,21.4613
1777262575174,21.3200
1777262575221,20.9839
1777262575248,21.1513
1777262575272,21.3727
1777262575319,20.9231
1777262575346,20.9129
1777262575372,21.0672
1777262575419,20.5933
1777262575446,20.7917
1777262575473,20.8576
1777262575520,20.5857
1777262575547,20.7255
1777262575575,20.9080
1777262575602,20.7171
1777262575648,20.3135
1777262575675,20.3638
1777262575699,19.9709
1777262575747,19.7475
1777262575774,19.7942
1777262575822,19.4836
1777262575850,20.0979
1777262575877,20.2992
1777262575902,20.2532
1777262575950,20.0022
1777262575976,19.8854
1777262576003,19.7407
1777262576051,19.7915
1777262576078,20.1618
1777262576117,20.1668
1777262576144,20.2877
1777262576169,20.0517
1777262576216,20.0751
1777262576241,20.3564
1777262576267,20.1099
1777262576325,20.1630
1777262576352,20.4856
1777262576380,20.8356
1777262576406,21.2158
1777262576433,20.9883
1777262576480,20.7213
1777262576506,21.1047
1777262576530,20.9939
1777262576576,20.4501
1777262576601,20.6346
1777262576648,20.4656
1777262576675,20.8658
1777262576702,21.0051
1777262576747,21.2536
1777262576772,21.4156
1777262576798,21.3483
1777262576845,20.7264
1777262576871,20.8685
1777262576897,20.6246
1777262576949,20.6055
1777262576973,20.8529
1777262576998,20.6626
1777262577045,20.7707
1777262577072,20.7719
1777262577098,20.7776
1777262577146,20.2429
1777262577170,20.4971
1777262577196,20.6297
1777262577243,20.0812
1777262577269,20.3324
1777262577296,20.6616
1777262577344,20.4012
1777262577369,20.1457
1777262577395,19.9068
1777262577441,19.8468
1777262577468,20.0434
1777262577495,20.0494
1777262577542,19.7553
1777262577569,20.3531
1777262577594,20.4866
1777262577641,20.6105
1777262577667,20.8574
1777262577694,20.7133
1777262577741,20.6591
1777262577767,21.0890
1777262577791,20.8614
1777262577838,20.6560
1777262577864,20.9690
1777262577890,21.1101
1777262577937,21.1576
1777262577965,21.3020
1777262577991,21.0165
1777262578039,21.3456
1777262578064,21.5796
1777262578091,21.4313
1777262578138,21.2856
1777262578165,21.7286
1777262578190,21.4613
1777262578237,21.6997
1777262578263,21.8969
1777262578288,21.8194
1777262578334,22.0266
1777262578360,22.2228
1777262578385,22.0833
1777262578431,22.1402
1777262578455,22.2499
1777262578503,22.0212
1777262578529,22.5600
1777262578555,22.6496
1777262578580,22.3094
1777262578634,22.1872
1777262578660,22.4003
1777262578685,22.2568
1777262578732,22.1425
1777262578758,22.3929
1777262578784,22.2045
1777262578831,22.4208
1777262578855,22.6965
1777262578880,22.6199
1777262578928,22.6802
1777262578954,22.7551
1777262578979,22.5270
1777262579027,22.2832
1777262579052,22.4171
1777262579076,22.1482
1777262579123,21.9990
1777262579149,22.0705
1777262579176,21.7142
1777262579223,21.5308
1777262579248,21.6006
1777262579273,21.3484
1777262579320,21.2845
1777262579345,21.2286
1777262579570,21.5540
1777262579613,27.0181
1777262579634,26.7387
1777262579676,26.1497
1777262579699,25.7928
1777262579741,25.3473
1777262579786,25.1363
1777262579807,25.5161
1777262579829,25.1843
1777262579872,24.2310
1777262579915,24.3077
1777262579937,24.1830
1777262579979,23.9796
1777262580002,24.3735
1777262580044,23.7990
1777262580067,23.7529
1777262580110,23.9183
1777262580132,23.8233
1777262580175,23.5800
1777262580197,23.5774
1777262580242,23.4826
1777262580264,23.4351
1777262580307,23.5014
1777262580331,23.1909
1777262580374,22.9003
1777262580396,22.8253
1777262580439,22.3733
1777262580462,22.3430
1777262580506,21.9856
1777262580528,21.8630
1777262580571,20.7415
1777262580594,16.9126
1777262580637,16.5050
1777262580660,16.6415
1777262580703,16.3587
1777262580726,16.6844
1777262580769,16.4290
1777262580792,16.5475
1777262580837,16.0453
1777262580860,16.5180
1777262580903,16.4511
1777262580926,16.6005
1777262580970,16.3910
1777262580993,16.5743
1777262581036,16.4254
1777262581059,16.5896
1777262581103,16.4186
1777262581126,16.5784
1777262581169,16.5220
1777262581192,16.7124
1777262581240,16.6955
1777262581263,16.9417
1777262581286,16.7909
1777262581329,16.7785
1777262581353,16.8287
1777262581397,16.6352
1777262581420,16.9202
1777262581465,16.6024
1777262581488,16.9160
1777262581533,16.7065
1777262581556,17.1090
1777262581600,16.9576
1777262581623,17.3182
1777262581669,17.2185
1777262581692,17.6487
1777262581715,17.6702
1777262581759,17.5438
1777262581783,17.6014
1777262581827,17.4282
1777262581850,17.4175
1777262581895,17.5292
1777262581918,17.5812
1777262581963,17.2196
1777262581986,17.4959
1777262582031,17.3702
1777262582055,17.5580
1777262582102,17.4835
1777262582126,17.6700
1777262582149,17.7788
1777262582194,17.5006
1777262582218,17.7600
1777262582263,17.5495
1777262582290,17.4885
1777262582314,17.8593
1777262582359,17.8314
1777262582383,17.9768
1777262582428,17.7534
1777262582452,18.1651
1777262582497,18.0100
1777262582520,18.6633
1777262582544,18.5618
1777262582590,18.3571
1777262582614,18.4150
1777262582659,18.1430
1777262582684,18.2929
1777262582732,17.9769
1777262582756,18.6669
1777262582781,18.7798
1777262582826,19.0760
1777262582851,19.2347
