Timestamp,SystemTPS,LeaderId
1777323345839,0.00,1
1777323345913,64.00,1
1777323345958,653.00,1
1777323345996,771.00,1
1777323346044,851.00,1
1777323346072,931.00,1
1777323346101,1015.00,1
1777323346140,1104.00,1
1777323346170,2000.00,1
1777323346199,2080.00,1
1777323346246,2160.00,1
1777323346274,2227.00,1
1777323346302,2307.00,1
1777323346331,2387.00,1
1777323346359,2467.00,1
1777323346408,3274.00,1
1777323346436,3354.00,1
1777323346468,3434.00,1
1777323346497,3514.00,1
1777323346546,3594.00,1
1777323346574,3661.00,1
1777323346602,4551.00,1
1777323346630,4631.00,1
1777323346680,4724.00,1
1777323346706,4791.00,1
1777323346732,4884.00,1
1777323346759,4957.00,1
1777323346809,5793.00,1
1777323346837,5860.00,1
1777323346864,5940.00,1
1777323346913,6033.00,1
1777323346940,6113.00,1
1777323346970,6193.00,1
1777323346995,6260.00,1
1777323347018,7115.00,1
1777323347063,7208.00,1
1777323347108,7288.00,1
1777323347134,7355.00,1
1777323347159,7448.00,1
1777323347207,8204.00,1
1777323347233,8271.00,1
1777323347263,8351.00,1
1777323347289,8431.00,1
1777323347335,8524.00,1
1777323347361,8604.00,1
1777323347388,8684.00,1
1777323347434,9594.00,1
1777323347459,9674.00,1
1777323347511,9754.00,1
1777323347537,9831.00,1
1777323347560,9901.00,1
1777323347605,9994.00,1
1777323347629,10794.00,1
1777323347674,10874.00,1
1777323347699,10954.00,1
1777323347744,11034.00,1
1777323347768,11101.00,1
1777323347791,11194.00,1
1777323347836,12000.00,1
1777323347860,12067.00,1
1777323347906,12160.00,1
1777323347931,12240.00,1
1777323347955,12316.00,1
1777323348016,12400.00,1
1777323348043,12467.00,1
1777323348068,13387.00,1
1777323348094,13467.00,1
1777323348140,13560.00,1
1777323348167,13627.00,1
1777323348194,13720.00,1
1777323348258,14394.00,1
1777323348282,14461.00,1
1777323348328,14554.00,1
1777323348353,14634.00,1
1777323348377,14714.00,1
1777323348421,14794.00,1
1777323348445,14874.00,1
1777323348490,15794.00,1
1777323348514,15861.00,1
1777323348558,15954.00,1
1777323348583,16021.00,1
1777323348608,16101.00,1
1777323348654,16194.00,1
1777323348688,17057.00,1
1777323348713,17137.00,1
1777323348738,17217.00,1
1777323348782,17297.00,1
1777323348807,17377.00,1
1777323348866,17457.00,1
1777323348891,17897.00,1
1777323348934,18337.00,1
1777323348958,18417.00,1
1777323348982,18497.00,1
1777323349027,18577.00,1
1777323349050,18657.00,1
1777323349094,19097.00,1
1777323349118,19164.00,1
1777323349162,19668.00,1
1777323349186,19745.00,1
1777323349231,19828.00,1
1777323349255,19908.00,1
1777323349300,19988.00,1
1777323349328,20472.00,1
1777323349354,20912.00,1
1777323349381,21005.00,1
1777323349426,21085.00,1
1777323349451,21152.00,1
1777323349496,21245.00,1
1777323349521,21685.00,1
1777323349568,22134.00,1
1777323349593,22214.00,1
1777323349617,22294.00,1
1777323349663,22374.00,1
1777323349688,22441.00,1
1777323349713,22534.00,1
1777323349758,23394.00,1
1777323349784,23461.00,1
1777323349829,23554.00,1
1777323349854,23634.00,1
1777323349879,23714.00,1
1777323349923,23794.00,1
1777323349948,24237.00,1
1777323349993,24734.00,1
1777323350017,24801.00,1
1777323350062,24894.00,1
1777323350088,24974.00,1
1777323350114,25041.00,1
1777323350161,25494.00,1
1777323350187,25934.00,1
1777323350212,26014.00,1
1777323350259,26094.00,1
1777323350285,26161.00,1
1777323350332,26254.00,1
1777323350358,26321.00,1
1777323350384,26764.00,1
1777323350410,27207.00,1
1777323350458,27300.00,1
1777323350484,27380.00,1
1777323350510,27460.00,1
1777323350559,27540.00,1
1777323350590,28024.00,1
1777323350617,28523.00,1
1777323350643,28616.00,1
1777323350674,28696.00,1
1777323350721,28776.00,1
1777323350747,28843.00,1
1777323350773,28923.00,1
1777323350821,29734.00,1
1777323350847,29814.00,1
1777323350872,29894.00,1
1777323350905,29910.00,1
1777323350955,29785.00,1
1777323350987,29773.00,1
1777323351020,29897.00,1
1777323351049,30008.00,1
1777323351075,29984.00,1
1777323351103,29982.00,1
1777323351152,29951.00,1
1777323351180,29951.00,1
1777323351207,29898.00,1
1777323351255,29954.00,1
1777323351282,29958.00,1
1777323351308,29973.00,1
1777323351335,30007.00,1
1777323351384,29930.00,1
1777323351411,29981.00,1
1777323351438,29943.00,1
1777323351487,29888.00,1
1777323351529,29862.00,1
1777323351557,29888.00,1
1777323351584,29901.00,1
1777323351612,29916.00,1
1777323351642,29914.00,1
1777323351669,29918.00,1
1777323351717,29864.00,1
1777323351744,29864.00,1
1777323351772,29864.00,1
1777323351820,29864.00,1
1777323351852,29870.00,1
1777323351878,29933.00,1
1777323351910,29997.00,1
1777323351939,29997.00,1
1777323351966,29997.00,1
1777323352014,29930.00,1
1777323352042,29933.00,1
1777323352070,29918.00,1
1777323352119,29825.00,1
1777323352147,29825.00,1
1777323352174,29825.00,1
1777323352202,29892.00,1
1777323352250,29825.00,1
1777323352278,29860.00,1
1777323352305,29974.00,1
1777323352333,30038.00,1
1777323352381,29984.00,1
1777323352409,29984.00,1
1777323352437,30051.00,1
1777323352464,29990.00,1
1777323352544,29787.00,1
1777323352571,29777.00,1
1777323352594,29854.00,1
1777323352639,29787.00,1
1777323352664,29841.00,1
1777323352708,29733.00,1
1777323352731,29800.00,1
1777323352775,29752.00,1
1777323352799,29736.00,1
1777323352843,29736.00,1
1777323352867,29723.00,1
1777323352890,29813.00,1
1777323352934,29733.00,1
1777323352958,29747.00,1
1777323353002,29851.00,1
1777323353026,29864.00,1
1777323353071,29864.00,1
1777323353098,29832.00,1
1777323353142,29851.00,1
1777323353167,29838.00,1
1777323353191,29756.00,1
1777323353236,29756.00,1
1777323353260,29810.00,1
1777323353304,29765.00,1
1777323353328,29832.00,1
1777323353374,29765.00,1
1777323353399,29882.00,1
1777323353423,29949.00,1
1777323353468,29869.00,1
1777323353492,29949.00,1
1777323353537,29863.00,1
1777323353561,29926.00,1
1777323353606,29813.00,1
1777323353630,29803.00,1
1777323353675,29813.00,1
1777323353700,29813.00,1
1777323353723,29813.00,1
1777323353768,29800.00,1
1777323353793,29813.00,1
1777323353839,29813.00,1
1777323353864,29867.00,1
1777323353889,29867.00,1
1777323353934,29940.00,1
1777323353959,29940.00,1
1777323354005,29860.00,1
1777323354031,29991.00,1
1777323354056,29933.00,1
1777323354102,29933.00,1
1777323354127,29936.00,1
1777323354172,29933.00,1
1777323354197,29933.00,1
1777323354222,29987.00,1
1777323354267,29933.00,1
1777323354293,30000.00,1
1777323354339,29936.00,1
1777323354368,29910.00,1
1777323354393,29933.00,1
1777323354438,29957.00,1
1777323354464,29947.00,1
1777323354488,30011.00,1
1777323354534,29957.00,1
1777323354559,30011.00,1
1777323354585,30014.00,1
1777323354632,29960.00,1
1777323354659,30003.00,1
1777323354706,29926.00,1
1777323354732,29910.00,1
1777323354757,29990.00,1
1777323354804,29870.00,1
1777323354830,29937.00,1
1777323354856,29924.00,1
1777323354902,29810.00,1
1777323354928,29810.00,1
1777323354955,29810.00,1
1777323355001,29873.00,1
1777323355027,29876.00,1
1777323355053,29940.00,1
1777323355101,29930.00,1
1777323355127,29930.00,1
1777323355154,29984.00,1
1777323355200,29870.00,1
1777323355226,29870.00,1
1777323355251,29937.00,1
1777323355298,29889.00,1
1777323355325,29940.00,1
1777323355351,29953.00,1
1777323355400,29873.00,1
1777323355427,29874.00,1
1777323355455,29930.00,1
1777323355481,29930.00,1
1777323355529,29816.00,1
1777323355555,29883.00,1
1777323355580,29896.00,1
1777323355626,29885.00,1
1777323355651,29887.00,1
1777323355697,29913.00,1
1777323355723,29980.00,1
1777323355749,29980.00,1
1777323355796,29929.00,1
1777323355822,29980.00,1
1777323355847,29937.00,1
1777323355893,29870.00,1
1777323355918,29873.00,1
1777323355944,29940.00,1
1777323355991,29953.00,1
1777323356017,29931.00,1
1777323356065,29921.00,1
1777323356091,29921.00,1
1777323356118,29921.00,1
1777323356145,29972.00,1
1777323356193,29918.00,1
1777323356220,29918.00,1
1777323356279,29927.00,1
1777323356302,29927.00,1
1777323356325,29905.00,1
1777323356369,29902.00,1
1777323356392,29915.00,1
1777323356436,29902.00,1
1777323356459,29918.00,1
1777323356482,29985.00,1
1777323356526,29998.00,1
1777323356549,29953.00,1
1777323356593,29873.00,1
1777323356616,29939.00,1
1777323356660,29815.00,1
1777323356683,29818.00,1
1777323356727,29815.00,1
1777323356751,29874.00,1
1777323356795,29861.00,1
1777323356819,29941.00,1
1777323356863,29874.00,1
1777323356887,29929.00,1
1777323356931,29929.00,1
1777323356955,29933.00,1
1777323356979,29907.00,1
1777323357023,29930.00,1
1777323357047,29930.00,1
1777323357091,29873.00,1
1777323357116,29940.00,1
1777323357167,29847.00,1
1777323357192,29727.00,1
1777323357217,29727.00,1
1777323357262,29753.00,1
1777323357286,29740.00,1
1777323357310,29740.00,1
1777323357355,29753.00,1
1777323357379,29820.00,1
1777323357424,29873.00,1
1777323357448,29873.00,1
1777323357493,29873.00,1
1777323357517,30000.00,1
1777323357562,30013.00,1
1777323357586,30013.00,1
1777323357610,29990.00,1
1777323357658,30013.00,1
1777323357682,30013.00,1
1777323357706,30067.00,1
1777323357752,30013.00,1
1777323357776,30080.00,1
1777323357821,30000.00,1
1777323357846,30038.00,1
1777323357891,30003.00,1
1777323357916,29990.00,1
1777323357940,30051.00,1
1777323357985,30051.00,1
1777323358009,30064.00,1
1777323358055,30061.00,1
1777323358079,30061.00,1
1777323358104,30061.00,1
1777323358149,30073.00,1
1777323358173,30089.00,1
1777323358218,30060.00,1
1777323358243,30060.00,1
1777323358289,30137.00,1
1777323358314,30137.00,1
1777323358338,30124.00,1
1777323358383,30077.00,1
1777323358408,30077.00,1
1777323358433,30077.00,1
1777323358478,30057.00,1
1777323358503,30070.00,1
1777323358548,30130.00,1
1777323358572,30117.00,1
1777323358617,30130.00,1
1777323358642,30130.00,1
1777323358688,30120.00,1
1777323358712,30133.00,1
1777323358738,30133.00,1
1777323358783,30117.00,1
1777323358807,30104.00,1
1777323358832,30197.00,1
1777323358878,30073.00,1
1777323358903,30063.00,1
1777323358949,30073.00,1
1777323358974,30073.00,1
1777323358999,30140.00,1
1777323359044,30073.00,1
1777323359069,30073.00,1
1777323359116,30130.00,1
1777323359142,30107.00,1
1777323359168,30184.00,1
1777323359198,30143.00,1
1777323359276,29996.00,1
1777323359299,29939.00,1
1777323359344,30005.00,1
1777323359367,30019.00,1
1777323359391,30003.00,1
1777323359435,30003.00,1
1777323359459,30016.00,1
1777323359503,29869.00,1
1777323359526,29933.00,1
1777323359570,29879.00,1
1777323359594,29866.00,1
1777323359638,29822.00,1
1777323359661,29822.00,1
1777323359705,29889.00,1
1777323359729,29953.00,1
1777323359773,29863.00,1
1777323359797,29927.00,1
1777323359841,29918.00,1
1777323359865,29918.00,1
1777323359888,29972.00,1
1777323359933,29921.00,1
1777323359956,29987.00,1
1777323360001,29988.00,1
1777323360024,30010.00,1
1777323360069,29917.00,1
1777323360106,29997.00,1
1777323360130,29917.00,1
1777323360176,29882.00,1
1777323360200,29949.00,1
1777323360226,29936.00,1
1777323360272,29905.00,1
1777323360300,29972.00,1
1777323360324,29972.00,1
1777323360369,29940.00,1
1777323360394,30007.00,1
1777323360438,29930.00,1
1777323360463,29917.00,1
1777323360487,29917.00,1
1777323360532,29962.00,1
1777323360558,29933.00,1
1777323360603,29933.00,1
1777323360629,29967.00,1
1777323360654,29988.00,1
1777323360699,30003.00,1
1777323360723,29990.00,1
1777323360769,29945.00,1
1777323360793,29996.00,1
1777323360818,30009.00,1
1777323360863,29939.00,1
1777323360889,30006.00,1
1777323360935,29926.00,1
1777323360960,29939.00,1
1777323360986,29997.00,1
1777323361031,29946.00,1
1777323361056,29984.00,1
1777323361101,29921.00,1
1777323361126,29921.00,1
1777323361151,29908.00,1
1777323361197,29921.00,1
1777323361222,29988.00,1
1777323361269,29988.00,1
1777323361300,30047.00,1
1777323361327,30047.00,1
1777323361353,30073.00,1
1777323361399,29993.00,1
1777323361425,30047.00,1
1777323361451,30047.00,1
1777323361497,29981.00,1
1777323361522,30048.00,1
1777323361548,30048.00,1
1777323361594,30048.00,1
1777323361620,30026.00,1
1777323361646,30045.00,1
1777323361692,29978.00,1
1777323361723,29984.00,1
1777323361748,29984.00,1
1777323361794,29997.00,1
1777323361821,30003.00,1
1777323361847,30003.00,1
1777323361893,29952.00,1
1777323361920,30003.00,1
1777323361946,30016.00,1
1777323361992,29939.00,1
1777323362018,29990.00,1
1777323362044,30064.00,1
1777323362091,30051.00,1
1777323362119,30034.00,1
1777323362145,30070.00,1
1777323362193,30064.00,1
1777323362220,30064.00,1
1777323362246,30003.00,1
1777323362293,29936.00,1
1777323362320,29926.00,1
1777323362352,29985.00,1
1777323362378,29985.00,1
1777323362425,29998.00,1
1777323362451,29944.00,1
1777323362478,29995.00,1
1777323362525,29944.00,1
1777323362552,30000.00,1
1777323362578,30013.00,1
1777323362625,29936.00,1
1777323362652,29987.00,1
1777323362678,29978.00,1
1777323362725,29924.00,1
1777323362752,29981.00,1
1777323362779,29994.00,1
1777323362828,29927.00,1
1777323362856,29943.00,1
1777323362882,30015.00,1
1777323362908,30028.00,1
1777323362958,29951.00,1
1777323362989,29954.00,1
1777323363016,29875.00,1
1777323363043,29942.00,1
1777323363091,29873.00,1
1777323363118,29873.00,1
1777323363145,29940.00,1
1777323363172,29927.00,1
1777323363219,29994.00,1
1777323363246,29981.00,1
1777323363273,30007.00,1
1777323363321,29987.00,1
1777323363348,29987.00,1
1777323363375,30041.00,1
1777323363407,30104.00,1
1777323363434,30091.00,1
1777323363481,30104.00,1
1777323363509,29993.00,1
1777323363536,30044.00,1
1777323363590,29977.00,1
1777323363622,29997.00,1
1777323363652,29930.00,1
1777323363681,29997.00,1
1777323363756,29790.00,1
1777323363779,29857.00,1
1777323363823,29720.00,1
1777323363847,29704.00,1
1777323363891,29730.00,1
1777323363915,29730.00,1
1777323363939,29784.00,1
1777323363983,29733.00,1
1777323364007,29711.00,1
1777323364052,29711.00,1
1777323364076,29711.00,1
1777323364121,29711.00,1
1777323364146,29698.00,1
1777323364190,29689.00,1
1777323364214,29676.00,1
1777323364238,29829.00,1
1777323364283,29855.00,1
1777323364307,29855.00,1
1777323364352,29855.00,1
1777323364376,29877.00,1
1777323364422,29864.00,1
1777323364447,29860.00,1
1777323364471,29886.00,1
1777323364516,29886.00,1
1777323364541,29863.00,1
1777323364585,29933.00,1
1777323364610,29933.00,1
1777323364655,29920.00,1
1777323364680,29933.00,1
1777323364705,30000.00,1
1777323364749,29920.00,1
1777323364773,29987.00,1
1777323364818,29863.00,1
1777323364842,29927.00,1
1777323364867,29910.00,1
1777323364912,29848.00,1
1777323364937,29861.00,1
1777323364982,29861.00,1
1777323365006,29918.00,1
1777323365055,29905.00,1
1777323365082,29903.00,1
1777323365106,29983.00,1
1777323365131,30009.00,1
1777323365176,29996.00,1
1777323365201,29983.00,1
1777323365246,29934.00,1
1777323365270,30002.00,1
1777323365316,29922.00,1
1777323365340,29935.00,1
1777323365365,30002.00,1
1777323365411,29925.00,1
1777323365436,29939.00,1
1777323365481,29825.00,1
1777323365506,29815.00,1
1777323365531,29879.00,1
1777323365576,29825.00,1
1777323365601,29892.00,1
1777323365647,29872.00,1
1777323365672,29872.00,1
1777323365699,29939.00,1
1777323365745,29862.00,1
1777323365771,29926.00,1
1777323365797,29906.00,1
1777323365844,29812.00,1
1777323365870,29825.00,1
1777323365896,29812.00,1
1777323365945,29882.00,1
1777323365970,29882.00,1
1777323365996,29882.00,1
1777323366042,29882.00,1
1777323366067,29933.00,1
1777323366093,29997.00,1
1777323366139,29927.00,1
1777323366164,29914.00,1
1777323366211,29927.00,1
1777323366237,29927.00,1
1777323366262,29991.00,1
1777323366308,29924.00,1
1777323366342,29917.00,1
1777323366367,29901.00,1
1777323366393,29994.00,1
1777323366440,29927.00,1
1777323366466,29915.00,1
1777323366491,29952.00,1
1777323366538,29833.00,1
1777323366563,29833.00,1
1777323366610,29820.00,1
1777323366636,29807.00,1
1777323366662,29833.00,1
1777323366709,29875.00,1
1777323366735,29862.00,1
1777323366762,29850.00,1
1777323366788,29927.00,1
1777323366835,29873.00,1
1777323366862,29873.00,1
1777323366909,29839.00,1
1777323366936,29826.00,1
1777323366963,29881.00,1
1777323366989,29948.00,1
1777323367036,29871.00,1
1777323367063,29855.00,1
1777323367089,29935.00,1
1777323367136,29855.00,1
1777323367162,29842.00,1
1777323367189,29877.00,1
1777323367238,29797.00,1
1777323367266,29810.00,1
1777323367294,29877.00,1
1777323367321,29950.00,1
1777323367370,29870.00,1
1777323367396,29917.00,1
1777323367422,29984.00,1
1777323367470,29930.00,1
1777323367498,29930.00,1
1777323367525,30000.00,1
1777323367551,30000.00,1
1777323367598,29917.00,1
1777323367625,29997.00,1
1777323367651,30010.00,1
1777323367699,29920.00,1
1777323367726,29984.00,1
1777323367753,29943.00,1
1777323367781,29930.00,1
1777323367817,29925.00,1
1777323367865,29867.00,1
1777323367892,29867.00,1
1777323367971,29721.00,1
1777323367995,29710.00,1
1777323368039,29622.00,1
1777323368062,29622.00,1
1777323368085,29689.00,1
1777323368129,29622.00,1
1777323368173,29669.00,1
1777323368197,29656.00,1
1777323368221,29749.00,1
1777323368265,29720.00,1
1777323368289,29704.00,1
1777323368334,29730.00,1
1777323368358,29730.00,1
1777323368403,29717.00,1
1777323368428,29730.00,1
1777323368452,29730.00,1
1777323368518,29637.00,1
1777323368563,29637.00,1
1777323368589,29771.00,1
1777323368634,29721.00,1
1777323368658,29661.00,1
1777323368704,29714.00,1
1777323368729,29794.00,1
1777323368753,29808.00,1
1777323368798,29728.00,1
1777323368823,29874.00,1
1777323368869,29929.00,1
1777323368894,29980.00,1
1777323368919,29926.00,1
1777323368964,29939.00,1
1777323368989,29939.00,1
1777323369034,29929.00,1
1777323369059,29942.00,1
1777323369083,29933.00,1
1777323369129,29933.00,1
1777323369154,29936.00,1
1777323369200,29933.00,1
1777323369225,29920.00,1
1777323369250,29862.00,1
1777323369298,29885.00,1
1777323369324,29885.00,1
1777323369349,29952.00,1
1777323369395,29885.00,1
1777323369420,29952.00,1
1777323369468,29920.00,1
1777323369493,29904.00,1
1777323369518,29924.00,1
1777323369564,29870.00,1
1777323369590,29883.00,1
1777323369616,29857.00,1
1777323369662,29873.00,1
1777323369687,29873.00,1
1777323369712,29932.00,1
1777323369758,29932.00,1
1777323369783,29948.00,1
1777323369830,29932.00,1
1777323369855,29922.00,1
1777323369881,29957.00,1
1777323369910,30034.00,1
1777323369957,29921.00,1
1777323369982,29988.00,1
1777323370028,29908.00,1
1777323370053,29988.00,1
1777323370078,29953.00,1
1777323370123,29863.00,1
1777323370148,29908.00,1
1777323370175,30001.00,1
1777323370221,29934.00,1
1777323370245,30001.00,1
1777323370291,29934.00,1
1777323370315,30001.00,1
1777323370340,29997.00,1
1777323370386,29917.00,1
1777323370412,29997.00,1
1777323370437,30010.00,1
1777323370484,29997.00,1
1777323370509,29927.00,1
1777323370537,29860.00,1
1777323370584,29873.00,1
1777323370610,29873.00,1
1777323370657,29860.00,1
1777323370683,29873.00,1
1777323370711,29930.00,1
1777323370738,29997.00,1
1777323370785,29911.00,1
1777323370810,29888.00,1
1777323370836,29965.00,1
1777323370882,29911.00,1
1777323370908,29911.00,1
1777323370954,29914.00,1
1777323370980,29933.00,1
1777323371007,29933.00,1
1777323371054,29933.00,1
1777323371081,29910.00,1
1777323371106,29920.00,1
1777323371153,29918.00,1
1777323371178,29912.00,1
1777323371204,29966.00,1
1777323371251,29912.00,1
1777323371278,29912.00,1
1777323371304,29979.00,1
1777323371352,29924.00,1
1777323371384,29901.00,1
1777323371410,29919.00,1
1777323371436,29999.00,1
1777323371484,29945.00,1
1777323371510,29945.00,1
1777323371537,29999.00,1
1777323371565,29999.00,1
1777323371616,29965.00,1
1777323371643,29949.00,1
1777323371669,29933.00,1
1777323371696,30000.00,1
1777323371744,29949.00,1
1777323371771,29872.00,1
1777323371802,29862.00,1
1777323371829,29882.00,1
1777323371877,29828.00,1
1777323371904,29895.00,1
1777323371930,29908.00,1
1777323371978,29872.00,1
1777323372018,29872.00,1
1777323372046,29929.00,1
1777323372074,29929.00,1
1777323372102,29932.00,1
1777323372130,29996.00,1
1777323372179,29933.00,1
1777323372207,29933.00,1
1777323372234,29997.00,1
1777323372262,29997.00,1
1777323372311,29917.00,1
1777323372340,29904.00,1
1777323372367,29984.00,1
1777323372395,29998.00,1
1777323372444,29864.00,1
1777323372472,29931.00,1
1777323372500,29931.00,1
1777323372527,29927.00,1
1777323372576,29864.00,1
1777323372604,29902.00,1
1777323372631,29876.00,1
1777323372659,29930.00,1
1777323372709,29930.00,1
1777323372738,29917.00,1
1777323372767,29917.00,1
1777323372794,29996.00,1
1777323372842,29870.00,1
1777323372869,29879.00,1
1777323372897,29880.00,1
1777323372925,29905.00,1
1777323372973,29960.00,1
1777323373001,29880.00,1
1777323373030,30058.00,1
1777323373069,30019.00,1
1777323373097,30051.00,1
1777323373125,30118.00,1
1777323373173,30131.00,1
1777323373202,30144.00,1
1777323373230,30073.00,1
1777323373257,30140.00,1
1777323373306,30159.00,1
1777323373334,30210.00,1
1777323373362,30210.00,1
1777323373390,30210.00,1
1777323373487,30082.00,1
1777323373512,29928.00,1
1777323373535,29941.00,1
1777323373558,30008.00,1
1777323373602,29864.00,1
1777323373626,29915.00,1
1777323373669,29861.00,1
1777323373693,29915.00,1
1777323373737,29939.00,1
1777323373761,29939.00,1
1777323373816,29926.00,1
1777323373840,29913.00,1
1777323373864,29993.00,1
1777323373888,30019.00,1
1777323373934,29922.00,1
1777323373958,29973.00,1
1777323374003,29919.00,1
1777323374027,29986.00,1
1777323374052,29973.00,1
1777323374097,29919.00,1
1777323374122,29999.00,1
1777323374170,29922.00,1
1777323374195,29986.00,1
1777323374220,30012.00,1
1777323374266,29935.00,1
1777323374290,29986.00,1
1777323374335,29909.00,1
1777323374360,29909.00,1
1777323374389,29976.00,1
1777323374436,29896.00,1
1777323374461,29976.00,1
1777323374486,29989.00,1
1777323374533,29899.00,1
1777323374559,29930.00,1
1777323374584,29930.00,1
1777323374630,29876.00,1
1777323374655,29933.00,1
1777323374701,29876.00,1
1777323374728,29876.00,1
1777323374752,29993.00,1
1777323374798,29913.00,1
1777323374825,29980.00,1
1777323374851,30006.00,1
1777323374897,29926.00,1
1777323374924,29916.00,1
1777323374949,29980.00,1
1777323374998,29881.00,1
1777323375023,29948.00,1
1777323375049,29948.00,1
1777323375095,29881.00,1
1777323375121,29948.00,1
1777323375146,29961.00,1
1777323375193,29920.00,1
1777323375218,29987.00,1
1777323375265,29933.00,1
1777323375290,30000.00,1
1777323375316,29989.00,1
1777323375363,29933.00,1
1777323375388,29937.00,1
1777323375414,29937.00,1
1777323375461,29857.00,1
1777323375487,29857.00,1
1777323375513,29949.00,1
1777323375560,29860.00,1
1777323375586,29923.00,1
1777323375613,29870.00,1
1777323375659,29883.00,1
1777323375685,29883.00,1
1777323375711,29883.00,1
1777323375759,29803.00,1
1777323375785,29883.00,1
1777323375811,30007.00,1
1777323375859,29917.00,1
1777323375885,29981.00,1
1777323375910,29981.00,1
1777323375957,29994.00,1
1777323375984,29993.00,1
1777323376009,29981.00,1
1777323376055,29996.00,1
1777323376081,30009.00,1
1777323376107,30009.00,1
1777323376155,29996.00,1
1777323376181,29983.00,1
1777323376208,29983.00,1
1777323376240,29928.00,1
1777323376287,29861.00,1
1777323376314,29861.00,1
1777323376340,29928.00,1
1777323376387,29928.00,1
1777323376414,29940.00,1
1777323376440,30013.00,1
1777323376487,30000.00,1
1777323376514,29987.00,1
1777323376540,29980.00,1
1777323376588,29933.00,1
1777323376614,30000.00,1
1777323376639,29987.00,1
1777323376687,29857.00,1
1777323376714,29870.00,1
1777323376741,29937.00,1
1777323376768,29950.00,1
1777323376816,29870.00,1
1777323376842,29860.00,1
1777323376874,29929.00,1
1777323376900,29929.00,1
1777323376948,29875.00,1
1777323376976,29942.00,1
1777323377003,29942.00,1
1777323377051,29941.00,1
1777323377088,29927.00,1
1777323377115,29914.00,1
1777323377141,29914.00,1
1777323377168,29981.00,1
1777323377216,29927.00,1
1777323377243,29927.00,1
1777323377269,29914.00,1
1777323377317,29962.00,1
1777323377344,29999.00,1
1777323377371,30000.00,1
1777323377398,29987.00,1
1777323377447,29987.00,1
1777323377478,29936.00,1
1777323377508,29915.00,1
1777323377535,29902.00,1
1777323377562,29969.00,1
1777323377611,29974.00,1
1777323377639,29915.00,1
1777323377668,29915.00,1
1777323377697,29969.00,1
1777323377746,29943.00,1
1777323377774,29914.00,1
1777323377802,29914.00,1
1777323377830,29994.00,1
1777323377878,29927.00,1
1777323377905,29914.00,1
1777323377932,29977.00,1
1777323377981,29993.00,1
1777323378008,29980.00,1
1777323378036,30056.00,1
1777323378065,30057.00,1
1777323378114,29977.00,1
1777323378142,29876.00,1
1777323378170,29943.00,1
1777323378200,29930.00,1
1777323378229,29930.00,1
1777323378279,29876.00,1
1777323378365,29703.00,1
1777323378389,29613.00,1
1777323378413,29613.00,1
1777323378437,29693.00,1
1777323378482,29773.00,1
1777323378506,29773.00,1
1777323378550,29683.00,1
1777323378574,29667.00,1
1777323378618,29912.00,1
1777323378642,29889.00,1
1777323378686,29912.00,1
1777323378710,29912.00,1
1777323378754,29899.00,1
1777323378778,29912.00,1
1777323378801,29880.00,1
1777323378845,29813.00,1
1777323378869,29829.00,1
1777323378913,29800.00,1
1777323378937,29800.00,1
1777323378981,29800.00,1
1777323379005,29835.00,1
1777323379049,29819.00,1
1777323379073,29819.00,1
1777323379118,29819.00,1
1777323379142,29819.00,1
1777323379166,29886.00,1
1777323379210,29809.00,1
1777323379238,29907.00,1
1777323379283,29933.00,1
1777323379307,29936.00,1
1777323379330,29987.00,1
1777323379375,29933.00,1
1777323379399,29933.00,1
1777323379443,29930.00,1
1777323379467,29930.00,1
1777323379512,29917.00,1
1777323379537,29958.00,1
1777323379582,29933.00,1
1777323379606,29920.00,1
1777323379630,29984.00,1
1777323379678,29834.00,1
1777323379702,29901.00,1
1777323379747,29834.00,1
1777323379771,29834.00,1
1777323379796,29901.00,1
1777323379840,29824.00,1
1777323379870,29883.00,1
1777323379915,29909.00,1
1777323379939,29909.00,1
1777323379964,29899.00,1
1777323380009,29909.00,1
1777323380034,29909.00,1
1777323380078,29860.00,1
1777323380103,29873.00,1
1777323380127,29873.00,1
1777323380174,29860.00,1
1777323380199,29860.00,1
1777323380245,29860.00,1
1777323380269,29863.00,1
1777323380294,29848.00,1
1777323380340,29861.00,1
1777323380364,29928.00,1
1777323380410,29848.00,1
1777323380435,29848.00,1
1777323380480,29915.00,1
1777323380505,29857.00,1
1777323380530,29841.00,1
1777323380578,29867.00,1
1777323380603,29870.00,1
1777323380628,29867.00,1
1777323380674,29867.00,1
1777323380699,29872.00,1
1777323380745,29859.00,1
1777323380770,29846.00,1
1777323380795,29859.00,1
1777323380842,29859.00,1
1777323380867,29872.00,1
1777323380895,29859.00,1
1777323380943,29861.00,1
1777323380970,29861.00,1
1777323380996,29861.00,1
1777323381043,29848.00,1
1777323381069,29835.00,1
1777323381095,29848.00,1
1777323381141,29890.00,1
1777323381167,29903.00,1
1777323381193,29890.00,1
1777323381240,29890.00,1
1777323381266,29903.00,1
1777323381316,29890.00,1
1777323381360,29779.00,1
1777323381398,29859.00,1
1777323381425,29792.00,1
1777323381451,29792.00,1
1777323381478,29859.00,1
1777323381504,29872.00,1
1777323381529,29859.00,1
1777323381577,29809.00,1
1777323381603,29822.00,1
1777323381630,29822.00,1
1777323381678,29809.00,1
1777323381705,29796.00,1
1777323381731,29796.00,1
1777323381765,29797.00,1
1777323381813,29810.00,1
1777323381841,29823.00,1
1777323381868,29826.00,1
1777323381894,29823.00,1
1777323381942,29810.00,1
1777323381972,29847.00,1
1777323381998,29847.00,1
1777323382025,29873.00,1
1777323382074,29873.00,1
1777323382101,29873.00,1
1777323382128,29873.00,1
1777323382156,29860.00,1
1777323382206,29832.00,1
1777323382233,29845.00,1
1777323382260,29845.00,1
1777323382309,29832.00,1
1777323382337,29819.00,1
1777323382371,29819.00,1
1777323382400,29839.00,1
1777323382427,29839.00,1
1777323382454,29839.00,1
1777323382502,29852.00,1
1777323382537,29852.00,1
1777323382571,29852.00,1
1777323382605,29892.00,1
1777323382632,29847.00,1
1777323382660,29847.00,1
1777323382689,29860.00,1
1777323382717,29847.00,1
1777323382765,29873.00,1
1777323382792,29860.00,1
1777323382820,29819.00,1
1777323382869,29803.00,1
1777323382897,29803.00,1
1777323382925,29816.00,1
1777323382952,29816.00,1
1777323383001,29816.00,1
1777323383103,29577.00,1
1777323383129,29670.00,1
1777323383153,29670.00,1
1777323383197,29657.00,1
1777323383221,29613.00,1
1777323383265,29600.00,1
1777323383289,29600.00,1
1777323383334,29756.00,1
1777323383358,29836.00,1
1777323383402,29743.00,1
1777323383427,29756.00,1
1777323383451,29756.00,1
1777323383497,29743.00,1
1777323383521,29870.00,1
1777323383565,29870.00,1
1777323383590,29847.00,1
1777323383635,29867.00,1
1777323383658,29867.00,1
1777323383682,29921.00,1
1777323383727,29810.00,1
1777323383752,29877.00,1
1777323383797,29797.00,1
1777323383821,29810.00,1
1777323383866,29860.00,1
1777323383890,29847.00,1
1777323383934,29873.00,1
1777323383959,29863.00,1
1777323383984,29898.00,1
1777323384029,29873.00,1
1777323384053,29813.00,1
1777323384099,29800.00,1
1777323384124,29787.00,1
1777323384149,29864.00,1
1777323384194,29851.00,1
1777323384219,29851.00,1
1777323384264,29899.00,1
1777323384288,29912.00,1
1777323384314,29899.00,1
1777323384362,29861.00,1
1777323384388,29861.00,1
1777323384412,29861.00,1
1777323384458,29848.00,1
1777323384487,29860.00,1
1777323384512,29940.00,1
1777323384557,29875.00,1
1777323384582,29939.00,1
1777323384628,29885.00,1
1777323384653,29888.00,1
1777323384679,29939.00,1
1777323384725,29812.00,1
1777323384750,29884.00,1
1777323384796,29857.00,1
1777323384822,29844.00,1
1777323384848,29923.00,1
1777323384893,29938.00,1
1777323384918,29999.00,1
1777323384943,29922.00,1
1777323384990,29937.00,1
1777323385016,29937.00,1
1777323385042,29937.00,1
1777323385088,29924.00,1
1777323385118,29916.00,1
1777323385144,29929.00,1
1777323385191,29870.00,1
1777323385217,29873.00,1
1777323385244,29924.00,1
1777323385291,29870.00,1
1777323385318,29873.00,1
1777323385343,29928.00,1
1777323385390,29860.00,1
1777323385416,29919.00,1
1777323385442,29948.00,1
1777323385489,29932.00,1
1777323385517,29919.00,1
1777323385545,29865.00,1
1777323385592,29875.00,1
1777323385618,29816.00,1
1777323385644,29816.00,1
1777323385692,29803.00,1
1777323385720,29790.00,1
1777323385751,29867.00,1
1777323385778,29848.00,1
1777323385826,29860.00,1
1777323385853,29873.00,1
1777323385880,29873.00,1
1777323385907,29864.00,1
1777323385954,29884.00,1
1777323385981,29884.00,1
1777323386007,29884.00,1
1777323386055,29929.00,1
1777323386082,29919.00,1
1777323386109,29932.00,1
1777323386156,29867.00,1
1777323386182,29867.00,1
1777323386209,29867.00,1
1777323386236,29921.00,1
1777323386284,29870.00,1
1777323386311,29937.00,1
1777323386338,29950.00,1
1777323386386,29997.00,1
1777323386413,29984.00,1
1777323386439,29984.00,1
1777323386487,29867.00,1
1777323386515,29867.00,1
1777323386542,29867.00,1
1777323386572,29921.00,1
1777323386598,29934.00,1
1777323386645,29867.00,1
1777323386672,29997.00,1
1777323386698,30010.00,1
1777323386746,29946.00,1
1777323386774,29917.00,1
1777323386809,29991.00,1
1777323386837,29978.00,1
1777323386863,29978.00,1
1777323386911,29921.00,1
1777323386939,29988.00,1
1777323386967,30001.00,1
1777323387015,29917.00,1
1777323387043,29901.00,1
1777323387072,29981.00,1
1777323387100,29921.00,1
1777323387150,29867.00,1
1777323387178,29870.00,1
1777323387205,29921.00,1
1777323387233,29877.00,1
1777323387281,29797.00,1
1777323387309,29924.00,1
1777323387336,29950.00,1
1777323387364,29950.00,1
1777323387415,29870.00,1
1777323387443,29873.00,1
1777323387471,29873.00,1
1777323387499,29940.00,1
1777323387527,29930.00,1
1777323387576,29943.00,1
1777323387604,29956.00,1
1777323387694,29786.00,1
1777323387719,29879.00,1
1777323387763,29866.00,1
1777323387787,29866.00,1
1777323387810,29879.00,1
1777323387854,29749.00,1
1777323387898,29761.00,1
1777323387922,29749.00,1
1777323387946,29749.00,1
1777323387990,29749.00,1
1777323388014,29762.00,1
1777323388059,29961.00,1
1777323388083,30028.00,1
1777323388127,30043.00,1
1777323388152,30030.00,1
1777323388197,30043.00,1
1777323388221,30043.00,1
1777323388245,30030.00,1
1777323388290,30054.00,1
1777323388314,30054.00,1
1777323388360,29990.00,1
1777323388384,29984.00,1
1777323388429,29997.00,1
1777323388453,29975.00,1
1777323388478,29989.00,1
1777323388523,30001.00,1
1777323388548,30002.00,1
1777323388594,29938.00,1
1777323388619,30015.00,1
1777323388643,30015.00,1
1777323388688,29945.00,1
1777323388713,30025.00,1
1777323388759,30005.00,1
1777323388784,30059.00,1
1777323388809,30059.00,1
1777323388855,30072.00,1
1777323388879,30070.00,1
1777323388925,30057.00,1
1777323388950,30070.00,1
1777323388975,30010.00,1
1777323389021,29997.00,1
1777323389046,29997.00,1
1777323389091,30054.00,1
1777323389116,30067.00,1
1777323389141,30044.00,1
1777323389187,30057.00,1
1777323389213,30070.00,1
1777323389238,30073.00,1
1777323389284,30070.00,1
1777323389309,30016.00,1
1777323389355,30003.00,1
1777323389381,29990.00,1
1777323389406,30035.00,1
1777323389453,30048.00,1
1777323389479,30048.00,1
1777323389504,30035.00,1
1777323389552,30093.00,1
1777323389578,30106.00,1
1777323389604,30067.00,1
1777323389650,30054.00,1
1777323389676,30054.00,1
1777323389702,30067.00,1
1777323389750,30066.00,1
1777323389776,30053.00,1
1777323389802,30066.00,1
1777323389850,30067.00,1
1777323389876,30054.00,1
1777323389902,30067.00,1
1777323389950,29984.00,1
1777323389977,30038.00,1
1777323390004,30064.00,1
1777323390052,29927.00,1
1777323390079,29994.00,1
1777323390104,29981.00,1
1777323390151,29870.00,1
1777323390176,29937.00,1
1777323390202,29950.00,1
1777323390248,29988.00,1
1777323390273,30010.00,1
1777323390299,30010.00,1
1777323390345,29997.00,1
1777323390372,30044.00,1
1777323390398,30057.00,1
1777323390444,30066.00,1
1777323390470,30066.00,1
1777323390496,30079.00,1
1777323390542,30082.00,1
1777323390567,30022.00,1
1777323390614,30009.00,1
1777323390641,29996.00,1
1777323390668,29987.00,1
1777323390695,30080.00,1
1777323390743,30013.00,1
1777323390772,30000.00,1
1777323390798,30006.00,1
1777323390826,30070.00,1
1777323390874,30016.00,1
1777323390900,30016.00,1
1777323390927,30016.00,1
1777323390978,30003.00,1
1777323391009,30000.00,1
1777323391037,29987.00,1
1777323391063,30000.00,1
1777323391167,29837.00,1
1777323391235,29533.00,1
1777323391283,29542.00,1
1777323391311,29542.00,1
1777323391337,29542.00,1
1777323391364,29529.00,1
1777323391411,29555.00,1
1777323391437,29672.00,1
1777323391463,29675.00,1
1777323391511,29612.00,1
1777323391538,29599.00,1
1777323391565,29625.00,1
1777323391617,29545.00,1
1777323391644,29615.00,1
1777323391671,29615.00,1
1777323391698,29615.00,1
1777323391747,29600.00,1
1777323391774,29613.00,1
1777323391801,29613.00,1
1777323391827,29613.00,1
1777323391875,29535.00,1
1777323391902,29589.00,1
1777323391930,29535.00,1
1777323391978,29481.00,1
1777323392006,29548.00,1
1777323392032,29561.00,1
1777323392059,29561.00,1
1777323392108,29488.00,1
1777323392135,29634.00,1
1777323392162,29634.00,1
1777323392211,29621.00,1
1777323392243,29541.00,1
1777323392274,29609.00,1
1777323392302,29622.00,1
1777323392328,29612.00,1
1777323392377,29530.00,1
1777323392405,29597.00,1
1777323392433,29610.00,1
1777323392459,29610.00,1
1777323392508,29590.00,1
1777323392536,29577.00,1
1777323392565,29647.00,1
1777323392592,29647.00,1
1777323392643,29673.00,1
1777323392670,29753.00,1
1777323392696,29883.00,1
1777323392725,29802.00,1
1777323392775,29790.00,1
1777323392803,29767.00,1
1777323392831,29764.00,1
1777323392860,29842.00,1
1777323392901,29857.00,1
1777323392929,29738.00,1
1777323392958,29705.00,1
1777323392987,29715.00,1
1777323393036,29661.00,1
1777323393065,29721.00,1
1777323393092,29677.00,1
1777323393119,29749.00,1
1777323393169,29682.00,1
1777323393198,29796.00,1
1777323393226,29792.00,1
1777323393255,29729.00,1
1777323393338,29580.00,1
1777323393362,29622.00,1
1777323393406,29523.00,1
1777323393429,29587.00,1
1777323393473,29533.00,1
1777323393496,29523.00,1
1777323393540,29470.00,1
1777323393563,29470.00,1
1777323393587,29534.00,1
1777323393630,29467.00,1
1777323393654,29467.00,1
1777323393697,29454.00,1
1777323393721,29467.00,1
1777323393765,29530.00,1
1777323393788,29517.00,1
1777323393833,29524.00,1
1777323393857,29557.00,1
1777323393901,29524.00,1
1777323393925,29591.00,1
1777323393970,29451.00,1
1777323393993,29451.00,1
1777323394017,29531.00,1
1777323394061,29454.00,1
1777323394085,29518.00,1
1777323394129,29464.00,1
1777323394154,29451.00,1
1777323394200,29468.00,1
1777323394225,29417.00,1
1777323394248,29417.00,1
1777323394293,29417.00,1
1777323394317,29417.00,1
1777323394362,29417.00,1
1777323394387,29460.00,1
1777323394432,29472.00,1
1777323394456,29515.00,1
1777323394480,29539.00,1
1777323394525,29485.00,1
1777323394549,29552.00,1
1777323394594,29412.00,1
1777323394619,29425.00,1
1777323394669,29473.00,1
1777323394694,29450.00,1
1777323394720,29447.00,1
1777323394745,29527.00,1
1777323394790,29475.00,1
1777323394815,29475.00,1
1777323394861,29415.00,1
1777323394887,29415.00,1
1777323394912,29415.00,1
1777323394959,29415.00,1
1777323394984,29431.00,1
1777323395009,29482.00,1
1777323395054,29549.00,1
1777323395079,29536.00,1
1777323395124,29482.00,1
1777323395149,29549.00,1
1777323395195,29469.00,1
1777323395219,29473.00,1
1777323395244,29540.00,1
1777323395289,29517.00,1
1777323395314,29504.00,1
1777323395360,29530.00,1
1777323395385,29517.00,1
1777323395410,29507.00,1
1777323395440,29524.00,1
1777323395486,29413.00,1
1777323395511,29413.00,1
1777323395556,29413.00,1
1777323395581,29413.00,1
1777323395606,29480.00,1
1777323395652,29470.00,1
1777323395677,29447.00,1
1777323395723,29472.00,1
1777323395749,29485.00,1
1777323395773,29539.00,1
1777323395819,29485.00,1
1777323395844,29487.00,1
1777323395868,29554.00,1
1777323395914,29529.00,1
1777323395941,29529.00,1
1777323395988,29529.00,1
1777323396015,29516.00,1
1777323396040,29583.00,1
1777323396072,29524.00,1
1777323396119,29563.00,1
1777323396145,29643.00,1
1777323396170,29703.00,1
1777323396218,29691.00,1
1777323396244,29637.00,1
1777323396270,29820.00,1
1777323396317,29753.00,1
1777323396343,29917.00,1
1777323396369,29937.00,1
1777323396416,29944.00,1
1777323396465,29917.00,1
1777323396496,29904.00,1
1777323396522,29917.00,1
1777323396549,29904.00,1
1777323396575,29914.00,1
1777323396602,29994.00,1
1777323396649,29941.00,1
1777323396678,29914.00,1
1777323396720,29921.00,1
1777323396756,29988.00,1
1777323396783,29923.00,1
1777323396811,29923.00,1
1777323396838,29923.00,1
1777323396887,29923.00,1
1777323396915,29916.00,1
1777323396941,29916.00,1
1777323396968,29939.00,1
1777323397016,29885.00,1
1777323397043,29885.00,1
1777323397071,29885.00,1
1777323397097,29939.00,1
1777323397147,29874.00,1
1777323397175,29929.00,1
1777323397203,29996.00,1
1777323397230,30009.00,1
1777323397280,29996.00,1
1777323397309,29916.00,1
1777323397341,29873.00,1
1777323397368,29940.00,1
1777323397394,29929.00,1
1777323397442,29875.00,1
1777323397469,29875.00,1
1777323397494,29942.00,1
1777323397541,29929.00,1
1777323397567,29983.00,1
1777323397593,30013.00,1
1777323397640,30000.00,1
1777323397666,30000.00,1
1777323397692,29987.00,1
1777323397739,29933.00,1
1777323397765,30000.00,1
1777323397791,30007.00,1
1777323397838,29927.00,1
1777323397865,30006.00,1
1777323397891,30007.00,1
1777323397939,29927.00,1
1777323397967,29986.00,1
1777323397993,29973.00,1
1777323398019,29983.00,1
1777323398065,29996.00,1
1777323398092,29996.00,1
1777323398139,29916.00,1
1777323398175,29870.00,1
1777323398202,29924.00,1
1777323398228,29936.00,1
1777323398255,29962.00,1
1777323398315,29962.00,1
1777323398342,30029.00,1
1777323398369,30027.00,1
1777323398396,30094.00,1
1777323398422,30212.00,1
1777323398469,30199.00,1
1777323398496,30186.00,1
1777323398593,29841.00,1
1777323398615,29895.00,1
1777323398659,29772.00,1
1777323398682,29826.00,1
1777323398726,29772.00,1
1777323398750,29839.00,1
1777323398794,29788.00,1
1777323398818,29857.00,1
1777323398861,29799.00,1
1777323398885,29853.00,1
1777323398909,29879.00,1
1777323398953,29866.00,1
1777323398977,29866.00,1
1777323399021,29790.00,1
1777323399045,29806.00,1
1777323399090,29755.00,1
1777323399114,29806.00,1
1777323399158,29739.00,1
1777323399182,29819.00,1
1777323399206,29819.00,1
1777323399251,29753.00,1
1777323399275,29801.00,1
1777323399320,29766.00,1
1777323399344,29801.00,1
1777323399388,29826.00,1
1777323399413,29814.00,1
1777323399457,29799.00,1
1777323399481,29821.00,1
1777323399505,29822.00,1
1777323399551,29809.00,1
1777323399575,29809.00,1
1777323399622,29809.00,1
1777323399646,29796.00,1
1777323399669,29876.00,1
1777323399714,29810.00,1
1777323399739,29813.00,1
1777323399784,29797.00,1
1777323399808,29810.00,1
1777323399855,29797.00,1
1777323399879,29844.00,1
1777323399904,29877.00,1
1777323399949,29890.00,1
1777323399974,29877.00,1
1777323399998,29890.00,1
1777323400043,29890.00,1
1777323400068,29890.00,1
1777323400116,29857.00,1
1777323400141,29870.00,1
1777323400165,29870.00,1
1777323400211,29857.00,1
1777323400236,29844.00,1
1777323400282,29911.00,1
1777323400307,29915.00,1
1777323400332,29892.00,1
1777323400377,29915.00,1
1777323400403,29915.00,1
1777323400428,29915.00,1
1777323400473,29915.00,1
1777323400499,29921.00,1
1777323400545,29920.00,1
1777323400570,29907.00,1
1777323400594,29907.00,1
1777323400641,29920.00,1
1777323400666,29933.00,1
1777323400713,29908.00,1
1777323400738,29864.00,1
1777323400763,29864.00,1
1777323400809,29851.00,1
1777323400835,29851.00,1
1777323400860,29864.00,1
1777323400908,29851.00,1
1777323400934,29847.00,1
1777323400960,29895.00,1
1777323401007,29921.00,1
1777323401033,29921.00,1
1777323401058,29921.00,1
1777323401105,29908.00,1
1777323401131,29864.00,1
1777323401178,29792.00,1
1777323401206,29846.00,1
1777323401232,29846.00,1
1777323401257,29859.00,1
1777323401304,29859.00,1
1777323401330,29859.00,1
1777323401376,29776.00,1
1777323401402,29853.00,1
1777323401428,29853.00,1
1777323401475,29854.00,1
1777323401502,29840.00,1
1777323401528,29856.00,1
1777323401561,29901.00,1
1777323401608,29776.00,1
1777323401634,29843.00,1
1777323401660,29856.00,1
1777323401707,29843.00,1
1777323401733,29856.00,1
1777323401758,29935.00,1
1777323401806,29917.00,1
1777323401831,29904.00,1
1777323401857,29904.00,1
1777323401904,29930.00,1
1777323401930,29930.00,1
1777323401958,29917.00,1
1777323402009,29800.00,1
1777323402036,29800.00,1
1777323402063,29813.00,1
1777323402090,29813.00,1
1777323402138,29800.00,1
1777323402166,29787.00,1
1777323402198,29802.00,1
1777323402225,29784.00,1
1777323402273,29797.00,1
1777323402301,29810.00,1
1777323402327,29813.00,1
1777323402353,29810.00,1
1777323402400,29731.00,1
1777323402427,29733.00,1
1777323402454,29759.00,1
1777323402502,29679.00,1
1777323402529,29746.00,1
1777323402554,29746.00,1
1777323402600,29685.00,1
1777323402626,29809.00,1
1777323402652,29822.00,1
1777323402699,29742.00,1
1777323402726,29809.00,1
1777323402753,29822.00,1
1777323402804,29742.00,1
1777323402832,29857.00,1
1777323402859,29857.00,1
1777323402886,29844.00,1
1777323402934,29857.00,1
1777323402961,29870.00,1
1777323402987,29870.00,1
1777323403034,29736.00,1
1777323403060,29846.00,1
1777323403087,29846.00,1
1777323403134,29859.00,1
1777323403161,29859.00,1
1777323403189,29872.00,1
1777323403237,29805.00,1
1777323403265,29739.00,1
1777323403292,29806.00,1
1777323403318,29886.00,1
1777323403365,29819.00,1
1777323403392,29793.00,1
1777323403418,29793.00,1
1777323403499,29666.00,1
1777323403521,29625.00,1
1777323403544,29705.00,1
1777323403588,29759.00,1
1777323403611,29769.00,1
1777323403655,29837.00,1
1777323403679,29850.00,1
1777323403702,29850.00,1
1777323403745,30069.00,1
1777323403769,30082.00,1
1777323403813,30069.00,1
1777323403836,30056.00,1
1777323403880,30121.00,1
1777323403904,30111.00,1
1777323403948,30048.00,1
1777323403972,30061.00,1
1777323404016,30048.00,1
1777323404039,30061.00,1
1777323404083,30000.00,1
1777323404107,29987.00,1
1777323404130,30013.00,1
1777323404175,29998.00,1
1777323404198,29985.00,1
1777323404243,29998.00,1
1777323404266,29998.00,1
1777323404311,29998.00,1
1777323404334,30011.00,1
1777323404378,30057.00,1
1777323404403,30070.00,1
1777323404447,30057.00,1
1777323404473,30044.00,1
1777323404497,30095.00,1
1777323404542,30108.00,1
1777323404566,30064.00,1
1777323404610,30051.00,1
1777323404634,30064.00,1
1777323404679,29987.00,1
1777323404705,29987.00,1
1777323404729,30013.00,1
1777323404774,30000.00,1
1777323404798,29989.00,1
1777323404843,30002.00,1
1777323404867,30015.00,1
1777323404912,29951.00,1
1777323404936,30002.00,1
1777323404960,30015.00,1
1777323405005,29958.00,1
1777323405029,30009.00,1
1777323405074,29958.00,1
1777323405099,29996.00,1
1777323405128,30047.00,1
1777323405173,29993.00,1
1777323405198,30051.00,1
1777323405243,30000.00,1
1777323405267,30051.00,1
1777323405291,30064.00,1
1777323405336,29933.00,1
1777323405360,30013.00,1
1777323405405,29992.00,1
1777323405430,30037.00,1
1777323405454,30047.00,1
1777323405500,30060.00,1
1777323405527,30047.00,1
1777323405572,30072.00,1
1777323405598,30058.00,1
1777323405622,30000.00,1
1777323405668,30000.00,1
1777323405692,30013.00,1
1777323405738,30003.00,1
1777323405763,29990.00,1
1777323405787,29990.00,1
1777323405833,30070.00,1
1777323405857,30060.00,1
1777323405903,30057.00,1
1777323405928,30070.00,1
1777323405953,30067.00,1
1777323405998,30054.00,1
1777323406023,30067.00,1
1777323406069,29993.00,1
1777323406095,30047.00,1
1777323406120,30060.00,1
1777323406165,30057.00,1
1777323406190,30070.00,1
1777323406236,30006.00,1
1777323406262,30020.00,1
1777323406287,30054.00,1
1777323406334,30047.00,1
1777323406359,30041.00,1
1777323406391,30095.00,1
1777323406416,30095.00,1
1777323406463,30048.00,1
1777323406488,30061.00,1
1777323406534,30022.00,1
1777323406560,30048.00,1
1777323406584,30007.00,1
1777323406631,29994.00,1
1777323406657,29981.00,1
1777323406682,30001.00,1
1777323406729,29988.00,1
1777323406754,29975.00,1
1777323406779,29975.00,1
1777323406833,29969.00,1
1777323406859,29969.00,1
1777323406885,29968.00,1
1777323406932,29968.00,1
1777323406958,29968.00,1
1777323406984,29981.00,1
1777323407031,30072.00,1
1777323407057,30059.00,1
1777323407083,30046.00,1
1777323407131,30053.00,1
1777323407157,30066.00,1
1777323407182,30066.00,1
1777323407228,29983.00,1
1777323407254,30010.00,1
1777323407281,30010.00,1
1777323407328,30000.00,1
1777323407354,29987.00,1
1777323407380,30000.00,1
1777323407426,30010.00,1
1777323407453,29997.00,1
1777323407480,29997.00,1
1777323407527,29994.00,1
1777323407554,30007.00,1
1777323407580,30007.00,1
1777323407630,29994.00,1
1777323407660,29930.00,1
1777323407687,29997.00,1
1777323407713,29997.00,1
1777323407761,29930.00,1
1777323407789,29997.00,1
1777323407815,30010.00,1
1777323407862,29997.00,1
1777323407889,29984.00,1
1777323407917,29984.00,1
1777323407944,30060.00,1
1777323407992,30047.00,1
1777323408020,30047.00,1
1777323408116,29779.00,1
1777323408140,29631.00,1
1777323408184,29618.00,1
1777323408208,29631.00,1
1777323408232,29698.00,1
1777323408277,29618.00,1
1777323408302,29631.00,1
1777323408347,29720.00,1
1777323408371,29720.00,1
1777323408415,29733.00,1
1777323408439,29723.00,1
1777323408463,29787.00,1
1777323408508,29813.00,1
1777323408532,29810.00,1
1777323408577,29797.00,1
1777323408601,29810.00,1
1777323408646,29797.00,1
1777323408671,29784.00,1
1777323408695,29784.00,1
1777323408740,29800.00,1
1777323408765,29800.00,1
1777323408810,29800.00,1
1777323408835,29813.00,1
1777323408860,29800.00,1
1777323408905,29800.00,1
1777323408930,29813.00,1
1777323408976,29696.00,1
1777323409000,29750.00,1
1777323409046,29696.00,1
1777323409070,29763.00,1
1777323409095,29774.00,1
1777323409140,29696.00,1
1777323409165,29740.00,1
1777323409211,29777.00,1
1777323409236,29841.00,1
1777323409261,29867.00,1
1777323409306,29854.00,1
1777323409331,29841.00,1
1777323409377,29854.00,1
1777323409403,29797.00,1
1777323409428,29797.00,1
1777323409474,29810.00,1
1777323409499,29810.00,1
1777323409524,29797.00,1
1777323409570,29730.00,1
1777323409600,29801.00,1
1777323409625,29792.00,1
1777323409672,29805.00,1
1777323409697,29818.00,1
1777323409723,29795.00,1
1777323409769,29805.00,1
1777323409795,29801.00,1
1777323409841,29806.00,1
1777323409866,29793.00,1
1777323409893,29819.00,1
1777323409940,29806.00,1
1777323409966,29739.00,1
1777323409992,29793.00,1
1777323410022,29841.00,1
1777323410069,29842.00,1
1777323410096,29855.00,1
1777323410122,29858.00,1
1777323410169,29842.00,1
1777323410195,29829.00,1
1777323410221,29812.00,1
1777323410267,29859.00,1
1777323410293,29846.00,1
1777323410339,29858.00,1
1777323410366,29792.00,1
1777323410393,29859.00,1
1777323410419,29859.00,1
1777323410466,29746.00,1
1777323410492,29797.00,1
1777323410538,29730.00,1
1777323410564,29784.00,1
1777323410590,29784.00,1
1777323410636,29721.00,1
1777323410663,29788.00,1
1777323410690,29788.00,1
1777323410716,29776.00,1
1777323410763,29801.00,1
1777323410789,29801.00,1
1777323410837,29737.00,1
1777323410866,29717.00,1
1777323410892,29727.00,1
1777323410918,29727.00,1
1777323410967,29673.00,1
1777323410996,29740.00,1
1777323411024,29740.00,1
1777323411050,29727.00,1
1777323411097,29797.00,1
1777323411123,29798.00,1
1777323411150,29810.00,1
1777323411197,29730.00,1
1777323411223,29784.00,1
1777323411249,29784.00,1
1777323411281,29724.00,1
1777323411328,29740.00,1
1777323411353,29753.00,1
1777323411379,29756.00,1
1777323411426,29689.00,1
1777323411453,29740.00,1
1777323411480,29813.00,1
1777323411528,29857.00,1
1777323411554,29844.00,1
1777323411580,29857.00,1
1777323411628,29857.00,1
1777323411655,29870.00,1
1777323411681,29847.00,1
1777323411729,29797.00,1
1777323411756,29784.00,1
1777323411783,29810.00,1
1777323411810,29810.00,1
1777323411857,29797.00,1
1777323411888,29784.00,1
1777323411916,29836.00,1
1777323411943,29836.00,1
1777323411993,29769.00,1
1777323412022,29836.00,1
1777323412050,29849.00,1
1777323412077,29849.00,1
1777323412125,29791.00,1
1777323412151,29790.00,1
1777323412178,29790.00,1
1777323412205,29816.00,1
1777323412253,29803.00,1
1777323412280,29803.00,1
1777323412309,29790.00,1
1777323412361,29724.00,1
1777323412390,29714.00,1
1777323412417,29791.00,1
1777323412444,29804.00,1
1777323412470,29804.00,1
1777323412520,29791.00,1
1777323412549,29796.00,1
1777323412575,29789.00,1
1777323412602,29789.00,1
1777323412650,29815.00,1
1777323412678,29815.00,1
1777323412705,29815.00,1
1777323412754,29800.00,1
1777323412780,29787.00,1
1777323412807,29787.00,1
1777323412834,29813.00,1
1777323412882,29813.00,1
1777323412909,29816.00,1
1777323412940,29790.00,1
1777323412973,29809.00,1
1777323413000,29822.00,1
1777323413049,29822.00,1
1777323413076,29902.00,1
1777323413103,29969.00,1
1777323413156,29902.00,1
1777323413185,30143.00,1
1777323413213,30143.00,1
1777323413240,30076.00,1
1777323413267,30130.00,1
1777323413315,30076.00,1
1777323413342,30143.00,1
1777323413369,30210.00,1
1777323413396,30210.00,1
1777323413446,30197.00,1
1777323413474,30117.00,1
1777323413501,30184.00,1
1777323413528,30197.00,1
1777323413577,30257.00,1
1777323413604,30260.00,1
1777323413648,30256.00,1
1777323413676,30272.00,1
1777323413705,30209.00,1
1777323413734,30260.00,1
1777323413762,30273.00,1
1777323413810,30203.00,1
1777323413837,30127.00,1
1777323413864,30121.00,1
1777323413912,30090.00,1
1777323413940,30073.00,1
1777323413967,30140.00,1
1777323413994,30140.00,1
1777323414043,30206.00,1
1777323414072,30193.00,1
1777323414100,30192.00,1
1777323414130,30193.00,1
1777323414158,30206.00,1
1777323414205,30206.00,1
1777323414236,30210.00,1
1777323414266,30197.00,1
1777323414295,30197.00,1
1777323414345,30130.00,1
1777323414374,30184.00,1
1777323414403,30184.00,1
1777323414443,30181.00,1
1777323414532,30008.00,1
1777323414554,30088.00,1
1777323414577,30108.00,1
1777323414620,30104.00,1
1777323414644,29956.00,1
1777323414667,30029.00,1
1777323414711,29975.00,1
1777323414734,29975.00,1
1777323414778,29975.00,1
1777323414801,29975.00,1
1777323414845,29975.00,1
1777323414869,29907.00,1
1777323414913,29859.00,1
1777323414936,29926.00,1
1777323414980,29872.00,1
1777323415005,29872.00,1
1777323415049,29872.00,1
1777323415073,29873.00,1
1777323415117,29860.00,1
1777323415141,29873.00,1
1777323415165,29940.00,1
1777323415209,29889.00,1
1777323415233,29860.00,1
1777323415277,29810.00,1
1777323415301,29797.00,1
1777323415346,29810.00,1
1777323415370,29810.00,1
1777323415415,29810.00,1
1777323415439,29810.00,1
1777323415462,29877.00,1
1777323415506,29917.00,1
1777323415530,29997.00,1
1777323415575,29930.00,1
1777323415599,29920.00,1
1777323415644,29930.00,1
1777323415668,29930.00,1
1777323415714,29813.00,1
1777323415738,29813.00,1
1777323415762,29880.00,1
1777323415807,29800.00,1
1777323415831,29880.00,1
1777323415876,29813.00,1
1777323415900,29800.00,1
1777323415945,29806.00,1
1777323415970,29872.00,1
1777323415994,29873.00,1
1777323416039,29819.00,1
1777323416065,29819.00,1
1777323416089,29886.00,1
1777323416134,29920.00,1
1777323416159,29933.00,1
1777323416203,29933.00,1
1777323416228,29920.00,1
1777323416273,29936.00,1
1777323416298,29912.00,1
1777323416324,29975.00,1
1777323416370,29861.00,1
1777323416397,29876.00,1
1777323416423,29958.00,1
1777323416471,29906.00,1
1777323416497,29853.00,1
1777323416523,29995.00,1
1777323416571,29850.00,1
1777323416597,29810.00,1
1777323416622,29892.00,1
1777323416669,29895.00,1
1777323416696,29910.00,1
1777323416721,29963.00,1
1777323416768,29892.00,1
1777323416795,29917.00,1
1777323416821,29932.00,1
1777323416868,29947.00,1
1777323416894,29939.00,1
1777323416921,29922.00,1
1777323416972,29794.00,1
1777323416999,29828.00,1
1777323417026,29887.00,1
1777323417074,29826.00,1
1777323417102,29799.00,1
1777323417147,29833.00,1
1777323417182,29715.00,1
1777323417211,29681.00,1
1777323417239,29740.00,1
1777323417268,29768.00,1
1777323417295,29783.00,1
1777323417322,29798.00,1
1777323417372,29813.00,1
1777323417400,29813.00,1
1777323417427,29833.00,1
1777323417456,29874.00,1
1777323417506,29900.00,1
1777323417535,29928.00,1
1777323417561,29888.00,1
1777323417588,29903.00,1
1777323417638,29849.00,1
1777323417666,29877.00,1
1777323417695,29892.00,1
1777323417724,29907.00,1
1777323417774,29922.00,1
1777323417802,29865.00,1
1777323417830,29874.00,1
1777323417859,29842.00,1
1777323417887,29936.00,1
1777323417938,29940.00,1
1777323417967,29955.00,1
1777323417995,29970.00,1
1777323418023,29938.00,1
1777323418051,30020.00,1
1777323418101,29955.00,1
1777323418130,29915.00,1
1777323418159,30010.00,1
1777323418190,30002.00,1
1777323418224,29910.00,1
1777323418253,29860.00,1
1777323418303,29862.00,1
1777323418403,29822.00,1
1777323418431,29402.00,1
1777323418456,29375.00,1
1777323418481,29390.00,1
1777323418528,29460.00,1
1777323418554,29462.00,1
1777323418580,29556.00,1
1777323418627,29505.00,1
1777323418652,29507.00,1
1777323418678,29588.00,1
1777323418725,29524.00,1
1777323418750,29484.00,1
1777323418775,29506.00,1
1777323418822,29582.00,1
1777323418849,29542.00,1
1777323418875,29409.00,1
1777323418921,29479.00,1
1777323418947,29494.00,1
1777323418973,29509.00,1
1777323419019,29511.00,1
1777323419046,29551.00,1
1777323419093,29458.00,1
1777323419120,29476.00,1
1777323419146,29436.00,1
1777323419172,29438.00,1
1777323419218,29518.00,1
1777323419244,29533.00,1
1777323419291,29375.00,1
1777323419317,29335.00,1
1777323419343,29480.00,1
1777323419390,29433.00,1
1777323419417,29472.00,1
1777323419443,29475.00,1
1777323419470,29503.00,1
1777323419504,29652.00,1
1777323419552,29722.00,1
1777323419578,29737.00,1
1777323419605,29739.00,1
1777323419653,29687.00,1
1777323419680,29637.00,1
1777323419711,29668.00,1
1777323419737,29684.00,1
1777323419785,29693.00,1
1777323419811,29708.00,1
1777323419838,29735.00,1
1777323419885,29725.00,1
1777323419912,29770.00,1
1777323419939,29798.00,1
1777323419966,29800.00,1
1777323420013,29748.00,1
1777323420040,29775.00,1
1777323420067,29780.00,1
1777323420113,29818.00,1
1777323420140,29783.00,1
1777323420166,29743.00,1
1777323420214,29772.00,1
1777323420242,29777.00,1
1777323420269,29843.00,1
1777323420297,29871.00,1
1777323420344,29775.00,1
1777323420371,29735.00,1
1777323420398,29750.00,1
1777323420447,29753.00,1
1777323420475,29768.00,1
1777323420502,29850.00,1
1777323420530,29810.00,1
1777323420578,29784.00,1
1777323420606,29748.00,1
1777323420635,29827.00,1
1777323420662,29842.00,1
1777323420711,29844.00,1
1777323420743,29768.00,1
1777323420771,29642.00,1
1777323420799,29718.00,1
1777323420827,29684.00,1
1777323420876,29754.00,1
1777323420904,29782.00,1
1777323420933,29797.00,1
1777323420961,29799.00,1
1777323421010,29727.00,1
1777323421039,29754.00,1
1777323421067,29769.00,1
1777323421095,29752.00,1
1777323421123,29799.00,1
1777323421171,29703.00,1
1777323421269,29625.00,1
1777323421293,29625.00,1
1777323421338,29585.00,1
1777323421365,29570.00,1
1777323421390,29389.00,1
1777323421436,29404.00,1
1777323421461,29444.00,1
1777323421486,29444.00,1
1777323421532,29404.00,1
1777323421558,29444.00,1
1777323421583,29439.00,1
1777323421629,29344.00,1
1777323421655,29384.00,1
1777323421701,29369.00,1
1777323421727,29296.00,1
1777323421752,29329.00,1
1777323421798,29354.00,1
1777323421824,29369.00,1
1777323421850,29369.00,1
1777323421896,29424.00,1
1777323421922,29424.00,1
1777323421968,29369.00,1
1777323421997,29314.00,1
1777323422023,29315.00,1
1777323422049,29322.00,1
1777323422096,29432.00,1
1777323422122,29432.00,1
1777323422149,29521.00,1
1777323422197,29432.00,1
1777323422223,29502.00,1
1777323422251,29502.00,1
1777323422298,29447.00,1
1777323422325,29392.00,1
1777323422352,29392.00,1
1777323422379,29449.00,1
1777323422426,29514.00,1
1777323422452,29460.00,1
1777323422479,29406.00,1
1777323422527,29500.00,1
1777323422554,29500.00,1
1777323422580,29500.00,1
1777323422630,29445.00,1
1777323422657,29388.00,1
1777323422684,29388.00,1
1777323422711,29388.00,1
1777323422759,29443.00,1
1777323422787,29498.00,1
1777323422814,29498.00,1
1777323422841,29443.00,1
1777323422890,29408.00,1
1777323422917,29399.00,1
1777323422945,29466.00,1
1777323422994,29399.00,1
1777323423022,29399.00,1
1777323423052,29344.00,1
1777323423079,29385.00,1
1777323423107,29439.00,1
1777323423156,29469.00,1
1777323423185,29469.00,1
1777323423213,29469.00,1
1777323423241,29469.00,1
1777323423289,29475.00,1
1777323423317,29475.00,1
1777323423346,29570.00,1
1777323423374,29665.00,1
1777323423423,29720.00,1
1777323423452,29720.00,1
1777323423480,29787.00,1
1777323423508,29839.00,1
1777323423536,29842.00,1
1777323423585,29784.00,1
1777323423613,29729.00,1
1777323423641,29784.00,1
1777323423669,29772.00,1
1777323423705,29714.00,1
1777323423810,29594.00,1
1777323423836,29649.00,1
1777323423862,29649.00,1
1777323423909,29499.00,1
1777323423934,29499.00,1
1777323423959,29543.00,1
1777323424004,29499.00,1
1777323424030,29499.00,1
1777323424076,29499.00,1
1777323424101,29424.00,1
1777323424126,29369.00,1
1777323424171,29424.00,1
1777323424197,29424.00,1
1777323424243,29369.00,1
1777323424269,29369.00,1
1777323424294,29374.00,1
1777323424341,29435.00,1
1777323424367,29374.00,1
1777323424421,29413.00,1
1777323424447,29359.00,1
1777323424472,29475.00,1
1777323424518,29465.00,1
1777323424543,29450.00,1
1777323424589,29465.00,1
1777323424614,29465.00,1
1777323424640,29505.00,1
1777323424686,29559.00,1
1777323424713,29566.00,1
1777323424738,29496.00,1
1777323424785,29436.00,1
1777323424811,29381.00,1
1777323424837,29388.00,1
1777323424883,29436.00,1
1777323424910,29436.00,1
1777323424936,29381.00,1
1777323424983,29292.00,1
1777323425010,29332.00,1
1777323425036,29387.00,1
1777323425083,29252.00,1
1777323425109,29277.00,1
1777323425135,29321.00,1
1777323425182,29270.00,1
1777323425209,29283.00,1
1777323425236,29255.00,1
1777323425283,29270.00,1
1777323425310,29270.00,1
1777323425337,29310.00,1
1777323425383,29329.00,1
1777323425568,28839.00,1
1777323425697,27821.00,1
1777323425724,27876.00,1
1777323425750,27876.00,1
1777323425776,27823.00,1
1777323425801,27861.00,1
1777323425848,27876.00,1
1777323425874,27916.00,1
1777323425921,27875.00,1
1777323425949,27875.00,1
1777323425976,27875.00,1
1777323426003,27968.00,1
1777323426050,27930.00,1
1777323426077,27875.00,1
1777323426103,27875.00,1
1777323426150,27872.00,1
1777323426176,27909.00,1
1777323426201,27927.00,1
1777323426248,28062.00,1
1777323426274,28062.00,1
1777323426301,28132.00,1
1777323426348,28338.00,1
1777323426375,28283.00,1
1777323426401,28298.00,1
1777323426433,28323.00,1
1777323426480,28338.00,1
1777323426507,28338.00,1
1777323426534,28370.00,1
1777323426582,28330.00,1
1777323426610,28220.00,1
1777323426646,28275.00,1
1777323426673,28235.00,1
1777323426704,28315.00,1
1777323426734,28286.00,1
1777323426762,28198.00,1
1777323426812,28265.00,1
1777323426838,28265.00,1
1777323426866,28265.00,1
1777323426894,28305.00,1
1777323426943,28210.00,1
1777323426971,28315.00,1
1777323426999,28370.00,1
1777323427029,28360.00,1
1777323427065,28290.00,1
1777323427114,28330.00,1
1777323427143,28330.00,1
1777323427172,28390.00,1
1777323427265,28145.00,1
1777323427288,28240.00,1
1777323427361,28050.00,1
1777323427385,27762.00,1
1777323427430,27759.00,1
1777323427454,27717.00,1
1777323427479,27732.00,1
1777323427524,27787.00,1
1777323427548,27787.00,1
1777323427593,27744.00,1
1777323427617,27784.00,1
1777323427642,27839.00,1
1777323427687,27769.00,1
1777323427712,27839.00,1
1777323427757,27784.00,1
1777323427782,27729.00,1
1777323427827,27789.00,1
1777323427852,27789.00,1
1777323427877,27774.00,1
1777323427922,27859.00,1
1777323427948,27816.00,1
1777323427973,27829.00,1
1777323428018,27769.00,1
1777323428043,27824.00,1
1777323428088,27729.00,1
1777323428113,27674.00,1
1777323428158,27769.00,1
1777323428183,27769.00,1
1777323428208,27742.00,1
1777323428254,27729.00,1
1777323428279,27769.00,1
1777323428324,27729.00,1
1777323428349,27699.00,1
1777323428374,27760.00,1
1777323428420,27747.00,1
1777323428445,27692.00,1
1777323428470,27747.00,1
1777323428517,27707.00,1
1777323428542,27707.00,1
1777323428589,27732.00,1
1777323428614,27747.00,1
1777323428640,27801.00,1
1777323428686,27785.00,1
1777323428712,27660.00,1
1777323428743,27755.00,1
1777323428790,27905.00,1
1777323428816,27930.00,1
1777323428842,28089.00,1
1777323428889,28064.00,1
1777323428915,28018.00,1
1777323428940,28124.00,1
1777323428986,28009.00,1
1777323429012,28009.00,1
1777323429037,28024.00,1
1777323429084,28085.00,1
1777323429110,28085.00,1
1777323429138,28030.00,1
1777323429185,28085.00,1
1777323429211,28085.00,1
1777323429238,28125.00,1
1777323429286,28129.00,1
1777323429313,28144.00,1
1777323429340,28114.00,1
1777323429373,28090.00,1
1777323429421,28169.00,1
1777323429448,28224.00,1
1777323429475,28229.00,1
1777323429523,28222.00,1
1777323429549,28207.00,1
1777323429580,28167.00,1
1777323429606,28157.00,1
1777323429655,28182.00,1
1777323429683,28214.00,1
1777323429711,28214.00,1
1777323429739,28159.00,1
1777323429788,28214.00,1
1777323429815,28269.00,1
1777323429843,28261.00,1
1777323429870,28214.00,1
1777323429919,28159.00,1
1777323429947,28119.00,1
1777323429977,28144.00,1
1777323430006,28144.00,1
1777323430034,28144.00,1
1777323430083,28199.00,1
1777323430111,28224.00,1
1777323430139,28234.00,1
1777323430167,28169.00,1
1777323430215,28154.00,1
1777323430283,28099.00,1
1777323430306,27926.00,1
1777323430329,27879.00,1
1777323430374,27934.00,1
1777323430399,27990.00,1
1777323430423,28054.00,1
1777323430469,28204.00,1
1777323430493,28299.00,1
1777323430538,28797.00,1
1777323430563,28867.00,1
1777323430588,28922.00,1
1777323430634,29017.00,1
1777323430659,29057.00,1
1777323430705,29057.00,1
1777323430732,29424.00,1
1777323430757,29424.00,1
1777323430802,29424.00,1
1777323430827,29424.00,1
1777323430852,29434.00,1
1777323430898,29424.00,1
1777323430924,29464.00,1
1777323430970,29517.00,1
1777323430995,29422.00,1
1777323431020,29407.00,1
1777323431048,29493.00,1
1777323431094,29517.00,1
1777323431119,29532.00,1
1777323431166,29454.00,1
1777323431191,29454.00,1
1777323431217,29454.00,1
1777323431263,29399.00,1
1777323431289,29344.00,1
1777323431314,29443.00,1
1777323431361,29490.00,1
1777323431387,29435.00,1
1777323431413,29435.00,1
1777323431459,29490.00,1
1777323431485,29502.00,1
1777323431511,29515.00,1
1777323431558,29435.00,1
1777323431585,29542.00,1
1777323431615,29596.00,1
1777323431644,29597.00,1
1777323431693,29502.00,1
1777323431720,29502.00,1
1777323431749,29462.00,1
1777323431797,29454.00,1
1777323431824,29454.00,1
1777323431852,29454.00,1
1777323431878,29454.00,1
1777323431926,29399.00,1
1777323431953,29399.00,1
1777323431981,29399.00,1
1777323432008,29431.00,1
1777323432056,29484.00,1
1777323432083,29484.00,1
1777323432109,29524.00,1
1777323432157,29484.00,1
1777323432184,29484.00,1
1777323432212,29655.00,1
1777323432259,29695.00,1
1777323432288,29640.00,1
1777323432318,29739.00,1
1777323432345,29790.00,1
1777323432393,29820.00,1
1777323432421,30000.00,1
1777323432449,30055.00,1
1777323432477,30055.00,1
1777323432524,30000.00,1
1777323432551,29945.00,1
1777323432580,29945.00,1
1777323432608,29994.00,1
1777323432657,29933.00,1
1777323432685,29973.00,1
1777323432712,29918.00,1
1777323432739,29941.00,1
1777323432788,30013.00,1
1777323432817,30028.00,1
1777323432844,30110.00,1
1777323432872,30110.00,1
1777323432924,30055.00,1
1777323432952,30055.00,1
1777323433049,29575.00,1
1777323433075,29615.00,1
1777323433099,29670.00,1
1777323433201,29480.00,1
1777323433223,29480.00,1
1777323433247,29409.00,1
1777323433272,29354.00,1
1777323433317,29409.00,1
1777323433342,29464.00,1
1777323433387,29439.00,1
1777323433411,29409.00,1
1777323433435,29464.00,1
1777323433481,29359.00,1
1777323433506,29384.00,1
1777323433551,29344.00,1
1777323433575,29329.00,1
1777323433619,29414.00,1
1777323433644,29344.00,1
1777323433668,29399.00,1
1777323433714,29454.00,1
1777323433739,29454.00,1
1777323433785,29399.00,1
1777323433809,29344.00,1
1777323433855,29359.00,1
1777323433880,29399.00,1
1777323433905,29399.00,1
1777323433952,29359.00,1
1777323433977,29399.00,1
1777323434002,29454.00,1
1777323434048,29429.00,1
1777323434073,29399.00,1
1777323434119,29345.00,1
1777323434145,29290.00,1
1777323434170,29330.00,1
1777323434219,29345.00,1
1777323434246,29345.00,1
1777323434271,29385.00,1
1777323434317,29357.00,1
1777323434343,29427.00,1
1777323434368,29427.00,1
1777323434414,29372.00,1
1777323434440,29317.00,1
1777323434465,29366.00,1
1777323434512,29384.00,1
1777323434537,29406.00,1
1777323434563,29384.00,1
1777323434610,29426.00,1
1777323434635,29384.00,1
1777323434681,29384.00,1
1777323434707,29329.00,1
1777323434732,29436.00,1
1777323434779,29388.00,1
1777323434806,29333.00,1
1777323434831,29333.00,1
1777323434877,29348.00,1
1777323434903,29388.00,1
1777323434929,29412.00,1
1777323434976,29439.00,1
1777323435002,29439.00,1
1777323435027,29439.00,1
1777323435074,29384.00,1
1777323435100,29384.00,1
1777323435127,29327.00,1
1777323435175,29325.00,1
1777323435202,29365.00,1
1777323435231,29365.00,1
1777323435258,29460.00,1
1777323435306,29530.00,1
1777323435333,29515.00,1
1777323435360,29699.00,1
1777323435408,29604.00,1
1777323435435,29549.00,1
1777323435464,29589.00,1
1777323435490,29589.00,1
1777323435538,29644.00,1
1777323435565,29600.00,1
1777323435594,29600.00,1
1777323435642,29560.00,1
1777323435677,29520.00,1
1777323435703,29545.00,1
1777323435731,29545.00,1
1777323435757,29538.00,1
1777323435805,29509.00,1
1777323435833,29494.00,1
1777323435859,29414.00,1
1777323435958,29319.00,1
1777323435984,29454.00,1
1777323436030,29374.00,1
1777323436055,29374.00,1
1777323436080,29389.00,1
1777323436126,29359.00,1
1777323436151,29344.00,1
1777323436197,29344.00,1
1777323436223,29344.00,1
1777323436248,29384.00,1
1777323436294,29414.00,1
1777323436320,29344.00,1
1777323436346,29384.00,1
1777323436392,29344.00,1
1777323436418,29342.00,1
1777323436444,29483.00,1
1777323436490,29421.00,1
1777323436515,29367.00,1
1777323436562,29426.00,1
1777323436589,29422.00,1
1777323436615,29384.00,1
1777323436662,29289.00,1
1777323436687,29329.00,1
1777323436713,29429.00,1
1777323436761,29344.00,1
1777323436788,29329.00,1
1777323436814,29329.00,1
1777323436840,29322.00,1
1777323436886,29337.00,1
1777323436911,29377.00,1
1777323436958,29362.00,1
1777323436986,29417.00,1
1777323437012,29424.00,1
1777323437058,29476.00,1
1777323437083,29421.00,1
1777323437109,29421.00,1
1777323437142,29411.00,1
1777323437190,29461.00,1
1777323437217,29443.00,1
1777323437244,29369.00,1
1777323437291,29424.00,1
1777323437319,29337.00,1
1777323437352,29274.00,1
1777323437379,29314.00,1
1777323437406,29413.00,1
1777323437455,29399.00,1
1777323437482,29385.00,1
1777323437509,29379.00,1
1777323437556,29454.00,1
1777323437584,29469.00,1
1777323437611,29474.00,1
1777323437638,29414.00,1
1777323437686,29383.00,1
1777323437714,29344.00,1
1777323437746,29288.00,1
1777323437778,29328.00,1
1777323437805,29328.00,1
1777323437853,29343.00,1
1777323437881,29344.00,1
1777323437909,29384.00,1
1777323437937,29439.00,1
1777323437985,29479.00,1
1777323438012,29519.00,1
1777323438040,29519.00,1
1777323438067,29508.00,1
1777323438116,29655.00,1
1777323438145,29695.00,1
1777323438172,29735.00,1
1777323438200,29830.00,1
1777323438248,29790.00,1
1777323438277,29844.00,1
1777323438306,30133.00,1
1777323438334,30133.00,1
1777323438381,30078.00,1
1777323438408,30023.00,1
1777323438437,30023.00,1
1777323438464,30023.00,1
1777323438513,30014.00,1
1777323438544,29974.00,1
1777323438573,30029.00,1
1777323438602,30029.00,1
1777323438629,30029.00,1
1777323438679,29934.00,1
1777323438709,29919.00,1
1777323438737,30049.00,1
1777323438766,30049.00,1
1777323438813,30144.00,1
1777323438843,30159.00,1
1777323438871,30159.00,1
1777323438899,30159.00,1
1777323438927,30055.00,1
1777323438976,30000.00,1
1777323439004,29945.00,1
1777323439039,29945.00,1
1777323439067,29945.00,1
1777323439095,29945.00,1
1777323439146,30025.00,1
1777323439174,30025.00,1
1777323439204,30025.00,1
1777323439232,30025.00,1
1777323439262,30025.00,1
1777323439290,30025.00,1
1777323439339,29970.00,1
1777323439369,29960.00,1
1777323439399,29960.00,1
1777323439429,30015.00,1
1777323439462,30058.00,1
1777323439492,29975.00,1
1777323439543,30015.00,1
1777323439574,30012.00,1
1777323439603,30059.00,1
1777323439633,30004.00,1
1777323439675,30059.00,1
1777323439706,30114.00,1
1777323439737,30065.00,1
1777323439769,30000.00,1
1777323439799,30055.00,1
1777323439830,30055.00,1
1777323439862,30000.00,1
1777323439893,30055.00,1
1777323439923,30055.00,1
1777323439953,30055.00,1
1777323440005,30082.00,1
1777323440036,30067.00,1
1777323440066,30027.00,1
1777323440097,30137.00,1
1777323440128,30152.00,1
1777323440160,30082.00,1
1777323440191,30025.00,1
1777323440222,30025.00,1
1777323440253,30025.00,1
1777323440305,29970.00,1
1777323440337,29970.00,1
1777323440368,29970.00,1
1777323440399,30036.00,1
1777323440430,30091.00,1
1777323440461,30091.00,1
1777323440491,30061.00,1
1777323440522,30091.00,1
1777323440553,30091.00,1
1777323440584,30091.00,1
1777323440616,30069.00,1
1777323440668,30069.00,1
1777323440697,30014.00,1
1777323440727,30069.00,1
1777323440759,30084.00,1
1777323440790,30014.00,1
1777323440822,30025.00,1
1777323440854,30025.00,1
1777323440893,30025.00,1
1777323440934,30120.00,1
1777323440966,30145.00,1
1777323440998,30025.00,1
1777323441030,30010.00,1
1777323441062,30273.00,1
1777323441093,30178.00,1
1777323441125,30163.00,1
1777323441157,30273.00,1
1777323441188,30273.00,1
1777323441220,30273.00,1
1777323441251,30157.00,1
1777323441283,30147.00,1
1777323441315,30102.00,1
1777323441357,30122.00,1
1777323441390,30157.00,1
1777323441422,30212.00,1
1777323441454,30190.00,1
1777323441487,30201.00,1
1777323441519,30256.00,1
1777323441559,30146.00,1
1777323441591,30146.00,1
1777323441622,30146.00,1
1777323441654,30146.00,1
1777323441686,30239.00,1
1777323441719,30195.00,1
1777323441754,30129.00,1
1777323441785,30239.00,1
1777323441816,30239.00,1
1777323441847,30239.00,1
1777323441878,30297.00,1
1777323441909,30297.00,1
1777323441941,30242.00,1
1777323441979,30187.00,1
1777323442010,30187.00,1
1777323442042,30187.00,1
1777323442095,30214.00,1
1777323442127,30159.00,1
1777323442162,30089.00,1
1777323442197,30184.00,1
1777323442229,30144.00,1
1777323442260,30144.00,1
1777323442292,30199.00,1
1777323442325,30254.00,1
1777323442356,30254.00,1
1777323442389,30239.00,1
1777323442421,30104.00,1
1777323442453,30144.00,1
1777323442486,30144.00,1
1777323442517,30222.00,1
1777323442549,30220.00,1
1777323442583,30220.00,1
1777323442620,30260.00,1
1777323442653,30235.00,1
1777323442686,30275.00,1
1777323442716,30269.00,1
1777323442747,30269.00,1
1777323442778,30269.00,1
1777323442809,30269.00,1
1777323442840,30214.00,1
1777323442871,30203.00,1
1777323442904,30144.00,1
1777323442937,30096.00,1
1777323442970,30166.00,1
1777323443008,30166.00,1
1777323443050,30220.00,1
1777323443081,30141.00,1
1777323443113,30111.00,1
1777323443144,30115.00,1
1777323443176,30134.00,1
1777323443212,30075.00,1
1777323443250,30170.00,1
1777323443281,30170.00,1
1777323443313,30170.00,1
1777323443346,30165.00,1
1777323443378,30199.00,1
1777323443410,30254.00,1
1777323443458,30159.00,1
1777323443490,30159.00,1
1777323443522,30199.00,1
1777323443554,30202.00,1
1777323443587,30175.00,1
1777323443619,30175.00,1
1777323443659,30065.00,1
1777323443692,30127.00,1
1777323443725,30120.00,1
1777323443757,30120.00,1
1777323443789,30185.00,1
1777323443822,30225.00,1
1777323443851,30210.00,1
1777323443882,30187.00,1
1777323443913,30185.00,1
1777323443946,30185.00,1
1777323443980,30214.00,1
1777323444012,30214.00,1
1777323444044,30179.00,1
1777323444089,30174.00,1
1777323444121,30174.00,1
1777323444153,30214.00,1
1777323444185,30147.00,1
1777323444218,30122.00,1
1777323444250,30122.00,1
1777323444289,30012.00,1
1777323444321,30012.00,1
1777323444353,30067.00,1
1777323444385,30067.00,1
1777323444417,30156.00,1
1777323444449,30156.00,1
1777323444478,30101.00,1
1777323444509,30156.00,1
1777323444541,30196.00,1
1777323444572,30251.00,1
1777323444604,30254.00,1
1777323444635,30254.00,1
1777323444667,30254.00,1
1777323444698,30254.00,1
1777323444729,30254.00,1
1777323444759,30199.00,1
1777323444790,30188.00,1
1777323444822,30117.00,1
1777323444875,30092.00,1
1777323444906,30073.00,1
1777323444939,30092.00,1
1777323444969,30037.00,1
1777323445000,30077.00,1
1777323445031,30169.00,1
1777323445062,30159.00,1
1777323445092,30109.00,1
1777323445134,30146.00,1
1777323445166,30169.00,1
1777323445197,30169.00,1
1777323445229,30129.00,1
1777323445260,30209.00,1
1777323445291,30209.00,1
1777323445324,30209.00,1
1777323445355,30264.00,1
1777323445386,30264.00,1
1777323445418,30264.00,1
1777323445471,30208.00,1
1777323445504,30181.00,1
1777323445537,30120.00,1
1777323445569,30177.00,1
1777323445602,30122.00,1
1777323445634,30067.00,1
1777323445667,30114.00,1
1777323445700,30169.00,1
1777323445734,30105.00,1
1777323445770,30135.00,1
1777323445802,30131.00,1
1777323445833,30134.00,1
1777323445862,30208.00,1
1777323445893,30223.00,1
1777323445925,30278.00,1
1777323445957,30256.00,1
1777323445989,30278.00,1
1777323446022,30223.00,1
1777323446054,30223.00,1
1777323446085,30080.00,1
1777323446117,30147.00,1
1777323446158,30092.00,1
1777323446200,30115.00,1
1777323446232,30052.00,1
1777323446264,30067.00,1
1777323446295,30199.00,1
1777323446327,30231.00,1
1777323446363,30177.00,1
1777323446399,30217.00,1
1777323446431,30223.00,1
1777323446463,30217.00,1
1777323446495,30229.00,1
1777323446526,30229.00,1
1777323446557,30284.00,1
1777323446587,30284.00,1
1777323446617,30284.00,1
1777323446647,30284.00,1
1777323446679,30284.00,1
1777323446710,30282.00,1
1777323446741,30227.00,1
1777323446794,30136.00,1
1777323446825,30201.00,1
1777323446855,30212.00,1
1777323446885,30227.00,1
1777323446916,30184.00,1
1777323446947,30239.00,1
1777323446978,30239.00,1
1777323447006,30239.00,1
1777323447058,30144.00,1
1777323447088,30184.00,1
1777323447119,30258.00,1
1777323447150,30258.00,1
1777323447181,30258.00,1
1777323447210,30258.00,1
1777323447239,30258.00,1
1777323447291,30203.00,1
1777323447322,30148.00,1
1777323447353,30240.00,1
1777323447385,30320.00,1
1777323447416,30252.00,1
1777323447452,30307.00,1
1777323447483,30307.00,1
1777323447513,30307.00,1
1777323447543,30221.00,1
1777323447572,30221.00,1
1777323447621,30166.00,1
1777323447656,30166.00,1
1777323447686,30166.00,1
1777323447715,30166.00,1
1777323447851,29545.00,1
1777323447963,29340.00,1
1777323447987,29340.00,1
1777323448012,29434.00,1
1777323448056,29094.00,1
1777323448081,29189.00,1
1777323448125,29094.00,1
1777323448150,29039.00,1
1777323448195,29094.00,1
1777323448219,29119.00,1
1777323448244,29079.00,1
1777323448289,29039.00,1
1777323448313,29079.00,1
1777323448358,28984.00,1
1777323448383,29046.00,1
1777323448407,29079.00,1
1777323448453,29079.00,1
1777323448478,29092.00,1
1777323448524,29145.00,1
1777323448549,29147.00,1
1777323448574,29092.00,1
1777323448619,29147.00,1
1777323448644,29202.00,1
1777323448690,29144.00,1
1777323448715,29128.00,1
1777323448740,29177.00,1
1777323448786,29128.00,1
1777323448811,29073.00,1
1777323448857,29088.00,1
1777323448882,29064.00,1
1777323448908,29061.00,1
1777323448954,29024.00,1
1777323448979,29064.00,1
1777323449005,29119.00,1
1777323449051,29118.00,1
1777323449076,29064.00,1
1777323449122,29142.00,1
1777323449148,29111.00,1
1777323449173,29142.00,1
1777323449220,29141.00,1
1777323449246,29142.00,1
1777323449271,29197.00,1
1777323449318,29224.00,1
1777323449345,29224.00,1
1777323449371,29224.00,1
1777323449417,29169.00,1
1777323449443,29114.00,1
1777323449468,29169.00,1
1777323449513,29078.00,1
1777323449539,29093.00,1
1777323449585,29053.00,1
1777323449610,29053.00,1
1777323449636,29093.00,1
1777323449682,29067.00,1
1777323449708,28998.00,1
1777323449733,29082.00,1
1777323449779,29097.00,1
1777323449805,29042.00,1
1777323449851,29082.00,1
1777323449878,29122.00,1
1777323449904,29122.00,1
1777323449928,29067.00,1
1777323449975,29164.00,1
1777323450000,29192.00,1
1777323450047,29112.00,1
1777323450073,29047.00,1
1777323450100,29141.00,1
1777323450145,29024.00,1
1777323450171,29027.00,1
1777323450197,29009.00,1
1777323450244,29024.00,1
1777323450270,29024.00,1
1777323450297,29037.00,1
1777323450346,28969.00,1
1777323450375,29035.00,1
1777323450401,29035.00,1
1777323450427,29083.00,1
1777323450475,29185.00,1
1777323450502,29185.00,1
1777323450529,29235.00,1
1777323450576,29085.00,1
1777323450603,29172.00,1
1777323450630,29172.00,1
1777323450657,29172.00,1
1777323450705,29150.00,1
1777323450732,29117.00,1
1777323450759,29062.00,1
1777323450807,29094.00,1
1777323450835,29094.00,1
1777323450862,29094.00,1
1777323450910,28999.00,1
1777323450938,28999.00,1
1777323450966,29044.00,1
1777323451016,29062.00,1
1777323451044,29062.00,1
1777323451071,29077.00,1
1777323451099,29007.00,1
1777323451127,29007.00,1
1777323451175,29074.00,1
1777323451203,29132.00,1
1777323451230,29187.00,1
1777323451257,29187.00,1
1777323451305,29092.00,1
1777323451333,29062.00,1
1777323451362,29132.00,1
1777323451390,29077.00,1
1777323451424,29015.00,1
1777323451473,29039.00,1
1777323451501,29064.00,1
1777323451529,29079.00,1
1777323451557,29079.00,1
1777323451609,28984.00,1
1777323451641,29037.00,1
1777323451670,28997.00,1
1777323451699,28990.00,1
1777323451727,29045.00,1
1777323451755,29045.00,1
1777323451784,29140.00,1
1777323451832,29156.00,1
1777323451860,29184.00,1
1777323451888,29184.00,1
1777323451938,29089.00,1
1777323451967,29034.00,1
1777323451995,29103.00,1
1777323452024,29034.00,1
1777323452062,29092.00,1
1777323452091,29082.00,1
1777323452120,29039.00,1
1777323452170,28999.00,1
1777323452199,28999.00,1
1777323452228,28999.00,1
1777323452257,29063.00,1
1777323452287,29124.00,1
1777323452317,29179.00,1
1777323452367,29084.00,1
1777323452399,29084.00,1
1777323452430,29109.00,1
1777323452458,29069.00,1
1777323452488,29064.00,1
1777323452518,29064.00,1
1777323452549,29064.00,1
1777323452601,28969.00,1
1777323452632,29008.00,1
1777323452662,28994.00,1
1777323452698,29084.00,1
1777323452729,29084.00,1
1777323452761,29179.00,1
1777323452793,29274.00,1
1777323452823,29369.00,1
1777323452853,29409.00,1
1777323452885,29409.00,1
1777323452917,29919.00,1
1777323452950,30014.00,1
1777323453002,29919.00,1
1777323453034,29919.00,1
1777323453064,29959.00,1
1777323453094,29984.00,1
1777323453125,30236.00,1
1777323453155,30291.00,1
1777323453186,30291.00,1
1777323453217,30291.00,1
1777323453248,30291.00,1
1777323453299,30196.00,1
1777323453330,30085.00,1
1777323453361,30125.00,1
1777323453391,30097.00,1
1777323453422,30085.00,1
1777323453452,30125.00,1
1777323453483,30180.00,1
1777323453515,30070.00,1
1777323453546,30269.00,1
1777323453576,30269.00,1
1777323453628,30199.00,1
1777323453659,30174.00,1
1777323453689,30214.00,1
1777323453717,30214.00,1
1777323453748,30154.00,1
1777323453778,30169.00,1
1777323453808,30224.00,1
1777323453860,30169.00,1
1777323453892,30099.00,1
1777323453921,30074.00,1
1777323453954,30162.00,1
1777323453984,30162.00,1
1777323454014,30127.00,1
1777323454044,30162.00,1
1777323454074,30217.00,1
1777323454105,30177.00,1
1777323454156,30169.00,1
1777323454186,30089.00,1
1777323454217,30129.00,1
1777323454246,30129.00,1
1777323454276,30129.00,1
1777323454306,30184.00,1
1777323454336,30129.00,1
1777323454375,30141.00,1
1777323454405,30147.00,1
1777323454435,30202.00,1
1777323454486,30177.00,1
1777323454516,30092.00,1
1777323454551,30052.00,1
1777323454585,30110.00,1
1777323454617,30110.00,1
1777323454647,30070.00,1
1777323454678,30110.00,1
1777323454709,30165.00,1
1777323454739,30119.00,1
1777323454774,30055.00,1
1777323454805,30187.00,1
1777323454836,30187.00,1
1777323454867,30187.00,1
1777323454919,30092.00,1
1777323454951,30092.00,1
1777323454979,30077.00,1
1777323455009,30184.00,1
1777323455039,30199.00,1
1777323455070,30254.00,1
1777323455100,30254.00,1
1777323455131,30254.00,1
1777323455183,30159.00,1
1777323455217,30212.00,1
1777323455247,30252.00,1
1777323455278,30252.00,1
1777323455308,30212.00,1
1777323455339,30252.00,1
1777323455370,30307.00,1
1777323455404,30252.00,1
1777323455434,30228.00,1
1777323455464,30169.00,1
1777323455495,30224.00,1
1777323455546,30129.00,1
1777323455576,30169.00,1
1777323455606,30114.00,1
1777323455635,30177.00,1
1777323455665,30162.00,1
1777323455695,30177.00,1
1777323455726,30232.00,1
1777323455777,30207.00,1
1777323455813,30122.00,1
1777323455847,30159.00,1
1777323455878,30159.00,1
1777323455908,30199.00,1
1777323455940,30254.00,1
1777323455971,30208.00,1
1777323456003,30199.00,1
1777323456035,30199.00,1
1777323456066,30187.00,1
1777323456098,30187.00,1
1777323456128,30187.00,1
1777323456159,30187.00,1
1777323456189,30187.00,1
1777323456237,30099.00,1
1777323456267,30122.00,1
1777323456299,30162.00,1
1777323456329,30217.00,1
1777323456360,30217.00,1
1777323456390,30217.00,1
1777323456421,30232.00,1
1777323456450,30162.00,1
1777323456501,30199.00,1
1777323456594,30009.00,1
1777323456616,30073.00,1
1777323456660,29944.00,1
1777323456685,29824.00,1
1777323456729,29756.00,1
1777323456754,29769.00,1
1777323456778,29818.00,1
1777323456823,29824.00,1
1777323456847,29714.00,1
1777323456892,29774.00,1
1777323456917,29814.00,1
1777323456962,29869.00,1
1777323456986,29869.00,1
1777323457011,29869.00,1
1777323457057,29815.00,1
1777323457083,29839.00,1
1777323457128,29759.00,1
1777323457153,29744.00,1
1777323457178,29799.00,1
1777323457224,29854.00,1
1777323457249,29924.00,1
1777323457295,29749.00,1
1777323457320,29770.00,1
1777323457345,29789.00,1
1777323457390,29789.00,1
1777323457415,29789.00,1
1777323457461,29774.00,1
1777323457486,29734.00,1
1777323457511,29759.00,1
1777323457556,29774.00,1
1777323457581,29814.00,1
1777323457627,29836.00,1
1777323457652,29869.00,1
1777323457678,29869.00,1
1777323457725,29851.00,1
1777323457751,29849.00,1
1777323457776,29835.00,1
1777323457822,29904.00,1
1777323457849,29904.00,1
1777323457874,29904.00,1
1777323457921,29890.00,1
1777323457947,29852.00,1
1777323457973,29907.00,1
1777323458020,29852.00,1
1777323458046,29852.00,1
1777323458072,29898.00,1
1777323458118,29852.00,1
1777323458144,29782.00,1
1777323458170,29797.00,1
1777323458217,29852.00,1
1777323458244,29852.00,1
1777323458270,29852.00,1
1777323458317,29852.00,1
1777323458343,29854.00,1
1777323458369,29818.00,1
1777323458416,29763.00,1
1777323458443,29708.00,1
1777323458470,29708.00,1
1777323458517,29786.00,1
1777323458543,29708.00,1
1777323458569,29747.00,1
1777323458616,29769.00,1
1777323458643,29824.00,1
1777323458670,29824.00,1
1777323458717,29824.00,1
1777323458745,29714.00,1
1777323458773,29734.00,1
1777323458820,29789.00,1
1777323458847,29829.00,1
1777323458874,29884.00,1
1777323458910,29884.00,1
1777323458937,29884.00,1
1777323458984,29814.00,1
1777323459011,29744.00,1
1777323459038,29734.00,1
1777323459102,29759.00,1
1777323459129,29704.00,1
1777323459156,29744.00,1
1777323459182,29744.00,1
1777323459210,29839.00,1
1777323459238,29839.00,1
1777323459300,29744.00,1
1777323459327,29744.00,1
1777323459355,29814.00,1
1777323459382,29689.00,1
1777323459411,29807.00,1
1777323459438,29827.00,1
1777323459467,29827.00,1
1777323459516,29937.00,1
1777323459545,29937.00,1
1777323459571,29952.00,1
1777323459598,29814.00,1
1777323459647,29769.00,1
1777323459677,29714.00,1
1777323459706,29714.00,1
1777323459734,29714.00,1
1777323459784,29729.00,1
1777323459812,29714.00,1
1777323459842,29767.00,1
1777323459870,29768.00,1
1777323459898,29768.00,1
1777323459948,29768.00,1
1777323459977,29768.00,1
1777323460008,29713.00,1
1777323460038,29750.00,1
1777323460067,29774.00,1
1777323460096,29774.00,1
1777323460146,29789.00,1
1777323460176,29829.00,1
1777323460205,29884.00,1
1777323460233,29854.00,1
1777323460262,29839.00,1
1777323460291,29839.00,1
1777323460342,29784.00,1
1777323460371,29736.00,1
1777323460401,29784.00,1
1777323460433,29729.00,1
1777323460466,29769.00,1
1777323460496,29769.00,1
1777323460526,29769.00,1
1777323460577,29769.00,1
1777323460608,29769.00,1
1777323460641,29699.00,1
1777323460675,29781.00,1
1777323460708,29774.00,1
1777323460738,29774.00,1
1777323460768,29814.00,1
1777323460798,29869.00,1
1777323460828,29899.00,1
1777323460859,29814.00,1
1777323460889,29831.00,1
1777323460941,29776.00,1
1777323460973,29721.00,1
1777323461004,29776.00,1
1777323461035,29831.00,1
1777323461070,29721.00,1
1777323461100,29781.00,1
1777323461131,29781.00,1
1777323461161,29781.00,1
1777323461191,29781.00,1
1777323461221,29781.00,1
1777323461273,29781.00,1
1777323461307,29788.00,1
1777323461339,29788.00,1
1777323461370,29767.00,1
1777323461401,29763.00,1
1777323461432,29763.00,1
1777323461464,29763.00,1
1777323461494,29748.00,1
1777323461525,29880.00,1
1777323461556,29975.00,1
1777323461588,29990.00,1
1777323461619,29990.00,1
1777323461652,29990.00,1
1777323461704,29895.00,1
1777323461737,30162.00,1
1777323461769,30192.00,1
1777323461801,30067.00,1
1777323461833,30081.00,1
1777323461865,30137.00,1
1777323461896,30107.00,1
1777323461938,30114.00,1
1777323461970,30154.00,1
1777323462003,30114.00,1
1777323462035,30114.00,1
1777323462066,30144.00,1
1777323462098,30114.00,1
1777323462128,30147.00,1
1777323462158,30217.00,1
1777323462189,30192.00,1
1777323462221,30107.00,1
1777323462252,30099.00,1
1777323462286,30107.00,1
1777323462329,30107.00,1
1777323462370,30122.00,1
1777323462402,30067.00,1
1777323462435,30137.00,1
1777323462468,30107.00,1
1777323462500,30067.00,1
1777323462533,30082.00,1
1777323462569,30159.00,1
1777323462601,30159.00,1
1777323462633,30199.00,1
1777323462664,30159.00,1
1777323462696,30159.00,1
1777323462727,30199.00,1
1777323462757,30239.00,1
1777323462789,30229.00,1
1777323462819,30144.00,1
1777323462851,30189.00,1
1777323462883,30153.00,1
1777323462914,30199.00,1
1777323462946,30144.00,1
1777323462994,30085.00,1
1777323463026,30125.00,1
1777323463059,30155.00,1
1777323463092,30030.00,1
1777323463124,30070.00,1
1777323463156,30030.00,1
1777323463198,30159.00,1
1777323463229,30144.00,1
1777323463258,30144.00,1
1777323463288,30144.00,1
1777323463318,30184.00,1
1777323463350,30184.00,1
1777323463382,30089.00,1
1777323463413,30147.00,1
1777323463444,30202.00,1
1777323463476,30202.00,1
1777323463507,30202.00,1
1777323463537,30202.00,1
1777323463568,30202.00,1
1777323463623,30184.00,1
1777323463655,30144.00,1
1777323463686,30144.00,1
1777323463717,30184.00,1
1777323463750,30239.00,1
1777323463784,30161.00,1
1777323463826,30199.00,1
1777323463859,30157.00,1
1777323463889,30155.00,1
1777323463920,30160.00,1
1777323463951,30155.00,1
1777323463982,30195.00,1
1777323464012,30195.00,1
1777323464043,30301.00,1
1777323464074,30237.00,1
1777323464105,30332.00,1
1777323464135,30387.00,1
1777323464166,30347.00,1
1777323464198,30292.00,1
1777323464251,30182.00,1
1777323464284,30222.00,1
1777323464316,30277.00,1
1777323464347,30277.00,1
1777323464379,30277.00,1
1777323464412,30222.00,1
1777323464453,30116.00,1
1777323464484,30208.00,1
1777323464516,30267.00,1
1777323464547,30267.00,1
1777323464579,30267.00,1
1777323464611,30227.00,1
1777323464640,30212.00,1
1777323464670,30298.00,1
1777323464700,30298.00,1
1777323464731,30298.00,1
1777323464762,30298.00,1
1777323464794,30323.00,1
1777323464826,30298.00,1
1777323464977,29583.00,1
1777323465001,29625.00,1
1777323465046,29530.00,1
1777323465072,29478.00,1
1777323465097,29525.00,1
1777323465142,29570.00,1
1777323465167,29575.00,1
1777323465192,29565.00,1
1777323465238,29590.00,1
1777323465263,29620.00,1
1777323465310,29525.00,1
1777323465335,29565.00,1
1777323465360,29667.00,1
1777323465407,29516.00,1
1777323465433,29556.00,1
1777323465458,29501.00,1
1777323465505,29516.00,1
1777323465530,29541.00,1
1777323465577,29556.00,1
1777323465602,29625.00,1
1777323465627,29625.00,1
1777323465673,29570.00,1
1777323465701,29515.00,1
1777323465726,29562.00,1
1777323465773,29555.00,1
1777323465798,29592.00,1
1777323465824,29537.00,1
1777323465871,29552.00,1
1777323465896,29552.00,1
1777323465921,29592.00,1
1777323465967,29620.00,1
1777323465993,29647.00,1
1777323466041,29555.00,1
1777323466067,29585.00,1
1777323466093,29530.00,1
1777323466122,29530.00,1
1777323466170,29545.00,1
1777323466197,29555.00,1
1777323466224,29585.00,1
1777323466271,29585.00,1
1777323466645,28540.00,1
1777323466959,25874.00,1
1777323467008,25859.00,1
1777323467035,25874.00,1
1777323467062,25874.00,1
1777323467088,25840.00,1
1777323467135,25834.00,1
1777323467161,25769.00,1
1777323467187,25769.00,1
1777323467234,25744.00,1
1777323467261,25719.00,1
1777323467287,25716.00,1
1777323467335,25823.00,1
1777323467361,25714.00,1
1777323467387,25850.00,1
1777323467414,25850.00,1
1777323467460,25905.00,1
1777323467487,25905.00,1
1777323467514,25905.00,1
1777323467562,25850.00,1
1777323467596,25744.00,1
1777323467623,25744.00,1
1777323467651,25744.00,1
1777323467678,25799.00,1
1777323467726,25799.00,1
1777323467753,25854.00,1
1777323467780,25744.00,1
1777323467828,25816.00,1
1777323467855,25843.00,1
1777323467881,25855.00,1
1777323467928,25746.00,1
1777323467955,25785.00,1
1777323467982,25731.00,1
1777323468012,25697.00,1
1777323468061,25762.00,1
1777323468088,25817.00,1
1777323468116,25817.00,1
1777323468143,25817.00,1
1777323468191,25762.00,1
1777323468227,25714.00,1
1777323468254,25714.00,1
1777323468281,25714.00,1
1777323468330,25729.00,1
1777323468358,25729.00,1
1777323468386,25797.00,1
1777323468413,25714.00,1
1777323468441,25747.00,1
1777323468490,25652.00,1
1777323468518,25652.00,1
1777323468545,25698.00,1
1777323468573,25747.00,1
1777323468620,25747.00,1
1777323468649,25709.00,1
1777323468676,25692.00,1
1777323468725,25732.00,1
1777323468754,25747.00,1
1777323468783,25802.00,1
1777323468811,25802.00,1
1777323468859,25769.00,1
1777323468886,25714.00,1
1777323468915,25714.00,1
1777323468943,25714.00,1
1777323468971,25714.00,1
1777323469021,25738.00,1
1777323469049,25712.00,1
1777323469078,25758.00,1
1777323469107,25758.00,1
1777323469157,25663.00,1
1777323469186,25608.00,1
1777323469214,25686.00,1
1777323469242,25703.00,1
1777323469276,25633.00,1
1777323469304,25640.00,1
1777323469355,25680.00,1
1777323469388,25691.00,1
1777323469418,25750.00,1
1777323469448,25750.00,1
1777323469477,25787.00,1
1777323469507,25824.00,1
1777323469536,25824.00,1
1777323469586,25754.00,1
1777323469618,25769.00,1
1777323469647,25754.00,1
1777323469678,25699.00,1
1777323469708,25717.00,1
1777323469739,25717.00,1
1777323469769,25732.00,1
1777323469820,25637.00,1
1777323469850,25648.00,1
1777323469879,25743.00,1
1777323469910,26033.00,1
1777323469940,26097.00,1
1777323469969,26126.00,1
1777323470021,26141.00,1
1777323470052,26126.00,1
1777323470082,26156.00,1
1777323470125,26268.00,1
1777323470157,26314.00,1
1777323470188,26314.00,1
1777323470219,26314.00,1
1777323470249,26314.00,1
1777323470280,26314.00,1
1777323470309,26299.00,1
1777323470338,26403.00,1
1777323470368,26341.00,1
1777323470398,26348.00,1
1777323470450,26308.00,1
1777323470481,26323.00,1
1777323470511,26278.00,1
1777323470544,26330.00,1
1777323470574,26370.00,1
1777323470603,26370.00,1
1777323470633,26370.00,1
1777323470663,26370.00,1
1777323470714,26343.00,1
1777323470757,26305.00,1
1777323470788,26360.00,1
1777323470819,26360.00,1
1777323470849,26360.00,1
1777323470879,26375.00,1
1777323470910,26360.00,1
1777323470940,26305.00,1
1777323470969,26339.00,1
1777323470999,26339.00,1
1777323471028,26339.00,1
1777323471058,26394.00,1
1777323471108,26299.00,1
1777323471139,26244.00,1
1777323471170,26299.00,1
1777323471198,26299.00,1
1777323471228,26299.00,1
1777323471278,26354.00,1
1777323471308,26434.00,1
1777323471426,26529.00,1
1777323471450,26722.00,1
1777323471474,26817.00,1
1777323471498,26912.00,1
1777323471543,27007.00,1
1777323471567,27102.00,1
1777323471611,27197.00,1
1777323471635,27235.00,1
1777323471680,28072.00,1
1777323471705,28112.00,1
1777323471729,28207.00,1
1777323471774,28357.00,1
1777323471798,28452.00,1
1777323471843,28547.00,1
1777323471867,29317.00,1
1777323471912,29412.00,1
1777323471936,29397.00,1
1777323471961,29485.00,1
1777323472006,29492.00,1
1777323472031,29437.00,1
1777323472077,29677.00,1
1777323472102,29677.00,1
1777323472126,29686.00,1
1777323472171,29677.00,1
1777323472196,29677.00,1
1777323472242,29677.00,1
1777323472267,29637.00,1
1777323472291,29777.00,1
1777323472338,29741.00,1
1777323472363,29700.00,1
1777323472409,29715.00,1
1777323472434,29715.00,1
1777323472458,29755.00,1
1777323472503,29707.00,1
1777323472529,29707.00,1
1777323472574,29715.00,1
1777323472599,29677.00,1
1777323472625,29740.00,1
1777323472671,29707.00,1
1777323472697,29612.00,1
1777323472722,29670.00,1
1777323472767,29685.00,1
1777323472793,29685.00,1
1777323472839,29630.00,1
1777323472864,29630.00,1
1777323472889,29676.00,1
1777323472936,29729.00,1
1777323472961,29674.00,1
1777323472986,29768.00,1
1777323473033,29729.00,1
1777323473060,29769.00,1
1777323473108,29674.00,1
1777323473134,29704.00,1
1777323473161,29704.00,1
1777323473187,29744.00,1
1777323473234,29704.00,1
1777323473261,29649.00,1
1777323473288,29664.00,1
1777323473335,29752.00,1
1777323473362,29767.00,1
1777323473388,29742.00,1
1777323473436,29727.00,1
1777323473463,29727.00,1
1777323473489,29767.00,1
1777323473538,29687.00,1
1777323473564,29654.00,1
1777323473590,29654.00,1
1777323473617,29739.00,1
1777323473664,29764.00,1
1777323473690,29764.00,1
1777323473717,29749.00,1
1777323473763,29722.00,1
1777323473789,29722.00,1
1777323473816,29747.00,1
1777323473864,29761.00,1
1777323473891,29713.00,1
1777323473917,29719.00,1
1777323473966,29731.00,1
1777323473993,29753.00,1
1777323474022,29793.00,1
1777323474049,29821.00,1
1777323474098,29753.00,1
1777323474126,29753.00,1
1777323474153,29793.00,1
1777323474180,29839.00,1
1777323474227,29744.00,1
1777323474256,29759.00,1
1777323474283,29689.00,1
1777323474332,29744.00,1
1777323474358,29784.00,1
1777323474384,29729.00,1
1777323474412,29736.00,1
1777323474460,29717.00,1
1777323474488,29641.00,1
1777323474516,29688.00,1
1777323474565,29641.00,1
1777323474594,29646.00,1
1777323474622,29694.00,1
1777323474650,29654.00,1
1777323474677,29695.00,1
1777323474725,29655.00,1
1777323474753,29655.00,1
1777323474782,29655.00,1
1777323474830,29759.00,1
1777323474859,29704.00,1
1777323474888,29798.00,1
1777323474915,29729.00,1
1777323474944,29763.00,1
1777323474994,29759.00,1
1777323475021,29695.00,1
1777323475050,29750.00,1
1777323475078,29750.00,1
1777323475106,29765.00,1
1777323475157,29695.00,1
1777323475185,29640.00,1
1777323475215,29640.00,1
1777323475258,29672.00,1
1777323475286,29695.00,1
1777323475314,29750.00,1
1777323475344,29695.00,1
1777323475373,29695.00,1
1777323475425,29600.00,1
1777323475461,29707.00,1
1777323475491,29652.00,1
1777323475521,29745.00,1
1777323475551,29677.00,1
1777323475581,29692.00,1
1777323475611,29677.00,1
1777323475639,29677.00,1
1777323475672,29646.00,1
1777323475701,29676.00,1
1777323475753,29695.00,1
1777323475785,29640.00,1
1777323475815,29640.00,1
1777323475845,29640.00,1
1777323475890,29695.00,1
1777323475920,29710.00,1
1777323475952,29685.00,1
1777323475984,29685.00,1
1777323476016,29685.00,1
1777323476048,29685.00,1
1777323476075,29685.00,1
1777323476104,29799.00,1
1777323476133,29854.00,1
1777323476185,29759.00,1
1777323476216,29759.00,1
1777323476245,29759.00,1
1777323476274,29744.00,1
1777323476303,29762.00,1
1777323476332,29711.00,1
1777323476384,29842.00,1
1777323476416,29882.00,1
1777323476447,29882.00,1
1777323476480,29867.00,1
1777323476511,30032.00,1
1777323476539,30122.00,1
1777323476566,30122.00,1
1777323476594,30122.00,1
1777323476645,30217.00,1
1777323476676,30177.00,1
1777323476704,30232.00,1
1777323476733,30254.00,1
1777323476762,30254.00,1
1777323476813,30159.00,1
1777323476844,30199.00,1
1777323476876,30184.00,1
1777323476909,30136.00,1
1777323476947,30308.00,1
1777323476990,30420.00,1
1777323477029,30768.00,1
1777323477070,31333.00,1
1777323477116,31283.00,1
1777323477164,31496.00,1
1777323477203,31803.00,1
1777323477241,32096.00,1
1777323477282,32445.00,1
1777323477328,32609.00,1
1777323477380,32802.00,1
1777323477420,33116.00,1
1777323477463,33412.00,1
1777323477504,33646.00,1
1777323477551,33800.00,1
1777323477593,34171.00,1
1777323477630,34507.00,1
1777323477668,34730.00,1
1777323477707,35098.00,1
1777323477853,35300.00,1
1777323477882,34939.00,1
1777323477911,35227.00,1
1777323477944,35583.00,1
1777323477979,35898.00,1
1777323478014,36132.00,1
1777323478048,36508.00,1
1777323478083,36801.00,1
1777323478119,37158.00,1
1777323478156,37371.00,1
1777323478193,37652.00,1
1777323478224,37981.00,1
1777323478257,38357.00,1
1777323478296,38623.00,1
1777323478332,39195.00,1
1777323478367,39179.00,1
1777323478406,39478.00,1
1777323478443,39802.00,1
1777323478481,40031.00,1
1777323478518,40250.00,1
1777323478554,40513.00,1
1777323478591,40834.00,1
1777323478626,41098.00,1
1777323478662,41582.00,1
1777323478701,41640.00,1
1777323478737,41995.00,1
1777323478774,42334.00,1
1777323478810,42544.00,1
1777323478843,42833.00,1
1777323478880,43204.00,1
1777323478917,43515.00,1
1777323478955,43748.00,1
1777323478995,44052.00,1
1777323479053,44622.00,1
1777323479089,44541.00,1
1777323479127,44838.00,1
1777323479168,45140.00,1
1777323479208,45471.00,1
1777323479266,45973.00,1
1777323479306,45855.00,1
1777323479347,46297.00,1
1777323479387,46465.00,1
1777323479432,46674.00,1
1777323479484,46963.00,1
1777323479522,47312.00,1
1777323479559,47886.00,1
1777323479595,47824.00,1
1777323479642,47946.00,1
1777323479701,48180.00,1
1777323479741,48554.00,1
1777323479782,48731.00,1
1777323479826,49029.00,1
1777323479876,49234.00,1
1777323479918,49575.00,1
1777323479959,49769.00,1
1777323479997,50130.00,1
1777323480037,50372.00,1
1777323480086,50566.00,1
1777323480129,50844.00,1
1777323480172,51165.00,1
1777323480213,51454.00,1
1777323480254,51981.00,1
1777323480333,51967.00,1
1777323480375,52297.00,1
1777323480417,52450.00,1
1777323480461,52741.00,1
1777323480538,52824.00,1
1777323480582,53025.00,1
1777323480625,53317.00,1
1777323480669,53490.00,1
1777323480752,53628.00,1
1777323480793,53984.00,1
1777323480834,54198.00,1
1777323480879,54442.00,1
1777323480966,54599.00,1
1777323481008,54848.00,1
1777323481052,55114.00,1
1777323481096,55190.00,1
1777323481395,55353.00,1
1777323481439,54496.00,1
1777323481468,54445.00,1
1777323481501,54748.00,1
1777323481536,55411.00,1
1777323481574,55353.00,1
1777323481613,55558.00,1
1777323481655,55929.00,1
1777323481693,56380.00,1
1777323481726,56484.00,1
1777323481763,56773.00,1
1777323481797,57094.00,1
1777323481835,57438.00,1
1777323481873,57815.00,1
1777323481906,58016.00,1
1777323481940,58118.00,1
1777323481974,58170.00,1
1777323482014,58190.00,1
1777323482053,58176.00,1
1777323482092,58207.00,1
1777323482130,58612.00,1
1777323482171,58957.00,1
1777323482208,58603.00,1
1777323482245,58303.00,1
1777323482292,58451.00,1
1777323482332,58582.00,1
1777323482370,58582.00,1
1777323482411,58950.00,1
1777323482459,58582.00,1
1777323482513,58543.00,1
1777323482556,58524.00,1
1777323482597,58518.00,1
1777323482637,58510.00,1
1777323482685,58121.00,1
1777323482727,58472.00,1
1777323482767,58483.00,1
1777323482808,59239.00,1
1777323482848,59287.00,1
1777323482899,59251.00,1
1777323482942,59044.00,1
1777323482982,59548.00,1
1777323483022,59212.00,1
1777323483071,58816.00,1
1777323483141,58450.00,1
1777323483183,58766.00,1
1777323483224,58442.00,1
1777323483265,58414.00,1
1777323483308,58315.00,1
1777323483377,58054.00,1
1777323483416,57921.00,1
1777323483457,57516.00,1
1777323483497,57516.00,1
1777323483572,57124.00,1
1777323483616,57528.00,1
1777323483658,57144.00,1
1777323483703,57144.00,1
1777323483787,56600.00,1
1777323483830,56656.00,1
1777323483870,56623.00,1
1777323484006,55413.00,1
1777323484040,55042.00,1
1777323484071,55026.00,1
1777323484104,55410.00,1
1777323484134,55420.00,1
1777323484166,55195.00,1
1777323484203,55255.00,1
1777323484238,55464.00,1
1777323484275,55478.00,1
1777323484308,55846.00,1
1777323484347,55605.00,1
1777323484386,55787.00,1
1777323484423,55997.00,1
1777323484480,55841.00,1
1777323484519,55754.00,1
1777323484559,55515.00,1
1777323484597,56100.00,1
1777323484634,55899.00,1
1777323484688,55935.00,1
1777323484726,55953.00,1
1777323484764,55961.00,1
1777323484803,55945.00,1
1777323484842,55995.00,1
1777323484903,55945.00,1
1777323484943,55894.00,1
1777323484985,55888.00,1
1777323485024,55898.00,1
1777323485066,55916.00,1
1777323485117,55841.00,1
1777323485153,55841.00,1
1777323485187,56204.00,1
1777323485224,55884.00,1
1777323485262,56027.00,1
1777323485314,56253.00,1
1777323485351,56660.00,1
1777323485388,56338.00,1
1777323485428,56704.00,1
1777323485467,56703.00,1
1777323485505,56714.00,1
1777323485543,56971.00,1
1777323485578,57013.00,1
1777323485617,57106.00,1
1777323485658,57138.00,1
1777323485699,57521.00,1
1777323485744,57570.00,1
1777323485898,57600.00,1
1777323485934,56800.00,1
1777323485963,56795.00,1
1777323485994,56873.00,1
1777323486023,56841.00,1
1777323486054,57257.00,1
1777323486089,57256.00,1
1777323486124,57661.00,1
1777323486163,57794.00,1
1777323486200,58248.00,1
1777323486236,58648.00,1
1777323486273,59040.00,1
1777323486309,59452.00,1
1777323486357,59836.00,1
1777323486395,60858.00,1
1777323486438,60488.00,1
1777323486478,60492.00,1
1777323486517,60453.00,1
1777323486560,60456.00,1
1777323486599,60545.00,1
1777323486638,60856.00,1
1777323486677,60549.00,1
1777323486714,60541.00,1
1777323486754,60549.00,1
1777323486793,60541.00,1
1777323486833,60515.00,1
1777323486873,60499.00,1
1777323486915,60521.00,1
1777323486956,60457.00,1
1777323487003,60111.00,1
1777323487041,60099.00,1
1777323487077,60092.00,1
1777323487115,60070.00,1
1777323487155,60150.00,1
1777323487213,60070.00,1
1777323487253,60114.00,1
1777323487417,58512.00,1
1777323487448,58494.00,1
1777323487482,58518.00,1
1777323487522,57900.00,1
1777323487557,58448.00,1
1777323487591,58832.00,1
1777323487630,58750.00,1
1777323487668,58562.00,1
1777323487702,58558.00,1
1777323487741,58915.00,1
1777323487778,58586.00,1
1777323487821,58568.00,1
1777323487866,58552.00,1
1777323487908,58485.00,1
1777323487942,58948.00,1
1777323487980,58580.00,1
1777323488017,58948.00,1
1777323488056,58952.00,1
1777323488098,59299.00,1
1777323488139,59181.00,1
1777323488180,59278.00,1
1777323488220,59260.00,1
1777323488256,59239.00,1
1777323488298,59390.00,1
1777323488336,59329.00,1
1777323488372,59547.00,1
1777323488408,59703.00,1
1777323488443,59717.00,1
1777323488500,59700.00,1
1777323488543,59739.00,1
1777323488585,59741.00,1
1777323488624,60213.00,1
1777323488667,60107.00,1
1777323488721,60134.00,1
1777323488763,60076.00,1
1777323488805,60119.00,1
1777323488847,60087.00,1
1777323488892,59729.00,1
1777323488937,60513.00,1
1777323488980,61020.00,1
1777323489018,61525.00,1
1777323489055,61482.00,1
1777323489105,60979.00,1
1777323489151,61079.00,1
1777323489193,60778.00,1
1777323489236,60818.00,1
1777323489278,60810.00,1
1777323489354,60392.00,1
1777323489397,60437.00,1
1777323489442,60228.00,1
1777323489484,60409.00,1
1777323489534,60349.00,1
1777323489582,60391.00,1
1777323489623,59988.00,1
1777323489664,59988.00,1
1777323489705,60006.00,1
1777323489784,59946.00,1
1777323489827,59556.00,1
1777323489869,59521.00,1
1777323489912,59845.00,1
1777323489993,59411.00,1
1777323490042,59122.00,1
1777323490083,59475.00,1
1777323490126,59514.00,1
1777323490201,59102.00,1
1777323490248,58698.00,1
1777323490292,59074.00,1
1777323490340,58902.00,1
1777323490422,58262.00,1
1777323490467,58219.00,1
1777323490513,58243.00,1
1777323490591,57764.00,1
1777323490637,57410.00,1
1777323490681,57301.00,1
1777323490729,57629.00,1
1777323490784,57231.00,1
1777323490850,57647.00,1
1777323490898,58121.00,1
1777323490946,58121.00,1
1777323490992,57908.00,1
1777323491063,57524.00,1
1777323491111,57190.00,1
1777323491158,57180.00,1
1777323491203,56727.00,1
1777323491270,56697.00,1
1777323491316,56681.00,1
1777323491361,56689.00,1
1777323491421,56319.00,1
1777323491497,56210.00,1
1777323491543,55942.00,1
1777323491589,55826.00,1
1777323491903,52309.00,1
1777323491935,52309.00,1
1777323491969,52707.00,1
1777323492004,52693.00,1
1777323492042,52776.00,1
1777323492082,52697.00,1
1777323492125,52119.00,1
1777323492166,52432.00,1
1777323492204,52505.00,1
1777323492242,52487.00,1
1777323492280,52882.00,1
1777323492328,53292.00,1
1777323492365,53922.00,1
1777323492404,54486.00,1
1777323492443,53923.00,1
1777323492480,54303.00,1
1777323492518,54643.00,1
1777323492556,54307.00,1
1777323492595,54426.00,1
1777323492634,54520.00,1
1777323492672,54438.00,1
1777323492717,54424.00,1
1777323492762,54411.00,1
1777323492804,54106.00,1
1777323492840,54482.00,1
1777323492877,54476.00,1
1777323492915,54912.00,1
1777323492971,54094.00,1
1777323493010,54142.00,1
1777323493050,54183.00,1
1777323493091,54308.00,1
1777323493136,54162.00,1
1777323493185,54170.00,1
1777323493224,54171.00,1
1777323493262,54196.00,1
1777323493303,54263.00,1
1777323493348,54184.00,1
1777323493502,52624.00,1
1777323493533,52668.00,1
1777323493563,52996.00,1
1777323493593,52698.00,1
1777323493623,52851.00,1
1777323493652,53074.00,1
1777323493683,53820.00,1
1777323494245,42307.00,1
1777323494278,41904.00,1
1777323494310,41633.00,1
1777323494338,41661.00,1
1777323494371,41277.00,1
1777323494430,40937.00,1
1777323494465,40561.00,1
1777323494501,40240.00,1
1777323494544,39957.00,1
1777323494585,39875.00,1
1777323494624,33180.00,1
1777323494669,32450.00,1
1777323494711,32459.00,1
1777323494742,32136.00,1
1777323494772,32164.00,1
1777323494840,36214.00,1
1777323494881,41137.00,1
1777323494912,41064.00,1
1777323494943,41109.00,1
1777323494974,40760.00,1
1777323495004,39885.00,1
1777323495036,39859.00,1
1777323495087,39551.00,1
1777323495125,40119.00,1
1777323495155,39847.00,1
1777323495186,39859.00,1
1777323495218,39198.00,1
1777323495250,38899.00,1
1777323495280,38613.00,1
1777323495312,38251.00,1
1777323495346,38050.00,1
1777323495381,37965.00,1
1777323495419,37946.00,1
1777323495458,37023.00,1
1777323495496,36647.00,1
1777323495532,36311.00,1
1777323495566,36707.00,1
1777323495597,36721.00,1
1777323495629,36371.00,1
1777323495660,35501.00,1
1777323495692,35519.00,1
1777323495723,35111.00,1
1777323495753,34817.00,1
1777323496223,31854.00,1
1777323497361,23537.00,1
1777323498351,13064.00,1
1777323499314,11601.00,1
1777323500310,11880.00,1
1777323501212,12366.00,1
1777323501947,12114.00,1
1777323501975,12130.00,1
1777323502009,12346.00,1
1777323502044,12678.00,1
1777323502080,13062.00,1
1777323502114,13382.00,1
1777323502144,13064.00,1
1777323502183,13469.00,1
1777323502220,14183.00,1
1777323502256,14515.00,1
1777323502295,14903.00,1
1777323502334,15667.00,1
1777323502374,15997.00,1
1777323502412,16401.00,1
1777323502453,17478.00,1
1777323502490,17148.00,1
1777323502528,17562.00,1
1777323502572,18255.00,1
1777323502616,18671.00,1
1777323502657,19376.00,1
1777323502696,19792.00,1
1777323502736,20176.00,1
1777323502775,21238.00,1
1777323502816,20550.00,1
1777323502858,20960.00,1
1777323502900,21348.00,1
1777323502941,21756.00,1
1777323502983,22148.00,1
1777323503029,22865.00,1
1777323503070,23542.00,1
1777323503111,23570.00,1
1777323503147,23980.00,1
1777323503183,24364.00,1
1777323503226,24780.00,1
1777323503277,25806.00,1
1777323503316,26222.00,1
1777323503356,26606.00,1
1777323503396,26292.00,1
1777323503441,26036.00,1
1777323503481,27398.00,1
1777323503517,27784.00,1
1777323503555,28196.00,1
1777323503593,28950.00,1
1777323503646,28630.00,1
1777323503717,29660.00,1
1777323503760,30064.00,1
1777323503801,30611.00,1
1777323503838,30854.00,1
1777323503905,31501.00,1
1777323503949,32137.00,1
1777323503990,31833.00,1
1777323504029,31941.00,1
1777323504079,32357.00,1
1777323504126,33074.00,1
1777323504169,33811.00,1
1777323504211,33827.00,1
1777323504261,34243.00,1
1777323504340,34625.00,1
1777323504384,35635.00,1
1777323504427,36027.00,1
1777323504467,35715.00,1
1777323504544,35839.00,1
1777323504587,36939.00,1
1777323504630,37204.00,1
1777323504675,37692.00,1
1777323504754,37640.00,1
1777323504796,38953.00,1
1777323504836,39001.00,1
1777323504876,39385.00,1
1777323504934,39774.00,1
1777323504977,39465.00,1
1777323505019,40229.00,1
1777323505060,40617.00,1
1777323505102,41025.00,1
1777323505186,41417.00,1
1777323505231,42308.00,1
1777323505273,42704.00,1
1777323505336,42734.00,1
1777323505410,43138.00,1
1777323505463,44251.00,1
1777323505507,44493.00,1
1777323505571,44134.00,1
1777323505616,44297.00,1
1777323505666,45404.00,1
1777323505711,45820.00,1
1777323505768,46204.00,1
1777323505817,46620.00,1
1777323505860,46636.00,1
1777323505904,47757.00,1
1777323505968,48142.00,1
1777323506044,48550.00,1
1777323506090,47946.00,1
1777323506150,48903.00,1
1777323506249,49295.00,1
1777323506298,49683.00,1
1777323506344,50186.00,1
1777323506407,50467.00,1
1777323506458,50986.00,1
1777323506506,51370.00,1
1777323506810,51422.00,1
1777323506872,51844.00,1
1777323506912,52082.00,1
1777323506954,52644.00,1
1777323506996,53032.00,1
1777323507044,52926.00,1
1777323507087,53088.00,1
1777323507126,52788.00,1
1777323507163,52806.00,1
1777323507202,52810.00,1
1777323507246,52702.00,1
1777323507299,52822.00,1
1777323507343,52442.00,1
1777323507382,52822.00,1
1777323507419,52798.00,1
1777323507466,52458.00,1
1777323507509,52798.00,1
1777323507554,52443.00,1
1777323507595,52459.00,1
1777323507635,52454.00,1
1777323507680,52394.00,1
1777323507726,52424.00,1
1777323507769,52398.00,1
1777323507809,52435.00,1
1777323507853,52400.00,1
1777323507924,52055.00,1
1777323507967,52402.00,1
1777323508008,52039.00,1
1777323508048,52417.00,1
1777323508095,52039.00,1
1777323508137,51980.00,1
1777323508177,51980.00,1
1777323508216,51985.00,1
1777323508256,52352.00,1
1777323508310,51595.00,1
1777323508355,52019.00,1
1777323508398,52371.00,1
1777323508440,52384.00,1
1777323508481,52177.00,1
1777323508555,51654.00,1
1777323508599,51308.00,1
1777323508641,51664.00,1
1777323508683,52044.00,1
1777323508742,51665.00,1
1777323508784,51703.00,1
1777323508826,51734.00,1
1777323508869,52117.00,1
1777323508911,52118.00,1
1777323508991,51675.00,1
1777323509031,51707.00,1
1777323509072,51675.00,1
1777323509113,51707.00,1
1777323509195,51306.00,1
1777323509238,51293.00,1
1777323509280,51627.00,1
1777323509323,51649.00,1
1777323509405,51625.00,1
1777323509452,51253.00,1
1777323509497,51648.00,1
1777323509541,51661.00,1
1777323509619,51247.00,1
1777323509661,51192.00,1
1777323509705,51502.00,1
1777323509748,51763.00,1
1777323509836,51412.00,1
1777323509882,51198.00,1
1777323509927,51306.00,1
1777323509990,51161.00,1
1777323510061,50771.00,1
1777323510274,49518.00,1
1777323510310,49184.00,1
1777323510344,49575.00,1
1777323510381,49576.00,1
1777323510418,49896.00,1
1777323510454,49735.00,1
1777323510491,49877.00,1
1777323510541,49866.00,1
1777323510579,49989.00,1
1777323510617,50228.00,1
1777323510653,50260.00,1
1777323510684,50228.00,1
1777323510720,50285.00,1
1777323510756,50649.00,1
1777323510792,51001.00,1
1777323510830,50667.00,1
1777323510868,51050.00,1
1777323510907,50957.00,1
1777323510946,51035.00,1
1777323510982,51432.00,1
1777323511016,51421.00,1
1777323511051,51821.00,1
1777323511090,51897.00,1
1777323511133,51831.00,1
1777323511178,52338.00,1
1777323511212,52383.00,1
1777323511245,52662.00,1
1777323511281,52765.00,1
1777323511323,52735.00,1
1777323511360,52869.00,1
1777323511400,53444.00,1
1777323511440,53340.00,1
1777323511480,53346.00,1
1777323511519,53368.00,1
1777323511564,53732.00,1
1777323511607,54134.00,1
1777323511646,54540.00,1
1777323511687,54990.00,1
1777323511728,55368.00,1
1777323511770,55724.00,1
1777323511823,56799.00,1
1777323511864,56800.00,1
1777323511904,57470.00,1
1777323511944,56800.00,1
1777323511984,56800.00,1
1777323512021,56916.00,1
1777323512058,57091.00,1
1777323512099,57453.00,1
1777323512140,57087.00,1
1777323512193,57055.00,1
1777323512247,57249.00,1
1777323512287,57173.00,1
1777323512329,57442.00,1
1777323512367,57097.00,1
1777323512417,57097.00,1
1777323512460,57088.00,1
1777323512500,57106.00,1
1777323512541,57106.00,1
1777323512583,57106.00,1
1777323512640,57079.00,1
1777323512679,57154.00,1
1777323512718,57138.00,1
1777323512757,57136.00,1
1777323512798,57136.00,1
1777323512845,57075.00,1
1777323512888,57547.00,1
1777323512930,57441.00,1
1777323512970,57483.00,1
1777323513011,57510.00,1
1777323513088,57100.00,1
1777323513131,57205.00,1
1777323513173,57205.00,1
1777323513214,57205.00,1
1777323513269,57185.00,1
1777323513314,57944.00,1
1777323513354,57184.00,1
1777323513396,56832.00,1
1777323513438,57180.00,1
1777323513519,56978.00,1
1777323513563,57023.00,1
1777323513827,54743.00,1
1777323513863,54340.00,1
1777323513892,54060.00,1
1777323513923,54825.00,1
1777323513952,55202.00,1
1777323513983,55244.00,1
1777323514016,55212.00,1
1777323514049,55244.00,1
1777323514083,55200.00,1
1777323514122,55773.00,1
1777323514160,55636.00,1
1777323514196,55967.00,1
1777323514233,55891.00,1
1777323514272,56028.00,1
1777323514306,56059.00,1
1777323514340,56462.00,1
1777323514374,56463.00,1
1777323514410,56840.00,1
1777323514452,56803.00,1
1777323514507,56809.00,1
1777323514547,56975.00,1
1777323514587,57000.00,1
1777323514626,57346.00,1
1777323514665,57386.00,1
1777323514727,57006.00,1
1777323514768,57190.00,1
1777323514807,57381.00,1
1777323514849,57398.00,1
1777323514890,57734.00,1
1777323514938,57629.00,1
1777323514980,57798.00,1
1777323515019,58185.00,1
1777323515059,58151.00,1
1777323515104,57966.00,1
1777323515160,58590.00,1
1777323515198,59387.00,1
1777323515238,59665.00,1
1777323515277,60081.00,1
1777323515322,60057.00,1
1777323515364,60054.00,1
1777323515401,60078.00,1
1777323515439,60472.00,1
1777323515477,60076.00,1
1777323515522,59847.00,1
1777323515576,60076.00,1
1777323515616,60067.00,1
1777323515658,60039.00,1
1777323515698,59677.00,1
1777323515741,59684.00,1
1777323515778,59647.00,1
1777323515815,59745.00,1
1777323515853,60110.00,1
1777323515896,59749.00,1
1777323515954,59725.00,1
1777323516010,59338.00,1
1777323516050,59273.00,1
1777323516090,59305.00,1
1777323516131,59604.00,1
1777323516208,58889.00,1
1777323516250,58862.00,1
1777323516290,58862.00,1
1777323516329,58866.00,1
1777323516392,58472.00,1
1777323516432,58404.00,1
1777323516472,58422.00,1
1777323516512,58410.00,1
1777323516778,56421.00,1
1777323516812,55715.00,1
1777323516844,55468.00,1
1777323516876,55715.00,1
1777323516910,55735.00,1
1777323516949,56131.00,1
1777323516985,56099.00,1
1777323517020,55922.00,1
1777323517057,56005.00,1
1777323517096,55992.00,1
1777323517134,55968.00,1
1777323517171,55992.00,1
1777323517210,56557.00,1
1777323517258,56408.00,1
1777323517297,56042.00,1
1777323517339,56231.00,1
1777323517375,56408.00,1
1777323517412,56424.00,1
1777323517446,56353.00,1
1777323517480,56401.00,1
1777323517515,56401.00,1
1777323517553,56773.00,1
1777323517592,56431.00,1
1777323517630,56897.00,1
1777323517681,56721.00,1
1777323517719,56776.00,1
1777323517757,56804.00,1
1777323517799,56761.00,1
1777323517838,56850.00,1
1777323517897,56709.00,1
1777323517936,56872.00,1
1777323517978,56755.00,1
1777323518020,56662.00,1
1777323518070,56769.00,1
1777323518125,56731.00,1
1777323518163,56763.00,1
1777323518203,57099.00,1
1777323518242,56782.00,1
1777323518284,56591.00,1
1777323518324,56788.00,1
1777323518365,57158.00,1
1777323518405,57097.00,1
1777323518447,57159.00,1
1777323518490,57172.00,1
1777323518543,57245.00,1
1777323518586,57565.00,1
1777323518627,57959.00,1
1777323518666,58363.00,1
1777323518717,58614.00,1
1777323518759,59339.00,1
1777323519028,60013.00,1
1777323519066,56744.00,1
1777323519097,56647.00,1
1777323519126,56672.00,1
1777323519160,57033.00,1
1777323519198,57001.00,1
1777323519234,57033.00,1
1777323519270,56940.00,1
1777323519308,56915.00,1
1777323519345,56895.00,1
1777323519382,56893.00,1
1777323519421,56527.00,1
1777323519460,56904.00,1
1777323519510,56781.00,1
1777323519550,56954.00,1
1777323519590,56856.00,1
1777323519630,56824.00,1
1777323519668,56855.00,1
1777323519705,56800.00,1
1777323519745,56906.00,1
1777323519783,57245.00,1
1777323519819,56912.00,1
1777323519855,57187.00,1
1777323519897,56773.00,1
1777323519946,56975.00,1
1777323519987,57139.00,1
1777323520030,56842.00,1
1777323520070,57129.00,1
1777323520116,57052.00,1
1777323520158,57185.00,1
1777323520200,57026.00,1
1777323520242,57131.00,1
1777323520285,57116.00,1
1777323520328,56747.00,1
1777323520368,57090.00,1
1777323520410,57090.00,1
1777323520452,56726.00,1
1777323520495,57042.00,1
1777323520542,57247.00,1
1777323520581,57118.00,1
1777323520622,57110.00,1
1777323520664,57108.00,1
1777323520705,57163.00,1
1777323520750,57197.00,1
1777323520794,57178.00,1
1777323520840,56802.00,1
1777323521054,56778.00,1
1777323521096,54742.00,1
1777323521133,54774.00,1
1777323521172,55488.00,1
1777323521210,55436.00,1
1777323521245,55476.00,1
1777323521276,55490.00,1
1777323521309,55458.00,1
1777323521346,55507.00,1
1777323521385,55818.00,1
1777323521425,55846.00,1
1777323521462,55846.00,1
1777323521502,55861.00,1
1777323521536,55875.00,1
1777323521570,56273.00,1
1777323521601,56669.00,1
1777323521639,57079.00,1
1777323521679,57463.00,1
1777323521732,57879.00,1
1777323521770,58854.00,1
1777323521810,58855.00,1
1777323521848,59036.00,1
1777323521886,58843.00,1
1777323521924,58469.00,1
1777323521966,59043.00,1
1777323522004,59026.00,1
1777323522044,58669.00,1
1777323522084,58643.00,1
1777323522126,58339.00,1
1777323522169,58906.00,1
1777323522207,58653.00,1
1777323522248,58651.00,1
1777323522287,58643.00,1
1777323522333,58549.00,1
1777323522389,58619.00,1
1777323522428,58616.00,1
1777323522469,58220.00,1
1777323522510,58220.00,1
1777323522556,58206.00,1
1777323522596,58220.00,1
1777323522640,58167.00,1
1777323522680,58263.00,1
1777323522721,58267.00,1
1777323522770,58132.00,1
1777323522811,58263.00,1
1777323522860,58154.00,1
1777323522903,58239.00,1
1777323522944,58041.00,1
1777323523020,57841.00,1
1777323523065,57793.00,1
1777323523109,58188.00,1
1777323523151,57793.00,1
1777323523227,57409.00,1
1777323523272,57543.00,1
1777323523317,57378.00,1
1777323523359,57378.00,1
1777323523439,56992.00,1
1777323523487,56896.00,1
1777323523708,55456.00,1
1777323523742,55206.00,1
1777323523772,55137.00,1
1777323523803,55229.00,1
1777323523840,55629.00,1
1777323523873,56037.00,1
1777323523907,56421.00,1
1777323523945,56882.00,1
1777323523982,57266.00,1
1777323524017,57682.00,1
1777323524054,57683.00,1
1777323524091,57683.00,1
1777323524130,57683.00,1
1777323524164,57508.00,1
1777323524201,57869.00,1
1777323524240,57759.00,1
1777323524279,57855.00,1
1777323524324,57853.00,1
1777323524372,57461.00,1
1777323524413,57495.00,1
1777323524452,57489.00,1
1777323524497,57477.00,1
1777323524536,57499.00,1
1777323524576,57471.00,1
1777323524627,57527.00,1
1777323524665,57495.00,1
1777323524702,57527.00,1
1777323524740,57495.00,1
1777323524777,57527.00,1
1777323524839,57513.00,1
1777323524876,57518.00,1
1777323524916,57526.00,1
1777323524950,57558.00,1
1777323525001,57174.00,1
1777323525051,56791.00,1
1777323525090,57489.00,1
1777323525130,57705.00,1
1777323525347,55391.00,1
1777323525379,55763.00,1
1777323525411,55759.00,1
1777323525450,55709.00,1
1777323525486,55807.00,1
1777323525528,55950.00,1
1777323525568,55807.00,1
1777323525605,55703.00,1
1777323525643,55801.00,1
1777323525675,55747.00,1
1777323525711,56120.00,1
1777323525745,56352.00,1
1777323525783,56119.00,1
1777323525819,56452.00,1
1777323525857,56106.00,1
1777323525893,56512.00,1
1777323525928,56896.00,1
1777323525968,57194.00,1
1777323526026,57822.00,1
1777323526062,58237.00,1
1777323526100,58208.00,1
1777323526136,58240.00,1
1777323526172,57604.00,1
1777323526208,58240.00,1
1777323526249,58356.00,1
1777323526282,58384.00,1
1777323526317,57996.00,1
1777323526349,58237.00,1
1777323526388,58288.00,1
1777323526425,58380.00,1
1777323526463,58380.00,1
1777323526503,58328.00,1
1777323526546,58384.00,1
1777323526594,57974.00,1
1777323526659,57616.00,1
1777323526701,57925.00,1
1777323526739,57926.00,1
1777323526777,57851.00,1
1777323526817,57902.00,1
1777323526859,57926.00,1
1777323526900,57562.00,1
1777323526938,57544.00,1
1777323526976,57910.00,1
1777323527027,57516.00,1
1777323527064,57544.00,1
1777323527102,57912.00,1
1777323527139,58025.00,1
1777323527179,57568.00,1
1777323527229,57235.00,1
1777323527289,57364.00,1
1777323527332,57558.00,1
1777323527375,57489.00,1
1777323527417,57457.00,1
1777323527497,57458.00,1
1777323527541,57110.00,1
1777323527582,57096.00,1
1777323527622,57196.00,1
1777323527916,54353.00,1
1777323527950,54738.00,1
1777323527988,54765.00,1
1777323528024,54892.00,1
1777323528061,55151.00,1
1777323528100,55157.00,1
1777323528148,55122.00,1
1777323528187,55535.00,1
1777323528223,55504.00,1
1777323528261,55536.00,1
1777323528302,55344.00,1
1777323528345,55510.00,1
1777323528386,55892.00,1
1777323528423,55894.00,1
1777323528461,55890.00,1
1777323528516,55898.00,1
1777323528560,56370.00,1
1777323528751,55978.00,1
1777323528787,56073.00,1
1777323528819,56081.00,1
1777323528856,56071.00,1
1777323528892,56083.00,1
1777323528927,56077.00,1
1777323528981,56077.00,1
1777323529020,56010.00,1
1777323529059,55954.00,1
1777323529096,55999.00,1
1777323529134,55999.00,1
1777323529173,55988.00,1
1777323529209,55981.00,1
1777323529241,56078.00,1
1777323529273,56051.00,1
1777323529304,56055.00,1
1777323529336,56077.00,1
1777323529369,56461.00,1
1777323529410,56291.00,1
1777323529449,56395.00,1
1777323529482,56413.00,1
1777323529517,56349.00,1
1777323529553,56424.00,1
1777323529594,56781.00,1
1777323529639,56787.00,1
1777323529679,56440.00,1
1777323529718,56442.00,1
1777323529758,56410.00,1
1777323529794,56825.00,1
1777323529833,56546.00,1
1777323529874,56758.00,1
1777323529916,56879.00,1
1777323529958,56879.00,1
1777323530000,56879.00,1
1777323530048,57243.00,1
1777323530090,56858.00,1
1777323530134,56556.00,1
1777323530172,56886.00,1
1777323530212,57270.00,1
1777323530267,57686.00,1
1777323530310,58271.00,1
1777323530354,58579.00,1
1777323530398,58639.00,1
1777323530436,58273.00,1
1777323530478,58228.00,1
1777323530527,58358.00,1
1777323530715,56720.00,1
1777323530747,56538.00,1
1777323530777,56151.00,1
1777323530811,56157.00,1
1777323530848,56513.00,1
1777323530886,56507.00,1
1777323530922,56883.00,1
1777323530969,56510.00,1
1777323531011,56672.00,1
1777323531049,56470.00,1
1777323531085,56502.00,1
1777323531122,56838.00,1
1777323531162,56861.00,1
1777323531202,56458.00,1
1777323531241,56490.00,1
1777323531283,56458.00,1
1777323531323,56486.00,1
1777323531362,56015.00,1
1777323531400,56750.00,1
1777323531433,56437.00,1
1777323531469,56459.00,1
1777323531507,56469.00,1
1777323531544,56355.00,1
1777323531583,56475.00,1
1777323531622,56870.00,1
1777323531661,56871.00,1
1777323531699,57219.00,1
1777323531733,56871.00,1
1777323531774,56871.00,1
1777323531824,56811.00,1
1777323531862,56883.00,1
1777323531999,55695.00,1
1777323532039,55931.00,1
1777323532075,55935.00,1
1777323532112,55940.00,1
1777323532149,55601.00,1
1777323532186,55957.00,1
1777323532222,56332.00,1
1777323532260,56347.00,1
1777323532298,56341.00,1
1777323532336,56564.00,1
1777323532374,56290.00,1
1777323532415,56385.00,1
1777323532453,56751.00,1
1777323532489,56796.00,1
1777323532526,56796.00,1
1777323532566,56796.00,1
1777323532608,56798.00,1
1777323532650,57109.00,1
1777323532688,57589.00,1
1777323532729,57997.00,1
1777323532769,58391.00,1
1777323532809,58795.00,1
1777323532855,59201.00,1
1777323532903,59402.00,1
1777323532943,59550.00,1
1777323532983,59526.00,1
1777323533024,59654.00,1
1777323533076,59154.00,1
1777323533117,59584.00,1
1777323533155,59632.00,1
1777323533193,59591.00,1
1777323533233,59545.00,1
1777323533282,59606.00,1
1777323533336,59127.00,1
1777323533376,59298.00,1
1777323533419,59222.00,1
1777323533458,59246.00,1
1777323533501,59228.00,1
1777323533542,59202.00,1
1777323533584,59184.00,1
1777323533626,59568.00,1
1777323533669,59984.00,1
1777323533716,60368.00,1
1777323533759,61024.00,1
1777323533803,60998.00,1
1777323533842,60984.00,1
1777323533881,60972.00,1
1777323533924,60235.00,1
1777323533968,61065.00,1
1777323534010,61050.00,1
1777323534048,60702.00,1
1777323534088,60694.00,1
1777323534308,60486.00,1
1777323534365,58054.00,1
1777323534404,58104.00,1
1777323534444,58048.00,1
1777323534484,58058.00,1
1777323534524,58058.00,1
1777323534595,57611.00,1
1777323534636,57579.00,1
1777323534677,57611.00,1
1777323534720,57579.00,1
1777323534768,57575.00,1
1777323534809,57546.00,1
1777323534848,57572.00,1
1777323534888,57550.00,1
1777323534928,57581.00,1
1777323534983,56871.00,1
1777323535028,57162.00,1
1777323535072,57550.00,1
1777323535116,57527.00,1
1777323535157,57162.00,1
1777323535235,57123.00,1
1777323535278,57141.00,1
1777323535318,57141.00,1
1777323535359,57141.00,1
1777323535433,56707.00,1
1777323535478,56752.00,1
1777323535523,56707.00,1
1777323535566,56735.00,1
1777323535623,57091.00,1
1777323535670,57621.00,1
1777323535716,58013.00,1
1777323535756,58013.00,1
1777323535808,57975.00,1
1777323535874,57015.00,1
1777323536118,57321.00,1
1777323536175,54612.00,1
1777323536214,54990.00,1
1777323536257,54703.00,1
1777323536300,54622.00,1
1777323536349,54588.00,1
1777323536389,54553.00,1
1777323536429,54545.00,1
1777323536470,54553.00,1
1777323536511,54455.00,1
1777323536557,54048.00,1
1777323536600,54158.00,1
1777323536641,54160.00,1
1777323536681,54160.00,1
1777323536722,54128.00,1
1777323536774,54047.00,1
1777323536815,54489.00,1
1777323536854,54153.00,1
1777323536891,54489.00,1
1777323536930,54537.00,1
1777323536988,54921.00,1
1777323537028,55450.00,1
1777323537075,55063.00,1
1777323537116,54723.00,1
1777323537156,55063.00,1
1777323537200,55036.00,1
1777323537240,55112.00,1
1777323537280,54764.00,1
1777323537321,54735.00,1
1777323537364,54744.00,1
1777323537416,54703.00,1
1777323537458,54700.00,1
1777323537498,54901.00,1
1777323537536,54696.00,1
1777323537575,54696.00,1
1777323537626,54296.00,1
1777323537668,54786.00,1
1777323537709,54774.00,1
1777323537749,54788.00,1
1777323537790,54410.00,1
1777323537865,54396.00,1
1777323537908,54503.00,1
1777323537950,54448.00,1
1777323537992,54371.00,1
1777323538035,54309.00,1
1777323538077,54499.00,1
1777323538117,54483.00,1
1777323538342,54507.00,1
1777323538395,52738.00,1
1777323538434,52409.00,1
1777323538475,52392.00,1
1777323538516,53114.00,1
1777323538566,52358.00,1
1777323538606,52396.00,1
1777323538646,52364.00,1
1777323538688,52401.00,1
1777323538726,53053.00,1
1777323538778,52416.00,1
1777323538817,52503.00,1
1777323538857,52869.00,1
1777323538897,52858.00,1
1777323538938,52884.00,1
1777323538990,52487.00,1
1777323539030,52543.00,1
1777323539070,52913.00,1
1777323539111,52756.00,1
1777323540304,37402.00,1
1777323540365,37023.00,1
1777323540398,36714.00,1
1777323540433,36726.00,1
1777323540478,36358.00,1
1777323540527,35951.00,1
1777323540566,35638.00,1
1777323540606,35318.00,1
1777323540645,35298.00,1
1777323540684,34946.00,1
1777323540726,34228.00,1
1777323540906,34167.00,1
1777323540940,33078.00,1
1777323540968,33126.00,1
1777323541000,33158.00,1
1777323541034,33206.00,1
1777323541068,33238.00,1
1777323541102,33286.00,1
1777323541138,33318.00,1
1777323541172,32982.00,1
1777323541207,32598.00,1
1777323541241,32262.00,1
1777323541278,31880.00,1
1777323541306,31562.00,1
1777323541337,31578.00,1
1777323541370,31206.00,1
1777323541403,31212.00,1
1777323541438,30516.00,1
1777323541472,30472.00,1
1777323541508,30180.00,1
1777323541542,29908.00,1
1777323541583,29458.00,1
1777323541619,29098.00,1
1777323541651,32887.00,1
1777323541681,33202.00,1
1777323541714,32889.00,1
1777323541745,32571.00,1
1777323541781,32551.00,1
1777323541814,32227.00,1
1777323541850,31517.00,1
1777323541884,30809.00,1
1777323541919,30797.00,1
1777323541953,30457.00,1
1777323541989,30501.00,1
1777323542024,30489.00,1
1777323542061,30253.00,1
1777323542096,30157.00,1
1777323542131,30185.00,1
1777323542166,29467.00,1
1777323542202,29508.00,1
1777323542236,29064.00,1
1777323542266,28769.00,1
1777323542300,28046.00,1
1777323542336,28055.00,1
1777323542371,27352.00,1
1777323542403,27391.00,1
1777323542437,27010.00,1
1777323542474,26642.00,1
1777323542509,25926.00,1
1777323542546,25948.00,1
1777323542581,25248.00,1
1777323542613,25577.00,1
1777323542643,25482.00,1
1777323542675,25453.00,1
1777323542707,25744.00,1
1777323542738,25327.00,1
1777323542769,25278.00,1
1777323542928,24401.00,1
1777323542954,24056.00,1
1777323542980,24319.00,1
1777323543712,18896.00,1
1777323545544,14978.00,1
1777323547385,13079.00,1
1777323549269,9516.00,1
1777323551082,9516.00,1
1777323553038,9164.00,1
1777323554969,9164.00,1
1777323556967,9164.00,1
1777323559134,9160.00,1
1777323561346,9164.00,1
1777323563460,9164.00,1
1777323565526,9164.00,1
1777323567560,9164.00,1
1777323569557,9162.00,1
1777323571517,10524.00,1
1777323573524,9852.00,1
1777323575076,8763.00,1
1777323575654,7531.00,1
1777323575678,7611.00,1
1777323575701,7704.00,1
1777323575724,7784.00,1
1777323575768,7864.00,1
1777323575791,8301.00,1
1777323575835,8381.00,1
1777323575858,8448.00,1
1777323575902,8541.00,1
1777323575925,8621.00,1
1777323575969,8701.00,1
1777323575993,9141.00,1
1777323576037,9221.00,1
1777323576061,9301.00,1
1777323576085,9381.00,1
1777323576129,9461.00,1
1777323576153,9528.00,1
1777323576197,10002.00,1
1777323576222,10069.00,1
1777323576267,10162.00,1
1777323576292,10242.00,1
1777323576317,10322.00,1
1777323576362,10402.00,1
1777323576387,10482.00,1
1777323576432,10904.00,1
1777323576457,10971.00,1
1777323576503,11064.00,1
1777323576527,11080.00,1
1777323576551,11147.00,1
1777323576596,11240.00,1
1777323576621,11737.00,1
1777323576666,11817.00,1
1777323576691,11897.00,1
1777323576716,11977.00,1
1777323576761,12057.00,1
1777323576785,12124.00,1
1777323576831,12548.00,1
1777323576855,12615.00,1
1777323576879,12695.00,1
1777323576925,12788.00,1
1777323576950,12868.00,1
1777323576995,12948.00,1
1777323577020,13028.00,1
1777323577046,13509.00,1
1777323577091,13589.00,1
1777323577116,13656.00,1
1777323577162,13749.00,1
1777323577188,13829.00,1
1777323577213,13896.00,1
1777323577259,14349.00,1
1777323577283,14429.00,1
1777323577309,14509.00,1
1777323577355,13899.00,1
1777323577380,13979.00,1
1777323577426,14059.00,1
1777323577451,14126.00,1
1777323577475,14569.00,1
1777323577521,14662.00,1
1777323577546,14742.00,1
1777323577593,14822.00,1
1777323577619,14902.00,1
1777323577644,14982.00,1
1777323577690,15479.00,1
1777323577719,15546.00,1
1777323577745,15626.00,1
1777323577791,15719.00,1
1777323577816,15799.00,1
1777323577841,15866.00,1
1777323577888,16353.00,1
1777323577914,16433.00,1
1777323577939,16513.00,1
1777323577985,16593.00,1
1777323578010,16673.00,1
1777323578035,16753.00,1
1777323578081,16833.00,1
1777323578106,17286.00,1
1777323578152,17379.00,1
1777323578178,17459.00,1
1777323578203,17526.00,1
1777323578250,17619.00,1
1777323578276,17699.00,1
1777323578302,18139.00,1
1777323578347,18219.00,1
1777323578373,18299.00,1
1777323578420,18379.00,1
1777323578446,18459.00,1
1777323578472,18526.00,1
1777323578521,18979.00,1
1777323578545,18995.00,1
1777323578570,19075.00,1
1777323578618,19155.00,1
1777323578644,19235.00,1
1777323578670,19315.00,1
1777323578718,19395.00,1
1777323578747,19882.00,1
1777323578774,19962.00,1
1777323578800,20042.00,1
1777323578848,20135.00,1
1777323578875,20215.00,1
1777323578902,20295.00,1
1777323578950,20687.00,1
1777323578980,20754.00,1
1777323579007,20834.00,1
1777323579033,20927.00,1
1777323579081,21007.00,1
1777323579108,21087.00,1
1777323579134,21154.00,1
1777323579181,21607.00,1
1777323579209,21687.00,1
1777323579237,21767.00,1
1777323579264,21847.00,1
1777323579312,21927.00,1
1777323579340,21994.00,1
1777323579368,22485.00,1
1777323579394,22578.00,1
1777323579442,22658.00,1
1777323579470,22465.00,1
1777323579497,22532.00,1
1777323579546,22625.00,1
1777323579573,23074.00,1
1777323579599,23154.00,1
1777323579626,23234.00,1
1777323579676,23314.00,1
1777323579704,23381.00,1
1777323579730,23461.00,1
1777323579757,23541.00,1
1777323579802,23994.00,1
1777323579830,24074.00,1
1777323579859,24154.00,1
1777323579909,24234.00,1
1777323579937,24301.00,1
1777323579965,24394.00,1
1777323579994,24894.00,1
1777323580022,24974.00,1
1777323580071,25054.00,1
1777323580098,25054.00,1
1777323580128,25121.00,1
1777323580155,25201.00,1
1777323580205,25654.00,1
1777323580233,25734.00,1
1777323580263,25814.00,1
1777323580293,25894.00,1
1777323580323,25974.00,1
1777323580372,26054.00,1
1777323580402,26121.00,1
1777323580433,26516.00,1
1777323580462,26609.00,1
1777323580491,26689.00,1
1777323580521,26769.00,1
1777323580571,26849.00,1
1777323580600,26916.00,1
1777323580630,27416.00,1
1777323580664,27416.00,1
1777323580692,27403.00,1
1777323580721,27403.00,1
1777323580750,27403.00,1
1777323580802,27349.00,1
1777323580831,27353.00,1
1777323580859,27366.00,1
1777323580889,27353.00,1
1777323580919,27366.00,1
1777323580949,27366.00,1
1777323581001,27305.00,1
1777323581032,27340.00,1
1777323581063,27286.00,1
1777323581092,27251.00,1
1777323581121,27299.00,1
1777323581149,27312.00,1
1777323581199,27299.00,1
1777323581229,27277.00,1
1777323581258,27359.00,1
1777323581286,27359.00,1
1777323581315,27372.00,1
1777323581342,27372.00,1
1777323581392,27359.00,1
1777323581422,27359.00,1
1777323581450,27359.00,1
1777323581503,27356.00,1
1777323581531,27343.00,1
1777323581560,27276.00,1
1777323581590,27343.00,1
1777323581619,27343.00,1
1777323581649,27356.00,1
1777323581679,27343.00,1
1777323581716,27343.00,1
1777323581745,27343.00,1
1777323581795,27305.00,1
1777323581825,27356.00,1
1777323581853,27369.00,1
1777323581882,27426.00,1
1777323581910,27426.00,1
1777323581959,27346.00,1
1777323581988,27407.00,1
1777323582017,27400.00,1
1777323582046,27400.00,1
1777323582075,27400.00,1
1777323582124,27305.00,1
1777323582152,27356.00,1
1777323582182,27369.00,1
1777323582212,27369.00,1
1777323582240,27369.00,1
1777323582289,27325.00,1
1777323582318,27219.00,1
1777323582350,27299.00,1
1777323582379,27286.00,1
1777323582408,27286.00,1
1777323582458,27264.00,1
1777323582488,27248.00,1
1777323582518,27371.00,1
1777323582546,27384.00,1
1777323582575,27384.00,1
1777323582603,27384.00,1
1777323582655,27304.00,1
1777323582684,27371.00,1
1777323582713,27371.00,1
1777323582744,27362.00,1
1777323582773,27359.00,1
1777323582802,27372.00,1
1777323582852,27292.00,1
1777323582881,27346.00,1
1777323582911,27359.00,1
1777323582940,27342.00,1
1777323582981,27355.00,1
1777323583017,27342.00,1
1777323583047,27288.00,1
1777323583076,27355.00,1
1777323583106,27368.00,1
1777323583161,27289.00,1
1777323583196,27289.00,1
1777323583227,27289.00,1
1777323583256,27356.00,1
1777323583286,27289.00,1
1777323583315,27289.00,1
1777323583343,27343.00,1
1777323583375,27346.00,1
1777323583404,27359.00,1
1777323583434,27372.00,1
1777323583484,27292.00,1
1777323583514,27346.00,1
1777323583543,27359.00,1
1777323583571,27289.00,1
1777323583610,27302.00,1
1777323583640,27302.00,1
1777323583669,27302.00,1
1777323583719,27302.00,1
1777323583748,27302.00,1
1777323583777,27372.00,1
1777323583804,27372.00,1
1777323583832,27372.00,1
1777323583882,27311.00,1
1777323583911,27292.00,1
1777323583940,27359.00,1
1777323583969,27359.00,1
1777323584000,27355.00,1
1777323584031,27358.00,1
1777323584080,27355.00,1
1777323584110,27342.00,1
1777323584140,27355.00,1
1777323584169,27355.00,1
1777323584199,27343.00,1
1777323584227,27369.00,1
1777323584277,27289.00,1
1777323584306,27356.00,1
1777323584335,27369.00,1
1777323584364,27372.00,1
1777323584393,27382.00,1
1777323584443,27379.00,1
1777323584472,27366.00,1
1777323584501,27366.00,1
1777323584530,27366.00,1
1777323584559,27379.00,1
1777323584609,27299.00,1
1777323584635,27249.00,1
1777323584663,27329.00,1
1777323584692,27342.00,1
1777323584743,27262.00,1
1777323584772,27265.00,1
1777323584802,27316.00,1
1777323584832,27289.00,1
1777323584875,27235.00,1
1777323584946,27155.00,1
1777323584970,27155.00,1
1777323584993,27222.00,1
1777323585016,27216.00,1
1777323585060,27216.00,1
1777323585083,27229.00,1
1777323585128,27216.00,1
1777323585151,27229.00,1
1777323585196,27216.00,1
1777323585220,27216.00,1
1777323585264,27205.00,1
1777323585289,27219.00,1
1777323585334,27152.00,1
1777323585358,27219.00,1
1777323585382,27232.00,1
1777323585426,27232.00,1
1777323585450,27279.00,1
1777323585495,27218.00,1
1777323585519,27253.00,1
1777323585565,27266.00,1
1777323585589,27279.00,1
1777323585614,27266.00,1
1777323585659,27229.00,1
1777323585683,27229.00,1
1777323585727,27149.00,1
1777323585751,27229.00,1
1777323585796,27216.00,1
1777323585821,27216.00,1
1777323585845,27216.00,1
1777323585890,27204.00,1
1777323585914,27196.00,1
1777323585959,27137.00,1
1777323585984,27204.00,1
1777323586029,27217.00,1
1777323586053,27204.00,1
1777323586078,27277.00,1
1777323586123,27264.00,1
1777323586148,27251.00,1
1777323586193,27264.00,1
1777323586218,27277.00,1
1777323586243,27277.00,1
1777323586289,27175.00,1
1777323586314,27223.00,1
1777323586359,27143.00,1
1777323586384,27210.00,1
1777323586409,27236.00,1
1777323586455,27175.00,1
1777323586480,27223.00,1
1777323586525,27280.00,1
1777323586550,27280.00,1
1777323586575,27267.00,1
1777323586622,27280.00,1
1777323586648,27280.00,1
1777323586674,27283.00,1
1777323586719,27180.00,1
1777323586749,27167.00,1
1777323586775,27215.00,1
1777323586821,27228.00,1
1777323586847,27228.00,1
1777323586873,27215.00,1
1777323586919,27149.00,1
1777323586945,27216.00,1
1777323586970,27229.00,1
1777323587017,27216.00,1
1777323587042,27229.00,1
1777323587089,27152.00,1
1777323587115,27216.00,1
1777323587141,27206.00,1
1777323587170,27206.00,1
1777323587217,27171.00,1
1777323587243,27218.00,1
1777323587270,27219.00,1
1777323587317,27232.00,1
1777323587343,27241.00,1
1777323587368,27238.00,1
1777323587416,27158.00,1
1777323587443,27212.00,1
1777323587469,27212.00,1
1777323587516,27225.00,1
1777323587543,27216.00,1
1777323587569,27203.00,1
1777323587615,27149.00,1
1777323587641,27216.00,1
1777323587667,27229.00,1
1777323587715,27216.00,1
1777323587742,27216.00,1
1777323587768,27226.00,1
1777323587815,27172.00,1
1777323587842,27239.00,1
1777323587869,27252.00,1
1777323587916,27204.00,1
1777323587943,27252.00,1
1777323587969,27241.00,1
1777323588016,27228.00,1
1777323588043,27215.00,1
1777323588069,27215.00,1
1777323588115,27161.00,1
1777323588141,27228.00,1
1777323588167,27294.00,1
1777323588214,27229.00,1
1777323588242,27229.00,1
1777323588270,27229.00,1
1777323588296,27229.00,1
1777323588342,27229.00,1
1777323588370,27216.00,1
1777323588397,27215.00,1
1777323588445,27161.00,1
1777323588474,27228.00,1
1777323588501,27241.00,1
1777323588528,27241.00,1
1777323588575,27241.00,1
1777323588601,27289.00,1
1777323588627,27289.00,1
1777323588675,27228.00,1
1777323588703,27263.00,1
1777323588730,27276.00,1
1777323588779,27276.00,1
1777323588806,27216.00,1
1777323588831,27203.00,1
1777323588859,27216.00,1
1777323588908,27216.00,1
1777323588935,27229.00,1
1777323588962,27229.00,1
1777323588990,27229.00,1
1777323589043,27202.00,1
1777323589075,27269.00,1
1777323589104,27282.00,1
1777323589134,27282.00,1
1777323589162,27282.00,1
1777323589190,27285.00,1
1777323589239,27156.00,1
1777323589276,27223.00,1
1777323589304,27223.00,1
1777323589332,27223.00,1
1777323589359,27223.00,1
1777323589388,27236.00,1
1777323589438,27216.00,1
1777323589464,27216.00,1
1777323589492,27229.00,1
1777323589520,27229.00,1
1777323589575,27152.00,1
1777323589605,27216.00,1
1777323589634,27216.00,1
1777323589670,27149.00,1
1777323589712,27095.00,1
1777323589742,27162.00,1
1777323589772,27175.00,1
1777323589810,27175.00,1
1777323589838,27161.00,1
1777323589867,27244.00,1
1777323589896,27244.00,1
1777323589924,27324.00,1
1777323589950,27390.00,1
1777323589999,27244.00,1
1777323590028,27231.00,1
1777323590057,27298.00,1
1777323590090,27275.00,1
1777323590126,27355.00,1
1777323590156,27355.00,1
1777323590185,27355.00,1
1777323590235,27291.00,1
1777323590265,27342.00,1
1777323590294,27406.00,1
1777323590333,27419.00,1
1777323590362,27419.00,1
1777323590391,27352.00,1
1777323590419,27419.00,1
1777323590446,27406.00,1
1777323590495,27356.00,1
1777323590521,27369.00,1
1777323590549,27369.00,1
1777323590598,27296.00,1
1777323590627,27276.00,1
1777323590656,27343.00,1
1777323590684,27343.00,1
1777323590713,27283.00,1
1777323590751,27296.00,1
1777323590780,27296.00,1
1777323590830,27245.00,1
1777323590858,27232.00,1
1777323590886,27296.00,1
1777323590915,27415.00,1
1777323590966,27401.00,1
1777323590997,27335.00,1
1777323591027,27402.00,1
1777323591056,27415.00,1
1777323591085,27354.00,1
1777323591137,27292.00,1
1777323591174,27279.00,1
1777323591225,27324.00,1
1777323591255,27279.00,1
1777323591284,27346.00,1
1777323591314,27346.00,1
1777323591343,27343.00,1
1777323591382,27369.00,1
1777323591411,27359.00,1
1777323591440,27356.00,1
1777323591490,27305.00,1
1777323591519,27356.00,1
1777323591547,27302.00,1
1777323591576,27315.00,1
1777323591606,27315.00,1
1777323591656,27265.00,1
1777323591687,27235.00,1
1777323591717,27302.00,1
1777323591747,27369.00,1
1777323591778,27356.00,1
1777323591807,27356.00,1
1777323591857,27289.00,1
1777323591886,27276.00,1
1777323591916,27343.00,1
1777323591946,27343.00,1
1777323591980,27277.00,1
1777323592016,27357.00,1
1777323592047,27357.00,1
1777323592077,27357.00,1
1777323592105,27370.00,1
1777323592135,27370.00,1
1777323592186,27292.00,1
1777323592225,27289.00,1
1777323592254,27289.00,1
1777323592283,27289.00,1
1777323592311,27356.00,1
1777323592340,27356.00,1
1777323592368,27343.00,1
1777323592417,27353.00,1
1777323592445,27366.00,1
1777323592474,27366.00,1
1777323592501,27366.00,1
1777323592530,27366.00,1
1777323592580,27286.00,1
1777323592612,27403.00,1
1777323592644,27416.00,1
1777323592671,27416.00,1
1777323592698,27416.00,1
1777323592744,27429.00,1
1777323592771,27428.00,1
1777323592799,27359.00,1
1777323592847,27349.00,1
1777323592877,27279.00,1
1777323592906,27346.00,1
1777323592934,27346.00,1
1777323592963,27346.00,1
1777323593013,27353.00,1
1777323593042,27366.00,1
1777323593070,27366.00,1
1777323593100,27353.00,1
1777323593128,27366.00,1
1777323593177,27286.00,1
1777323593206,27340.00,1
1777323593235,27364.00,1
1777323593273,27377.00,1
1777323593302,27376.00,1
1777323593333,27377.00,1
1777323593361,27390.00,1
1777323593411,27326.00,1
1777323593440,27355.00,1
1777323593476,27355.00,1
1777323593505,27355.00,1
1777323593535,27333.00,1
1777323593563,27355.00,1
1777323593591,27368.00,1
1777323593641,27289.00,1
1777323593668,27343.00,1
1777323593694,27369.00,1
1777323593721,27369.00,1
1777323593771,27356.00,1
1777323593801,27356.00,1
1777323593830,27356.00,1
1777323593859,27286.00,1
1777323593898,27298.00,1
1777323593927,27286.00,1
1777323593956,27286.00,1
1777323593986,27286.00,1
1777323594036,27299.00,1
1777323594065,27369.00,1
1777323594092,27369.00,1
1777323594121,27369.00,1
1777323594150,27369.00,1
1777323594200,27289.00,1
1777323594229,27348.00,1
1777323594257,27356.00,1
1777323594293,27353.00,1
1777323594322,27369.00,1
1777323594349,27369.00,1
1777323594399,27305.00,1
1777323594428,27356.00,1
1777323594458,27369.00,1
1777323594488,27426.00,1
1777323594516,27426.00,1
1777323594566,27413.00,1
1777323594596,27426.00,1
1777323594626,27426.00,1
1777323594654,27426.00,1
1777323594704,27370.00,1
1777323594739,27368.00,1
1777323594770,27368.00,1
1777323594799,27356.00,1
1777323594827,27368.00,1
1777323594855,27381.00,1
1777323594884,27383.00,1
1777323594912,27343.00,1
1777323594950,27356.00,1
1777323594979,27343.00,1
1777323595029,27369.00,1
1777323595057,27356.00,1
1777323595084,27369.00,1
1777323595113,27429.00,1
1777323595161,27412.00,1
1777323595189,27413.00,1
1777323595218,27400.00,1
1777323595247,27413.00,1
1777323595276,27413.00,1
1777323595325,27381.00,1
1777323595352,27378.00,1
1777323595381,27378.00,1
1777323595409,27378.00,1
1777323595457,27298.00,1
1777323595485,27352.00,1
1777323595511,27365.00,1
1777323595557,27283.00,1
1777323595585,27363.00,1
1777323595613,27376.00,1
1777323595641,27376.00,1
1777323595692,27337.00,1
1777323595722,27362.00,1
1777323595751,27358.00,1
1777323595790,27304.00,1
1777323595819,27371.00,1
1777323595849,27384.00,1
1777323595876,27364.00,1
1777323595903,27371.00,1
1777323595953,27356.00,1
1777323595981,27369.00,1
1777323596011,27369.00,1
1777323596039,27369.00,1
1777323596089,27356.00,1
1777323596119,27343.00,1
1777323596147,27422.00,1
1777323596179,27377.00,1
1777323596215,27356.00,1
1777323596244,27369.00,1
1777323596273,27369.00,1
1777323596302,27369.00,1
1777323596351,27368.00,1
1777323596381,27298.00,1
1777323596422,27244.00,1
1777323596452,27244.00,1
1777323596482,27311.00,1
1777323596511,27324.00,1
1777323596540,27324.00,1
1777323596568,27327.00,1
1777323596618,27285.00,1
1777323596647,27365.00,1
1777323596677,27378.00,1
1777323596707,27378.00,1
1777323596737,27378.00,1
1777323596787,27262.00,1
1777323596819,27249.00,1
1777323596848,27329.00,1
1777323596876,27342.00,1
1777323596905,27342.00,1
1777323596935,27342.00,1
1777323597087,26871.00,1
1777323597112,26951.00,1
1777323597157,26951.00,1
1777323597182,27018.00,1
1777323597206,27031.00,1
1777323597251,27018.00,1
1777323597275,27005.00,1
1777323597320,26997.00,1
1777323597346,26997.00,1
1777323597392,26997.00,1
1777323597417,27064.00,1
1777323597442,27064.00,1
1777323597487,26984.00,1
1777323597512,27006.00,1
1777323597537,27006.00,1
1777323597582,27073.00,1
1777323597607,27073.00,1
1777323597653,27006.00,1
1777323597678,27006.00,1
1777323597704,26993.00,1
1777323597752,26949.00,1
1777323597777,26949.00,1
1777323597801,27009.00,1
1777323597847,27016.00,1
1777323597872,27029.00,1
1777323597917,26949.00,1
1777323597942,27005.00,1
1777323597988,27018.00,1
