Timestamp,SystemLatency
1777262330877,0.0000
1777262330939,60.6063
1777262330976,55.4313
1777262331004,59.0437
1777262331030,55.4584
1777262331056,51.4638
1777262331084,48.2545
1777262331115,45.2226
1777262331152,43.2358
1777262331180,41.2699
1777262331228,39.3285
1777262331257,39.0952
1777262331283,38.0165
1777262331330,36.6577
1777262331357,36.2273
1777262331388,35.8174
1777262331420,35.2875
1777262331449,34.7509
1777262331479,34.1723
1777262331530,33.6049
1777262331561,33.7702
1777262331589,33.6688
1777262331615,33.3293
1777262331644,32.7629
1777262331690,32.0364
1777262331716,31.7720
1777262331760,31.4368
1777262331786,31.4720
1777262331810,31.1554
1777262331857,30.7887
1777262331881,30.6864
1777262331925,30.3178
1777262331949,29.0979
1777262331973,28.2022
1777262332017,27.0040
1777262332040,25.7120
1777262332065,25.2586
1777262332110,24.4973
1777262332136,24.2236
1777262332181,24.1363
1777262332206,24.1712
1777262332252,23.7299
1777262332283,23.6274
1777262332309,23.8256
1777262332334,23.5872
1777262332379,22.9975
1777262332403,22.6789
1777262332450,22.4812
1777262332475,22.4920
1777262332500,22.3540
1777262332567,21.8153
1777262332618,21.8723
1777262332644,22.0613
1777262332668,22.4814
1777262332712,22.1515
1777262332736,22.1213
1777262332781,21.9081
1777262332805,22.0240
1777262332829,21.8809
1777262332876,21.6531
1777262332900,21.7787
1777262332925,21.5685
1777262332970,20.9386
1777262332994,21.1344
1777262333039,20.8280
1777262333063,20.8242
1777262333087,21.0906
1777262333132,20.6166
1777262333156,20.5408
1777262333201,20.4429
1777262333225,20.6397
1777262333279,20.3667
1777262333303,20.2626
1777262333347,20.2051
1777262333371,20.6687
1777262333395,20.6268
1777262333439,20.4012
1777262333463,20.1982
1777262333508,19.8917
1777262333531,20.0874
1777262333575,19.6319
1777262333599,19.2281
1777262333645,18.8058
1777262333678,18.3889
1777262333702,18.9190
1777262333747,18.9309
1777262333772,19.1944
1777262333797,18.9222
1777262333843,18.6571
1777262333910,18.8982
1777262333936,19.4216
1777262333959,20.2856
1777262333983,20.2238
1777262334026,20.1207
1777262334050,20.0364
1777262334094,20.0837
1777262334119,20.2569
1777262334164,20.3186
1777262334188,20.6917
1777262334233,20.4651
1777262334257,20.7920
1777262334302,20.5081
1777262334325,20.6679
1777262334352,20.6819
1777262334396,20.2530
1777262334421,20.7265
1777262334465,20.7456
1777262334490,21.1916
1777262334514,21.1015
1777262334559,21.0616
1777262334583,20.9978
1777262334628,21.0215
1777262334652,21.0513
1777262334697,20.9181
1777262334722,20.8794
1777262334747,20.8290
1777262334795,20.5276
1777262334820,20.9484
1777262334845,20.8368
1777262334890,20.4840
1777262334915,20.3263
1777262334961,19.7316
1777262334987,19.4066
1777262335011,19.8380
1777262335057,19.8045
1777262335082,20.1416
1777262335127,20.0007
1777262335152,20.4214
1777262335177,20.2738
1777262335222,20.1473
1777262335248,20.2002
1777262335293,20.0709
1777262335318,20.2224
1777262335345,20.1183
1777262335391,20.4077
1777262335416,20.6438
1777262335442,20.5716
1777262335488,20.4784
1777262335514,20.7169
1777262335539,21.0044
1777262335585,20.7332
1777262335615,21.1136
1777262335640,21.0447
1777262335686,20.9752
1777262335710,20.8212
1777262335735,20.7023
1777262335781,20.5882
1777262335805,20.4293
1777262335850,20.2305
1777262335875,20.6299
1777262335920,20.4428
1777262335951,20.9030
1777262335978,21.1459
1777262336006,21.0013
1777262336037,21.1243
1777262336084,20.9217
1777262336111,21.2025
1777262336138,20.9674
1777262336186,20.7846
1777262336214,21.2133
1777262336241,21.4050
1777262336267,21.4531
1777262336315,21.1341
1777262336343,20.9775
1777262336370,21.0639
1777262336418,20.9564
1777262336470,21.2496
1777262336496,21.9977
1777262336544,22.9873
1777262336570,24.9022
1777262336596,25.7115
1777262336621,25.9662
1777262336647,26.5471
1777262336693,26.2986
1777262336719,26.4655
1777262336745,26.5111
1777262336793,26.6307
1777262336837,27.3605
1777262336863,27.9921
1777262336890,28.6008
1777262336916,28.5700
1777262336943,28.3654
1777262336991,28.0167
1777262337018,28.2109
1777262337045,28.2881
1777262337071,28.4424
1777262337119,27.9052
1777262337146,27.9591
1777262337173,28.1600
1777262337221,27.7785
1777262337248,27.6747
1777262337278,28.3040
1777262337305,28.0595
1777262337353,27.6909
1777262337379,27.7942
1777262337405,27.8273
1777262337453,27.2568
1777262337481,27.1570
1777262337515,26.4683
1777262337542,26.3565
1777262337569,24.5155
1777262337617,23.2909
1777262337645,23.3060
1777262337673,23.3900
1777262337722,22.9771
1777262337749,23.1923
1777262337775,23.6425
1777262337801,23.5712
1777262337849,23.0927
1777262337876,22.2678
1777262337905,22.1502
1777262337937,21.9904
1777262337986,21.9735
1777262338014,21.9867
1777262338042,22.0289
1777262338071,22.0768
1777262338099,22.1872
1777262338149,21.8787
1777262338178,22.3536
1777262338207,22.2961
1777262338235,22.1938
1777262338284,22.0586
1777262338311,22.3529
1777262338337,22.6747
1777262338384,22.3734
1777262338411,22.8929
1777262338439,22.9615
1777262338467,22.8298
1777262338517,22.4248
1777262338583,23.0766
1777262338607,24.4607
1777262338631,24.5030
1777262338655,24.3844
1777262338699,24.1965
1777262338723,23.9545
1777262338768,23.3646
1777262338792,23.0557
1777262338837,23.2847
1777262338861,23.3615
1777262338885,23.1650
1777262338929,22.8108
1777262338954,22.8901
1777262338998,22.4830
1777262339023,22.2406
1777262339068,21.9236
1777262339092,22.0708
1777262339116,22.6634
1777262339162,22.1622
1777262339186,21.9903
1777262339232,21.8249
1777262339256,22.1145
1777262339302,21.8805
1777262339327,21.8130
1777262339352,21.9102
1777262339398,21.5958
1777262339422,21.4436
1777262339468,21.2617
1777262339493,21.6646
1777262339518,21.5964
1777262339564,21.2422
1777262339589,21.4396
1777262339614,19.5399
1777262339660,19.2924
1777262339685,19.6581
1777262339731,19.5209
1777262339756,19.9421
1777262339781,20.0713
1777262339826,20.0849
1777262339851,20.1266
1777262339896,20.0621
1777262339921,20.5959
1777262339946,20.6950
1777262339991,20.6786
1777262340016,20.7080
1777262340041,20.6937
1777262340088,20.2981
1777262340113,20.2019
1777262340158,20.4366
1777262340183,20.6531
1777262340207,20.5015
1777262340256,20.3392
1777262340283,20.5900
1777262340308,20.4277
1777262340354,19.9798
1777262340379,20.2375
1777262340424,19.9943
1777262340449,20.1829
1777262340474,19.9894
1777262340522,19.5604
1777262340548,19.7567
1777262340595,19.4115
1777262340621,19.6658
1777262340646,19.9740
1777262340692,19.7332
1777262340718,19.9783
1777262340745,19.9048
1777262340794,19.6936
1777262340821,19.9642
1777262340846,20.0225
1777262340893,20.0700
1777262340918,20.0424
1777262340943,19.9979
1777262340990,19.9865
1777262341015,20.0216
1777262341041,20.1833
1777262341088,20.2584
1777262341114,20.4182
1777262341139,20.5296
1777262341186,20.1625
1777262341213,20.3485
1777262341238,20.4533
1777262341284,20.0024
1777262341309,20.1198
1777262341335,20.2455
1777262341382,19.8377
1777262341409,20.0442
1777262341435,19.9959
1777262341480,19.5681
1777262341506,19.7929
1777262341553,19.6671
1777262341579,19.9914
1777262341604,19.9278
1777262341650,19.4873
1777262341676,19.7658
1777262341710,19.8875
1777262341736,19.8485
1777262341784,19.8988
1777262341811,20.0326
1777262341837,20.0045
1777262341883,19.9252
1777262341908,20.1123
1777262341933,19.8841
1777262341980,19.8770
1777262342005,19.9514
1777262342031,19.8751
1777262342078,19.5620
1777262342104,19.9342
1777262342156,20.5540
1777262342183,21.0261
1777262342255,23.4102
1777262342278,23.8213
1777262342322,23.7653
1777262342345,24.4339
1777262342389,24.1611
1777262342413,24.2853
1777262342436,24.2202
1777262342480,24.0867
1777262342503,23.9413
1777262342547,23.6409
1777262342570,23.3866
1777262342614,23.0278
1777262342638,23.1792
1777262342682,22.8781
1777262342705,22.6740
1777262342749,22.4633
1777262342773,22.5402
1777262342817,21.9713
1777262342841,21.8858
1777262342885,21.9227
1777262342909,21.8191
1777262342932,21.7772
1777262342976,21.6580
1777262342999,21.4176
1777262343043,21.0653
1777262343067,21.3561
1777262343111,20.9474
1777262343135,20.8053
1777262343179,20.3341
1777262343203,19.6704
1777262343247,19.6169
1777262343271,17.2622
1777262343315,17.3092
1777262343339,17.3883
1777262343362,17.4096
1777262343406,17.1366
1777262343430,16.9860
1777262343474,17.0535
1777262343498,17.0656
1777262343543,17.1754
1777262343567,17.2373
1777262343614,17.5513
1777262343637,17.8681
1777262343661,18.0400
1777262343706,17.6784
1777262343730,17.9056
1777262343775,17.6607
1777262343799,17.9094
1777262343844,17.7465
1777262343868,17.9575
1777262343892,17.6712
1777262343936,17.4460
1777262343960,17.6966
1777262344005,17.6548
1777262344029,17.9830
1777262344074,17.7858
1777262344099,18.1680
1777262344144,18.0095
1777262344168,18.3828
1777262344192,18.4564
1777262344237,18.2718
1777262344261,18.1844
1777262344306,18.0957
1777262344330,17.9250
1777262344376,17.7932
1777262344402,18.2791
1777262344426,18.2640
1777262344472,18.2398
1777262344497,18.2618
1777262344542,18.6483
1777262344567,18.8529
1777262344592,18.8015
1777262344637,18.3237
1777262344661,18.3532
1777262344707,18.3727
1777262344731,18.4127
1777262344756,18.6550
1777262344802,18.3069
1777262344832,18.3898
1777262344865,18.4116
1777262344893,18.5236
1777262344940,18.5308
1777262344966,18.7901
1777262345056,19.3592
1777262345079,19.4116
1777262345123,19.1125
1777262345146,19.3986
1777262345190,19.0904
1777262345214,19.1551
1777262345237,19.3997
1777262345281,18.9707
1777262345304,19.0556
1777262345348,18.5777
1777262345371,18.7547
1777262345415,18.2406
1777262345438,18.5725
1777262345482,18.3055
1777262345505,18.2888
1777262345549,18.0041
1777262345573,17.7536
1777262345617,17.8939
1777262345641,17.9029
1777262345685,18.1261
1777262345708,18.3288
1777262345732,18.1421
1777262345776,18.0310
1777262345800,17.9847
1777262345844,17.5761
1777262345867,17.3347
1777262345912,16.8842
1777262345936,16.9740
1777262345980,16.4829
1777262346004,16.7049
1777262346050,16.6354
1777262346074,16.4171
1777262346097,16.4851
1777262346142,16.1529
1777262346170,16.0466
1777262346215,15.9117
1777262346239,15.9554
1777262346263,16.1618
1777262346307,16.0511
1777262346350,16.3447
1777262346375,16.6763
1777262346400,16.9374
1777262346446,16.6371
1777262346471,16.9703
1777262346515,16.9935
1777262346540,17.4755
1777262346564,17.5719
1777262346610,17.4291
1777262346635,17.5134
1777262346680,17.5281
1777262346706,17.5668
1777262346730,17.6331
1777262346792,17.7486
1777262346817,18.7849
1777262346842,19.1153
1777262346867,19.3137
1777262346913,19.9193
1777262346938,20.2943
1777262346962,20.4916
1777262347008,20.2971
1777262347034,20.6201
1777262347060,20.4589
1777262347105,20.1916
1777262347130,20.5700
1777262347176,20.2957
1777262347200,20.7737
1777262347227,20.7544
1777262347275,20.6312
1777262347300,21.0913
1777262347326,21.1485
1777262347372,20.6423
1777262347397,20.6884
1777262347443,20.7436
1777262347468,20.8109
1777262347493,20.7989
1777262347540,20.5919
1777262347566,20.5385
1777262347612,20.7655
1777262347636,20.9946
1777262347661,21.1051
1777262347707,20.7969
1777262347733,20.8061
1777262347758,21.1516
1777262347804,20.8261
1777262347829,20.4326
1777262347876,19.9123
1777262347902,20.2417
1777262347927,20.0531
1777262347974,19.8706
1777262348008,20.4710
1777262348033,20.5871
1777262348060,20.8360
1777262348086,21.0299
1777262348132,20.6335
1777262348158,20.8824
1777262348203,20.8717
1777262348229,21.0680
1777262348254,21.2356
1777262348301,20.8474
1777262348328,21.0396
1777262348356,21.3145
1777262348404,21.0546
1777262348431,21.5744
1777262348457,21.6974
1777262348505,21.6840
1777262348531,22.2044
1777262348558,22.2065
1777262348606,22.1834
1777262348633,22.2963
1777262348661,22.4398
1777262348689,22.6129
1777262348738,22.3500
1777262348766,22.8653
1777262348794,23.0534
1777262348827,23.0277
1777262348857,23.3775
1777262348886,22.9918
1777262348935,22.7593
1777262348964,23.1513
1777262348992,23.1377
1777262349020,22.7763
1777262349069,22.4829
1777262349097,23.2517
1777262349124,23.3530
1777262349151,23.4327
1777262349199,23.3893
1777262349227,23.3576
1777262349254,23.4567
1777262349282,23.5519
1777262349380,23.8338
1777262349403,23.7710
1777262349447,23.3236
1777262349471,23.2186
1777262349516,23.1428
1777262349539,23.0482
1777262349562,22.9641
1777262349607,22.6503
1777262349631,22.2495
1777262349675,21.9133
1777262349699,22.2210
1777262349744,21.9952
1777262349768,21.8206
1777262349812,21.3523
1777262349836,21.3772
1777262349860,21.2022
1777262349905,20.9384
1777262349929,21.0874
1777262349973,20.5886
1777262349998,20.5224
1777262350044,20.3386
1777262350068,20.5920
1777262350113,20.1817
1777262350137,20.0865
1777262350162,20.2884
1777262350207,20.0665
1777262350231,19.8350
1777262350277,19.8531
1777262350301,20.3497
1777262350325,20.2916
1777262350370,19.9773
1777262350395,19.6201
1777262350440,19.4996
1777262350465,19.5567
1777262350489,19.4424
1777262350535,19.0570
1777262350559,18.8910
1777262350605,19.0137
1777262350630,19.2140
1777262350675,19.2971
1777262350700,19.3978
1777262350725,19.5727
1777262350771,19.2836
1777262350795,19.4003
1777262350841,19.2987
1777262350866,19.5408
1777262350890,19.7268
1777262350935,19.7252
1777262350960,20.0719
1777262351006,19.8588
1777262351031,20.2216
1777262351056,20.1485
1777262351102,19.9120
1777262351127,19.9745
1777262351156,19.7957
1777262351202,19.7915
1777262351226,19.9281
1777262351272,19.9344
1777262351297,19.9562
1777262351321,19.9853
1777262351366,20.0564
1777262351391,20.0639
1777262351416,20.3650
1777262351462,19.9784
1777262351488,19.8823
1777262351534,20.2478
1777262351558,20.5057
1777262351604,20.6685
1777262351630,20.8310
1777262351655,21.0060
1777262351701,20.8018
1777262351725,20.8390
1777262351751,21.2512
1777262351796,20.9660
1777262351821,21.0030
1777262351846,20.9812
1777262351892,20.6116
1777262351918,20.8652
1777262351964,20.5990
1777262351990,20.9484
1777262352015,20.8643
1777262352062,20.4413
1777262352087,20.8836
1777262352113,20.9141
1777262352159,20.6555
1777262352184,20.8736
1777262352210,20.7571
1777262352256,20.6185
1777262352281,20.5768
1777262352328,20.2210
1777262352354,20.6512
1777262352380,20.7833
1777262352427,20.7563
1777262352454,21.2635
1777262352480,21.2623
1777262352527,21.4501
1777262352553,21.4989
1777262352578,21.5651
1777262352675,21.2008
1777262352697,23.0543
1777262352721,22.9800
1777262352764,22.7871
1777262352788,23.2350
1777262352831,23.0084
1777262352854,23.1194
1777262352898,23.1979
1777262352921,23.2082
1777262352965,23.2484
1777262352988,23.1788
1777262353032,23.5644
1777262353056,23.6808
1777262353079,23.4111
1777262353123,22.9005
1777262353147,22.9478
1777262353191,22.4938
1777262353215,22.4488
1777262353259,22.4093
1777262353282,22.3096
1777262353326,22.3016
1777262353350,22.2459
1777262353394,21.8000
1777262353418,22.1634
1777262353462,21.8290
1777262353485,21.8319
1777262353508,21.7796
1777262353567,21.2405
1777262353592,22.1526
1777262353615,22.2495
1777262353659,22.0342
1777262353683,20.6966
1777262353727,20.1552
1777262353750,20.4208
1777262353774,20.1546
1777262353819,19.9246
1777262353843,19.7932
1777262353887,19.5302
1777262353910,19.4791
1777262353954,19.2502
1777262353978,19.2689
1777262354022,19.1575
1777262354046,19.0440
1777262354090,18.9678
1777262354114,19.4775
1777262354138,19.4085
1777262354183,19.3384
1777262354207,19.2127
1777262354252,19.2312
1777262354276,19.2223
1777262354304,19.3637
1777262354349,19.0906
1777262354374,19.1864
1777262354419,18.7228
1777262354443,18.9020
1777262354489,18.6738
1777262354516,18.8103
1777262354540,19.2910
1777262354585,18.8469
1777262354610,18.0628
1777262354654,18.1498
1777262354678,18.2991
1777262354703,18.2579
1777262354748,17.8508
1777262354772,17.9309
1777262354817,18.0332
1777262354841,18.0884
1777262354886,18.4809
1777262354912,18.6717
1777262354938,19.1195
1777262354983,18.9289
1777262355008,19.2326
1777262355032,19.0093
1777262355078,18.8203
1777262355103,18.8099
1777262355148,18.5649
1777262355172,19.0422
1777262355197,19.2019
1777262355242,19.1489
1777262355267,19.1267
1777262355313,19.1315
1777262355337,19.6416
1777262355362,19.6498
1777262355407,19.6020
1777262355433,19.5809
1777262355480,19.5231
1777262355506,19.6499
1777262355531,19.4727
1777262355576,19.4685
1777262355601,19.5633
1777262355625,19.4914
1777262355671,19.1556
1777262355696,19.0111
1777262355742,19.1308
1777262355766,19.2285
1777262355790,19.3198
1777262355835,18.9290
1777262355861,18.8039
1777262355908,18.4091
1777262355935,18.2546
1777262355965,18.2370
1777262355993,18.2581
1777262356039,18.0867
1777262356064,18.5339
1777262356090,18.3839
1777262356137,18.2637
1777262356163,18.3033
1777262356188,18.2342
1777262356235,18.1958
1777262356261,18.3169
1777262356308,18.4027
1777262356334,18.4684
1777262356360,18.5645
1777262356405,18.6935
1777262356430,18.8223
1777262356455,18.9320
1777262356501,18.6115
1777262356526,18.5131
1777262356573,18.5897
1777262356598,18.7753
1777262356623,18.9957
1777262356669,19.1019
1777262356695,19.2979
1777262356721,19.3893
1777262356768,18.9838
1777262356795,19.1914
1777262356820,19.7545
1777262356867,19.4656
1777262356894,20.0448
1777262356920,19.9426
1777262356967,19.8103
1777262356994,19.9511
1777262357019,20.1916
1777262357067,19.9296
1777262357093,20.1003
1777262357119,20.5253
1777262357166,20.2090
1777262357194,20.5947
1777262357221,20.6546
1777262357258,21.0553
1777262357285,21.1502
1777262357332,20.7056
1777262357359,20.8471
1777262357386,21.0859
1777262357413,20.8548
1777262357460,20.5080
1777262357486,20.8533
1777262357534,20.7940
1777262357562,21.0947
1777262357590,21.0946
1777262357617,20.9853
1777262357665,21.0518
1777262357692,21.1810
1777262357719,21.2532
1777262357747,21.4175
1777262357796,21.0821
1777262357824,21.0496
1777262357850,21.4630
1777262357889,21.8760
1777262357924,21.9349
1777262357951,22.2742
1777262357979,21.9886
1777262358028,21.8214
1777262358055,22.1908
1777262358083,22.4046
1777262358110,22.2517
1777262358198,22.5009
1777262358221,22.5162
1777262358265,22.0159
1777262358288,22.0637
1777262358332,22.0273
1777262358356,21.8834
1777262358399,21.7495
1777262358423,22.5758
1777262358446,22.3200
1777262358490,21.8405
1777262358513,21.7972
1777262358557,21.1860
1777262358580,20.8814
1777262358624,20.4568
1777262358648,20.5162
1777262358692,20.0673
1777262358716,19.7561
1777262358760,19.6934
1777262358783,20.1049
1777262358828,19.7637
1777262358852,19.7460
1777262358875,19.2356
1777262358919,18.7285
1777262358943,18.4522
1777262358987,18.0604
1777262359011,18.1582
1777262359055,17.6989
1777262359079,17.6259
1777262359123,17.4149
1777262359147,17.5902
1777262359173,17.6656
1777262359219,16.9659
1777262359245,17.1660
1777262359290,17.0025
1777262359314,17.0933
1777262359339,17.0699
1777262359384,16.7281
1777262359408,16.6352
1777262359453,16.3962
1777262359477,16.8592
1777262359522,16.8298
1777262359546,17.3305
1777262359570,17.2655
1777262359614,17.1812
1777262359639,17.1228
1777262359684,17.0516
1777262359708,17.1115
1777262359753,17.1307
1777262359778,17.2494
1777262359802,17.2508
1777262359847,16.7447
1777262359872,16.7456
1777262359917,16.8259
1777262359942,16.8625
1777262359987,17.2630
1777262360012,17.4973
1777262360036,17.8122
1777262360081,17.5915
1777262360107,17.8361
1777262360152,17.5524
1777262360176,17.8152
1777262360200,18.0256
1777262360246,17.6973
1777262360270,17.8211
1777262360316,17.5922
1777262360341,17.6228
1777262360365,17.8443
1777262360414,17.6832
1777262360438,17.9829
1777262360483,17.7298
1777262360508,18.0591
1777262360533,17.9367
1777262360578,17.6600
1777262360609,18.2932
1777262360634,18.3966
1777262360679,18.7111
1777262360704,18.9203
1777262360728,18.7834
1777262360774,18.5595
1777262360798,18.6864
1777262360843,18.7751
1777262360868,18.8866
1777262360914,18.9838
1777262360938,19.1469
1777262360963,19.2413
1777262361009,19.1308
1777262361034,19.1063
1777262361059,18.9827
1777262361107,18.8605
1777262361133,19.0738
1777262361180,18.9444
1777262361206,19.0529
1777262361239,19.8204
1777262361265,20.0648
1777262361312,20.3547
1777262361338,20.5914
1777262361364,20.6974
1777262361411,20.9798
1777262361437,21.2872
1777262361462,21.5025
1777262361509,21.2519
1777262361535,21.3833
1777262361561,21.8842
1777262361608,21.6305
1777262361642,21.6252
1777262361695,22.2107
1777262361722,23.2258
1777262361772,24.2009
1777262361816,24.4307
1777262361850,25.1680
1777262361879,26.4430
1777262361906,26.8148
1777262361932,26.8855
1777262361958,26.7379
1777262362005,26.9914
1777262362033,27.1812
1777262362058,27.3418
1777262362106,27.4376
1777262362132,27.5320
1777262362158,27.6518
1777262362206,27.2079
1777262362233,27.0381
1777262362260,26.9815
1777262362297,27.4867
1777262362323,27.3299
1777262362371,27.1233
1777262362400,27.4832
1777262362428,27.3395
1777262362454,27.2104
1777262362502,27.1825
1777262362528,27.1387
1777262362555,27.0935
1777262362603,27.1999
1777262362632,27.3060
1777262362659,27.1809
1777262362687,26.9039
1777262362735,26.0335
1777262362762,25.8097
1777262362789,25.4008
1777262362837,25.0232
1777262362865,24.2593
1777262362893,24.2538
1777262362924,23.7569
1777262362950,23.6160
1777262362998,23.5915
1777262363025,23.4870
1777262363053,23.4315
1777262363102,23.4218
1777262363141,23.9191
1777262363169,24.8294
1777262363197,25.1061
1777262363224,25.0824
1777262363252,24.9823
1777262363280,24.7338
1777262363328,24.2400
1777262363356,24.4948
1777262363474,24.7152
1777262363498,25.6667
1777262363542,25.1234
1777262363566,24.9521
1777262363610,24.7074
1777262363634,24.4540
1777262363678,23.8728
1777262363701,24.1212
1777262363745,23.7842
1777262363769,23.6548
1777262363813,23.5786
1777262363837,23.6772
1777262363881,23.2231
1777262363905,23.1017
1777262363929,22.9727
1777262363973,22.4526
1777262363997,22.5603
1777262364042,22.2375
1777262364066,22.4028
1777262364110,22.0617
1777262364135,21.5732
1777262364159,20.7614
1777262364204,19.8893
1777262364228,19.4746
1777262364273,18.9793
1777262364297,18.9728
1777262364342,18.8978
1777262364366,19.0114
1777262364411,18.9492
1777262364435,19.1920
1777262364480,19.1227
1777262364504,18.1446
1777262364528,18.3972
1777262364573,18.1008
1777262364597,18.3750
1777262364642,18.4450
1777262364666,18.8199
1777262364691,18.7951
1777262364736,18.7339
1777262364761,18.6058
1777262364806,18.5749
1777262364830,18.6867
1777262364855,18.5357
1777262364901,18.1739
1777262364926,17.9810
1777262364971,18.1334
1777262364995,18.3872
1777262365040,18.4978
1777262365065,18.6496
1777262365090,18.8273
1777262365135,18.5342
1777262365160,18.6646
1777262365206,18.8240
1777262365230,19.4229
1777262365254,19.5082
1777262365300,19.3699
1777262365325,19.6099
1777262365370,19.3302
1777262365395,19.5862
1777262365420,19.3866
1777262365466,19.0722
1777262365491,19.0964
1777262365537,18.7417
1777262365563,19.1028
1777262365587,19.1651
1777262365633,19.2170
1777262365658,19.1496
1777262365703,19.1093
1777262365729,19.6680
1777262365754,19.6868
1777262365800,19.6828
1777262365826,19.7758
1777262365857,20.0477
1777262365882,20.3360
1777262365928,20.2308
1777262365954,20.4644
1777262366000,20.3340
1777262366026,20.6817
1777262366051,20.4844
1777262366097,20.3179
1777262366122,20.7138
1777262366147,20.7817
1777262366193,20.4546
1777262366219,20.7238
1777262366244,20.5402
1777262366290,20.4865
1777262366315,20.5053
1777262366362,20.4926
1777262366387,20.6284
1777262366413,20.5936
1777262366459,20.6574
1777262366492,21.0027
1777262366518,21.4168
1777262366543,21.3096
1777262366588,21.0401
1777262366614,21.2538
1777262366639,21.1393
1777262366684,20.8581
1777262366709,20.7919
1777262366756,20.3118
1777262366782,20.6615
1777262366807,20.5421
1777262366854,20.1139
1777262366880,19.9317
1777262366912,20.5448
1777262366938,20.4463
1777262366985,20.3786
1777262367011,20.3795
1777262367059,20.0279
1777262367085,20.4355
1777262367111,20.6607
1777262367137,20.5357
1777262367185,20.3791
1777262367211,20.4480
1777262367236,20.4310
1777262367284,20.6248
1777262367310,20.8209
1777262367335,20.9685
1777262367382,20.6262
1777262367408,20.5439
1777262367434,20.6549
1777262367481,20.3299
1777262367507,20.0615
1777262367542,20.1033
1777262367568,20.2273
1777262367616,20.1242
1777262367643,20.4105
1777262367671,20.7973
1777262367718,20.5751
1777262367756,21.4148
1777262367783,21.6886
1777262367809,22.4076
1777262367835,22.4728
1777262367884,22.3165
1777262367911,22.3619
1777262367940,22.4710
1777262367966,22.7895
1777262368014,22.4681
1777262368042,22.7581
1777262368069,22.6552
1777262368096,22.2558
1777262368148,21.5552
1777262368177,22.4808
1777262368204,22.5728
1777262368297,22.4758
1777262368320,25.1100
1777262368344,25.2488
1777262368367,25.5309
1777262368412,24.9128
1777262368436,25.0012
1777262368480,25.0807
1777262368505,25.1017
1777262368550,24.6171
1777262368574,24.7193
1777262368619,24.7570
1777262368644,24.6759
1777262368668,24.6410
1777262368713,24.4613
1777262368738,24.3168
1777262368783,23.3874
1777262368808,23.2646
1777262368833,23.0904
1777262368878,22.8705
1777262368903,22.6862
1777262368948,22.3345
1777262368973,22.3982
1777262368998,22.6677
1777262369044,22.2327
1777262369069,22.1064
1777262369115,22.6945
1777262369140,22.9162
1777262369165,22.6325
1777262369210,22.1613
1777262369235,22.2019
1777262369280,21.9834
1777262369305,22.0932
1777262369330,19.6976
1777262369377,19.4367
1777262369403,19.9267
1777262369428,19.9295
1777262369474,20.0943
1777262369499,20.2012
1777262369546,20.1995
1777262369572,20.3077
1777262369597,20.4311
1777262369643,20.2278
1777262369669,20.3172
1777262369694,20.5328
1777262369741,20.4212
1777262369767,20.7451
1777262369794,20.4873
1777262369839,20.3047
1777262369865,20.6942
1777262369891,20.5493
1777262369939,20.4499
1777262369965,20.4884
1777262369990,20.3412
1777262370036,20.2902
1777262370061,20.3551
1777262370107,20.3573
1777262370132,20.3047
1777262370158,20.2490
1777262370204,20.2282
1777262370231,20.2695
1777262370257,20.3270
1777262370303,19.9955
1777262370329,19.9073
1777262370355,19.9037
1777262370402,19.8865
1777262370428,19.8898
1777262370455,19.9998
1777262370502,19.6984
1777262370529,19.9802
1777262370554,19.8762
1777262370601,19.3427
1777262370627,19.5991
1777262370653,19.5211
1777262370700,19.3455
1777262370726,19.6693
1777262370753,19.5368
1777262370800,19.3702
1777262370827,19.7688
1777262370852,19.7080
1777262370898,19.5257
1777262370923,19.9441
1777262370948,19.9651
1777262370995,19.6684
1777262371021,20.0853
1777262371048,20.0163
1777262371095,20.0220
1777262371121,19.9009
1777262371146,19.8095
1777262371192,19.7198
1777262371218,19.7040
1777262371266,19.4341
1777262371293,19.9208
1777262371322,20.2375
1777262371348,20.2331
1777262371395,20.2749
1777262371421,20.3887
1777262371469,20.4027
1777262371495,20.9186
1777262371533,21.2813
1777262371559,21.9245
1777262371585,22.0771
1777262371611,22.0147
1777262371657,21.6026
1777262371683,21.7157
1777262371728,21.6150
1777262371754,21.8281
1777262371780,22.0380
1777262371827,21.7312
1777262371854,21.7808
1777262371880,22.1663
1777262371927,21.8503
1777262371952,21.9983
1777262371977,22.1346
1777262372024,22.0077
1777262372051,22.1825
1777262372098,22.3939
1777262372125,22.5252
1777262372150,22.9899
1777262372175,23.2008
1777262372223,22.7498
1777262372250,23.1167
1777262372276,22.9963
1777262372324,22.4397
1777262372349,22.6019
1777262372375,22.7676
1777262372422,22.3074
1777262372449,22.4357
1777262372475,22.2397
1777262372522,21.6728
1777262372549,21.2761
1777262372580,21.1667
1777262372606,21.1311
1777262372653,21.2938
1777262372680,21.4233
1777262372727,21.4966
1777262372754,21.6085
1777262372780,21.9378
1777262372806,22.0747
1777262372853,21.7448
1777262372879,21.5857
1777262372905,21.9144
1777262372953,21.7933
1777262372979,21.9431
1777262373005,22.1305
1777262373052,21.7384
1777262373079,21.9591
1777262373105,21.8190
1777262373154,21.3694
1777262373181,21.3202
1777262373213,22.1540
1777262373239,22.2303
1777262373265,22.1263
1777262373314,22.0768
1777262373341,22.1352
1777262373368,22.1070
1777262373415,22.1832
1777262373441,22.2498
1777262373469,22.2118
1777262373496,22.3424
1777262373544,21.9167
1777262373571,21.6362
1777262373597,21.5528
1777262373630,21.7882
1777262373678,21.4852
1777262373705,21.6439
1777262373733,21.4931
1777262373783,21.0342
1777262373811,20.9178
1777262373844,21.8741
1777262373871,21.9053
1777262373899,21.8861
1777262373928,21.7015
1777262373978,21.6049
1777262374008,21.8019
1777262374035,22.1917
1777262374063,22.0253
1777262374111,21.6396
1777262374138,22.0788
1777262374165,22.0342
1777262374193,22.0582
1777262374291,21.3120
1777262374314,23.0499
1777262374337,23.5422
1777262374382,23.3507
1777262374405,23.6733
1777262374448,23.4119
1777262374471,23.7115
1777262374495,23.7236
1777262374538,23.7348
1777262374561,23.6277
1777262374605,23.2722
1777262374628,23.2006
1777262374672,23.0689
1777262374696,22.8554
1777262374740,22.4644
1777262374763,22.5738
1777262374807,22.0422
1777262374831,21.4929
1777262374875,21.0497
1777262374898,21.0596
1777262374942,20.9354
1777262374965,21.2111
1777262375009,20.6727
1777262375033,20.5382
1777262375076,20.4775
1777262375100,20.8362
1777262375123,20.7096
1777262375167,19.9229
1777262375191,19.7069
1777262375235,19.7911
1777262375260,19.7973
1777262375304,19.5523
1777262375328,18.0793
1777262375372,17.3249
1777262375396,17.4036
1777262375440,17.1463
1777262375464,17.2285
1777262375488,17.1659
1777262375536,17.2952
1777262375560,17.4674
1777262375604,17.5395
1777262375628,17.6498
1777262375674,17.8210
1777262375698,17.9877
1777262375724,18.4385
1777262375769,18.3407
1777262375793,18.6667
1777262375838,18.5736
1777262375862,18.9573
1777262375886,18.7530
1777262375931,18.5945
1777262375955,18.5690
1777262376000,18.3860
1777262376024,18.4225
1777262376069,18.2794
1777262376094,18.4282
1777262376118,18.3623
1777262376220,19.9709
1777262376306,23.3600
1777262376332,25.9395
1777262376377,26.7968
1777262376402,26.8866
1777262376427,26.9193
1777262376473,26.4166
1777262376497,26.4989
1777262376543,26.4568
1777262376567,26.5559
1777262376592,26.8418
1777262376637,26.4712
1777262376661,26.6800
1777262376707,26.3032
1777262376731,26.3263
1777262376756,26.4268
1777262376801,25.9486
1777262376825,25.9814
1777262376871,25.4385
1777262376896,25.5346
1777262376942,25.8521
1777262376966,26.7041
1777262376991,26.4814
1777262377036,26.2316
1777262377061,26.4441
1777262377107,26.1125
1777262377132,26.3121
1777262377157,26.5754
1777262377202,26.0817
1777262377227,25.0126
1777262377272,23.5187
1777262377297,22.4508
1777262377322,20.0229
1777262377368,19.3315
1777262377393,19.2734
1777262377419,19.2063
1777262377465,19.1571
1777262377490,19.1658
1777262377541,19.1093
1777262377566,19.3571
1777262377592,19.4763
1777262377620,19.7053
1777262377666,19.6118
1777262377692,19.9504
1777262377717,19.6983
1777262377764,19.5243
1777262377789,19.9058
1777262377814,19.7905
1777262377860,19.6738
1777262377886,19.6376
1777262377932,19.5127
1777262377959,19.5817
1777262377985,19.5485
1777262378031,19.6027
1777262378056,19.6247
1777262378081,19.6909
1777262378128,19.3820
1777262378154,19.2869
1777262378180,19.4588
1777262378231,19.1392
1777262378257,19.4197
1777262378283,19.1521
1777262378330,19.0671
1777262378356,19.5131
1777262378382,19.4709
1777262378428,19.3634
1777262378459,20.0084
1777262378485,20.2564
1777262378510,20.5333
1777262378557,20.1528
1777262378584,19.8383
1777262378610,19.7467
1777262378656,19.7704
1777262378682,19.6947
1777262378708,19.6249
1777262378755,19.5836
1777262378783,19.5653
1777262378810,19.6018
1777262378858,19.6640
1777262378884,19.9671
1777262378910,19.9964
1777262378957,19.6908
1777262378983,19.8124
1777262379011,19.9567
1777262379059,19.6618
1777262379092,20.2469
1777262379118,20.4657
1777262379144,20.4466
1777262379191,20.2383
1777262379219,20.8344
1777262379246,20.6785
1777262379293,20.4923
1777262379319,20.8302
1777262379345,20.7252
1777262379393,20.3029
1777262379419,20.6065
1777262379447,20.4704
1777262379474,20.1971
1777262379522,20.0625
1777262379548,20.6191
1777262379575,20.5476
1777262379622,20.3404
1777262379649,20.7640
1777262379676,20.6482
1777262379723,20.6100
1777262379749,21.1198
1777262379775,21.2032
1777262379860,23.6662
1777262379882,23.6201
1777262379926,23.3841
1777262379949,23.6285
1777262379993,23.1395
1777262380016,23.2071
1777262380059,23.2456
1777262380082,23.0643
1777262380126,22.6086
1777262380149,22.6529
1777262380192,22.5792
1777262380215,22.5208
1777262380259,22.1691
1777262380282,22.3472
1777262380325,21.9699
1777262380348,22.0775
1777262380392,22.3134
1777262380415,22.3303
1777262380459,22.0259
1777262380483,22.1726
1777262380527,22.1538
1777262380553,22.2747
1777262380577,22.5225
1777262380621,22.3331
1777262380644,22.2070
1777262380688,21.9222
1777262380713,22.2295
1777262380757,21.8868
1777262380781,21.9204
1777262380804,21.8151
1777262380849,21.3961
1777262380873,19.3704
1777262380918,19.2101
1777262380942,19.1697
1777262380986,19.3312
1777262381011,19.4001
1777262381055,19.5022
1777262381080,19.6758
1777262381104,19.7629
1777262381148,19.3255
1777262381172,19.5323
1777262381216,19.2320
1777262381240,19.3873
1777262381285,19.3048
1777262381309,19.5872
1777262381333,19.3469
1777262381377,19.1225
1777262381402,18.9291
1777262381446,18.7669
1777262381471,18.6806
1777262381516,18.4947
1777262381541,18.5775
1777262381565,18.2282
1777262381610,18.1252
1777262381634,18.1169
1777262381679,17.9968
1777262381703,18.0810
1777262381749,18.0655
1777262381773,18.0653
1777262381798,18.1082
1777262381843,18.1135
1777262381867,18.1328
1777262381915,18.1444
1777262381943,18.4391
1777262381969,18.6632
1777262382016,18.4738
1777262382042,18.7702
1777262382068,18.5729
1777262382114,18.4356
1777262382139,18.8971
1777262382165,18.8152
1777262382211,18.7653
1777262382238,18.8968
1777262382262,18.9388
1777262382308,18.7827
1777262382333,18.7931
1777262382379,18.9418
1777262382404,19.2661
1777262382429,19.5099
1777262382474,19.2093
1777262382499,19.4840
1777262382524,19.3154
1777262382570,18.8403
1777262382596,19.0673
1777262382641,19.0537
1777262382666,19.4451
1777262382691,19.3566
1777262382737,19.2565
1777262382762,19.2424
1777262382808,18.9742
1777262382834,19.5242
1777262382859,19.7996
1777262382905,19.8444
1777262382931,19.8375
1777262382957,19.7886
1777262383004,19.6521
1777262383031,19.5141
1777262383077,19.3736
1777262383102,19.7448
1777262383128,19.7865
1777262383175,19.6502
1777262383227,20.1164
1777262383252,20.9809
1777262383278,22.2994
1777262383303,22.5179
1777262383329,22.6425
1777262383375,22.7069
1777262383401,22.7334
1777262383427,22.8385
1777262383453,22.9344
1777262383499,22.4940
1777262383525,22.6718
1777262383572,23.0503
1777262383599,23.3880
1777262383625,23.5753
1777262383687,23.4344
1777262383727,25.0831
1777262383755,25.8698
1777262383803,25.8187
1777262383830,25.7579
1777262383857,25.7643
1777262383903,26.1514
1777262383929,26.3554
1777262383956,26.4893
1777262384003,26.6228
1777262384030,26.7402
1777262384057,26.9206
1777262384104,26.5689
1777262384138,27.3240
1777262384164,27.5452
1777262384190,27.5309
1777262384216,27.3060
1777262384264,26.1972
1777262384291,25.4809
1777262384321,25.3277
1777262384347,25.3563
1777262384395,24.8866
1777262384422,24.7700
1777262384449,24.8840
1777262384497,24.9756
1777262384524,25.0222
1777262384553,25.5167
1777262384579,25.3364
1777262384627,25.0424
1777262384654,25.2660
1777262384682,25.0514
1777262384731,24.6257
1777262384768,23.8368
1777262384795,24.2350
1777262384821,24.2533
1777262384848,24.1831
1777262384897,24.1518
1777262384986,26.0704
1777262385008,25.9110
1777262385051,25.3927
1777262385075,25.6355
1777262385119,25.2224
1777262385143,24.8158
1777262385186,24.1589
1777262385210,24.1941
1777262385254,24.2454
1777262385277,24.1237
1777262385323,23.9206
1777262385346,24.1109
1777262385370,24.2827
1777262385414,23.7982
1777262385439,23.5816
1777262385483,23.6178
1777262385507,23.6703
1777262385551,23.3056
1777262385575,23.4676
1777262385619,23.5642
1777262385643,23.5221
1777262385687,23.3901
1777262385711,23.7032
1777262385734,23.7083
1777262385778,22.7625
1777262385802,22.1509
1777262385847,21.6070
1777262385871,21.7152
1777262385915,21.3477
1777262385940,21.4611
1777262385985,21.3395
1777262386009,19.6323
1777262386033,19.7799
1777262386077,19.4102
1777262386102,19.5628
1777262386147,19.4230
1777262386171,19.5615
1777262386216,19.5634
1777262386241,19.9489
1777262386268,19.8375
1777262386313,19.7886
1777262386338,19.8933
1777262386362,19.7390
1777262386408,19.6823
1777262386432,19.6645
1777262386477,19.9690
1777262386501,20.0479
1777262386546,20.1591
1777262386571,20.2263
1777262386596,20.3508
1777262386641,19.9698
1777262386665,20.1287
1777262386710,19.9205
1777262386735,20.0187
1777262386760,20.2778
1777262386805,19.9603
1777262386834,20.2742
1777262386858,20.2215
1777262386909,20.4234
1777262386934,20.5169
1777262386958,20.5805
1777262387004,20.2759
1777262387028,20.1971
1777262387073,20.3451
1777262387097,20.4661
1777262387122,20.6433
1777262387167,20.4356
1777262387192,20.3757
1777262387238,20.1102
1777262387263,20.2532
1777262387287,20.3925
1777262387333,20.0710
1777262387358,20.0242
1777262387405,20.2035
1777262387431,20.4090
1777262387455,20.4508
1777262387501,20.3326
1777262387526,20.4685
1777262387571,20.0980
1777262387596,20.2749
1777262387622,20.5329
1777262387667,20.2437
1777262387693,20.4293
1777262387718,20.3784
1777262387764,20.0562
1777262387790,20.3178
1777262387836,20.3112
1777262387862,20.5898
1777262387887,20.7176
1777262387932,20.2773
1777262387957,20.3830
1777262387982,20.4878
1777262388028,20.0712
1777262388053,20.1980
1777262388099,20.0197
1777262388125,20.0945
1777262388155,20.5930
1777262388181,20.5164
1777262388228,20.3533
1777262388255,20.2050
1777262388281,20.0785
1777262388327,20.0414
1777262388355,20.1443
1777262388380,20.4383
1777262388427,20.1355
1777262388453,20.0117
1777262388479,19.9920
1777262388525,19.9553
1777262388550,20.1776
1777262388574,19.9988
1777262388620,19.4070
1777262388645,19.5633
1777262388692,19.2909
1777262388716,19.2592
1777262388763,19.5778
1777262388789,19.8438
1777262388815,19.9703
1777262388863,19.5062
1777262388891,19.6890
1777262388919,19.9446
1777262388946,19.8086
1777262388992,19.5846
1777262389017,19.9990
1777262389042,20.0092
1777262389090,19.8569
1777262389116,19.8685
1777262389142,19.5665
1777262389188,19.4306
1777262389213,19.7612
1777262389260,19.5114
1777262389285,19.7392
1777262389311,20.1844
1777262389358,19.9127
1777262389387,19.9606
1777262389418,20.4791
1777262389444,20.4477
1777262389491,20.2458
1777262389517,20.6676
1777262389543,20.5246
1777262389591,20.4096
1777262389693,22.9919
1777262389717,22.8713
1777262389761,22.6653
1777262389785,22.3889
1777262389829,22.1015
1777262389853,22.3372
1777262389876,21.9894
1777262389921,21.4521
1777262389944,21.3831
1777262389988,21.3117
1777262390012,21.2146
1777262390056,20.9598
1777262390080,21.2047
1777262390124,20.8913
1777262390148,20.9564
1777262390193,20.9559
1777262390216,20.9158
1777262390242,21.1377
1777262390287,20.6525
1777262390311,20.4462
1777262390356,20.5638
1777262390380,20.5385
1777262390425,20.0145
1777262390449,20.1304
1777262390473,20.1466
1777262390517,19.6730
1777262390541,19.3505
1777262390586,19.3660
1777262390610,19.2670
1777262390654,19.2277
1777262390678,19.3972
1777262390722,17.7734
1777262390746,18.1563
1777262390771,18.0491
1777262390815,17.7957
1777262390839,17.7764
1777262390884,17.3986
1777262390908,17.6763
1777262390953,17.7953
1777262390977,18.2195
1777262391022,18.1958
1777262391047,18.6197
1777262391072,18.5626
1777262391116,18.4820
1777262391141,18.5127
1777262391186,18.6274
1777262391210,18.7348
1777262391234,18.7247
1777262391278,18.6003
1777262391302,18.6717
1777262391347,18.6138
1777262391371,18.5500
1777262391417,18.5029
1777262391441,18.6091
1777262391466,18.6242
1777262391511,18.6395
1777262391535,18.6047
1777262391580,18.6033
1777262391604,18.6705
1777262391650,18.7581
1777262391674,18.7983
1777262391698,18.8510
1777262391743,18.5127
1777262391768,18.4044
1777262391814,18.4797
1777262391838,18.5936
1777262391863,18.7963
1777262391908,18.7601
1777262391933,18.9409
1777262391978,18.6086
1777262392003,18.8673
1777262392028,18.7769
1777262392075,18.3136
1777262392100,18.6448
1777262392145,18.5150
1777262392170,18.6099
1777262392194,18.6882
1777262392240,18.3586
1777262392265,18.7893
1777262392310,18.7386
1777262392335,19.2153
1777262392360,19.0977
1777262392406,18.9847
1777262392430,19.0150
1777262392477,18.8192
1777262392502,19.1797
1777262392527,19.2464
1777262392555,19.4384
1777262392602,19.1713
1777262392628,19.2560
1777262392674,18.8704
1777262392700,19.0832
1777262392725,19.3144
1777262392770,19.0330
1777262392795,19.3059
1777262392841,19.1869
1777262392867,19.4696
1777262392892,19.7109
1777262392939,19.6221
1777262392964,19.9932
1777262392989,19.7892
1777262393035,19.4913
1777262393061,19.8115
1777262393087,19.6631
1777262393133,19.2404
1777262393159,19.4216
1777262393189,19.3115
1777262393235,19.4378
1777262393261,19.5692
1777262393308,19.6743
1777262393334,19.8864
1777262393360,20.1113
1777262393385,20.3614
1777262393432,19.9901
1777262393458,20.1813
1777262393483,19.9986
1777262393530,19.7223
1777262393557,19.9034
1777262393586,20.1493
1777262393615,20.1498
1777262393661,20.0055
1777262393687,19.9944
1777262393735,19.7664
1777262393761,20.3017
1777262393786,20.4246
1777262393818,20.5611
1777262393865,20.4035
1777262393892,20.5566
1777262393919,20.8269
1777262393946,20.6272
1777262393995,20.2738
1777262394021,20.7478
1777262394048,20.6206
1777262394157,20.2715
1777262394182,23.1163
1777262394205,23.1858
1777262394233,23.3493
1777262394278,22.9526
1777262394303,23.0777
1777262394348,22.6781
1777262394373,22.6817
1777262394397,23.0051
1777262394443,22.6779
1777262394468,22.6905
1777262394513,22.5018
1777262394537,22.8992
1777262394562,23.0657
1777262394606,22.8246
1777262394632,23.3236
1777262394678,23.1595
1777262394702,23.6139
1777262394727,23.4270
1777262394773,22.8749
1777262394799,22.7565
1777262394845,22.4593
1777262394869,22.7497
1777262394895,22.5658
1777262394940,22.1957
1777262394966,22.9244
1777262394990,22.7037
1777262395036,22.2517
1777262395061,22.8145
1777262395107,22.5588
1777262395132,22.6208
1777262395158,22.7044
1777262395205,20.6488
1777262395231,20.1308
1777262395256,20.1156
1777262395306,20.3320
1777262395331,20.6331
1777262395357,20.3676
1777262395404,20.1170
1777262395431,20.5071
1777262395456,20.3916
1777262395503,20.2705
1777262395527,20.3545
1777262395552,20.1310
1777262395598,20.0509
1777262395624,20.0726
1777262395670,20.0499
1777262395695,20.0596
1777262395721,20.0526
1777262395768,20.0799
1777262395794,20.1655
1777262395820,20.4100
1777262395867,20.1269
1777262395894,19.9847
1777262395919,20.2494
1777262395965,19.9165
1777262395991,20.0828
1777262396038,20.2628
1777262396065,20.4133
1777262396091,20.9121
1777262396117,20.7874
1777262396164,20.3473
1777262396190,20.5526
1777262396216,20.5337
1777262396263,20.1789
1777262396289,20.3918
1777262396318,20.0273
1777262396365,19.8865
1777262396392,20.3092
1777262396418,20.2444
1777262396466,19.8797
1777262396493,20.4252
1777262396518,20.5283
1777262396548,20.4925
1777262396596,20.6644
1777262396624,20.8994
1777262396650,21.0421
1777262396698,20.6593
1777262396724,20.8438
1777262396751,21.3776
1777262396798,21.1623
1777262396825,21.2608
1777262396851,21.6393
1777262396877,21.5412
1777262396926,21.3509
1777262396952,21.7266
1777262396978,21.5580
1777262397025,21.3915
1777262397052,21.4467
1777262397080,21.1634
1777262397129,20.7379
1777262397156,21.3152
1777262397182,21.4566
1777262397208,21.3272
1777262397255,21.4018
1777262397281,21.5062
1777262397329,21.5158
1777262397355,21.9416
1777262397381,22.0438
1777262397406,21.8572
1777262397453,21.7368
1777262397479,21.7605
1777262397526,21.5134
1777262397553,21.7532
1777262397581,21.9603
1777262397606,21.7398
1777262397653,21.3943
1777262397680,21.6112
1777262397706,21.3709
1777262397753,20.8344
1777262397780,20.7491
1777262397812,20.7588
1777262397860,20.5412
1777262397886,20.8542
1777262397912,21.1474
1777262397938,20.8670
1777262397986,20.5125
1777262398022,20.9766
1777262398048,21.0590
1777262398074,21.0352
1777262398122,21.2488
1777262398150,21.3504
1777262398177,21.2346
1777262398204,21.0468
1777262398236,21.3816
1777262398284,20.9363
1777262398311,21.0748
1777262398337,20.8932
1777262398385,20.3735
1777262398414,20.2828
1777262398443,21.0624
1777262398469,20.9292
1777262398517,20.8602
1777262398543,20.6942
1777262398591,20.5867
1777262398618,20.9310
1777262398655,22.0751
1777262398682,22.3552
1777262398708,22.7011
1777262398734,23.1126
1777262398782,22.8822
1777262398809,22.9338
1777262398842,23.0202
1777262398868,22.9461
1777262398916,22.5009
1777262398943,22.8123
1777262398970,23.3638
1777262398998,23.1575
1777262399045,22.6176
1777262399074,22.7139
1777262399101,22.8239
1777262399149,22.5485
1777262399176,22.6762
1777262399203,22.8797
1777262399230,22.8085
1777262399276,22.8025
1777262399302,22.7351
1777262399350,22.8459
1777262399377,23.4723
1777262399404,23.4290
1777262399431,23.1173
1777262399478,23.0366
1777262399505,23.2665
1777262399531,23.0022
1777262399579,22.7271
1777262399607,22.7135
1777262399634,22.5317
1777262399662,21.5296
1777262399709,21.0670
1777262399736,20.9467
1777262399763,21.0674
1777262399810,20.7730
1777262399837,20.9328
1777262399863,20.8017
1777262399909,20.7377
1777262399935,20.7629
1777262399961,20.3935
1777262400009,20.0572
1777262400036,20.6548
1777262400064,20.5612
1777262400110,20.3483
1777262400137,20.8264
1777262400164,20.7224
1777262400191,20.3881
1777262400239,20.1327
1777262400266,20.5039
1777262400293,20.5356
1777262400341,20.5232
1777262400367,20.5758
1777262400453,20.4190
1777262400476,22.5353
1777262400500,23.0149
1777262400544,23.1011
1777262400567,23.5310
1777262400590,23.4100
1777262400634,23.1210
1777262400657,22.9917
1777262400701,22.9830
1777262400725,22.9229
1777262400768,22.6198
1777262400792,22.8339
1777262400836,22.3817
1777262400859,22.3222
1777262400903,22.2854
1777262400926,22.2255
1777262400952,22.1123
1777262400996,22.0609
1777262401019,21.8111
1777262401063,21.4224
1777262401087,21.4748
1777262401131,20.9762
1777262401155,20.6835
1777262401199,20.4321
1777262401223,20.6884
1777262401267,20.4161
1777262401291,20.4672
1777262401335,20.2353
1777262401363,20.6109
1777262401391,20.8977
1777262401417,21.0333
1777262401464,21.0295
1777262401491,19.4021
1777262401516,18.9420
1777262401562,18.5137
1777262401588,18.3803
1777262401634,19.6644
1777262401660,20.2159
1777262401686,20.7893
1777262401732,20.9135
1777262401759,21.4561
1777262401786,21.6420
1777262401832,21.8508
1777262401858,21.9044
1777262401883,22.8606
1777262401930,23.4197
1777262401957,23.8933
1777262401983,24.2413
1777262402030,24.8617
1777262402056,25.4401
1777262402082,25.5963
1777262402129,25.8004
1777262402155,25.9117
1777262402181,26.9912
1777262402228,26.6648
1777262402254,27.2290
1777262402280,27.3072
1777262402327,28.0578
1777262402353,28.1746
1777262402379,27.9407
1777262402426,27.8273
1777262402453,27.9968
1777262402479,27.7166
1777262402526,27.5870
1777262402552,27.9935
1777262402578,28.4325
1777262402624,28.7148
1777262402649,28.5488
1777262402675,28.3959
1777262402722,28.2728
1777262402749,28.0733
1777262402775,28.0111
1777262402823,27.7964
1777262402850,27.8208
1777262402877,28.1413
1777262402927,28.0744
1777262402954,28.3846
1777262402982,28.4940
1777262403009,28.4435
1777262403057,28.2841
1777262403084,28.3094
1777262403110,29.1842
1777262403158,28.8361
1777262403184,28.9862
1777262403211,28.9533
1777262403258,29.5346
1777262403285,29.5971
1777262403313,29.6089
1777262403340,29.3460
1777262403388,29.0615
1777262403415,29.2317
1777262403442,29.6888
1777262403491,29.5572
1777262403520,30.3350
1777262403548,30.5669
1777262403575,30.2361
1777262403624,30.2759
1777262403652,30.2070
1777262403722,31.6565
1777262403755,32.2084
1777262403847,34.1947
1777262403876,39.1844
1777262403900,39.3686
1777262403924,39.3816
1777262403949,39.2238
1777262403994,38.5028
1777262404018,38.4499
1777262404063,38.7063
1777262404087,38.6175
1777262404132,38.1337
1777262404157,38.3479
1777262404182,37.9548
1777262404227,37.2730
1777262404252,37.2420
1777262404297,37.0518
1777262404321,37.4645
1777262404346,37.2763
1777262404391,37.4020
1777262404416,37.2729
1777262404462,36.7166
1777262404487,37.0144
1777262404511,36.7296
1777262404557,36.1367
1777262404582,36.0134
1777262404628,36.0783
1777262404654,36.0908
1777262404679,35.9712
1777262404725,34.9888
1777262404750,34.5587
1777262404796,32.6384
1777262404821,32.5208
1777262404848,32.2684
1777262404895,31.4141
1777262404921,27.7069
1777262404950,27.5110
1777262404975,28.0130
1777262405023,28.4879
1777262405049,28.4596
1777262405096,28.2999
1777262405122,28.3615
1777262405148,29.2198
1777262405175,29.2562
1777262405222,29.2370
1777262405248,29.2469
1777262405274,29.4506
1777262405322,29.6082
1777262405348,29.4928
1777262405374,29.8418
1777262405421,29.9106
1777262405448,30.0293
1777262405475,29.8078
1777262405522,29.6938
1777262405549,29.9130
1777262405580,30.6924
1777262405606,31.0962
1777262405654,31.1623
1777262405680,31.1646
1777262405707,31.1318
1777262405754,30.7929
1777262405780,30.9518
1777262405806,30.6795
1777262405854,30.4318
1777262405881,30.7762
1777262405907,31.2624
1777262405954,31.3507
1777262405980,31.2954
1777262406008,31.4634
1777262406057,31.4638
1777262406085,31.5773
1777262406112,32.1616
1777262406140,31.9677
1777262406167,31.0046
1777262406214,31.0813
1777262406242,31.1082
1777262406269,31.3519
1777262406317,31.2782
1777262406344,31.4443
1777262406372,31.3241
1777262406402,31.3453
1777262406433,31.3025
1777262406540,32.9148
1777262406564,32.9041
1777262406588,32.3513
1777262406633,31.7256
1777262406657,31.4589
1777262406701,31.5928
1777262406726,31.7670
1777262406771,31.5067
1777262406795,31.5073
1777262406819,31.7165
1777262406864,31.3768
1777262406889,31.1135
1777262406935,30.3080
1777262406960,29.9722
1777262406984,29.6171
1777262407031,29.6336
1777262407056,29.6281
1777262407101,29.4250
1777262407126,28.5200
1777262407172,28.4715
1777262407196,28.9126
1777262407221,29.4332
1777262407266,29.5033
1777262407291,29.4804
1777262407316,29.5332
1777262407362,29.4987
1777262407387,29.4976
1777262407433,29.3185
1777262407457,29.5822
1777262407482,29.3135
1777262407528,28.8912
1777262407553,27.5430
1777262407599,27.5008
1777262407624,27.9479
1777262407650,28.0404
1777262407698,28.3976
1777262407723,28.2841
1777262407749,28.2182
1777262407796,27.8343
1777262407821,27.7759
1777262407867,27.6781
1777262407892,28.0551
1777262407917,28.3828
1777262407963,29.0653
1777262407989,28.9845
1777262408014,28.7103
1777262408061,28.7474
1777262408086,28.8780
1777262408133,28.5366
1777262408158,28.7910
1777262408184,29.2269
1777262408230,29.0400
1777262408256,28.9245
1777262408284,28.7819
1777262408331,29.1628
1777262408358,29.1666
1777262408385,29.0235
1777262408432,28.9256
1777262408458,28.8746
1777262408484,29.7148
1777262408531,30.4115
1777262408558,30.8132
1777262408584,30.6782
1777262408610,30.6730
1777262408657,30.6993
1777262408684,30.5663
1777262408730,30.4933
1777262408756,30.6412
1777262408782,31.4902
1777262408809,32.1346
1777262408857,31.7238
1777262408883,32.0761
1777262408909,32.0951
1777262408941,32.1740
1777262408990,32.0196
1777262409086,32.0376
1777262409112,33.4788
1777262409136,35.2995
1777262409161,35.0433
1777262409207,34.3330
1777262409232,34.2075
1777262409277,34.0657
1777262409302,34.0995
1777262409326,33.9744
1777262409373,34.1879
1777262409396,34.3800
1777262409440,34.1039
1777262409463,33.8823
1777262409506,33.1132
1777262409529,32.6084
1777262409574,33.0641
1777262409598,32.9789
1777262409644,33.4926
1777262409670,33.5982
1777262409713,33.7082
1777262409737,33.5066
1777262409762,33.4099
1777262409787,32.5713
1777262409835,32.0653
1777262409860,31.9676
1777262409907,31.5581
1777262409932,31.1172
1777262409958,31.1433
1777262410007,31.3528
1777262410033,31.3387
1777262410059,31.2284
1777262410106,30.8297
1777262410132,29.9742
1777262410157,27.9946
1777262410204,27.8924
1777262410230,27.8984
1777262410255,27.8525
1777262410302,27.9387
1777262410328,27.9159
1777262410375,27.6911
1777262410401,27.7825
1777262410426,27.7886
1777262410631,28.7973
1777262410820,49.4485
1777262410847,56.7849
1777262410892,56.7393
1777262410917,57.5075
1777262410963,57.7082
1777262410988,57.5691
1777262411012,57.4165
1777262411058,57.4152
1777262411083,57.5225
1777262411129,56.6659
1777262411155,57.7698
1777262411180,59.6662
1777262411225,57.6289
1777262411250,57.6175
1777262411276,57.5342
1777262411323,58.5810
1777262411420,58.5940
1777262411495,63.4459
1777262411518,62.6368
1777262411563,60.9902
1777262411587,59.8252
1777262411612,59.0729
1777262411657,53.7443
1777262411682,52.7348
1777262411727,51.5988
1777262411752,51.1919
1777262411777,44.3250
1777262411823,37.4430
1777262411848,34.9842
1777262411895,32.4262
1777262411920,32.7256
1777262411946,32.6248
1777262411991,32.3317
1777262412017,32.2471
1777262412042,32.1718
1777262412088,31.8782
1777262412113,32.0283
1777262412158,32.4651
1777262412184,32.4577
1777262412210,32.4716
1777262412256,32.9125
1777262412282,32.9154
1777262412328,32.7627
1777262412353,32.7840
1777262412379,33.2767
1777262412426,32.8199
1777262412451,32.3192
1777262412477,32.5515
1777262412507,30.9562
1777262412553,31.0563
1777262412580,30.9822
1777262412606,30.8538
1777262412653,30.8257
1777262412680,30.8039
1777262412705,30.8581
1777262412752,30.4748
1777262412779,30.5912
1777262412806,30.7176
1777262412853,30.9980
1777262412880,30.9322
1777262412907,30.5425
1777262412954,30.6287
1777262412981,30.7770
1777262413009,30.6197
1777262413035,30.5907
1777262413083,30.4925
1777262413110,30.4824
1777262413142,30.7533
1777262413170,30.9242
1777262413218,31.1256
1777262413245,31.2754
1777262413272,31.1504
1777262413299,31.1044
1777262413345,30.8230
1777262413372,30.7311
1777262413399,30.0276
1777262413447,29.7525
1777262413474,29.7241
1777262413502,29.6731
1777262413529,29.5038
1777262413580,29.6438
1777262413607,29.7249
1777262413633,29.8292
1777262413660,29.5601
1777262413708,29.4196
1777262413737,29.5822
1777262413772,30.3157
1777262413801,30.6024
1777262413829,30.4307
1777262413878,30.7298
1777262413907,30.7901
1777262413936,30.8823
1777262413964,30.8718
1777262413991,30.6510
1777262414041,30.5726
1777262414069,30.8904
1777262414096,31.4840
1777262414123,31.7635
1777262414169,30.8005
1777262414195,30.6054
1777262414223,30.3524
1777262414272,30.3022
1777262414300,30.3912
1777262414328,30.4653
1777262414355,30.2096
1777262414403,30.1994
1777262414431,30.7723
1777262414459,30.9549
1777262414487,30.9441
1777262414536,31.0084
1777262414566,31.0834
1777262414593,31.0831
1777262414620,30.9294
1777262414670,30.7921
1777262414698,31.0441
1777262414726,31.5793
1777262414755,31.3857
1777262414802,30.9418
1777262414830,30.5989
1777262414859,30.5847
1777262414888,30.2103
1777262414987,30.0108
1777262415011,32.1520
1777262415034,32.3003
1777262415058,32.0507
1777262415103,31.7757
1777262415128,31.4012
1777262415173,31.6383
1777262415198,31.5937
1777262415242,31.3060
1777262415266,31.3582
1777262415291,31.6054
1777262415337,31.7817
1777262415363,32.2745
1777262415387,32.1938
1777262415432,32.3764
1777262415457,31.9912
1777262415503,31.5801
1777262415528,31.3059
1777262415554,30.7805
1777262415600,30.1532
1777262415625,29.9911
1777262415671,30.5019
1777262415697,30.6603
1777262415722,30.5301
1777262415768,29.5420
1777262415794,29.8387
1777262415841,29.6345
1777262415868,29.5156
1777262415893,29.9270
1777262415919,30.2664
1777262415965,29.6628
1777262415990,29.5284
1777262416037,28.1066
1777262416063,28.2525
1777262416089,28.2273
1777262416135,28.0108
1777262416161,28.1435
1777262416187,27.8994
1777262416233,27.7988
1777262416259,27.7527
1777262416287,27.9688
1777262416335,28.3318
1777262416361,28.6225
1777262416387,28.5647
1777262416434,28.4330
1777262416460,28.3594
1777262416487,28.4738
1777262416534,28.1438
1777262416561,28.4372
1777262416587,29.1597
1777262416635,29.9771
1777262416661,29.9752
1777262416687,29.8476
1777262416734,30.0846
1777262416761,30.2539
1777262416788,30.1552
1777262416815,30.1032
1777262416863,29.7178
1777262416889,29.6442
1777262416920,29.5923
1777262416948,30.3063
1777262416997,30.7305
1777262417024,30.7966
1777262417051,30.6333
1777262417079,30.4026
1777262417128,30.4467
1777262417156,30.3613
1777262417183,31.1820
1777262417210,31.9285
1777262417259,31.3751
1777262417287,31.2316
1777262417319,30.9109
1777262417347,30.9762
1777262417395,30.7756
1777262417423,30.9225
1777262417450,30.7319
1777262417479,30.6347
1777262417528,30.5271
1777262417556,30.7103
1777262417584,30.7146
1777262417612,30.8323
1777262417640,30.6624
1777262417689,30.4389
1777262417718,30.4439
1777262417746,30.2827
1777262417774,30.2672
1777262417823,30.2604
1777262417852,30.9005
1777262417880,31.1376
1777262417908,31.0435
1777262417956,31.4000
1777262417984,31.4540
1777262418013,31.3141
1777262418043,31.2332
1777262418071,31.1303
1777262418120,31.0843
1777262418148,30.8920
1777262418183,31.2020
1777262418282,31.5956
1777262418306,35.8730
1777262418329,35.7079
1777262418353,35.9511
1777262418399,35.5985
1777262418425,35.5862
1777262418471,35.6806
1777262418496,36.0687
1777262418522,35.9962
1777262418569,35.5619
1777262418598,35.3429
1777262418623,35.7249
1777262418669,35.8317
1777262418695,35.8446
1777262418722,35.6571
1777262418768,35.7673
1777262418794,36.1550
1777262418819,35.9634
1777262418866,35.5427
1777262418892,35.0013
1777262418918,34.3958
1777262418965,33.6925
1777262418991,33.2526
1777262419018,33.4079
1777262419065,33.8617
1777262419091,34.1538
1777262419117,33.9879
1777262419164,33.6707
1777262419190,32.8576
1777262419217,32.2495
1777262419265,31.7424
1777262419291,31.6373
1777262419318,29.3285
1777262419366,28.3080
1777262419394,28.4821
1777262419420,28.5469
1777262419447,28.7755
1777262419495,28.4403
1777262419523,28.5007
1777262419551,28.5195
1777262419599,28.2178
1777262419626,27.7994
1777262419653,28.0032
1777262419681,28.1457
1777262419730,28.3566
1777262419758,28.5129
1777262419785,28.4178
1777262419813,28.2554
1777262419862,28.3486
1777262419892,28.5229
1777262419919,29.0656
1777262419947,29.9805
1777262419995,30.5819
1777262420023,30.5667
1777262420051,30.4417
1777262420079,30.5715
1777262420108,30.4656
1777262420158,30.4350
1777262420186,30.3636
1777262420215,31.2625
1777262420243,32.1023
1777262420293,31.7938
1777262420322,31.9714
1777262420350,31.9430
1777262420378,31.7535
1777262420407,31.5267
1777262420456,31.2717
1777262420491,31.5658
1777262420520,32.1520
1777262420549,32.7283
1777262420577,33.6930
1777262420606,33.9108
1777262420656,33.8302
1777262420685,33.7964
1777262420713,34.0450
1777262420742,33.7672
1777262420771,33.6006
1777262420821,33.4239
1777262420850,33.7124
1777262420879,34.0780
1777262420914,34.3708
1777262420943,34.4205
1777262420972,34.3077
1777262421022,34.1360
1777262421051,34.1460
1777262421081,34.0042
1777262421109,34.1427
1777262421138,34.2545
1777262421167,33.8732
1777262421270,33.4363
1777262421293,33.8395
1777262421315,35.1332
1777262421358,34.5811
1777262421380,34.4616
1777262421423,34.4656
1777262421446,34.5938
1777262421490,34.2917
1777262421515,33.6863
1777262421560,33.1983
1777262421585,32.8678
1777262421609,32.4192
1777262421655,31.8818
1777262421680,31.4547
1777262421705,30.7670
1777262421751,30.2343
1777262421776,30.1944
1777262421837,30.5726
1777262421863,30.5069
1777262421908,30.3158
1777262421932,29.5996
1777262421955,29.2759
1777262421999,29.0494
1777262422022,28.8086
1777262422066,28.4187
1777262422089,28.2494
1777262422132,27.8410
1777262422155,27.9828
1777262422200,27.9057
1777262422225,27.9356
1777262422271,28.1368
1777262422296,27.6733
1777262422321,27.6115
1777262422367,26.5733
1777262422392,26.9565
1777262422417,26.5382
1777262422462,26.3959
1777262422488,26.2324
1777262422534,26.0658
1777262422561,25.9446
1777262422590,26.2338
1777262422615,26.7850
1777262422662,26.8231
1777262422688,27.0830
1777262422734,27.5527
1777262422760,27.7286
1777262422786,27.9640
1777262422833,27.4520
1777262422859,27.3161
1777262422884,27.4047
1777262422931,27.4704
1777262422957,27.4027
1777262422984,27.4218
1777262423031,27.7383
1777262423058,27.8858
1777262423085,27.7527
1777262423132,27.6401
1777262423158,27.6982
1777262423185,28.4047
1777262423233,29.0105
1777262423260,29.0707
1777262423286,29.1902
1777262423333,29.0506
1777262423360,29.1358
1777262423386,28.8604
1777262423412,28.7437
1777262423460,28.6157
1777262423487,28.5874
1777262423513,29.3633
1777262423561,29.5442
1777262423588,29.2679
1777262423615,29.2569
1777262423662,29.2602
1777262423689,29.4282
1777262423716,29.4497
1777262423763,29.0810
1777262423790,29.2308
1777262423817,29.7808
1777262423852,30.5502
1777262423879,30.7188
1777262423928,30.7672
1777262423956,30.9714
1777262424044,30.9958
1777262424068,33.1041
1777262424093,33.6732
1777262424117,33.4296
1777262424163,33.8471
1777262424187,33.6175
1777262424285,34.3766
1777262424309,34.3816
1777262424355,33.9618
1777262424380,34.0773
1777262424405,34.0707
1777262424451,33.8935
1777262424477,33.9053
1777262424523,34.3790
1777262424553,34.7207
1777262424581,34.8319
1777262424608,34.8055
1777262424655,34.5751
1777262424682,34.5585
1777262424708,34.4902
1777262424754,34.3671
1777262424780,34.4372
1777262424805,34.7164
1777262424852,34.6762
1777262424878,34.1443
1777262424903,34.1182
1777262424950,33.9201
1777262424976,33.8779
1777262425001,33.5559
1777262425048,33.1005
1777262425074,32.3301
1777262425099,31.5990
1777262425151,31.2778
1777262425177,31.4929
1777262425204,31.5766
1777262425231,31.5214
1777262425278,31.5636
1777262425305,30.5632
1777262425352,30.6182
1777262425379,30.6337
1777262425406,31.3197
1777262425433,32.3169
1777262425481,32.6819
1777262425508,32.6348
1777262425534,32.2409
1777262425561,32.1674
1777262425608,32.2098
1777262425635,32.2923
1777262425662,32.0338
1777262425711,31.7420
1777262425740,32.0376
1777262425771,32.6756
1777262425798,32.7580
1777262425846,32.9742
1777262425873,33.1652
1777262425899,33.1483
1777262425947,33.0617
1777262425979,33.1437
1777262426007,33.9074
1777262426042,34.8317
1777262426070,35.3757
1777262426098,35.8340
1777262426127,35.9139
1777262426174,36.4020
1777262426202,36.3882
1777262426230,36.4264
1777262426258,36.4097
1777262426306,36.1451
1777262426335,36.3106
1777262426363,36.7185
1777262426392,36.4361
1777262426441,35.5585
1777262426469,35.2434
1777262426497,35.4436
1777262426525,35.2945
1777262426573,35.1254
1777262426600,35.3323
1777262426628,35.2121
1777262426656,35.0924
1777262426705,34.9605
1777262426733,34.9784
1777262426761,35.1705
1777262426789,34.6181
1777262426824,34.7508
1777262426874,34.4709
1777262426903,34.4593
1777262426931,34.3701
1777262426959,34.0041
1777262426987,33.5238
1777262427037,32.5467
1777262427065,31.4534
1777262427094,31.2649
1777262427123,31.1233
1777262427172,31.0463
1777262427202,30.8653
1777262427230,30.8557
1777262427259,30.7342
1777262427287,30.6325
1777262427338,30.2042
1777262427369,29.5856
1777262427399,30.1453
1777262427431,30.7910
1777262427460,31.2377
1777262427490,30.8812
1777262427519,30.7152
1777262427569,30.4890
1777262427599,30.3465
1777262427628,30.7316
1777262427663,31.8901
1777262427691,32.2785
1777262427720,32.6494
1777262427771,32.6671
1777262427801,32.6736
1777262427830,32.4248
1777262427858,32.5084
1777262427887,32.2365
1777262427937,31.8704
1777262427966,32.4956
1777262427996,33.3519
1777262428026,33.6522
1777262428058,33.6775
1777262428092,34.0257
1777262428122,33.9248
1777262428153,33.8476
1777262428205,33.4301
1777262428235,33.6276
1777262428270,34.0213
1777262428306,35.8545
1777262428337,36.3350
1777262428367,36.5872
1777262428398,36.4956
1777262428429,36.4129
1777262428460,36.2268
1777262428489,36.2778
1777262428521,36.1750
1777262428552,36.1596
1777262428583,35.7956
1777262428614,35.3623
1777262428667,34.4725
1777262428696,33.6994
1777262428727,33.9901
1777262428760,34.0422
1777262428791,33.8498
1777262428823,33.6868
1777262428855,33.6103
1777262428887,33.4980
1777262428929,33.9628
1777262428961,34.5433
1777262428992,34.6306
1777262429023,34.6436
1777262429055,34.5909
1777262429087,34.2356
1777262429117,34.1729
1777262429149,34.2601
1777262429182,34.1788
1777262429214,33.8708
1777262429247,33.4380
1777262429280,32.7829
1777262429312,31.7919
1777262429357,31.9568
1777262429391,32.0162
1777262429423,31.8377
1777262429456,31.6612
1777262429488,31.4672
1777262429521,32.0820
1777262429567,33.5993
1777262429600,34.5710
1777262429629,35.3545
1777262429660,36.1072
1777262429691,36.1331
1777262429722,35.7708
1777262429751,35.7703
1777262429781,35.6505
1777262429812,35.2612
1777262429842,35.0154
1777262429873,34.7370
1777262429925,34.3758
1777262429954,33.9452
1777262429985,33.9569
1777262430017,33.9234
1777262430048,33.7219
1777262430079,33.5418
1777262430111,33.3700
1777262430142,33.0623
1777262430171,32.9051
1777262430224,32.6212
1777262430255,33.4336
1777262430286,33.7548
1777262430318,33.6980
1777262430349,33.1888
1777262430379,33.0180
1777262430411,32.9105
1777262430443,32.5798
1777262430476,32.3446
1777262430508,32.1357
1777262430540,31.5006
1777262430573,30.4449
1777262430618,30.3598
1777262430649,30.5036
1777262430681,30.3948
1777262430714,30.2869
1777262430746,30.2272
1777262430778,29.9791
1777262430821,31.3689
1777262430854,32.5550
1777262430886,33.2766
1777262430918,34.1405
1777262430950,34.3223
1777262430981,34.1046
1777262431011,34.1066
1777262431041,34.1274
1777262431072,34.0145
1777262431105,33.8627
1777262431137,33.8216
1777262431168,33.7248
1777262431200,34.6936
1777262431245,35.1982
1777262431278,35.3716
1777262431311,35.2665
1777262431344,35.1342
1777262431376,35.0140
1777262431408,34.8310
1777262431455,35.4482
1777262431487,36.3391
1777262431520,36.9660
1777262431553,37.3903
1777262431586,37.3889
1777262431618,37.0323
1777262431664,37.2000
1777262431695,38.4435
1777262431727,39.0922
1777262431759,39.7954
1777262431792,40.2738
1777262431824,39.9989
1777262431854,39.8192
1777262431887,40.0595
1777262431920,39.9324
1777262431952,40.5192
1777262431985,41.2827
1777262432017,41.9350
1777262432051,42.3083
1777262432091,44.3225
1777262432123,44.8741
1777262432156,45.7299
1777262432188,46.1602
1777262432219,46.5030
1777262432250,46.9860
1777262432295,48.5506
1777262432326,49.6804
1777262432359,50.0876
1777262432411,49.5368
1777262432445,50.3060
1777262432485,50.2034
1777262432516,50.6165
1777262432548,50.6116
1777262432580,50.5793
1777262432612,51.3097
1777262432644,51.8630
1777262432681,51.9185
1777262432726,52.2658
1777262432760,51.8691
1777262432792,52.4620
1777262432827,52.1435
1777262432858,51.5746
1777262432890,51.1664
1777262432927,50.7190
1777262432958,49.7898
1777262432989,48.8915
1777262433020,47.9523
1777262433052,46.9944
1777262433113,45.6558
1777262433145,45.2405
1777262433176,45.0923
1777262433208,44.9478
1777262433239,45.3589
1777262433271,45.1428
1777262433301,44.5189
1777262433343,44.6351
1777262433374,44.9836
1777262433404,45.4181
1777262433435,45.4978
1777262433468,45.3367
1777262433502,44.9693
1777262433532,44.5618
1777262433561,44.1988
1777262433591,43.7840
1777262433622,42.7652
1777262433653,41.7971
1777262433685,40.7841
1777262433716,39.3107
1777262433765,38.8870
1777262433796,37.6814
1777262433828,37.5550
1777262433862,37.4725
1777262433893,37.4726
1777262433924,37.1576
1777262433952,37.3708
1777262433984,37.1909
1777262434015,37.0554
1777262434046,36.9329
1777262434077,36.8273
1777262434131,36.9746
1777262434159,36.8233
1777262434191,36.6016
1777262434223,36.4029
1777262434256,35.5199
1777262434288,34.7138
1777262434319,34.0118
1777262434350,32.8644
1777262434391,33.0140
1777262434423,33.2520
1777262434455,33.0311
1777262434487,32.8158
1777262434517,32.5714
1777262434548,32.1850
1777262434576,32.2211
1777262434607,31.9917
1777262434660,31.7347
1777262434691,32.5104
1777262434723,33.5157
1777262434754,33.7855
1777262434784,33.5429
1777262434816,33.7155
1777262434848,33.5791
1777262434878,33.3721
1777262434910,33.2241
1777262434942,33.0308
1777262434973,32.7287
1777262435025,32.8650
1777262435056,33.8253
1777262435088,34.5756
1777262435119,35.0204
1777262435150,34.9081
1777262435180,34.6714
1777262435209,34.7167
1777262435241,34.5087
1777262435272,34.3913
1777262435302,34.1830
1777262435333,33.8407
1777262435386,33.0463
1777262435415,32.0532
1777262435446,32.2513
1777262435477,32.2352
1777262435507,32.1650
1777262435537,32.1122
1777262435567,32.0134
1777262435598,31.8152
1777262435649,31.8557
1777262435680,32.0251
1777262435710,31.9610
1777262435740,31.8771
1777262435771,31.7877
1777262435802,31.4826
1777262435834,31.2833
1777262435887,31.2927
1777262435920,31.6475
1777262435952,32.5464
1777262435983,33.6100
1777262436016,34.2595
1777262436047,34.0086
1777262436077,34.5373
1777262436108,34.4024
1777262436139,34.2265
1777262436170,34.0487
1777262436202,33.8958
1777262436234,33.6371
1777262436263,33.9368
1777262436295,33.6098
1777262436328,33.6102
1777262436360,33.6469
1777262436393,34.2263
1777262436425,33.9235
1777262436475,33.9457
1777262436508,33.9715
1777262436540,34.0314
1777262436571,34.7189
1777262436603,35.8386
1777262436635,36.2378
1777262436671,36.3391
1777262436708,36.9298
1777262436740,36.9509
1777262436773,36.9548
1777262436805,37.0315
1777262436837,37.1126
1777262436870,37.1452
1777262436921,38.5222
1777262436953,38.5548
1777262436986,38.5369
1777262437098,41.2097
1777262437121,43.8249
1777262437164,43.4803
1777262437188,43.3262
1777262437213,42.9935
1777262437257,42.5665
1777262437282,42.5652
1777262437327,43.5492
1777262437351,43.3826
1777262437396,43.3480
1777262437420,43.2862
1777262437445,43.0878
1777262437490,42.2078
1777262437514,41.8336
1777262437559,41.2302
1777262437583,40.7028
1777262437629,40.0601
1777262437653,39.8222
1777262437678,39.5444
1777262437723,38.7557
1777262437748,38.4136
1777262437795,37.9047
1777262437820,37.6585
1777262437845,37.3304
1777262437890,36.7849
1777262437916,35.5802
1777262437962,34.5759
1777262437987,34.1039
1777262438012,33.8754
1777262438059,33.6376
1777262438084,33.4315
1777262438109,28.8396
1777262438155,26.7616
1777262438180,26.5900
1777262438227,26.4191
1777262438253,26.8641
1777262438279,27.0587
1777262438325,27.3147
1777262438350,27.5216
1777262438398,27.4581
1777262438423,27.3055
1777262438449,28.0258
1777262438475,27.9988
1777262438522,27.6786
1777262438548,27.8298
1777262438579,28.3016
1777262438626,28.5631
1777262438652,28.7820
1777262438678,28.6208
1777262438724,28.3845
1777262438750,28.2353
1777262438775,28.1847
1777262438822,27.8095
1777262438848,27.9108
1777262438874,28.5648
1777262438921,28.7763
1777262438948,28.5874
1777262438974,28.4224
1777262439021,28.5273
1777262439048,28.5957
1777262439074,28.3911
1777262439122,28.2232
1777262439150,28.5054
1777262439176,28.3927
1777262439207,29.3038
1777262439254,29.8716
1777262439281,29.8388
1777262439309,29.7442
1777262439358,29.5649
1777262439386,29.6143
1777262439412,30.2499
1777262439438,30.1069
1777262439487,29.3041
1777262439514,29.9142
1777262439541,30.0947
1777262439568,30.3053
1777262439614,30.1684
1777262439641,30.0602
1777262439689,29.9044
1777262439716,30.0826
1777262439744,30.4957
1777262439771,31.2211
1777262439819,31.1418
1777262439846,31.3851
1777262439874,31.4416
1777262439902,31.5258
1777262439952,31.6065
1777262439988,31.7017
1777262440017,31.8326
1777262440052,32.5634
1777262440079,33.3218
1777262440107,34.2114
1777262440135,34.6560
1777262440164,34.8785
1777262440214,34.2131
1777262440242,34.0689
1777262440271,33.8964
1777262440300,33.8899
1777262440350,33.8120
1777262440380,33.7770
1777262440409,34.2556
1777262440438,34.3949
1777262440475,35.3923
1777262440505,35.7762
1777262440535,35.7176
1777262440564,35.7583
1777262440615,35.7024
1777262440644,35.7149
1777262440672,35.9035
1777262440702,35.7806
1777262440732,35.4932
1777262440763,34.7389
1777262440793,34.0867
1777262440844,33.8450
1777262440875,33.7753
1777262440905,34.2301
1777262440935,34.3491
1777262440965,34.1409
1777262440994,33.9490
1777262441024,33.6462
1777262441078,32.5643
1777262441111,32.2271
1777262441141,32.3245
1777262441170,32.4133
1777262441200,33.1696
1777262441229,33.1843
1777262441258,33.0492
1777262441287,32.8398
1777262441343,33.1983
1777262441374,33.3253
1777262441405,33.3450
1777262441436,33.3547
1777262441466,33.1117
1777262441499,33.2702
1777262441535,33.5817
1777262441566,33.6411
1777262441597,33.7120
1777262441627,33.5006
1777262441658,33.2302
1777262441689,32.8375
1777262441718,32.8389
1777262441772,32.7469
1777262441803,33.6939
1777262441835,34.4853
1777262441867,34.6010
1777262441899,34.3659
1777262441928,34.3735
1777262441959,34.4202
1777262441990,34.3167
1777262442021,34.2548
1777262442052,34.1925
1777262442104,33.8176
1777262442138,33.0602
1777262442169,33.8403
1777262442200,33.7928
1777262442232,33.7581
1777262442263,33.7606
1777262442294,33.7680
1777262442326,33.5641
1777262442369,33.6054
1777262442399,33.6477
1777262442431,33.7283
1777262442463,33.6370
1777262442494,33.5751
1777262442525,33.1533
1777262442558,32.7292
1777262442588,33.0686
1777262442619,32.9157
1777262442650,32.8040
1777262442681,32.6644
1777262442713,32.4361
1777262442770,32.3785
1777262442802,33.0062
1777262442834,33.0277
1777262442866,33.0441
1777262442898,32.9659
1777262442930,33.6182
1777262442962,34.2070
1777262443008,36.0823
1777262443040,36.7907
1777262443072,37.7593
1777262443105,38.6668
1777262443137,38.8890
1777262443168,38.5884
1777262443213,40.1591
1777262443244,40.8699
1777262443276,41.4204
1777262443328,40.9836
1777262443359,41.4035
1777262443392,41.4743
1777262443431,41.8377
1777262443464,41.9136
1777262443497,41.9780
1777262443528,42.0996
1777262443559,42.7695
1777262443591,43.2414
1777262443636,45.0406
1777262443667,45.9407
1777262443698,46.6642
1777262443730,47.5547
1777262443761,48.4070
1777262443793,48.2138
1777262443823,48.3375
1777262443854,47.8887
1777262443885,47.6774
1777262443916,47.3187
1777262443947,46.8268
1777262443980,46.6148
1777262444011,45.9324
1777262444057,45.9484
1777262444088,45.6907
1777262444120,45.4837
1777262444151,45.2642
1777262444183,44.9363
1777262444216,43.7085
1777262444246,42.6429
1777262444276,42.4157
1777262444307,42.2841
1777262444339,42.7686
1777262444371,42.6015
1777262444402,42.3956
1777262444434,41.5536
1777262444480,41.7066
1777262444511,41.3628
1777262444542,41.0888
1777262444574,40.2530
1777262444606,39.4378
1777262444637,38.1291
1777262444682,37.4345
1777262444712,37.2467
1777262444744,37.0452
1777262444775,36.7959
1777262444806,36.5576
1777262444837,36.0844
1777262444868,36.1054
1777262444898,35.9758
1777262444930,35.7434
1777262444962,35.4250
1777262445014,34.5491
1777262445046,33.7620
1777262445078,33.1896
1777262445108,33.7237
1777262445139,33.6041
1777262445171,33.4521
1777262445204,33.3216
1777262445235,33.1614
1777262445266,32.7207
1777262445296,33.0526
1777262445327,32.6759
1777262445358,32.1474
1777262445389,31.9565
1777262445442,32.1252
1777262445474,32.1554
1777262445505,31.9359
1777262445536,32.0287
1777262445567,31.9709
1777262445598,31.9565
1777262445630,32.7725
1777262445663,33.0585
1777262445695,33.2302
1777262445740,33.3783
1777262445772,33.6388
1777262445804,33.6762
1777262445835,33.7189
1777262445867,33.7668
1777262445898,33.5381
1777262445941,35.4281
1777262445972,36.1158
1777262446003,36.7996
1777262446034,36.9465
1777262446065,36.8135
1777262446096,36.4047
1777262446125,36.2464
1777262446157,36.2456
1777262446189,35.9162
1777262446220,35.6918
1777262446250,35.4799
1777262446302,35.2323
1777262446337,36.1140
1777262446368,36.5975
1777262446400,36.6171
1777262446431,36.7509
1777262446461,36.5281
1777262446492,36.3749
1777262446523,35.8065
1777262446552,36.0132
1777262446583,35.5748
1777262446614,35.2099
1777262446666,34.3735
1777262446697,34.1411
1777262446729,34.2293
1777262446758,33.1377
1777262446788,33.3187
1777262446819,33.0644
1777262446850,32.8073
1777262446881,32.4886
1777262446912,32.1627
1777262446967,30.9259
1777262446997,30.2708
1777262447027,30.1643
1777262447058,30.0710
1777262447089,30.0108
1777262447120,29.9137
1777262447151,29.5678
1777262447179,29.5499
1777262447210,29.5911
1777262447262,29.3311
1777262447294,30.3119
1777262447324,30.5513
1777262447354,30.1234
1777262447385,29.5727
1777262447417,29.9108
1777262447450,29.6400
1777262447482,29.4189
1777262447514,29.2545
1777262447546,29.0096
1777262447577,28.8018
1777262447619,29.2702
1777262447650,29.9391
1777262447679,30.0595
1777262447837,29.8567
1777262447860,33.7013
1777262447882,34.1141
1777262447906,34.1096
1777262447950,34.3517
1777262447975,34.0879
1777262448020,33.4674
1777262448044,33.0484
1777262448089,32.5242
1777262448113,32.3853
1777262448158,32.6961
1777262448183,32.9806
1777262448207,32.8808
1777262448252,33.6623
1777262448276,33.5963
1777262448321,33.0380
1777262448346,32.6760
1777262448370,32.2058
1777262448416,31.4118
1777262448441,31.0838
1777262448486,30.5978
1777262448511,30.7465
1777262448536,30.8809
1777262448581,31.3850
1777262448606,31.3476
1777262448651,30.8634
1777262448677,30.5898
1777262448702,30.3231
1777262448748,29.7407
1777262448773,29.5827
1777262448819,29.7291
1777262448844,28.2923
1777262448870,28.2309
1777262448915,26.2240
1777262448940,26.4732
1777262448985,26.5252
1777262449011,26.6766
1777262449036,26.4234
1777262449081,26.3853
1777262449107,26.3210
1777262449135,26.5460
1777262449181,26.8158
1777262449207,26.8612
1777262449232,26.5973
1777262449278,26.5256
1777262449304,26.5083
1777262449330,26.3681
1777262449376,26.1842
1777262449402,26.3688
1777262449449,27.0583
1777262449475,27.6092
1777262449501,27.6673
1777262449547,27.9519
1777262449574,28.0796
1777262449600,28.1601
1777262449647,28.0725
1777262449673,27.9330
1777262449699,28.7639
1777262449749,28.7429
1777262449775,29.1085
1777262449801,29.3705
1777262449827,29.2907
1777262449874,29.4317
1777262449900,29.5006
1777262449926,29.2282
1777262449973,29.1704
1777262449999,28.9993
1777262450046,28.7726
1777262450073,29.3606
1777262450099,29.5319
1777262450126,29.3669
1777262450173,29.1596
1777262450199,29.3003
1777262450225,29.1280
1777262450273,29.1400
1777262450300,29.0662
1777262450327,29.0202
1777262450381,28.9006
1777262450408,29.5380
1777262450435,29.2688
1777262450462,29.4324
1777262450488,29.5578
1777262450536,29.6516
1777262450564,29.4912
1777262450611,29.5475
1777262450638,29.7759
1777262450665,30.2628
1777262450692,30.3329
1777262450720,30.1565
1777262450769,29.7756
1777262450797,29.4047
1777262450825,29.7374
1777262450853,29.7200
1777262450901,29.6082
1777262450929,29.6436
1777262450957,29.7307
1777262450985,29.3164
1777262451033,29.4098
1777262451060,29.4379
1777262451087,29.4841
1777262451136,29.8393
1777262451163,30.1392
1777262451191,30.2905
1777262451218,29.9720
1777262451267,30.3623
1777262451585,34.2980
1777262451898,92.7115
1777262451928,103.8352
1777262451957,120.9989
1777262451985,123.5393
1777262452014,122.5543
1777262452042,119.6938
1777262452070,118.1746
1777262452098,115.2231
1777262452147,113.8978
1777262452175,122.5951
1777262452204,123.2377
1777262452232,123.7123
1777262452260,117.4505
1777262452297,116.7828
1777262452347,107.8254
1777262452375,105.8018
1777262452405,100.3764
1777262452434,96.3048
1777262452463,92.4487
1777262452513,89.1096
1777262452542,86.8358
1777262452570,84.4889
1777262452599,75.4397
1777262452627,74.1598
1777262452677,71.5397
1777262452720,70.8246
1777262452750,70.0535
1777262452779,69.1765
1777262452809,68.2664
1777262452839,67.3201
1777262452869,45.9074
1777262452896,45.5376
1777262452928,41.4015
1777262452959,35.0182
1777262453010,34.0640
1777262453040,33.2917
1777262453070,34.0198
1777262453099,34.8100
1777262453136,36.0790
1777262453167,36.4211
1777262453196,36.4062
1777262453227,36.3976
1777262453257,36.4350
1777262453308,36.0485
1777262453352,37.0208
1777262453382,37.6465
1777262453412,37.7236
1777262453441,38.4858
1777262453470,39.2887
1777262453499,39.8540
1777262453531,39.6611
1777262453561,40.0659
1777262453591,40.0107
1777262453725,42.4415
1777262453748,41.4412
1777262453792,40.4214
1777262453816,40.0548
1777262453840,39.9251
1777262453885,39.3603
1777262453910,39.3208
1777262453955,39.2847
1777262453979,39.3947
1777262454004,39.0032
1777262454049,38.4264
1777262454074,37.5638
1777262454119,36.6156
1777262454144,35.8281
1777262454189,35.2792
1777262454214,35.3982
1777262454238,35.1117
1777262454283,35.3248
1777262454308,35.0521
1777262454358,34.5584
1777262454385,33.7842
1777262454410,33.5035
1777262454455,32.4439
1777262454481,31.8970
1777262454506,31.6879
1777262454552,31.4041
1777262454577,30.7494
1777262454602,30.7861
1777262454648,30.6303
1777262454673,30.4963
1777262454719,30.2101
1777262454745,28.2489
1777262454770,29.2087
1777262454816,28.8648
1777262454841,28.6259
1777262454866,28.8271
1777262454913,29.0427
1777262454939,29.0591
1777262454964,28.7866
1777262455010,28.7183
1777262455036,28.8418
1777262455083,28.5109
1777262455109,28.8413
1777262455135,29.3286
1777262455182,29.1927
1777262455208,29.2360
1777262455234,29.3049
1777262455281,29.2300
1777262455306,29.1678
1777262455332,29.0788
1777262455379,28.6124
1777262455405,28.5031
1777262455431,28.7991
1777262455478,28.3057
1777262455505,28.0396
1777262455531,28.2568
1777262455578,28.1081
1777262455604,28.0185
1777262455629,28.0127
1777262455677,27.7835
1777262455704,27.8444
1777262455730,28.3033
1777262455778,27.9084
1777262455804,27.7268
1777262455835,27.8511
1777262455864,28.0893
1777262455912,28.0238
1777262455939,27.8965
1777262455965,27.8092
1777262456013,27.7417
1777262456039,27.7226
1777262456073,28.7770
1777262456099,28.9967
1777262456127,28.9314
1777262456175,29.1810
1777262456203,29.3208
1777262456230,29.1109
1777262456276,29.1592
1777262456303,29.0139
1777262456330,29.8599
1777262456378,29.8153
1777262456406,30.0878
1777262456435,29.8179
1777262456467,30.2242
1777262456496,31.0292
1777262456524,30.9132
1777262456572,30.9212
1777262456600,30.8167
1777262456630,30.7447
1777262456658,30.6335
1777262456706,30.5571
1777262456733,30.3417
1777262456760,30.6552
1777262456790,31.0618
1777262456839,31.1323
1777262456868,31.0149
1777262456895,31.2629
1777262456923,31.0138
1777262456973,30.9365
1777262457003,31.3738
1777262457031,31.7098
1777262457060,32.0262
1777262457090,31.6647
1777262457129,31.9640
1777262457158,31.8928
1777262457187,31.6451
1777262457237,31.4419
1777262457266,31.5962
1777262457294,32.1397
1777262457321,32.1087
1777262457372,31.2684
1777262457403,31.7492
1777262457433,31.6854
1777262457462,31.6294
1777262457491,31.3150
1777262457520,31.1745
1777262457571,31.2375
1777262457601,31.2324
1777262457632,32.1937
1777262457662,33.1732
1777262457692,33.4380
1777262457722,33.5048
1777262457760,34.0859
1777262457790,34.0447
1777262457820,34.0222
1777262457850,33.7092
1777262457901,33.4614
1777262457932,33.4919
1777262457976,35.4124
1777262458007,35.8649
1777262458038,35.8852
1777262458070,35.9291
1777262458102,36.0233
1777262458132,35.7759
1777262458160,35.9126
1777262458191,36.0459
1777262458222,36.1021
1777262458252,35.7896
1777262458283,35.4391
1777262458315,34.5230
1777262458371,34.2730
1777262458401,35.1163
1777262458433,35.1283
1777262458464,35.1368
1777262458495,35.1752
1777262458525,35.2372
1777262458556,35.2198
1777262458601,35.4817
1777262458633,35.9642
1777262458664,35.9913
1777262458694,36.0304
1777262458725,36.0443
1777262458756,35.7173
1777262458784,35.6188
1777262458836,35.8370
1777262458868,36.5887
1777262458899,37.2208
1777262458932,37.8510
1777262458964,37.4920
1777262459000,36.7795
1777262459031,37.5389
1777262459063,37.4849
1777262459094,37.3635
1777262459125,37.2582
1777262459157,37.2212
1777262459188,37.1128
1777262459226,38.3234
1777262459257,39.3659
1777262459289,40.1383
1777262459320,40.9575
1777262459351,41.8655
1777262459381,41.6802
1777262459414,41.4476
1777262459444,41.4491
1777262459475,41.1029
1777262459507,40.8498
1777262459539,40.6144
1777262459570,40.3891
1777262459622,39.7345
1777262459664,39.3360
1777262459696,39.4110
1777262459728,39.4199
1777262459759,40.1493
1777262459791,40.8946
1777262459822,41.5404
1777262459861,42.2844
1777262459892,42.5577
1777262459922,42.4330
1777262459953,42.2742
1777262459983,42.1087
1777262460014,41.6392
1777262460044,41.2909
1777262460074,41.2205
1777262460105,40.9069
1777262460136,40.5715
1777262460168,40.2648
1777262460199,39.7901
1777262460251,38.5829
1777262460292,38.1497
1777262460322,38.1661
1777262460353,38.1436
1777262460384,38.1440
1777262460415,38.1442
1777262460445,37.9888
1777262460473,38.0329
1777262460502,37.9546
1777262460533,37.8867
1777262460565,37.8133
1777262460596,37.6683
1777262460648,37.2877
1777262460675,37.0681
1777262460706,36.7656
1777262460737,36.4966
1777262460769,35.5124
1777262460800,34.5260
1777262460830,33.5243
1777262460861,32.2235
1777262460913,30.8448
1777262460945,30.6404
1777262460977,30.5220
1777262461007,30.3882
1777262461037,30.2244
1777262461069,29.9234
1777262461098,29.7503
1777262461130,29.7294
1777262461161,29.5978
1777262461192,29.4166
1777262461245,29.1588
1777262461277,29.6944
1777262461306,29.1429
1777262461337,29.3696
1777262461369,29.1461
1777262461400,28.8838
1777262461431,28.6500
1777262461463,28.3723
1777262461495,27.9614
1777262461528,28.3045
1777262461559,28.1547
1777262461590,29.0032
1777262461643,29.8671
1777262461675,30.0925
1777262461707,29.9606
1777262461749,30.2136
1777262461781,31.2265
1777262461812,32.5583
1777262461842,33.3019
1777262461873,34.1268
1777262461912,34.3474
1777262461948,36.2122
1777262461999,39.4419
1777262462034,45.9357
1777262462073,51.1734
1777262462110,55.2967
1777262462155,58.9268
1777262462198,64.4268
1777262462251,68.3112
1777262462289,71.1195
1777262462327,75.3938
1777262462368,77.0029
1777262462410,84.2352
1777262462464,89.2805
1777262462500,92.5556
1777262462539,96.1036
1777262462582,98.0991
1777262462767,107.5287
1777262462799,118.4989
1777262462828,129.0456
1777262462859,136.0001
1777262462887,140.1698
1777262462923,138.6355
1777262462958,141.2308
1777262462993,137.8236
1777262463029,134.8468
1777262463062,133.2049
1777262463095,134.2278
1777262463133,133.0604
1777262463180,131.5894
1777262463222,128.8855
1777262463259,128.9874
1777262463295,127.1560
1777262463334,125.3535
1777262463369,124.2977
1777262463407,122.9334
1777262463444,121.1035
1777262463480,119.2559
1777262463518,117.7874
1777262463557,115.9325
1777262463592,114.1448
1777262463640,113.0829
1777262463681,113.4604
1777262463720,113.4359
1777262463759,113.3841
1777262463799,112.7370
1777262463863,99.2725
1777262463914,91.9794
1777262463951,95.4268
1777262463989,101.1215
1777262464025,102.8389
1777262464075,108.1062
1777262464117,112.2678
1777262464160,117.1207
1777262464201,122.8929
1777262464245,125.0846
1777262464295,131.8244
1777262464336,137.5860
1777262464378,142.5997
1777262464419,146.2494
1777262464596,151.4201
1777262464628,176.2963
1777262464657,184.5819
1777262464691,200.1121
1777262464727,211.6253
1777262464763,217.4791
1777262464800,226.3335
1777262464835,233.1866
1777262464870,231.9201
1777262464906,233.6858
1777262464944,235.6527
1777262464980,240.6998
1777262465013,238.1517
1777262465048,236.9786
1777262465086,238.0548
1777262465124,238.3317
1777262465162,235.9542
1777262465200,238.2390
1777262465239,239.9618
1777262465279,239.2200
1777262465335,237.8803
1777262465376,238.9065
1777262465414,239.1236
1777262465453,238.7526
1777262465492,238.0150
1777262465546,236.5926
1777262465583,236.4614
1777262465622,236.6760
1777262465662,226.9759
1777262465702,222.7847
1777262465762,213.8724
1777262465805,210.3846
1777262465849,210.7460
1777262465888,212.8453
1777262465926,216.0485
1777262465976,221.3571
1777262466016,225.1397
1777262466066,229.6820
1777262466110,232.9326
1777262466155,243.2335
1777262466197,247.1341
1777262466239,252.3926
1777262466280,257.8381
1777262466322,264.7311
1777262466364,269.7034
1777262466404,273.6444
1777262466444,281.2257
1777262466483,286.0342
1777262466521,288.0873
1777262466561,295.7309
1777262466613,303.0512
1777262466654,307.8764
1777262466694,313.7460
1777262466732,319.2026
1777262466775,322.3372
1777262466831,331.7814
1777262466873,337.8856
1777262466915,343.0121
1777262466955,348.1098
1777262467001,352.9705
1777262467045,359.3404
1777262467088,364.9734
1777262467129,369.4781
1777262467169,375.0870
1777262467247,380.4076
1777262467292,387.0959
1777262467334,392.6663
1777262467376,401.9679
1777262467459,414.1588
1777262467502,426.7243
1777262467545,429.9261
1777262467590,442.6130
1777262467676,456.9475
1777262467719,463.9879
1777262467763,481.6725
1777262467805,488.7977
1777262467889,504.8839
1777262467935,516.8736
1777262467984,533.3913
1777262468048,539.9241
1777262468120,573.5176
1777262468166,589.5785
1777262468208,603.4812
1777262468274,616.9943
1777262468320,632.3293
1777262468364,645.5973
1777262468407,652.7745
1777262468463,663.5480
1777262468784,685.0326
1777262468838,744.6311
1777262468871,773.9530
1777262468901,790.7868
1777262468935,803.8851
1777262468975,825.3095
1777262469022,847.6912
1777262469061,862.6046
1777262469100,881.5885
1777262469139,894.2726
1777262469179,926.1959
1777262469226,933.9457
1777262469276,954.6583
1777262469315,976.7581
1777262469353,994.8411
1777262469391,1013.7286
1777262469437,1021.5319
1777262469485,1038.6949
1777262469522,1043.8117
1777262469559,1058.9255
1777262469597,1061.4228
1777262469635,1060.0802
1777262469694,1050.6590
1777262469734,1042.9061
1777262469776,1034.9163
1777262469815,1036.7269
1777262469858,1028.3326
1777262469912,1021.0394
1777262469954,1014.6137
1777262469998,1008.2991
1777262470040,1000.7170
1777262470092,994.6825
1777262470135,987.9235
1777262470173,980.1881
1777262470214,976.6638
1777262470256,970.2249
1777262470318,963.9917
1777262470358,958.5139
1777262470400,948.8677
1777262470441,950.3681
1777262470492,950.2146
1777262470547,938.8382
1777262470591,928.2354
1777262470630,924.7433
1777262470670,929.7713
1777262470722,939.2411
1777262470764,946.8934
1777262470807,954.7113
1777262470849,962.7513
1777262470890,969.3219
1777262470966,976.7738
1777262471010,985.1740
1777262471053,993.2304
1777262471097,1001.9136
1777262471174,1018.9130
1777262471369,1023.9496
1777262471413,1060.3803
1777262471444,1083.2555
1777262471477,1101.4873
1777262471515,1102.7698
1777262471554,1117.4330
1777262471596,1132.2434
1777262471636,1149.1348
1777262471674,1163.2954
1777262471711,1178.7608
1777262471749,1194.3385
1777262471789,1213.2846
1777262471843,1224.4785
1777262471886,1248.7022
1777262471925,1252.8433
1777262471963,1259.1737
1777262472003,1271.3653
1777262472072,1286.7066
1777262472113,1298.7637
1777262472157,1313.1068
1777262472195,1324.5650
1777262472232,1328.4192
1777262472269,1331.7404
1777262472308,1334.1731
1777262472347,1336.2888
1777262472388,1338.7226
1777262472433,1340.1987
1777262472487,1348.7964
1777262472529,1353.7449
1777262472566,1358.2432
1777262472605,1359.8001
1777262472649,1361.5116
1777262472701,1360.4799
1777262472739,1358.4127
1777262472784,1358.5474
1777262472825,1356.1075
1777262472868,1357.8213
1777262472910,1353.5628
1777262472950,1353.0399
1777262472990,1351.7806
1777262473030,1349.3861
1777262473084,1347.3161
1777262473125,1345.7368
1777262473168,1342.5652
1777262473211,1341.2284
1777262473252,1339.7115
1777262473296,1335.3053
1777262473338,1334.0169
1777262473380,1333.2552
1777262473424,1332.2782
1777262473466,1333.7963
1777262473537,1328.0659
1777262473577,1327.1737
1777262473617,1328.1798
1777262473656,1329.8289
1777262473702,1333.9171
1777262473757,1346.3318
1777262473798,1353.5995
1777262473840,1357.2155
1777262474110,1392.5835
1777262474144,1413.5930
1777262474177,1425.2543
1777262474220,1454.0511
1777262474258,1472.2833
1777262474292,1489.9000
1777262474329,1508.0016
1777262474369,1526.2796
1777262474406,1543.9700
1777262474438,1550.8972
1777262474473,1566.8207
1777262474510,1581.9703
1777262474550,1595.5390
1777262474593,1600.9339
1777262474632,1625.3015
1777262474669,1627.0668
1777262474709,1640.3196
1777262474749,1651.5360
1777262474793,1665.5919
1777262474832,1678.6565
1777262474873,1680.2038
1777262474915,1680.3658
1777262474959,1681.1098
1777262474998,1683.4129
1777262475036,1684.9521
1777262475075,1686.4152
1777262475117,1687.3910
1777262475161,1688.1336
1777262475219,1690.2627
1777262475262,1694.1957
1777262475302,1696.6657
1777262475346,1699.5494
1777262475396,1700.6303
1777262475437,1707.6614
1777262475477,1714.4601
1777262475515,1717.2011
1777262475558,1723.8552
1777262475609,1726.9941
1777262475651,1734.0346
1777262475693,1730.5924
1777262475735,1723.0943
1777262475776,1715.9209
1777262475835,1707.4413
1777262475876,1699.3648
1777262475917,1692.5109
1777262475960,1684.6741
1777262476006,1675.9325
1777262476058,1668.4839
1777262476105,1661.7019
1777262476146,1652.9079
1777262476186,1647.6152
1777262476228,1638.9031
1777262476267,1630.6006
1777262476306,1622.6985
1777262476349,1614.6616
1777262476390,1611.4423
1777262476451,1603.7131
1777262476497,1576.0747
1777262476750,1575.0627
1777262476789,1558.6270
1777262476818,1574.9137
1777262476854,1589.6648
1777262476885,1599.1658
1777262476919,1611.6260
1777262476956,1620.4693
1777262476993,1635.9066
1777262477029,1642.1997
1777262477067,1651.6873
1777262477103,1660.0946
1777262477140,1669.9306
1777262477178,1678.9868
1777262477216,1686.1832
1777262477253,1687.7258
1777262477291,1695.5928
1777262477328,1703.4393
1777262477373,1716.8743
1777262477414,1715.0210
1777262477461,1717.2309
1777262477501,1729.0646
1777262477543,1735.4419
1777262477579,1732.8844
1777262477619,1729.9859
1777262477665,1728.3569
1777262477701,1724.4474
1777262477738,1722.9244
1777262477777,1720.7283
1777262477818,1712.6267
1777262477875,1705.1942
1777262477916,1701.2013
1777262477955,1697.4051
1777262477996,1693.3389
1777262478035,1690.1962
1777262478086,1688.9804
1777262478126,1687.6926
1777262478168,1685.8141
1777262478208,1683.3324
1777262478245,1682.9662
1777262478490,1677.3725
1777262478535,1672.8145
1777262478566,1671.4207
1777262478601,1672.7818
1777262478638,1672.7536
1777262478676,1672.1089
1777262478714,1671.9372
1777262478750,1672.4350
1777262478788,1672.8366
1777262478823,1674.3284
1777262478860,1675.1410
1777262478899,1675.4163
1777262478951,1675.4603
1777262478991,1676.2701
1777262479031,1676.7102
1777262479642,1673.0070
1777262479684,1730.7366
1777262479722,1742.3437
1777262479759,1759.0351
1777262479796,1776.0725
1777262479836,1799.8121
1777262479875,1832.2724
1777262479915,1875.6099
1777262479954,1943.0098
1777262480011,2039.8414
1777262480048,2240.0380
1777262480089,2249.7224
1777262480127,2250.9141
1777262480182,2256.8105
1777262480219,2402.0383
1777262480259,2399.3251
1777262480296,2395.6832
1777262480335,2393.4139
1777262480371,2493.8793
1777262480435,2605.8071
1777262480472,2600.3408
1777262480512,2596.3706
1777262480550,2591.7585
1777262480716,2588.1346
1777262480752,2656.5761
1777262480783,2654.0609
1777262480814,2653.5850
1777262480847,2650.2965
1777262480885,2654.5541
1777262480920,2746.6339
1777262480955,2746.5323
1777262480985,2735.6810
1777262481019,2735.8651
1777262481055,2822.0667
1777262481092,2822.3111
1777262481127,2935.0200
1777262481162,2929.3521
1777262481197,2923.7458
1777262482297,3494.7555
1777262483837,5146.8819
1777262485491,6541.5216
1777262486860,7623.8455
1777262488091,8322.0738
1777262488653,5324.9020
1777262488681,5249.2210
1777262488715,4487.8161
1777262488750,3415.6154
1777262488783,2750.4826
1777262488817,2361.4684
1777262488852,2033.2244
1777262488890,1775.2654
1777262488927,1589.7764
1777262488959,1440.5603
1777262488994,715.0723
1777262489030,654.8774
1777262489068,601.6771
1777262489103,559.6867
1777262489141,194.8416
1777262489177,185.8016
1777262489214,128.7387
1777262489256,124.6503
1777262489296,121.8945
1777262489335,119.0778
1777262489373,116.3089
1777262489411,113.9956
1777262489447,113.6540
1777262489488,111.7115
1777262489529,110.8876
1777262489570,85.3356
1777262489609,85.4997
1777262489655,85.8754
1777262489700,86.4730
1777262489741,79.7158
1777262489778,81.7231
1777262489818,83.9662
1777262489862,84.7653
1777262489915,88.2454
1777262489952,90.2031
1777262489994,93.1410
1777262490032,95.5991
1777262490075,97.6855
1777262490125,103.1409
1777262490164,106.3879
1777262490206,112.3497
1777262490247,114.8922
1777262490291,119.4110
1777262490341,127.5505
1777262490383,135.9373
1777262490427,139.7236
1777262490468,142.8272
1777262490510,149.4631
1777262490554,156.9744
1777262490594,166.2239
1777262490636,171.8765
1777262490680,176.8201
1777262490722,182.4089
1777262490764,185.6956
1777262490805,195.0383
1777262490844,201.7267
1777262490887,203.9043
1777262490932,212.6752
1777262490975,215.3373
1777262491018,225.3662
1777262491061,227.9772
1777262491105,237.3618
1777262491152,243.4445
1777262491195,249.9075
1777262491238,256.9956
1777262491282,260.5336
1777262491326,264.8555
1777262491398,274.6239
1777262491439,279.7081
1777262491480,286.1522
1777262491521,293.7194
1777262491574,302.8268
1777262491618,311.5764
1777262491660,316.1518
1777262491702,325.9969
1777262491749,335.1019
1777262491835,350.5883
1777262491877,357.5993
1777262491921,372.0193
1777262491979,377.4065
1777262492042,399.8115
1777262492085,405.2062
1777262492128,421.7683
1777262492172,428.2370
1777262492367,461.1584
1777262492399,491.6181
1777262492426,499.1116
1777262492455,514.3635
1777262492488,543.4694
1777262492522,559.0044
1777262492552,573.4879
1777262492589,578.8973
1777262492627,593.9217
1777262492661,606.6210
1777262492697,610.4813
1777262492733,629.3228
1777262492766,631.6631
1777262492812,642.6321
1777262492847,649.5315
1777262492882,653.5968
1777262492916,653.7809
1777262492954,651.3324
1777262492993,639.5631
1777262493033,633.3048
1777262493073,627.4050
1777262493111,617.9778
1777262493147,611.4695
1777262493185,603.9640
1777262493228,595.9756
1777262493268,587.9731
1777262493307,581.1719
1777262493347,574.3856
1777262493387,555.7680
1777262493447,549.7057
1777262493493,537.3976
1777262493533,512.3680
1777262493573,502.1994
1777262493820,492.6835
1777262493864,434.9362
1777262493904,435.7278
1777262493942,442.8262
1777262493980,458.2979
1777262494019,472.2512
1777262494078,485.9975
1777262494120,500.9138
1777262494162,523.9300
1777262494203,536.7703
1777262494244,547.7913
1777262494300,574.6360
1777262494342,590.1229
1777262494383,589.6062
1777262494423,599.1288
1777262494470,608.6802
1777262494516,597.0809
1777262494557,609.7053
1777262494597,604.0953
1777262494636,608.1563
1777262494687,602.7139
1777262494729,598.6933
1777262494771,595.1029
1777262494812,591.8919
1777262494853,586.4208
1777262494906,580.1949
1777262494951,574.5954
1777262494993,565.3877
1777262495036,564.9251
1777262495079,560.7284
1777262495156,551.6299
1777262495198,547.7576
1777262495239,544.9175
1777262495280,547.9626
1777262495353,537.8735
1777262495396,547.8474
1777262495440,553.2487
1777262495485,565.4792
1777262495536,574.8347
1777262495580,585.3058
1777262495623,590.3748
1777262495667,605.1399
1777262495710,609.5405
1777262495791,631.0318
1777262495833,637.1095
1777262495875,655.5534
1777262495916,661.2342
1777262495996,678.3518
1777262496040,689.4930
1777262496082,702.1994
1777262496124,710.1309
1777262496202,720.6280
1777262496246,735.9970
1777262496288,741.3079
1777262496330,755.0617
1777262496405,762.1637
1777262496449,772.8646
1777262496492,783.0293
1777262496536,798.7384
1777262496591,805.6401
1777262496635,815.9654
1777262496679,826.4261
1777262496726,838.5055
1777262496779,842.6567
1777262496843,861.6071
1777262496888,867.0905
1777262496933,878.6556
1777262496991,883.8708
1777262497068,907.2331
1777262497113,919.6424
1777262497157,932.8105
1777262497202,939.7618
1777262497269,959.2282
1777262497313,971.6331
1777262497356,980.7675
1777262497419,988.5732
1777262497656,1058.2940
1777262497690,1059.9270
1777262497726,1082.9910
1777262497765,1106.7437
1777262497807,1118.3142
1777262497850,1136.9620
1777262497894,1157.5874
1777262497933,1176.5602
1777262497972,1196.9732
1777262498015,1204.4701
1777262498056,1220.2439
1777262498105,1240.6529
1777262498144,1254.8691
1777262498188,1273.8811
1777262498227,1277.9906
1777262498269,1291.2149
1777262498307,1308.9322
1777262498343,1322.4450
1777262498382,1335.2952
1777262498419,1340.9973
1777262498458,1341.9425
1777262498511,1341.9448
1777262498551,1343.3365
1777262498590,1344.3950
1777262498630,1346.9282
1777262498670,1348.8407
1777262498727,1350.8389
1777262498768,1354.0412
1777262498809,1358.2612
1777262498850,1361.7058
1777262498896,1356.8517
1777262498945,1352.1098
1777262498986,1346.1295
1777262499026,1339.6537
1777262499063,1333.9320
1777262499112,1327.5992
1777262499166,1322.5952
1777262499207,1314.6453
1777262499248,1311.7915
1777262499287,1306.8908
1777262499333,1298.4373
1777262499380,1296.6500
1777262499426,1288.4954
1777262499465,1284.4064
1777262499508,1281.2976
1777262499582,1272.8938
1777262499620,1269.6925
1777262499660,1267.6420
1777262499701,1269.8528
1777262499740,1268.4493
1777262499796,1267.8540
1777262499840,1260.4251
1777262499884,1266.7598
1777262499926,1275.7467
1777262499994,1286.4795
1777262500036,1293.5142
1777262500075,1303.9653
1777262500117,1316.3137
1777262500164,1316.7561
1777262500222,1335.3236
1777262500263,1341.3344
1777262500303,1350.0653
1777262500343,1365.0619
1777262500394,1374.2549
1777262500437,1384.9094
1777262500479,1389.9433
1777262500520,1400.6155
1777262500562,1411.4502
1777262500850,1423.0162
1777262500901,1454.6288
1777262500939,1476.0244
1777262500981,1501.2627
1777262501021,1517.1764
1777262501061,1540.8926
1777262501101,1571.8242
1777262501142,1583.2734
1777262501183,1596.2408
1777262501226,1615.1343
1777262501268,1631.3930
1777262501321,1649.9248
1777262501360,1667.2459
1777262501400,1686.8099
1777262501440,1700.7123
1777262501480,1718.5334
1777262501523,1734.1177
1777262501566,1751.2927
1777262501613,1767.6831
1777262501655,1770.2253
1777262501698,1773.0058
1777262501777,1775.3509
1777262501819,1778.6073
1777262501862,1781.7921
1777262501904,1795.7603
1777262501944,1799.5707
1777262501989,1804.2935
1777262502032,1809.6143
1777262502075,1813.1041
1777262502115,1819.9916
1777262502162,1823.9168
1777262502202,1829.5486
1777262502242,1835.5005
1777262502282,1837.4625
1777262502322,1842.4018
1777262502372,1850.7105
1777262502413,1857.6984
1777262502457,1860.7596
1777262502502,1869.2214
1777262502548,1875.2190
1777262502632,1877.8097
1777262502675,1878.6914
1777262502719,1875.7389
1777262502761,1873.4744
1777262502838,1873.3008
1777262502883,1870.6860
1777262502931,1869.4722
1777262502989,1867.8900
1777262503054,1869.1121
1777262503099,1868.7723
1777262503146,1870.0733
1777262503200,1871.5700
1777262503274,1872.6583
1777262503318,1874.9202
1777262503361,1878.2270
1777262503411,1880.1889
1777262503479,1886.1905
1777262503525,1890.6663
1777262503572,1898.0153
1777262503622,1905.2301
1777262503699,1929.8826
1777262503891,1964.8291
1777262503948,1994.9188
1777262503985,2023.6601
1777262504021,2039.6752
1777262504060,2064.7760
1777262504100,2086.0372
1777262504151,2108.2700
1777262504192,2130.5631
1777262504234,2139.7237
1777262504274,2160.8865
1777262504324,2179.9327
1777262504375,2198.4367
1777262504416,2211.6566
1777262504459,2233.8349
1777262504499,2240.8595
1777262504538,2257.6417
1777262504578,2275.8663
1777262504617,2292.2477
1777262504657,2296.6110
1777262504700,2320.8515
1777262504743,2323.9890
1777262504792,2327.7353
1777262504831,2331.1527
1777262504869,2334.3358
1777262504910,2337.0031
1777262504955,2339.4402
1777262505004,2346.4383
1777262505043,2350.9684
1777262505082,2359.6585
1777262505120,2362.1967
1777262505164,2365.6598
1777262505213,2374.5579
1777262505253,2375.7587
1777262505296,2382.6340
1777262505336,2383.4958
1777262505377,2388.3409
1777262505430,2392.6887
1777262505471,2398.7351
1777262505515,2399.9590
1777262505555,2402.1990
1777262505595,2403.9450
1777262505635,2409.8843
1777262505674,2412.8123
1777262505714,2417.8105
1777262505755,2418.2630
1777262505797,2419.1336
1777262505857,2423.1445
1777262505896,2426.0991
1777262505937,2428.4392
1777262505978,2429.7174
1777262506021,2431.6453
1777262506068,2433.5667
1777262506112,2440.3431
1777262506150,2442.2537
1777262506188,2444.3941
1777262506231,2443.6668
1777262506274,2437.4224
1777262506315,2434.2766
1777262506356,2427.8468
1777262506398,2422.1626
1777262506456,2415.7476
1777262506500,2411.1468
1777262506543,2407.1813
1777262506586,2403.6855
1777262506628,2400.4934
1777262506952,2393.8028
1777262507013,2382.4646
1777262507054,2377.8027
1777262507094,2407.4723
1777262507133,2421.0284
1777262507181,2434.7874
1777262507232,2453.2754
1777262507273,2478.5869
1777262507314,2504.3184
1777262507351,2529.2608
1777262507396,2552.8988
1777262507435,2584.0111
1777262507474,2592.8591
1777262507514,2635.4284
1777262507556,2642.2275
1777262507599,2664.1976
1777262507655,2690.2572
1777262507702,2711.1908
1777262507750,2714.4053
1777262507790,2717.8417
1777262507865,2721.0714
1777262507909,2725.4276
1777262507951,2729.5348
1777262507991,2738.1306
1777262508033,2741.7041
1777262508078,2746.8441
1777262508121,2759.9160
1777262508164,2764.9927
1777262508206,2772.9810
1777262508288,2786.9869
1777262508331,2796.4531
1777262508372,2802.1256
1777262508413,2815.2635
1777262508464,2824.8113
1777262508508,2834.4555
1777262508552,2844.2919
1777262508595,2856.6247
1777262508637,2866.1712
1777262508717,2876.3732
1777262508762,2886.7593
1777262508947,2908.2621
1777262508990,2941.7183
1777262509033,2947.7693
1777262509077,2971.9282
1777262509120,3002.3634
1777262509169,3014.8169
1777262509214,3040.7289
1777262509259,3059.0583
1777262509303,3067.9137
1777262509346,3085.5292
1777262509426,3112.9864
1777262509469,3140.7095
1777262509512,3150.1280
1777262509555,3170.4001
1777262509602,3199.9926
1777262509653,3208.5596
1777262509697,3214.1660
1777262509736,3247.6029
1777262509776,3251.7490
1777262509843,3258.9986
1777262509887,3264.9272
1777262509931,3270.0971
1777262509975,3284.2649
1777262510021,3289.0267
1777262510067,3298.8819
1777262510111,3302.7930
1777262510154,3308.5894
1777262510200,3305.4427
1777262510276,3302.3678
1777262510316,3294.1295
1777262510356,3288.7887
1777262510397,3283.7962
1777262510472,3276.6128
1777262510513,3271.1962
1777262510552,3264.4646
1777262510592,3258.6924
1777262510635,3256.7779
1777262510694,3247.1353
1777262510736,3240.1466
1777262510779,3234.3447
1777262510824,3234.4844
1777262510907,3214.3324
1777262510952,3216.0973
1777262510997,3202.0533
1777262511054,3205.1992
1777262511117,3192.5256
1777262511164,3203.4550
1777262511207,3211.4748
1777262511249,3213.9676
1777262511323,3234.4306
1777262511366,3245.1876
1777262511408,3256.5931
1777262511451,3269.1216
1777262511520,3280.8446
1777262511565,3298.3853
1777262511608,3306.0708
1777262511649,3313.5398
1777262511697,3327.0398
1777262511744,3346.6635
1777262511787,3354.3492
1777262511828,3360.6395
1777262511867,3369.3979
1777262511947,3379.6573
1777262511991,3389.2840
1777262512033,3399.7407
1777262512074,3405.7508
1777262512131,3417.6597
1777262512414,3423.5165
1777262512467,3475.8431
1777262512502,3477.5263
1777262512536,3500.9718
1777262512573,3514.9348
1777262512614,3522.1099
1777262512654,3526.5402
1777262512701,3529.1512
1777262512738,3533.8045
1777262512774,3534.7596
1777262512814,3545.0994
1777262512869,3550.5967
1777262512909,3548.4392
1777262512949,3551.9492
1777262512991,3552.4498
1777262513035,3554.4018
1777262513083,3556.4949
1777262513123,3554.7619
1777262513162,3554.9772
1777262513201,3553.4602
1777262513239,3553.1394
1777262513285,3552.7208
1777262513328,3552.8811
1777262513369,3552.5133
1777262513409,3552.3419
1777262513451,3552.3146
1777262513501,3543.6957
1777262513545,3534.8133
1777262513586,3530.4267
1777262513626,3530.9262
1777262513669,3534.6598
1777262513743,3539.0220
1777262513787,3542.0646
1777262513829,3545.7691
1777262513869,3548.8498
1777262513928,3554.2977
1777262513975,3559.4501
1777262514202,3561.6962
1777262514262,3592.9268
1777262514303,3614.0956
1777262514344,3617.3016
1777262514385,3637.6393
1777262514423,3655.6749
1777262514481,3668.4473
1777262514522,3678.2068
1777262514561,3702.8771
1777262514601,3715.7598
1777262514654,3726.3162
1777262514706,3753.2752
1777262514747,3761.3251
1777262514786,3772.4792
1777262514829,3786.7231
1777262514875,3804.4716
1777262514922,3812.9202
1777262514963,3832.0083
1777262515002,3834.3914
1777262515040,3848.5197
1777262515088,3849.6056
1777262515128,3850.7676
1777262515176,3852.3495
1777262515219,3852.8261
1777262515261,3854.3740
1777262515334,3859.5334
1777262515375,3863.0911
1777262515415,3869.6436
1777262515456,3871.0572
1777262515504,3874.7268
1777262515544,3876.5919
1777262515584,3881.2000
1777262515621,3885.0783
1777262515662,3886.5630
1777262515706,3888.1788
1777262515750,3892.9592
1777262515790,3898.0864
1777262515831,3902.5944
1777262515874,3902.6927
1777262515923,3905.2388
1777262515963,3909.2396
1777262516004,3912.5862
1777262516047,3916.5120
1777262516089,3918.5612
1777262516140,3924.2751
1777262516182,3928.1666
1777262516224,3917.7727
1777262516267,3914.9364
1777262516310,3910.3924
1777262516392,3903.8943
1777262516439,3899.3371
1777262516482,3895.8824
1777262516524,3891.0274
1777262516603,3885.3379
1777262516647,3882.3039
1777262516861,3881.9762
1777262516892,3875.9384
1777262516922,3881.8206
1777262516953,3890.2033
1777262516986,3896.0463
1777262517041,3901.8219
1777262517074,3908.7818
1777262517108,3915.6596
1777262517139,3923.7900
1777262517177,3929.6651
1777262517214,3945.3369
1777262517247,3962.0081
1777262517282,3966.5333
1777262517317,3983.1569
1777262517353,3998.9721
1777262517393,4001.1836
1777262517431,4011.8965
1777262517470,4023.6169
1777262517506,4034.8162
1777262517545,4037.2670
1777262517583,4047.4660
1777262517623,4050.2414
1777262517663,4066.4039
1777262517710,4066.6216
1777262517748,4067.9391
1777262517787,4068.4423
1777262517828,4069.0825
1777262517866,4069.1778
1777262517913,4068.9962
1777262517961,4070.4413
1777262518000,4071.7237
1777262518039,4074.2952
1777262518079,4074.7725
1777262518130,4075.5222
1777262518184,4076.4637
1777262518224,4071.6042
1777262518264,4066.1003
1777262518304,4059.9838
1777262518350,4055.4217
1777262518394,4051.5435
1777262518432,4047.6659
1777262518471,4039.1894
1777262518510,4037.7017
1777262518558,4033.3611
1777262518808,4028.6745
1777262518851,4021.3716
1777262518889,4021.8125
1777262518924,4035.7692
1777262518959,4043.5297
1777262518992,4045.0141
1777262519029,4048.1569
1777262519070,4051.9111
1777262519108,4056.5145
1777262519142,4063.1982
1777262519181,4068.4468
1777262519219,4082.6038
1777262519261,4092.9893
1777262519313,4115.9661
1777262519352,4120.7199
1777262519388,4134.4671
1777262519433,4147.2869
1777262519475,4160.1743
1777262519525,4186.2323
1777262519563,4187.9420
1777262519600,4201.2789
1777262519640,4202.5805
1777262519686,4203.0664
1777262519737,4205.6695
1777262519779,4207.5029
1777262519820,4209.4135
1777262519861,4211.5773
1777262519914,4213.2085
1777262519955,4217.8115
1777262519995,4223.7503
1777262520035,4228.7726
1777262520075,4233.3785
1777262520129,4241.1620
1777262520169,4246.5128
1777262520209,4252.8154
1777262520248,4255.9447
1777262520287,4262.4659
1777262520329,4265.1929
1777262520371,4274.1537
1777262520411,4282.6361
1777262520455,4289.0612
1777262520496,4291.5925
1777262520538,4297.2711
1777262520582,4304.0263
1777262520621,4314.4798
1777262520667,4321.4892
1777262520712,4323.9254
1777262520758,4333.1777
1777262520953,4336.0647
1777262520998,4363.4081
1777262521038,4377.5667
1777262521080,4391.6790
1777262521119,4404.0522
1777262521159,4416.4640
1777262521199,4427.6265
1777262521240,4439.4649
1777262521278,4436.6757
1777262521316,4436.7542
1777262521353,4432.2803
1777262521399,4439.1476
1777262521441,4436.6264
1777262521478,4434.7920
1777262521515,4428.4541
1777262521560,4426.8889
1777262521603,4420.6366
1777262521661,4419.9387
1777262521701,4417.7767
1777262521742,4414.2824
1777262521784,4410.4545
1777262521830,4408.5196
1777262521869,4406.0243
1777262521910,4404.6980
1777262521950,4403.1024
1777262521990,4401.5927
1777262522034,4393.9797
1777262522071,4379.7442
1777262522109,4372.7941
1777262522149,4365.0764
1777262522194,4365.6112
1777262522237,4359.4887
1777262522295,4354.5013
1777262522335,4358.1299
1777262522375,4361.1072
1777262522415,4363.6288
1777262522460,4368.9319
1777262522504,4375.6936
1777262522547,4385.9210
1777262522594,4389.7447
1777262522639,4397.3837
1777262522710,4405.0881
1777262522755,4414.9155
1777262522795,4421.7420
1777262522833,4425.6264
1777262522878,4430.0768
1777262522917,4439.6633
1777262522956,4447.0021
1777262522997,4454.1945
1777262523039,4457.6298
1777262523081,4464.1446
1777262523139,4478.8990
1777262523181,4486.0674
1777262523223,4484.2169
1777262523264,4482.1557
1777262523313,4481.0272
1777262523353,4474.6155
1777262523565,4471.9737
1777262523604,4481.3206
1777262523636,4481.9096
1777262523672,4486.6589
1777262523706,4494.2844
1777262523738,4496.8559
1777262523773,4496.7115
1777262523811,4497.6669
1777262523847,4498.6719
1777262523883,4499.9584
1777262523919,4499.6269
1777262523950,4499.2659
1777262523980,4499.1873
1777262524014,4497.2219
1777262524050,4498.1769
1777262524088,4498.6538
1777262524124,4497.4646
1777262524161,4492.7434
1777262524197,4496.1656
1777262524243,4496.6328
1777262524280,4511.9261
1777262524313,4512.2335
1777262524345,4519.7887
1777262524380,4525.9799
1777262524424,4525.0972
1777262524470,4525.6334
1777262524508,4525.7086
1777262524548,4526.4514
1777262524587,4526.8703
1777262524633,4526.3445
1777262524687,4525.1644
1777262524723,4525.8621
1777262524760,4527.9664
1777262524799,4529.7964
1777262524843,4531.1481
1777262524889,4534.9905
1777262524929,4535.9618
1777262524970,4540.2213
1777262525008,4543.6552
1777262525055,4545.6800
1777262525106,4551.5130
1777262525148,4556.5374
1777262525190,4561.7487
1777262525232,4564.1366
1777262525277,4569.0353
1777262525324,4576.8570
1777262525364,4587.2767
1777262525400,4595.7063
1777262525437,4595.8427
1777262525484,4599.1790
1777262525544,4601.3992
1777262525583,4597.0023
1777262525620,4595.8731
1777262525658,4591.2885
1777262525705,4587.6623
1777262525746,4582.6044
1777262525792,4579.3762
1777262525834,4575.3524
1777262525877,4571.2514
1777262525940,4567.4542
1777262525981,4563.9174
1777262526022,4560.1634
1777262526064,4559.0092
1777262526114,4557.8133
1777262526171,4552.6621
1777262526212,4546.7889
1777262526254,4546.9572
1777262526418,4544.6889
1777262526450,4529.8910
1777262526482,4535.8689
1777262526518,4543.8149
1777262526553,4550.6446
1777262526590,4560.8636
1777262526625,4575.5742
1777262526653,4580.5385
1777262526686,4590.4223
1777262526721,4602.5472
1777262526758,4603.1406
1777262527914,5820.7328
1777262527967,5808.8610
1777262528001,5805.9196
1777262528036,5802.5074
1777262528072,5799.8705
1777262528106,5793.5214
1777262528142,5752.7391
1777262528173,5699.6632
1777262528203,5640.8428
1777262528232,5578.9151
1777262528260,5514.9902
1777262528290,5450.0643
1777262528319,5370.8126
1777262528352,5286.5115
1777262528385,5205.7528
1777262528419,5127.4674
1777262528450,5051.1560
1777262528483,4976.0168
1777262528515,4902.1446
1777262528547,4829.1398
1777262528750,4757.7122
1777262528779,4695.7243
1777262528807,4632.9875
1777262528836,4569.6767
1777262528864,4505.8393
1777262528894,4441.5852
1777262528924,4374.1190
1777262528954,4289.7256
1777262528984,4160.3983
1777262529014,4080.6551
1777262529045,3995.9972
1777262531586,8985.7506
1777262535995,10683.0241
1777262538622,9601.9167
1777262539347,2643.1100
1777262539418,1773.1837
1777262539440,1173.8831
1777262539463,908.5642
1777262539506,701.6760
1777262539529,604.1375
1777262539572,507.2771
1777262539595,447.0688
1777262539638,399.2039
1777262539661,108.2217
1777262539704,98.7795
1777262539727,91.8405
1777262539770,85.3598
1777262539793,81.0251
1777262539836,75.6479
1777262539859,72.4340
1777262539901,68.3022
1777262539924,65.4641
1777262539966,62.4085
1777262539989,60.0499
1777262540031,57.4971
1777262540054,55.5820
1777262540097,53.4355
1777262540140,51.9866
1777262540162,50.9323
1777262540205,49.5299
1777262540228,48.5219
1777262540284,47.3431
1777262540306,46.5570
1777262540350,45.4716
1777262540372,24.9114
1777262540416,24.5150
1777262540438,18.8053
1777262540481,18.1003
1777262540503,18.1552
1777262540546,17.8279
1777262540569,17.8757
1777262540612,17.4041
1777262540635,17.5775
1777262540678,17.1480
1777262540700,17.3219
1777262540744,17.1655
1777262540766,17.2164
1777262540810,16.9766
1777262540833,17.0451
1777262540876,16.7732
1777262540900,16.9659
1777262540944,16.7044
1777262540967,17.0305
1777262541010,17.2855
1777262541034,17.3753
1777262541078,17.5721
1777262541102,17.7478
1777262541146,17.6989
1777262541170,17.5102
1777262541214,17.5551
1777262541237,17.6071
1777262541282,17.7710
1777262541305,18.0050
1777262541329,18.1152
1777262541375,17.7470
1777262541398,18.0151
1777262541443,17.6971
1777262541467,17.9929
1777262541511,17.8140
1777262541535,18.1455
1777262541560,18.2303
1777262541605,18.1975
1777262541629,18.0458
1777262541673,18.1158
1777262541697,18.3076
1777262541742,18.4271
1777262541766,18.5551
1777262541811,18.7040
1777262541835,18.9102
1777262541859,19.3656
1777262541904,19.0905
1777262541928,19.4988
1777262541973,19.4080
1777262541998,19.8133
1777262542023,19.7176
1777262542069,19.6390
1777262542094,19.5849
1777262542139,19.5082
1777262542164,19.5841
1777262542189,19.6006
1777262542234,19.2556
1777262542259,19.1608
1777262542305,18.8334
1777262542331,19.0622
1777262542356,19.2767
1777262542402,18.9567
1777262542427,19.2662
1777262542474,19.1336
1777262542500,19.4682
1777262542525,19.6499
1777262542571,19.4177
1777262542596,20.0666
1777262542621,20.0824
1777262542667,20.1420
1777262542693,20.1732
1777262542718,20.2406
1777262542764,19.8762
1777262542790,19.9596
1777262542836,19.7456
1777262542861,19.8838
1777262542886,20.0204
1777262542933,19.9986
1777262542959,20.3423
1777262542985,20.1359
1777262543032,19.9983
1777262543059,20.4565
1777262543086,20.3972
1777262543133,20.4013
1777262543159,20.5342
1777262543184,20.5946
1777262543230,20.8113
1777262543255,21.0786
1777262543281,21.2101
1777262543328,20.7413
1777262543354,20.8616
1777262543379,21.0277
1777262543426,20.6497
1777262543458,20.8689
1777262543484,20.8490
1777262543532,20.4503
1777262543558,20.7756
1777262543584,20.6928
1777262543630,20.4890
1777262543655,20.8581
1777262543681,20.6556
1777262543728,20.4361
1777262543754,20.8077
1777262543780,20.8502
1777262543827,20.6110
1777262543853,20.8454
1777262543883,20.8001
1777262543931,20.8760
1777262543957,20.9093
1777262543984,20.9657
1777262544011,21.0727
1777262544058,20.7056
1777262544091,21.1956
1777262544116,21.3745
1777262544163,21.2865
1777262544190,21.4857
1777262544217,21.7347
1777262544264,21.5512
1777262544290,21.8345
1777262544315,22.1743
1777262544363,21.9208
1777262544390,22.6885
1777262544417,22.7995
1777262544444,22.7370
1777262544490,22.5290
1777262544517,22.7558
1777262544565,22.5740
1777262544593,22.8125
1777262544621,23.1714
1777262544647,23.0480
1777262544695,22.8598
1777262544727,23.6217
1777262544753,23.8216
1777262544779,23.9707
1777262544828,24.1712
1777262544855,24.4289
1777262544882,24.4499
1777262544910,24.5393
1777262544959,24.2377
1777262544986,24.2365
1777262545014,24.5458
1777262545041,24.9264
1777262545090,24.5368
1777262545121,24.5627
1777262545149,24.5906
1777262545176,24.4034
1777262545225,24.0907
1777262545252,24.4504
1777262545280,24.4103
1777262545307,24.0805
1777262545355,24.1305
1777262545382,24.1477
1777262545409,24.1833
1777262545437,23.9556
1777262545486,24.1674
1777262545514,24.3315
1777262545541,24.4499
1777262545568,24.2423
1777262545617,23.6747
1777262545645,23.6317
1777262545673,24.1416
1777262545702,23.9239
1777262545753,23.3148
1777262545782,23.2545
1777262545810,23.5425
1777262545838,23.2366
1777262545887,22.9359
1777262545915,23.1996
1777262545943,23.7230
1777262545970,23.6594
1777262545997,23.3220
1777262546046,22.7548
1777262546074,23.1419
1777262546102,23.0701
1777262546130,22.8671
1777262546178,22.4836
1777262546206,22.7996
1777262546234,22.6765
1777262546284,22.2161
1777262546313,22.7882
1777262546341,23.0287
1777262546370,23.0741
1777262546409,23.2919
1777262546437,23.4293
1777262546465,23.4994
1777262546515,23.0926
1777262546544,23.2628
1777262546573,23.4511
1777262546601,23.7891
1777262546629,23.5360
1777262546678,23.0942
1777262546706,23.3376
1777262546735,23.7460
1777262546763,23.4992
1777262546812,23.1997
1777262546840,23.4196
1777262546869,23.6448
1777262546897,23.5058
1777262546947,23.1086
1777262546977,23.2081
1777262547009,23.5678
1777262547039,24.5633
1777262547067,24.6768
1777262547094,24.6022
1777262547144,24.6695
1777262547172,25.2526
1777262547200,25.2017
1777262547227,25.2570
1777262547276,25.2143
1777262547305,25.2199
1777262547333,25.1853
1777262547362,25.1356
1777262547390,24.7003
1777262547437,24.4766
1777262547464,24.6965
1777262547491,24.8353
1777262547540,24.5294
1777262547569,24.5274
1777262547597,24.6927
1777262547625,25.0863
1777262547659,25.5722
1777262547686,25.3128
1777262547735,24.8970
1777262547763,25.1295
1777262547791,25.3835
1777262547818,25.0893
1777262547867,24.6454
1777262547894,24.7005
1777262547921,25.1571
1777262547948,24.8459
1777262547997,24.1886
1777262548025,23.5638
1777262548056,23.5589
1777262548089,23.6400
1777262548116,23.6539
1777262548165,23.2745
1777262548193,23.1427
1777262548221,22.9929
1777262548248,23.0525
1777262548296,22.7685
1777262548324,22.4644
1777262548352,22.4605
1777262548401,22.4880
1777262548429,23.0061
1777262548457,22.9565
1777262548483,23.0717
1777262548531,23.0355
1777262548559,23.1749
1777262548586,23.1764
1777262548615,22.8725
1777262548664,22.6512
1777262548692,23.4268
1777262548720,23.5614
1777262548749,23.4206
1777262548798,23.1868
1777262548826,23.5133
1777262548854,24.1580
1777262548882,24.0379
1777262548909,23.8978
1777262548957,23.2887
1777262548986,24.1683
1777262549014,24.0957
1777262549041,23.9224
1777262549090,23.5065
1777262549117,23.7876
1777262549144,24.0245
1777262549193,23.7043
1777262549221,23.8036
1777262549249,24.1593
1777262549277,24.5163
1777262549324,24.4325
1777262549352,24.6395
1777262549379,24.7600
1777262549429,24.4854
1777262549457,24.4334
1777262549486,24.7217
1777262549514,25.1753
1777262549541,25.0252
1777262549590,24.5223
1777262549618,24.5436
1777262549646,24.7446
1777262549675,24.4768
1777262549724,24.1305
1777262549750,24.4249
1777262549777,24.5821
1777262549805,24.3480
1777262549854,23.8649
1777262549883,23.7386
1777262549912,24.3814
1777262549940,24.3408
1777262549977,24.5029
1777262550005,24.3373
1777262550054,24.2890
1777262550082,24.7503
1777262550110,24.6833
1777262550138,24.5226
1777262550165,24.5488
1777262550213,24.0782
1777262550241,23.8124
1777262550269,23.7498
1777262550318,23.7503
1777262550346,23.6602
1777262550371,23.6861
1777262550397,23.6535
1777262550445,23.2344
1777262550473,23.0645
1777262550501,22.6091
1777262550551,22.0515
1777262550581,22.6514
1777262550611,23.0355
1777262550639,23.0806
1777262550667,23.1123
1777262550716,23.1199
1777262550744,23.3023
1777262550773,23.1454
1777262550800,23.3047
1777262550827,23.3681
1777262550876,23.0081
1777262550905,22.8074
1777262550934,22.8472
1777262550963,22.6539
1777262551011,22.6083
1777262551040,23.0307
1777262551068,23.0481
1777262551097,22.7769
1777262551147,22.5231
1777262551176,23.5298
1777262551205,23.7443
1777262551237,24.1297
1777262551267,24.1794
1777262551295,24.3762
1777262551324,23.9860
1777262551374,23.6777
1777262551404,23.9989
1777262551432,24.4586
1777262551460,24.3471
1777262551510,24.0610
1777262551539,24.8546
1777262551568,24.8803
1777262551597,24.6059
1777262551626,24.4666
1777262551656,24.3326
1777262551705,24.2120
1777262551734,24.2781
1777262551763,24.0820
1777262551791,23.9030
1777262551819,23.7231
1777262551867,23.8738
1777262551894,23.9306
1777262551922,23.9113
1777262551972,23.8141
1777262551999,24.2578
1777262552028,24.2275
1777262552055,23.9451
1777262552104,23.6548
1777262552133,24.1582
1777262552161,24.1022
1777262552190,24.0502
1777262552239,23.4910
1777262552266,23.6948
1777262552293,23.8251
1777262552320,23.9157
1777262552371,23.9228
1777262552400,23.8696
1777262552430,24.1167
1777262552459,24.1008
1777262552493,24.7148
1777262552522,24.5204
1777262552550,24.1322
1777262552600,23.8235
1777262552629,24.0414
1777262552658,24.1567
1777262552685,24.3989
1777262552735,24.1059
1777262552765,24.2253
1777262552794,24.5719
1777262552823,25.2747
1777262552851,25.3627
1777262552880,25.1737
1777262552914,25.2220
1777262552964,25.1800
1777262552993,25.2109
1777262553020,25.0163
1777262553048,25.0051
1777262553097,24.9446
1777262553127,25.1726
1777262553154,25.1414
1777262553182,25.1792
1777262553211,25.2212
1777262553261,24.8240
1777262553290,24.7478
1777262553317,24.9191
1777262553345,25.0554
1777262553374,24.7337
1777262553424,24.1840
1777262553453,24.0089
1777262553482,23.8845
1777262553510,23.8115
1777262553543,23.9892
1777262553593,24.0923
1777262553621,24.2104
1777262553650,24.0919
1777262553678,24.0629
1777262553727,23.9763
1777262553758,24.1835
1777262553786,24.1127
1777262553814,24.0265
1777262553842,23.9617
1777262553891,23.9603
1777262553920,24.1782
1777262553947,24.5673
1777262553974,24.3994
1777262554023,23.9944
1777262554051,24.6119
1777262554079,24.7264
1777262554106,24.6258
1777262554153,24.2500
1777262554181,24.3950
1777262554208,24.5603
1777262554235,24.6188
1777262554283,24.2335
1777262554311,24.1338
1777262554340,24.0517
1777262554366,24.1085
1777262554414,24.0421
1777262554442,23.9941
1777262554471,23.8857
1777262554520,23.8269
1777262554549,24.0321
1777262554577,24.4279
1777262554604,24.3448
1777262554632,23.9605
1777262554682,23.6143
1777262554710,24.0423
1777262554739,24.1939
1777262554767,23.6870
1777262554800,23.6198
1777262554849,23.5540
1777262554877,23.9303
1777262554906,23.8973
1777262554934,23.5646
1777262554987,23.2803
1777262555018,24.0258
1777262555045,24.1613
1777262555073,24.0122
1777262555101,23.9234
1777262555150,23.9038
1777262555179,24.0412
1777262555205,24.1339
1777262555232,24.1562
1777262555280,24.1728
1777262555308,24.2556
1777262555337,24.4362
1777262555363,24.6004
1777262555410,24.8508
1777262555436,25.0002
1777262555463,24.8798
1777262555512,24.7966
1777262555540,24.8453
1777262555567,24.5203
1777262555595,24.2366
1777262555643,24.1133
1777262555671,24.5133
1777262555699,24.5880
1777262555726,24.2618
1777262555776,24.1270
1777262555804,24.2854
1777262555834,24.5033
1777262555861,24.3353
1777262555910,23.9582
1777262555938,24.1988
1777262555965,24.6638
1777262555993,24.6851
1777262556040,24.0521
1777262556066,23.8319
1777262556093,23.8274
1777262556120,23.8157
1777262556169,23.5008
1777262556198,23.2874
1777262556226,23.2378
1777262556274,23.3375
1777262556301,23.3520
1777262556328,23.4676
1777262556355,23.3479
1777262556403,23.3233
1777262556431,23.4519
1777262556460,23.4934
1777262556487,23.6611
1777262556535,23.2842
1777262556563,23.2502
1777262556590,23.3136
1777262556617,23.3523
1777262556665,22.9287
1777262556694,22.8227
1777262556722,22.9086
1777262556750,22.9747
1777262556800,22.5059
1777262556828,22.5212
1777262556856,22.4908
1777262556882,22.5726
1777262556930,22.1681
1777262556958,22.0180
1777262556985,21.7268
1777262557034,21.8980
1777262557062,22.0285
1777262557091,22.0525
1777262557118,22.2524
1777262557146,22.3350
1777262557194,21.9043
1777262557223,21.9264
1777262557251,22.0239
1777262557279,21.7935
1777262557328,21.3041
1777262557357,21.1756
1777262557384,21.3148
1777262557433,21.1276
1777262557462,21.3459
1777262557489,21.5545
1777262557515,21.8538
1777262557563,21.6038
1777262557591,21.7941
1777262557619,22.1019
1777262557647,22.5571
1777262557696,22.4753
1777262557723,22.7446
1777262557750,22.9346
1777262557777,23.0902
1777262557825,22.7205
1777262557854,22.7854
1777262557882,22.9160
1777262557909,23.0844
1777262557958,22.7895
1777262557985,22.8005
1777262558013,22.9641
1777262558041,22.7076
1777262558090,22.3349
1777262558117,22.4499
1777262558144,22.6826
1777262558172,22.8083
1777262558221,22.4531
1777262558249,22.4998
1777262558277,22.8438
1777262558304,23.1307
1777262558352,22.8844
1777262558378,22.9254
1777262558405,22.9392
1777262558453,22.5737
1777262558481,22.3969
1777262558509,22.2012
1777262558556,22.1978
1777262558584,22.3786
1777262558611,22.2579
1777262558638,22.2038
1777262558687,22.1463
1777262558716,22.0939
1777262558743,22.0408
1777262558774,21.8642
1777262558804,22.3249
1777262558854,22.0598
1777262558882,22.1515
1777262558912,22.7602
1777262558940,22.9128
1777262558969,22.8364
1777262559007,22.9305
1777262559034,22.9066
1777262559083,22.9547
1777262559110,23.0318
1777262559138,22.9419
1777262559166,22.9590
1777262559214,22.9897
1777262559242,23.0159
1777262559270,23.0398
1777262559298,22.8740
1777262559346,23.0950
1777262559374,23.2384
1777262559400,23.3268
1777262559449,23.4493
1777262559478,23.5882
1777262559506,23.7661
1777262559535,24.1778
1777262559563,24.1424
1777262559613,23.5742
1777262559640,23.7335
1777262559666,23.9964
1777262559693,23.5744
1777262559742,23.1977
1777262559771,23.4078
1777262559799,23.4018
1777262559828,23.5286
1777262559877,23.2301
1777262559906,23.0512
1777262559935,23.1534
1777262559963,23.2503
1777262559992,22.9999
1777262560040,22.8303
1777262560067,23.2751
1777262560096,23.2065
1777262560124,22.8975
1777262560173,22.6960
1777262560201,23.1414
1777262560229,23.2421
1777262560267,23.5242
1777262560296,23.6358
1777262560325,23.8233
1777262560353,23.4683
1777262560403,23.1777
1777262560431,23.4876
1777262560459,23.4485
1777262560487,23.0960
1777262560536,22.5299
1777262560564,22.5703
1777262560592,23.0681
1777262560620,22.8792
1777262560668,22.7058
1777262560696,23.0114
1777262560724,23.3725
1777262560752,23.2295
1777262560801,22.8363
1777262560830,23.1838
1777262560858,23.6444
1777262560895,23.9348
1777262560923,23.8751
1777262560961,23.9442
1777262560989,24.0993
1777262561018,24.2846
1777262561067,23.9405
1777262561099,24.2519
1777262561126,24.7813
1777262561153,25.2713
1777262561181,25.1482
1777262561230,24.7372
1777262561259,24.5768
1777262561289,24.4567
1777262561320,24.8041
1777262561348,24.9261
1777262561398,25.0049
1777262561427,25.0924
1777262561454,25.2329
1777262561481,25.6446
1777262561508,25.7755
1777262561557,25.3197
1777262561586,25.2508
1777262561615,25.3261
1777262561644,25.4332
1777262561694,25.0245
1777262561723,25.2485
1777262561752,25.4388
1777262561780,25.6397
1777262561809,25.4361
1777262561859,24.9580
1777262561888,24.7360
1777262561919,24.6376
1777262561953,24.9752
1777262561981,25.0197
1777262562031,25.0662
1777262562060,25.6678
1777262562090,26.0094
1777262562120,26.0552
1777262562158,26.3225
1777262562187,26.7358
1777262562216,27.3104
1777262562245,27.3053
1777262562273,27.1747
1777262562303,26.8705
1777262562352,26.7098
1777262562379,27.1059
1777262562407,26.9523
1777262562436,26.6129
1777262562486,26.0444
1777262562515,26.8849
1777262562550,26.9520
1777262562582,27.4235
1777262562611,27.5761
1777262562640,27.7107
1777262562668,27.8325
1777262562718,27.4416
1777262562747,27.3618
1777262562785,28.1226
1777262562813,28.9579
1777262562841,29.2295
1777262562870,29.1258
1777262562898,28.8856
1777262562948,28.5133
1777262562975,28.7197
1777262563003,28.8090
1777262563031,28.5185
1777262563080,27.8830
1777262563111,27.3844
1777262563140,27.5207
1777262563169,27.1531
1777262563208,27.1144
1777262563236,27.1214
1777262563264,27.1295
1777262563293,27.1478
1777262563342,27.1515
1777262563370,27.1328
1777262563397,27.2242
1777262563425,27.2144
1777262563475,27.1920
1777262563504,27.2142
1777262563533,27.1397
1777262563561,26.7348
1777262563590,26.5653
1777262563630,26.5865
1777262563658,26.5638
1777262563708,26.5032
1777262563738,26.5301
1777262563767,26.5587
1777262563796,25.7518
1777262563824,25.5865
1777262563874,25.2156
1777262563903,25.4706
1777262563932,25.7809
1777262563960,25.5531
1777262563988,25.2335
1777262564036,25.0705
1777262564064,25.4078
1777262564092,25.3561
1777262564121,25.0661
1777262564171,24.4157
1777262564200,24.0593
1777262564230,23.9126
1777262564260,24.0533
1777262564288,24.0516
1777262564338,24.0559
1777262564367,24.1689
1777262564397,24.2258
1777262564426,24.4791
1777262564454,24.9667
1777262564504,24.6365
1777262564533,24.6977
1777262564562,24.8080
1777262564590,24.9354
1777262564619,24.7157
1777262564667,24.5466
1777262564696,25.0194
1777262564724,25.2115
1777262564753,24.9597
1777262564782,24.5023
1777262564831,24.0139
1777262564865,24.4579
1777262564893,24.6183
1777262564921,24.5431
1777262564972,24.4186
1777262565001,25.2764
1777262565030,25.6088
1777262565059,25.7569
1777262565092,25.9833
1777262565120,26.2873
1777262565148,26.3457
1777262565177,26.4681
1777262565227,26.1727
1777262565257,26.1653
1777262565284,26.2226
1777262565313,26.3951
1777262565362,25.9901
1777262565391,25.7725
1777262565420,25.7702
1777262565449,25.5969
1777262565498,25.7777
1777262565526,25.7704
1777262565555,25.6501
1777262565583,25.4881
1777262565612,25.3247
1777262565662,25.2096
1777262565691,25.2060
1777262565725,25.2602
1777262565753,25.5546
1777262565781,25.8064
1777262565810,25.9296
1777262565860,25.6766
1777262565889,25.5471
1777262565916,25.4785
1777262565944,25.4641
1777262565995,25.0685
1777262566024,24.4833
1777262566053,24.4900
1777262566082,24.2336
1777262566111,24.1425
1777262566149,24.3333
1777262566178,24.4293
1777262566228,24.4771
1777262566257,24.5464
1777262566286,24.8477
1777262566316,25.1706
1777262566342,25.6607
1777262566371,25.3387
1777262566421,24.8527
1777262566450,25.0148
1777262566478,25.2744
1777262566507,24.9544
1777262566539,24.6776
1777262566571,24.6921
1777262566620,24.6159
1777262566649,25.0459
1777262566678,25.1687
1777262566706,24.7449
1777262566734,24.4498
1777262566784,24.0647
1777262566813,24.3861
1777262566840,24.6921
1777262566889,24.4533
1777262566918,24.5371
1777262566948,24.8986
1777262566983,25.7207
1777262567011,25.7453
1777262567039,25.6628
1777262567067,25.2320
1777262567117,25.0846
1777262567147,25.0309
1777262567173,25.1388
1777262567200,25.2100
1777262567250,24.8078
1777262567280,24.6834
1777262567309,24.5390
1777262567338,24.1974
1777262567366,24.4113
1777262567405,25.0198
1777262567434,24.8350
1777262567464,24.5424
1777262567513,24.3175
1777262567542,24.6461
1777262567571,24.6937
1777262567599,24.9054
1777262567649,24.5920
1777262567678,24.6616
1777262567707,24.7692
1777262567735,24.9488
1777262567765,25.2699
1777262567800,25.0559
1777262567831,25.0194
1777262567860,24.9378
1777262567910,24.5470
1777262567939,24.4285
1777262567968,24.3281
1777262567997,23.6927
1777262568036,24.0321
1777262568065,24.1603
1777262568093,24.3334
1777262568144,23.9683
1777262568173,24.1186
1777262568202,24.2530
1777262568230,24.5702
1777262568258,24.3608
1777262568308,23.9044
1777262568338,23.9368
1777262568366,24.1609
1777262568394,23.9700
1777262568429,23.8286
1777262568460,24.2027
1777262568488,24.2993
1777262568538,23.9318
1777262568566,23.9069
1777262568595,24.2000
1777262568625,24.5743
1777262568653,24.3906
1777262568703,23.8161
1777262568732,23.6859
1777262568761,23.8268
1777262568790,23.9554
1777262568819,23.7385
1777262568869,23.6842
1777262568897,24.1325
1777262568926,24.2762
1777262568954,24.1005
1777262569004,23.8324
1777262569033,23.8576
1777262569064,23.8850
1777262569092,24.2903
1777262569119,24.4714
1777262569168,24.2065
1777262569197,24.1560
1777262569225,24.3524
1777262569254,24.7409
1777262569282,24.9327
1777262569331,24.6051
1777262569359,24.5002
1777262569388,24.5651
1777262569417,24.6437
1777262569445,24.3258
1777262569495,24.2758
1777262569523,24.7271
1777262569552,24.6652
1777262569581,24.4002
1777262569630,23.9097
1777262569659,24.2491
1777262569689,24.7061
1777262569719,24.9185
1777262569747,24.7402
1777262569796,24.5678
1777262569824,24.9838
1777262569853,25.3574
1777262569881,25.1929
1777262569910,24.9528
1777262569959,24.4351
1777262569988,24.8599
1777262570017,24.7295
1777262570045,24.4855
1777262570074,24.1332
1777262570123,23.9821
1777262570151,24.3424
1777262570179,24.2907
1777262570208,23.9737
1777262570257,23.4302
1777262570286,23.5364
1777262570320,24.0079
1777262570352,24.4172
1777262570378,24.4437
1777262570406,24.3963
1777262570455,24.3310
1777262570484,24.8201
1777262570512,24.7627
1777262570541,24.6453
1777262570569,24.3915
1777262570618,24.1386
1777262570647,24.4525
1777262570675,24.2538
1777262570703,23.8925
1777262570752,23.8041
1777262570780,24.1597
1777262570808,24.1170
1777262570837,23.7216
1777262570886,23.3475
1777262570915,23.7616
1777262570950,24.1778
1777262570981,24.6005
1777262571008,24.5470
1777262571037,24.4720
1777262571086,24.4361
1777262571115,24.8572
1777262571144,25.0163
1777262571172,24.9568
1777262571199,24.7082
1777262571248,24.7634
1777262571276,24.8349
1777262571305,24.6268
1777262571333,24.1267
1777262571381,23.8224
1777262571410,24.0242
1777262571438,24.2763
1777262571466,24.1036
1777262571495,23.6370
1777262571544,23.1836
1777262571572,23.4422
1777262571610,24.3815
1777262571639,24.4859
1777262571667,24.4625
1777262571696,24.3777
1777262571746,24.3751
1777262571776,24.3999
1777262571805,24.6047
1777262571833,24.6650
1777262571861,24.7259
1777262571911,24.3668
1777262571940,24.2646
1777262571968,23.9731
1777262571999,23.7530
1777262572032,23.9634
1777262572060,24.0223
1777262572109,23.7102
1777262572137,23.6872
1777262572166,23.5458
1777262572194,23.8443
1777262572221,23.9620
1777262572271,23.5308
1777262572300,23.4893
1777262572328,23.6080
1777262572356,23.6956
1777262572406,23.3360
1777262572445,23.5023
1777262572473,24.2282
1777262572501,25.0281
1777262572529,25.1278
1777262572557,25.1268
1777262572606,24.7108
1777262572634,24.8514
1777262572661,24.9047
1777262572689,24.9865
1777262572738,25.0363
1777262572765,25.1021
1777262572793,25.1445
1777262572820,24.5873
1777262572868,24.4013
1777262572895,25.0481
1777262572922,24.8502
1777262572950,24.5992
1777262572999,24.2220
1777262573026,24.1986
1777262573052,24.2017
1777262573101,24.0913
1777262573129,24.1148
1777262573157,23.8653
1777262573184,23.6990
1777262573233,23.6411
1777262573262,24.2161
1777262573290,24.2439
1777262573317,24.0342
1777262573367,23.8373
1777262573395,24.1973
1777262573423,24.2511
1777262573452,23.8148
1777262573501,23.3297
1777262573529,23.0037
1777262573557,23.0849
1777262573585,23.1595
1777262573613,22.6533
1777262573662,22.1993
1777262573689,22.3564
1777262573716,22.4402
1777262573766,22.1569
1777262573795,21.9787
1777262573824,22.3711
1777262573851,22.8207
1777262573879,22.7186
1777262573916,22.7368
1777262573965,22.7082
1777262573993,23.2315
1777262574021,23.2091
1777262574048,23.2146
1777262574076,23.2084
1777262574123,22.8425
1777262574150,22.6610
1777262574178,22.5627
1777262574228,22.7086
1777262574256,22.8557
1777262574284,22.8243
1777262574311,22.8438
1777262574359,22.8947
1777262574387,22.9745
1777262574415,22.7860
1777262574443,22.9304
1777262574492,22.5959
1777262574522,22.7752
1777262574550,22.8371
1777262574577,22.7984
1777262574626,22.7225
1777262574654,23.1932
1777262574683,23.4127
1777262574712,23.2759
1777262574738,23.3398
1777262574787,22.9212
1777262574815,22.5692
1777262574843,22.5400
1777262574892,22.5605
1777262574921,22.7674
1777262574946,23.0654
1777262574973,22.9102
1777262575022,22.3956
1777262575051,22.7174
1777262575079,22.8983
1777262575108,23.3069
1777262575156,23.3173
1777262575185,23.6042
1777262575217,23.8692
1777262575248,23.6392
1777262575278,23.4971
1777262575309,23.4299
1777262575341,23.4326
1777262575392,23.1499
1777262575423,23.2396
1777262575459,23.6263
1777262575490,24.3611
1777262575520,24.4838
1777262575551,24.4869
1777262575580,24.6470
1777262575609,24.7957
1777262575638,24.5500
1777262575668,24.0994
1777262575720,23.4648
1777262575751,24.4451
1777262575784,24.6142
1777262575814,24.8261
1777262575845,24.8540
1777262575876,24.9703
1777262575907,24.7828
1777262575937,24.3606
1777262575987,24.1500
1777262576017,24.8303
1777262576045,24.8496
1777262576075,24.8013
1777262576106,24.8043
1777262576136,24.8530
1777262576188,24.4554
1777262576229,25.2169
1777262576258,25.9494
1777262576287,26.6087
1777262576316,27.1086
1777262576345,27.3439
1777262576375,27.6547
1777262576412,27.4603
1777262576447,27.3808
1777262576476,27.0288
1777262576505,26.6732
1777262576534,26.2678
1777262576583,25.7931
1777262576611,25.9721
1777262576644,26.8709
1777262576672,27.3049
1777262576700,27.2053
1777262576750,26.9458
1777262576780,26.9701
1777262576809,26.8675
1777262576835,26.8164
1777262576864,26.5862
1777262576914,26.3270
1777262576943,27.0239
1777262576972,27.0530
1777262577001,26.9595
1777262577029,26.5810
1777262577070,26.5084
1777262577100,26.4268
1777262577151,26.3336
1777262577181,26.7406
1777262577210,26.9749
1777262577240,26.6616
1777262577277,25.9855
1777262577307,25.8518
1777262577336,25.7262
1777262577365,25.6574
1777262577395,25.5617
1777262577446,25.1293
1777262577486,25.6987
1777262577515,26.5117
1777262577544,27.2972
1777262577573,27.5180
1777262577602,27.5547
1777262577631,27.2589
1777262577660,27.0682
1777262577700,27.3856
1777262577728,27.5955
1777262577777,27.2459
1777262577806,27.2277
1777262577834,27.5029
1777262577861,27.8684
1777262577888,27.9770
1777262577937,27.4636
1777262577965,27.4013
1777262577995,27.4444
1777262578023,27.5217
1777262578072,27.2538
1777262578099,27.5567
1777262578125,27.7542
1777262578153,27.4310
1777262578203,26.8648
1777262578231,26.5167
1777262578259,26.5264
1777262578286,25.9972
1777262578326,26.0509
1777262578354,26.0022
1777262578403,25.9780
1777262578432,26.4438
1777262578460,26.3941
1777262578488,25.8725
1777262578515,25.1288
1777262578564,24.3197
1777262578592,23.9211
1777262578620,23.9332
1777262578648,23.7478
1777262578697,23.4629
1777262578724,23.6415
1777262578751,23.7767
1777262578778,23.5202
1777262578828,22.9999
1777262578856,22.7581
1777262578885,22.9079
1777262578914,23.0939
1777262578962,22.7973
1777262578990,22.8714
1777262579017,22.9846
1777262579045,23.0142
1777262579094,22.7533
1777262579122,22.7163
1777262579149,22.8546
1777262579176,22.9663
1777262579225,22.6247
1777262579253,22.4565
1777262579282,22.5701
1777262579309,22.5219
1777262579357,22.2577
1777262579569,23.7013
1777262579615,27.8971
1777262579637,27.7905
1777262579680,28.1644
1777262579703,27.9284
1777262579747,27.5654
1777262579770,27.8139
1777262579814,27.8481
1777262579838,27.6675
1777262579882,27.2486
1777262579905,27.0834
1777262579929,27.7228
1777262579973,26.9260
1777262579996,26.5366
1777262580040,26.3333
1777262580064,26.5104
1777262580109,25.9055
1777262580133,25.6118
1777262580178,25.3079
1777262580205,26.0367
1777262580229,25.9173
1777262580273,25.2942
1777262580297,25.0392
1777262580342,25.1151
1777262580366,24.9490
1777262580410,24.6056
1777262580434,24.6121
1777262580458,24.3692
1777262580503,23.8560
1777262580528,23.6447
1777262580573,23.2375
1777262580597,18.7134
1777262580623,18.3013
1777262580668,18.1488
1777262580691,18.0056
1777262580736,17.9044
1777262580761,17.7925
1777262580805,17.7507
1777262580829,17.8956
1777262580854,17.7137
1777262580899,17.3515
1777262580923,17.1927
1777262580968,17.3170
1777262580992,17.5668
1777262581037,17.6752
1777262581062,17.7956
1777262581086,17.9367
1777262581131,17.5933
1777262581156,17.6874
1777262581201,17.4436
1777262581225,17.3124
1777262581271,17.4663
1777262581296,17.7389
1777262581320,17.8640
1777262581366,17.5390
1777262581391,17.7814
1777262581436,17.6333
1777262581465,17.7886
1777262581490,18.4248
1777262581515,18.2826
1777262581561,18.1884
1777262581585,18.2178
1777262581631,18.0062
1777262581655,18.3800
1777262581701,18.4903
1777262581726,18.9509
1777262581750,18.8482
1777262581796,18.7602
1777262581822,18.7731
1777262581847,18.8725
1777262581893,18.9523
1777262581918,18.9420
1777262581964,19.1206
1777262581989,19.2830
1777262582014,19.3160
1777262582060,18.8079
1777262582085,18.9476
1777262582131,19.0170
1777262582156,19.1481
1777262582181,19.5425
1777262582227,19.2048
1777262582253,19.1754
1777262582279,19.1234
1777262582330,18.9905
1777262582356,19.4420
1777262582381,19.3231
1777262582428,19.2077
1777262582453,19.2361
1777262582479,18.7818
1777262582525,18.6654
1777262582550,19.1149
1777262582576,19.0430
1777262582623,19.0482
1777262582650,19.0584
1777262582697,18.9955
1777262582728,19.0885
1777262582754,19.4720
1777262582779,19.9191
1777262582826,19.6859
1777262582853,20.1299
