Timestamp,Profit,CurrentTPS,CurrentTokens,TokensUsed,TransactionsUpgraded
1777323345845,11970.00,0.00,NA,2265.00,0
1777323345917,35930.00,64.00,NA,6795.00,0
1777323345959,11980.00,269.00,NA,2265.00,0
1777323345997,11950.00,387.00,NA,2265.00,0
1777323346045,12160.00,467.00,NA,2265.00,0
1777323346073,11820.00,547.00,NA,2265.00,0
1777323346102,12120.00,631.00,NA,2265.00,0
1777323346141,11790.00,720.00,NA,2265.00,0
1777323346172,11960.00,800.00,NA,2265.00,0
1777323346200,12090.00,880.00,NA,2265.00,0
1777323346247,11620.00,960.00,NA,2265.00,0
1777323346274,11950.00,1027.00,NA,2265.00,0
1777323346302,12150.00,1107.00,NA,2265.00,0
1777323346331,12210.00,1187.00,NA,2265.00,0
1777323346360,11990.00,1267.00,NA,2265.00,0
1777323346409,11980.00,1360.00,NA,2265.00,0
1777323346438,12230.00,1440.00,NA,2265.00,0
1777323346470,12430.00,1520.00,NA,2265.00,0
1777323346498,12080.00,1600.00,NA,2265.00,0
1777323346547,11940.00,1680.00,NA,2265.00,0
1777323346575,12030.00,1747.00,NA,2265.00,0
1777323346604,11690.00,1827.00,NA,2265.00,0
1777323346632,11930.00,1907.00,NA,2265.00,0
1777323346681,12120.00,2000.00,NA,2265.00,0
1777323346707,12090.00,2067.00,NA,2265.00,0
1777323346734,12090.00,2160.00,NA,2265.00,0
1777323346761,12140.00,2233.00,NA,2265.00,0
1777323346811,12000.00,2320.00,NA,2265.00,0
1777323346839,12010.00,2387.00,NA,2265.00,0
1777323346865,12200.00,2467.00,NA,2265.00,0
1777323346914,11940.00,2560.00,NA,2265.00,0
1777323346942,12270.00,2640.00,NA,2265.00,0
1777323346971,11810.00,2720.00,NA,2265.00,0
1777323346996,12250.00,2787.00,NA,2265.00,0
1777323347019,12080.00,2867.00,NA,2265.00,0
1777323347064,11860.00,2960.00,NA,2265.00,0
1777323347109,11900.00,3040.00,NA,2265.00,0
1777323347134,11930.00,3107.00,NA,2265.00,0
1777323347160,11980.00,3200.00,NA,2265.00,0
1777323347207,11980.00,3280.00,NA,2265.00,0
1777323347233,12070.00,3347.00,NA,2265.00,0
1777323347264,12060.00,3427.00,NA,2265.00,0
1777323347290,12200.00,3507.00,NA,2265.00,0
1777323347335,12060.00,3600.00,NA,2265.00,0
1777323347362,11730.00,3680.00,NA,2265.00,0
1777323347388,12200.00,3760.00,NA,2265.00,0
1777323347435,12000.00,3840.00,NA,2265.00,0
1777323347459,11770.00,3920.00,NA,2265.00,0
1777323347512,11930.00,4000.00,NA,2265.00,0
1777323347537,12080.00,4077.00,NA,2265.00,0
1777323347561,11830.00,4147.00,NA,2265.00,0
1777323347606,11930.00,4240.00,NA,2265.00,0
1777323347630,12270.00,4320.00,NA,2265.00,0
1777323347675,11930.00,4400.00,NA,2265.00,0
1777323347699,12210.00,4480.00,NA,2265.00,0
1777323347744,12430.00,4560.00,NA,2265.00,0
1777323347768,11970.00,4627.00,NA,2265.00,0
1777323347792,11990.00,4720.00,NA,2265.00,0
1777323347837,12020.00,4800.00,NA,2265.00,0
1777323347861,12150.00,4867.00,NA,2265.00,0
1777323347907,11850.00,4960.00,NA,2265.00,0
1777323347931,11940.00,5040.00,NA,2265.00,0
1777323347956,12140.00,5116.00,NA,2265.00,0
1777323348017,12160.00,5200.00,NA,2265.00,0
1777323348043,11970.00,5267.00,NA,2265.00,0
1777323348069,11980.00,5347.00,NA,2265.00,0
1777323348094,11850.00,5427.00,NA,2265.00,0
1777323348141,11760.00,5520.00,NA,2265.00,0
1777323348167,12050.00,5587.00,NA,2265.00,0
1777323348195,12020.00,5680.00,NA,2265.00,0
1777323348259,11990.00,5760.00,NA,2265.00,0
1777323348283,11860.00,5827.00,NA,2265.00,0
1777323348329,11820.00,5920.00,NA,2265.00,0
1777323348354,12060.00,6000.00,NA,2265.00,0
1777323348378,11790.00,6080.00,NA,2265.00,0
1777323348422,11870.00,6160.00,NA,2265.00,0
1777323348446,11890.00,6240.00,NA,2265.00,0
1777323348491,12180.00,6320.00,NA,2265.00,0
1777323348514,12030.00,6387.00,NA,2265.00,0
1777323348559,12150.00,6480.00,NA,2265.00,0
1777323348583,11910.00,6547.00,NA,2265.00,0
1777323348608,12070.00,6627.00,NA,2265.00,0
1777323348654,11950.00,6720.00,NA,2265.00,0
1777323348689,12090.00,6800.00,NA,2265.00,0
1777323348714,12040.00,6880.00,NA,2265.00,0
1777323348738,11990.00,6960.00,NA,2265.00,0
1777323348783,11850.00,7040.00,NA,2265.00,0
1777323348807,12300.00,7120.00,NA,2265.00,0
1777323348866,12140.00,7200.00,NA,2265.00,0
1777323348891,12150.00,7280.00,NA,2265.00,0
1777323348935,12030.00,7360.00,NA,2265.00,0
1777323348959,11560.00,7440.00,NA,2265.00,0
1777323348983,12030.00,7520.00,NA,2265.00,0
1777323349027,11850.00,7600.00,NA,2265.00,0
1777323349051,12020.00,7680.00,NA,2265.00,0
1777323349094,11910.00,7760.00,NA,2265.00,0
1777323349118,12090.00,7827.00,NA,2265.00,0
1777323349163,12170.00,7920.00,NA,2265.00,0
1777323349186,11940.00,7997.00,NA,2265.00,0
1777323349231,12060.00,8080.00,NA,2265.00,0
1777323349255,11960.00,8160.00,NA,2265.00,0
1777323349300,11820.00,8240.00,NA,2265.00,0
1777323349329,11990.00,8307.00,NA,2265.00,0
1777323349355,12080.00,8387.00,NA,2265.00,0
1777323349381,12100.00,8480.00,NA,2265.00,0
1777323349426,12110.00,8560.00,NA,2265.00,0
1777323349451,11930.00,8627.00,NA,2265.00,0
1777323349497,11990.00,8720.00,NA,2265.00,0
1777323349522,11770.00,8800.00,NA,2265.00,0
1777323349568,12190.00,8880.00,NA,2265.00,0
1777323349593,12070.00,8960.00,NA,2265.00,0
1777323349618,11950.00,9040.00,NA,2265.00,0
1777323349664,12390.00,9120.00,NA,2265.00,0
1777323349689,12440.00,9187.00,NA,2265.00,0
1777323349713,11930.00,9280.00,NA,2265.00,0
1777323349759,11650.00,9360.00,NA,2265.00,0
1777323349784,12240.00,9427.00,NA,2265.00,0
1777323349830,11720.00,9520.00,NA,2265.00,0
1777323349854,12480.00,9600.00,NA,2265.00,0
1777323349879,11860.00,9680.00,NA,2265.00,0
1777323349924,12420.00,9760.00,NA,2265.00,0
1777323349948,11860.00,9840.00,NA,2265.00,0
1777323349993,11990.00,9920.00,NA,2265.00,0
1777323350017,11840.00,9987.00,NA,2265.00,0
1777323350063,12180.00,10080.00,NA,2265.00,0
1777323350088,11910.00,10160.00,NA,2265.00,0
1777323350114,11970.00,10227.00,NA,2265.00,0
1777323350161,12160.00,10320.00,NA,2265.00,0
1777323350187,12020.00,10400.00,NA,2265.00,0
1777323350212,12070.00,10480.00,NA,2265.00,0
1777323350259,12290.00,10560.00,NA,2265.00,0
1777323350285,12250.00,10627.00,NA,2265.00,0
1777323350332,12090.00,10720.00,NA,2265.00,0
1777323350359,11940.00,10787.00,NA,2265.00,0
1777323350384,12110.00,10867.00,NA,2265.00,0
1777323350411,11960.00,10947.00,NA,2265.00,0
1777323350458,12090.00,11040.00,NA,2265.00,0
1777323350484,12190.00,11120.00,NA,2265.00,0
1777323350511,11970.00,11200.00,NA,2265.00,0
1777323350560,12050.00,11280.00,NA,2265.00,0
1777323350591,12060.00,11347.00,NA,2265.00,0
1777323350617,11810.00,11427.00,NA,2265.00,0
1777323350644,12010.00,11520.00,NA,2265.00,0
1777323350674,11920.00,11600.00,NA,2265.00,0
1777323350721,11940.00,11680.00,NA,2265.00,0
1777323350747,11950.00,11747.00,NA,2265.00,0
1777323350773,12110.00,11827.00,NA,2265.00,0
1777323350821,11960.00,11920.00,NA,2265.00,0
1777323350847,11800.00,12000.00,NA,2265.00,0
1777323350873,12220.00,12080.00,NA,2265.00,0
1777323350905,11890.00,12096.00,NA,2265.00,0
1777323350955,11690.00,11971.00,NA,2265.00,0
1777323350987,11940.00,11959.00,NA,2265.00,0
1777323351020,11910.00,11933.00,NA,2265.00,0
1777323351049,12080.00,12013.00,NA,2265.00,0
1777323351076,12250.00,11989.00,NA,2265.00,0
1777323351103,12390.00,11987.00,NA,2265.00,0
1777323351152,11830.00,11956.00,NA,2265.00,0
1777323351180,11900.00,11956.00,NA,2265.00,0
1777323351207,12000.00,11933.00,NA,2265.00,0
1777323351255,12020.00,11960.00,NA,2265.00,0
1777323351282,11800.00,11964.00,NA,2265.00,0
1777323351309,11940.00,11979.00,NA,2265.00,0
1777323351336,12130.00,12013.00,NA,2265.00,0
1777323351384,12030.00,11936.00,NA,2265.00,0
1777323351411,11710.00,11987.00,NA,2265.00,0
1777323351439,11890.00,11991.00,NA,2265.00,0
1777323351487,12100.00,11933.00,NA,2265.00,0
1777323351530,12130.00,11907.00,NA,2265.00,0
1777323351557,11930.00,11933.00,NA,2265.00,0
1777323351584,11990.00,11946.00,NA,2265.00,0
1777323351612,12160.00,11961.00,NA,2265.00,0
1777323351643,12020.00,11923.00,NA,2265.00,0
1777323351669,11790.00,11987.00,NA,2265.00,0
1777323351717,11750.00,11933.00,NA,2265.00,0
1777323351745,11970.00,11933.00,NA,2265.00,0
1777323351772,12010.00,11933.00,NA,2265.00,0
1777323351821,12390.00,11933.00,NA,2265.00,0
1777323351852,11970.00,11933.00,NA,2265.00,0
1777323351878,11840.00,11936.00,NA,2265.00,0
1777323351911,12010.00,12000.00,NA,2265.00,0
1777323351939,11790.00,12000.00,NA,2265.00,0
1777323351967,12070.00,12000.00,NA,2265.00,0
1777323352015,12050.00,11933.00,NA,2265.00,0
1777323352042,11700.00,11936.00,NA,2265.00,0
1777323352070,11920.00,11963.00,NA,2265.00,0
1777323352119,12140.00,11933.00,NA,2265.00,0
1777323352147,11930.00,11933.00,NA,2265.00,0
1777323352175,12090.00,11933.00,NA,2265.00,0
1777323352202,11960.00,12000.00,NA,2265.00,0
1777323352251,11800.00,11933.00,NA,2265.00,0
1777323352278,12130.00,11923.00,NA,2265.00,0
1777323352306,12080.00,11923.00,NA,2265.00,0
1777323352333,12090.00,11987.00,NA,2265.00,0
1777323352381,12050.00,11933.00,NA,2265.00,0
1777323352409,11970.00,11933.00,NA,2265.00,0
1777323352437,12030.00,12000.00,NA,2265.00,0
1777323352464,11990.00,11939.00,NA,2265.00,0
1777323352544,12120.00,11853.00,NA,2265.00,0
1777323352571,12140.00,11843.00,NA,2265.00,0
1777323352595,12140.00,11920.00,NA,2265.00,0
1777323352639,11950.00,11853.00,NA,2265.00,0
1777323352664,12230.00,11907.00,NA,2265.00,0
1777323352708,12110.00,11853.00,NA,2265.00,0
1777323352732,12540.00,11920.00,NA,2265.00,0
1777323352776,11930.00,11869.00,NA,2265.00,0
1777323352799,11780.00,11853.00,NA,2265.00,0
1777323352844,11820.00,11853.00,NA,2265.00,0
1777323352867,11890.00,11840.00,NA,2265.00,0
1777323352890,12200.00,11933.00,NA,2265.00,0
1777323352935,11720.00,11853.00,NA,2265.00,0
1777323352958,12240.00,11867.00,NA,2265.00,0
1777323353003,12090.00,11920.00,NA,2265.00,0
1777323353026,11890.00,11933.00,NA,2265.00,0
1777323353072,12010.00,11933.00,NA,2265.00,0
1777323353098,11940.00,11901.00,NA,2265.00,0
1777323353143,11920.00,11920.00,NA,2265.00,0
1777323353167,11880.00,11907.00,NA,2265.00,0
1777323353191,11980.00,11933.00,NA,2265.00,0
1777323353236,11740.00,11933.00,NA,2265.00,0
1777323353260,12220.00,11987.00,NA,2265.00,0
1777323353304,12210.00,11933.00,NA,2265.00,0
1777323353329,11980.00,12000.00,NA,2265.00,0
1777323353374,11960.00,11933.00,NA,2265.00,0
1777323353399,11840.00,11933.00,NA,2265.00,0
1777323353423,12440.00,12000.00,NA,2265.00,0
1777323353468,12160.00,11920.00,NA,2265.00,0
1777323353492,12040.00,12000.00,NA,2265.00,0
1777323353537,11910.00,11923.00,NA,2265.00,0
1777323353561,11590.00,11986.00,NA,2265.00,0
1777323353606,11840.00,11933.00,NA,2265.00,0
1777323353631,11520.00,11923.00,NA,2265.00,0
1777323353676,12310.00,11933.00,NA,2265.00,0
1777323353700,12010.00,11933.00,NA,2265.00,0
1777323353724,11690.00,11933.00,NA,2265.00,0
1777323353769,12060.00,11920.00,NA,2265.00,0
1777323353793,12070.00,11933.00,NA,2265.00,0
1777323353839,11970.00,11933.00,NA,2265.00,0
1777323353864,12090.00,11987.00,NA,2265.00,0
1777323353889,12020.00,11987.00,NA,2265.00,0
1777323353934,12200.00,12000.00,NA,2265.00,0
1777323353959,12110.00,12000.00,NA,2265.00,0
1777323354005,11800.00,11920.00,NA,2265.00,0
1777323354031,11940.00,11991.00,NA,2265.00,0
1777323354056,11960.00,11933.00,NA,2265.00,0
1777323354102,11860.00,11933.00,NA,2265.00,0
1777323354127,12340.00,11936.00,NA,2265.00,0
1777323354172,11980.00,11933.00,NA,2265.00,0
1777323354197,12010.00,11933.00,NA,2265.00,0
1777323354222,12070.00,11987.00,NA,2265.00,0
1777323354268,12160.00,11933.00,NA,2265.00,0
1777323354293,12140.00,12000.00,NA,2265.00,0
1777323354339,11780.00,11936.00,NA,2265.00,0
1777323354368,11670.00,11910.00,NA,2265.00,0
1777323354393,11970.00,11933.00,NA,2265.00,0
1777323354439,11830.00,11933.00,NA,2265.00,0
1777323354464,12050.00,11923.00,NA,2265.00,0
1777323354489,12030.00,11987.00,NA,2265.00,0
1777323354534,11790.00,11933.00,NA,2265.00,0
1777323354560,11870.00,11987.00,NA,2265.00,0
1777323354585,12080.00,11987.00,NA,2265.00,0
1777323354632,12400.00,11933.00,NA,2265.00,0
1777323354659,11990.00,12000.00,NA,2265.00,0
1777323354706,12000.00,11923.00,NA,2265.00,0
1777323354732,12290.00,11907.00,NA,2265.00,0
1777323354757,12320.00,11987.00,NA,2265.00,0
1777323354804,11820.00,11933.00,NA,2265.00,0
1777323354830,11860.00,12000.00,NA,2265.00,0
1777323354856,11860.00,11987.00,NA,2265.00,0
1777323354903,11700.00,11933.00,NA,2265.00,0
1777323354929,12070.00,11933.00,NA,2265.00,0
1777323354955,12000.00,11933.00,NA,2265.00,0
1777323355001,12110.00,11933.00,NA,2265.00,0
1777323355027,11870.00,11936.00,NA,2265.00,0
1777323355053,12150.00,12000.00,NA,2265.00,0
1777323355101,11950.00,11933.00,NA,2265.00,0
1777323355128,12070.00,11933.00,NA,2265.00,0
1777323355154,12000.00,11987.00,NA,2265.00,0
1777323355200,11830.00,11933.00,NA,2265.00,0
1777323355226,12110.00,11933.00,NA,2265.00,0
1777323355252,12040.00,12000.00,NA,2265.00,0
1777323355299,12150.00,11949.00,NA,2265.00,0
1777323355325,12160.00,12000.00,NA,2265.00,0
1777323355351,11980.00,12013.00,NA,2265.00,0
1777323355400,12080.00,11933.00,NA,2265.00,0
1777323355428,12130.00,11931.00,NA,2265.00,0
1777323355455,11950.00,11987.00,NA,2265.00,0
1777323355482,11640.00,11987.00,NA,2265.00,0
1777323355529,11980.00,11933.00,NA,2265.00,0
1777323355555,12310.00,12000.00,NA,2265.00,0
1777323355580,11920.00,12013.00,NA,2265.00,0
1777323355626,12030.00,11949.00,NA,2265.00,0
1777323355652,11750.00,11951.00,NA,2265.00,0
1777323355698,11970.00,11920.00,NA,2265.00,0
1777323355723,11870.00,11987.00,NA,2265.00,0
1777323355749,11840.00,11987.00,NA,2265.00,0
1777323355796,11940.00,11936.00,NA,2265.00,0
1777323355822,12140.00,11987.00,NA,2265.00,0
1777323355847,12080.00,12000.00,NA,2265.00,0
1777323355894,12090.00,11933.00,NA,2265.00,0
1777323355918,11930.00,11933.00,NA,2265.00,0
1777323355944,12240.00,12000.00,NA,2265.00,0
1777323355992,11900.00,12013.00,NA,2265.00,0
1777323356018,12110.00,11991.00,NA,2265.00,0
1777323356065,12110.00,11933.00,NA,2265.00,0
1777323356092,11860.00,11933.00,NA,2265.00,0
1777323356119,12070.00,11933.00,NA,2265.00,0
1777323356145,12040.00,11987.00,NA,2265.00,0
1777323356193,12170.00,11933.00,NA,2265.00,0
1777323356221,12030.00,11933.00,NA,2265.00,0
1777323356279,12050.00,11933.00,NA,2265.00,0
1777323356302,12180.00,11933.00,NA,2265.00,0
1777323356325,12380.00,11923.00,NA,2265.00,0
1777323356369,11960.00,11920.00,NA,2265.00,0
1777323356392,12090.00,11933.00,NA,2265.00,0
1777323356436,12200.00,11920.00,NA,2265.00,0
1777323356459,12350.00,11933.00,NA,2265.00,0
1777323356482,11960.00,12000.00,NA,2265.00,0
1777323356526,11820.00,12013.00,NA,2265.00,0
1777323356549,12010.00,12013.00,NA,2265.00,0
1777323356593,11910.00,11933.00,NA,2265.00,0
1777323356616,12140.00,11999.00,NA,2265.00,0
1777323356660,11770.00,11933.00,NA,2265.00,0
1777323356684,12100.00,11936.00,NA,2265.00,0
1777323356727,12020.00,11933.00,NA,2265.00,0
1777323356751,12140.00,11933.00,NA,2265.00,0
1777323356796,12020.00,11920.00,NA,2265.00,0
1777323356819,11760.00,12000.00,NA,2265.00,0
1777323356864,12150.00,11933.00,NA,2265.00,0
1777323356887,11860.00,11933.00,NA,2265.00,0
1777323356931,12320.00,11933.00,NA,2265.00,0
1777323356955,12030.00,11936.00,NA,2265.00,0
1777323356979,12220.00,11910.00,NA,2265.00,0
1777323357023,11990.00,11933.00,NA,2265.00,0
1777323357047,12040.00,11933.00,NA,2265.00,0
1777323357091,11780.00,11933.00,NA,2265.00,0
1777323357116,12140.00,12000.00,NA,2265.00,0
1777323357167,12110.00,11907.00,NA,2265.00,0
1777323357192,11700.00,11907.00,NA,2265.00,0
1777323357217,12010.00,11907.00,NA,2265.00,0
1777323357262,12250.00,11933.00,NA,2265.00,0
1777323357286,12090.00,11920.00,NA,2265.00,0
1777323357310,11640.00,11920.00,NA,2265.00,0
1777323357355,12140.00,11933.00,NA,2265.00,0
1777323357379,11680.00,12000.00,NA,2265.00,0
1777323357424,11960.00,11933.00,NA,2265.00,0
1777323357448,12020.00,11933.00,NA,2265.00,0
1777323357493,11830.00,11933.00,NA,2265.00,0
1777323357517,11930.00,12000.00,NA,2265.00,0
1777323357562,11840.00,12013.00,NA,2265.00,0
1777323357586,12050.00,12013.00,NA,2265.00,0
1777323357610,12070.00,11990.00,NA,2265.00,0
1777323357658,11910.00,12013.00,NA,2265.00,0
1777323357683,12170.00,12013.00,NA,2265.00,0
1777323357707,12090.00,12067.00,NA,2265.00,0
1777323357752,12040.00,12013.00,NA,2265.00,0
1777323357776,11970.00,12080.00,NA,2265.00,0
1777323357821,12140.00,12000.00,NA,2265.00,0
1777323357846,11980.00,12035.00,NA,2265.00,0
1777323357892,11920.00,12000.00,NA,2265.00,0
1777323357916,11950.00,11987.00,NA,2265.00,0
1777323357940,11890.00,12000.00,NA,2265.00,0
1777323357985,12290.00,12000.00,NA,2265.00,0
1777323358010,12170.00,12013.00,NA,2265.00,0
1777323358055,12080.00,12013.00,NA,2265.00,0
1777323358079,11890.00,12013.00,NA,2265.00,0
1777323358104,12350.00,12013.00,NA,2265.00,0
1777323358149,12050.00,12013.00,NA,2265.00,0
1777323358173,11890.00,12029.00,NA,2265.00,0
1777323358218,11850.00,12000.00,NA,2265.00,0
1777323358243,11710.00,12000.00,NA,2265.00,0
1777323358289,12080.00,12013.00,NA,2265.00,0
1777323358314,11880.00,12013.00,NA,2265.00,0
1777323358338,12060.00,12000.00,NA,2265.00,0
1777323358384,11960.00,12013.00,NA,2265.00,0
1777323358408,11980.00,12013.00,NA,2265.00,0
1777323358433,12060.00,12013.00,NA,2265.00,0
1777323358479,12040.00,12000.00,NA,2265.00,0
1777323358503,12220.00,12013.00,NA,2265.00,0
1777323358548,12100.00,12013.00,NA,2265.00,0
1777323358572,11950.00,12000.00,NA,2265.00,0
1777323358618,11980.00,12013.00,NA,2265.00,0
1777323358642,11940.00,12013.00,NA,2265.00,0
1777323358688,12060.00,12000.00,NA,2265.00,0
1777323358713,11920.00,12013.00,NA,2265.00,0
1777323358738,12030.00,12013.00,NA,2265.00,0
1777323358783,11840.00,12000.00,NA,2265.00,0
1777323358808,11950.00,11987.00,NA,2265.00,0
1777323358832,11960.00,12080.00,NA,2265.00,0
1777323358878,11990.00,12013.00,NA,2265.00,0
1777323358903,11670.00,12003.00,NA,2265.00,0
1777323358949,12130.00,12013.00,NA,2265.00,0
1777323358974,11950.00,12013.00,NA,2265.00,0
1777323358999,12130.00,12080.00,NA,2265.00,0
1777323359044,11920.00,12013.00,NA,2265.00,0
1777323359069,12160.00,12013.00,NA,2265.00,0
1777323359116,11970.00,12013.00,NA,2265.00,0
1777323359142,11970.00,11990.00,NA,2265.00,0
1777323359168,12040.00,12067.00,NA,2265.00,0
1777323359198,11650.00,12080.00,NA,2265.00,0
1777323359276,12480.00,11933.00,NA,2265.00,0
1777323359299,12020.00,11933.00,NA,2265.00,0
1777323359344,12200.00,11999.00,NA,2265.00,0
1777323359368,12040.00,12013.00,NA,2265.00,0
1777323359391,11890.00,12000.00,NA,2265.00,0
1777323359435,11980.00,12000.00,NA,2265.00,0
1777323359459,12040.00,12013.00,NA,2265.00,0
1777323359503,11880.00,11923.00,NA,2265.00,0
1777323359526,12070.00,11987.00,NA,2265.00,0
1777323359570,12190.00,11933.00,NA,2265.00,0
1777323359594,11730.00,11920.00,NA,2265.00,0
1777323359638,11790.00,11933.00,NA,2265.00,0
1777323359662,12110.00,11933.00,NA,2265.00,0
1777323359706,12200.00,12000.00,NA,2265.00,0
1777323359729,12310.00,12013.00,NA,2265.00,0
1777323359773,12520.00,11923.00,NA,2265.00,0
1777323359797,11990.00,11987.00,NA,2265.00,0
1777323359841,12300.00,11933.00,NA,2265.00,0
1777323359865,11670.00,11933.00,NA,2265.00,0
1777323359888,11810.00,11987.00,NA,2265.00,0
1777323359933,12220.00,11933.00,NA,2265.00,0
1777323359957,12360.00,11999.00,NA,2265.00,0
1777323360001,11960.00,12000.00,NA,2265.00,0
1777323360025,12130.00,12013.00,NA,2265.00,0
1777323360069,12060.00,11920.00,NA,2265.00,0
1777323360107,11720.00,12000.00,NA,2265.00,0
1777323360131,12140.00,11920.00,NA,2265.00,0
1777323360176,11690.00,11933.00,NA,2265.00,0
1777323360201,12160.00,12000.00,NA,2265.00,0
1777323360226,12120.00,11987.00,NA,2265.00,0
1777323360272,12000.00,11933.00,NA,2265.00,0
1777323360300,11830.00,12000.00,NA,2265.00,0
1777323360325,12260.00,12000.00,NA,2265.00,0
1777323360370,12100.00,11920.00,NA,2265.00,0
1777323360394,12130.00,11987.00,NA,2265.00,0
1777323360439,11930.00,11933.00,NA,2265.00,0
1777323360463,12050.00,11920.00,NA,2265.00,0
1777323360487,11640.00,11920.00,NA,2265.00,0
1777323360533,11990.00,11965.00,NA,2265.00,0
1777323360558,11920.00,11933.00,NA,2265.00,0
1777323360604,12310.00,11933.00,NA,2265.00,0
1777323360629,12060.00,11967.00,NA,2265.00,0
1777323360654,12020.00,11985.00,NA,2265.00,0
1777323360699,11710.00,12000.00,NA,2265.00,0
1777323360724,11830.00,11987.00,NA,2265.00,0
1777323360769,12140.00,11936.00,NA,2265.00,0
1777323360794,11780.00,11987.00,NA,2265.00,0
1777323360818,11960.00,12000.00,NA,2265.00,0
1777323360864,12170.00,11933.00,NA,2265.00,0
1777323360889,12120.00,12000.00,NA,2265.00,0
1777323360936,12150.00,11920.00,NA,2265.00,0
1777323360961,11980.00,11933.00,NA,2265.00,0
1777323360986,11710.00,12000.00,NA,2265.00,0
1777323361031,11920.00,11949.00,NA,2265.00,0
1777323361056,12110.00,11987.00,NA,2265.00,0
1777323361101,12090.00,11933.00,NA,2265.00,0
1777323361127,11910.00,11933.00,NA,2265.00,0
1777323361151,12040.00,11920.00,NA,2265.00,0
1777323361198,11980.00,11933.00,NA,2265.00,0
1777323361223,12250.00,12000.00,NA,2265.00,0
1777323361269,11820.00,12000.00,NA,2265.00,0
1777323361300,11970.00,11987.00,NA,2265.00,0
1777323361327,12140.00,11987.00,NA,2265.00,0
1777323361353,12430.00,12013.00,NA,2265.00,0
1777323361400,11940.00,11933.00,NA,2265.00,0
1777323361426,12270.00,11987.00,NA,2265.00,0
1777323361451,11800.00,11987.00,NA,2265.00,0
1777323361497,11890.00,11933.00,NA,2265.00,0
1777323361523,12130.00,12000.00,NA,2265.00,0
1777323361548,11960.00,12000.00,NA,2265.00,0
1777323361594,12110.00,12000.00,NA,2265.00,0
1777323361620,11790.00,11981.00,NA,2265.00,0
1777323361646,12260.00,12000.00,NA,2265.00,0
1777323361692,11790.00,11933.00,NA,2265.00,0
1777323361723,11970.00,11987.00,NA,2265.00,0
1777323361748,11680.00,11987.00,NA,2265.00,0
1777323361795,12140.00,12000.00,NA,2265.00,0
1777323361821,12390.00,12000.00,NA,2265.00,0
1777323361847,12000.00,12000.00,NA,2265.00,0
1777323361894,12130.00,11949.00,NA,2265.00,0
1777323361920,11650.00,12000.00,NA,2265.00,0
1777323361946,12170.00,12013.00,NA,2265.00,0
1777323361992,11890.00,11936.00,NA,2265.00,0
1777323362019,12200.00,11987.00,NA,2265.00,0
1777323362045,11990.00,12013.00,NA,2265.00,0
1777323362092,11960.00,12000.00,NA,2265.00,0
1777323362119,12150.00,11983.00,NA,2265.00,0
1777323362145,12070.00,12019.00,NA,2265.00,0
1777323362194,12000.00,12013.00,NA,2265.00,0
1777323362220,12030.00,12013.00,NA,2265.00,0
1777323362247,12000.00,12000.00,NA,2265.00,0
1777323362294,12110.00,11933.00,NA,2265.00,0
1777323362320,11910.00,11923.00,NA,2265.00,0
1777323362353,12020.00,11987.00,NA,2265.00,0
1777323362379,12000.00,11987.00,NA,2265.00,0
1777323362426,11490.00,12000.00,NA,2265.00,0
1777323362452,11860.00,11949.00,NA,2265.00,0
1777323362478,12100.00,12000.00,NA,2265.00,0
1777323362525,11750.00,11949.00,NA,2265.00,0
1777323362552,11780.00,12000.00,NA,2265.00,0
1777323362578,11920.00,12013.00,NA,2265.00,0
1777323362625,11930.00,11936.00,NA,2265.00,0
1777323362652,12180.00,11987.00,NA,2265.00,0
1777323362678,11750.00,11987.00,NA,2265.00,0
1777323362725,12020.00,11933.00,NA,2265.00,0
1777323362752,11850.00,11987.00,NA,2265.00,0
1777323362779,11950.00,12000.00,NA,2265.00,0
1777323362829,12000.00,11933.00,NA,2265.00,0
1777323362856,12280.00,11949.00,NA,2265.00,0
1777323362882,11890.00,12000.00,NA,2265.00,0
1777323362908,12040.00,12013.00,NA,2265.00,0
1777323362959,12000.00,11936.00,NA,2265.00,0
1777323362990,11870.00,11999.00,NA,2265.00,0
1777323363017,11980.00,11920.00,NA,2265.00,0
1777323363043,11950.00,11987.00,NA,2265.00,0
1777323363091,12090.00,11933.00,NA,2265.00,0
1777323363118,11840.00,11933.00,NA,2265.00,0
1777323363145,12030.00,12000.00,NA,2265.00,0
1777323363172,12210.00,11987.00,NA,2265.00,0
1777323363219,12190.00,12000.00,NA,2265.00,0
1777323363246,12120.00,11987.00,NA,2265.00,0
1777323363273,12200.00,12013.00,NA,2265.00,0
1777323363321,11900.00,11933.00,NA,2265.00,0
1777323363349,12150.00,11933.00,NA,2265.00,0
1777323363376,12190.00,11987.00,NA,2265.00,0
1777323363407,12240.00,12000.00,NA,2265.00,0
1777323363434,12110.00,11987.00,NA,2265.00,0
1777323363482,12160.00,12000.00,NA,2265.00,0
1777323363509,12120.00,11949.00,NA,2265.00,0
1777323363537,12130.00,12000.00,NA,2265.00,0
1777323363590,12120.00,11933.00,NA,2265.00,0
1777323363622,11990.00,12000.00,NA,2265.00,0
1777323363652,11790.00,11933.00,NA,2265.00,0
1777323363681,11900.00,12000.00,NA,2265.00,0
1777323363756,11920.00,11853.00,NA,2265.00,0
1777323363779,11990.00,11920.00,NA,2265.00,0
1777323363823,12260.00,11843.00,NA,2265.00,0
1777323363847,12010.00,11827.00,NA,2265.00,0
1777323363892,11710.00,11853.00,NA,2265.00,0
1777323363916,12100.00,11853.00,NA,2265.00,0
1777323363939,11920.00,11907.00,NA,2265.00,0
1777323363984,11820.00,11853.00,NA,2265.00,0
1777323364007,12080.00,11853.00,NA,2265.00,0
1777323364052,12300.00,11853.00,NA,2265.00,0
1777323364076,11900.00,11853.00,NA,2265.00,0
1777323364121,11640.00,11853.00,NA,2265.00,0
1777323364146,12200.00,11840.00,NA,2265.00,0
1777323364191,12010.00,11840.00,NA,2265.00,0
1777323364215,12060.00,11827.00,NA,2265.00,0
1777323364238,12120.00,11907.00,NA,2265.00,0
1777323364283,11960.00,11933.00,NA,2265.00,0
1777323364307,11920.00,11933.00,NA,2265.00,0
1777323364353,12360.00,11933.00,NA,2265.00,0
1777323364377,11890.00,11933.00,NA,2265.00,0
1777323364422,12040.00,11920.00,NA,2265.00,0
1777323364448,12070.00,11907.00,NA,2265.00,0
1777323364472,12080.00,11933.00,NA,2265.00,0
1777323364517,12340.00,11933.00,NA,2265.00,0
1777323364541,12290.00,11910.00,NA,2265.00,0
1777323364586,11980.00,11933.00,NA,2265.00,0
1777323364610,11850.00,11933.00,NA,2265.00,0
1777323364656,12390.00,11920.00,NA,2265.00,0
1777323364681,11930.00,11933.00,NA,2265.00,0
1777323364705,12080.00,12000.00,NA,2265.00,0
1777323364750,12100.00,11920.00,NA,2265.00,0
1777323364773,12160.00,11987.00,NA,2265.00,0
1777323364818,11770.00,11923.00,NA,2265.00,0
1777323364843,11790.00,11987.00,NA,2265.00,0
1777323364867,12000.00,11982.00,NA,2265.00,0
1777323364912,11830.00,11920.00,NA,2265.00,0
1777323364937,12170.00,11933.00,NA,2265.00,0
1777323364982,12160.00,11933.00,NA,2265.00,0
1777323365007,12010.00,11933.00,NA,2265.00,0
1777323365055,12030.00,11920.00,NA,2265.00,0
1777323365082,12000.00,11907.00,NA,2265.00,0
1777323365107,11830.00,11987.00,NA,2265.00,0
1777323365131,11980.00,12013.00,NA,2265.00,0
1777323365176,11860.00,12000.00,NA,2265.00,0
1777323365201,12090.00,11987.00,NA,2265.00,0
1777323365246,12080.00,11933.00,NA,2265.00,0
1777323365270,12150.00,12000.00,NA,2265.00,0
1777323365316,11900.00,11920.00,NA,2265.00,0
1777323365340,11990.00,11933.00,NA,2265.00,0
1777323365365,11720.00,12000.00,NA,2265.00,0
1777323365411,11660.00,11923.00,NA,2265.00,0
1777323365436,12310.00,11987.00,NA,2265.00,0
1777323365481,12130.00,11933.00,NA,2265.00,0
1777323365506,11970.00,11923.00,NA,2265.00,0
1777323365531,12170.00,11987.00,NA,2265.00,0
1777323365577,11730.00,11933.00,NA,2265.00,0
1777323365602,12210.00,12000.00,NA,2265.00,0
1777323365647,11720.00,11933.00,NA,2265.00,0
1777323365673,11750.00,11933.00,NA,2265.00,0
1777323365699,12140.00,12000.00,NA,2265.00,0
1777323365746,11950.00,11923.00,NA,2265.00,0
1777323365771,12100.00,11987.00,NA,2265.00,0
1777323365797,11960.00,11967.00,NA,2265.00,0
1777323365844,11800.00,11920.00,NA,2265.00,0
1777323365870,11970.00,11933.00,NA,2265.00,0
1777323365897,12040.00,11920.00,NA,2265.00,0
1777323365945,11810.00,11933.00,NA,2265.00,0
1777323365970,11790.00,11933.00,NA,2265.00,0
1777323365996,11890.00,11933.00,NA,2265.00,0
1777323366042,12040.00,11933.00,NA,2265.00,0
1777323366068,12010.00,11936.00,NA,2265.00,0
1777323366093,12180.00,12000.00,NA,2265.00,0
1777323366139,12110.00,11933.00,NA,2265.00,0
1777323366165,12210.00,11920.00,NA,2265.00,0
1777323366211,11730.00,11933.00,NA,2265.00,0
1777323366237,12060.00,11933.00,NA,2265.00,0
1777323366262,12180.00,12000.00,NA,2265.00,0
1777323366308,11870.00,11933.00,NA,2265.00,0
1777323366342,12070.00,11923.00,NA,2265.00,0
1777323366368,11890.00,11907.00,NA,2265.00,0
1777323366394,12070.00,12000.00,NA,2265.00,0
1777323366440,11870.00,11933.00,NA,2265.00,0
1777323366466,11980.00,11921.00,NA,2265.00,0
1777323366492,12050.00,12000.00,NA,2265.00,0
1777323366538,11930.00,11933.00,NA,2265.00,0
1777323366564,11930.00,11933.00,NA,2265.00,0
1777323366610,11980.00,11920.00,NA,2265.00,0
1777323366637,11870.00,11907.00,NA,2265.00,0
1777323366663,11860.00,11933.00,NA,2265.00,0
1777323366710,11800.00,11933.00,NA,2265.00,0
1777323366735,11920.00,11920.00,NA,2265.00,0
1777323366762,12290.00,11910.00,NA,2265.00,0
1777323366788,11720.00,11987.00,NA,2265.00,0
1777323366835,12230.00,11933.00,NA,2265.00,0
1777323366862,11860.00,11933.00,NA,2265.00,0
1777323366909,12040.00,11933.00,NA,2265.00,0
1777323366936,12190.00,11920.00,NA,2265.00,0
1777323366963,11840.00,11933.00,NA,2265.00,0
1777323366989,11700.00,12000.00,NA,2265.00,0
1777323367037,11990.00,11923.00,NA,2265.00,0
1777323367063,12140.00,11907.00,NA,2265.00,0
1777323367089,12270.00,11987.00,NA,2265.00,0
1777323367137,11840.00,11933.00,NA,2265.00,0
1777323367162,12060.00,11920.00,NA,2265.00,0
1777323367189,11960.00,12000.00,NA,2265.00,0
1777323367238,12280.00,11920.00,NA,2265.00,0
1777323367267,11900.00,11933.00,NA,2265.00,0
1777323367294,12140.00,12000.00,NA,2265.00,0
1777323367321,12220.00,12013.00,NA,2265.00,0
1777323367370,12240.00,11933.00,NA,2265.00,0
1777323367396,12160.00,11920.00,NA,2265.00,0
1777323367422,12040.00,11987.00,NA,2265.00,0
1777323367470,12210.00,11933.00,NA,2265.00,0
1777323367498,12260.00,11933.00,NA,2265.00,0
1777323367525,12000.00,12000.00,NA,2265.00,0
1777323367551,12080.00,12000.00,NA,2265.00,0
1777323367598,12170.00,11920.00,NA,2265.00,0
1777323367625,11740.00,12000.00,NA,2265.00,0
1777323367651,12120.00,12013.00,NA,2265.00,0
1777323367699,12120.00,11923.00,NA,2265.00,0
1777323367726,12130.00,11987.00,NA,2265.00,0
1777323367754,12070.00,12000.00,NA,2265.00,0
1777323367781,12070.00,11987.00,NA,2265.00,0
1777323367817,11860.00,11991.00,NA,2265.00,0
1777323367865,12010.00,11933.00,NA,2265.00,0
1777323367892,12090.00,11933.00,NA,2265.00,0
1777323367971,12030.00,11853.00,NA,2265.00,0
1777323367995,11930.00,11842.00,NA,2265.00,0
1777323368039,11870.00,11853.00,NA,2265.00,0
1777323368062,11720.00,11853.00,NA,2265.00,0
1777323368085,11770.00,11920.00,NA,2265.00,0
1777323368129,12100.00,11853.00,NA,2265.00,0
1777323368173,11810.00,11840.00,NA,2265.00,0
1777323368197,11970.00,11827.00,NA,2265.00,0
1777323368221,12030.00,11920.00,NA,2265.00,0
1777323368266,11880.00,11843.00,NA,2265.00,0
1777323368290,11750.00,11827.00,NA,2265.00,0
1777323368334,12090.00,11853.00,NA,2265.00,0
1777323368359,11860.00,11853.00,NA,2265.00,0
1777323368404,12090.00,11840.00,NA,2265.00,0
1777323368428,11950.00,11853.00,NA,2265.00,0
1777323368452,12020.00,11853.00,NA,2265.00,0
1777323368518,11850.00,11760.00,NA,2265.00,0
1777323368564,24180.00,11760.00,NA,4530.00,0
1777323368589,12100.00,11894.00,NA,2265.00,0
1777323368634,12040.00,11853.00,NA,2265.00,0
1777323368659,11630.00,11853.00,NA,2265.00,0
1777323368704,12050.00,11906.00,NA,2265.00,0
1777323368729,11850.00,11986.00,NA,2265.00,0
1777323368753,11960.00,12000.00,NA,2265.00,0
1777323368799,11950.00,11920.00,NA,2265.00,0
1777323368823,11740.00,12000.00,NA,2265.00,0
1777323368869,12410.00,11923.00,NA,2265.00,0
1777323368894,11900.00,11974.00,NA,2265.00,0
1777323368919,12180.00,11920.00,NA,2265.00,0
1777323368964,11690.00,11933.00,NA,2265.00,0
1777323368989,11770.00,11933.00,NA,2265.00,0
1777323369035,11920.00,11920.00,NA,2265.00,0
1777323369059,11920.00,11933.00,NA,2265.00,0
1777323369084,11780.00,11933.00,NA,2265.00,0
1777323369129,11900.00,11933.00,NA,2265.00,0
1777323369154,12410.00,11936.00,NA,2265.00,0
1777323369200,12010.00,11933.00,NA,2265.00,0
1777323369225,12110.00,11920.00,NA,2265.00,0
1777323369250,11900.00,11910.00,NA,2265.00,0
1777323369298,11780.00,11933.00,NA,2265.00,0
1777323369324,12090.00,11933.00,NA,2265.00,0
1777323369349,11810.00,12000.00,NA,2265.00,0
1777323369395,12270.00,11933.00,NA,2265.00,0
1777323369420,12020.00,12000.00,NA,2265.00,0
1777323369468,11910.00,11923.00,NA,2265.00,0
1777323369493,12000.00,11907.00,NA,2265.00,0
1777323369518,11960.00,11987.00,NA,2265.00,0
1777323369565,12360.00,11933.00,NA,2265.00,0
1777323369590,11840.00,11946.00,NA,2265.00,0
1777323369616,11990.00,11920.00,NA,2265.00,0
1777323369662,12180.00,11933.00,NA,2265.00,0
1777323369687,11530.00,11933.00,NA,2265.00,0
1777323369712,11940.00,11933.00,NA,2265.00,0
1777323369758,11850.00,11933.00,NA,2265.00,0
1777323369784,12050.00,11949.00,NA,2265.00,0
1777323369830,11830.00,11933.00,NA,2265.00,0
1777323369856,12190.00,11923.00,NA,2265.00,0
1777323369882,11810.00,11910.00,NA,2265.00,0
1777323369911,11970.00,11987.00,NA,2265.00,0
1777323369957,11980.00,11933.00,NA,2265.00,0
1777323369982,11840.00,12000.00,NA,2265.00,0
1777323370028,11990.00,11920.00,NA,2265.00,0
1777323370053,12070.00,12000.00,NA,2265.00,0
1777323370078,11800.00,12013.00,NA,2265.00,0
1777323370124,11850.00,11923.00,NA,2265.00,0
1777323370148,12120.00,11907.00,NA,2265.00,0
1777323370175,12030.00,12000.00,NA,2265.00,0
1777323370221,11950.00,11933.00,NA,2265.00,0
1777323370246,11810.00,12000.00,NA,2265.00,0
1777323370291,12020.00,11933.00,NA,2265.00,0
1777323370315,12080.00,12000.00,NA,2265.00,0
1777323370340,11990.00,12000.00,NA,2265.00,0
1777323370386,12280.00,11920.00,NA,2265.00,0
1777323370412,11860.00,12000.00,NA,2265.00,0
1777323370438,11990.00,12013.00,NA,2265.00,0
1777323370484,12230.00,12000.00,NA,2265.00,0
1777323370509,12050.00,11987.00,NA,2265.00,0
1777323370537,11990.00,11920.00,NA,2265.00,0
1777323370584,12000.00,11933.00,NA,2265.00,0
1777323370610,11930.00,11933.00,NA,2265.00,0
1777323370657,11980.00,11920.00,NA,2265.00,0
1777323370683,12090.00,11933.00,NA,2265.00,0
1777323370711,11980.00,11933.00,NA,2265.00,0
1777323370738,12050.00,12000.00,NA,2265.00,0
1777323370785,12210.00,11933.00,NA,2265.00,0
1777323370811,11850.00,11910.00,NA,2265.00,0
1777323370836,12060.00,11987.00,NA,2265.00,0
1777323370883,11800.00,11933.00,NA,2265.00,0
1777323370909,11980.00,11933.00,NA,2265.00,0
1777323370955,11910.00,11933.00,NA,2265.00,0
1777323370980,11790.00,11933.00,NA,2265.00,0
1777323371007,12050.00,11933.00,NA,2265.00,0
1777323371054,12170.00,11933.00,NA,2265.00,0
1777323371081,11810.00,11910.00,NA,2265.00,0
1777323371107,12010.00,11920.00,NA,2265.00,0
1777323371153,12020.00,11933.00,NA,2265.00,0
1777323371179,12120.00,11933.00,NA,2265.00,0
1777323371204,11930.00,11987.00,NA,2265.00,0
1777323371251,12080.00,11933.00,NA,2265.00,0
1777323371278,12100.00,11933.00,NA,2265.00,0
1777323371304,12010.00,12000.00,NA,2265.00,0
1777323371352,11640.00,11933.00,NA,2265.00,0
1777323371384,12320.00,11910.00,NA,2265.00,0
1777323371410,12180.00,11907.00,NA,2265.00,0
1777323371436,11990.00,11987.00,NA,2265.00,0
1777323371484,11870.00,11933.00,NA,2265.00,0
1777323371511,11990.00,11933.00,NA,2265.00,0
1777323371537,11800.00,11987.00,NA,2265.00,0
1777323371566,11850.00,11987.00,NA,2265.00,0
1777323371616,12090.00,11965.00,NA,2265.00,0
1777323371643,11810.00,11949.00,NA,2265.00,0
1777323371669,11800.00,11933.00,NA,2265.00,0
1777323371697,12220.00,12000.00,NA,2265.00,0
1777323371744,12080.00,11949.00,NA,2265.00,0
1777323371771,12330.00,11920.00,NA,2265.00,0
1777323371802,12260.00,11910.00,NA,2265.00,0
1777323371829,12010.00,11987.00,NA,2265.00,0
1777323371877,12070.00,11933.00,NA,2265.00,0
1777323371904,11960.00,12000.00,NA,2265.00,0
1777323371931,11850.00,12013.00,NA,2265.00,0
1777323371979,11810.00,11920.00,NA,2265.00,0
1777323372018,11920.00,11920.00,NA,2265.00,0
1777323372046,12160.00,11920.00,NA,2265.00,0
1777323372074,12200.00,11920.00,NA,2265.00,0
1777323372103,11750.00,11923.00,NA,2265.00,0
1777323372131,12130.00,11987.00,NA,2265.00,0
1777323372180,11980.00,11933.00,NA,2265.00,0
1777323372207,11980.00,11933.00,NA,2265.00,0
1777323372234,12050.00,12000.00,NA,2265.00,0
1777323372262,12300.00,12000.00,NA,2265.00,0
1777323372312,12000.00,11920.00,NA,2265.00,0
1777323372340,11920.00,11907.00,NA,2265.00,0
1777323372367,12060.00,11987.00,NA,2265.00,0
1777323372395,11650.00,12013.00,NA,2265.00,0
1777323372444,12110.00,11933.00,NA,2265.00,0
1777323372473,11980.00,12000.00,NA,2265.00,0
1777323372500,12030.00,12000.00,NA,2265.00,0
1777323372527,11870.00,11996.00,NA,2265.00,0
1777323372576,11930.00,11933.00,NA,2265.00,0
1777323372605,11950.00,11959.00,NA,2265.00,0
1777323372632,12200.00,11933.00,NA,2265.00,0
1777323372660,11890.00,11933.00,NA,2265.00,0
1777323372710,11980.00,11933.00,NA,2265.00,0
1777323372739,12020.00,11920.00,NA,2265.00,0
1777323372767,11920.00,11920.00,NA,2265.00,0
1777323372794,12100.00,11999.00,NA,2265.00,0
1777323372842,12150.00,11933.00,NA,2265.00,0
1777323372869,12050.00,11999.00,NA,2265.00,0
1777323372897,12010.00,12000.00,NA,2265.00,0
1777323372925,12030.00,12025.00,NA,2265.00,0
1777323372974,11900.00,12080.00,NA,2265.00,0
1777323373002,11940.00,12000.00,NA,2265.00,0
1777323373030,12170.00,12067.00,NA,2265.00,0
1777323373069,11910.00,12028.00,NA,2265.00,0
1777323373097,12010.00,12000.00,NA,2265.00,0
1777323373125,11960.00,12067.00,NA,2265.00,0
1777323373174,11640.00,12080.00,NA,2265.00,0
1777323373202,12070.00,12093.00,NA,2265.00,0
1777323373231,11890.00,12013.00,NA,2265.00,0
1777323373257,12110.00,12080.00,NA,2265.00,0
1777323373307,11880.00,12016.00,NA,2265.00,0
1777323373335,12200.00,12067.00,NA,2265.00,0
1777323373363,12240.00,12067.00,NA,2265.00,0
1777323373390,11960.00,12067.00,NA,2265.00,0
1777323373488,11820.00,11939.00,NA,2265.00,0
1777323373512,11740.00,12000.00,NA,2265.00,0
1777323373535,12290.00,12013.00,NA,2265.00,0
1777323373558,11760.00,12080.00,NA,2265.00,0
1777323373602,11880.00,11936.00,NA,2265.00,0
1777323373626,12100.00,11987.00,NA,2265.00,0
1777323373670,11650.00,11933.00,NA,2265.00,0
1777323373693,11950.00,11987.00,NA,2265.00,0
1777323373737,12000.00,11933.00,NA,2265.00,0
1777323373761,11820.00,11933.00,NA,2265.00,0
1777323373816,11920.00,11920.00,NA,2265.00,0
1777323373840,12090.00,11907.00,NA,2265.00,0
1777323373864,11880.00,11987.00,NA,2265.00,0
1777323373889,11930.00,12013.00,NA,2265.00,0
1777323373934,11980.00,11936.00,NA,2265.00,0
1777323373958,11930.00,11987.00,NA,2265.00,0
1777323374003,11910.00,11933.00,NA,2265.00,0
1777323374028,12290.00,12000.00,NA,2265.00,0
1777323374052,11990.00,11987.00,NA,2265.00,0
1777323374097,11850.00,11933.00,NA,2265.00,0
1777323374123,12110.00,12000.00,NA,2265.00,0
1777323374170,11970.00,11923.00,NA,2265.00,0
1777323374195,11910.00,11987.00,NA,2265.00,0
1777323374220,11950.00,12013.00,NA,2265.00,0
1777323374266,12040.00,11936.00,NA,2265.00,0
1777323374291,12000.00,11987.00,NA,2265.00,0
1777323374336,12170.00,11933.00,NA,2265.00,0
1777323374361,11780.00,11933.00,NA,2265.00,0
1777323374390,11660.00,12000.00,NA,2265.00,0
1777323374436,12360.00,11920.00,NA,2265.00,0
1777323374461,12090.00,12000.00,NA,2265.00,0
1777323374487,12170.00,12013.00,NA,2265.00,0
1777323374533,11910.00,11923.00,NA,2265.00,0
1777323374560,11820.00,11987.00,NA,2265.00,0
1777323374585,11980.00,11987.00,NA,2265.00,0
1777323374630,12010.00,11933.00,NA,2265.00,0
1777323374655,12010.00,11990.00,NA,2265.00,0
1777323374702,11950.00,11933.00,NA,2265.00,0
1777323374728,11770.00,11933.00,NA,2265.00,0
1777323374753,12020.00,12000.00,NA,2265.00,0
1777323374799,12170.00,11920.00,NA,2265.00,0
1777323374825,12020.00,11987.00,NA,2265.00,0
1777323374851,12360.00,12013.00,NA,2265.00,0
1777323374898,11630.00,11933.00,NA,2265.00,0
1777323374924,11720.00,11923.00,NA,2265.00,0
1777323374949,12000.00,11987.00,NA,2265.00,0
1777323374998,12240.00,11933.00,NA,2265.00,0
1777323375023,12150.00,12000.00,NA,2265.00,0
1777323375049,11710.00,12000.00,NA,2265.00,0
1777323375095,12070.00,11933.00,NA,2265.00,0
1777323375121,12100.00,12000.00,NA,2265.00,0
1777323375146,12100.00,12013.00,NA,2265.00,0
1777323375194,11860.00,11920.00,NA,2265.00,0
1777323375219,11940.00,11987.00,NA,2265.00,0
1777323375265,11940.00,11933.00,NA,2265.00,0
1777323375290,12030.00,12000.00,NA,2265.00,0
1777323375316,11880.00,11989.00,NA,2265.00,0
1777323375363,11870.00,11933.00,NA,2265.00,0
1777323375388,11840.00,12000.00,NA,2265.00,0
1777323375414,12000.00,12000.00,NA,2265.00,0
1777323375461,11820.00,11920.00,NA,2265.00,0
1777323375488,12080.00,11920.00,NA,2265.00,0
1777323375514,12190.00,12012.00,NA,2265.00,0
1777323375561,12220.00,11923.00,NA,2265.00,0
1777323375587,11920.00,11986.00,NA,2265.00,0
1777323375613,11920.00,11987.00,NA,2265.00,0
1777323375660,11970.00,12000.00,NA,2265.00,0
1777323375686,12180.00,12000.00,NA,2265.00,0
1777323375712,12100.00,12000.00,NA,2265.00,0
1777323375759,12300.00,11920.00,NA,2265.00,0
1777323375785,12110.00,12000.00,NA,2265.00,0
1777323375812,11880.00,12013.00,NA,2265.00,0
1777323375859,12020.00,11923.00,NA,2265.00,0
1777323375885,11850.00,11987.00,NA,2265.00,0
1777323375911,12070.00,11987.00,NA,2265.00,0
1777323375958,11970.00,12000.00,NA,2265.00,0
1777323375984,12130.00,11999.00,NA,2265.00,0
1777323376009,11840.00,11987.00,NA,2265.00,0
1777323376056,11880.00,12000.00,NA,2265.00,0
1777323376082,12450.00,12013.00,NA,2265.00,0
1777323376108,12000.00,12013.00,NA,2265.00,0
1777323376155,12240.00,12000.00,NA,2265.00,0
1777323376182,12170.00,11987.00,NA,2265.00,0
1777323376208,12180.00,11987.00,NA,2265.00,0
1777323376240,11710.00,12000.00,NA,2265.00,0
1777323376287,12130.00,11933.00,NA,2265.00,0
1777323376314,12080.00,11933.00,NA,2265.00,0
1777323376340,12070.00,12000.00,NA,2265.00,0
1777323376387,11760.00,12000.00,NA,2265.00,0
1777323376414,11990.00,12012.00,NA,2265.00,0
1777323376440,11870.00,12013.00,NA,2265.00,0
1777323376488,11950.00,12000.00,NA,2265.00,0
1777323376514,11850.00,11987.00,NA,2265.00,0
1777323376541,11780.00,11980.00,NA,2265.00,0
1777323376588,11980.00,11933.00,NA,2265.00,0
1777323376614,11850.00,12000.00,NA,2265.00,0
1777323376640,11860.00,11987.00,NA,2265.00,0
1777323376687,11950.00,11920.00,NA,2265.00,0
1777323376714,12080.00,11933.00,NA,2265.00,0
1777323376741,12100.00,12000.00,NA,2265.00,0
1777323376768,11950.00,12013.00,NA,2265.00,0
1777323376816,11940.00,11933.00,NA,2265.00,0
1777323376843,12070.00,11923.00,NA,2265.00,0
1777323376874,12050.00,11987.00,NA,2265.00,0
1777323376901,12270.00,11987.00,NA,2265.00,0
1777323376948,11870.00,11933.00,NA,2265.00,0
1777323376976,12220.00,12000.00,NA,2265.00,0
1777323377003,11850.00,12000.00,NA,2265.00,0
1777323377051,12020.00,11999.00,NA,2265.00,0
1777323377088,11960.00,11933.00,NA,2265.00,0
1777323377115,12350.00,11920.00,NA,2265.00,0
1777323377142,12160.00,11920.00,NA,2265.00,0
1777323377168,12020.00,11987.00,NA,2265.00,0
1777323377216,12320.00,11933.00,NA,2265.00,0
1777323377243,12250.00,11933.00,NA,2265.00,0
1777323377270,11820.00,11920.00,NA,2265.00,0
1777323377318,11620.00,11975.00,NA,2265.00,0
1777323377345,12010.00,12012.00,NA,2265.00,0
1777323377372,11880.00,12013.00,NA,2265.00,0
1777323377399,11990.00,12000.00,NA,2265.00,0
1777323377447,12110.00,12000.00,NA,2265.00,0
1777323377478,12310.00,11949.00,NA,2265.00,0
1777323377508,11760.00,11933.00,NA,2265.00,0
1777323377535,12120.00,11920.00,NA,2265.00,0
1777323377562,12060.00,11987.00,NA,2265.00,0
1777323377611,11960.00,11992.00,NA,2265.00,0
1777323377640,12050.00,11933.00,NA,2265.00,0
1777323377668,12160.00,11933.00,NA,2265.00,0
1777323377697,11900.00,11987.00,NA,2265.00,0
1777323377746,12090.00,11949.00,NA,2265.00,0
1777323377774,11950.00,11920.00,NA,2265.00,0
1777323377802,11970.00,11920.00,NA,2265.00,0
1777323377830,11730.00,12000.00,NA,2265.00,0
1777323377879,11960.00,11933.00,NA,2265.00,0
1777323377905,12340.00,11920.00,NA,2265.00,0
1777323377932,11830.00,11933.00,NA,2265.00,0
1777323377981,12050.00,11949.00,NA,2265.00,0
1777323378008,11670.00,11936.00,NA,2265.00,0
1777323378037,11930.00,12012.00,NA,2265.00,0
1777323378065,12160.00,12013.00,NA,2265.00,0
1777323378114,11840.00,11933.00,NA,2265.00,0
1777323378142,12000.00,11933.00,NA,2265.00,0
1777323378170,11830.00,12000.00,NA,2265.00,0
1777323378200,11960.00,11987.00,NA,2265.00,0
1777323378229,12040.00,11987.00,NA,2265.00,0
1777323378279,11990.00,11933.00,NA,2265.00,0
1777323378366,11920.00,11760.00,NA,2265.00,0
1777323378390,11970.00,11853.00,NA,2265.00,0
1777323378414,12270.00,11853.00,NA,2265.00,0
1777323378438,12070.00,11933.00,NA,2265.00,0
1777323378482,12220.00,12013.00,NA,2265.00,0
1777323378506,12090.00,12013.00,NA,2265.00,0
1777323378550,12170.00,11923.00,NA,2265.00,0
1777323378574,11970.00,11907.00,NA,2265.00,0
1777323378618,11890.00,11933.00,NA,2265.00,0
1777323378642,12010.00,11910.00,NA,2265.00,0
1777323378686,12010.00,11933.00,NA,2265.00,0
1777323378710,12040.00,11933.00,NA,2265.00,0
1777323378754,11780.00,11920.00,NA,2265.00,0
1777323378778,11810.00,11933.00,NA,2265.00,0
1777323378801,11940.00,12000.00,NA,2265.00,0
1777323378846,12000.00,11933.00,NA,2265.00,0
1777323378869,12080.00,11949.00,NA,2265.00,0
1777323378914,11690.00,11920.00,NA,2265.00,0
1777323378937,11990.00,11920.00,NA,2265.00,0
1777323378981,11850.00,11920.00,NA,2265.00,0
1777323379005,12060.00,11955.00,NA,2265.00,0
1777323379049,11880.00,11933.00,NA,2265.00,0
1777323379073,11810.00,11933.00,NA,2265.00,0
1777323379118,12120.00,11933.00,NA,2265.00,0
1777323379142,11910.00,11933.00,NA,2265.00,0
1777323379166,12100.00,12000.00,NA,2265.00,0
1777323379210,12060.00,11923.00,NA,2265.00,0
1777323379238,11830.00,11907.00,NA,2265.00,0
1777323379283,11840.00,11933.00,NA,2265.00,0
1777323379307,12100.00,11936.00,NA,2265.00,0
1777323379331,11930.00,11987.00,NA,2265.00,0
1777323379375,12180.00,11933.00,NA,2265.00,0
1777323379399,11960.00,11933.00,NA,2265.00,0
1777323379443,11980.00,11933.00,NA,2265.00,0
1777323379467,11790.00,11933.00,NA,2265.00,0
1777323379512,12280.00,11920.00,NA,2265.00,0
1777323379537,11830.00,11961.00,NA,2265.00,0
1777323379582,12100.00,11936.00,NA,2265.00,0
1777323379606,11930.00,11923.00,NA,2265.00,0
1777323379631,12070.00,11987.00,NA,2265.00,0
1777323379678,12020.00,11933.00,NA,2265.00,0
1777323379702,12000.00,12000.00,NA,2265.00,0
1777323379747,11640.00,11933.00,NA,2265.00,0
1777323379771,12130.00,11933.00,NA,2265.00,0
1777323379796,12040.00,12000.00,NA,2265.00,0
1777323379841,12090.00,11923.00,NA,2265.00,0
1777323379870,12050.00,11907.00,NA,2265.00,0
1777323379915,12060.00,11933.00,NA,2265.00,0
1777323379940,11610.00,11933.00,NA,2265.00,0
1777323379964,12540.00,11923.00,NA,2265.00,0
1777323380009,11800.00,11933.00,NA,2265.00,0
1777323380034,12100.00,11933.00,NA,2265.00,0
1777323380079,11970.00,11920.00,NA,2265.00,0
1777323380103,12070.00,11933.00,NA,2265.00,0
1777323380128,12010.00,11933.00,NA,2265.00,0
1777323380174,11910.00,11920.00,NA,2265.00,0
1777323380199,12160.00,11920.00,NA,2265.00,0
1777323380245,12000.00,11920.00,NA,2265.00,0
1777323380270,11730.00,11920.00,NA,2265.00,0
1777323380294,12030.00,11920.00,NA,2265.00,0
1777323380340,11780.00,11933.00,NA,2265.00,0
1777323380365,12020.00,12000.00,NA,2265.00,0
1777323380410,12200.00,11920.00,NA,2265.00,0
1777323380435,11730.00,11920.00,NA,2265.00,0
1777323380481,12040.00,11933.00,NA,2265.00,0
1777323380505,12320.00,11923.00,NA,2265.00,0
1777323380530,11810.00,11907.00,NA,2265.00,0
1777323380578,11900.00,11933.00,NA,2265.00,0
1777323380604,11810.00,11936.00,NA,2265.00,0
1777323380629,11980.00,11933.00,NA,2265.00,0
1777323380675,11740.00,11933.00,NA,2265.00,0
1777323380699,11770.00,11933.00,NA,2265.00,0
1777323380745,12200.00,11920.00,NA,2265.00,0
1777323380770,11890.00,11907.00,NA,2265.00,0
1777323380796,12120.00,11920.00,NA,2265.00,0
1777323380842,12060.00,11920.00,NA,2265.00,0
1777323380867,12060.00,11933.00,NA,2265.00,0
1777323380895,12030.00,11920.00,NA,2265.00,0
1777323380944,11840.00,11933.00,NA,2265.00,0
1777323380970,11680.00,11933.00,NA,2265.00,0
1777323380996,11790.00,11933.00,NA,2265.00,0
1777323381044,11730.00,11920.00,NA,2265.00,0
1777323381069,12010.00,11907.00,NA,2265.00,0
1777323381095,11950.00,11920.00,NA,2265.00,0
1777323381141,11990.00,11920.00,NA,2265.00,0
1777323381167,11960.00,11933.00,NA,2265.00,0
1777323381193,12100.00,11920.00,NA,2265.00,0
1777323381240,12060.00,11920.00,NA,2265.00,0
1777323381267,11790.00,11933.00,NA,2265.00,0
1777323381316,12100.00,11920.00,NA,2265.00,0
1777323381361,11700.00,11840.00,NA,2265.00,0
1777323381398,11800.00,11920.00,NA,2265.00,0
1777323381425,11800.00,11853.00,NA,2265.00,0
1777323381451,11910.00,11853.00,NA,2265.00,0
1777323381478,12090.00,11920.00,NA,2265.00,0
1777323381504,11830.00,11933.00,NA,2265.00,0
1777323381529,11970.00,11920.00,NA,2265.00,0
1777323381577,11790.00,11920.00,NA,2265.00,0
1777323381603,11630.00,11933.00,NA,2265.00,0
1777323381631,12360.00,11933.00,NA,2265.00,0
1777323381679,12010.00,11920.00,NA,2265.00,0
1777323381705,12110.00,11907.00,NA,2265.00,0
1777323381732,12230.00,11907.00,NA,2265.00,0
1777323381765,12360.00,11907.00,NA,2265.00,0
1777323381814,12000.00,11920.00,NA,2265.00,0
1777323381841,12010.00,11933.00,NA,2265.00,0
1777323381868,12060.00,11936.00,NA,2265.00,0
1777323381894,12280.00,11933.00,NA,2265.00,0
1777323381942,12030.00,11920.00,NA,2265.00,0
1777323381973,11920.00,11907.00,NA,2265.00,0
1777323381998,12130.00,11907.00,NA,2265.00,0
1777323382026,11980.00,11933.00,NA,2265.00,0
1777323382074,12000.00,11933.00,NA,2265.00,0
1777323382102,11990.00,11933.00,NA,2265.00,0
1777323382129,11840.00,11933.00,NA,2265.00,0
1777323382156,12010.00,11920.00,NA,2265.00,0
1777323382206,12060.00,11920.00,NA,2265.00,0
1777323382233,12190.00,11933.00,NA,2265.00,0
1777323382260,12020.00,11933.00,NA,2265.00,0
1777323382309,12000.00,11920.00,NA,2265.00,0
1777323382338,12040.00,11907.00,NA,2265.00,0
1777323382371,11920.00,11907.00,NA,2265.00,0
1777323382401,11850.00,11920.00,NA,2265.00,0
1777323382427,11780.00,11920.00,NA,2265.00,0
1777323382454,12020.00,11920.00,NA,2265.00,0
1777323382502,12120.00,11933.00,NA,2265.00,0
1777323382537,12000.00,11933.00,NA,2265.00,0
1777323382572,11890.00,11933.00,NA,2265.00,0
1777323382605,12200.00,11907.00,NA,2265.00,0
1777323382633,11680.00,11907.00,NA,2265.00,0
1777323382660,11990.00,11907.00,NA,2265.00,0
1777323382689,12270.00,11920.00,NA,2265.00,0
1777323382717,12420.00,11907.00,NA,2265.00,0
1777323382765,11850.00,11933.00,NA,2265.00,0
1777323382792,12460.00,11920.00,NA,2265.00,0
1777323382820,11940.00,11933.00,NA,2265.00,0
1777323382869,11860.00,11920.00,NA,2265.00,0
1777323382897,12100.00,11920.00,NA,2265.00,0
1777323382925,12100.00,11933.00,NA,2265.00,0
1777323382952,12120.00,11933.00,NA,2265.00,0
1777323383002,12010.00,11933.00,NA,2265.00,0
1777323383103,24150.00,11760.00,NA,4530.00,0
1777323383129,12080.00,11853.00,NA,2265.00,0
1777323383153,11850.00,11853.00,NA,2265.00,0
1777323383198,12300.00,11840.00,NA,2265.00,0
1777323383221,12180.00,11853.00,NA,2265.00,0
1777323383265,12130.00,11840.00,NA,2265.00,0
1777323383289,12170.00,11840.00,NA,2265.00,0
1777323383334,12200.00,11933.00,NA,2265.00,0
1777323383358,11820.00,12013.00,NA,2265.00,0
1777323383403,11950.00,11920.00,NA,2265.00,0
1777323383427,11970.00,11933.00,NA,2265.00,0
1777323383452,12120.00,11933.00,NA,2265.00,0
1777323383497,11950.00,11920.00,NA,2265.00,0
1777323383521,12060.00,11933.00,NA,2265.00,0
1777323383566,12130.00,11933.00,NA,2265.00,0
1777323383590,11800.00,11910.00,NA,2265.00,0
1777323383635,12110.00,11933.00,NA,2265.00,0
1777323383659,12110.00,11933.00,NA,2265.00,0
1777323383683,12140.00,11987.00,NA,2265.00,0
1777323383727,12130.00,11933.00,NA,2265.00,0
1777323383752,12030.00,12000.00,NA,2265.00,0
1777323383797,12040.00,11920.00,NA,2265.00,0
1777323383821,12020.00,11933.00,NA,2265.00,0
1777323383866,12040.00,11920.00,NA,2265.00,0
1777323383890,12020.00,11907.00,NA,2265.00,0
1777323383935,12180.00,11933.00,NA,2265.00,0
1777323383959,11810.00,11923.00,NA,2265.00,0
1777323383984,12020.00,11958.00,NA,2265.00,0
1777323384029,12230.00,11933.00,NA,2265.00,0
1777323384054,11700.00,11933.00,NA,2265.00,0
1777323384099,11900.00,11920.00,NA,2265.00,0
1777323384124,11650.00,11907.00,NA,2265.00,0
1777323384149,11990.00,11933.00,NA,2265.00,0
1777323384195,12030.00,11920.00,NA,2265.00,0
1777323384219,12250.00,11920.00,NA,2265.00,0
1777323384264,11970.00,11920.00,NA,2265.00,0
1777323384289,12220.00,11933.00,NA,2265.00,0
1777323384314,11840.00,11920.00,NA,2265.00,0
1777323384362,12190.00,11933.00,NA,2265.00,0
1777323384388,11950.00,11933.00,NA,2265.00,0
1777323384412,12080.00,11933.00,NA,2265.00,0
1777323384458,11890.00,11920.00,NA,2265.00,0
1777323384487,11890.00,11920.00,NA,2265.00,0
1777323384512,12270.00,12000.00,NA,2265.00,0
1777323384557,11950.00,11923.00,NA,2265.00,0
1777323384583,12100.00,11987.00,NA,2265.00,0
1777323384628,11690.00,11933.00,NA,2265.00,0
1777323384653,11940.00,11936.00,NA,2265.00,0
1777323384679,11930.00,11987.00,NA,2265.00,0
1777323384725,11390.00,11920.00,NA,2265.00,0
1777323384751,12320.00,11992.00,NA,2265.00,0
1777323384797,11870.00,11920.00,NA,2265.00,0
1777323384822,11790.00,11907.00,NA,2265.00,0
1777323384848,11670.00,11986.00,NA,2265.00,0
1777323384893,12060.00,11936.00,NA,2265.00,0
1777323384918,11910.00,11997.00,NA,2265.00,0
1777323384944,11980.00,11920.00,NA,2265.00,0
1777323384990,12020.00,11933.00,NA,2265.00,0
1777323385016,11970.00,11933.00,NA,2265.00,0
1777323385042,11710.00,11933.00,NA,2265.00,0
1777323385088,12320.00,11920.00,NA,2265.00,0
1777323385119,12060.00,11920.00,NA,2265.00,0
1777323385144,11850.00,11933.00,NA,2265.00,0
1777323385191,11580.00,11933.00,NA,2265.00,0
1777323385218,12050.00,11936.00,NA,2265.00,0
1777323385244,12120.00,11987.00,NA,2265.00,0
1777323385291,11920.00,11933.00,NA,2265.00,0
1777323385318,11950.00,11933.00,NA,2265.00,0
1777323385343,11940.00,11988.00,NA,2265.00,0
1777323385390,12160.00,11920.00,NA,2265.00,0
1777323385416,12160.00,11920.00,NA,2265.00,0
1777323385443,11880.00,11949.00,NA,2265.00,0
1777323385490,11780.00,11933.00,NA,2265.00,0
1777323385517,12300.00,11920.00,NA,2265.00,0
1777323385545,12050.00,11923.00,NA,2265.00,0
1777323385592,11830.00,11933.00,NA,2265.00,0
1777323385618,11890.00,11933.00,NA,2265.00,0
1777323385644,11860.00,11933.00,NA,2265.00,0
1777323385692,11710.00,11920.00,NA,2265.00,0
1777323385720,12170.00,11907.00,NA,2265.00,0
1777323385751,12050.00,11939.00,NA,2265.00,0
1777323385778,11970.00,11920.00,NA,2265.00,0
1777323385826,12130.00,11920.00,NA,2265.00,0
1777323385854,12060.00,11933.00,NA,2265.00,0
1777323385881,12270.00,11933.00,NA,2265.00,0
1777323385907,11980.00,11924.00,NA,2265.00,0
1777323385954,12160.00,11933.00,NA,2265.00,0
1777323385981,11890.00,11933.00,NA,2265.00,0
1777323386008,12050.00,11933.00,NA,2265.00,0
1777323386055,12040.00,11933.00,NA,2265.00,0
1777323386082,11990.00,11923.00,NA,2265.00,0
1777323386109,11830.00,11936.00,NA,2265.00,0
1777323386156,11970.00,11933.00,NA,2265.00,0
1777323386182,12020.00,11933.00,NA,2265.00,0
1777323386209,12150.00,11933.00,NA,2265.00,0
1777323386236,12060.00,11987.00,NA,2265.00,0
1777323386284,12010.00,11933.00,NA,2265.00,0
1777323386311,11910.00,12000.00,NA,2265.00,0
1777323386339,12160.00,12013.00,NA,2265.00,0
1777323386386,12120.00,12000.00,NA,2265.00,0
1777323386413,12500.00,11987.00,NA,2265.00,0
1777323386439,11880.00,11987.00,NA,2265.00,0
1777323386487,11930.00,11933.00,NA,2265.00,0
1777323386515,12090.00,11933.00,NA,2265.00,0
1777323386543,12130.00,11933.00,NA,2265.00,0
1777323386572,11980.00,11987.00,NA,2265.00,0
1777323386598,12050.00,12000.00,NA,2265.00,0
1777323386646,12400.00,11933.00,NA,2265.00,0
1777323386672,11780.00,12000.00,NA,2265.00,0
1777323386698,12030.00,12013.00,NA,2265.00,0
1777323386746,12220.00,11949.00,NA,2265.00,0
1777323386774,12070.00,11920.00,NA,2265.00,0
1777323386809,11820.00,12000.00,NA,2265.00,0
1777323386837,12100.00,11987.00,NA,2265.00,0
1777323386864,12370.00,11987.00,NA,2265.00,0
1777323386912,11950.00,11933.00,NA,2265.00,0
1777323386940,12110.00,12000.00,NA,2265.00,0
1777323386967,12120.00,12013.00,NA,2265.00,0
1777323387015,12160.00,11923.00,NA,2265.00,0
1777323387044,11820.00,11907.00,NA,2265.00,0
1777323387072,12110.00,11987.00,NA,2265.00,0
1777323387100,11750.00,11987.00,NA,2265.00,0
1777323387150,12280.00,11933.00,NA,2265.00,0
1777323387178,11920.00,11936.00,NA,2265.00,0
1777323387206,11760.00,11987.00,NA,2265.00,0
1777323387233,11960.00,12000.00,NA,2265.00,0
1777323387281,11880.00,11920.00,NA,2265.00,0
1777323387309,11800.00,11987.00,NA,2265.00,0
1777323387337,12060.00,12013.00,NA,2265.00,0
1777323387364,11820.00,12013.00,NA,2265.00,0
1777323387416,12050.00,11933.00,NA,2265.00,0
1777323387443,12030.00,11933.00,NA,2265.00,0
1777323387471,12340.00,11933.00,NA,2265.00,0
1777323387499,12170.00,12000.00,NA,2265.00,0
1777323387527,12130.00,11987.00,NA,2265.00,0
1777323387576,11660.00,12000.00,NA,2265.00,0
1777323387604,12040.00,12013.00,NA,2265.00,0
1777323387694,23770.00,11789.00,NA,4530.00,0
1777323387719,12060.00,11933.00,NA,2265.00,0
1777323387764,11980.00,11920.00,NA,2265.00,0
1777323387787,11990.00,11920.00,NA,2265.00,0
1777323387810,11990.00,11933.00,NA,2265.00,0
1777323387854,12040.00,11920.00,NA,2265.00,0
1777323387898,11630.00,11932.00,NA,2265.00,0
1777323387922,11880.00,11920.00,NA,2265.00,0
1777323387946,12120.00,11920.00,NA,2265.00,0
1777323387990,12260.00,11920.00,NA,2265.00,0
1777323388014,12160.00,11933.00,NA,2265.00,0
1777323388059,12190.00,12013.00,NA,2265.00,0
1777323388083,11880.00,12080.00,NA,2265.00,0
1777323388128,11780.00,12000.00,NA,2265.00,0
1777323388152,12290.00,11987.00,NA,2265.00,0
1777323388197,11940.00,12000.00,NA,2265.00,0
1777323388221,11890.00,12000.00,NA,2265.00,0
1777323388245,12120.00,11987.00,NA,2265.00,0
1777323388290,11890.00,12013.00,NA,2265.00,0
1777323388314,12030.00,12013.00,NA,2265.00,0
1777323388360,11960.00,11993.00,NA,2265.00,0
1777323388384,11970.00,11987.00,NA,2265.00,0
1777323388429,12060.00,12000.00,NA,2265.00,0
1777323388454,12030.00,11978.00,NA,2265.00,0
1777323388478,11980.00,11987.00,NA,2265.00,0
1777323388523,12210.00,11999.00,NA,2265.00,0
1777323388549,11960.00,12000.00,NA,2265.00,0
1777323388594,11900.00,11936.00,NA,2265.00,0
1777323388619,11740.00,12013.00,NA,2265.00,0
1777323388644,12030.00,12013.00,NA,2265.00,0
1777323388689,12100.00,11933.00,NA,2265.00,0
1777323388713,11890.00,12013.00,NA,2265.00,0
1777323388759,12180.00,11933.00,NA,2265.00,0
1777323388784,11820.00,11987.00,NA,2265.00,0
1777323388809,11770.00,11987.00,NA,2265.00,0
1777323388855,12040.00,12000.00,NA,2265.00,0
1777323388880,12340.00,12013.00,NA,2265.00,0
1777323388925,11970.00,12000.00,NA,2265.00,0
1777323388950,11970.00,12013.00,NA,2265.00,0
1777323388975,12030.00,12013.00,NA,2265.00,0
1777323389021,11830.00,12000.00,NA,2265.00,0
1777323389046,12130.00,12000.00,NA,2265.00,0
1777323389091,12170.00,12000.00,NA,2265.00,0
1777323389116,11900.00,12013.00,NA,2265.00,0
1777323389141,11880.00,11990.00,NA,2265.00,0
1777323389187,11850.00,12000.00,NA,2265.00,0
1777323389213,11870.00,12013.00,NA,2265.00,0
1777323389238,12020.00,12016.00,NA,2265.00,0
1777323389284,12100.00,12013.00,NA,2265.00,0
1777323389309,11890.00,12013.00,NA,2265.00,0
1777323389355,11870.00,12000.00,NA,2265.00,0
1777323389381,12210.00,11987.00,NA,2265.00,0
1777323389407,12310.00,11987.00,NA,2265.00,0
1777323389453,11830.00,12000.00,NA,2265.00,0
1777323389479,11760.00,12000.00,NA,2265.00,0
1777323389505,11770.00,11987.00,NA,2265.00,0
1777323389552,11980.00,12000.00,NA,2265.00,0
1777323389578,11780.00,12013.00,NA,2265.00,0
1777323389604,11540.00,12013.00,NA,2265.00,0
1777323389651,12210.00,12000.00,NA,2265.00,0
1777323389677,11790.00,12000.00,NA,2265.00,0
1777323389702,12200.00,12013.00,NA,2265.00,0
1777323389750,12140.00,12000.00,NA,2265.00,0
1777323389776,12130.00,11987.00,NA,2265.00,0
1777323389803,12030.00,12000.00,NA,2265.00,0
1777323389850,12140.00,12013.00,NA,2265.00,0
1777323389876,11950.00,12000.00,NA,2265.00,0
1777323389903,11680.00,12013.00,NA,2265.00,0
1777323389950,12000.00,11933.00,NA,2265.00,0
1777323389978,11990.00,11987.00,NA,2265.00,0
1777323390005,11870.00,12013.00,NA,2265.00,0
1777323390052,11900.00,11933.00,NA,2265.00,0
1777323390079,12080.00,12000.00,NA,2265.00,0
1777323390105,12110.00,11987.00,NA,2265.00,0
1777323390151,11940.00,11933.00,NA,2265.00,0
1777323390176,11970.00,12000.00,NA,2265.00,0
1777323390202,12070.00,12013.00,NA,2265.00,0
1777323390248,11660.00,11991.00,NA,2265.00,0
1777323390274,11960.00,12013.00,NA,2265.00,0
1777323390299,12100.00,12013.00,NA,2265.00,0
1777323390346,11710.00,12000.00,NA,2265.00,0
1777323390373,12270.00,11987.00,NA,2265.00,0
1777323390398,12200.00,12000.00,NA,2265.00,0
1777323390444,12010.00,12000.00,NA,2265.00,0
1777323390470,11960.00,12000.00,NA,2265.00,0
1777323390496,12060.00,12013.00,NA,2265.00,0
1777323390542,12070.00,12016.00,NA,2265.00,0
1777323390567,11870.00,12013.00,NA,2265.00,0
1777323390614,12020.00,12000.00,NA,2265.00,0
1777323390641,12310.00,11987.00,NA,2265.00,0
1777323390668,11960.00,11987.00,NA,2265.00,0
1777323390695,12100.00,12080.00,NA,2265.00,0
1777323390743,11950.00,12013.00,NA,2265.00,0
1777323390772,11780.00,12000.00,NA,2265.00,0
1777323390799,11980.00,12003.00,NA,2265.00,0
1777323390826,11990.00,12067.00,NA,2265.00,0
1777323390874,11940.00,12013.00,NA,2265.00,0
1777323390900,12070.00,12013.00,NA,2265.00,0
1777323390927,11930.00,12013.00,NA,2265.00,0
1777323390979,12230.00,12000.00,NA,2265.00,0
1777323391010,11770.00,12000.00,NA,2265.00,0
1777323391037,12060.00,11987.00,NA,2265.00,0
1777323391064,12150.00,12000.00,NA,2265.00,0
1777323391167,11840.00,11840.00,NA,2265.00,0
1777323391235,24260.00,11773.00,NA,4530.00,0
1777323391284,12180.00,11840.00,NA,2265.00,0
1777323391311,11700.00,11840.00,NA,2265.00,0
1777323391338,12000.00,11840.00,NA,2265.00,0
1777323391364,11920.00,11827.00,NA,2265.00,0
1777323391411,12020.00,11853.00,NA,2265.00,0
1777323391437,11650.00,11853.00,NA,2265.00,0
1777323391463,12030.00,11856.00,NA,2265.00,0
1777323391511,11940.00,11840.00,NA,2265.00,0
1777323391538,11970.00,11827.00,NA,2265.00,0
1777323391565,11860.00,11853.00,NA,2265.00,0
1777323391617,11920.00,11773.00,NA,2265.00,0
1777323391644,12110.00,11840.00,NA,2265.00,0
1777323391671,11730.00,11840.00,NA,2265.00,0
1777323391699,11910.00,11840.00,NA,2265.00,0
1777323391747,11870.00,11840.00,NA,2265.00,0
1777323391774,11960.00,11853.00,NA,2265.00,0
1777323391801,11760.00,11853.00,NA,2265.00,0
1777323391827,12050.00,11853.00,NA,2265.00,0
1777323391875,11980.00,11773.00,NA,2265.00,0
1777323391902,12460.00,11827.00,NA,2265.00,0
1777323391930,11990.00,11827.00,NA,2265.00,0
1777323391979,12170.00,11773.00,NA,2265.00,0
1777323392007,12040.00,11840.00,NA,2265.00,0
1777323392033,11880.00,11853.00,NA,2265.00,0
1777323392059,11940.00,11853.00,NA,2265.00,0
1777323392108,11770.00,11776.00,NA,2265.00,0
1777323392135,11790.00,11853.00,NA,2265.00,0
1777323392162,12230.00,11853.00,NA,2265.00,0
1777323392211,12150.00,11840.00,NA,2265.00,0
1777323392243,12080.00,11760.00,NA,2265.00,0
1777323392274,11870.00,11840.00,NA,2265.00,0
1777323392302,11930.00,11853.00,NA,2265.00,0
1777323392328,12200.00,11843.00,NA,2265.00,0
1777323392377,11830.00,11773.00,NA,2265.00,0
1777323392405,12040.00,11840.00,NA,2265.00,0
1777323392433,11840.00,11853.00,NA,2265.00,0
1777323392459,11840.00,11853.00,NA,2265.00,0
1777323392508,12030.00,11773.00,NA,2265.00,0
1777323392537,11930.00,11760.00,NA,2265.00,0
1777323392565,11990.00,11827.00,NA,2265.00,0
1777323392593,11970.00,11827.00,NA,2265.00,0
1777323392643,12040.00,11853.00,NA,2265.00,0
1777323392670,12060.00,11933.00,NA,2265.00,0
1777323392697,11990.00,12000.00,NA,2265.00,0
1777323392725,11860.00,11919.00,NA,2265.00,0
1777323392775,11900.00,11853.00,NA,2265.00,0
1777323392803,11930.00,11830.00,NA,2265.00,0
1777323392832,12140.00,11827.00,NA,2265.00,0
1777323392860,12380.00,11905.00,NA,2265.00,0
1777323392901,12050.00,11920.00,NA,2265.00,0
1777323392929,12010.00,11873.00,NA,2265.00,0
1777323392958,11840.00,11840.00,NA,2265.00,0
1777323392987,11980.00,11907.00,NA,2265.00,0
1777323393036,11910.00,11853.00,NA,2265.00,0
1777323393065,12040.00,11913.00,NA,2265.00,0
1777323393092,11860.00,11869.00,NA,2265.00,0
1777323393120,12320.00,11920.00,NA,2265.00,0
1777323393169,12320.00,11853.00,NA,2265.00,0
1777323393199,11950.00,11907.00,NA,2265.00,0
1777323393227,11840.00,11903.00,NA,2265.00,0
1777323393255,11910.00,11840.00,NA,2265.00,0
1777323393339,12120.00,11760.00,NA,2265.00,0
1777323393362,12110.00,11802.00,NA,2265.00,0
1777323393406,11840.00,11763.00,NA,2265.00,0
1777323393429,11870.00,11827.00,NA,2265.00,0
1777323393473,11970.00,11773.00,NA,2265.00,0
1777323393497,12140.00,11763.00,NA,2265.00,0
1777323393540,11790.00,11773.00,NA,2265.00,0
1777323393563,12050.00,11773.00,NA,2265.00,0
1777323393587,12030.00,11840.00,NA,2265.00,0
1777323393630,12010.00,11773.00,NA,2265.00,0
1777323393654,11920.00,11773.00,NA,2265.00,0
1777323393698,11940.00,11760.00,NA,2265.00,0
1777323393721,11990.00,11773.00,NA,2265.00,0
1777323393765,12100.00,11773.00,NA,2265.00,0
1777323393789,12050.00,11760.00,NA,2265.00,0
1777323393833,11760.00,11773.00,NA,2265.00,0
1777323393857,12090.00,11806.00,NA,2265.00,0
1777323393902,12300.00,11773.00,NA,2265.00,0
1777323393926,12310.00,11840.00,NA,2265.00,0
1777323393970,12210.00,11760.00,NA,2265.00,0
1777323393994,12160.00,11760.00,NA,2265.00,0
1777323394017,12000.00,11840.00,NA,2265.00,0
1777323394061,12190.00,11763.00,NA,2265.00,0
1777323394085,11720.00,11827.00,NA,2265.00,0
1777323394130,11850.00,11773.00,NA,2265.00,0
1777323394155,12010.00,11760.00,NA,2265.00,0
1777323394201,12050.00,11773.00,NA,2265.00,0
1777323394225,11970.00,11773.00,NA,2265.00,0
1777323394249,11900.00,11773.00,NA,2265.00,0
1777323394293,11940.00,11773.00,NA,2265.00,0
1777323394317,12060.00,11773.00,NA,2265.00,0
1777323394363,11920.00,11773.00,NA,2265.00,0
1777323394387,11950.00,11760.00,NA,2265.00,0
1777323394432,12170.00,11760.00,NA,2265.00,0
1777323394456,12060.00,11803.00,NA,2265.00,0
1777323394480,11960.00,11827.00,NA,2265.00,0
1777323394525,11900.00,11773.00,NA,2265.00,0
1777323394550,12150.00,11840.00,NA,2265.00,0
1777323394595,11950.00,11760.00,NA,2265.00,0
1777323394619,12100.00,11773.00,NA,2265.00,0
1777323394669,11940.00,11773.00,NA,2265.00,0
1777323394695,11980.00,11750.00,NA,2265.00,0
1777323394720,11900.00,11747.00,NA,2265.00,0
1777323394745,11780.00,11827.00,NA,2265.00,0
1777323394790,12030.00,11773.00,NA,2265.00,0
1777323394815,11760.00,11773.00,NA,2265.00,0
1777323394861,12090.00,11773.00,NA,2265.00,0
1777323394887,11970.00,11773.00,NA,2265.00,0
1777323394912,11970.00,11773.00,NA,2265.00,0
1777323394959,11890.00,11773.00,NA,2265.00,0
1777323394984,11800.00,11789.00,NA,2265.00,0
1777323395009,12080.00,11773.00,NA,2265.00,0
1777323395055,12040.00,11840.00,NA,2265.00,0
1777323395079,12280.00,11827.00,NA,2265.00,0
1777323395125,12160.00,11773.00,NA,2265.00,0
1777323395149,12000.00,11840.00,NA,2265.00,0
1777323395195,12000.00,11760.00,NA,2265.00,0
1777323395219,12230.00,11773.00,NA,2265.00,0
1777323395244,11810.00,11840.00,NA,2265.00,0
1777323395289,11900.00,11760.00,NA,2265.00,0
1777323395314,12150.00,11747.00,NA,2265.00,0
1777323395360,11970.00,11773.00,NA,2265.00,0
1777323395385,12380.00,11760.00,NA,2265.00,0
1777323395410,11920.00,11750.00,NA,2265.00,0
1777323395440,11910.00,11827.00,NA,2265.00,0
1777323395486,12040.00,11773.00,NA,2265.00,0
1777323395511,11930.00,11773.00,NA,2265.00,0
1777323395556,12060.00,11773.00,NA,2265.00,0
1777323395582,11920.00,11773.00,NA,2265.00,0
1777323395607,11840.00,11840.00,NA,2265.00,0
1777323395652,11980.00,11773.00,NA,2265.00,0
1777323395677,12110.00,11750.00,NA,2265.00,0
1777323395723,12070.00,11760.00,NA,2265.00,0
1777323395749,12020.00,11773.00,NA,2265.00,0
1777323395774,11890.00,11827.00,NA,2265.00,0
1777323395819,12120.00,11773.00,NA,2265.00,0
1777323395844,12150.00,11773.00,NA,2265.00,0
1777323395869,11730.00,11840.00,NA,2265.00,0
1777323395914,12150.00,11773.00,NA,2265.00,0
1777323395941,11900.00,11773.00,NA,2265.00,0
1777323395989,12060.00,11773.00,NA,2265.00,0
1777323396015,11940.00,11760.00,NA,2265.00,0
1777323396041,12200.00,11827.00,NA,2265.00,0
1777323396072,12230.00,11779.00,NA,2265.00,0
1777323396119,11960.00,11872.00,NA,2265.00,0
1777323396145,11810.00,11952.00,NA,2265.00,0
1777323396171,12120.00,12012.00,NA,2265.00,0
1777323396218,12000.00,12000.00,NA,2265.00,0
1777323396244,11510.00,11946.00,NA,2265.00,0
1777323396270,12010.00,12000.00,NA,2265.00,0
1777323396317,12050.00,11933.00,NA,2265.00,0
1777323396343,11660.00,11920.00,NA,2265.00,0
1777323396369,12230.00,11940.00,NA,2265.00,0
1777323396416,12180.00,11947.00,NA,2265.00,0
1777323396465,11900.00,11920.00,NA,2265.00,0
1777323396496,12180.00,11907.00,NA,2265.00,0
1777323396523,11870.00,11920.00,NA,2265.00,0
1777323396549,11890.00,11910.00,NA,2265.00,0
1777323396576,11830.00,11920.00,NA,2265.00,0
1777323396602,12320.00,12000.00,NA,2265.00,0
1777323396649,12050.00,11947.00,NA,2265.00,0
1777323396679,12060.00,11920.00,NA,2265.00,0
1777323396720,12010.00,11933.00,NA,2265.00,0
1777323396756,11910.00,12000.00,NA,2265.00,0
1777323396784,11790.00,11933.00,NA,2265.00,0
1777323396811,12050.00,11933.00,NA,2265.00,0
1777323396838,11860.00,11933.00,NA,2265.00,0
1777323396887,11950.00,11933.00,NA,2265.00,0
1777323396915,12340.00,11920.00,NA,2265.00,0
1777323396941,12260.00,11920.00,NA,2265.00,0
1777323396968,12240.00,11987.00,NA,2265.00,0
1777323397016,11960.00,11933.00,NA,2265.00,0
1777323397044,12090.00,11933.00,NA,2265.00,0
1777323397071,12080.00,11933.00,NA,2265.00,0
1777323397097,12140.00,11987.00,NA,2265.00,0
1777323397147,12170.00,11920.00,NA,2265.00,0
1777323397175,12130.00,11933.00,NA,2265.00,0
1777323397203,11920.00,12000.00,NA,2265.00,0
1777323397231,12370.00,12013.00,NA,2265.00,0
1777323397280,12090.00,12000.00,NA,2265.00,0
1777323397310,12080.00,11920.00,NA,2265.00,0
1777323397341,12170.00,11933.00,NA,2265.00,0
1777323397368,12020.00,12000.00,NA,2265.00,0
1777323397395,11880.00,11987.00,NA,2265.00,0
1777323397442,12060.00,11933.00,NA,2265.00,0
1777323397469,11970.00,11933.00,NA,2265.00,0
1777323397495,11830.00,12000.00,NA,2265.00,0
1777323397542,12040.00,11933.00,NA,2265.00,0
1777323397568,11820.00,11987.00,NA,2265.00,0
1777323397594,11840.00,12013.00,NA,2265.00,0
1777323397641,11740.00,12000.00,NA,2265.00,0
1777323397666,11960.00,12000.00,NA,2265.00,0
1777323397692,12180.00,11987.00,NA,2265.00,0
1777323397739,11870.00,11933.00,NA,2265.00,0
1777323397765,12070.00,12000.00,NA,2265.00,0
1777323397792,12150.00,12013.00,NA,2265.00,0
1777323397839,11900.00,11933.00,NA,2265.00,0
1777323397865,11840.00,12012.00,NA,2265.00,0
1777323397891,12050.00,12013.00,NA,2265.00,0
1777323397939,12360.00,11933.00,NA,2265.00,0
1777323397968,11920.00,11933.00,NA,2265.00,0
1777323397993,12200.00,11920.00,NA,2265.00,0
1777323398019,11870.00,11987.00,NA,2265.00,0
1777323398066,12060.00,12000.00,NA,2265.00,0
1777323398092,12010.00,12000.00,NA,2265.00,0
1777323398139,12270.00,11920.00,NA,2265.00,0
1777323398176,12070.00,11933.00,NA,2265.00,0
1777323398202,11950.00,11987.00,NA,2265.00,0
1777323398229,12050.00,11987.00,NA,2265.00,0
1777323398255,12050.00,12013.00,NA,2265.00,0
1777323398315,12150.00,12013.00,NA,2265.00,0
1777323398342,12210.00,12080.00,NA,2265.00,0
1777323398369,12230.00,12013.00,NA,2265.00,0
1777323398396,12220.00,12080.00,NA,2265.00,0
1777323398422,11910.00,12093.00,NA,2265.00,0
1777323398469,12360.00,12080.00,NA,2265.00,0
1777323398496,12230.00,12067.00,NA,2265.00,0
1777323398593,12220.00,11853.00,NA,2265.00,0
1777323398615,11980.00,11907.00,NA,2265.00,0
1777323398659,12070.00,11853.00,NA,2265.00,0
1777323398683,12180.00,11907.00,NA,2265.00,0
1777323398727,12280.00,11853.00,NA,2265.00,0
1777323398750,11990.00,11920.00,NA,2265.00,0
1777323398794,12240.00,11869.00,NA,2265.00,0
1777323398818,12060.00,11920.00,NA,2265.00,0
1777323398862,12060.00,11853.00,NA,2265.00,0
1777323398885,11850.00,11907.00,NA,2265.00,0
1777323398909,11840.00,11933.00,NA,2265.00,0
1777323398953,11920.00,11920.00,NA,2265.00,0
1777323398977,12360.00,11920.00,NA,2265.00,0
1777323399021,12040.00,11853.00,NA,2265.00,0
1777323399045,12030.00,11920.00,NA,2265.00,0
1777323399090,12030.00,11869.00,NA,2265.00,0
1777323399114,11960.00,11920.00,NA,2265.00,0
1777323399158,11930.00,11853.00,NA,2265.00,0
1777323399183,12180.00,11933.00,NA,2265.00,0
1777323399207,11970.00,11933.00,NA,2265.00,0
1777323399251,12450.00,11853.00,NA,2265.00,0
1777323399275,11970.00,11907.00,NA,2265.00,0
1777323399320,11970.00,11872.00,NA,2265.00,0
1777323399344,11850.00,11907.00,NA,2265.00,0
1777323399388,11900.00,11932.00,NA,2265.00,0
1777323399413,11950.00,11920.00,NA,2265.00,0
1777323399457,12330.00,11919.00,NA,2265.00,0
1777323399482,12090.00,11932.00,NA,2265.00,0
1777323399506,11940.00,11933.00,NA,2265.00,0
1777323399551,12150.00,11920.00,NA,2265.00,0
1777323399576,11690.00,11920.00,NA,2265.00,0
1777323399622,12000.00,11920.00,NA,2265.00,0
1777323399646,12070.00,11907.00,NA,2265.00,0
1777323399670,12150.00,11987.00,NA,2265.00,0
1777323399715,11680.00,11933.00,NA,2265.00,0
1777323399739,12200.00,11936.00,NA,2265.00,0
1777323399784,12140.00,11920.00,NA,2265.00,0
1777323399808,11970.00,11933.00,NA,2265.00,0
1777323399856,11980.00,11920.00,NA,2265.00,0
1777323399880,12050.00,11907.00,NA,2265.00,0
1777323399904,11920.00,11907.00,NA,2265.00,0
1777323399949,12000.00,11920.00,NA,2265.00,0
1777323399974,11790.00,11907.00,NA,2265.00,0
1777323399998,12040.00,11920.00,NA,2265.00,0
1777323400043,12040.00,11920.00,NA,2265.00,0
1777323400068,11960.00,11920.00,NA,2265.00,0
1777323400117,12000.00,11920.00,NA,2265.00,0
1777323400141,11970.00,11933.00,NA,2265.00,0
1777323400165,12070.00,11933.00,NA,2265.00,0
1777323400211,12150.00,11920.00,NA,2265.00,0
1777323400237,12040.00,11907.00,NA,2265.00,0
1777323400282,12070.00,11920.00,NA,2265.00,0
1777323400307,12280.00,11933.00,NA,2265.00,0
1777323400332,12050.00,11910.00,NA,2265.00,0
1777323400378,11760.00,11933.00,NA,2265.00,0
1777323400403,11740.00,11933.00,NA,2265.00,0
1777323400428,11990.00,11933.00,NA,2265.00,0
1777323400474,11700.00,11933.00,NA,2265.00,0
1777323400499,12010.00,11933.00,NA,2265.00,0
1777323400545,11720.00,11920.00,NA,2265.00,0
1777323400570,11800.00,11907.00,NA,2265.00,0
1777323400595,12200.00,11907.00,NA,2265.00,0
1777323400641,12010.00,11920.00,NA,2265.00,0
1777323400667,12110.00,11933.00,NA,2265.00,0
1777323400713,11870.00,11920.00,NA,2265.00,0
1777323400738,12010.00,11933.00,NA,2265.00,0
1777323400764,12010.00,11933.00,NA,2265.00,0
1777323400809,11890.00,11920.00,NA,2265.00,0
1777323400835,11900.00,11920.00,NA,2265.00,0
1777323400860,12130.00,11933.00,NA,2265.00,0
1777323400908,12150.00,11920.00,NA,2265.00,0
1777323400934,12010.00,11907.00,NA,2265.00,0
1777323400960,12010.00,11907.00,NA,2265.00,0
1777323401007,11970.00,11933.00,NA,2265.00,0
1777323401033,11710.00,11933.00,NA,2265.00,0
1777323401059,12250.00,11933.00,NA,2265.00,0
1777323401106,11960.00,11920.00,NA,2265.00,0
1777323401131,11750.00,11933.00,NA,2265.00,0
1777323401178,11950.00,11853.00,NA,2265.00,0
1777323401206,12050.00,11907.00,NA,2265.00,0
1777323401232,11880.00,11907.00,NA,2265.00,0
1777323401258,11940.00,11920.00,NA,2265.00,0
1777323401304,12060.00,11920.00,NA,2265.00,0
1777323401330,11890.00,11920.00,NA,2265.00,0
1777323401376,12060.00,11856.00,NA,2265.00,0
1777323401402,12000.00,11933.00,NA,2265.00,0
1777323401428,12160.00,11933.00,NA,2265.00,0
1777323401476,12100.00,11934.00,NA,2265.00,0
1777323401502,11940.00,11920.00,NA,2265.00,0
1777323401528,11750.00,11936.00,NA,2265.00,0
1777323401561,11820.00,11936.00,NA,2265.00,0
1777323401608,11820.00,11853.00,NA,2265.00,0
1777323401634,12080.00,11920.00,NA,2265.00,0
1777323401660,12070.00,11933.00,NA,2265.00,0
1777323401707,12010.00,11920.00,NA,2265.00,0
1777323401733,12210.00,11933.00,NA,2265.00,0
1777323401758,11690.00,12000.00,NA,2265.00,0
1777323401806,12230.00,11920.00,NA,2265.00,0
1777323401832,11940.00,11907.00,NA,2265.00,0
1777323401858,12030.00,11907.00,NA,2265.00,0
1777323401904,12020.00,11933.00,NA,2265.00,0
1777323401931,12080.00,11933.00,NA,2265.00,0
1777323401958,11780.00,11920.00,NA,2265.00,0
1777323402009,12050.00,11920.00,NA,2265.00,0
1777323402036,12010.00,11920.00,NA,2265.00,0
1777323402063,11630.00,11933.00,NA,2265.00,0
1777323402090,12080.00,11933.00,NA,2265.00,0
1777323402139,11750.00,11920.00,NA,2265.00,0
1777323402167,11970.00,11907.00,NA,2265.00,0
1777323402199,11850.00,11920.00,NA,2265.00,0
1777323402225,11860.00,11907.00,NA,2265.00,0
1777323402273,12200.00,11920.00,NA,2265.00,0
1777323402301,12250.00,11933.00,NA,2265.00,0
1777323402327,12040.00,11936.00,NA,2265.00,0
1777323402354,11900.00,11933.00,NA,2265.00,0
1777323402400,11740.00,11853.00,NA,2265.00,0
1777323402427,12080.00,11907.00,NA,2265.00,0
1777323402454,12370.00,11933.00,NA,2265.00,0
1777323402502,12060.00,11853.00,NA,2265.00,0
1777323402529,12100.00,11920.00,NA,2265.00,0
1777323402554,12260.00,11920.00,NA,2265.00,0
1777323402601,11880.00,11853.00,NA,2265.00,0
1777323402627,11980.00,11920.00,NA,2265.00,0
1777323402653,12090.00,11933.00,NA,2265.00,0
1777323402700,11930.00,11853.00,NA,2265.00,0
1777323402726,12140.00,11920.00,NA,2265.00,0
1777323402753,11760.00,11933.00,NA,2265.00,0
1777323402805,12010.00,11853.00,NA,2265.00,0
1777323402832,11860.00,11920.00,NA,2265.00,0
1777323402860,11910.00,11920.00,NA,2265.00,0
1777323402886,12010.00,11907.00,NA,2265.00,0
1777323402934,12000.00,11920.00,NA,2265.00,0
1777323402961,11880.00,11933.00,NA,2265.00,0
1777323402987,12100.00,11933.00,NA,2265.00,0
1777323403035,12120.00,11856.00,NA,2265.00,0
1777323403061,12070.00,11907.00,NA,2265.00,0
1777323403087,11990.00,11907.00,NA,2265.00,0
1777323403134,12300.00,11920.00,NA,2265.00,0
1777323403161,11900.00,11920.00,NA,2265.00,0
1777323403189,11830.00,11933.00,NA,2265.00,0
1777323403237,12180.00,11869.00,NA,2265.00,0
1777323403265,11930.00,11853.00,NA,2265.00,0
1777323403292,12200.00,11920.00,NA,2265.00,0
1777323403318,12320.00,12000.00,NA,2265.00,0
1777323403366,11460.00,11933.00,NA,2265.00,0
1777323403392,12070.00,11907.00,NA,2265.00,0
1777323403418,12080.00,11907.00,NA,2265.00,0
1777323403499,12030.00,11789.00,NA,2265.00,0
1777323403522,12280.00,11869.00,NA,2265.00,0
1777323403545,12020.00,11949.00,NA,2265.00,0
1777323403588,11540.00,12003.00,NA,2265.00,0
1777323403611,12090.00,12013.00,NA,2265.00,0
1777323403656,12050.00,12000.00,NA,2265.00,0
1777323403679,11770.00,12013.00,NA,2265.00,0
1777323403702,11910.00,12013.00,NA,2265.00,0
1777323403746,11880.00,12000.00,NA,2265.00,0
1777323403769,12230.00,12013.00,NA,2265.00,0
1777323403813,11910.00,12000.00,NA,2265.00,0
1777323403836,12160.00,11987.00,NA,2265.00,0
1777323403880,11830.00,12013.00,NA,2265.00,0
1777323403904,11800.00,12003.00,NA,2265.00,0
1777323403948,12230.00,12000.00,NA,2265.00,0
1777323403972,11900.00,12013.00,NA,2265.00,0
1777323404016,12190.00,12000.00,NA,2265.00,0
1777323404040,11810.00,12013.00,NA,2265.00,0
1777323404084,11670.00,12000.00,NA,2265.00,0
1777323404107,11820.00,11987.00,NA,2265.00,0
1777323404131,12260.00,12013.00,NA,2265.00,0
1777323404175,11940.00,12000.00,NA,2265.00,0
1777323404199,11910.00,11987.00,NA,2265.00,0
1777323404243,12370.00,12000.00,NA,2265.00,0
1777323404266,12000.00,12000.00,NA,2265.00,0
1777323404311,12020.00,12000.00,NA,2265.00,0
1777323404334,12110.00,12013.00,NA,2265.00,0
1777323404379,11980.00,12000.00,NA,2265.00,0
1777323404403,12250.00,12013.00,NA,2265.00,0
1777323404448,12460.00,12000.00,NA,2265.00,0
1777323404473,11980.00,11987.00,NA,2265.00,0
1777323404497,12050.00,11987.00,NA,2265.00,0
1777323404542,11980.00,12000.00,NA,2265.00,0
1777323404566,11670.00,12013.00,NA,2265.00,0
1777323404610,12060.00,12000.00,NA,2265.00,0
1777323404634,12240.00,12013.00,NA,2265.00,0
1777323404679,11790.00,11936.00,NA,2265.00,0
1777323404705,12070.00,11987.00,NA,2265.00,0
1777323404729,12050.00,12013.00,NA,2265.00,0
1777323404774,12300.00,12000.00,NA,2265.00,0
1777323404799,12020.00,11987.00,NA,2265.00,0
1777323404843,12110.00,12000.00,NA,2265.00,0
1777323404867,11950.00,12013.00,NA,2265.00,0
1777323404912,11930.00,11949.00,NA,2265.00,0
1777323404936,11840.00,12000.00,NA,2265.00,0
1777323404960,11960.00,12013.00,NA,2265.00,0
1777323405005,11640.00,11949.00,NA,2265.00,0
1777323405030,11920.00,12000.00,NA,2265.00,0
1777323405075,11860.00,11949.00,NA,2265.00,0
1777323405099,12300.00,11987.00,NA,2265.00,0
1777323405128,11910.00,11987.00,NA,2265.00,0
1777323405173,12110.00,11933.00,NA,2265.00,0
1777323405198,11840.00,12000.00,NA,2265.00,0
1777323405243,11990.00,11949.00,NA,2265.00,0
1777323405267,11930.00,12000.00,NA,2265.00,0
1777323405291,11870.00,12013.00,NA,2265.00,0
1777323405336,11830.00,11933.00,NA,2265.00,0
1777323405360,11950.00,12013.00,NA,2265.00,0
1777323405405,11950.00,11992.00,NA,2265.00,0
1777323405430,11960.00,11977.00,NA,2265.00,0
1777323405455,11860.00,11987.00,NA,2265.00,0
1777323405500,12390.00,12000.00,NA,2265.00,0
1777323405527,11890.00,11987.00,NA,2265.00,0
1777323405573,12130.00,12012.00,NA,2265.00,0
1777323405598,11920.00,11998.00,NA,2265.00,0
1777323405623,12180.00,12000.00,NA,2265.00,0
1777323405668,12030.00,12000.00,NA,2265.00,0
1777323405693,12240.00,12013.00,NA,2265.00,0
1777323405738,12150.00,12000.00,NA,2265.00,0
1777323405763,11990.00,11987.00,NA,2265.00,0
1777323405787,11970.00,11987.00,NA,2265.00,0
1777323405833,12110.00,12013.00,NA,2265.00,0
1777323405858,11820.00,12003.00,NA,2265.00,0
1777323405903,11950.00,12000.00,NA,2265.00,0
1777323405929,12270.00,12013.00,NA,2265.00,0
1777323405953,11980.00,12013.00,NA,2265.00,0
1777323405998,12150.00,12000.00,NA,2265.00,0
1777323406023,11960.00,12013.00,NA,2265.00,0
1777323406069,11900.00,11933.00,NA,2265.00,0
1777323406095,12050.00,11987.00,NA,2265.00,0
1777323406120,11860.00,12000.00,NA,2265.00,0
1777323406165,11920.00,12000.00,NA,2265.00,0
1777323406190,12260.00,12013.00,NA,2265.00,0
1777323406236,12170.00,11949.00,NA,2265.00,0
1777323406262,12140.00,11966.00,NA,2265.00,0
1777323406287,12270.00,12000.00,NA,2265.00,0
1777323406334,11860.00,11993.00,NA,2265.00,0
1777323406359,11750.00,11987.00,NA,2265.00,0
1777323406391,11980.00,11987.00,NA,2265.00,0
1777323406417,11970.00,11987.00,NA,2265.00,0
1777323406463,11790.00,12000.00,NA,2265.00,0
1777323406489,12160.00,12013.00,NA,2265.00,0
1777323406535,12090.00,11974.00,NA,2265.00,0
1777323406560,12060.00,12000.00,NA,2265.00,0
1777323406584,12110.00,12013.00,NA,2265.00,0
1777323406632,11990.00,12000.00,NA,2265.00,0
1777323406657,12250.00,11987.00,NA,2265.00,0
1777323406682,11840.00,12013.00,NA,2265.00,0
1777323406729,12110.00,12000.00,NA,2265.00,0
1777323406754,12140.00,11987.00,NA,2265.00,0
1777323406780,12020.00,11987.00,NA,2265.00,0
1777323406833,11840.00,12013.00,NA,2265.00,0
1777323406859,11760.00,12013.00,NA,2265.00,0
1777323406886,12230.00,12000.00,NA,2265.00,0
1777323406932,12110.00,12000.00,NA,2265.00,0
1777323406959,11900.00,12000.00,NA,2265.00,0
1777323406984,11990.00,12013.00,NA,2265.00,0
1777323407031,11790.00,12013.00,NA,2265.00,0
1777323407057,12030.00,12000.00,NA,2265.00,0
1777323407083,12120.00,11987.00,NA,2265.00,0
1777323407131,11840.00,12000.00,NA,2265.00,0
1777323407157,12330.00,12013.00,NA,2265.00,0
1777323407183,12100.00,12013.00,NA,2265.00,0
1777323407228,12030.00,11986.00,NA,2265.00,0
1777323407254,12100.00,12013.00,NA,2265.00,0
1777323407281,11920.00,12013.00,NA,2265.00,0
1777323407328,12500.00,12000.00,NA,2265.00,0
1777323407355,12050.00,11987.00,NA,2265.00,0
1777323407380,12210.00,12000.00,NA,2265.00,0
1777323407426,12260.00,12013.00,NA,2265.00,0
1777323407453,11810.00,12000.00,NA,2265.00,0
1777323407480,11820.00,12000.00,NA,2265.00,0
1777323407527,11790.00,12000.00,NA,2265.00,0
1777323407554,11890.00,12013.00,NA,2265.00,0
1777323407580,12140.00,12013.00,NA,2265.00,0
1777323407630,12060.00,12000.00,NA,2265.00,0
1777323407661,11840.00,11933.00,NA,2265.00,0
1777323407687,11820.00,12000.00,NA,2265.00,0
1777323407713,11690.00,12000.00,NA,2265.00,0
1777323407762,12150.00,11933.00,NA,2265.00,0
1777323407789,11760.00,12000.00,NA,2265.00,0
1777323407816,11650.00,12013.00,NA,2265.00,0
1777323407863,12090.00,12000.00,NA,2265.00,0
1777323407890,12410.00,11987.00,NA,2265.00,0
1777323407917,12340.00,11987.00,NA,2265.00,0
1777323407944,11610.00,12013.00,NA,2265.00,0
1777323407992,11850.00,12000.00,NA,2265.00,0
1777323408020,12410.00,12000.00,NA,2265.00,0
1777323408117,12050.00,11840.00,NA,2265.00,0
1777323408140,11970.00,11853.00,NA,2265.00,0
1777323408185,12400.00,11840.00,NA,2265.00,0
1777323408209,12020.00,11853.00,NA,2265.00,0
1777323408233,11690.00,11920.00,NA,2265.00,0
1777323408277,11910.00,11840.00,NA,2265.00,0
1777323408302,12010.00,11853.00,NA,2265.00,0
1777323408347,12160.00,11840.00,NA,2265.00,0
1777323408371,11920.00,11840.00,NA,2265.00,0
1777323408416,11610.00,11853.00,NA,2265.00,0
1777323408440,11960.00,11843.00,NA,2265.00,0
1777323408464,11950.00,11907.00,NA,2265.00,0
1777323408508,11690.00,11933.00,NA,2265.00,0
1777323408532,12180.00,11933.00,NA,2265.00,0
1777323408577,12000.00,11920.00,NA,2265.00,0
1777323408601,11890.00,11933.00,NA,2265.00,0
1777323408647,12000.00,11920.00,NA,2265.00,0
1777323408671,12060.00,11907.00,NA,2265.00,0
1777323408695,11760.00,11907.00,NA,2265.00,0
1777323408740,11900.00,11920.00,NA,2265.00,0
1777323408765,12010.00,11920.00,NA,2265.00,0
1777323408810,12010.00,11920.00,NA,2265.00,0
1777323408835,12150.00,11933.00,NA,2265.00,0
1777323408860,12170.00,11920.00,NA,2265.00,0
1777323408906,12290.00,11920.00,NA,2265.00,0
1777323408930,12170.00,11933.00,NA,2265.00,0
1777323408976,12410.00,11853.00,NA,2265.00,0
1777323409001,12170.00,11907.00,NA,2265.00,0
1777323409046,11990.00,11853.00,NA,2265.00,0
1777323409071,12440.00,11920.00,NA,2265.00,0
1777323409095,11900.00,11931.00,NA,2265.00,0
1777323409140,12180.00,11853.00,NA,2265.00,0
1777323409165,11700.00,11920.00,NA,2265.00,0
1777323409211,11950.00,11843.00,NA,2265.00,0
1777323409237,11900.00,11907.00,NA,2265.00,0
1777323409261,11630.00,11933.00,NA,2265.00,0
1777323409306,11930.00,11920.00,NA,2265.00,0
1777323409332,12030.00,11907.00,NA,2265.00,0
1777323409378,12390.00,11920.00,NA,2265.00,0
1777323409403,12220.00,11920.00,NA,2265.00,0
1777323409428,12180.00,11920.00,NA,2265.00,0
1777323409474,11960.00,11933.00,NA,2265.00,0
1777323409499,11900.00,11933.00,NA,2265.00,0
1777323409524,11920.00,11920.00,NA,2265.00,0
1777323409570,11980.00,11853.00,NA,2265.00,0
1777323409600,11990.00,11907.00,NA,2265.00,0
1777323409626,11870.00,11907.00,NA,2265.00,0
1777323409672,12050.00,11920.00,NA,2265.00,0
1777323409697,12120.00,11933.00,NA,2265.00,0
1777323409723,11760.00,11910.00,NA,2265.00,0
1777323409769,12210.00,11920.00,NA,2265.00,0
1777323409795,12040.00,11933.00,NA,2265.00,0
1777323409841,11850.00,11920.00,NA,2265.00,0
1777323409867,12070.00,11907.00,NA,2265.00,0
1777323409893,12180.00,11933.00,NA,2265.00,0
1777323409940,11800.00,11920.00,NA,2265.00,0
1777323409966,11760.00,11853.00,NA,2265.00,0
1777323409992,11920.00,11907.00,NA,2265.00,0
1777323410023,11910.00,11907.00,NA,2265.00,0
1777323410070,12010.00,11920.00,NA,2265.00,0
1777323410096,11970.00,11933.00,NA,2265.00,0
1777323410122,12120.00,11936.00,NA,2265.00,0
1777323410169,11800.00,11920.00,NA,2265.00,0
1777323410195,12060.00,11907.00,NA,2265.00,0
1777323410221,11860.00,11933.00,NA,2265.00,0
1777323410267,12150.00,11920.00,NA,2265.00,0
1777323410293,12100.00,11907.00,NA,2265.00,0
1777323410340,11790.00,11919.00,NA,2265.00,0
1777323410366,12140.00,11853.00,NA,2265.00,0
1777323410393,12000.00,11920.00,NA,2265.00,0
1777323410419,12190.00,11920.00,NA,2265.00,0
1777323410466,11950.00,11869.00,NA,2265.00,0
1777323410492,11880.00,11920.00,NA,2265.00,0
1777323410539,12180.00,11853.00,NA,2265.00,0
1777323410564,11940.00,11907.00,NA,2265.00,0
1777323410590,12230.00,11907.00,NA,2265.00,0
1777323410637,12300.00,11853.00,NA,2265.00,0
1777323410663,12080.00,11920.00,NA,2265.00,0
1777323410690,11920.00,11920.00,NA,2265.00,0
1777323410716,11880.00,11908.00,NA,2265.00,0
1777323410763,11830.00,11933.00,NA,2265.00,0
1777323410789,12040.00,11933.00,NA,2265.00,0
1777323410838,11620.00,11869.00,NA,2265.00,0
1777323410866,12020.00,11840.00,NA,2265.00,0
1777323410892,12270.00,11907.00,NA,2265.00,0
1777323410918,11900.00,11907.00,NA,2265.00,0
1777323410967,11740.00,11853.00,NA,2265.00,0
1777323410996,11790.00,11920.00,NA,2265.00,0
1777323411024,11910.00,11920.00,NA,2265.00,0
1777323411050,12260.00,11907.00,NA,2265.00,0
1777323411097,11770.00,11920.00,NA,2265.00,0
1777323411124,12280.00,11921.00,NA,2265.00,0
1777323411150,11960.00,11933.00,NA,2265.00,0
1777323411197,11840.00,11853.00,NA,2265.00,0
1777323411223,12350.00,11907.00,NA,2265.00,0
1777323411249,11950.00,11907.00,NA,2265.00,0
1777323411282,12000.00,11907.00,NA,2265.00,0
1777323411328,12180.00,11920.00,NA,2265.00,0
1777323411354,12250.00,11933.00,NA,2265.00,0
1777323411379,12160.00,11936.00,NA,2265.00,0
1777323411427,11800.00,11869.00,NA,2265.00,0
1777323411454,12240.00,11920.00,NA,2265.00,0
1777323411480,11900.00,11933.00,NA,2265.00,0
1777323411528,12010.00,11920.00,NA,2265.00,0
1777323411555,11570.00,11907.00,NA,2265.00,0
1777323411581,11870.00,11920.00,NA,2265.00,0
1777323411629,11980.00,11920.00,NA,2265.00,0
1777323411655,12060.00,11933.00,NA,2265.00,0
1777323411681,12130.00,11910.00,NA,2265.00,0
1777323411729,12090.00,11920.00,NA,2265.00,0
1777323411756,11830.00,11907.00,NA,2265.00,0
1777323411783,11710.00,11933.00,NA,2265.00,0
1777323411810,11730.00,11933.00,NA,2265.00,0
1777323411858,11820.00,11920.00,NA,2265.00,0
1777323411888,11800.00,11907.00,NA,2265.00,0
1777323411916,11620.00,11911.00,NA,2265.00,0
1777323411943,11720.00,11920.00,NA,2265.00,0
1777323411993,12030.00,11853.00,NA,2265.00,0
1777323412022,12090.00,11920.00,NA,2265.00,0
1777323412050,11860.00,11933.00,NA,2265.00,0
1777323412077,12080.00,11933.00,NA,2265.00,0
1777323412125,11720.00,11920.00,NA,2265.00,0
1777323412151,12260.00,11907.00,NA,2265.00,0
1777323412179,12200.00,11907.00,NA,2265.00,0
1777323412205,12110.00,11933.00,NA,2265.00,0
1777323412253,12000.00,11920.00,NA,2265.00,0
1777323412280,12190.00,11920.00,NA,2265.00,0
1777323412309,12030.00,11907.00,NA,2265.00,0
1777323412362,12170.00,11853.00,NA,2265.00,0
1777323412390,11880.00,11843.00,NA,2265.00,0
1777323412417,11670.00,11920.00,NA,2265.00,0
1777323412444,11740.00,11933.00,NA,2265.00,0
1777323412471,11690.00,11933.00,NA,2265.00,0
1777323412520,12260.00,11920.00,NA,2265.00,0
1777323412549,11890.00,11920.00,NA,2265.00,0
1777323412575,11980.00,11907.00,NA,2265.00,0
1777323412602,11960.00,11907.00,NA,2265.00,0
1777323412650,11780.00,11933.00,NA,2265.00,0
1777323412679,11970.00,11933.00,NA,2265.00,0
1777323412706,12180.00,11933.00,NA,2265.00,0
1777323412754,12120.00,11920.00,NA,2265.00,0
1777323412781,11840.00,11907.00,NA,2265.00,0
1777323412808,11960.00,11907.00,NA,2265.00,0
1777323412834,12000.00,11933.00,NA,2265.00,0
1777323412882,12010.00,11933.00,NA,2265.00,0
1777323412909,11830.00,11936.00,NA,2265.00,0
1777323412940,11860.00,11910.00,NA,2265.00,0
1777323412973,12240.00,11920.00,NA,2265.00,0
1777323413000,11940.00,11933.00,NA,2265.00,0
1777323413049,12170.00,11933.00,NA,2265.00,0
1777323413076,12100.00,12013.00,NA,2265.00,0
1777323413103,12060.00,12080.00,NA,2265.00,0
1777323413157,12050.00,12013.00,NA,2265.00,0
1777323413185,11820.00,12080.00,NA,2265.00,0
1777323413213,11980.00,12080.00,NA,2265.00,0
1777323413240,12230.00,12013.00,NA,2265.00,0
1777323413267,12060.00,12067.00,NA,2265.00,0
1777323413315,11740.00,12013.00,NA,2265.00,0
1777323413342,12070.00,12080.00,NA,2265.00,0
1777323413369,12060.00,12093.00,NA,2265.00,0
1777323413396,11930.00,12093.00,NA,2265.00,0
1777323413446,11930.00,12080.00,NA,2265.00,0
1777323413474,12060.00,12000.00,NA,2265.00,0
1777323413501,12050.00,12067.00,NA,2265.00,0
1777323413529,12040.00,12080.00,NA,2265.00,0
1777323413577,11960.00,12080.00,NA,2265.00,0
1777323413605,11860.00,12080.00,NA,2265.00,0
1777323413648,11990.00,12076.00,NA,2265.00,0
1777323413676,12280.00,12092.00,NA,2265.00,0
1777323413705,11940.00,12029.00,NA,2265.00,0
1777323413734,12070.00,12080.00,NA,2265.00,0
1777323413763,12160.00,12093.00,NA,2265.00,0
1777323413810,12080.00,12080.00,NA,2265.00,0
1777323413837,12160.00,12067.00,NA,2265.00,0
1777323413864,12160.00,12061.00,NA,2265.00,0
1777323413913,12000.00,12030.00,NA,2265.00,0
1777323413940,11960.00,12013.00,NA,2265.00,0
1777323413968,11720.00,12080.00,NA,2265.00,0
1777323413994,12020.00,12080.00,NA,2265.00,0
1777323414043,11920.00,12080.00,NA,2265.00,0
1777323414072,12050.00,12067.00,NA,2265.00,0
1777323414100,12050.00,12066.00,NA,2265.00,0
1777323414130,12060.00,12067.00,NA,2265.00,0
1777323414159,11680.00,12080.00,NA,2265.00,0
1777323414206,12230.00,12080.00,NA,2265.00,0
1777323414236,12070.00,12093.00,NA,2265.00,0
1777323414267,12080.00,12080.00,NA,2265.00,0
1777323414296,12040.00,12080.00,NA,2265.00,0
1777323414345,11950.00,12013.00,NA,2265.00,0
1777323414374,12300.00,12067.00,NA,2265.00,0
1777323414403,12160.00,12067.00,NA,2265.00,0
1777323414443,12270.00,12013.00,NA,2265.00,0
1777323414532,12390.00,11840.00,NA,2265.00,0
1777323414554,11900.00,11920.00,NA,2265.00,0
1777323414577,12370.00,11940.00,NA,2265.00,0
1777323414621,12030.00,11936.00,NA,2265.00,0
1777323414644,11980.00,11914.00,NA,2265.00,0
1777323414667,12100.00,11987.00,NA,2265.00,0
1777323414711,11840.00,11933.00,NA,2265.00,0
1777323414734,12210.00,11933.00,NA,2265.00,0
1777323414778,11840.00,11933.00,NA,2265.00,0
1777323414802,12080.00,11933.00,NA,2265.00,0
1777323414845,11930.00,11933.00,NA,2265.00,0
1777323414869,12200.00,11968.00,NA,2265.00,0
1777323414913,11850.00,11920.00,NA,2265.00,0
1777323414936,11910.00,11987.00,NA,2265.00,0
1777323414981,11960.00,11933.00,NA,2265.00,0
1777323415005,12140.00,11933.00,NA,2265.00,0
1777323415049,11860.00,11933.00,NA,2265.00,0
1777323415073,12520.00,11933.00,NA,2265.00,0
1777323415117,12290.00,11920.00,NA,2265.00,0
1777323415141,11730.00,11933.00,NA,2265.00,0
1777323415165,11870.00,12000.00,NA,2265.00,0
1777323415209,11800.00,11949.00,NA,2265.00,0
1777323415233,12020.00,11920.00,NA,2265.00,0
1777323415277,12130.00,11933.00,NA,2265.00,0
1777323415302,11970.00,11920.00,NA,2265.00,0
1777323415346,12060.00,11933.00,NA,2265.00,0
1777323415371,11690.00,11933.00,NA,2265.00,0
1777323415415,11990.00,11933.00,NA,2265.00,0
1777323415439,11900.00,11933.00,NA,2265.00,0
1777323415462,12030.00,12000.00,NA,2265.00,0
1777323415507,12110.00,11920.00,NA,2265.00,0
1777323415531,11930.00,12000.00,NA,2265.00,0
1777323415575,11930.00,11933.00,NA,2265.00,0
1777323415599,12390.00,11923.00,NA,2265.00,0
1777323415644,12190.00,11933.00,NA,2265.00,0
1777323415669,12080.00,11933.00,NA,2265.00,0
1777323415714,11970.00,11933.00,NA,2265.00,0
1777323415738,12100.00,11933.00,NA,2265.00,0
1777323415762,11920.00,12000.00,NA,2265.00,0
1777323415807,11770.00,11920.00,NA,2265.00,0
1777323415831,12100.00,12000.00,NA,2265.00,0
1777323415876,11910.00,11933.00,NA,2265.00,0
1777323415900,11810.00,11920.00,NA,2265.00,0
1777323415945,12430.00,11920.00,NA,2265.00,0
1777323415970,11910.00,11986.00,NA,2265.00,0
1777323415994,12010.00,11987.00,NA,2265.00,0
1777323416040,12200.00,11933.00,NA,2265.00,0
1777323416065,11870.00,11933.00,NA,2265.00,0
1777323416090,12120.00,12000.00,NA,2265.00,0
1777323416134,12010.00,11920.00,NA,2265.00,0
1777323416159,12090.00,11933.00,NA,2265.00,0
1777323416204,12310.00,11933.00,NA,2265.00,0
1777323416228,12320.00,11920.00,NA,2265.00,0
1777323416274,14220.00,11936.00,NA,4200.00,0
1777323416299,14430.00,11912.00,NA,4200.00,0
1777323416324,14100.00,11975.00,NA,4200.00,0
1777323416370,14060.00,11978.00,NA,4200.00,0
1777323416397,14030.00,11993.00,NA,4200.00,0
1777323416424,14070.00,12075.00,NA,4200.00,0
1777323416471,14420.00,12023.00,NA,4200.00,0
1777323416498,14380.00,11970.00,NA,4200.00,0
1777323416523,14290.00,12112.00,NA,4200.00,0
1777323416571,14210.00,12068.00,NA,4200.00,0
1777323416597,14360.00,12028.00,NA,4200.00,0
1777323416622,14220.00,12110.00,NA,4200.00,0
1777323416670,14060.00,12113.00,NA,4200.00,0
1777323416696,14230.00,12128.00,NA,4200.00,0
1777323416722,14320.00,12181.00,NA,4200.00,0
1777323416769,14570.00,12148.00,NA,4200.00,0
1777323416795,14510.00,12173.00,NA,4200.00,0
1777323416821,14250.00,12188.00,NA,4200.00,0
1777323416868,14150.00,12203.00,NA,4200.00,0
1777323416895,14200.00,12195.00,NA,4200.00,0
1777323416921,14280.00,12178.00,NA,4200.00,0
1777323416972,13940.00,12248.00,NA,4200.00,0
1777323416999,14390.00,12282.00,NA,4200.00,0
1777323417026,14060.00,12341.00,NA,4200.00,0
1777323417075,14520.00,12280.00,NA,4200.00,0
1777323417102,14260.00,12253.00,NA,4200.00,0
1777323417147,14100.00,12287.00,NA,4200.00,0
1777323417183,14280.00,12330.00,NA,4200.00,0
1777323417211,14010.00,12296.00,NA,4200.00,0
1777323417239,14280.00,12355.00,NA,4200.00,0
1777323417268,14360.00,12383.00,NA,4200.00,0
1777323417295,14430.00,12398.00,NA,4200.00,0
1777323417322,14010.00,12413.00,NA,4200.00,0
1777323417372,14220.00,12428.00,NA,4200.00,0
1777323417400,14380.00,12388.00,NA,4200.00,0
1777323417428,14420.00,12408.00,NA,4200.00,0
1777323417456,14130.00,12449.00,NA,4200.00,0
1777323417506,14130.00,12475.00,NA,4200.00,0
1777323417535,14330.00,12503.00,NA,4200.00,0
1777323417562,14300.00,12463.00,NA,4200.00,0
1777323417589,14010.00,12478.00,NA,4200.00,0
1777323417638,14090.00,12535.00,NA,4200.00,0
1777323417666,13910.00,12563.00,NA,4200.00,0
1777323417695,14270.00,12578.00,NA,4200.00,0
1777323417724,14540.00,12593.00,NA,4200.00,0
1777323417775,14140.00,12608.00,NA,4200.00,0
1777323417803,14370.00,12578.00,NA,4200.00,0
1777323417831,14000.00,12617.00,NA,4200.00,0
1777323417859,14170.00,12585.00,NA,4200.00,0
1777323417887,14130.00,12679.00,NA,4200.00,0
1777323417938,14210.00,12683.00,NA,4200.00,0
1777323417968,14340.00,12698.00,NA,4200.00,0
1777323417995,14460.00,12713.00,NA,4200.00,0
1777323418023,14520.00,12728.00,NA,4200.00,0
1777323418051,14200.00,12810.00,NA,4200.00,0
1777323418101,14530.00,12745.00,NA,4200.00,0
1777323418130,14100.00,12705.00,NA,4200.00,0
1777323418159,14270.00,12800.00,NA,4200.00,0
1777323418191,14430.00,12792.00,NA,4200.00,0
1777323418224,14370.00,12763.00,NA,4200.00,0
1777323418254,14320.00,12833.00,NA,4200.00,0
1777323418304,14520.00,12835.00,NA,4200.00,0
1777323418403,14900.00,12795.00,NA,4200.00,0
1777323418432,13890.00,12705.00,NA,4200.00,0
1777323418456,14440.00,12678.00,NA,4200.00,0
1777323418482,14050.00,12693.00,NA,4200.00,0
1777323418528,14220.00,12763.00,NA,4200.00,0
1777323418554,14080.00,12765.00,NA,4200.00,0
1777323418580,13800.00,12859.00,NA,4200.00,0
1777323418627,13960.00,12808.00,NA,4200.00,0
1777323418653,14100.00,12823.00,NA,4200.00,0
1777323418679,14710.00,12904.00,NA,4200.00,0
1777323418725,14300.00,12840.00,NA,4200.00,0
1777323418750,13920.00,12800.00,NA,4200.00,0
1777323418776,14280.00,12822.00,NA,4200.00,0
1777323418823,14390.00,12898.00,NA,4200.00,0
1777323418849,14290.00,12858.00,NA,4200.00,0
1777323418875,14180.00,12873.00,NA,4200.00,0
1777323418921,13960.00,12943.00,NA,4200.00,0
1777323418947,14180.00,12958.00,NA,4200.00,0
1777323418973,14380.00,12973.00,NA,4200.00,0
1777323419020,14520.00,12975.00,NA,4200.00,0
1777323419046,13960.00,13015.00,NA,4200.00,0
1777323419094,14050.00,13018.00,NA,4200.00,0
1777323419120,13940.00,13036.00,NA,4200.00,0
1777323419146,14340.00,12996.00,NA,4200.00,0
1777323419172,14150.00,12998.00,NA,4200.00,0
1777323419219,14350.00,13078.00,NA,4200.00,0
1777323419245,14300.00,13093.00,NA,4200.00,0
1777323419291,14400.00,13095.00,NA,4200.00,0
1777323419317,14220.00,13055.00,NA,4200.00,0
1777323419343,14400.00,13200.00,NA,4200.00,0
1777323419390,14370.00,13153.00,NA,4200.00,0
1777323419417,14170.00,13192.00,NA,4200.00,0
1777323419444,14220.00,13195.00,NA,4200.00,0
1777323419471,14310.00,13223.00,NA,4200.00,0
1777323419504,14350.00,13318.00,NA,4200.00,0
1777323419552,14140.00,13388.00,NA,4200.00,0
1777323419579,13820.00,13403.00,NA,4200.00,0
1777323419606,14200.00,13405.00,NA,4200.00,0
1777323419653,14250.00,13353.00,NA,4200.00,0
1777323419680,14220.00,13303.00,NA,4200.00,0
1777323419711,14270.00,13388.00,NA,4200.00,0
1777323419737,14180.00,13404.00,NA,4200.00,0
1777323419785,14370.00,13413.00,NA,4200.00,0
1777323419812,14360.00,13428.00,NA,4200.00,0
1777323419838,14210.00,13455.00,NA,4200.00,0
1777323419886,14040.00,13445.00,NA,4200.00,0
1777323419912,14480.00,13540.00,NA,4200.00,0
1777323419939,13980.00,13568.00,NA,4200.00,0
1777323419966,14150.00,13570.00,NA,4200.00,0
1777323420014,14350.00,13518.00,NA,4200.00,0
1777323420040,14130.00,13545.00,NA,4200.00,0
1777323420067,14250.00,13550.00,NA,4200.00,0
1777323420114,14260.00,13630.00,NA,4200.00,0
1777323420140,14410.00,13645.00,NA,4200.00,0
1777323420166,14340.00,13605.00,NA,4200.00,0
1777323420215,14350.00,13634.00,NA,4200.00,0
1777323420242,14420.00,13639.00,NA,4200.00,0
1777323420270,13980.00,13705.00,NA,4200.00,0
1777323420297,14540.00,13733.00,NA,4200.00,0
1777323420345,14540.00,13735.00,NA,4200.00,0
1777323420371,14370.00,13695.00,NA,4200.00,0
1777323420398,14220.00,13710.00,NA,4200.00,0
1777323420447,14350.00,13713.00,NA,4200.00,0
1777323420475,14330.00,13728.00,NA,4200.00,0
1777323420502,14240.00,13810.00,NA,4200.00,0
1777323420530,13870.00,13770.00,NA,4200.00,0
1777323420578,14100.00,13840.00,NA,4200.00,0
1777323420606,14110.00,13804.00,NA,4200.00,0
1777323420635,14310.00,13883.00,NA,4200.00,0
1777323420663,14550.00,13898.00,NA,4200.00,0
1777323420711,14110.00,13900.00,NA,4200.00,0
1777323420743,14210.00,13824.00,NA,4200.00,0
1777323420771,14220.00,13863.00,NA,4200.00,0
1777323420799,14120.00,13939.00,NA,4200.00,0
1777323420827,14310.00,13905.00,NA,4200.00,0
1777323420876,13990.00,13975.00,NA,4200.00,0
1777323420904,14260.00,14003.00,NA,4200.00,0
1777323420933,14220.00,14018.00,NA,4200.00,0
1777323420961,14090.00,14033.00,NA,4200.00,0
1777323421011,14100.00,13968.00,NA,4200.00,0
1777323421039,14460.00,13995.00,NA,4200.00,0
1777323421067,14160.00,14010.00,NA,4200.00,0
1777323421095,14520.00,13993.00,NA,4200.00,0
1777323421124,14290.00,14040.00,NA,4200.00,0
1777323421172,14110.00,14043.00,NA,4200.00,0
1777323421269,14380.00,13965.00,NA,4200.00,0
1777323421293,14150.00,13965.00,NA,4200.00,0
1777323421339,14290.00,13925.00,NA,4200.00,0
1777323421365,14060.00,13910.00,NA,4200.00,0
1777323421390,14170.00,13910.00,NA,4200.00,0
1777323421436,14130.00,13925.00,NA,4200.00,0
1777323421462,14080.00,13965.00,NA,4200.00,0
1777323421487,14070.00,13965.00,NA,4200.00,0
1777323421532,14030.00,13925.00,NA,4200.00,0
1777323421558,14060.00,13965.00,NA,4200.00,0
1777323421583,14320.00,14020.00,NA,4200.00,0
1777323421629,14200.00,13925.00,NA,4200.00,0
1777323421655,14040.00,13965.00,NA,4200.00,0
1777323421701,14090.00,13950.00,NA,4200.00,0
1777323421727,13980.00,13877.00,NA,4200.00,0
1777323421753,14290.00,13910.00,NA,4200.00,0
1777323421798,14420.00,13950.00,NA,4200.00,0
1777323421824,14320.00,13965.00,NA,4200.00,0
1777323421850,14160.00,13965.00,NA,4200.00,0
1777323421896,14170.00,14020.00,NA,4200.00,0
1777323421922,14150.00,14020.00,NA,4200.00,0
1777323421968,14340.00,13965.00,NA,4200.00,0
1777323421997,14590.00,13910.00,NA,4200.00,0
1777323422023,14380.00,13903.00,NA,4200.00,0
1777323422049,14290.00,13910.00,NA,4200.00,0
1777323422096,14150.00,14020.00,NA,4200.00,0
1777323422123,14030.00,14020.00,NA,4200.00,0
1777323422149,14430.00,14109.00,NA,4200.00,0
1777323422197,14310.00,14020.00,NA,4200.00,0
1777323422224,14140.00,14020.00,NA,4200.00,0
1777323422251,14190.00,14020.00,NA,4200.00,0
1777323422298,14190.00,13965.00,NA,4200.00,0
1777323422325,14230.00,13910.00,NA,4200.00,0
1777323422352,14410.00,13910.00,NA,4200.00,0
1777323422379,14780.00,13967.00,NA,4200.00,0
1777323422426,13980.00,14034.00,NA,4200.00,0
1777323422452,14090.00,13980.00,NA,4200.00,0
1777323422479,14300.00,13926.00,NA,4200.00,0
1777323422527,14720.00,14020.00,NA,4200.00,0
1777323422554,14400.00,14020.00,NA,4200.00,0
1777323422581,14150.00,14020.00,NA,4200.00,0
1777323422630,14220.00,13965.00,NA,4200.00,0
1777323422657,14430.00,13910.00,NA,4200.00,0
1777323422685,14260.00,13910.00,NA,4200.00,0
1777323422712,14300.00,13910.00,NA,4200.00,0
1777323422760,14360.00,13965.00,NA,4200.00,0
1777323422787,14320.00,14020.00,NA,4200.00,0
1777323422814,14280.00,14020.00,NA,4200.00,0
1777323422841,14130.00,13965.00,NA,4200.00,0
1777323422890,14250.00,13974.00,NA,4200.00,0
1777323422918,14300.00,13965.00,NA,4200.00,0
1777323422945,13910.00,14032.00,NA,4200.00,0
1777323422994,14110.00,13965.00,NA,4200.00,0
1777323423022,14140.00,13965.00,NA,4200.00,0
1777323423052,14650.00,13910.00,NA,4200.00,0
1777323423080,14360.00,13936.00,NA,4200.00,0
1777323423107,14320.00,13990.00,NA,4200.00,0
1777323423157,14270.00,14020.00,NA,4200.00,0
1777323423185,14130.00,14020.00,NA,4200.00,0
1777323423213,14210.00,14020.00,NA,4200.00,0
1777323423241,14210.00,14020.00,NA,4200.00,0
1777323423290,14210.00,13965.00,NA,4200.00,0
1777323423318,14230.00,13965.00,NA,4200.00,0
1777323423346,14060.00,14060.00,NA,4200.00,0
1777323423374,14350.00,14155.00,NA,4200.00,0
1777323423424,14520.00,14210.00,NA,4200.00,0
1777323423453,14280.00,14210.00,NA,4200.00,0
1777323423480,14260.00,14210.00,NA,4200.00,0
1777323423508,14010.00,14210.00,NA,4200.00,0
1777323423536,14070.00,14213.00,NA,4200.00,0
1777323423585,14380.00,14155.00,NA,4200.00,0
1777323423613,14090.00,14100.00,NA,4200.00,0
1777323423641,14250.00,14155.00,NA,4200.00,0
1777323423669,14040.00,14143.00,NA,4200.00,0
1777323423705,14240.00,14085.00,NA,4200.00,0
1777323423811,14330.00,13965.00,NA,4200.00,0
1777323423836,14200.00,14020.00,NA,4200.00,0
1777323423863,14030.00,14020.00,NA,4200.00,0
1777323423909,14300.00,13965.00,NA,4200.00,0
1777323423934,14070.00,13965.00,NA,4200.00,0
1777323423959,14400.00,14009.00,NA,4200.00,0
1777323424005,13910.00,13965.00,NA,4200.00,0
1777323424030,14500.00,13965.00,NA,4200.00,0
1777323424076,14080.00,13965.00,NA,4200.00,0
1777323424101,14420.00,14020.00,NA,4200.00,0
1777323424126,14370.00,13965.00,NA,4200.00,0
1777323424172,14240.00,14020.00,NA,4200.00,0
1777323424197,14160.00,14020.00,NA,4200.00,0
1777323424243,14260.00,13965.00,NA,4200.00,0
1777323424269,14100.00,13965.00,NA,4200.00,0
1777323424295,14160.00,13970.00,NA,4200.00,0
1777323424341,14330.00,13971.00,NA,4200.00,0
1777323424368,14330.00,13910.00,NA,4200.00,0
1777323424421,14000.00,13949.00,NA,4200.00,0
1777323424447,14550.00,13895.00,NA,4200.00,0
1777323424473,14440.00,14011.00,NA,4200.00,0
1777323424518,14370.00,13925.00,NA,4200.00,0
1777323424543,14140.00,13910.00,NA,4200.00,0
1777323424589,14210.00,13925.00,NA,4200.00,0
1777323424615,14260.00,13925.00,NA,4200.00,0
1777323424640,13970.00,13965.00,NA,4200.00,0
1777323424687,14350.00,14019.00,NA,4200.00,0
1777323424713,14360.00,14026.00,NA,4200.00,0
1777323424739,14090.00,14025.00,NA,4200.00,0
1777323424785,14480.00,13965.00,NA,4200.00,0
1777323424811,14450.00,13910.00,NA,4200.00,0
1777323424837,14250.00,13917.00,NA,4200.00,0
1777323424884,14550.00,13965.00,NA,4200.00,0
1777323424910,14270.00,13965.00,NA,4200.00,0
1777323424936,14160.00,13910.00,NA,4200.00,0
1777323424983,14120.00,13925.00,NA,4200.00,0
1777323425010,14170.00,13965.00,NA,4200.00,0
1777323425036,14260.00,14020.00,NA,4200.00,0
1777323425083,14020.00,13885.00,NA,4200.00,0
1777323425110,14280.00,13910.00,NA,4200.00,0
1777323425136,13820.00,13954.00,NA,4200.00,0
1777323425183,14310.00,13925.00,NA,4200.00,0
1777323425209,13970.00,13938.00,NA,4200.00,0
1777323425236,14230.00,13910.00,NA,4200.00,0
1777323425283,14530.00,13925.00,NA,4200.00,0
1777323425310,14460.00,13925.00,NA,4200.00,0
1777323425337,14300.00,13965.00,NA,4200.00,0
1777323425384,14150.00,13925.00,NA,4200.00,0
1777323425568,14370.00,13435.00,NA,4200.00,0
1777323425697,14180.00,13205.00,NA,4200.00,0
1777323425724,14280.00,13260.00,NA,4200.00,0
1777323425750,14420.00,13260.00,NA,4200.00,0
1777323425776,14500.00,13207.00,NA,4200.00,0
1777323425801,14070.00,13245.00,NA,4200.00,0
1777323425848,14340.00,13260.00,NA,4200.00,0
1777323425874,14360.00,13300.00,NA,4200.00,0
1777323425922,14380.00,13205.00,NA,4200.00,0
1777323425949,14350.00,13205.00,NA,4200.00,0
1777323425976,14190.00,13205.00,NA,4200.00,0
1777323426003,14000.00,13298.00,NA,4200.00,0
1777323426050,14220.00,13260.00,NA,4200.00,0
1777323426077,14170.00,13205.00,NA,4200.00,0
1777323426103,14350.00,13205.00,NA,4200.00,0
1777323426150,14170.00,13260.00,NA,4200.00,0
1777323426176,14140.00,13297.00,NA,4200.00,0
1777323426202,14360.00,13315.00,NA,4200.00,0
1777323426248,14150.00,13450.00,NA,4200.00,0
1777323426274,14170.00,13450.00,NA,4200.00,0
1777323426301,14340.00,13520.00,NA,4200.00,0
1777323426348,14130.00,13450.00,NA,4200.00,0
1777323426375,14140.00,13395.00,NA,4200.00,0
1777323426402,14130.00,13410.00,NA,4200.00,0
1777323426433,14240.00,13435.00,NA,4200.00,0
1777323426480,14340.00,13450.00,NA,4200.00,0
1777323426507,14070.00,13450.00,NA,4200.00,0
1777323426535,14070.00,13490.00,NA,4200.00,0
1777323426583,14010.00,13450.00,NA,4200.00,0
1777323426610,14170.00,13340.00,NA,4200.00,0
1777323426646,14380.00,13395.00,NA,4200.00,0
1777323426674,14350.00,13355.00,NA,4200.00,0
1777323426705,14450.00,13435.00,NA,4200.00,0
1777323426734,14190.00,13406.00,NA,4200.00,0
1777323426763,14250.00,13383.00,NA,4200.00,0
1777323426812,14340.00,13450.00,NA,4200.00,0
1777323426839,14040.00,13450.00,NA,4200.00,0
1777323426866,14230.00,13450.00,NA,4200.00,0
1777323426894,14450.00,13490.00,NA,4200.00,0
1777323426943,14380.00,13395.00,NA,4200.00,0
1777323426972,14410.00,13435.00,NA,4200.00,0
1777323427000,14180.00,13490.00,NA,4200.00,0
1777323427030,14080.00,13480.00,NA,4200.00,0
1777323427065,14200.00,13410.00,NA,4200.00,0
1777323427115,14180.00,13450.00,NA,4200.00,0
1777323427143,14090.00,13450.00,NA,4200.00,0
1777323427172,14660.00,13450.00,NA,4200.00,0
1777323427265,14200.00,13205.00,NA,4200.00,0
1777323427289,14470.00,13300.00,NA,4200.00,0
1777323427362,14090.00,13110.00,NA,4200.00,0
1777323427385,14370.00,13180.00,NA,4200.00,0
1777323427430,14460.00,13177.00,NA,4200.00,0
1777323427454,14270.00,13135.00,NA,4200.00,0
1777323427479,14210.00,13150.00,NA,4200.00,0
1777323427524,13880.00,13205.00,NA,4200.00,0
1777323427548,14390.00,13205.00,NA,4200.00,0
1777323427593,14070.00,13165.00,NA,4200.00,0
1777323427617,14390.00,13205.00,NA,4200.00,0
1777323427642,14220.00,13260.00,NA,4200.00,0
1777323427687,14090.00,13190.00,NA,4200.00,0
1777323427712,14150.00,13260.00,NA,4200.00,0
1777323427758,14170.00,13205.00,NA,4200.00,0
1777323427782,14080.00,13150.00,NA,4200.00,0
1777323427827,14220.00,13165.00,NA,4200.00,0
1777323427852,14200.00,13165.00,NA,4200.00,0
1777323427877,14220.00,13150.00,NA,4200.00,0
1777323427923,14630.00,13235.00,NA,4200.00,0
1777323427948,14330.00,13192.00,NA,4200.00,0
1777323427973,14400.00,13205.00,NA,4200.00,0
1777323428019,14230.00,13205.00,NA,4200.00,0
1777323428043,14110.00,13260.00,NA,4200.00,0
1777323428088,14470.00,13165.00,NA,4200.00,0
1777323428113,13980.00,13110.00,NA,4200.00,0
1777323428158,14180.00,13205.00,NA,4200.00,0
1777323428183,14310.00,13205.00,NA,4200.00,0
1777323428208,14130.00,13178.00,NA,4200.00,0
1777323428254,14170.00,13165.00,NA,4200.00,0
1777323428279,14380.00,13205.00,NA,4200.00,0
1777323428325,14330.00,13165.00,NA,4200.00,0
1777323428349,14450.00,13135.00,NA,4200.00,0
1777323428374,14280.00,13196.00,NA,4200.00,0
1777323428420,14000.00,13205.00,NA,4200.00,0
1777323428445,14160.00,13150.00,NA,4200.00,0
1777323428471,14340.00,13205.00,NA,4200.00,0
1777323428517,14510.00,13165.00,NA,4200.00,0
1777323428542,13880.00,13165.00,NA,4200.00,0
1777323428589,14110.00,13190.00,NA,4200.00,0
1777323428615,14550.00,13205.00,NA,4200.00,0
1777323428640,14240.00,13251.00,NA,4200.00,0
1777323428686,14350.00,13235.00,NA,4200.00,0
1777323428712,14280.00,13110.00,NA,4200.00,0
1777323428743,14650.00,13205.00,NA,4200.00,0
1777323428790,14080.00,13355.00,NA,4200.00,0
1777323428817,14460.00,13380.00,NA,4200.00,0
1777323428842,14470.00,13380.00,NA,4200.00,0
1777323428889,13790.00,13355.00,NA,4200.00,0
1777323428915,14530.00,13309.00,NA,4200.00,0
1777323428940,14580.00,13415.00,NA,4200.00,0
1777323428987,14100.00,13300.00,NA,4200.00,0
1777323429012,14360.00,13300.00,NA,4200.00,0
1777323429038,14240.00,13315.00,NA,4200.00,0
1777323429084,14480.00,13355.00,NA,4200.00,0
1777323429110,14160.00,13355.00,NA,4200.00,0
1777323429139,14270.00,13300.00,NA,4200.00,0
1777323429185,13730.00,13355.00,NA,4200.00,0
1777323429212,14440.00,13355.00,NA,4200.00,0
1777323429238,14230.00,13395.00,NA,4200.00,0
1777323429286,14030.00,13355.00,NA,4200.00,0
1777323429313,14460.00,13370.00,NA,4200.00,0
1777323429340,14330.00,13340.00,NA,4200.00,0
1777323429374,14210.00,13316.00,NA,4200.00,0
1777323429421,14380.00,13395.00,NA,4200.00,0
1777323429448,14000.00,13450.00,NA,4200.00,0
1777323429475,14280.00,13402.00,NA,4200.00,0
1777323429523,14430.00,13395.00,NA,4200.00,0
1777323429549,14250.00,13380.00,NA,4200.00,0
1777323429580,14690.00,13340.00,NA,4200.00,0
1777323429607,14170.00,13330.00,NA,4200.00,0
1777323429655,14140.00,13355.00,NA,4200.00,0
1777323429683,14040.00,13395.00,NA,4200.00,0
1777323429711,14180.00,13395.00,NA,4200.00,0
1777323429739,14430.00,13340.00,NA,4200.00,0
1777323429788,14320.00,13395.00,NA,4200.00,0
1777323429815,14310.00,13450.00,NA,4200.00,0
1777323429843,14360.00,13442.00,NA,4200.00,0
1777323429870,13990.00,13395.00,NA,4200.00,0
1777323429919,14190.00,13355.00,NA,4200.00,0
1777323429947,14260.00,13315.00,NA,4200.00,0
1777323429977,14200.00,13340.00,NA,4200.00,0
1777323430007,14080.00,13340.00,NA,4200.00,0
1777323430034,14140.00,13340.00,NA,4200.00,0
1777323430083,14200.00,13395.00,NA,4200.00,0
1777323430111,14250.00,13450.00,NA,4200.00,0
1777323430140,14400.00,13460.00,NA,4200.00,0
1777323430168,14100.00,13395.00,NA,4200.00,0
1777323430215,14240.00,13380.00,NA,4200.00,0
1777323430284,14500.00,13325.00,NA,4200.00,0
1777323430306,14090.00,13292.00,NA,4200.00,0
1777323430330,14130.00,13245.00,NA,4200.00,0
1777323430374,14210.00,13300.00,NA,4200.00,0
1777323430399,14470.00,13356.00,NA,4200.00,0
1777323430424,14160.00,13420.00,NA,4200.00,0
1777323430469,14240.00,13570.00,NA,4200.00,0
1777323430494,13830.00,13665.00,NA,4200.00,0
1777323430539,14270.00,13760.00,NA,4200.00,0
1777323430563,14470.00,13830.00,NA,4200.00,0
1777323430588,14470.00,13885.00,NA,4200.00,0
1777323430634,14400.00,13980.00,NA,4200.00,0
1777323430659,14210.00,14020.00,NA,4200.00,0
1777323430705,14490.00,14020.00,NA,4200.00,0
1777323430732,14160.00,14020.00,NA,4200.00,0
1777323430757,14470.00,14020.00,NA,4200.00,0
1777323430803,14330.00,14020.00,NA,4200.00,0
1777323430828,14070.00,14020.00,NA,4200.00,0
1777323430853,14120.00,14030.00,NA,4200.00,0
1777323430899,14210.00,14020.00,NA,4200.00,0
1777323430924,14140.00,14060.00,NA,4200.00,0
1777323430970,14160.00,14020.00,NA,4200.00,0
1777323430995,14000.00,13925.00,NA,4200.00,0
1777323431021,13700.00,13910.00,NA,4200.00,0
1777323431048,14090.00,13996.00,NA,4200.00,0
1777323431094,14480.00,14020.00,NA,4200.00,0
1777323431119,14800.00,14035.00,NA,4200.00,0
1777323431166,13970.00,14020.00,NA,4200.00,0
1777323431191,14190.00,14020.00,NA,4200.00,0
1777323431217,14570.00,14020.00,NA,4200.00,0
1777323431263,14240.00,13965.00,NA,4200.00,0
1777323431289,14110.00,13910.00,NA,4200.00,0
1777323431314,14130.00,14009.00,NA,4200.00,0
1777323431361,14390.00,14020.00,NA,4200.00,0
1777323431387,14010.00,13965.00,NA,4200.00,0
1777323431413,14680.00,13965.00,NA,4200.00,0
1777323431459,14190.00,14020.00,NA,4200.00,0
1777323431485,14080.00,14032.00,NA,4200.00,0
1777323431511,14250.00,14045.00,NA,4200.00,0
1777323431559,14300.00,13965.00,NA,4200.00,0
1777323431585,14420.00,14060.00,NA,4200.00,0
1777323431616,14120.00,14114.00,NA,4200.00,0
1777323431644,14010.00,14115.00,NA,4200.00,0
1777323431693,14070.00,14020.00,NA,4200.00,0
1777323431721,14130.00,14020.00,NA,4200.00,0
1777323431749,14320.00,13980.00,NA,4200.00,0
1777323431797,14210.00,14020.00,NA,4200.00,0
1777323431824,14380.00,14020.00,NA,4200.00,0
1777323431852,14060.00,14020.00,NA,4200.00,0
1777323431878,13900.00,14020.00,NA,4200.00,0
1777323431926,13820.00,13965.00,NA,4200.00,0
1777323431953,14170.00,13965.00,NA,4200.00,0
1777323431981,14420.00,13965.00,NA,4200.00,0
1777323432008,14160.00,13967.00,NA,4200.00,0
1777323432057,14380.00,14020.00,NA,4200.00,0
1777323432083,14300.00,14020.00,NA,4200.00,0
1777323432109,14150.00,14060.00,NA,4200.00,0
1777323432157,14180.00,14020.00,NA,4200.00,0
1777323432184,14400.00,14020.00,NA,4200.00,0
1777323432212,14180.00,14115.00,NA,4200.00,0
1777323432260,14360.00,14155.00,NA,4200.00,0
1777323432288,14450.00,14100.00,NA,4200.00,0
1777323432319,14330.00,14199.00,NA,4200.00,0
1777323432346,14490.00,14250.00,NA,4200.00,0
1777323432394,14280.00,14280.00,NA,4200.00,0
1777323432422,14250.00,14250.00,NA,4200.00,0
1777323432449,14580.00,14305.00,NA,4200.00,0
1777323432477,14210.00,14305.00,NA,4200.00,0
1777323432524,13980.00,14250.00,NA,4200.00,0
1777323432551,14210.00,14195.00,NA,4200.00,0
1777323432581,14180.00,14195.00,NA,4200.00,0
1777323432609,14220.00,14244.00,NA,4200.00,0
1777323432658,14230.00,14210.00,NA,4200.00,0
1777323432686,14580.00,14250.00,NA,4200.00,0
1777323432712,14200.00,14195.00,NA,4200.00,0
1777323432739,14700.00,14218.00,NA,4200.00,0
1777323432789,14430.00,14290.00,NA,4200.00,0
1777323432817,13950.00,14305.00,NA,4200.00,0
1777323432844,14710.00,14305.00,NA,4200.00,0
1777323432872,14350.00,14305.00,NA,4200.00,0
1777323432924,14110.00,14250.00,NA,4200.00,0
1777323432952,14490.00,14250.00,NA,4200.00,0
1777323433050,14070.00,14020.00,NA,4200.00,0
1777323433075,13910.00,14060.00,NA,4200.00,0
1777323433099,14140.00,14115.00,NA,4200.00,0
1777323433201,14280.00,13925.00,NA,4200.00,0
1777323433224,14520.00,13925.00,NA,4200.00,0
1777323433247,14130.00,13965.00,NA,4200.00,0
1777323433272,14400.00,13910.00,NA,4200.00,0
1777323433317,14080.00,13965.00,NA,4200.00,0
1777323433342,14270.00,14020.00,NA,4200.00,0
1777323433387,14150.00,13995.00,NA,4200.00,0
1777323433411,14010.00,13965.00,NA,4200.00,0
1777323433436,14370.00,14020.00,NA,4200.00,0
1777323433481,14030.00,13940.00,NA,4200.00,0
1777323433506,14180.00,13965.00,NA,4200.00,0
1777323433551,14400.00,13925.00,NA,4200.00,0
1777323433575,14190.00,13910.00,NA,4200.00,0
1777323433619,14210.00,13995.00,NA,4200.00,0
1777323433644,14190.00,13925.00,NA,4200.00,0
1777323433669,14000.00,13965.00,NA,4200.00,0
1777323433714,14030.00,14020.00,NA,4200.00,0
1777323433740,14310.00,14020.00,NA,4200.00,0
1777323433785,13910.00,13965.00,NA,4200.00,0
1777323433810,14070.00,13910.00,NA,4200.00,0
1777323433855,14030.00,13925.00,NA,4200.00,0
1777323433880,14300.00,13965.00,NA,4200.00,0
1777323433905,14100.00,13965.00,NA,4200.00,0
1777323433952,14170.00,13925.00,NA,4200.00,0
1777323433978,14200.00,13965.00,NA,4200.00,0
1777323434002,14040.00,14020.00,NA,4200.00,0
1777323434048,14030.00,13995.00,NA,4200.00,0
1777323434074,14310.00,13965.00,NA,4200.00,0
1777323434119,14270.00,13925.00,NA,4200.00,0
1777323434145,14010.00,13870.00,NA,4200.00,0
1777323434171,14190.00,13910.00,NA,4200.00,0
1777323434220,14380.00,13925.00,NA,4200.00,0
1777323434246,14050.00,13925.00,NA,4200.00,0
1777323434271,14220.00,13965.00,NA,4200.00,0
1777323434317,13920.00,13950.00,NA,4200.00,0
1777323434343,14400.00,14020.00,NA,4200.00,0
1777323434369,14480.00,14020.00,NA,4200.00,0
1777323434415,14340.00,13965.00,NA,4200.00,0
1777323434440,14040.00,13910.00,NA,4200.00,0
1777323434465,14150.00,13959.00,NA,4200.00,0
1777323434512,14360.00,13965.00,NA,4200.00,0
1777323434538,14250.00,13987.00,NA,4200.00,0
1777323434563,14040.00,13965.00,NA,4200.00,0
1777323434610,14190.00,14007.00,NA,4200.00,0
1777323434636,14420.00,13965.00,NA,4200.00,0
1777323434682,14230.00,13965.00,NA,4200.00,0
1777323434707,14350.00,13910.00,NA,4200.00,0
1777323434733,14010.00,14013.00,NA,4200.00,0
1777323434779,14160.00,13965.00,NA,4200.00,0
1777323434806,14260.00,13910.00,NA,4200.00,0
1777323434832,14270.00,13910.00,NA,4200.00,0
1777323434878,14100.00,13925.00,NA,4200.00,0
1777323434903,13990.00,13965.00,NA,4200.00,0
1777323434929,14420.00,13993.00,NA,4200.00,0
1777323434976,14260.00,14020.00,NA,4200.00,0
1777323435002,14150.00,14020.00,NA,4200.00,0
1777323435027,14530.00,14020.00,NA,4200.00,0
1777323435074,14180.00,13965.00,NA,4200.00,0
1777323435100,14230.00,13965.00,NA,4200.00,0
1777323435127,14310.00,13908.00,NA,4200.00,0
1777323435175,14250.00,13925.00,NA,4200.00,0
1777323435203,14600.00,13965.00,NA,4200.00,0
1777323435231,14320.00,13965.00,NA,4200.00,0
1777323435258,14360.00,14060.00,NA,4200.00,0
1777323435306,14330.00,14130.00,NA,4200.00,0
1777323435333,14440.00,14115.00,NA,4200.00,0
1777323435360,14250.00,14115.00,NA,4200.00,0
1777323435408,14280.00,14020.00,NA,4200.00,0
1777323435436,14490.00,13965.00,NA,4200.00,0
1777323435464,14050.00,14005.00,NA,4200.00,0
1777323435490,14230.00,14005.00,NA,4200.00,0
1777323435538,14190.00,14060.00,NA,4200.00,0
1777323435566,14390.00,14060.00,NA,4200.00,0
1777323435594,14240.00,14060.00,NA,4200.00,0
1777323435643,14220.00,14020.00,NA,4200.00,0
1777323435677,14350.00,13980.00,NA,4200.00,0
1777323435704,14100.00,14005.00,NA,4200.00,0
1777323435731,14610.00,14005.00,NA,4200.00,0
1777323435757,14260.00,13998.00,NA,4200.00,0
1777323435806,14530.00,14060.00,NA,4200.00,0
1777323435833,14500.00,14045.00,NA,4200.00,0
1777323435859,14260.00,13965.00,NA,4200.00,0
1777323435958,28570.00,13870.00,NA,8400.00,0
1777323435984,14300.00,14020.00,NA,4200.00,0
1777323436030,14060.00,13940.00,NA,4200.00,0
1777323436055,14100.00,13940.00,NA,4200.00,0
1777323436080,14030.00,13955.00,NA,4200.00,0
1777323436126,14210.00,13925.00,NA,4200.00,0
1777323436152,14520.00,13910.00,NA,4200.00,0
1777323436198,14410.00,13925.00,NA,4200.00,0
1777323436223,14410.00,13925.00,NA,4200.00,0
1777323436249,14280.00,13965.00,NA,4200.00,0
1777323436295,14300.00,13995.00,NA,4200.00,0
1777323436320,14320.00,13925.00,NA,4200.00,0
1777323436346,14330.00,13965.00,NA,4200.00,0
1777323436392,14140.00,13925.00,NA,4200.00,0
1777323436418,14490.00,13870.00,NA,4200.00,0
1777323436444,14300.00,14011.00,NA,4200.00,0
1777323436490,13970.00,13949.00,NA,4200.00,0
1777323436516,14250.00,13895.00,NA,4200.00,0
1777323436562,14240.00,13954.00,NA,4200.00,0
1777323436589,14370.00,13950.00,NA,4200.00,0
1777323436615,14250.00,13965.00,NA,4200.00,0
1777323436662,14130.00,13870.00,NA,4200.00,0
1777323436688,14470.00,13910.00,NA,4200.00,0
1777323436713,14230.00,14010.00,NA,4200.00,0
1777323436761,14110.00,13925.00,NA,4200.00,0
1777323436788,14370.00,13910.00,NA,4200.00,0
1777323436814,14250.00,13910.00,NA,4200.00,0
1777323436840,14390.00,13910.00,NA,4200.00,0
1777323436887,14230.00,13925.00,NA,4200.00,0
1777323436912,14340.00,13965.00,NA,4200.00,0
1777323436958,14530.00,13950.00,NA,4200.00,0
1777323436986,14130.00,14005.00,NA,4200.00,0
1777323437013,14540.00,14012.00,NA,4200.00,0
1777323437058,14300.00,13965.00,NA,4200.00,0
1777323437083,13980.00,13910.00,NA,4200.00,0
1777323437110,14380.00,13910.00,NA,4200.00,0
1777323437142,13940.00,13900.00,NA,4200.00,0
1777323437190,14310.00,13950.00,NA,4200.00,0
1777323437217,14220.00,13932.00,NA,4200.00,0
1777323437244,13970.00,13965.00,NA,4200.00,0
1777323437292,14250.00,14020.00,NA,4200.00,0
1777323437319,14530.00,13933.00,NA,4200.00,0
1777323437352,14230.00,13870.00,NA,4200.00,0
1777323437379,13930.00,13910.00,NA,4200.00,0
1777323437406,13860.00,14009.00,NA,4200.00,0
1777323437455,14070.00,13950.00,NA,4200.00,0
1777323437482,14130.00,13936.00,NA,4200.00,0
1777323437509,14060.00,13930.00,NA,4200.00,0
1777323437556,14500.00,14005.00,NA,4200.00,0
1777323437584,14550.00,14020.00,NA,4200.00,0
1777323437611,14510.00,14025.00,NA,4200.00,0
1777323437638,13630.00,13965.00,NA,4200.00,0
1777323437686,14130.00,13965.00,NA,4200.00,0
1777323437714,14330.00,13926.00,NA,4200.00,0
1777323437746,14140.00,13870.00,NA,4200.00,0
1777323437778,14320.00,13910.00,NA,4200.00,0
1777323437805,14610.00,13910.00,NA,4200.00,0
1777323437854,14330.00,13925.00,NA,4200.00,0
1777323437882,14490.00,13925.00,NA,4200.00,0
1777323437909,14460.00,13965.00,NA,4200.00,0
1777323437937,14150.00,14020.00,NA,4200.00,0
1777323437986,14320.00,14060.00,NA,4200.00,0
1777323438012,14340.00,14100.00,NA,4200.00,0
1777323438040,14010.00,14100.00,NA,4200.00,0
1777323438068,14360.00,14089.00,NA,4200.00,0
1777323438117,14320.00,14115.00,NA,4200.00,0
1777323438146,14020.00,14155.00,NA,4200.00,0
1777323438172,14220.00,14195.00,NA,4200.00,0
1777323438200,14350.00,14290.00,NA,4200.00,0
1777323438249,14440.00,14250.00,NA,4200.00,0
1777323438277,14140.00,14304.00,NA,4200.00,0
1777323438306,14190.00,14305.00,NA,4200.00,0
1777323438334,14190.00,14305.00,NA,4200.00,0
1777323438381,13950.00,14250.00,NA,4200.00,0
1777323438409,14330.00,14195.00,NA,4200.00,0
1777323438437,14370.00,14195.00,NA,4200.00,0
1777323438464,14350.00,14195.00,NA,4200.00,0
1777323438514,13970.00,14290.00,NA,4200.00,0
1777323438544,14190.00,14250.00,NA,4200.00,0
1777323438573,14410.00,14305.00,NA,4200.00,0
1777323438602,14300.00,14305.00,NA,4200.00,0
1777323438630,14030.00,14305.00,NA,4200.00,0
1777323438679,14570.00,14210.00,NA,4200.00,0
1777323438710,14360.00,14195.00,NA,4200.00,0
1777323438738,14290.00,14195.00,NA,4200.00,0
1777323438766,14450.00,14195.00,NA,4200.00,0
1777323438814,14180.00,14290.00,NA,4200.00,0
1777323438843,14390.00,14305.00,NA,4200.00,0
1777323438872,14260.00,14305.00,NA,4200.00,0
1777323438899,14010.00,14305.00,NA,4200.00,0
1777323438928,14170.00,14305.00,NA,4200.00,0
1777323438977,14370.00,14250.00,NA,4200.00,0
1777323439004,14070.00,14195.00,NA,4200.00,0
1777323439039,14200.00,14195.00,NA,4200.00,0
1777323439067,14150.00,14195.00,NA,4200.00,0
1777323439095,14310.00,14195.00,NA,4200.00,0
1777323439146,13850.00,14305.00,NA,4200.00,0
1777323439175,14060.00,14305.00,NA,4200.00,0
1777323439204,14280.00,14305.00,NA,4200.00,0
1777323439233,14300.00,14305.00,NA,4200.00,0
1777323439262,14280.00,14305.00,NA,4200.00,0
1777323439290,14220.00,14305.00,NA,4200.00,0
1777323439339,14350.00,14250.00,NA,4200.00,0
1777323439369,14310.00,14195.00,NA,4200.00,0
1777323439399,14230.00,14195.00,NA,4200.00,0
1777323439429,14310.00,14250.00,NA,4200.00,0
1777323439462,14310.00,14293.00,NA,4200.00,0
1777323439492,14490.00,14210.00,NA,4200.00,0
1777323439543,14610.00,14250.00,NA,4200.00,0
1777323439574,14380.00,14203.00,NA,4200.00,0
1777323439604,14600.00,14250.00,NA,4200.00,0
1777323439633,14400.00,14195.00,NA,4200.00,0
1777323439675,13850.00,14250.00,NA,4200.00,0
1777323439706,14680.00,14305.00,NA,4200.00,0
1777323439738,14420.00,14256.00,NA,4200.00,0
1777323439769,14480.00,14250.00,NA,4200.00,0
1777323439800,14260.00,14305.00,NA,4200.00,0
1777323439831,13780.00,14305.00,NA,4200.00,0
1777323439863,14400.00,14250.00,NA,4200.00,0
1777323439893,14200.00,14305.00,NA,4200.00,0
1777323439923,14430.00,14305.00,NA,4200.00,0
1777323439954,14270.00,14305.00,NA,4200.00,0
1777323440005,14140.00,14250.00,NA,4200.00,0
1777323440036,14250.00,14235.00,NA,4200.00,0
1777323440067,14230.00,14195.00,NA,4200.00,0
1777323440097,14140.00,14305.00,NA,4200.00,0
1777323440129,14130.00,14320.00,NA,4200.00,0
1777323440160,14390.00,14250.00,NA,4200.00,0
1777323440191,14240.00,14305.00,NA,4200.00,0
1777323440222,14090.00,14305.00,NA,4200.00,0
1777323440253,14350.00,14305.00,NA,4200.00,0
1777323440306,14180.00,14250.00,NA,4200.00,0
1777323440337,14220.00,14250.00,NA,4200.00,0
1777323440368,14530.00,14250.00,NA,4200.00,0
1777323440399,13790.00,14250.00,NA,4200.00,0
1777323440430,14300.00,14305.00,NA,4200.00,0
1777323440462,14020.00,14305.00,NA,4200.00,0
1777323440492,14310.00,14275.00,NA,4200.00,0
1777323440522,14340.00,14305.00,NA,4200.00,0
1777323440553,14220.00,14305.00,NA,4200.00,0
1777323440585,14390.00,14305.00,NA,4200.00,0
1777323440616,14200.00,14305.00,NA,4200.00,0
1777323440668,14090.00,14305.00,NA,4200.00,0
1777323440697,14200.00,14250.00,NA,4200.00,0
1777323440728,14160.00,14305.00,NA,4200.00,0
1777323440759,14360.00,14320.00,NA,4200.00,0
1777323440791,14290.00,14250.00,NA,4200.00,0
1777323440822,14440.00,14305.00,NA,4200.00,0
1777323440854,13750.00,14305.00,NA,4200.00,0
1777323440893,14020.00,14305.00,NA,4200.00,0
1777323440935,14360.00,14400.00,NA,4200.00,0
1777323440966,14270.00,14425.00,NA,4200.00,0
1777323440999,14280.00,14305.00,NA,4200.00,0
1777323441030,14450.00,14290.00,NA,4200.00,0
1777323441062,14380.00,14400.00,NA,4200.00,0
1777323441094,14080.00,14305.00,NA,4200.00,0
1777323441126,14140.00,14290.00,NA,4200.00,0
1777323441157,14170.00,14400.00,NA,4200.00,0
1777323441189,14260.00,14400.00,NA,4200.00,0
1777323441220,14140.00,14400.00,NA,4200.00,0
1777323441251,14210.00,14345.00,NA,4200.00,0
1777323441283,14060.00,14335.00,NA,4200.00,0
1777323441315,14150.00,14290.00,NA,4200.00,0
1777323441357,14210.00,14310.00,NA,4200.00,0
1777323441390,14200.00,14345.00,NA,4200.00,0
1777323441423,13960.00,14400.00,NA,4200.00,0
1777323441454,14130.00,14334.00,NA,4200.00,0
1777323441487,14320.00,14345.00,NA,4200.00,0
1777323441520,14320.00,14400.00,NA,4200.00,0
1777323441559,14400.00,14290.00,NA,4200.00,0
1777323441591,14240.00,14290.00,NA,4200.00,0
1777323441623,14510.00,14290.00,NA,4200.00,0
1777323441655,14000.00,14290.00,NA,4200.00,0
1777323441686,14220.00,14400.00,NA,4200.00,0
1777323441720,14200.00,14356.00,NA,4200.00,0
1777323441754,14330.00,14290.00,NA,4200.00,0
1777323441785,14480.00,14400.00,NA,4200.00,0
1777323441816,14290.00,14400.00,NA,4200.00,0
1777323441847,14580.00,14400.00,NA,4200.00,0
1777323441878,14490.00,14400.00,NA,4200.00,0
1777323441909,14580.00,14400.00,NA,4200.00,0
1777323441941,14110.00,14345.00,NA,4200.00,0
1777323441980,14340.00,14290.00,NA,4200.00,0
1777323442010,14550.00,14290.00,NA,4200.00,0
1777323442043,14170.00,14290.00,NA,4200.00,0
1777323442095,14590.00,14375.00,NA,4200.00,0
1777323442127,14160.00,14320.00,NA,4200.00,0
1777323442162,14000.00,14250.00,NA,4200.00,0
1777323442197,14750.00,14345.00,NA,4200.00,0
1777323442229,14280.00,14305.00,NA,4200.00,0
1777323442261,14440.00,14305.00,NA,4200.00,0
1777323442293,14020.00,14345.00,NA,4200.00,0
1777323442325,14260.00,14400.00,NA,4200.00,0
1777323442357,13980.00,14400.00,NA,4200.00,0
1777323442390,14430.00,14385.00,NA,4200.00,0
1777323442421,14450.00,14250.00,NA,4200.00,0
1777323442453,14230.00,14290.00,NA,4200.00,0
1777323442486,14550.00,14290.00,NA,4200.00,0
1777323442518,14060.00,14292.00,NA,4200.00,0
1777323442549,14290.00,14290.00,NA,4200.00,0
1777323442584,14270.00,14290.00,NA,4200.00,0
1777323442620,14190.00,14330.00,NA,4200.00,0
1777323442653,14100.00,14305.00,NA,4200.00,0
1777323442686,14280.00,14345.00,NA,4200.00,0
1777323442716,14330.00,14400.00,NA,4200.00,0
1777323442747,14060.00,14400.00,NA,4200.00,0
1777323442778,14170.00,14400.00,NA,4200.00,0
1777323442809,14290.00,14400.00,NA,4200.00,0
1777323442840,14380.00,14345.00,NA,4200.00,0
1777323442871,14270.00,14334.00,NA,4200.00,0
1777323442905,14240.00,14275.00,NA,4200.00,0
1777323442938,14540.00,14275.00,NA,4200.00,0
1777323442970,14390.00,14345.00,NA,4200.00,0
1777323443008,14300.00,14345.00,NA,4200.00,0
1777323443050,14390.00,14399.00,NA,4200.00,0
1777323443081,14290.00,14320.00,NA,4200.00,0
1777323443113,14280.00,14290.00,NA,4200.00,0
1777323443145,14040.00,14290.00,NA,4200.00,0
1777323443177,14000.00,14309.00,NA,4200.00,0
1777323443213,14050.00,14250.00,NA,4200.00,0
1777323443250,14220.00,14345.00,NA,4200.00,0
1777323443281,14440.00,14345.00,NA,4200.00,0
1777323443313,14160.00,14345.00,NA,4200.00,0
1777323443346,14270.00,14311.00,NA,4200.00,0
1777323443378,14350.00,14345.00,NA,4200.00,0
1777323443410,14450.00,14400.00,NA,4200.00,0
1777323443458,14250.00,14305.00,NA,4200.00,0
1777323443490,14220.00,14305.00,NA,4200.00,0
1777323443522,14120.00,14345.00,NA,4200.00,0
1777323443555,13880.00,14332.00,NA,4200.00,0
1777323443587,14040.00,14305.00,NA,4200.00,0
1777323443620,14210.00,14305.00,NA,4200.00,0
1777323443660,14540.00,14195.00,NA,4200.00,0
1777323443692,14530.00,14257.00,NA,4200.00,0
1777323443725,14150.00,14250.00,NA,4200.00,0
1777323443757,14200.00,14250.00,NA,4200.00,0
1777323443790,14520.00,14305.00,NA,4200.00,0
1777323443822,14520.00,14345.00,NA,4200.00,0
1777323443851,14300.00,14330.00,NA,4200.00,0
1777323443882,13940.00,14307.00,NA,4200.00,0
1777323443914,13950.00,14305.00,NA,4200.00,0
1777323443946,14470.00,14305.00,NA,4200.00,0
1777323443980,14370.00,14345.00,NA,4200.00,0
1777323444013,14360.00,14345.00,NA,4200.00,0
1777323444044,14290.00,14310.00,NA,4200.00,0
1777323444089,14470.00,14305.00,NA,4200.00,0
1777323444121,14100.00,14305.00,NA,4200.00,0
1777323444154,14260.00,14345.00,NA,4200.00,0
1777323444186,14110.00,14330.00,NA,4200.00,0
1777323444218,13960.00,14305.00,NA,4200.00,0
1777323444250,14280.00,14305.00,NA,4200.00,0
1777323444290,14450.00,14195.00,NA,4200.00,0
1777323444321,14390.00,14195.00,NA,4200.00,0
1777323444353,14190.00,14250.00,NA,4200.00,0
1777323444385,14170.00,14250.00,NA,4200.00,0
1777323444417,14170.00,14305.00,NA,4200.00,0
1777323444449,14100.00,14305.00,NA,4200.00,0
1777323444478,14200.00,14250.00,NA,4200.00,0
1777323444509,14170.00,14305.00,NA,4200.00,0
1777323444541,14120.00,14345.00,NA,4200.00,0
1777323444572,14350.00,14400.00,NA,4200.00,0
1777323444605,14200.00,14400.00,NA,4200.00,0
1777323444636,14230.00,14400.00,NA,4200.00,0
1777323444667,13990.00,14400.00,NA,4200.00,0
1777323444698,14380.00,14400.00,NA,4200.00,0
1777323444729,14200.00,14400.00,NA,4200.00,0
1777323444759,14270.00,14345.00,NA,4200.00,0
1777323444790,14440.00,14334.00,NA,4200.00,0
1777323444822,14380.00,14330.00,NA,4200.00,0
1777323444875,14170.00,14305.00,NA,4200.00,0
1777323444907,14370.00,14286.00,NA,4200.00,0
1777323444939,14090.00,14305.00,NA,4200.00,0
1777323444970,14010.00,14250.00,NA,4200.00,0
1777323445000,14540.00,14290.00,NA,4200.00,0
1777323445031,13940.00,14345.00,NA,4200.00,0
1777323445062,14180.00,14335.00,NA,4200.00,0
1777323445093,14120.00,14285.00,NA,4200.00,0
1777323445134,14250.00,14322.00,NA,4200.00,0
1777323445166,14140.00,14345.00,NA,4200.00,0
1777323445197,13900.00,14345.00,NA,4200.00,0
1777323445229,14120.00,14290.00,NA,4200.00,0
1777323445260,14140.00,14345.00,NA,4200.00,0
1777323445291,14200.00,14345.00,NA,4200.00,0
1777323445324,14170.00,14345.00,NA,4200.00,0
1777323445355,14270.00,14400.00,NA,4200.00,0
1777323445387,14120.00,14400.00,NA,4200.00,0
1777323445419,14120.00,14400.00,NA,4200.00,0
1777323445471,14180.00,14336.00,NA,4200.00,0
1777323445505,14350.00,14309.00,NA,4200.00,0
1777323445537,14480.00,14248.00,NA,4200.00,0
1777323445570,14260.00,14305.00,NA,4200.00,0
1777323445602,14440.00,14250.00,NA,4200.00,0
1777323445635,14340.00,14195.00,NA,4200.00,0
1777323445667,14360.00,14290.00,NA,4200.00,0
1777323445700,14170.00,14345.00,NA,4200.00,0
1777323445734,14200.00,14281.00,NA,4200.00,0
1777323445770,14270.00,14311.00,NA,4200.00,0
1777323445802,14260.00,14307.00,NA,4200.00,0
1777323445833,14180.00,14310.00,NA,4200.00,0
1777323445863,14260.00,14330.00,NA,4200.00,0
1777323445894,14420.00,14345.00,NA,4200.00,0
1777323445925,14230.00,14400.00,NA,4200.00,0
1777323445957,14670.00,14378.00,NA,4200.00,0
1777323445990,14360.00,14400.00,NA,4200.00,0
1777323446022,14450.00,14345.00,NA,4200.00,0
1777323446054,14170.00,14345.00,NA,4200.00,0
1777323446085,14430.00,14278.00,NA,4200.00,0
1777323446117,14370.00,14345.00,NA,4200.00,0
1777323446158,14580.00,14290.00,NA,4200.00,0
1777323446200,14400.00,14313.00,NA,4200.00,0
1777323446233,14220.00,14250.00,NA,4200.00,0
1777323446264,14370.00,14265.00,NA,4200.00,0
1777323446295,14310.00,14312.00,NA,4200.00,0
1777323446327,14270.00,14344.00,NA,4200.00,0
1777323446363,14100.00,14290.00,NA,4200.00,0
1777323446399,14240.00,14330.00,NA,4200.00,0
1777323446431,14400.00,14336.00,NA,4200.00,0
1777323446463,14170.00,14330.00,NA,4200.00,0
1777323446495,14110.00,14345.00,NA,4200.00,0
1777323446526,14190.00,14345.00,NA,4200.00,0
1777323446558,14080.00,14400.00,NA,4200.00,0
1777323446587,14060.00,14400.00,NA,4200.00,0
1777323446617,13940.00,14400.00,NA,4200.00,0
1777323446648,13920.00,14400.00,NA,4200.00,0
1777323446679,14240.00,14400.00,NA,4200.00,0
1777323446711,14210.00,14400.00,NA,4200.00,0
1777323446742,14200.00,14345.00,NA,4200.00,0
1777323446794,14280.00,14254.00,NA,4200.00,0
1777323446825,14210.00,14319.00,NA,4200.00,0
1777323446855,14130.00,14330.00,NA,4200.00,0
1777323446886,14420.00,14345.00,NA,4200.00,0
1777323446916,14120.00,14345.00,NA,4200.00,0
1777323446947,14290.00,14400.00,NA,4200.00,0
1777323446978,14140.00,14400.00,NA,4200.00,0
1777323447006,14210.00,14400.00,NA,4200.00,0
1777323447058,14270.00,14305.00,NA,4200.00,0
1777323447089,14380.00,14345.00,NA,4200.00,0
1777323447119,13860.00,14400.00,NA,4200.00,0
1777323447151,14000.00,14400.00,NA,4200.00,0
1777323447182,14000.00,14400.00,NA,4200.00,0
1777323447210,14450.00,14400.00,NA,4200.00,0
1777323447239,14420.00,14400.00,NA,4200.00,0
1777323447291,14500.00,14345.00,NA,4200.00,0
1777323447322,14050.00,14290.00,NA,4200.00,0
1777323447353,14150.00,14333.00,NA,4200.00,0
1777323447385,14120.00,14413.00,NA,4200.00,0
1777323447416,14400.00,14345.00,NA,4200.00,0
1777323447453,14230.00,14400.00,NA,4200.00,0
1777323447483,14390.00,14400.00,NA,4200.00,0
1777323447513,14050.00,14400.00,NA,4200.00,0
1777323447543,14500.00,14400.00,NA,4200.00,0
1777323447573,14190.00,14400.00,NA,4200.00,0
1777323447622,14390.00,14345.00,NA,4200.00,0
1777323447656,14140.00,14345.00,NA,4200.00,0
1777323447686,14580.00,14345.00,NA,4200.00,0
1777323447716,13980.00,14345.00,NA,4200.00,0
1777323447851,14200.00,14035.00,NA,4200.00,0
1777323447963,14290.00,13830.00,NA,4200.00,0
1777323447988,14350.00,13830.00,NA,4200.00,0
1777323448012,14270.00,13924.00,NA,4200.00,0
1777323448057,14550.00,13830.00,NA,4200.00,0
1777323448081,14160.00,13925.00,NA,4200.00,0
1777323448126,14610.00,13830.00,NA,4200.00,0
1777323448150,14310.00,13775.00,NA,4200.00,0
1777323448195,14420.00,13830.00,NA,4200.00,0
1777323448220,14520.00,13855.00,NA,4200.00,0
1777323448244,14130.00,13815.00,NA,4200.00,0
1777323448289,14710.00,13830.00,NA,4200.00,0
1777323448314,14360.00,13870.00,NA,4200.00,0
1777323448359,14140.00,13775.00,NA,4200.00,0
1777323448383,14140.00,13837.00,NA,4200.00,0
1777323448408,14270.00,13870.00,NA,4200.00,0
1777323448453,14680.00,13870.00,NA,4200.00,0
1777323448478,14240.00,13815.00,NA,4200.00,0
1777323448524,14280.00,13868.00,NA,4200.00,0
1777323448549,14370.00,13870.00,NA,4200.00,0
1777323448574,14570.00,13815.00,NA,4200.00,0
1777323448620,14140.00,13870.00,NA,4200.00,0
1777323448645,14100.00,13925.00,NA,4200.00,0
1777323448691,14210.00,13886.00,NA,4200.00,0
1777323448716,14160.00,13870.00,NA,4200.00,0
1777323448741,14290.00,13919.00,NA,4200.00,0
1777323448786,14030.00,13870.00,NA,4200.00,0
1777323448811,14390.00,13815.00,NA,4200.00,0
1777323448857,14200.00,13830.00,NA,4200.00,0
1777323448882,14470.00,13870.00,NA,4200.00,0
1777323448908,14380.00,13867.00,NA,4200.00,0
1777323448954,14260.00,13830.00,NA,4200.00,0
1777323448979,14340.00,13870.00,NA,4200.00,0
1777323449005,14300.00,13925.00,NA,4200.00,0
1777323449051,14350.00,13924.00,NA,4200.00,0
1777323449076,14190.00,13870.00,NA,4200.00,0
1777323449122,13960.00,13870.00,NA,4200.00,0
1777323449148,14210.00,13839.00,NA,4200.00,0
1777323449174,14170.00,13870.00,NA,4200.00,0
1777323449220,14370.00,13869.00,NA,4200.00,0
1777323449246,14030.00,13870.00,NA,4200.00,0
1777323449272,14490.00,13925.00,NA,4200.00,0
1777323449318,14300.00,13925.00,NA,4200.00,0
1777323449345,14270.00,13925.00,NA,4200.00,0
1777323449371,14120.00,13925.00,NA,4200.00,0
1777323449417,14360.00,13870.00,NA,4200.00,0
1777323449443,14260.00,13815.00,NA,4200.00,0
1777323449468,14120.00,13870.00,NA,4200.00,0
1777323449514,14120.00,13855.00,NA,4200.00,0
1777323449539,14260.00,13870.00,NA,4200.00,0
1777323449585,14260.00,13830.00,NA,4200.00,0
1777323449611,14620.00,13830.00,NA,4200.00,0
1777323449636,14460.00,13870.00,NA,4200.00,0
1777323449683,14050.00,13844.00,NA,4200.00,0
1777323449708,14290.00,13775.00,NA,4200.00,0
1777323449733,14300.00,13830.00,NA,4200.00,0
1777323449779,14260.00,13845.00,NA,4200.00,0
1777323449805,14140.00,13790.00,NA,4200.00,0
1777323449852,14360.00,13830.00,NA,4200.00,0
1777323449878,14440.00,13870.00,NA,4200.00,0
1777323449904,14110.00,13870.00,NA,4200.00,0
1777323449929,14200.00,13815.00,NA,4200.00,0
1777323449975,14520.00,13897.00,NA,4200.00,0
1777323450001,14500.00,13925.00,NA,4200.00,0
1777323450047,14200.00,13845.00,NA,4200.00,0
1777323450073,14220.00,13780.00,NA,4200.00,0
1777323450100,14190.00,13874.00,NA,4200.00,0
1777323450146,14430.00,13830.00,NA,4200.00,0
1777323450171,14380.00,13833.00,NA,4200.00,0
1777323450198,14410.00,13815.00,NA,4200.00,0
1777323450244,13900.00,13830.00,NA,4200.00,0
1777323450270,14470.00,13830.00,NA,4200.00,0
1777323450297,14470.00,13843.00,NA,4200.00,0
1777323450346,14120.00,13775.00,NA,4200.00,0
1777323450375,14130.00,13720.00,NA,4200.00,0
1777323450401,14240.00,13720.00,NA,4200.00,0
1777323450428,14290.00,13768.00,NA,4200.00,0
1777323450475,13890.00,13870.00,NA,4200.00,0
1777323450502,14330.00,13870.00,NA,4200.00,0
1777323450529,13910.00,13920.00,NA,4200.00,0
1777323450576,13950.00,13838.00,NA,4200.00,0
1777323450603,14220.00,13925.00,NA,4200.00,0
1777323450630,14500.00,13925.00,NA,4200.00,0
1777323450657,14220.00,13925.00,NA,4200.00,0
1777323450705,14500.00,13903.00,NA,4200.00,0
1777323450732,14430.00,13870.00,NA,4200.00,0
1777323450759,14420.00,13815.00,NA,4200.00,0
1777323450807,14210.00,13870.00,NA,4200.00,0
1777323450835,14390.00,13870.00,NA,4200.00,0
1777323450862,14130.00,13870.00,NA,4200.00,0
1777323450911,14190.00,13775.00,NA,4200.00,0
1777323450939,14220.00,13775.00,NA,4200.00,0
1777323450966,14510.00,13820.00,NA,4200.00,0
1777323451016,14290.00,13830.00,NA,4200.00,0
1777323451044,14480.00,13830.00,NA,4200.00,0
1777323451071,14230.00,13845.00,NA,4200.00,0
1777323451099,13960.00,13775.00,NA,4200.00,0
1777323451127,14510.00,13775.00,NA,4200.00,0
1777323451175,14150.00,13842.00,NA,4200.00,0
1777323451203,14440.00,13870.00,NA,4200.00,0
1777323451230,14160.00,13925.00,NA,4200.00,0
1777323451257,14250.00,13925.00,NA,4200.00,0
1777323451306,14400.00,13830.00,NA,4200.00,0
1777323451333,14220.00,13800.00,NA,4200.00,0
1777323451362,14260.00,13870.00,NA,4200.00,0
1777323451390,14340.00,13815.00,NA,4200.00,0
1777323451424,14320.00,13806.00,NA,4200.00,0
1777323451473,14090.00,13830.00,NA,4200.00,0
1777323451501,14180.00,13855.00,NA,4200.00,0
1777323451529,14360.00,13870.00,NA,4200.00,0
1777323451558,14400.00,13870.00,NA,4200.00,0
1777323451609,14290.00,13775.00,NA,4200.00,0
1777323451641,14210.00,13767.00,NA,4200.00,0
1777323451670,14190.00,13727.00,NA,4200.00,0
1777323451699,14300.00,13720.00,NA,4200.00,0
1777323451728,14620.00,13775.00,NA,4200.00,0
1777323451756,14270.00,13775.00,NA,4200.00,0
1777323451784,14230.00,13870.00,NA,4200.00,0
1777323451832,13940.00,13842.00,NA,4200.00,0
1777323451860,14030.00,13870.00,NA,4200.00,0
1777323451889,14340.00,13870.00,NA,4200.00,0
1777323451938,14440.00,13775.00,NA,4200.00,0
1777323451967,14030.00,13720.00,NA,4200.00,0
1777323451996,14080.00,13789.00,NA,4200.00,0
1777323452025,14160.00,13720.00,NA,4200.00,0
1777323452062,14360.00,13868.00,NA,4200.00,0
1777323452091,14320.00,13858.00,NA,4200.00,0
1777323452120,14110.00,13815.00,NA,4200.00,0
1777323452170,14550.00,13775.00,NA,4200.00,0
1777323452199,14180.00,13775.00,NA,4200.00,0
1777323452228,14050.00,13775.00,NA,4200.00,0
1777323452257,14140.00,13824.00,NA,4200.00,0
1777323452287,13790.00,13870.00,NA,4200.00,0
1777323452317,14210.00,13925.00,NA,4200.00,0
1777323452368,14400.00,13830.00,NA,4200.00,0
1777323452399,14150.00,13830.00,NA,4200.00,0
1777323452430,14480.00,13855.00,NA,4200.00,0
1777323452458,14270.00,13815.00,NA,4200.00,0
1777323452488,14080.00,13870.00,NA,4200.00,0
1777323452518,14490.00,13870.00,NA,4200.00,0
1777323452549,14280.00,13870.00,NA,4200.00,0
1777323452601,14140.00,13775.00,NA,4200.00,0
1777323452632,14020.00,13814.00,NA,4200.00,0
1777323452663,14430.00,13800.00,NA,4200.00,0
1777323452698,14020.00,13830.00,NA,4200.00,0
1777323452729,13910.00,13830.00,NA,4200.00,0
1777323452761,14180.00,13925.00,NA,4200.00,0
1777323452794,14400.00,14020.00,NA,4200.00,0
1777323452823,14370.00,14115.00,NA,4200.00,0
1777323452853,14200.00,14155.00,NA,4200.00,0
1777323452885,14140.00,14155.00,NA,4200.00,0
1777323452917,14360.00,14305.00,NA,4200.00,0
1777323452950,14420.00,14400.00,NA,4200.00,0
1777323453002,14300.00,14305.00,NA,4200.00,0
1777323453034,13900.00,14305.00,NA,4200.00,0
1777323453064,14400.00,14345.00,NA,4200.00,0
1777323453094,14080.00,14250.00,NA,4200.00,0
1777323453125,14210.00,14345.00,NA,4200.00,0
1777323453156,14410.00,14400.00,NA,4200.00,0
1777323453186,14210.00,14400.00,NA,4200.00,0
1777323453217,14220.00,14400.00,NA,4200.00,0
1777323453248,13830.00,14400.00,NA,4200.00,0
1777323453299,14300.00,14305.00,NA,4200.00,0
1777323453330,14070.00,14305.00,NA,4200.00,0
1777323453362,13910.00,14345.00,NA,4200.00,0
1777323453392,14130.00,14317.00,NA,4200.00,0
1777323453422,14210.00,14305.00,NA,4200.00,0
1777323453453,14530.00,14345.00,NA,4200.00,0
1777323453483,14140.00,14400.00,NA,4200.00,0
1777323453515,14330.00,14290.00,NA,4200.00,0
1777323453546,14160.00,14400.00,NA,4200.00,0
1777323453576,14370.00,14400.00,NA,4200.00,0
1777323453628,14220.00,14330.00,NA,4200.00,0
1777323453659,14210.00,14305.00,NA,4200.00,0
1777323453690,14180.00,14345.00,NA,4200.00,0
1777323453718,14200.00,14345.00,NA,4200.00,0
1777323453748,14160.00,14330.00,NA,4200.00,0
1777323453778,14440.00,14345.00,NA,4200.00,0
1777323453808,14710.00,14400.00,NA,4200.00,0
1777323453860,14350.00,14345.00,NA,4200.00,0
1777323453892,14300.00,14275.00,NA,4200.00,0
1777323453921,14610.00,14250.00,NA,4200.00,0
1777323453954,14290.00,14345.00,NA,4200.00,0
1777323453984,14280.00,14345.00,NA,4200.00,0
1777323454015,14410.00,14310.00,NA,4200.00,0
1777323454045,14230.00,14345.00,NA,4200.00,0
1777323454075,14360.00,14400.00,NA,4200.00,0
1777323454106,14110.00,14360.00,NA,4200.00,0
1777323454156,14570.00,14330.00,NA,4200.00,0
1777323454187,14320.00,14250.00,NA,4200.00,0
1777323454217,14310.00,14290.00,NA,4200.00,0
1777323454246,14130.00,14290.00,NA,4200.00,0
1777323454276,14110.00,14290.00,NA,4200.00,0
1777323454306,14390.00,14345.00,NA,4200.00,0
1777323454336,14400.00,14290.00,NA,4200.00,0
1777323454375,14320.00,14339.00,NA,4200.00,0
1777323454405,14030.00,14345.00,NA,4200.00,0
1777323454435,14270.00,14400.00,NA,4200.00,0
1777323454486,14160.00,14375.00,NA,4200.00,0
1777323454517,14100.00,14290.00,NA,4200.00,0
1777323454551,13900.00,14250.00,NA,4200.00,0
1777323454585,14230.00,14345.00,NA,4200.00,0
1777323454617,14090.00,14345.00,NA,4200.00,0
1777323454647,14040.00,14305.00,NA,4200.00,0
1777323454679,14380.00,14345.00,NA,4200.00,0
1777323454709,14180.00,14400.00,NA,4200.00,0
1777323454740,14410.00,14354.00,NA,4200.00,0
1777323454774,14050.00,14290.00,NA,4200.00,0
1777323454805,14600.00,14400.00,NA,4200.00,0
1777323454836,14370.00,14400.00,NA,4200.00,0
1777323454867,14340.00,14400.00,NA,4200.00,0
1777323454919,14070.00,14305.00,NA,4200.00,0
1777323454951,13720.00,14305.00,NA,4200.00,0
1777323454980,14460.00,14290.00,NA,4200.00,0
1777323455009,14200.00,14330.00,NA,4200.00,0
1777323455039,14290.00,14345.00,NA,4200.00,0
1777323455070,14110.00,14400.00,NA,4200.00,0
1777323455101,14210.00,14400.00,NA,4200.00,0
1777323455131,14190.00,14400.00,NA,4200.00,0
1777323455183,14390.00,14305.00,NA,4200.00,0
1777323455217,14160.00,14305.00,NA,4200.00,0
1777323455247,13820.00,14345.00,NA,4200.00,0
1777323455278,14040.00,14345.00,NA,4200.00,0
1777323455309,14230.00,14305.00,NA,4200.00,0
1777323455339,14210.00,14345.00,NA,4200.00,0
1777323455370,14140.00,14400.00,NA,4200.00,0
1777323455404,14500.00,14345.00,NA,4200.00,0
1777323455435,14220.00,14404.00,NA,4200.00,0
1777323455465,14410.00,14345.00,NA,4200.00,0
1777323455495,14320.00,14400.00,NA,4200.00,0
1777323455546,14220.00,14305.00,NA,4200.00,0
1777323455576,13960.00,14345.00,NA,4200.00,0
1777323455606,14050.00,14290.00,NA,4200.00,0
1777323455636,14160.00,14345.00,NA,4200.00,0
1777323455665,14100.00,14330.00,NA,4200.00,0
1777323455695,14170.00,14345.00,NA,4200.00,0
1777323455726,14380.00,14400.00,NA,4200.00,0
1777323455777,14600.00,14375.00,NA,4200.00,0
1777323455813,14140.00,14290.00,NA,4200.00,0
1777323455847,14150.00,14305.00,NA,4200.00,0
1777323455878,14180.00,14305.00,NA,4200.00,0
1777323455909,14100.00,14345.00,NA,4200.00,0
1777323455940,14210.00,14400.00,NA,4200.00,0
1777323455972,14250.00,14354.00,NA,4200.00,0
1777323456003,14200.00,14345.00,NA,4200.00,0
1777323456036,14180.00,14345.00,NA,4200.00,0
1777323456067,14460.00,14400.00,NA,4200.00,0
1777323456098,14120.00,14400.00,NA,4200.00,0
1777323456129,14110.00,14400.00,NA,4200.00,0
1777323456159,14110.00,14400.00,NA,4200.00,0
1777323456189,14150.00,14400.00,NA,4200.00,0
1777323456237,14240.00,14312.00,NA,4200.00,0
1777323456267,14410.00,14305.00,NA,4200.00,0
1777323456299,14050.00,14345.00,NA,4200.00,0
1777323456330,14120.00,14400.00,NA,4200.00,0
1777323456360,14090.00,14400.00,NA,4200.00,0
1777323456391,14160.00,14400.00,NA,4200.00,0
1777323456421,14220.00,14415.00,NA,4200.00,0
1777323456450,14300.00,14345.00,NA,4200.00,0
1777323456501,14400.00,14345.00,NA,4200.00,0
1777323456594,14220.00,14155.00,NA,4200.00,0
1777323456616,14320.00,14219.00,NA,4200.00,0
1777323456660,14360.00,14210.00,NA,4200.00,0
1777323456685,14130.00,14210.00,NA,4200.00,0
1777323456730,14380.00,14142.00,NA,4200.00,0
1777323456754,14170.00,14155.00,NA,4200.00,0
1777323456778,14160.00,14204.00,NA,4200.00,0
1777323456823,14090.00,14210.00,NA,4200.00,0
1777323456848,14280.00,14100.00,NA,4200.00,0
1777323456893,14510.00,14115.00,NA,4200.00,0
1777323456917,14400.00,14155.00,NA,4200.00,0
1777323456962,14200.00,14210.00,NA,4200.00,0
1777323456987,14390.00,14210.00,NA,4200.00,0
1777323457012,14380.00,14210.00,NA,4200.00,0
1777323457058,14500.00,14156.00,NA,4200.00,0
1777323457083,14390.00,14210.00,NA,4200.00,0
1777323457128,14450.00,14115.00,NA,4200.00,0
1777323457153,14220.00,14100.00,NA,4200.00,0
1777323457178,14150.00,14155.00,NA,4200.00,0
1777323457224,14760.00,14210.00,NA,4200.00,0
1777323457249,14030.00,14280.00,NA,4200.00,0
1777323457295,14420.00,14115.00,NA,4200.00,0
1777323457320,14210.00,14136.00,NA,4200.00,0
1777323457345,14460.00,14155.00,NA,4200.00,0
1777323457391,14090.00,14155.00,NA,4200.00,0
1777323457416,14080.00,14155.00,NA,4200.00,0
1777323457461,14390.00,14140.00,NA,4200.00,0
1777323457486,14190.00,14100.00,NA,4200.00,0
1777323457511,14440.00,14100.00,NA,4200.00,0
1777323457557,14420.00,14115.00,NA,4200.00,0
1777323457582,14310.00,14155.00,NA,4200.00,0
1777323457627,14180.00,14177.00,NA,4200.00,0
1777323457653,14380.00,14210.00,NA,4200.00,0
1777323457678,14360.00,14210.00,NA,4200.00,0
1777323457725,14530.00,14155.00,NA,4200.00,0
1777323457751,13990.00,14100.00,NA,4200.00,0
1777323457776,14270.00,14086.00,NA,4200.00,0
1777323457823,14180.00,14155.00,NA,4200.00,0
1777323457849,14540.00,14155.00,NA,4200.00,0
1777323457875,14270.00,14155.00,NA,4200.00,0
1777323457922,13840.00,14140.00,NA,4200.00,0
1777323457948,14300.00,14155.00,NA,4200.00,0
1777323457974,14320.00,14210.00,NA,4200.00,0
1777323458021,14150.00,14155.00,NA,4200.00,0
1777323458046,13950.00,14155.00,NA,4200.00,0
1777323458072,14420.00,14201.00,NA,4200.00,0
1777323458118,14490.00,14155.00,NA,4200.00,0
1777323458144,14320.00,14100.00,NA,4200.00,0
1777323458170,14190.00,14100.00,NA,4200.00,0
1777323458218,14200.00,14155.00,NA,4200.00,0
1777323458244,14030.00,14155.00,NA,4200.00,0
1777323458270,14140.00,14155.00,NA,4200.00,0
1777323458317,14450.00,14155.00,NA,4200.00,0
1777323458343,14120.00,14210.00,NA,4200.00,0
1777323458369,14090.00,14210.00,NA,4200.00,0
1777323458417,13890.00,14155.00,NA,4200.00,0
1777323458443,14370.00,14100.00,NA,4200.00,0
1777323458470,14230.00,14100.00,NA,4200.00,0
1777323458517,14300.00,14178.00,NA,4200.00,0
1777323458543,14010.00,14100.00,NA,4200.00,0
1777323458569,14100.00,14133.00,NA,4200.00,0
1777323458617,14310.00,14155.00,NA,4200.00,0
1777323458643,14180.00,14210.00,NA,4200.00,0
1777323458670,14120.00,14210.00,NA,4200.00,0
1777323458718,14010.00,14210.00,NA,4200.00,0
1777323458745,14280.00,14100.00,NA,4200.00,0
1777323458773,13900.00,14090.00,NA,4200.00,0
1777323458820,14220.00,14115.00,NA,4200.00,0
1777323458847,14250.00,14155.00,NA,4200.00,0
1777323458874,14710.00,14210.00,NA,4200.00,0
1777323458910,14300.00,14210.00,NA,4200.00,0
1777323458937,14260.00,14210.00,NA,4200.00,0
1777323458985,14630.00,14155.00,NA,4200.00,0
1777323459011,14070.00,14100.00,NA,4200.00,0
1777323459038,14000.00,14090.00,NA,4200.00,0
1777323459103,14180.00,14115.00,NA,4200.00,0
1777323459130,14120.00,14060.00,NA,4200.00,0
1777323459156,14490.00,14100.00,NA,4200.00,0
1777323459183,14210.00,14100.00,NA,4200.00,0
1777323459210,14330.00,14210.00,NA,4200.00,0
1777323459238,14170.00,14210.00,NA,4200.00,0
1777323459300,14230.00,14115.00,NA,4200.00,0
1777323459327,14480.00,14115.00,NA,4200.00,0
1777323459355,14310.00,14185.00,NA,4200.00,0
1777323459382,14090.00,14060.00,NA,4200.00,0
1777323459411,14250.00,14125.00,NA,4200.00,0
1777323459439,14410.00,14100.00,NA,4200.00,0
1777323459467,14360.00,14100.00,NA,4200.00,0
1777323459516,14060.00,14210.00,NA,4200.00,0
1777323459545,14440.00,14210.00,NA,4200.00,0
1777323459572,14250.00,14225.00,NA,4200.00,0
1777323459599,14370.00,14155.00,NA,4200.00,0
1777323459648,14190.00,14155.00,NA,4200.00,0
1777323459678,14100.00,14100.00,NA,4200.00,0
1777323459706,14110.00,14100.00,NA,4200.00,0
1777323459734,14470.00,14100.00,NA,4200.00,0
1777323459784,14440.00,14115.00,NA,4200.00,0
1777323459813,14280.00,14116.00,NA,4200.00,0
1777323459842,14570.00,14154.00,NA,4200.00,0
1777323459870,14360.00,14155.00,NA,4200.00,0
1777323459899,14600.00,14155.00,NA,4200.00,0
1777323459948,14020.00,14155.00,NA,4200.00,0
1777323459978,14330.00,14155.00,NA,4200.00,0
1777323460008,14160.00,14100.00,NA,4200.00,0
1777323460039,14100.00,14091.00,NA,4200.00,0
1777323460067,14210.00,14100.00,NA,4200.00,0
1777323460096,14110.00,14100.00,NA,4200.00,0
1777323460146,14390.00,14115.00,NA,4200.00,0
1777323460176,14140.00,14155.00,NA,4200.00,0
1777323460206,14430.00,14210.00,NA,4200.00,0
1777323460233,14350.00,14210.00,NA,4200.00,0
1777323460262,14520.00,14210.00,NA,4200.00,0
1777323460291,14180.00,14210.00,NA,4200.00,0
1777323460342,14120.00,14155.00,NA,4200.00,0
1777323460372,14150.00,14107.00,NA,4200.00,0
1777323460401,14030.00,14155.00,NA,4200.00,0
1777323460434,14270.00,14100.00,NA,4200.00,0
1777323460466,14250.00,14155.00,NA,4200.00,0
1777323460496,14450.00,14155.00,NA,4200.00,0
1777323460526,14340.00,14155.00,NA,4200.00,0
1777323460577,14460.00,14155.00,NA,4200.00,0
1777323460608,14280.00,14155.00,NA,4200.00,0
1777323460641,14190.00,14085.00,NA,4200.00,0
1777323460676,14320.00,14115.00,NA,4200.00,0
1777323460708,14250.00,14115.00,NA,4200.00,0
1777323460738,14280.00,14115.00,NA,4200.00,0
1777323460769,14550.00,14155.00,NA,4200.00,0
1777323460798,14290.00,14210.00,NA,4200.00,0
1777323460829,14230.00,14240.00,NA,4200.00,0
1777323460859,14330.00,14155.00,NA,4200.00,0
1777323460889,14200.00,14210.00,NA,4200.00,0
1777323460941,14140.00,14155.00,NA,4200.00,0
1777323460973,14350.00,14100.00,NA,4200.00,0
1777323461004,14460.00,14155.00,NA,4200.00,0
1777323461036,14240.00,14210.00,NA,4200.00,0
1777323461070,14300.00,14100.00,NA,4200.00,0
1777323461100,14220.00,14155.00,NA,4200.00,0
1777323461131,14090.00,14155.00,NA,4200.00,0
1777323461162,14330.00,14155.00,NA,4200.00,0
1777323461192,14140.00,14155.00,NA,4200.00,0
1777323461222,14340.00,14155.00,NA,4200.00,0
1777323461273,14050.00,14155.00,NA,4200.00,0
1777323461307,14510.00,14140.00,NA,4200.00,0
1777323461339,14390.00,14140.00,NA,4200.00,0
1777323461371,14430.00,14119.00,NA,4200.00,0
1777323461401,14420.00,14115.00,NA,4200.00,0
1777323461432,14240.00,14115.00,NA,4200.00,0
1777323461464,14280.00,14115.00,NA,4200.00,0
1777323461494,14360.00,14100.00,NA,4200.00,0
1777323461525,14290.00,14235.00,NA,4200.00,0
1777323461557,14470.00,14330.00,NA,4200.00,0
1777323461588,14440.00,14345.00,NA,4200.00,0
1777323461620,14310.00,14345.00,NA,4200.00,0
1777323461652,14230.00,14345.00,NA,4200.00,0
1777323461705,14070.00,14250.00,NA,4200.00,0
1777323461737,14120.00,14345.00,NA,4200.00,0
1777323461769,14230.00,14375.00,NA,4200.00,0
1777323461801,14300.00,14250.00,NA,4200.00,0
1777323461833,14110.00,14264.00,NA,4200.00,0
1777323461865,14200.00,14320.00,NA,4200.00,0
1777323461897,14250.00,14290.00,NA,4200.00,0
1777323461939,14310.00,14305.00,NA,4200.00,0
1777323461971,14110.00,14345.00,NA,4200.00,0
1777323462003,14360.00,14305.00,NA,4200.00,0
1777323462035,14090.00,14305.00,NA,4200.00,0
1777323462067,14190.00,14335.00,NA,4200.00,0
1777323462098,14080.00,14305.00,NA,4200.00,0
1777323462128,14370.00,14345.00,NA,4200.00,0
1777323462158,14450.00,14400.00,NA,4200.00,0
1777323462189,14100.00,14375.00,NA,4200.00,0
1777323462221,14130.00,14290.00,NA,4200.00,0
1777323462253,14110.00,14282.00,NA,4200.00,0
1777323462286,14310.00,14290.00,NA,4200.00,0
1777323462329,14290.00,14290.00,NA,4200.00,0
1777323462370,14330.00,14305.00,NA,4200.00,0
1777323462402,14190.00,14250.00,NA,4200.00,0
1777323462435,14030.00,14320.00,NA,4200.00,0
1777323462468,14230.00,14290.00,NA,4200.00,0
1777323462500,14270.00,14250.00,NA,4200.00,0
1777323462534,14330.00,14265.00,NA,4200.00,0
1777323462570,14400.00,14305.00,NA,4200.00,0
1777323462601,14250.00,14305.00,NA,4200.00,0
1777323462633,14400.00,14345.00,NA,4200.00,0
1777323462665,14470.00,14305.00,NA,4200.00,0
1777323462697,14180.00,14305.00,NA,4200.00,0
1777323462728,14260.00,14345.00,NA,4200.00,0
1777323462758,14250.00,14385.00,NA,4200.00,0
1777323462789,14300.00,14375.00,NA,4200.00,0
1777323462820,14090.00,14290.00,NA,4200.00,0
1777323462851,14030.00,14335.00,NA,4200.00,0
1777323462883,14450.00,14299.00,NA,4200.00,0
1777323462915,14450.00,14345.00,NA,4200.00,0
1777323462946,14460.00,14290.00,NA,4200.00,0
1777323462994,14270.00,14305.00,NA,4200.00,0
1777323463027,14530.00,14345.00,NA,4200.00,0
1777323463059,14310.00,14375.00,NA,4200.00,0
1777323463092,14140.00,14250.00,NA,4200.00,0
1777323463124,14430.00,14290.00,NA,4200.00,0
1777323463156,14080.00,14250.00,NA,4200.00,0
1777323463198,14430.00,14320.00,NA,4200.00,0
1777323463229,14570.00,14305.00,NA,4200.00,0
1777323463258,14340.00,14305.00,NA,4200.00,0
1777323463288,13950.00,14305.00,NA,4200.00,0
1777323463319,14140.00,14345.00,NA,4200.00,0
1777323463350,14550.00,14345.00,NA,4200.00,0
1777323463382,14280.00,14250.00,NA,4200.00,0
1777323463413,14220.00,14345.00,NA,4200.00,0
1777323463444,14350.00,14400.00,NA,4200.00,0
1777323463476,14360.00,14400.00,NA,4200.00,0
1777323463508,14390.00,14400.00,NA,4200.00,0
1777323463537,14320.00,14400.00,NA,4200.00,0
1777323463568,14440.00,14400.00,NA,4200.00,0
1777323463623,14030.00,14345.00,NA,4200.00,0
1777323463656,14230.00,14305.00,NA,4200.00,0
1777323463686,14330.00,14305.00,NA,4200.00,0
1777323463717,14180.00,14345.00,NA,4200.00,0
1777323463750,14560.00,14400.00,NA,4200.00,0
1777323463784,14340.00,14322.00,NA,4200.00,0
1777323463826,14170.00,14345.00,NA,4200.00,0
1777323463859,14190.00,14307.00,NA,4200.00,0
1777323463889,14570.00,14305.00,NA,4200.00,0
1777323463921,14190.00,14310.00,NA,4200.00,0
1777323463952,14260.00,14305.00,NA,4200.00,0
1777323463982,14030.00,14345.00,NA,4200.00,0
1777323464012,14350.00,14345.00,NA,4200.00,0
1777323464044,14190.00,14409.00,NA,4200.00,0
1777323464074,14200.00,14345.00,NA,4200.00,0
1777323464105,14560.00,14440.00,NA,4200.00,0
1777323464136,14390.00,14495.00,NA,4200.00,0
1777323464166,14590.00,14455.00,NA,4200.00,0
1777323464199,14180.00,14400.00,NA,4200.00,0
1777323464251,14380.00,14305.00,NA,4200.00,0
1777323464285,14120.00,14345.00,NA,4200.00,0
1777323464316,14270.00,14400.00,NA,4200.00,0
1777323464347,14090.00,14400.00,NA,4200.00,0
1777323464380,13990.00,14400.00,NA,4200.00,0
1777323464412,14170.00,14345.00,NA,4200.00,0
1777323464453,14250.00,14262.00,NA,4200.00,0
1777323464484,14340.00,14286.00,NA,4200.00,0
1777323464517,14360.00,14345.00,NA,4200.00,0
1777323464547,14380.00,14345.00,NA,4200.00,0
1777323464579,14290.00,14345.00,NA,4200.00,0
1777323464611,14260.00,14305.00,NA,4200.00,0
1777323464640,14290.00,14290.00,NA,4200.00,0
1777323464670,14290.00,14400.00,NA,4200.00,0
1777323464701,14340.00,14400.00,NA,4200.00,0
1777323464731,13890.00,14400.00,NA,4200.00,0
1777323464762,14400.00,14400.00,NA,4200.00,0
1777323464794,14110.00,14425.00,NA,4200.00,0
1777323464826,13940.00,14400.00,NA,4200.00,0
1777323464977,14520.00,14073.00,NA,4200.00,0
1777323465001,14040.00,14115.00,NA,4200.00,0
1777323465047,14250.00,14020.00,NA,4200.00,0
1777323465072,13970.00,13968.00,NA,4200.00,0
1777323465097,14330.00,14015.00,NA,4200.00,0
1777323465142,14020.00,14060.00,NA,4200.00,0
1777323465167,14120.00,14015.00,NA,4200.00,0
1777323465192,13960.00,14005.00,NA,4200.00,0
1777323465238,14230.00,14030.00,NA,4200.00,0
1777323465264,14200.00,14060.00,NA,4200.00,0
1777323465310,14100.00,13965.00,NA,4200.00,0
1777323465335,14200.00,14005.00,NA,4200.00,0
1777323465361,14270.00,14107.00,NA,4200.00,0
1777323465407,14070.00,14020.00,NA,4200.00,0
1777323465433,14350.00,14060.00,NA,4200.00,0
1777323465458,14220.00,14005.00,NA,4200.00,0
1777323465505,14020.00,14020.00,NA,4200.00,0
1777323465530,14150.00,14045.00,NA,4200.00,0
1777323465577,14240.00,14060.00,NA,4200.00,0
1777323465602,14460.00,14115.00,NA,4200.00,0
1777323465627,14520.00,14115.00,NA,4200.00,0
1777323465674,14170.00,14060.00,NA,4200.00,0
1777323465701,14330.00,14005.00,NA,4200.00,0
1777323465727,14160.00,14052.00,NA,4200.00,0
1777323465773,14140.00,14045.00,NA,4200.00,0
1777323465799,14390.00,14060.00,NA,4200.00,0
1777323465824,14170.00,14005.00,NA,4200.00,0
1777323465871,14170.00,14020.00,NA,4200.00,0
1777323465896,14280.00,14020.00,NA,4200.00,0
1777323465921,14370.00,14060.00,NA,4200.00,0
1777323465967,14030.00,14088.00,NA,4200.00,0
1777323465993,14330.00,14115.00,NA,4200.00,0
1777323466041,14210.00,14030.00,NA,4200.00,0
1777323466067,14270.00,14060.00,NA,4200.00,0
1777323466093,14600.00,14005.00,NA,4200.00,0
1777323466123,14300.00,14005.00,NA,4200.00,0
1777323466171,14370.00,14020.00,NA,4200.00,0
1777323466198,14340.00,14030.00,NA,4200.00,0
1777323466224,14160.00,14060.00,NA,4200.00,0
1777323466271,14240.00,14060.00,NA,4200.00,0
1777323466645,14530.00,13015.00,NA,4200.00,0
1777323466959,14040.00,12255.00,NA,4200.00,0
1777323467008,14370.00,12240.00,NA,4200.00,0
1777323467035,14020.00,12255.00,NA,4200.00,0
1777323467062,14250.00,12255.00,NA,4200.00,0
1777323467088,14030.00,12221.00,NA,4200.00,0
1777323467135,13940.00,12215.00,NA,4200.00,0
1777323467161,14040.00,12255.00,NA,4200.00,0
1777323467187,14270.00,12255.00,NA,4200.00,0
1777323467234,14330.00,12230.00,NA,4200.00,0
1777323467261,14280.00,12205.00,NA,4200.00,0
1777323467288,14100.00,12202.00,NA,4200.00,0
1777323467336,14070.00,12309.00,NA,4200.00,0
1777323467362,14120.00,12200.00,NA,4200.00,0
1777323467388,14190.00,12255.00,NA,4200.00,0
1777323467414,13990.00,12255.00,NA,4200.00,0
1777323467460,14140.00,12310.00,NA,4200.00,0
1777323467487,14200.00,12310.00,NA,4200.00,0
1777323467514,14430.00,12310.00,NA,4200.00,0
1777323467562,14370.00,12255.00,NA,4200.00,0
1777323467596,13800.00,12200.00,NA,4200.00,0
1777323467623,14440.00,12200.00,NA,4200.00,0
1777323467651,14330.00,12200.00,NA,4200.00,0
1777323467678,14470.00,12255.00,NA,4200.00,0
1777323467726,14200.00,12255.00,NA,4200.00,0
1777323467753,14510.00,12310.00,NA,4200.00,0
1777323467780,14300.00,12200.00,NA,4200.00,0
1777323467828,14070.00,12285.00,NA,4200.00,0
1777323467855,14150.00,12312.00,NA,4200.00,0
1777323467881,13990.00,12324.00,NA,4200.00,0
1777323467929,14320.00,12215.00,NA,4200.00,0
1777323467955,14080.00,12254.00,NA,4200.00,0
1777323467982,14140.00,12200.00,NA,4200.00,0
1777323468012,14390.00,12190.00,NA,4200.00,0
1777323468061,14470.00,12255.00,NA,4200.00,0
1777323468088,14360.00,12310.00,NA,4200.00,0
1777323468116,14530.00,12310.00,NA,4200.00,0
1777323468143,14170.00,12310.00,NA,4200.00,0
1777323468191,14680.00,12255.00,NA,4200.00,0
1777323468227,14110.00,12200.00,NA,4200.00,0
1777323468254,14520.00,12200.00,NA,4200.00,0
1777323468281,14260.00,12200.00,NA,4200.00,0
1777323468330,13910.00,12215.00,NA,4200.00,0
1777323468359,14150.00,12215.00,NA,4200.00,0
1777323468387,14170.00,12283.00,NA,4200.00,0
1777323468414,14330.00,12200.00,NA,4200.00,0
1777323468441,14270.00,12255.00,NA,4200.00,0
1777323468490,14490.00,12160.00,NA,4200.00,0
1777323468518,14380.00,12160.00,NA,4200.00,0
1777323468545,14250.00,12206.00,NA,4200.00,0
1777323468573,14120.00,12255.00,NA,4200.00,0
1777323468621,14470.00,12255.00,NA,4200.00,0
1777323468649,14140.00,12217.00,NA,4200.00,0
1777323468676,13930.00,12200.00,NA,4200.00,0
1777323468726,14060.00,12240.00,NA,4200.00,0
1777323468754,14100.00,12255.00,NA,4200.00,0
1777323468783,14060.00,12310.00,NA,4200.00,0
1777323468811,14000.00,12310.00,NA,4200.00,0
1777323468859,14490.00,12255.00,NA,4200.00,0
1777323468887,14040.00,12200.00,NA,4200.00,0
1777323468915,14190.00,12200.00,NA,4200.00,0
1777323468943,14280.00,12200.00,NA,4200.00,0
1777323468971,13960.00,12200.00,NA,4200.00,0
1777323469021,14000.00,12224.00,NA,4200.00,0
1777323469049,14330.00,12198.00,NA,4200.00,0
1777323469079,14200.00,12255.00,NA,4200.00,0
1777323469107,14030.00,12255.00,NA,4200.00,0
1777323469157,14120.00,12160.00,NA,4200.00,0
1777323469186,14150.00,12105.00,NA,4200.00,0
1777323469214,14030.00,12183.00,NA,4200.00,0
1777323469242,14070.00,12200.00,NA,4200.00,0
1777323469276,13840.00,12193.00,NA,4200.00,0
1777323469305,13860.00,12200.00,NA,4200.00,0
1777323469355,14130.00,12240.00,NA,4200.00,0
1777323469388,14100.00,12251.00,NA,4200.00,0
1777323469418,13960.00,12310.00,NA,4200.00,0
1777323469448,14440.00,12310.00,NA,4200.00,0
1777323469477,14170.00,12310.00,NA,4200.00,0
1777323469507,14510.00,12310.00,NA,4200.00,0
1777323469536,14290.00,12310.00,NA,4200.00,0
1777323469587,14390.00,12240.00,NA,4200.00,0
1777323469618,14530.00,12255.00,NA,4200.00,0
1777323469647,14510.00,12240.00,NA,4200.00,0
1777323469678,14350.00,12185.00,NA,4200.00,0
1777323469709,14300.00,12240.00,NA,4200.00,0
1777323469739,14310.00,12240.00,NA,4200.00,0
1777323469769,13990.00,12255.00,NA,4200.00,0
1777323469821,14420.00,12160.00,NA,4200.00,0
1777323469850,14370.00,12171.00,NA,4200.00,0
1777323469879,14510.00,12266.00,NA,4200.00,0
1777323469910,14410.00,12392.00,NA,4200.00,0
1777323469940,14440.00,12456.00,NA,4200.00,0
1777323469970,14260.00,12485.00,NA,4200.00,0
1777323470022,14110.00,12500.00,NA,4200.00,0
1777323470052,14260.00,12485.00,NA,4200.00,0
1777323470082,14130.00,12515.00,NA,4200.00,0
1777323470125,14260.00,12454.00,NA,4200.00,0
1777323470157,14220.00,12500.00,NA,4200.00,0
1777323470188,14270.00,12500.00,NA,4200.00,0
1777323470219,14330.00,12500.00,NA,4200.00,0
1777323470250,14240.00,12500.00,NA,4200.00,0
1777323470280,14060.00,12500.00,NA,4200.00,0
1777323470309,14480.00,12485.00,NA,4200.00,0
1777323470338,14260.00,12595.00,NA,4200.00,0
1777323470369,14380.00,12533.00,NA,4200.00,0
1777323470398,14110.00,12540.00,NA,4200.00,0
1777323470450,14270.00,12500.00,NA,4200.00,0
1777323470482,14020.00,12515.00,NA,4200.00,0
1777323470511,14250.00,12470.00,NA,4200.00,0
1777323470545,14470.00,12500.00,NA,4200.00,0
1777323470574,14670.00,12540.00,NA,4200.00,0
1777323470603,14310.00,12540.00,NA,4200.00,0
1777323470633,14280.00,12540.00,NA,4200.00,0
1777323470663,14160.00,12540.00,NA,4200.00,0
1777323470715,14300.00,12513.00,NA,4200.00,0
1777323470757,14500.00,12445.00,NA,4200.00,0
1777323470788,14330.00,12500.00,NA,4200.00,0
1777323470819,14300.00,12500.00,NA,4200.00,0
1777323470850,14140.00,12500.00,NA,4200.00,0
1777323470880,14560.00,12515.00,NA,4200.00,0
1777323470910,14320.00,12500.00,NA,4200.00,0
1777323470940,14490.00,12445.00,NA,4200.00,0
1777323470969,14370.00,12540.00,NA,4200.00,0
1777323470999,14230.00,12540.00,NA,4200.00,0
1777323471029,14490.00,12540.00,NA,4200.00,0
1777323471058,14410.00,12595.00,NA,4200.00,0
1777323471108,14060.00,12500.00,NA,4200.00,0
1777323471139,14520.00,12445.00,NA,4200.00,0
1777323471170,14150.00,12485.00,NA,4200.00,0
1777323471199,14270.00,12485.00,NA,4200.00,0
1777323471228,13910.00,12485.00,NA,4200.00,0
1777323471278,14120.00,12540.00,NA,4200.00,0
1777323471308,14130.00,12620.00,NA,4200.00,0
1777323471427,14240.00,12715.00,NA,4200.00,0
1777323471450,14430.00,12810.00,NA,4200.00,0
1777323471474,14250.00,12905.00,NA,4200.00,0
1777323471498,14260.00,13000.00,NA,4200.00,0
1777323471543,14340.00,13095.00,NA,4200.00,0
1777323471567,14610.00,13190.00,NA,4200.00,0
1777323471612,14550.00,13285.00,NA,4200.00,0
1777323471636,14120.00,13323.00,NA,4200.00,0
1777323471680,13870.00,13410.00,NA,4200.00,0
1777323471705,13950.00,13450.00,NA,4200.00,0
1777323471729,13880.00,13545.00,NA,4200.00,0
1777323471774,14470.00,13695.00,NA,4200.00,0
1777323471799,14150.00,13790.00,NA,4200.00,0
1777323471843,14220.00,13885.00,NA,4200.00,0
1777323471867,14540.00,13980.00,NA,4200.00,0
1777323471912,14050.00,14075.00,NA,4200.00,0
1777323471937,14550.00,14060.00,NA,4200.00,0
1777323471961,13960.00,14148.00,NA,4200.00,0
1777323472007,14300.00,14155.00,NA,4200.00,0
1777323472032,14210.00,14100.00,NA,4200.00,0
1777323472077,14210.00,14115.00,NA,4200.00,0
1777323472102,14450.00,14115.00,NA,4200.00,0
1777323472127,14460.00,14124.00,NA,4200.00,0
1777323472172,14520.00,14115.00,NA,4200.00,0
1777323472197,14060.00,14115.00,NA,4200.00,0
1777323472242,14070.00,14115.00,NA,4200.00,0
1777323472267,14430.00,14075.00,NA,4200.00,0
1777323472292,14330.00,14177.00,NA,4200.00,0
1777323472338,14350.00,14141.00,NA,4200.00,0
1777323472363,14130.00,14100.00,NA,4200.00,0
1777323472409,14540.00,14115.00,NA,4200.00,0
1777323472434,13790.00,14115.00,NA,4200.00,0
1777323472458,14150.00,14155.00,NA,4200.00,0
1777323472503,14020.00,14115.00,NA,4200.00,0
1777323472529,14480.00,14115.00,NA,4200.00,0
1777323472574,14520.00,14123.00,NA,4200.00,0
1777323472600,14580.00,14085.00,NA,4200.00,0
1777323472625,14110.00,14148.00,NA,4200.00,0
1777323472671,14340.00,14115.00,NA,4200.00,0
1777323472697,14170.00,14020.00,NA,4200.00,0
1777323472722,14420.00,14100.00,NA,4200.00,0
1777323472768,14270.00,14115.00,NA,4200.00,0
1777323472793,14430.00,14115.00,NA,4200.00,0
1777323472839,14360.00,14060.00,NA,4200.00,0
1777323472865,14400.00,14060.00,NA,4200.00,0
1777323472890,14140.00,14106.00,NA,4200.00,0
1777323472936,14440.00,14115.00,NA,4200.00,0
1777323472961,14260.00,14060.00,NA,4200.00,0
1777323472987,14420.00,14154.00,NA,4200.00,0
1777323473033,14210.00,14115.00,NA,4200.00,0
1777323473060,13880.00,14155.00,NA,4200.00,0
1777323473108,14280.00,14060.00,NA,4200.00,0
1777323473134,14530.00,14115.00,NA,4200.00,0
1777323473161,14390.00,14115.00,NA,4200.00,0
1777323473187,14100.00,14155.00,NA,4200.00,0
1777323473235,14230.00,14115.00,NA,4200.00,0
1777323473261,14010.00,14060.00,NA,4200.00,0
1777323473288,13960.00,14075.00,NA,4200.00,0
1777323473335,14360.00,14140.00,NA,4200.00,0
1777323473362,14310.00,14155.00,NA,4200.00,0
1777323473388,14420.00,14130.00,NA,4200.00,0
1777323473436,14260.00,14115.00,NA,4200.00,0
1777323473463,14340.00,14115.00,NA,4200.00,0
1777323473490,14060.00,14155.00,NA,4200.00,0
1777323473538,14550.00,14075.00,NA,4200.00,0
1777323473564,14500.00,14005.00,NA,4200.00,0
1777323473590,14020.00,14005.00,NA,4200.00,0
1777323473617,14370.00,14090.00,NA,4200.00,0
1777323473664,14240.00,14115.00,NA,4200.00,0
1777323473691,14040.00,14115.00,NA,4200.00,0
1777323473717,14220.00,14100.00,NA,4200.00,0
1777323473763,14140.00,14115.00,NA,4200.00,0
1777323473790,14210.00,14115.00,NA,4200.00,0
1777323473816,14160.00,14140.00,NA,4200.00,0
1777323473864,14610.00,14154.00,NA,4200.00,0
1777323473891,14170.00,14106.00,NA,4200.00,0
1777323473918,14400.00,14112.00,NA,4200.00,0
1777323473966,13920.00,14115.00,NA,4200.00,0
1777323473994,14220.00,14115.00,NA,4200.00,0
1777323474022,14390.00,14155.00,NA,4200.00,0
1777323474049,14070.00,14183.00,NA,4200.00,0
1777323474098,14410.00,14115.00,NA,4200.00,0
1777323474126,14570.00,14115.00,NA,4200.00,0
1777323474154,14340.00,14155.00,NA,4200.00,0
1777323474180,14140.00,14210.00,NA,4200.00,0
1777323474228,14500.00,14115.00,NA,4200.00,0
1777323474256,14570.00,14130.00,NA,4200.00,0
1777323474283,14180.00,14060.00,NA,4200.00,0
1777323474332,14150.00,14115.00,NA,4200.00,0
1777323474358,14120.00,14155.00,NA,4200.00,0
1777323474385,14380.00,14100.00,NA,4200.00,0
1777323474412,14340.00,14155.00,NA,4200.00,0
1777323474461,13990.00,14136.00,NA,4200.00,0
1777323474489,13940.00,14060.00,NA,4200.00,0
1777323474516,14250.00,14107.00,NA,4200.00,0
1777323474565,14440.00,14060.00,NA,4200.00,0
1777323474594,14240.00,14065.00,NA,4200.00,0
1777323474622,14430.00,14154.00,NA,4200.00,0
1777323474650,14430.00,14114.00,NA,4200.00,0
1777323474677,14060.00,14155.00,NA,4200.00,0
1777323474726,13950.00,14115.00,NA,4200.00,0
1777323474753,14260.00,14115.00,NA,4200.00,0
1777323474782,14490.00,14115.00,NA,4200.00,0
1777323474831,14320.00,14115.00,NA,4200.00,0
1777323474860,14030.00,14060.00,NA,4200.00,0
1777323474888,14330.00,14154.00,NA,4200.00,0
1777323474916,14380.00,14085.00,NA,4200.00,0
1777323474944,14080.00,14119.00,NA,4200.00,0
1777323474994,14430.00,14115.00,NA,4200.00,0
1777323475022,14370.00,14155.00,NA,4200.00,0
1777323475050,14480.00,14210.00,NA,4200.00,0
1777323475078,13650.00,14210.00,NA,4200.00,0
1777323475106,14200.00,14225.00,NA,4200.00,0
1777323475157,13730.00,14155.00,NA,4200.00,0
1777323475185,14010.00,14100.00,NA,4200.00,0
1777323475216,14150.00,14100.00,NA,4200.00,0
1777323475258,14440.00,14132.00,NA,4200.00,0
1777323475286,14400.00,14155.00,NA,4200.00,0
1777323475314,13890.00,14210.00,NA,4200.00,0
1777323475345,14090.00,14155.00,NA,4200.00,0
1777323475374,14320.00,14155.00,NA,4200.00,0
1777323475425,14230.00,14060.00,NA,4200.00,0
1777323475461,14050.00,14115.00,NA,4200.00,0
1777323475491,14050.00,14060.00,NA,4200.00,0
1777323475521,14200.00,14153.00,NA,4200.00,0
1777323475551,14340.00,14085.00,NA,4200.00,0
1777323475581,14340.00,14100.00,NA,4200.00,0
1777323475611,14220.00,14085.00,NA,4200.00,0
1777323475639,14070.00,14085.00,NA,4200.00,0
1777323475672,14030.00,14106.00,NA,4200.00,0
1777323475701,14110.00,14136.00,NA,4200.00,0
1777323475753,14310.00,14155.00,NA,4200.00,0
1777323475785,14070.00,14100.00,NA,4200.00,0
1777323475816,14380.00,14100.00,NA,4200.00,0
1777323475845,14240.00,14100.00,NA,4200.00,0
1777323475890,14260.00,14125.00,NA,4200.00,0
1777323475920,14390.00,14140.00,NA,4200.00,0
1777323475953,14080.00,14115.00,NA,4200.00,0
1777323475984,14200.00,14115.00,NA,4200.00,0
1777323476016,14270.00,14115.00,NA,4200.00,0
1777323476048,14260.00,14115.00,NA,4200.00,0
1777323476075,14350.00,14115.00,NA,4200.00,0
1777323476104,14130.00,14155.00,NA,4200.00,0
1777323476133,14300.00,14210.00,NA,4200.00,0
1777323476185,14600.00,14115.00,NA,4200.00,0
1777323476217,14050.00,14115.00,NA,4200.00,0
1777323476246,13900.00,14115.00,NA,4200.00,0
1777323476274,14210.00,14100.00,NA,4200.00,0
1777323476303,14290.00,14155.00,NA,4200.00,0
1777323476332,14550.00,14119.00,NA,4200.00,0
1777323476385,14080.00,14250.00,NA,4200.00,0
1777323476416,14310.00,14290.00,NA,4200.00,0
1777323476447,14240.00,14290.00,NA,4200.00,0
1777323476480,14420.00,14275.00,NA,4200.00,0
1777323476512,13890.00,14305.00,NA,4200.00,0
1777323476539,14070.00,14290.00,NA,4200.00,0
1777323476566,14170.00,14290.00,NA,4200.00,0
1777323476594,14540.00,14290.00,NA,4200.00,0
1777323476645,14090.00,14385.00,NA,4200.00,0
1777323476676,14270.00,14345.00,NA,4200.00,0
1777323476704,14110.00,14400.00,NA,4200.00,0
1777323476733,14090.00,14400.00,NA,4200.00,0
1777323476762,14310.00,14400.00,NA,4200.00,0
1777323476813,13940.00,14305.00,NA,4200.00,0
1777323476845,14140.00,14345.00,NA,4200.00,0
1777323476876,46930.00,14330.00,NA,17040.00,0
1777323476909,47160.00,14282.00,NA,17040.00,0
1777323476947,60010.00,14533.00,NA,21490.00,0
1777323476991,60200.00,14645.00,NA,21860.00,0
1777323477030,59710.00,14993.00,NA,21290.00,0
1777323477070,60210.00,15558.00,NA,22060.00,0
1777323477117,59680.00,15508.00,NA,21090.00,0
1777323477165,60680.00,15766.00,NA,21590.00,0
1777323477204,60660.00,16073.00,NA,21560.00,0
1777323477242,59680.00,16366.00,NA,21490.00,0
1777323477283,59990.00,16715.00,NA,21660.00,0
1777323477329,59840.00,16879.00,NA,21490.00,0
1777323477380,59510.00,17160.00,NA,21660.00,0
1777323477421,60260.00,17474.00,NA,21490.00,0
1777323477464,59990.00,17770.00,NA,21660.00,0
1777323477505,59810.00,18004.00,NA,21490.00,0
1777323477552,60350.00,18158.00,NA,21660.00,0
1777323477594,59870.00,18574.00,NA,21490.00,0
1777323477630,60380.00,18910.00,NA,21780.00,0
1777323477669,60570.00,19133.00,NA,21370.00,0
1777323477707,59590.00,19501.00,NA,21980.00,0
1777323477854,59850.00,19703.00,NA,21170.00,0
1777323477882,60230.00,19691.00,NA,21790.00,0
1777323477911,60110.00,19979.00,NA,21360.00,0
1777323477945,60070.00,20335.00,NA,21490.00,0
1777323477980,59770.00,20650.00,NA,21660.00,0
1777323478015,59820.00,20884.00,NA,21490.00,0
1777323478048,60290.00,21260.00,NA,21660.00,0
1777323478084,60050.00,21551.00,NA,21490.00,0
1777323478119,59820.00,21891.00,NA,21660.00,0
1777323478157,60410.00,22104.00,NA,21490.00,0
1777323478193,60580.00,22385.00,NA,21660.00,0
1777323478224,59850.00,22714.00,NA,21490.00,0
1777323478258,59870.00,23090.00,NA,21700.00,0
1777323478296,60790.00,23356.00,NA,21450.00,0
1777323478332,59540.00,23928.00,NA,21900.00,0
1777323478368,60820.00,23912.00,NA,21250.00,0
1777323478407,60520.00,24211.00,NA,21970.00,0
1777323478443,60050.00,24535.00,NA,21180.00,0
1777323478482,60010.00,24764.00,NA,21490.00,0
1777323478519,60210.00,25075.00,NA,21660.00,0
1777323478554,59640.00,25419.00,NA,21490.00,0
1777323478592,59650.00,25740.00,NA,21660.00,0
1777323478627,60320.00,26004.00,NA,21490.00,0
1777323478663,60130.00,26488.00,NA,21660.00,0
1777323478701,59720.00,26546.00,NA,21490.00,0
1777323478738,59590.00,26865.00,NA,21660.00,0
1777323478774,59970.00,27210.00,NA,21490.00,0
1777323478810,59910.00,27420.00,NA,21660.00,0
1777323478844,59550.00,27709.00,NA,21490.00,0
1777323478881,59990.00,28080.00,NA,21820.00,0
1777323478918,60100.00,28391.00,NA,21330.00,0
1777323478956,59860.00,28636.00,NA,22020.00,0
1777323478996,59830.00,28967.00,NA,21130.00,0
1777323479053,60090.00,29537.00,NA,21690.00,0
1777323479090,60370.00,29456.00,NA,21460.00,0
1777323479128,60640.00,29753.00,NA,21490.00,0
1777323479168,59610.00,30119.00,NA,21660.00,0
1777323479209,59770.00,30450.00,NA,21490.00,0
1777323479266,60220.00,30952.00,NA,21660.00,0
1777323479307,59970.00,30834.00,NA,21490.00,0
1777323479347,60860.00,31276.00,NA,21660.00,0
1777323479387,60210.00,31444.00,NA,21490.00,0
1777323479432,60270.00,31670.00,NA,21660.00,0
1777323479484,60520.00,31959.00,NA,21490.00,0
1777323479522,60080.00,32308.00,NA,21740.00,0
1777323479560,59750.00,32882.00,NA,21410.00,0
1777323479595,59930.00,32886.00,NA,21940.00,0
1777323479642,59700.00,33072.00,NA,21210.00,0
1777323479702,59950.00,33306.00,NA,21880.00,0
1777323479741,60350.00,33680.00,NA,21270.00,0
1777323479783,59700.00,33857.00,NA,21490.00,0
1777323479826,60420.00,34170.00,NA,21660.00,0
1777323479876,60180.00,34399.00,NA,21490.00,0
1777323479919,59310.00,34740.00,NA,21660.00,0
1777323479960,60020.00,34934.00,NA,21490.00,0
1777323479997,59740.00,35295.00,NA,21660.00,0
1777323480037,60280.00,35549.00,NA,21490.00,0
1777323480087,59770.00,35781.00,NA,21660.00,0
1777323480130,59870.00,36059.00,NA,21490.00,0
1777323480173,60460.00,36380.00,NA,21660.00,0
1777323480213,60510.00,36669.00,NA,21490.00,0
1777323480255,59740.00,37202.00,NA,21860.00,0
1777323480333,59460.00,37165.00,NA,21290.00,0
1777323480375,59390.00,37495.00,NA,22060.00,0
1777323480418,60260.00,37648.00,NA,21090.00,0
1777323480461,59500.00,38016.00,NA,21590.00,0
1777323480539,60470.00,38225.00,NA,21560.00,0
1777323480582,59860.00,38426.00,NA,21490.00,0
1777323480625,59680.00,38718.00,NA,21660.00,0
1777323480670,59830.00,38939.00,NA,21490.00,0
1777323480753,60300.00,39110.00,NA,21660.00,0
1777323480793,60090.00,39466.00,NA,21490.00,0
1777323480835,60330.00,39680.00,NA,21660.00,0
1777323480879,59850.00,39969.00,NA,21490.00,0
1777323480966,60070.00,40140.00,NA,21660.00,0
1777323481008,60480.00,40389.00,NA,21490.00,0
1777323481053,60080.00,40655.00,NA,21780.00,0
1777323481096,59710.00,40908.00,NA,21370.00,0
1777323481396,59810.00,41071.00,NA,21980.00,0
1777323481439,60080.00,41122.00,NA,21170.00,0
1777323481469,59810.00,41071.00,NA,21790.00,0
1777323481501,60490.00,41374.00,NA,21360.00,0
1777323481537,59710.00,42037.00,NA,21490.00,0
1777323481575,59180.00,41979.00,NA,21660.00,0
1777323481614,60130.00,42184.00,NA,21490.00,0
1777323481655,59790.00,42505.00,NA,21660.00,0
1777323481693,59540.00,42956.00,NA,21490.00,0
1777323481726,59850.00,43060.00,NA,21660.00,0
1777323481764,59890.00,43349.00,NA,21490.00,0
1777323481797,60160.00,43670.00,NA,21660.00,0
1777323481836,59600.00,44014.00,NA,21490.00,0
1777323481873,59750.00,44433.00,NA,21700.00,0
1777323481907,60140.00,44634.00,NA,21450.00,0
1777323481941,60410.00,44736.00,NA,21900.00,0
1777323481975,59830.00,44788.00,NA,21250.00,0
1777323482014,59110.00,44808.00,NA,21970.00,0
1777323482054,59830.00,44794.00,NA,21180.00,0
1777323482092,60070.00,44806.00,NA,21490.00,0
1777323482131,59790.00,45211.00,NA,21660.00,0
1777323482171,59980.00,45556.00,NA,21490.00,0
1777323482209,59810.00,45202.00,NA,21660.00,0
1777323482246,59680.00,44902.00,NA,21490.00,0
1777323482293,59950.00,45065.00,NA,21660.00,0
1777323482333,60250.00,45200.00,NA,21490.00,0
1777323482371,60300.00,45200.00,NA,21660.00,0
1777323482412,60090.00,45568.00,NA,21490.00,0
1777323482460,60090.00,45200.00,NA,21660.00,0
1777323482513,59120.00,45200.00,NA,21490.00,0
1777323482557,59700.00,45210.00,NA,21820.00,0
1777323482597,60340.00,45204.00,NA,21330.00,0
1777323482637,60200.00,45196.00,NA,22020.00,0
1777323482686,60000.00,44807.00,NA,21130.00,0
1777323482727,59960.00,45164.00,NA,21690.00,0
1777323482768,59590.00,45208.00,NA,21460.00,0
1777323482809,60490.00,45964.00,NA,21490.00,0
1777323482849,60580.00,46012.00,NA,21660.00,0
1777323482900,59740.00,45976.00,NA,21490.00,0
1777323482942,60260.00,45610.00,NA,21660.00,0
1777323482983,60360.00,45952.00,NA,21490.00,0
1777323483023,60130.00,45616.00,NA,21660.00,0
1777323483072,59910.00,45220.00,NA,21490.00,0
1777323483141,60070.00,44836.00,NA,21660.00,0
1777323483183,60880.00,45152.00,NA,21490.00,0
1777323483224,59830.00,44816.00,NA,21740.00,0
1777323483265,60280.00,44788.00,NA,21410.00,0
1777323483309,59830.00,44689.00,NA,21940.00,0
1777323483377,60000.00,44533.00,NA,21210.00,0
1777323483416,59570.00,44400.00,NA,21880.00,0
1777323483458,60180.00,44022.00,NA,21270.00,0
1777323483498,60300.00,44022.00,NA,21490.00,0
1777323483573,59880.00,43630.00,NA,21660.00,0
1777323483617,60990.00,43963.00,NA,21490.00,0
1777323483658,59880.00,43600.00,NA,21660.00,0
1777323483703,60020.00,43600.00,NA,21490.00,0
1777323483788,60070.00,43056.00,NA,21660.00,0
1777323483831,60110.00,43168.00,NA,21490.00,0
1777323483871,59690.00,43168.00,NA,21660.00,0
1777323484007,60690.00,41958.00,NA,21490.00,0
1777323484040,60120.00,42004.00,NA,21660.00,0
1777323484071,60150.00,41988.00,NA,21490.00,0
1777323484104,60290.00,42372.00,NA,21860.00,0
1777323484135,60320.00,42382.00,NA,21290.00,0
1777323484166,59920.00,42157.00,NA,22060.00,0
1777323484204,59840.00,42217.00,NA,21090.00,0
1777323484239,59640.00,42426.00,NA,21590.00,0
1777323484276,59690.00,42434.00,NA,21560.00,0
1777323484309,59820.00,42802.00,NA,21490.00,0
1777323484347,59510.00,42561.00,NA,21660.00,0
1777323484386,59510.00,42743.00,NA,21490.00,0
1777323484424,59800.00,42953.00,NA,21660.00,0
1777323484481,59330.00,42800.00,NA,21490.00,0
1777323484520,60180.00,42671.00,NA,21660.00,0
1777323484559,59910.00,42432.00,NA,21490.00,0
1777323484598,59740.00,43017.00,NA,21660.00,0
1777323484635,59470.00,42816.00,NA,21490.00,0
1777323484688,60410.00,42804.00,NA,21780.00,0
1777323484726,60000.00,42796.00,NA,21370.00,0
1777323484765,59830.00,42804.00,NA,21980.00,0
1777323484804,60400.00,42788.00,NA,21170.00,0
1777323484843,60370.00,42838.00,NA,21790.00,0
1777323484903,59800.00,42794.00,NA,21360.00,0
1777323484943,59780.00,42806.00,NA,21490.00,0
1777323484985,60070.00,42800.00,NA,21660.00,0
1777323485025,59700.00,42810.00,NA,21490.00,0
1777323485066,60050.00,42828.00,NA,21660.00,0
1777323485117,59740.00,42800.00,NA,21490.00,0
1777323485153,60520.00,42800.00,NA,21660.00,0
1777323485187,59950.00,43163.00,NA,21490.00,0
1777323485225,60010.00,42843.00,NA,21660.00,0
1777323485262,60240.00,42986.00,NA,21490.00,0
1777323485314,59970.00,43212.00,NA,21700.00,0
1777323485352,59820.00,43556.00,NA,21450.00,0
1777323485388,60270.00,43234.00,NA,21900.00,0
1777323485428,60170.00,43600.00,NA,21250.00,0
1777323485468,59930.00,43599.00,NA,21970.00,0
1777323485505,60160.00,43610.00,NA,21180.00,0
1777323485543,60120.00,43849.00,NA,21490.00,0
1777323485579,59330.00,43891.00,NA,21660.00,0
1777323485618,60130.00,43984.00,NA,21490.00,0
1777323485658,59670.00,44016.00,NA,21660.00,0
1777323485699,60420.00,44399.00,NA,21490.00,0
1777323485745,60490.00,44400.00,NA,21660.00,0
1777323485899,59990.00,44400.00,NA,21490.00,0
1777323485935,59980.00,43600.00,NA,21660.00,0
1777323485964,60030.00,43938.00,NA,21490.00,0
1777323485994,60380.00,44016.00,NA,21660.00,0
1777323486023,60310.00,43984.00,NA,21490.00,0
1777323486054,59940.00,44400.00,NA,21820.00,0
1777323486090,59960.00,44399.00,NA,21330.00,0
1777323486124,59660.00,44804.00,NA,22020.00,0
1777323486164,59550.00,44838.00,NA,21130.00,0
1777323486200,59890.00,45198.00,NA,21690.00,0
1777323486236,59770.00,45598.00,NA,21460.00,0
1777323486274,59850.00,45990.00,NA,21490.00,0
1777323486310,59690.00,46402.00,NA,21660.00,0
1777323486357,59950.00,46786.00,NA,21490.00,0
1777323486396,60120.00,47202.00,NA,21660.00,0
1777323486439,59670.00,46832.00,NA,21490.00,0
1777323486479,59420.00,46836.00,NA,21660.00,0
1777323486518,60050.00,46797.00,NA,21490.00,0
1777323486561,59470.00,46800.00,NA,21660.00,0
1777323486599,60070.00,46800.00,NA,21490.00,0
1777323486638,59840.00,47111.00,NA,21740.00,0
1777323486678,59610.00,46804.00,NA,21410.00,0
1777323486715,60040.00,46796.00,NA,21940.00,0
1777323486754,59670.00,46804.00,NA,21210.00,0
1777323486793,59800.00,46796.00,NA,21880.00,0
1777323486833,60800.00,46808.00,NA,21270.00,0
1777323486873,59950.00,46792.00,NA,21490.00,0
1777323486915,60430.00,46814.00,NA,21660.00,0
1777323486956,59780.00,46750.00,NA,21490.00,0
1777323487003,59830.00,46404.00,NA,21660.00,0
1777323487041,59940.00,46413.00,NA,21490.00,0
1777323487077,60210.00,46406.00,NA,21660.00,0
1777323487116,59870.00,46384.00,NA,21490.00,0
1777323487156,59580.00,46464.00,NA,21660.00,0
1777323487213,60130.00,46384.00,NA,21490.00,0
1777323487254,59920.00,46416.00,NA,21660.00,0
1777323487418,60630.00,44814.00,NA,21490.00,0
1777323487449,60110.00,45200.00,NA,21860.00,0
1777323487484,60370.00,45224.00,NA,21290.00,0
1777323487523,60150.00,44606.00,NA,22060.00,0
1777323487558,59840.00,45154.00,NA,21090.00,0
1777323487591,60430.00,45538.00,NA,21590.00,0
1777323487631,60400.00,45456.00,NA,21560.00,0
1777323487669,60720.00,45608.00,NA,21490.00,0
1777323487703,59560.00,45604.00,NA,21660.00,0
1777323487741,60270.00,45961.00,NA,21490.00,0
1777323487779,60270.00,45632.00,NA,21660.00,0
1777323487821,60710.00,45614.00,NA,21490.00,0
1777323487868,59630.00,45616.00,NA,21660.00,0
1777323487909,60020.00,45537.00,NA,21490.00,0
1777323487943,60130.00,46000.00,NA,21660.00,0
1777323487981,60100.00,45632.00,NA,21490.00,0
1777323488018,60400.00,46000.00,NA,21780.00,0
1777323488057,59990.00,46004.00,NA,21370.00,0
1777323488099,59760.00,46411.00,NA,21980.00,0
1777323488140,60130.00,46315.00,NA,21170.00,0
1777323488181,60050.00,46412.00,NA,21790.00,0
1777323488221,59770.00,46394.00,NA,21360.00,0
1777323488256,60000.00,46373.00,NA,21490.00,0
1777323488298,59730.00,46524.00,NA,21660.00,0
1777323488336,60390.00,46420.00,NA,21490.00,0
1777323488372,60250.00,46638.00,NA,21660.00,0
1777323488408,60110.00,46794.00,NA,21490.00,0
1777323488444,59500.00,46808.00,NA,21660.00,0
1777323488500,60590.00,46791.00,NA,21490.00,0
1777323488544,60000.00,46830.00,NA,21660.00,0
1777323488585,60080.00,46820.00,NA,21490.00,0
1777323488625,59910.00,47292.00,NA,21700.00,0
1777323488668,59830.00,47186.00,NA,21450.00,0
1777323488722,59970.00,47213.00,NA,21900.00,0
1777323488763,59700.00,47188.00,NA,21250.00,0
1777323488805,60030.00,47222.00,NA,21970.00,0
1777323488847,59750.00,47190.00,NA,21180.00,0
1777323488893,59820.00,46832.00,NA,21490.00,0
1777323488938,59920.00,47616.00,NA,21660.00,0
1777323488980,60090.00,48000.00,NA,21490.00,0
1777323489018,60140.00,48415.00,NA,21660.00,0
1777323489055,59830.00,48372.00,NA,21490.00,0
1777323489105,59830.00,47869.00,NA,21660.00,0
1777323489152,59960.00,47969.00,NA,21490.00,0
1777323489193,59920.00,47612.00,NA,21660.00,0
1777323489236,60060.00,47610.00,NA,21490.00,0
1777323489279,60160.00,47602.00,NA,21660.00,0
1777323489354,60520.00,47184.00,NA,21490.00,0
1777323489397,60180.00,47216.00,NA,21820.00,0
1777323489442,60230.00,47031.00,NA,21330.00,0
1777323489484,59620.00,47212.00,NA,22020.00,0
1777323489535,60430.00,47152.00,NA,21130.00,0
1777323489582,59460.00,47194.00,NA,21690.00,0
1777323489624,58830.00,46812.00,NA,21460.00,0
1777323489664,60700.00,46818.00,NA,21490.00,0
1777323489705,59730.00,46836.00,NA,21660.00,0
1777323489784,59850.00,46776.00,NA,21490.00,0
1777323489827,60010.00,46407.00,NA,21660.00,0
1777323489870,60150.00,46420.00,NA,21490.00,0
1777323489913,60130.00,46744.00,NA,21660.00,0
1777323489993,59900.00,46310.00,NA,21490.00,0
1777323490043,60220.00,46030.00,NA,21660.00,0
1777323490083,60110.00,46383.00,NA,21490.00,0
1777323490127,59840.00,46416.00,NA,21740.00,0
1777323490201,59320.00,46004.00,NA,21410.00,0
1777323490248,60300.00,45613.00,NA,21940.00,0
1777323490293,60120.00,45989.00,NA,21210.00,0
1777323490340,60400.00,45844.00,NA,21880.00,0
1777323490423,60480.00,45204.00,NA,21270.00,0
1777323490467,59800.00,45196.00,NA,21490.00,0
1777323490513,60380.00,45220.00,NA,21660.00,0
1777323490591,60030.00,44784.00,NA,21490.00,0
1777323490637,59840.00,44430.00,NA,21660.00,0
1777323490681,60240.00,44420.00,NA,21490.00,0
1777323490729,60080.00,44798.00,NA,21660.00,0
1777323490784,59570.00,44400.00,NA,21490.00,0
1777323490850,60490.00,44816.00,NA,21660.00,0
1777323490899,59810.00,45200.00,NA,21490.00,0
1777323490946,60620.00,45200.00,NA,21660.00,0
1777323490993,60170.00,44784.00,NA,21490.00,0
1777323491063,59440.00,44400.00,NA,21860.00,0
1777323491112,60670.00,44018.00,NA,21290.00,0
1777323491159,60230.00,44008.00,NA,22060.00,0
1777323491203,60380.00,43638.00,NA,21090.00,0
1777323491270,60220.00,43608.00,NA,21590.00,0
1777323491316,60020.00,43598.00,NA,21560.00,0
1777323491362,59480.00,43606.00,NA,21490.00,0
1777323491422,59900.00,43236.00,NA,21660.00,0
1777323491497,60080.00,43184.00,NA,21490.00,0
1777323491544,59660.00,42916.00,NA,21660.00,0
1777323491589,60500.00,42800.00,NA,21490.00,0
1777323491903,60260.00,40000.00,NA,21660.00,0
1777323491936,60380.00,40000.00,NA,21490.00,0
1777323491970,59900.00,40398.00,NA,21660.00,0
1777323492005,60050.00,40384.00,NA,21490.00,0
1777323492042,60000.00,40467.00,NA,21780.00,0
1777323492082,60420.00,40388.00,NA,21370.00,0
1777323492126,59140.00,40026.00,NA,21980.00,0
1777323492167,59590.00,40339.00,NA,21170.00,0
1777323492204,59850.00,40412.00,NA,21790.00,0
1777323492242,59490.00,40394.00,NA,21360.00,0
1777323492280,60030.00,40789.00,NA,21490.00,0
1777323492328,59840.00,41199.00,NA,21660.00,0
1777323492366,59980.00,41583.00,NA,21490.00,0
1777323492405,60320.00,42147.00,NA,21660.00,0
1777323492443,59660.00,41584.00,NA,21490.00,0
1777323492480,60370.00,41964.00,NA,21660.00,0
1777323492518,59850.00,42304.00,NA,21490.00,0
1777323492556,60260.00,41968.00,NA,21660.00,0
1777323492596,60370.00,41588.00,NA,21490.00,0
1777323492635,59970.00,41682.00,NA,21700.00,0
1777323492672,60220.00,41600.00,NA,21450.00,0
1777323492717,59210.00,41586.00,NA,21900.00,0
1777323492762,60220.00,41573.00,NA,21250.00,0
1777323492804,59830.00,41212.00,NA,21970.00,0
1777323492840,60310.00,41588.00,NA,21180.00,0
1777323492877,59720.00,41582.00,NA,21490.00,0
1777323492915,59760.00,42018.00,NA,21660.00,0
1777323492971,59760.00,41200.00,NA,21490.00,0
1777323493011,60060.00,41200.00,NA,21660.00,0
1777323493051,60560.00,41217.00,NA,21490.00,0
1777323493091,59940.00,41342.00,NA,21660.00,0
1777323493137,59320.00,41196.00,NA,21490.00,0
1777323493186,60290.00,41204.00,NA,21660.00,0
1777323493224,60060.00,41190.00,NA,21490.00,0
1777323493262,59820.00,41210.00,NA,21660.00,0
1777323493304,59840.00,41277.00,NA,21490.00,0
1777323493349,59630.00,41198.00,NA,21820.00,0
1777323493503,60240.00,39638.00,NA,21330.00,0
1777323493533,59910.00,39996.00,NA,22020.00,0
1777323493563,59820.00,40324.00,NA,21130.00,0
1777323493593,59740.00,40026.00,NA,21690.00,0
1777323493623,59560.00,40179.00,NA,21460.00,0
1777323493653,59670.00,40402.00,NA,21490.00,0
1777323493683,60030.00,41148.00,NA,21660.00,0
1777323494246,60020.00,35962.00,NA,21490.00,0
1777323494279,60090.00,35559.00,NA,21660.00,0
1777323494310,60000.00,35288.00,NA,21490.00,0
1777323494339,60470.00,35316.00,NA,21660.00,0
1777323494376,60630.00,34932.00,NA,21490.00,0
1777323494431,59880.00,34592.00,NA,21660.00,0
1777323494466,60240.00,34216.00,NA,21490.00,0
1777323494503,59250.00,33895.00,NA,21740.00,0
1777323494544,60260.00,33612.00,NA,21410.00,0
1777323494585,59670.00,33530.00,NA,21940.00,0
1777323494625,59870.00,33180.00,NA,21210.00,0
1777323494669,60670.00,32450.00,NA,21880.00,0
1777323494711,60780.00,32459.00,NA,21270.00,0
1777323494743,60240.00,32136.00,NA,21490.00,0
1777323494773,59930.00,32164.00,NA,21660.00,0
1777323494841,59430.00,31396.00,NA,21490.00,0
1777323494881,59860.00,31501.00,NA,21660.00,0
1777323494912,59790.00,31428.00,NA,21490.00,0
1777323494943,60350.00,31473.00,NA,21660.00,0
1777323494974,60910.00,31124.00,NA,21490.00,0
1777323495005,60000.00,30786.00,NA,21660.00,0
1777323495036,59570.00,30760.00,NA,21490.00,0
1777323495087,60250.00,30452.00,NA,21660.00,0
1777323495125,60670.00,31020.00,NA,21490.00,0
1777323495156,59390.00,30748.00,NA,21860.00,0
1777323495187,60060.00,30760.00,NA,21290.00,0
1777323495218,59910.00,30396.00,NA,22060.00,0
1777323495250,60030.00,30370.00,NA,21090.00,0
1777323495281,60430.00,30084.00,NA,21590.00,0
1777323495313,59800.00,29722.00,NA,21560.00,0
1777323495346,60350.00,29521.00,NA,21490.00,0
1777323495382,59610.00,29436.00,NA,21660.00,0
1777323495420,60280.00,29417.00,NA,21490.00,0
1777323495458,59680.00,29088.00,NA,21660.00,0
1777323495496,60010.00,28712.00,NA,21490.00,0
1777323495532,60010.00,28376.00,NA,21660.00,0
1777323495566,60330.00,28772.00,NA,21490.00,0
1777323495598,60430.00,28786.00,NA,21660.00,0
1777323495629,59570.00,28436.00,NA,21490.00,0
1777323495660,59680.00,28100.00,NA,21780.00,0
1777323495692,60340.00,28118.00,NA,21370.00,0
1777323495723,59450.00,27710.00,NA,21980.00,0
1777323495753,21300.00,27416.00,NA,7320.00,0
1777323496224,23790.00,25571.00,NA,8520.00,0
1777323497362,23770.00,19958.00,NA,8520.00,0
1777323498351,23980.00,12080.00,NA,8520.00,0
1777323499315,23640.00,11544.00,NA,8520.00,0
1777323500310,23580.00,11826.00,NA,8520.00,0
1777323501212,23690.00,12306.00,NA,8520.00,0
1777323501947,23420.00,12054.00,NA,8520.00,0
1777323501976,47650.00,12070.00,NA,17040.00,0
1777323502010,60110.00,12244.00,NA,21490.00,0
1777323502045,58320.00,12576.00,NA,21110.00,0
1777323502081,47720.00,12960.00,NA,17040.00,0
1777323502115,60170.00,13280.00,NA,21490.00,0
1777323502145,58730.00,12962.00,NA,21110.00,0
1777323502183,47690.00,13070.00,NA,17040.00,0
1777323502220,59240.00,13460.00,NA,21490.00,0
1777323502257,60140.00,13792.00,NA,21860.00,0
1777323502296,59830.00,14180.00,NA,21290.00,0
1777323502335,59510.00,14944.00,NA,22060.00,0
1777323502374,59800.00,14974.00,NA,21090.00,0
1777323502413,59920.00,15378.00,NA,21590.00,0
1777323502453,59580.00,16134.00,NA,21560.00,0
1777323502490,60560.00,15804.00,NA,21490.00,0
1777323502529,60180.00,16218.00,NA,21660.00,0
1777323502572,59680.00,16602.00,NA,21490.00,0
1777323502617,59440.00,17018.00,NA,21660.00,0
1777323502658,60410.00,17402.00,NA,21490.00,0
1777323502697,59920.00,17818.00,NA,21660.00,0
1777323502736,60470.00,18202.00,NA,21490.00,0
1777323502776,59730.00,18970.00,NA,21660.00,0
1777323502816,59460.00,18282.00,NA,21490.00,0
1777323502859,60220.00,18422.00,NA,21780.00,0
1777323502901,60030.00,18810.00,NA,21370.00,0
1777323502941,59780.00,19218.00,NA,21980.00,0
1777323502983,59870.00,19610.00,NA,21170.00,0
1777323503030,59760.00,20018.00,NA,21790.00,0
1777323503071,59670.00,20416.00,NA,21360.00,0
1777323503111,59890.00,20444.00,NA,21490.00,0
1777323503147,60190.00,20854.00,NA,21660.00,0
1777323503184,59370.00,21238.00,NA,21490.00,0
1777323503227,59720.00,21654.00,NA,21660.00,0
1777323503278,60150.00,22038.00,NA,21490.00,0
1777323503317,59770.00,22454.00,NA,21660.00,0
1777323503357,60890.00,22838.00,NA,21490.00,0
1777323503397,60290.00,22524.00,NA,21660.00,0
1777323503442,59110.00,22268.00,NA,21490.00,0
1777323503481,60440.00,23048.00,NA,21700.00,0
1777323503517,60840.00,23434.00,NA,21450.00,0
1777323503555,59720.00,23846.00,NA,21900.00,0
1777323503593,60060.00,24600.00,NA,21250.00,0
1777323503646,59750.00,24280.00,NA,21970.00,0
1777323503718,60020.00,24674.00,NA,21180.00,0
1777323503761,59680.00,25078.00,NA,21490.00,0
1777323503801,60550.00,25625.00,NA,21660.00,0
1777323503839,60020.00,25868.00,NA,21490.00,0
1777323503905,60390.00,26284.00,NA,21660.00,0
1777323503949,59800.00,26668.00,NA,21490.00,0
1777323503990,59920.00,26364.00,NA,21660.00,0
1777323504030,59840.00,26472.00,NA,21490.00,0
1777323504080,59510.00,26888.00,NA,21660.00,0
1777323504126,60670.00,27272.00,NA,21490.00,0
1777323504169,60140.00,27688.00,NA,21660.00,0
1777323504211,59920.00,27704.00,NA,21490.00,0
1777323504261,59940.00,28120.00,NA,21820.00,0
1777323504341,60880.00,28502.00,NA,21330.00,0
1777323504385,59880.00,28906.00,NA,22020.00,0
1777323504427,59590.00,29298.00,NA,21130.00,0
1777323504468,59810.00,28986.00,NA,21690.00,0
1777323504544,60760.00,29110.00,NA,21460.00,0
1777323504588,59670.00,29649.00,NA,21490.00,0
1777323504631,59860.00,29914.00,NA,21660.00,0
1777323504675,59870.00,30402.00,NA,21490.00,0
1777323504754,59710.00,30350.00,NA,21660.00,0
1777323504796,60720.00,31102.00,NA,21490.00,0
1777323504836,60170.00,31150.00,NA,21660.00,0
1777323504877,60550.00,31534.00,NA,21490.00,0
1777323504934,60470.00,31923.00,NA,21660.00,0
1777323504978,59480.00,31614.00,NA,21490.00,0
1777323505019,60440.00,31754.00,NA,21740.00,0
1777323505061,60080.00,32142.00,NA,21410.00,0
1777323505102,59990.00,32550.00,NA,21940.00,0
1777323505186,59850.00,32942.00,NA,21210.00,0
1777323505231,60410.00,33350.00,NA,21880.00,0
1777323505274,59950.00,33746.00,NA,21270.00,0
1777323505337,59810.00,33776.00,NA,21490.00,0
1777323505411,59690.00,34180.00,NA,21660.00,0
1777323505463,60590.00,34738.00,NA,21490.00,0
1777323505507,59910.00,34980.00,NA,21660.00,0
1777323505571,60170.00,34621.00,NA,21490.00,0
1777323505616,60160.00,34784.00,NA,21660.00,0
1777323505666,60570.00,35168.00,NA,21490.00,0
1777323505712,59880.00,35584.00,NA,21660.00,0
1777323505769,60020.00,35968.00,NA,21490.00,0
1777323505817,59920.00,36384.00,NA,21660.00,0
1777323505861,60380.00,36400.00,NA,21490.00,0
1777323505904,59620.00,36819.00,NA,21860.00,0
1777323505969,60570.00,37204.00,NA,21290.00,0
1777323506044,59910.00,37612.00,NA,22060.00,0
1777323506090,59530.00,37008.00,NA,21090.00,0
1777323506150,60340.00,37416.00,NA,21590.00,0
1777323506249,59950.00,37808.00,NA,21560.00,0
1777323506298,60230.00,38196.00,NA,21490.00,0
1777323506344,59870.00,38246.00,NA,21660.00,0
1777323506407,59810.00,38527.00,NA,21490.00,0
1777323506459,60050.00,39046.00,NA,21660.00,0
1777323506506,59610.00,39430.00,NA,21490.00,0
1777323506811,59680.00,38882.00,NA,21660.00,0
1777323506872,60010.00,39118.00,NA,21490.00,0
1777323506913,59880.00,39356.00,NA,21660.00,0
1777323506955,59970.00,39918.00,NA,21490.00,0
1777323506997,60030.00,40306.00,NA,21780.00,0
1777323507044,59770.00,40200.00,NA,21370.00,0
1777323507088,59830.00,40224.00,NA,21980.00,0
1777323507126,59720.00,39924.00,NA,21170.00,0
1777323507163,60090.00,39942.00,NA,21790.00,0
1777323507203,59250.00,39946.00,NA,21360.00,0
1777323507247,60220.00,39838.00,NA,21490.00,0
1777323507300,60210.00,40012.00,NA,21660.00,0
1777323507343,60100.00,39632.00,NA,21490.00,0
1777323507382,60440.00,40012.00,NA,21660.00,0
1777323507419,60340.00,39988.00,NA,21490.00,0
1777323507467,60060.00,39648.00,NA,21660.00,0
1777323507509,59610.00,39980.00,NA,21490.00,0
1777323507555,59990.00,39625.00,NA,21660.00,0
1777323507596,60290.00,39641.00,NA,21490.00,0
1777323507636,59990.00,39636.00,NA,21700.00,0
1777323507680,60270.00,39576.00,NA,21450.00,0
1777323507726,60100.00,39614.00,NA,21900.00,0
1777323507769,59930.00,39588.00,NA,21250.00,0
1777323507810,59640.00,39625.00,NA,21970.00,0
1777323507854,60170.00,39590.00,NA,21180.00,0
1777323507925,59980.00,39224.00,NA,21490.00,0
1777323507967,61120.00,39577.00,NA,21660.00,0
1777323508008,59950.00,39214.00,NA,21490.00,0
1777323508048,60320.00,39592.00,NA,21660.00,0
1777323508096,60120.00,39214.00,NA,21490.00,0
1777323508138,60340.00,39200.00,NA,21660.00,0
1777323508177,60560.00,39200.00,NA,21490.00,0
1777323508216,60680.00,39205.00,NA,21660.00,0
1777323508257,59380.00,39572.00,NA,21490.00,0
1777323508310,60200.00,38815.00,NA,21660.00,0
1777323508356,61010.00,39200.00,NA,21490.00,0
1777323508399,60020.00,39552.00,NA,21820.00,0
1777323508440,60240.00,39565.00,NA,21330.00,0
1777323508482,59750.00,39358.00,NA,22020.00,0
1777323508556,60400.00,38790.00,NA,21130.00,0
1777323508599,60420.00,38444.00,NA,21690.00,0
1777323508642,59620.00,38800.00,NA,21460.00,0
1777323508683,60180.00,39180.00,NA,21490.00,0
1777323508742,60030.00,38801.00,NA,21660.00,0
1777323508785,59840.00,38785.00,NA,21490.00,0
1777323508827,60140.00,38816.00,NA,21660.00,0
1777323508869,60460.00,39199.00,NA,21490.00,0
1777323508912,60170.00,39200.00,NA,21660.00,0
1777323508991,59500.00,38784.00,NA,21490.00,0
1777323509032,60240.00,38816.00,NA,21660.00,0
1777323509072,59820.00,38784.00,NA,21490.00,0
1777323509113,60180.00,38816.00,NA,21740.00,0
1777323509196,60130.00,38415.00,NA,21410.00,0
1777323509239,60090.00,38452.00,NA,21940.00,0
1777323509280,59540.00,38786.00,NA,21210.00,0
1777323509324,59870.00,38808.00,NA,21880.00,0
1777323509405,59870.00,38784.00,NA,21270.00,0
1777323509453,60270.00,38406.00,NA,21490.00,0
1777323509498,59690.00,38801.00,NA,21660.00,0
1777323509542,59760.00,38814.00,NA,21490.00,0
1777323509619,59740.00,38400.00,NA,21660.00,0
1777323509662,59910.00,38400.00,NA,21490.00,0
1777323509705,60010.00,38710.00,NA,21660.00,0
1777323509748,60390.00,38971.00,NA,21490.00,0
1777323509836,60180.00,38614.00,NA,21660.00,0
1777323509883,60330.00,38400.00,NA,21490.00,0
1777323509927,60390.00,38508.00,NA,21660.00,0
1777323509991,60480.00,38363.00,NA,21490.00,0
1777323510061,60120.00,38012.00,NA,21860.00,0
1777323510275,60040.00,36756.00,NA,21290.00,0
1777323510310,59930.00,36804.00,NA,22060.00,0
1777323510344,60080.00,37195.00,NA,21090.00,0
1777323510382,60190.00,37196.00,NA,21590.00,0
1777323510418,59990.00,37516.00,NA,21560.00,0
1777323510455,59680.00,37355.00,NA,21490.00,0
1777323510492,59830.00,37633.00,NA,21660.00,0
1777323510542,60300.00,37622.00,NA,21490.00,0
1777323510580,60100.00,37745.00,NA,21660.00,0
1777323510618,59690.00,37984.00,NA,21490.00,0
1777323510653,59460.00,38016.00,NA,21660.00,0
1777323510684,59850.00,37984.00,NA,21490.00,0
1777323510721,60530.00,38036.00,NA,21660.00,0
1777323510756,59420.00,38400.00,NA,21490.00,0
1777323510792,59880.00,38752.00,NA,21780.00,0
1777323510830,59840.00,38418.00,NA,21370.00,0
1777323510868,59980.00,38801.00,NA,21980.00,0
1777323510907,60270.00,38708.00,NA,21170.00,0
1777323510946,60470.00,38808.00,NA,21790.00,0
1777323510982,59860.00,39205.00,NA,21360.00,0
1777323511017,59880.00,39194.00,NA,21490.00,0
1777323511051,59740.00,39594.00,NA,21660.00,0
1777323511090,60020.00,39670.00,NA,21490.00,0
1777323511134,59990.00,39604.00,NA,21660.00,0
1777323511178,60650.00,39987.00,NA,21490.00,0
1777323511212,60320.00,40032.00,NA,21660.00,0
1777323511246,60340.00,40311.00,NA,21490.00,0
1777323511281,60780.00,40414.00,NA,21660.00,0
1777323511323,60100.00,40384.00,NA,21490.00,0
1777323511361,60790.00,40518.00,NA,21700.00,0
1777323511401,60450.00,40902.00,NA,21450.00,0
1777323511440,60850.00,40798.00,NA,21900.00,0
1777323511481,60700.00,40804.00,NA,21250.00,0
1777323511520,59500.00,40826.00,NA,21970.00,0
1777323511564,59710.00,41190.00,NA,21180.00,0
1777323511607,59380.00,41594.00,NA,21490.00,0
1777323511647,60370.00,42000.00,NA,21660.00,0
1777323511687,60000.00,42450.00,NA,21490.00,0
1777323511729,59480.00,42828.00,NA,21660.00,0
1777323511771,59870.00,43184.00,NA,21490.00,0
1777323511823,59250.00,43599.00,NA,21660.00,0
1777323511865,59840.00,43600.00,NA,21490.00,0
1777323511905,60150.00,44270.00,NA,21660.00,0
1777323511945,59700.00,43600.00,NA,21490.00,0
1777323511985,60270.00,43600.00,NA,21660.00,0
1777323512021,60010.00,43596.00,NA,21490.00,0
1777323512058,60150.00,43630.00,NA,21820.00,0
1777323512099,60510.00,43992.00,NA,21330.00,0
1777323512140,59450.00,43626.00,NA,22020.00,0
1777323512193,59800.00,43594.00,NA,21130.00,0
1777323512248,59680.00,43755.00,NA,21690.00,0
1777323512288,60360.00,43676.00,NA,21460.00,0
1777323512329,59980.00,43945.00,NA,21490.00,0
1777323512367,60220.00,43600.00,NA,21660.00,0
1777323512417,60230.00,43600.00,NA,21490.00,0
1777323512461,59350.00,43600.00,NA,21660.00,0
1777323512500,60170.00,43600.00,NA,21490.00,0
1777323512541,60090.00,43600.00,NA,21660.00,0
1777323512584,60010.00,43600.00,NA,21490.00,0
1777323512640,60180.00,43573.00,NA,21660.00,0
1777323512679,60350.00,43630.00,NA,21490.00,0
1777323512719,59860.00,43602.00,NA,21740.00,0
1777323512758,60460.00,43600.00,NA,21410.00,0
1777323512798,60050.00,43600.00,NA,21940.00,0
1777323512846,59720.00,43539.00,NA,21210.00,0
1777323512889,59770.00,44005.00,NA,21880.00,0
1777323512931,59740.00,43950.00,NA,21270.00,0
1777323512971,60240.00,43992.00,NA,21490.00,0
1777323513011,60070.00,44019.00,NA,21660.00,0
1777323513088,60030.00,43600.00,NA,21490.00,0
1777323513132,60760.00,43600.00,NA,21660.00,0
1777323513173,59840.00,43600.00,NA,21490.00,0
1777323513215,59800.00,43600.00,NA,21660.00,0
1777323513270,60510.00,43580.00,NA,21490.00,0
1777323513314,59920.00,44336.00,NA,21660.00,0
1777323513355,60200.00,43600.00,NA,21490.00,0
1777323513397,60320.00,43248.00,NA,21660.00,0
1777323513439,59930.00,43596.00,NA,21490.00,0
1777323513519,60540.00,43438.00,NA,21860.00,0
1777323513563,59650.00,43546.00,NA,21290.00,0
1777323513832,59990.00,41266.00,NA,22060.00,0
1777323513864,59900.00,41512.00,NA,21090.00,0
1777323513893,59860.00,41232.00,NA,21590.00,0
1777323513923,60370.00,41997.00,NA,21560.00,0
1777323513953,59720.00,42374.00,NA,21490.00,0
1777323513984,59560.00,42416.00,NA,21660.00,0
1777323514017,59810.00,42384.00,NA,21490.00,0
1777323514049,59740.00,42416.00,NA,21660.00,0
1777323514084,60090.00,42384.00,NA,21490.00,0
1777323514123,60450.00,42957.00,NA,21660.00,0
1777323514161,60370.00,42820.00,NA,21490.00,0
1777323514197,59790.00,43151.00,NA,21660.00,0
1777323514234,59790.00,43075.00,NA,21490.00,0
1777323514273,60690.00,43212.00,NA,21780.00,0
1777323514307,60350.00,43192.00,NA,21370.00,0
1777323514341,59590.00,43595.00,NA,21980.00,0
1777323514374,60070.00,43596.00,NA,21170.00,0
1777323514411,59900.00,43973.00,NA,21790.00,0
1777323514453,59800.00,43936.00,NA,21360.00,0
1777323514507,60160.00,43942.00,NA,21490.00,0
1777323514547,60200.00,43989.00,NA,21660.00,0
1777323514588,59720.00,44014.00,NA,21490.00,0
1777323514627,60110.00,44360.00,NA,21660.00,0
1777323514666,60180.00,44400.00,NA,21490.00,0
1777323514728,60210.00,44016.00,NA,21660.00,0
1777323514768,59830.00,44212.00,NA,21490.00,0
1777323514808,59360.00,44403.00,NA,21660.00,0
1777323514850,60640.00,44420.00,NA,21490.00,0
1777323514891,59910.00,44756.00,NA,21700.00,0
1777323514939,59950.00,44651.00,NA,21450.00,0
1777323514980,59170.00,44814.00,NA,21900.00,0
1777323515019,60040.00,45201.00,NA,21250.00,0
1777323515060,60270.00,45167.00,NA,21970.00,0
1777323515104,59520.00,44982.00,NA,21180.00,0
1777323515160,59970.00,45606.00,NA,21490.00,0
1777323515199,60470.00,46118.00,NA,21660.00,0
1777323515239,59690.00,46396.00,NA,21490.00,0
1777323515277,59690.00,46812.00,NA,21660.00,0
1777323515323,59990.00,46788.00,NA,21490.00,0
1777323515364,59740.00,46785.00,NA,21660.00,0
1777323515402,59930.00,46386.00,NA,21490.00,0
1777323515439,59850.00,46780.00,NA,21660.00,0
1777323515477,60200.00,46384.00,NA,21490.00,0
1777323515522,60400.00,46155.00,NA,21660.00,0
1777323515577,59770.00,46384.00,NA,21490.00,0
1777323515616,59430.00,46416.00,NA,21820.00,0
1777323515659,59680.00,46388.00,NA,21330.00,0
1777323515698,60010.00,46026.00,NA,22020.00,0
1777323515741,60080.00,46033.00,NA,21130.00,0
1777323515778,59660.00,45996.00,NA,21690.00,0
1777323515816,60460.00,46008.00,NA,21460.00,0
1777323515854,59780.00,46373.00,NA,21490.00,0
1777323515896,59920.00,46012.00,NA,21660.00,0
1777323515954,60300.00,45988.00,NA,21490.00,0
1777323516010,59670.00,45610.00,NA,21660.00,0
1777323516050,59270.00,45584.00,NA,21490.00,0
1777323516091,60290.00,45616.00,NA,21660.00,0
1777323516132,59910.00,45915.00,NA,21490.00,0
1777323516209,60410.00,45200.00,NA,21660.00,0
1777323516250,60100.00,45200.00,NA,21490.00,0
1777323516290,60110.00,45200.00,NA,21740.00,0
1777323516329,59770.00,45204.00,NA,21410.00,0
1777323516392,60400.00,44810.00,NA,21940.00,0
1777323516433,59100.00,44790.00,NA,21210.00,0
1777323516472,59910.00,44808.00,NA,21880.00,0
1777323516512,59670.00,44796.00,NA,21270.00,0
1777323516778,59930.00,42807.00,NA,21490.00,0
1777323516813,59980.00,42800.00,NA,21660.00,0
1777323516844,60140.00,42553.00,NA,21490.00,0
1777323516877,60230.00,42800.00,NA,21660.00,0
1777323516911,60800.00,42820.00,NA,21490.00,0
1777323516949,59490.00,43216.00,NA,21660.00,0
1777323516986,60310.00,43184.00,NA,21490.00,0
1777323517021,59990.00,43142.00,NA,21660.00,0
1777323517058,60160.00,43225.00,NA,21490.00,0
1777323517097,60450.00,43212.00,NA,21660.00,0
1777323517135,60040.00,43188.00,NA,21490.00,0
1777323517172,59600.00,43212.00,NA,21860.00,0
1777323517211,60620.00,43765.00,NA,21290.00,0
1777323517259,60330.00,43586.00,NA,22060.00,0
1777323517297,60330.00,43220.00,NA,21090.00,0
1777323517340,59820.00,43409.00,NA,21590.00,0
1777323517376,59820.00,43586.00,NA,21560.00,0
1777323517413,60290.00,43602.00,NA,21490.00,0
1777323517446,60110.00,43552.00,NA,21660.00,0
1777323517480,59990.00,43600.00,NA,21490.00,0
1777323517516,59990.00,43600.00,NA,21660.00,0
1777323517554,59980.00,43972.00,NA,21490.00,0
1777323517593,59670.00,43630.00,NA,21660.00,0
1777323517631,60110.00,44105.00,NA,21490.00,0
1777323517682,59770.00,43929.00,NA,21660.00,0
1777323517720,59970.00,43984.00,NA,21490.00,0
1777323517758,59580.00,44012.00,NA,21780.00,0
1777323517800,59260.00,43969.00,NA,21370.00,0
1777323517839,60040.00,44070.00,NA,21980.00,0
1777323517897,60250.00,43956.00,NA,21170.00,0
1777323517937,60560.00,44119.00,NA,21790.00,0
1777323517979,59980.00,44002.00,NA,21360.00,0
1777323518021,60470.00,43909.00,NA,21490.00,0
1777323518071,59480.00,44016.00,NA,21660.00,0
1777323518126,59620.00,43984.00,NA,21490.00,0
1777323518164,59950.00,44016.00,NA,21660.00,0
1777323518204,60640.00,44352.00,NA,21490.00,0
1777323518243,59910.00,44035.00,NA,21660.00,0
1777323518285,59740.00,43844.00,NA,21490.00,0
1777323518325,60400.00,44036.00,NA,21660.00,0
1777323518365,60090.00,44400.00,NA,21490.00,0
1777323518406,59620.00,44339.00,NA,21700.00,0
1777323518447,59910.00,44401.00,NA,21450.00,0
1777323518491,59390.00,44414.00,NA,21900.00,0
1777323518544,60380.00,44462.00,NA,21250.00,0
1777323518586,60120.00,44782.00,NA,21970.00,0
1777323518628,59660.00,45176.00,NA,21180.00,0
1777323518667,60070.00,45580.00,NA,21490.00,0
1777323518718,60710.00,45831.00,NA,21660.00,0
1777323518759,60370.00,46370.00,NA,21490.00,0
1777323519029,60020.00,46786.00,NA,21660.00,0
1777323519066,59730.00,43727.00,NA,21490.00,0
1777323519097,60190.00,43630.00,NA,21660.00,0
1777323519127,60190.00,43655.00,NA,21490.00,0
1777323519160,59560.00,44016.00,NA,21660.00,0
1777323519198,60110.00,43984.00,NA,21490.00,0
1777323519235,59430.00,44016.00,NA,21660.00,0
1777323519270,60440.00,43971.00,NA,21490.00,0
1777323519308,60300.00,44012.00,NA,21820.00,0
1777323519345,59680.00,43992.00,NA,21330.00,0
1777323519382,59440.00,43990.00,NA,22020.00,0
1777323519421,59830.00,43624.00,NA,21130.00,0
1777323519461,60010.00,44001.00,NA,21690.00,0
1777323519511,60100.00,43941.00,NA,21460.00,0
1777323519551,60010.00,44114.00,NA,21490.00,0
1777323519591,59890.00,44016.00,NA,21660.00,0
1777323519631,60220.00,43984.00,NA,21490.00,0
1777323519668,59540.00,44015.00,NA,21660.00,0
1777323519706,59900.00,43924.00,NA,21490.00,0
1777323519746,59630.00,44030.00,NA,21660.00,0
1777323519784,60260.00,44369.00,NA,21490.00,0
1777323519820,60500.00,44036.00,NA,21660.00,0
1777323519856,59860.00,44311.00,NA,21490.00,0
1777323519897,59690.00,44032.00,NA,21740.00,0
1777323519947,59500.00,44234.00,NA,21410.00,0
1777323519988,60290.00,44398.00,NA,21940.00,0
1777323520031,59900.00,44101.00,NA,21210.00,0
1777323520071,59860.00,44388.00,NA,21880.00,0
1777323520117,59790.00,44265.00,NA,21270.00,0
1777323520159,60150.00,44398.00,NA,21490.00,0
1777323520200,60310.00,44239.00,NA,21660.00,0
1777323520243,59780.00,44344.00,NA,21490.00,0
1777323520285,60200.00,44329.00,NA,21660.00,0
1777323520328,60340.00,44057.00,NA,21490.00,0
1777323520369,60470.00,44400.00,NA,21660.00,0
1777323520410,60220.00,44400.00,NA,21490.00,0
1777323520453,60270.00,44036.00,NA,21660.00,0
1777323520495,60470.00,44352.00,NA,21490.00,0
1777323520542,59520.00,44484.00,NA,21660.00,0
1777323520581,60180.00,44355.00,NA,21490.00,0
1777323520623,60210.00,44347.00,NA,21860.00,0
1777323520665,60450.00,44345.00,NA,21290.00,0
1777323520706,60260.00,44400.00,NA,22060.00,0
1777323520751,60420.00,44405.00,NA,21090.00,0
1777323520795,59610.00,44386.00,NA,21590.00,0
1777323520841,60540.00,44010.00,NA,21560.00,0
1777323521054,59970.00,43986.00,NA,21490.00,0
1777323521096,59720.00,42436.00,NA,21660.00,0
1777323521134,59970.00,42468.00,NA,21490.00,0
1777323521172,60370.00,43182.00,NA,21660.00,0
1777323521211,60330.00,43130.00,NA,21490.00,0
1777323521245,59800.00,43170.00,NA,21660.00,0
1777323521276,60020.00,43184.00,NA,21490.00,0
1777323521309,59820.00,43212.00,NA,21660.00,0
1777323521347,60590.00,43261.00,NA,21490.00,0
1777323521386,60200.00,43572.00,NA,21780.00,0
1777323521425,59940.00,43600.00,NA,21370.00,0
1777323521463,59390.00,43600.00,NA,21980.00,0
1777323521502,59980.00,43596.00,NA,21170.00,0
1777323521536,60340.00,43604.00,NA,21790.00,0
1777323521570,59390.00,44002.00,NA,21360.00,0
1777323521602,59550.00,44398.00,NA,21490.00,0
1777323521639,59810.00,44808.00,NA,21660.00,0
1777323521680,60540.00,45192.00,NA,21490.00,0
1777323521732,59990.00,45608.00,NA,21660.00,0
1777323521770,60180.00,45999.00,NA,21490.00,0
1777323521810,60060.00,46000.00,NA,21660.00,0
1777323521849,59640.00,46181.00,NA,21490.00,0
1777323521887,59700.00,45988.00,NA,21660.00,0
1777323521925,60010.00,45614.00,NA,21490.00,0
1777323521966,60080.00,45988.00,NA,21700.00,0
1777323522005,60300.00,45971.00,NA,21450.00,0
1777323522045,59650.00,45614.00,NA,21900.00,0
1777323522085,60450.00,45588.00,NA,21250.00,0
1777323522126,60040.00,45284.00,NA,21970.00,0
1777323522169,60430.00,45850.00,NA,21180.00,0
1777323522207,59850.00,45606.00,NA,21490.00,0
1777323522249,59010.00,45604.00,NA,21660.00,0
1777323522288,59620.00,45596.00,NA,21490.00,0
1777323522334,59960.00,45502.00,NA,21660.00,0
1777323522389,60030.00,45572.00,NA,21490.00,0
1777323522429,59450.00,45596.00,NA,21660.00,0
1777323522470,59860.00,45200.00,NA,21490.00,0
1777323522511,60470.00,45200.00,NA,21660.00,0
1777323522557,59800.00,45186.00,NA,21490.00,0
1777323522597,59110.00,45200.00,NA,21660.00,0
1777323522640,59860.00,45104.00,NA,21490.00,0
1777323522681,60060.00,45200.00,NA,21820.00,0
1777323522722,60000.00,45204.00,NA,21330.00,0
1777323522770,60170.00,45069.00,NA,22020.00,0
1777323522812,59370.00,45200.00,NA,21130.00,0
1777323522860,60090.00,45123.00,NA,21690.00,0
1777323522903,60210.00,45208.00,NA,21460.00,0
1777323522945,59510.00,45010.00,NA,21490.00,0
1777323523021,59930.00,44810.00,NA,21660.00,0
1777323523065,59610.00,44784.00,NA,21490.00,0
1777323523110,59920.00,45179.00,NA,21660.00,0
1777323523152,60270.00,44784.00,NA,21490.00,0
1777323523227,59790.00,44400.00,NA,21660.00,0
1777323523273,59820.00,44565.00,NA,21490.00,0
1777323523317,59830.00,44400.00,NA,21660.00,0
1777323523360,59920.00,44400.00,NA,21490.00,0
1777323523440,60320.00,44014.00,NA,21740.00,0
1777323523487,59670.00,43990.00,NA,21410.00,0
1777323523708,59800.00,42550.00,NA,21940.00,0
1777323523743,60360.00,42768.00,NA,21210.00,0
1777323523772,59980.00,42699.00,NA,21880.00,0
1777323523804,60180.00,42791.00,NA,21270.00,0
1777323523841,60630.00,43191.00,NA,21490.00,0
1777323523873,59900.00,43599.00,NA,21660.00,0
1777323523908,60200.00,43983.00,NA,21490.00,0
1777323523945,59710.00,44399.00,NA,21660.00,0
1777323523982,60160.00,44783.00,NA,21490.00,0
1777323524017,60090.00,45199.00,NA,21660.00,0
1777323524054,59860.00,45200.00,NA,21490.00,0
1777323524091,60430.00,45200.00,NA,21660.00,0
1777323524130,59650.00,45200.00,NA,21490.00,0
1777323524164,59920.00,44839.00,NA,21660.00,0
1777323524202,60140.00,45200.00,NA,21490.00,0
1777323524241,59530.00,45090.00,NA,21860.00,0
1777323524280,59860.00,45186.00,NA,21290.00,0
1777323524325,59530.00,45184.00,NA,22060.00,0
1777323524373,59700.00,44792.00,NA,21090.00,0
1777323524414,59510.00,44808.00,NA,21590.00,0
1777323524453,59900.00,44802.00,NA,21560.00,0
1777323524498,59570.00,44790.00,NA,21490.00,0
1777323524536,59770.00,44812.00,NA,21660.00,0
1777323524577,59880.00,44784.00,NA,21490.00,0
1777323524627,59780.00,44816.00,NA,21660.00,0
1777323524666,60250.00,44784.00,NA,21490.00,0
1777323524703,60110.00,44816.00,NA,21660.00,0
1777323524741,60070.00,44784.00,NA,21490.00,0
1777323524778,59520.00,44816.00,NA,21660.00,0
1777323524839,60480.00,44763.00,NA,21490.00,0
1777323524876,59820.00,44768.00,NA,21780.00,0
1777323524916,60490.00,44776.00,NA,21370.00,0
1777323524951,59860.00,44808.00,NA,21980.00,0
1777323525001,60100.00,44424.00,NA,21170.00,0
1777323525052,59400.00,44062.00,NA,21790.00,0
1777323525091,59760.00,44760.00,NA,21360.00,0
1777323525131,60190.00,44976.00,NA,21490.00,0
1777323525347,59780.00,42800.00,NA,21660.00,0
1777323525380,59680.00,43172.00,NA,21490.00,0
1777323525412,59640.00,43168.00,NA,21660.00,0
1777323525450,60200.00,43118.00,NA,21490.00,0
1777323525487,60320.00,43216.00,NA,21660.00,0
1777323525528,60370.00,43359.00,NA,21490.00,0
1777323525569,60430.00,43216.00,NA,21660.00,0
1777323525606,60300.00,43184.00,NA,21490.00,0
1777323525644,60230.00,43282.00,NA,21700.00,0
1777323525675,59680.00,43228.00,NA,21450.00,0
1777323525711,59620.00,43601.00,NA,21900.00,0
1777323525746,59940.00,43833.00,NA,21250.00,0
1777323525784,60060.00,43600.00,NA,21970.00,0
1777323525820,59530.00,43954.00,NA,21180.00,0
1777323525857,60710.00,43608.00,NA,21490.00,0
1777323525893,59820.00,44014.00,NA,21660.00,0
1777323525929,60250.00,44398.00,NA,21490.00,0
1777323525969,60030.00,44696.00,NA,21660.00,0
1777323526027,60380.00,45198.00,NA,21490.00,0
1777323526063,60210.00,45613.00,NA,21660.00,0
1777323526101,60370.00,45584.00,NA,21490.00,0
1777323526136,60860.00,45616.00,NA,21660.00,0
1777323526172,59850.00,44980.00,NA,21490.00,0
1777323526209,59870.00,45616.00,NA,21660.00,0
1777323526250,59450.00,45584.00,NA,21490.00,0
1777323526283,60340.00,45612.00,NA,21820.00,0
1777323526317,60140.00,45224.00,NA,21330.00,0
1777323526350,60710.00,45465.00,NA,22020.00,0
1777323526389,60180.00,45516.00,NA,21130.00,0
1777323526426,59600.00,45608.00,NA,21690.00,0
1777323526464,59780.00,45600.00,NA,21460.00,0
1777323526504,59240.00,45548.00,NA,21490.00,0
1777323526546,59890.00,45604.00,NA,21660.00,0
1777323526594,60180.00,45194.00,NA,21490.00,0
1777323526660,59830.00,44836.00,NA,21660.00,0
1777323526701,59740.00,45199.00,NA,21490.00,0
1777323526739,59810.00,45200.00,NA,21660.00,0
1777323526777,59390.00,45125.00,NA,21490.00,0
1777323526818,59960.00,45176.00,NA,21660.00,0
1777323526860,59990.00,45200.00,NA,21490.00,0
1777323526901,59520.00,44836.00,NA,21740.00,0
1777323526939,59380.00,44818.00,NA,21410.00,0
1777323526976,59630.00,45184.00,NA,21940.00,0
1777323527027,59900.00,44790.00,NA,21210.00,0
1777323527064,60420.00,44818.00,NA,21880.00,0
1777323527102,60730.00,45186.00,NA,21270.00,0
1777323527140,59650.00,45305.00,NA,21490.00,0
1777323527180,60080.00,44848.00,NA,21660.00,0
1777323527229,60370.00,44515.00,NA,21490.00,0
1777323527290,60010.00,44644.00,NA,21660.00,0
1777323527333,60450.00,44885.00,NA,21490.00,0
1777323527376,60040.00,44816.00,NA,21660.00,0
1777323527417,59410.00,44784.00,NA,21490.00,0
1777323527497,60100.00,44785.00,NA,21660.00,0
1777323527541,60270.00,44414.00,NA,21490.00,0
1777323527582,60370.00,44400.00,NA,21660.00,0
1777323527622,60040.00,44500.00,NA,21490.00,0
1777323527916,60430.00,42014.00,NA,21860.00,0
1777323527951,59700.00,42399.00,NA,21290.00,0
1777323527988,59310.00,42426.00,NA,22060.00,0
1777323528025,60180.00,42553.00,NA,21090.00,0
1777323528062,60260.00,42812.00,NA,21590.00,0
1777323528100,59970.00,42837.00,NA,21560.00,0
1777323528149,60130.00,42802.00,NA,21490.00,0
1777323528187,59910.00,43215.00,NA,21660.00,0
1777323528224,60670.00,43184.00,NA,21490.00,0
1777323528262,60050.00,43216.00,NA,21660.00,0
1777323528303,59640.00,43024.00,NA,21490.00,0
1777323528346,59510.00,43216.00,NA,21660.00,0
1777323528387,59940.00,43598.00,NA,21490.00,0
1777323528423,60350.00,43600.00,NA,21660.00,0
1777323528462,59780.00,43596.00,NA,21490.00,0
1777323528517,60020.00,43604.00,NA,21780.00,0
1777323528561,60050.00,43992.00,NA,21370.00,0
1777323528752,59830.00,43600.00,NA,21980.00,0
1777323528787,60190.00,43596.00,NA,21170.00,0
1777323528820,60050.00,43604.00,NA,21790.00,0
1777323528856,61100.00,43594.00,NA,21360.00,0
1777323528892,60430.00,43606.00,NA,21490.00,0
1777323528928,60360.00,43600.00,NA,21660.00,0
1777323528982,60310.00,43600.00,NA,21490.00,0
1777323529021,59560.00,43611.00,NA,21660.00,0
1777323529060,60410.00,43555.00,NA,21490.00,0
1777323529096,59680.00,43600.00,NA,21660.00,0
1777323529135,60050.00,43600.00,NA,21490.00,0
1777323529173,60250.00,43589.00,NA,21660.00,0
1777323529209,59970.00,43582.00,NA,21490.00,0
1777323529241,59590.00,43625.00,NA,21700.00,0
1777323529273,60240.00,43598.00,NA,21450.00,0
1777323529304,60110.00,43602.00,NA,21900.00,0
1777323529336,60050.00,43624.00,NA,21250.00,0
1777323529370,60130.00,44008.00,NA,21970.00,0
1777323529411,60370.00,43838.00,NA,21180.00,0
1777323529450,60340.00,43996.00,NA,21490.00,0
1777323529482,60400.00,44014.00,NA,21660.00,0
1777323529517,60170.00,43950.00,NA,21490.00,0
1777323529553,59920.00,44025.00,NA,21660.00,0
1777323529595,59870.00,44382.00,NA,21490.00,0
1777323529639,59970.00,44388.00,NA,21660.00,0
1777323529679,59830.00,44014.00,NA,21490.00,0
1777323529719,59210.00,44016.00,NA,21660.00,0
1777323529758,59650.00,43984.00,NA,21490.00,0
1777323529794,59890.00,44399.00,NA,21660.00,0
1777323529834,59800.00,44120.00,NA,21490.00,0
1777323529875,59850.00,44279.00,NA,21820.00,0
1777323529916,59460.00,44400.00,NA,21330.00,0
1777323529959,59960.00,44400.00,NA,22020.00,0
1777323530000,60060.00,44400.00,NA,21130.00,0
1777323530048,59970.00,44764.00,NA,21690.00,0
1777323530091,60310.00,44402.00,NA,21460.00,0
1777323530134,60280.00,44100.00,NA,21490.00,0
1777323530172,60320.00,44430.00,NA,21660.00,0
1777323530212,59800.00,44814.00,NA,21490.00,0
1777323530267,60380.00,45230.00,NA,21660.00,0
1777323530311,59860.00,45614.00,NA,21490.00,0
1777323530355,60770.00,45922.00,NA,21660.00,0
1777323530398,59070.00,45982.00,NA,21490.00,0
1777323530437,59620.00,45616.00,NA,21660.00,0
1777323530479,59710.00,45571.00,NA,21490.00,0
1777323530528,59960.00,45616.00,NA,21740.00,0
1777323530715,60050.00,43978.00,NA,21410.00,0
1777323530748,59980.00,44023.00,NA,21940.00,0
1777323530777,60130.00,43636.00,NA,21210.00,0
1777323530812,59100.00,43642.00,NA,21880.00,0
1777323530849,59790.00,43998.00,NA,21270.00,0
1777323530887,59990.00,43992.00,NA,21490.00,0
1777323530923,60230.00,44368.00,NA,21660.00,0
1777323530969,60740.00,44024.00,NA,21490.00,0
1777323531012,59900.00,44186.00,NA,21660.00,0
1777323531049,59530.00,43984.00,NA,21490.00,0
1777323531086,60140.00,44016.00,NA,21660.00,0
1777323531122,59450.00,44352.00,NA,21490.00,0
1777323531162,59030.00,44375.00,NA,21660.00,0
1777323531202,60040.00,43984.00,NA,21490.00,0
1777323531241,60430.00,44016.00,NA,21660.00,0
1777323531284,59110.00,43984.00,NA,21490.00,0
1777323531323,60230.00,44012.00,NA,21860.00,0
1777323531363,59840.00,43541.00,NA,21290.00,0
1777323531401,60040.00,44291.00,NA,22060.00,0
1777323531433,59930.00,43978.00,NA,21090.00,0
1777323531470,59890.00,44000.00,NA,21590.00,0
1777323531507,59280.00,44010.00,NA,21560.00,0
1777323531545,60230.00,43896.00,NA,21490.00,0
1777323531583,59670.00,44016.00,NA,21660.00,0
1777323531622,59910.00,44399.00,NA,21490.00,0
1777323531662,60110.00,44400.00,NA,21660.00,0
1777323531699,60390.00,44748.00,NA,21490.00,0
1777323531734,60690.00,44400.00,NA,21660.00,0
1777323531775,59970.00,44400.00,NA,21490.00,0
1777323531825,59770.00,44328.00,NA,21660.00,0
1777323531863,60340.00,44400.00,NA,21490.00,0
1777323531999,59590.00,43212.00,NA,21780.00,0
1777323532039,59840.00,43556.00,NA,21370.00,0
1777323532076,60400.00,43560.00,NA,21980.00,0
1777323532112,60160.00,43565.00,NA,21170.00,0
1777323532150,59370.00,43226.00,NA,21790.00,0
1777323532186,60060.00,43582.00,NA,21360.00,0
1777323532223,60090.00,43957.00,NA,21490.00,0
1777323532261,59520.00,43978.00,NA,21660.00,0
1777323532298,60070.00,43972.00,NA,21490.00,0
1777323532336,59860.00,44195.00,NA,21660.00,0
1777323532375,60170.00,43921.00,NA,21490.00,0
1777323532415,59910.00,44016.00,NA,21660.00,0
1777323532453,60600.00,44382.00,NA,21490.00,0
1777323532490,59670.00,44400.00,NA,21660.00,0
1777323532527,59670.00,44400.00,NA,21490.00,0
1777323532567,60140.00,44400.00,NA,21700.00,0
1777323532609,59780.00,44402.00,NA,21450.00,0
1777323532651,59950.00,44713.00,NA,21900.00,0
1777323532689,59690.00,45103.00,NA,21250.00,0
1777323532730,60240.00,45511.00,NA,21970.00,0
1777323532769,60080.00,45905.00,NA,21180.00,0
1777323532810,60120.00,46309.00,NA,21490.00,0
1777323532856,60350.00,46715.00,NA,21660.00,0
1777323532904,60350.00,46664.00,NA,21490.00,0
1777323532943,59900.00,46812.00,NA,21660.00,0
1777323532984,59620.00,46788.00,NA,21490.00,0
1777323533025,59850.00,46916.00,NA,21660.00,0
1777323533077,60140.00,46416.00,NA,21490.00,0
1777323533118,59250.00,46750.00,NA,21660.00,0
1777323533156,59990.00,46798.00,NA,21490.00,0
1777323533194,59960.00,46757.00,NA,21660.00,0
1777323533234,59730.00,46711.00,NA,21490.00,0
1777323533283,60170.00,46772.00,NA,21820.00,0
1777323533337,60510.00,46293.00,NA,21330.00,0
1777323533377,59590.00,46464.00,NA,22020.00,0
1777323533420,60330.00,46388.00,NA,21130.00,0
1777323533459,60270.00,46412.00,NA,21690.00,0
1777323533501,59460.00,46394.00,NA,21460.00,0
1777323533543,60310.00,46422.00,NA,21490.00,0
1777323533584,59810.00,46404.00,NA,21660.00,0
1777323533627,60170.00,46788.00,NA,21490.00,0
1777323533669,59910.00,47204.00,NA,21660.00,0
1777323533716,60730.00,47588.00,NA,21490.00,0
1777323533759,59440.00,48004.00,NA,21660.00,0
1777323533804,59560.00,47978.00,NA,21490.00,0
1777323533843,59890.00,47964.00,NA,21660.00,0
1777323533881,59810.00,47952.00,NA,21490.00,0
1777323533924,59770.00,47215.00,NA,21740.00,0
1777323533968,59900.00,47967.00,NA,21410.00,0
1777323534010,60110.00,47952.00,NA,21940.00,0
1777323534048,59660.00,47604.00,NA,21210.00,0
1777323534088,59970.00,47596.00,NA,21880.00,0
1777323534308,59960.00,47388.00,NA,21270.00,0
1777323534365,59670.00,45196.00,NA,21490.00,0
1777323534405,59940.00,45246.00,NA,21660.00,0
1777323534445,60510.00,45190.00,NA,21490.00,0
1777323534484,60280.00,45200.00,NA,21660.00,0
1777323534525,59220.00,45200.00,NA,21490.00,0
1777323534596,60200.00,44816.00,NA,21660.00,0
1777323534637,59570.00,44784.00,NA,21490.00,0
1777323534678,59630.00,44816.00,NA,21660.00,0
1777323534721,60220.00,44784.00,NA,21490.00,0
1777323534768,60670.00,44801.00,NA,21660.00,0
1777323534809,60280.00,44772.00,NA,21490.00,0
1777323534848,60500.00,44798.00,NA,21860.00,0
1777323534888,60580.00,44776.00,NA,21290.00,0
1777323534928,59630.00,44807.00,NA,22060.00,0
1777323534984,59430.00,44109.00,NA,21090.00,0
1777323535029,59410.00,44400.00,NA,21590.00,0
1777323535072,59640.00,44788.00,NA,21560.00,0
1777323535117,59860.00,44765.00,NA,21490.00,0
1777323535157,60030.00,44400.00,NA,21660.00,0
1777323535235,60610.00,44382.00,NA,21490.00,0
1777323535278,59910.00,44400.00,NA,21660.00,0
1777323535319,59890.00,44400.00,NA,21490.00,0
1777323535360,60070.00,44400.00,NA,21660.00,0
1777323535434,59870.00,43984.00,NA,21490.00,0
1777323535478,59770.00,44029.00,NA,21660.00,0
1777323535523,60130.00,43984.00,NA,21490.00,0
1777323535566,59750.00,44012.00,NA,21780.00,0
1777323535623,59740.00,44368.00,NA,21370.00,0
1777323535670,60320.00,44808.00,NA,21980.00,0
1777323535716,60390.00,45200.00,NA,21170.00,0
1777323535757,60040.00,45200.00,NA,21790.00,0
1777323535808,59810.00,45162.00,NA,21360.00,0
1777323535874,60060.00,44094.00,NA,21490.00,0
1777323536118,59780.00,44400.00,NA,21660.00,0
1777323536175,59950.00,42020.00,NA,21490.00,0
1777323536215,59260.00,42398.00,NA,21660.00,0
1777323536257,60160.00,42111.00,NA,21490.00,0
1777323536301,60400.00,42030.00,NA,21660.00,0
1777323536350,59960.00,41996.00,NA,21490.00,0
1777323536390,59920.00,42004.00,NA,21660.00,0
1777323536429,60150.00,41996.00,NA,21490.00,0
1777323536470,60290.00,42004.00,NA,21700.00,0
1777323536511,60220.00,41906.00,NA,21450.00,0
1777323536558,60190.00,41499.00,NA,21900.00,0
1777323536600,60270.00,41624.00,NA,21250.00,0
1777323536641,59700.00,41626.00,NA,21970.00,0
1777323536681,60350.00,41626.00,NA,21180.00,0
1777323536722,59550.00,41594.00,NA,21490.00,0
1777323536775,59850.00,41513.00,NA,21660.00,0
1777323536816,59890.00,41952.00,NA,21490.00,0
1777323536854,60010.00,41616.00,NA,21660.00,0
1777323536891,59650.00,41952.00,NA,21490.00,0
1777323536930,59730.00,42000.00,NA,21660.00,0
1777323536988,59620.00,42384.00,NA,21490.00,0
1777323537029,59600.00,42775.00,NA,21660.00,0
1777323537076,60620.00,42388.00,NA,21490.00,0
1777323537116,60400.00,42048.00,NA,21660.00,0
1777323537157,59600.00,42388.00,NA,21490.00,0
1777323537200,60030.00,42361.00,NA,21820.00,0
1777323537240,60130.00,42380.00,NA,21330.00,0
1777323537281,59520.00,42032.00,NA,22020.00,0
1777323537322,59930.00,42003.00,NA,21130.00,0
1777323537364,60050.00,42012.00,NA,21690.00,0
1777323537416,60410.00,41971.00,NA,21460.00,0
1777323537459,60580.00,42004.00,NA,21490.00,0
1777323537498,59510.00,42205.00,NA,21660.00,0
1777323537537,59340.00,42000.00,NA,21490.00,0
1777323537576,60380.00,42000.00,NA,21660.00,0
1777323537626,59500.00,41600.00,NA,21490.00,0
1777323537669,60350.00,41990.00,NA,21660.00,0
1777323537710,60300.00,41978.00,NA,21490.00,0
1777323537750,60060.00,41992.00,NA,21660.00,0
1777323537790,60090.00,41614.00,NA,21490.00,0
1777323537866,59830.00,41600.00,NA,21740.00,0
1777323537908,60690.00,41651.00,NA,21410.00,0
1777323537951,60100.00,41596.00,NA,21940.00,0
1777323537992,59810.00,41519.00,NA,21210.00,0
1777323538036,60210.00,41457.00,NA,21880.00,0
1777323538078,60070.00,41608.00,NA,21270.00,0
1777323538117,60750.00,41592.00,NA,21490.00,0
1777323538343,60090.00,41616.00,NA,21660.00,0
1777323538395,59780.00,39964.00,NA,21490.00,0
1777323538434,60050.00,39635.00,NA,21660.00,0
1777323538475,58970.00,39618.00,NA,21490.00,0
1777323538517,59560.00,40340.00,NA,21660.00,0
1777323538566,59600.00,39584.00,NA,21490.00,0
1777323538606,59710.00,39616.00,NA,21660.00,0
1777323538647,60640.00,39584.00,NA,21490.00,0
1777323538688,60110.00,39621.00,NA,21660.00,0
1777323538727,60070.00,40273.00,NA,21490.00,0
1777323538778,59970.00,39636.00,NA,21860.00,0
1777323538818,60430.00,39618.00,NA,21290.00,0
1777323538858,60060.00,39984.00,NA,22060.00,0
1777323538897,60520.00,39973.00,NA,21090.00,0
1777323538939,59860.00,39999.00,NA,21590.00,0
1777323538991,59860.00,39602.00,NA,21560.00,0
1777323539030,60320.00,39598.00,NA,21490.00,0
1777323539070,60320.00,39968.00,NA,21660.00,0
1777323539111,59260.00,39811.00,NA,21490.00,0
1777323540305,60080.00,31186.00,NA,21660.00,0
1777323540365,59950.00,30807.00,NA,21490.00,0
1777323540398,59950.00,30498.00,NA,21660.00,0
1777323540433,59810.00,30510.00,NA,21490.00,0
1777323540479,59650.00,30142.00,NA,21660.00,0
1777323540528,59820.00,29735.00,NA,21490.00,0
1777323540567,60550.00,29422.00,NA,21780.00,0
1777323540606,60150.00,29102.00,NA,21370.00,0
1777323540645,59690.00,29082.00,NA,21980.00,0
1777323540685,60180.00,28730.00,NA,21170.00,0
1777323540726,60040.00,28012.00,NA,21790.00,0
1777323540907,59430.00,27951.00,NA,21360.00,0
1777323540941,60320.00,26862.00,NA,21490.00,0
1777323540969,59920.00,26910.00,NA,21660.00,0
1777323541000,59470.00,26942.00,NA,21490.00,0
1777323541035,60760.00,26990.00,NA,21660.00,0
1777323541069,59070.00,27022.00,NA,21490.00,0
1777323541103,59880.00,27070.00,NA,21660.00,0
1777323541138,60090.00,27102.00,NA,21490.00,0
1777323541172,59790.00,26766.00,NA,21660.00,0
1777323541208,60110.00,26382.00,NA,21490.00,0
1777323541242,60350.00,26046.00,NA,21700.00,0
1777323541278,59670.00,25664.00,NA,21450.00,0
1777323541306,60380.00,25346.00,NA,21900.00,0
1777323541337,60540.00,25362.00,NA,21250.00,0
1777323541370,59380.00,24990.00,NA,21970.00,0
1777323541403,59440.00,24996.00,NA,21180.00,0
1777323541438,59870.00,24300.00,NA,21490.00,0
1777323541473,60220.00,24256.00,NA,21660.00,0
1777323541509,59810.00,23964.00,NA,21490.00,0
1777323541543,60020.00,23692.00,NA,21660.00,0
1777323541584,60450.00,23242.00,NA,21490.00,0
1777323541619,59770.00,22882.00,NA,21660.00,0
1777323541651,60270.00,22546.00,NA,21490.00,0
1777323541682,59850.00,22861.00,NA,21660.00,0
1777323541714,59330.00,22548.00,NA,21490.00,0
1777323541746,60370.00,22230.00,NA,21660.00,0
1777323541781,60570.00,22210.00,NA,21490.00,0
1777323541815,59950.00,21886.00,NA,21820.00,0
1777323541850,59930.00,21506.00,NA,21330.00,0
1777323541884,59960.00,20798.00,NA,22020.00,0
1777323541919,60090.00,20786.00,NA,21130.00,0
1777323541954,60150.00,20446.00,NA,21690.00,0
1777323541989,60090.00,20490.00,NA,21460.00,0
1777323542025,60290.00,20478.00,NA,21490.00,0
1777323542061,60230.00,20494.00,NA,21660.00,0
1777323542096,59720.00,20398.00,NA,21490.00,0
1777323542132,59410.00,20426.00,NA,21660.00,0
1777323542167,60230.00,19708.00,NA,21490.00,0
1777323542203,59830.00,19749.00,NA,21660.00,0
1777323542237,59740.00,19305.00,NA,21490.00,0
1777323542267,59210.00,19010.00,NA,21660.00,0
1777323542301,59420.00,18650.00,NA,21490.00,0
1777323542336,59580.00,18659.00,NA,21740.00,0
1777323542371,60130.00,17956.00,NA,21410.00,0
1777323542404,60390.00,17995.00,NA,21940.00,0
1777323542438,59830.00,17614.00,NA,21210.00,0
1777323542474,60060.00,17246.00,NA,21880.00,0
1777323542510,59930.00,16902.00,NA,21270.00,0
1777323542546,60000.00,16924.00,NA,21375.00,0
1777323542582,59790.00,16224.00,NA,11325.00,0
1777323542614,59710.00,16553.00,NA,11325.00,0
1777323542644,59890.00,16458.00,NA,11325.00,0
1777323542675,60130.00,16429.00,NA,11325.00,0
1777323542707,60250.00,16720.00,NA,11325.00,0
1777323542738,60040.00,16663.00,NA,11325.00,0
1777323542770,59890.00,16614.00,NA,11325.00,0
1777323542928,59500.00,15737.00,NA,11325.00,0
1777323542954,59920.00,15752.00,NA,11325.00,0
1777323542980,54870.00,16015.00,NA,9740.00,0
1777323543712,12060.00,11480.00,NA,2265.00,0
1777323545544,11780.00,8666.00,NA,2265.00,0
1777323547385,11910.00,6767.00,NA,2265.00,0
1777323549269,12020.00,3204.00,NA,2265.00,0
1777323551083,12030.00,3204.00,NA,2265.00,0
1777323553039,12020.00,2852.00,NA,2265.00,0
1777323554970,11950.00,2852.00,NA,2265.00,0
1777323556967,11870.00,2852.00,NA,2265.00,0
1777323559134,12000.00,2848.00,NA,2265.00,0
1777323561346,12110.00,2852.00,NA,2265.00,0
1777323563461,11910.00,2852.00,NA,2265.00,0
1777323565526,11920.00,2852.00,NA,2265.00,0
1777323567560,12140.00,2852.00,NA,2265.00,0
1777323569557,12010.00,2850.00,NA,2265.00,0
1777323571518,12040.00,4212.00,NA,2265.00,0
1777323573524,12080.00,3540.00,NA,2265.00,0
1777323575076,11870.00,2451.00,NA,2265.00,0
1777323575654,11900.00,1171.00,NA,2265.00,0
1777323575678,12060.00,1251.00,NA,2265.00,0
1777323575701,12280.00,1344.00,NA,2265.00,0
1777323575725,11910.00,1424.00,NA,2265.00,0
1777323575769,12040.00,1504.00,NA,2265.00,0
1777323575792,11960.00,1584.00,NA,2265.00,0
1777323575835,11990.00,1664.00,NA,2265.00,0
1777323575858,12030.00,1731.00,NA,2265.00,0
1777323575902,12180.00,1824.00,NA,2265.00,0
1777323575925,12210.00,1904.00,NA,2265.00,0
1777323575970,12180.00,1984.00,NA,2265.00,0
1777323575993,11920.00,2064.00,NA,2265.00,0
1777323576037,12140.00,2144.00,NA,2265.00,0
1777323576061,11990.00,2224.00,NA,2265.00,0
1777323576085,12100.00,2304.00,NA,2265.00,0
1777323576129,11990.00,2384.00,NA,2265.00,0
1777323576153,11950.00,2451.00,NA,2265.00,0
1777323576198,12210.00,2544.00,NA,2265.00,0
1777323576222,12250.00,2611.00,NA,2265.00,0
1777323576268,11940.00,2704.00,NA,2265.00,0
1777323576293,12220.00,2784.00,NA,2265.00,0
1777323576317,12070.00,2864.00,NA,2265.00,0
1777323576362,12150.00,2944.00,NA,2265.00,0
1777323576387,11830.00,3024.00,NA,2265.00,0
1777323576432,11720.00,3104.00,NA,2265.00,0
1777323576457,12040.00,3171.00,NA,2265.00,0
1777323576503,12070.00,3264.00,NA,2265.00,0
1777323576527,11830.00,3280.00,NA,2265.00,0
1777323576551,12100.00,3347.00,NA,2265.00,0
1777323576596,11730.00,3440.00,NA,2265.00,0
1777323576621,12100.00,3520.00,NA,2265.00,0
1777323576666,11960.00,3600.00,NA,2265.00,0
1777323576691,12170.00,3680.00,NA,2265.00,0
1777323576716,11900.00,3760.00,NA,2265.00,0
1777323576761,11740.00,3840.00,NA,2265.00,0
1777323576786,11820.00,3907.00,NA,2265.00,0
1777323576831,12080.00,4000.00,NA,2265.00,0
1777323576855,12110.00,4067.00,NA,2265.00,0
1777323576879,12010.00,4147.00,NA,2265.00,0
1777323576925,12200.00,4240.00,NA,2265.00,0
1777323576950,11870.00,4320.00,NA,2265.00,0
1777323576995,12170.00,4400.00,NA,2265.00,0
1777323577021,12180.00,4480.00,NA,2265.00,0
1777323577046,12150.00,4560.00,NA,2265.00,0
1777323577092,12100.00,4640.00,NA,2265.00,0
1777323577117,12040.00,4707.00,NA,2265.00,0
1777323577162,11970.00,4800.00,NA,2265.00,0
1777323577188,11970.00,4880.00,NA,2265.00,0
1777323577213,12140.00,4947.00,NA,2265.00,0
1777323577259,11630.00,5040.00,NA,2265.00,0
1777323577284,12050.00,5120.00,NA,2265.00,0
1777323577309,12050.00,5200.00,NA,2265.00,0
1777323577355,11900.00,4590.00,NA,2265.00,0
1777323577380,11900.00,4670.00,NA,2265.00,0
1777323577426,12290.00,4750.00,NA,2265.00,0
1777323577451,12000.00,4817.00,NA,2265.00,0
1777323577476,11970.00,4897.00,NA,2265.00,0
1777323577521,12040.00,4990.00,NA,2265.00,0
1777323577546,11960.00,5070.00,NA,2265.00,0
1777323577593,11840.00,5150.00,NA,2265.00,0
1777323577619,12000.00,5230.00,NA,2265.00,0
1777323577645,11860.00,5310.00,NA,2265.00,0
1777323577691,11990.00,5390.00,NA,2265.00,0
1777323577720,12090.00,5457.00,NA,2265.00,0
1777323577745,12100.00,5537.00,NA,2265.00,0
1777323577791,12100.00,5630.00,NA,2265.00,0
1777323577817,12130.00,5710.00,NA,2265.00,0
1777323577842,12340.00,5777.00,NA,2265.00,0
1777323577888,11960.00,5870.00,NA,2265.00,0
1777323577914,11690.00,5950.00,NA,2265.00,0
1777323577939,12050.00,6030.00,NA,2265.00,0
1777323577985,11820.00,6110.00,NA,2265.00,0
1777323578010,11980.00,6190.00,NA,2265.00,0
1777323578035,12050.00,6270.00,NA,2265.00,0
1777323578081,11870.00,6350.00,NA,2265.00,0
1777323578106,11990.00,6417.00,NA,2265.00,0
1777323578153,12060.00,6510.00,NA,2265.00,0
1777323578178,11900.00,6590.00,NA,2265.00,0
1777323578203,12320.00,6657.00,NA,2265.00,0
1777323578250,12160.00,6750.00,NA,2265.00,0
1777323578276,12080.00,6830.00,NA,2265.00,0
1777323578302,12000.00,6910.00,NA,2265.00,0
1777323578348,12190.00,6990.00,NA,2265.00,0
1777323578373,12040.00,7070.00,NA,2265.00,0
1777323578420,12120.00,7150.00,NA,2265.00,0
1777323578447,11940.00,7230.00,NA,2265.00,0
1777323578473,11850.00,7297.00,NA,2265.00,0
1777323578521,11810.00,7390.00,NA,2265.00,0
1777323578545,11860.00,7406.00,NA,2265.00,0
1777323578570,11880.00,7486.00,NA,2265.00,0
1777323578618,11860.00,7566.00,NA,2265.00,0
1777323578644,11960.00,7646.00,NA,2265.00,0
1777323578671,12180.00,7726.00,NA,2265.00,0
1777323578718,11950.00,7806.00,NA,2265.00,0
1777323578747,12310.00,7873.00,NA,2265.00,0
1777323578774,12230.00,7953.00,NA,2265.00,0
1777323578801,11850.00,8033.00,NA,2265.00,0
1777323578848,11820.00,8126.00,NA,2265.00,0
1777323578875,11940.00,8206.00,NA,2265.00,0
1777323578902,12050.00,8286.00,NA,2265.00,0
1777323578950,12210.00,8366.00,NA,2265.00,0
1777323578981,11990.00,8433.00,NA,2265.00,0
1777323579007,12010.00,8513.00,NA,2265.00,0
1777323579033,11900.00,8606.00,NA,2265.00,0
1777323579081,11810.00,8686.00,NA,2265.00,0
1777323579108,12140.00,8766.00,NA,2265.00,0
1777323579134,11940.00,8833.00,NA,2265.00,0
1777323579182,12050.00,8926.00,NA,2265.00,0
1777323579209,12280.00,9006.00,NA,2265.00,0
1777323579237,12140.00,9086.00,NA,2265.00,0
1777323579264,11990.00,9166.00,NA,2265.00,0
1777323579312,11850.00,9246.00,NA,2265.00,0
1777323579340,12250.00,9313.00,NA,2265.00,0
1777323579368,11830.00,9393.00,NA,2265.00,0
1777323579394,12170.00,9486.00,NA,2265.00,0
1777323579442,12200.00,9566.00,NA,2265.00,0
1777323579470,12020.00,9373.00,NA,2265.00,0
1777323579497,11890.00,9440.00,NA,2265.00,0
1777323579546,12220.00,9533.00,NA,2265.00,0
1777323579573,11720.00,9613.00,NA,2265.00,0
1777323579599,11850.00,9693.00,NA,2265.00,0
1777323579626,12320.00,9773.00,NA,2265.00,0
1777323579676,11760.00,9853.00,NA,2265.00,0
1777323579704,12000.00,9920.00,NA,2265.00,0
1777323579731,11940.00,10000.00,NA,2265.00,0
1777323579757,11940.00,10080.00,NA,2265.00,0
1777323579803,12090.00,10173.00,NA,2265.00,0
1777323579830,12060.00,10253.00,NA,2265.00,0
1777323579859,12100.00,10333.00,NA,2265.00,0
1777323579909,11920.00,10413.00,NA,2265.00,0
1777323579937,11880.00,10480.00,NA,2265.00,0
1777323579966,12050.00,10573.00,NA,2265.00,0
1777323579994,11920.00,10653.00,NA,2265.00,0
1777323580022,11940.00,10733.00,NA,2265.00,0
1777323580071,12070.00,10813.00,NA,2265.00,0
1777323580099,11930.00,10813.00,NA,2265.00,0
1777323580128,11930.00,10880.00,NA,2265.00,0
1777323580155,11820.00,10960.00,NA,2265.00,0
1777323580205,12050.00,11053.00,NA,2265.00,0
1777323580233,11680.00,11133.00,NA,2265.00,0
1777323580263,12050.00,11213.00,NA,2265.00,0
1777323580294,12080.00,11293.00,NA,2265.00,0
1777323580323,11780.00,11373.00,NA,2265.00,0
1777323580372,11850.00,11453.00,NA,2265.00,0
1777323580403,12280.00,11520.00,NA,2265.00,0
1777323580433,12150.00,11600.00,NA,2265.00,0
1777323580462,12270.00,11693.00,NA,2265.00,0
1777323580492,11900.00,11773.00,NA,2265.00,0
1777323580521,12110.00,11853.00,NA,2265.00,0
1777323580571,11900.00,11933.00,NA,2265.00,0
1777323580600,12020.00,12000.00,NA,2265.00,0
1777323580630,12070.00,12080.00,NA,2265.00,0
1777323580664,12040.00,12080.00,NA,2265.00,0
1777323580692,12080.00,12067.00,NA,2265.00,0
1777323580721,11910.00,12067.00,NA,2265.00,0
1777323580750,11940.00,12067.00,NA,2265.00,0
1777323580802,12050.00,12013.00,NA,2265.00,0
1777323580831,12110.00,12080.00,NA,2265.00,0
1777323580859,11810.00,12093.00,NA,2265.00,0
1777323580889,11960.00,12080.00,NA,2265.00,0
1777323580919,11610.00,12093.00,NA,2265.00,0
1777323580950,11880.00,12093.00,NA,2265.00,0
1777323581001,12090.00,12032.00,NA,2265.00,0
1777323581032,12080.00,12067.00,NA,2265.00,0
1777323581063,11790.00,12067.00,NA,2265.00,0
1777323581092,11800.00,12032.00,NA,2265.00,0
1777323581122,11650.00,12080.00,NA,2265.00,0
1777323581149,11840.00,12093.00,NA,2265.00,0
1777323581199,11920.00,12080.00,NA,2265.00,0
1777323581229,11690.00,12058.00,NA,2265.00,0
1777323581259,11640.00,12080.00,NA,2265.00,0
1777323581286,12100.00,12080.00,NA,2265.00,0
1777323581315,12080.00,12093.00,NA,2265.00,0
1777323581342,12040.00,12093.00,NA,2265.00,0
1777323581392,12320.00,12080.00,NA,2265.00,0
1777323581422,11980.00,12080.00,NA,2265.00,0
1777323581450,11820.00,12080.00,NA,2265.00,0
1777323581503,12000.00,12080.00,NA,2265.00,0
1777323581531,12100.00,12067.00,NA,2265.00,0
1777323581560,12250.00,12000.00,NA,2265.00,0
1777323581590,11980.00,12067.00,NA,2265.00,0
1777323581620,12090.00,12067.00,NA,2265.00,0
1777323581649,11720.00,12080.00,NA,2265.00,0
1777323581679,11950.00,12067.00,NA,2265.00,0
1777323581716,12090.00,12067.00,NA,2265.00,0
1777323581745,11930.00,12067.00,NA,2265.00,0
1777323581796,11990.00,12029.00,NA,2265.00,0
1777323581825,11830.00,12080.00,NA,2265.00,0
1777323581854,12000.00,12093.00,NA,2265.00,0
1777323581882,11930.00,12093.00,NA,2265.00,0
1777323581910,12080.00,12093.00,NA,2265.00,0
1777323581959,11890.00,12013.00,NA,2265.00,0
1777323581988,12090.00,12074.00,NA,2265.00,0
1777323582017,12060.00,12067.00,NA,2265.00,0
1777323582046,11640.00,12067.00,NA,2265.00,0
1777323582075,12100.00,12067.00,NA,2265.00,0
1777323582124,12210.00,12029.00,NA,2265.00,0
1777323582153,12080.00,12080.00,NA,2265.00,0
1777323582182,11810.00,12093.00,NA,2265.00,0
1777323582212,12040.00,12093.00,NA,2265.00,0
1777323582240,11990.00,12093.00,NA,2265.00,0
1777323582289,11920.00,12049.00,NA,2265.00,0
1777323582318,12050.00,12000.00,NA,2265.00,0
1777323582350,11970.00,12080.00,NA,2265.00,0
1777323582379,11710.00,12067.00,NA,2265.00,0
1777323582408,12170.00,12067.00,NA,2265.00,0
1777323582459,11890.00,12045.00,NA,2265.00,0
1777323582488,12170.00,12029.00,NA,2265.00,0
1777323582518,11850.00,12080.00,NA,2265.00,0
1777323582546,11900.00,12093.00,NA,2265.00,0
1777323582575,11990.00,12093.00,NA,2265.00,0
1777323582603,11700.00,12093.00,NA,2265.00,0
1777323582655,11940.00,12013.00,NA,2265.00,0
1777323582684,12090.00,12080.00,NA,2265.00,0
1777323582714,12030.00,12080.00,NA,2265.00,0
1777323582744,11700.00,12083.00,NA,2265.00,0
1777323582773,11980.00,12080.00,NA,2265.00,0
1777323582802,12010.00,12093.00,NA,2265.00,0
1777323582852,11630.00,12013.00,NA,2265.00,0
1777323582881,12070.00,12067.00,NA,2265.00,0
1777323582911,12050.00,12080.00,NA,2265.00,0
1777323582940,12080.00,12067.00,NA,2265.00,0
1777323582981,12030.00,12080.00,NA,2265.00,0
1777323583018,12200.00,12067.00,NA,2265.00,0
1777323583047,11810.00,12013.00,NA,2265.00,0
1777323583076,11880.00,12080.00,NA,2265.00,0
1777323583106,11790.00,12093.00,NA,2265.00,0
1777323583161,12220.00,12013.00,NA,2265.00,0
1777323583197,11840.00,12013.00,NA,2265.00,0
1777323583227,12250.00,12013.00,NA,2265.00,0
1777323583256,12300.00,12080.00,NA,2265.00,0
1777323583286,11920.00,12013.00,NA,2265.00,0
1777323583315,12100.00,12013.00,NA,2265.00,0
1777323583343,11910.00,12067.00,NA,2265.00,0
1777323583375,11880.00,12067.00,NA,2265.00,0
1777323583405,12210.00,12080.00,NA,2265.00,0
1777323583434,12140.00,12093.00,NA,2265.00,0
1777323583485,11920.00,12013.00,NA,2265.00,0
1777323583514,12010.00,12067.00,NA,2265.00,0
1777323583543,12000.00,12080.00,NA,2265.00,0
1777323583572,12300.00,12067.00,NA,2265.00,0
1777323583611,12050.00,12080.00,NA,2265.00,0
1777323583640,11920.00,12080.00,NA,2265.00,0
1777323583669,12170.00,12080.00,NA,2265.00,0
1777323583719,12310.00,12080.00,NA,2265.00,0
1777323583749,11920.00,12080.00,NA,2265.00,0
1777323583778,11950.00,12093.00,NA,2265.00,0
1777323583805,11960.00,12093.00,NA,2265.00,0
1777323583832,12130.00,12093.00,NA,2265.00,0
1777323583882,11810.00,12032.00,NA,2265.00,0
1777323583911,11850.00,12013.00,NA,2265.00,0
1777323583941,12210.00,12080.00,NA,2265.00,0
1777323583969,12200.00,12080.00,NA,2265.00,0
1777323584001,11790.00,12080.00,NA,2265.00,0
1777323584031,12170.00,12083.00,NA,2265.00,0
1777323584080,12160.00,12080.00,NA,2265.00,0
1777323584110,12110.00,12067.00,NA,2265.00,0
1777323584140,11970.00,12080.00,NA,2265.00,0
1777323584170,11870.00,12080.00,NA,2265.00,0
1777323584199,11850.00,12067.00,NA,2265.00,0
1777323584227,12020.00,12093.00,NA,2265.00,0
1777323584277,11790.00,12013.00,NA,2265.00,0
1777323584306,11910.00,12080.00,NA,2265.00,0
1777323584335,12300.00,12093.00,NA,2265.00,0
1777323584364,11730.00,12096.00,NA,2265.00,0
1777323584393,12200.00,12083.00,NA,2265.00,0
1777323584443,12090.00,12080.00,NA,2265.00,0
1777323584472,11940.00,12067.00,NA,2265.00,0
1777323584501,12070.00,12067.00,NA,2265.00,0
1777323584530,11890.00,12067.00,NA,2265.00,0
1777323584559,11840.00,12080.00,NA,2265.00,0
1777323584609,11910.00,12000.00,NA,2265.00,0
1777323584636,11930.00,12000.00,NA,2265.00,0
1777323584664,11960.00,12080.00,NA,2265.00,0
1777323584693,11900.00,12093.00,NA,2265.00,0
1777323584743,12020.00,12013.00,NA,2265.00,0
1777323584773,11930.00,12016.00,NA,2265.00,0
1777323584803,11950.00,12067.00,NA,2265.00,0
1777323584833,11910.00,12067.00,NA,2265.00,0
1777323584876,12010.00,12013.00,NA,2265.00,0
1777323584946,11880.00,11933.00,NA,2265.00,0
1777323584970,12020.00,11933.00,NA,2265.00,0
1777323584993,11940.00,12000.00,NA,2265.00,0
1777323585016,11840.00,12000.00,NA,2265.00,0
1777323585060,11960.00,12000.00,NA,2265.00,0
1777323585084,12100.00,12013.00,NA,2265.00,0
1777323585128,12120.00,12000.00,NA,2265.00,0
1777323585152,11760.00,12013.00,NA,2265.00,0
1777323585196,12320.00,12000.00,NA,2265.00,0
1777323585220,11940.00,12000.00,NA,2265.00,0
1777323585265,12020.00,11986.00,NA,2265.00,0
1777323585289,11930.00,12000.00,NA,2265.00,0
1777323585334,11940.00,11933.00,NA,2265.00,0
1777323585358,11920.00,12000.00,NA,2265.00,0
1777323585382,11910.00,12013.00,NA,2265.00,0
1777323585427,12130.00,12013.00,NA,2265.00,0
1777323585451,12010.00,12013.00,NA,2265.00,0
1777323585495,11810.00,11952.00,NA,2265.00,0
1777323585520,11890.00,11987.00,NA,2265.00,0
1777323585565,11880.00,12000.00,NA,2265.00,0
1777323585590,11930.00,12013.00,NA,2265.00,0
1777323585614,11980.00,12000.00,NA,2265.00,0
1777323585659,12040.00,12013.00,NA,2265.00,0
1777323585683,11990.00,12013.00,NA,2265.00,0
1777323585727,12000.00,11933.00,NA,2265.00,0
1777323585751,12020.00,12013.00,NA,2265.00,0
1777323585796,11890.00,12000.00,NA,2265.00,0
1777323585821,11980.00,12000.00,NA,2265.00,0
1777323585845,11930.00,12000.00,NA,2265.00,0
1777323585890,11800.00,12000.00,NA,2265.00,0
1777323585914,12140.00,11992.00,NA,2265.00,0
1777323585959,12050.00,11933.00,NA,2265.00,0
1777323585984,11760.00,12000.00,NA,2265.00,0
1777323586029,11860.00,12013.00,NA,2265.00,0
1777323586053,11980.00,12000.00,NA,2265.00,0
1777323586078,11970.00,12013.00,NA,2265.00,0
1777323586123,12020.00,12000.00,NA,2265.00,0
1777323586148,11970.00,11987.00,NA,2265.00,0
1777323586194,11800.00,12000.00,NA,2265.00,0
1777323586218,12000.00,12013.00,NA,2265.00,0
1777323586243,12080.00,12013.00,NA,2265.00,0
1777323586289,12070.00,11952.00,NA,2265.00,0
1777323586314,12210.00,12000.00,NA,2265.00,0
1777323586359,11770.00,11920.00,NA,2265.00,0
1777323586385,11950.00,11987.00,NA,2265.00,0
1777323586409,11930.00,12013.00,NA,2265.00,0
1777323586455,12090.00,11952.00,NA,2265.00,0
1777323586480,12180.00,12000.00,NA,2265.00,0
1777323586525,11850.00,12013.00,NA,2265.00,0
1777323586550,12050.00,12013.00,NA,2265.00,0
1777323586575,11930.00,12000.00,NA,2265.00,0
1777323586622,12110.00,12013.00,NA,2265.00,0
1777323586649,11780.00,12013.00,NA,2265.00,0
1777323586674,12010.00,12016.00,NA,2265.00,0
1777323586720,12030.00,11952.00,NA,2265.00,0
1777323586749,12000.00,11939.00,NA,2265.00,0
1777323586775,11800.00,11987.00,NA,2265.00,0
1777323586822,11740.00,12000.00,NA,2265.00,0
1777323586847,12030.00,12000.00,NA,2265.00,0
1777323586873,12090.00,11987.00,NA,2265.00,0
1777323586920,12090.00,11933.00,NA,2265.00,0
1777323586945,12060.00,12000.00,NA,2265.00,0
1777323586970,12220.00,12013.00,NA,2265.00,0
1777323587017,11900.00,12000.00,NA,2265.00,0
1777323587042,11700.00,12013.00,NA,2265.00,0
1777323587089,11940.00,11936.00,NA,2265.00,0
1777323587115,12150.00,12000.00,NA,2265.00,0
1777323587141,12100.00,11987.00,NA,2265.00,0
1777323587170,12110.00,11987.00,NA,2265.00,0
1777323587217,11850.00,11952.00,NA,2265.00,0
1777323587244,11990.00,11999.00,NA,2265.00,0
1777323587270,11990.00,12000.00,NA,2265.00,0
1777323587317,11800.00,12013.00,NA,2265.00,0
1777323587343,11930.00,12016.00,NA,2265.00,0
1777323587369,11790.00,12013.00,NA,2265.00,0
1777323587416,11820.00,11933.00,NA,2265.00,0
1777323587443,11840.00,11987.00,NA,2265.00,0
1777323587469,12080.00,11987.00,NA,2265.00,0
1777323587517,11770.00,12000.00,NA,2265.00,0
1777323587544,12020.00,12000.00,NA,2265.00,0
1777323587569,11750.00,11987.00,NA,2265.00,0
1777323587615,12030.00,11933.00,NA,2265.00,0
1777323587641,12100.00,12000.00,NA,2265.00,0
1777323587667,11890.00,12013.00,NA,2265.00,0
1777323587715,12010.00,12000.00,NA,2265.00,0
1777323587742,12130.00,12000.00,NA,2265.00,0
1777323587768,11780.00,11987.00,NA,2265.00,0
1777323587815,11940.00,11933.00,NA,2265.00,0
1777323587842,12120.00,12000.00,NA,2265.00,0
1777323587869,12240.00,12013.00,NA,2265.00,0
1777323587917,12110.00,11965.00,NA,2265.00,0
1777323587943,11900.00,12013.00,NA,2265.00,0
1777323587969,12450.00,12013.00,NA,2265.00,0
1777323588017,11970.00,12000.00,NA,2265.00,0
1777323588043,11810.00,11987.00,NA,2265.00,0
1777323588069,12110.00,11987.00,NA,2265.00,0
1777323588116,11990.00,11933.00,NA,2265.00,0
1777323588141,12220.00,12000.00,NA,2265.00,0
1777323588167,12310.00,12066.00,NA,2265.00,0
1777323588214,11920.00,12013.00,NA,2265.00,0
1777323588242,12170.00,12013.00,NA,2265.00,0
1777323588270,12040.00,12013.00,NA,2265.00,0
1777323588296,12200.00,12013.00,NA,2265.00,0
1777323588343,11990.00,12013.00,NA,2265.00,0
1777323588371,12320.00,12000.00,NA,2265.00,0
1777323588397,11960.00,11987.00,NA,2265.00,0
1777323588446,11900.00,11933.00,NA,2265.00,0
1777323588474,11960.00,12000.00,NA,2265.00,0
1777323588501,11570.00,12013.00,NA,2265.00,0
1777323588528,12140.00,12013.00,NA,2265.00,0
1777323588575,12010.00,12013.00,NA,2265.00,0
1777323588601,12440.00,12013.00,NA,2265.00,0
1777323588627,12130.00,12013.00,NA,2265.00,0
1777323588675,11840.00,11952.00,NA,2265.00,0
1777323588703,12050.00,11987.00,NA,2265.00,0
1777323588730,12240.00,12000.00,NA,2265.00,0
1777323588779,11960.00,12000.00,NA,2265.00,0
1777323588807,11900.00,12000.00,NA,2265.00,0
1777323588831,12070.00,11987.00,NA,2265.00,0
1777323588859,12090.00,12000.00,NA,2265.00,0
1777323588908,12040.00,12000.00,NA,2265.00,0
1777323588935,12110.00,12013.00,NA,2265.00,0
1777323588962,11930.00,12013.00,NA,2265.00,0
1777323588991,11960.00,12013.00,NA,2265.00,0
1777323589043,12100.00,11933.00,NA,2265.00,0
1777323589075,11950.00,12000.00,NA,2265.00,0
1777323589105,11870.00,12013.00,NA,2265.00,0
1777323589134,12070.00,12013.00,NA,2265.00,0
1777323589163,12170.00,12013.00,NA,2265.00,0
1777323589191,12040.00,12016.00,NA,2265.00,0
1777323589239,12040.00,11920.00,NA,2265.00,0
1777323589276,11860.00,11987.00,NA,2265.00,0
1777323589304,12150.00,11987.00,NA,2265.00,0
1777323589332,12130.00,11987.00,NA,2265.00,0
1777323589360,12100.00,11987.00,NA,2265.00,0
1777323589388,11860.00,12000.00,NA,2265.00,0
1777323589439,12050.00,12000.00,NA,2265.00,0
1777323589465,12070.00,12000.00,NA,2265.00,0
1777323589492,11950.00,12013.00,NA,2265.00,0
1777323589520,11810.00,12013.00,NA,2265.00,0
1777323589575,11950.00,11936.00,NA,2265.00,0
1777323589605,11850.00,12000.00,NA,2265.00,0
1777323589634,12230.00,12000.00,NA,2265.00,0
1777323589670,12160.00,11987.00,NA,2265.00,0
1777323589712,11930.00,11933.00,NA,2265.00,0
1777323589743,12020.00,12000.00,NA,2265.00,0
1777323589773,11840.00,12013.00,NA,2265.00,0
1777323589810,12070.00,12013.00,NA,2265.00,0
1777323589839,11860.00,11999.00,NA,2265.00,0
1777323589868,12240.00,12013.00,NA,2265.00,0
1777323589896,11990.00,12013.00,NA,2265.00,0
1777323589924,11870.00,12093.00,NA,2265.00,0
1777323589951,11900.00,12159.00,NA,2265.00,0
1777323590000,12070.00,12013.00,NA,2265.00,0
1777323590028,12190.00,12000.00,NA,2265.00,0
1777323590057,12030.00,12067.00,NA,2265.00,0
1777323590090,12070.00,12000.00,NA,2265.00,0
1777323590127,12090.00,12080.00,NA,2265.00,0
1777323590156,11980.00,12080.00,NA,2265.00,0
1777323590185,12000.00,12080.00,NA,2265.00,0
1777323590235,12120.00,12016.00,NA,2265.00,0
1777323590265,11940.00,12067.00,NA,2265.00,0
1777323590295,12140.00,12067.00,NA,2265.00,0
1777323590333,11800.00,12080.00,NA,2265.00,0
1777323590362,12260.00,12080.00,NA,2265.00,0
1777323590391,11900.00,12013.00,NA,2265.00,0
1777323590419,12060.00,12080.00,NA,2265.00,0
1777323590446,12080.00,12067.00,NA,2265.00,0
1777323590495,11640.00,12080.00,NA,2265.00,0
1777323590521,12120.00,12093.00,NA,2265.00,0
1777323590549,12240.00,12093.00,NA,2265.00,0
1777323590598,12070.00,12020.00,NA,2265.00,0
1777323590627,12180.00,12000.00,NA,2265.00,0
1777323590656,11870.00,12067.00,NA,2265.00,0
1777323590684,11970.00,12067.00,NA,2265.00,0
1777323590713,11850.00,12067.00,NA,2265.00,0
1777323590751,12090.00,12080.00,NA,2265.00,0
1777323590780,11790.00,12080.00,NA,2265.00,0
1777323590830,11850.00,12029.00,NA,2265.00,0
1777323590859,11920.00,12016.00,NA,2265.00,0
1777323590887,11950.00,12080.00,NA,2265.00,0
1777323590915,11920.00,12093.00,NA,2265.00,0
1777323590966,12250.00,12079.00,NA,2265.00,0
1777323590998,11920.00,12013.00,NA,2265.00,0
1777323591027,11980.00,12080.00,NA,2265.00,0
1777323591056,12170.00,12093.00,NA,2265.00,0
1777323591086,12300.00,12032.00,NA,2265.00,0
1777323591137,11890.00,12013.00,NA,2265.00,0
1777323591174,23850.00,12000.00,NA,4530.00,0
1777323591226,11870.00,12045.00,NA,2265.00,0
1777323591255,11990.00,12000.00,NA,2265.00,0
1777323591285,12200.00,12067.00,NA,2265.00,0
1777323591314,12040.00,12067.00,NA,2265.00,0
1777323591343,12160.00,12067.00,NA,2265.00,0
1777323591382,12140.00,12093.00,NA,2265.00,0
1777323591411,12250.00,12083.00,NA,2265.00,0
1777323591440,11990.00,12080.00,NA,2265.00,0
1777323591491,12000.00,12029.00,NA,2265.00,0
1777323591519,12010.00,12080.00,NA,2265.00,0
1777323591548,12070.00,12080.00,NA,2265.00,0
1777323591576,12030.00,12093.00,NA,2265.00,0
1777323591606,12080.00,12093.00,NA,2265.00,0
1777323591657,11970.00,12043.00,NA,2265.00,0
1777323591687,11970.00,12013.00,NA,2265.00,0
1777323591717,12100.00,12080.00,NA,2265.00,0
1777323591747,11900.00,12093.00,NA,2265.00,0
1777323591778,12200.00,12080.00,NA,2265.00,0
1777323591807,11870.00,12080.00,NA,2265.00,0
1777323591857,12000.00,12013.00,NA,2265.00,0
1777323591886,11980.00,12000.00,NA,2265.00,0
1777323591916,11800.00,12067.00,NA,2265.00,0
1777323591946,12260.00,12067.00,NA,2265.00,0
1777323591980,11940.00,12000.00,NA,2265.00,0
1777323592016,12120.00,12080.00,NA,2265.00,0
1777323592047,11710.00,12080.00,NA,2265.00,0
1777323592077,12210.00,12080.00,NA,2265.00,0
1777323592106,12030.00,12093.00,NA,2265.00,0
1777323592135,12000.00,12093.00,NA,2265.00,0
1777323592186,11990.00,12016.00,NA,2265.00,0
1777323592225,12130.00,12013.00,NA,2265.00,0
1777323592254,12110.00,12013.00,NA,2265.00,0
1777323592283,11730.00,12013.00,NA,2265.00,0
1777323592312,12050.00,12080.00,NA,2265.00,0
1777323592340,11970.00,12080.00,NA,2265.00,0
1777323592368,12160.00,12067.00,NA,2265.00,0
1777323592417,11760.00,12080.00,NA,2265.00,0
1777323592445,11870.00,12093.00,NA,2265.00,0
1777323592474,12150.00,12093.00,NA,2265.00,0
1777323592502,12250.00,12093.00,NA,2265.00,0
1777323592530,11940.00,12093.00,NA,2265.00,0
1777323592580,12240.00,12013.00,NA,2265.00,0
1777323592612,11930.00,12067.00,NA,2265.00,0
1777323592645,11830.00,12080.00,NA,2265.00,0
1777323592671,12000.00,12080.00,NA,2265.00,0
1777323592698,12000.00,12080.00,NA,2265.00,0
1777323592745,11780.00,12093.00,NA,2265.00,0
1777323592771,11700.00,12092.00,NA,2265.00,0
1777323592799,11930.00,12080.00,NA,2265.00,0
1777323592848,12070.00,12070.00,NA,2265.00,0
1777323592877,12140.00,12000.00,NA,2265.00,0
1777323592906,11830.00,12067.00,NA,2265.00,0
1777323592934,11890.00,12067.00,NA,2265.00,0
1777323592963,12400.00,12067.00,NA,2265.00,0
1777323593014,12010.00,12080.00,NA,2265.00,0
1777323593042,12210.00,12093.00,NA,2265.00,0
1777323593071,12100.00,12093.00,NA,2265.00,0
1777323593100,11920.00,12080.00,NA,2265.00,0
1777323593128,11580.00,12093.00,NA,2265.00,0
1777323593178,12030.00,12013.00,NA,2265.00,0
1777323593207,12060.00,12067.00,NA,2265.00,0
1777323593235,12070.00,12067.00,NA,2265.00,0
1777323593273,12190.00,12080.00,NA,2265.00,0
1777323593303,12130.00,12079.00,NA,2265.00,0
1777323593333,12340.00,12080.00,NA,2265.00,0
1777323593362,11810.00,12093.00,NA,2265.00,0
1777323593411,11980.00,12029.00,NA,2265.00,0
1777323593440,11880.00,12067.00,NA,2265.00,0
1777323593477,11950.00,12067.00,NA,2265.00,0
1777323593506,11950.00,12067.00,NA,2265.00,0
1777323593535,11970.00,12045.00,NA,2265.00,0
1777323593564,12150.00,12067.00,NA,2265.00,0
1777323593592,11870.00,12080.00,NA,2265.00,0
1777323593641,11840.00,12013.00,NA,2265.00,0
1777323593668,11870.00,12067.00,NA,2265.00,0
1777323593694,12010.00,12093.00,NA,2265.00,0
1777323593721,12280.00,12093.00,NA,2265.00,0
1777323593771,12020.00,12080.00,NA,2265.00,0
1777323593801,12040.00,12080.00,NA,2265.00,0
1777323593831,11900.00,12080.00,NA,2265.00,0
1777323593859,12300.00,12067.00,NA,2265.00,0
1777323593899,12210.00,12079.00,NA,2265.00,0
1777323593927,11850.00,12067.00,NA,2265.00,0
1777323593957,12180.00,12067.00,NA,2265.00,0
1777323593986,11990.00,12067.00,NA,2265.00,0
1777323594036,11970.00,12080.00,NA,2265.00,0
1777323594065,11960.00,12093.00,NA,2265.00,0
1777323594092,12320.00,12093.00,NA,2265.00,0
1777323594121,12090.00,12093.00,NA,2265.00,0
1777323594150,11500.00,12093.00,NA,2265.00,0
1777323594201,12380.00,12013.00,NA,2265.00,0
1777323594230,11850.00,12072.00,NA,2265.00,0
1777323594258,12030.00,12080.00,NA,2265.00,0
1777323594293,11810.00,12077.00,NA,2265.00,0
1777323594322,12160.00,12093.00,NA,2265.00,0
1777323594349,11760.00,12093.00,NA,2265.00,0
1777323594399,12110.00,12029.00,NA,2265.00,0
1777323594428,12090.00,12080.00,NA,2265.00,0
1777323594458,11900.00,12093.00,NA,2265.00,0
1777323594488,11860.00,12093.00,NA,2265.00,0
1777323594517,11870.00,12093.00,NA,2265.00,0
1777323594566,11750.00,12080.00,NA,2265.00,0
1777323594596,12340.00,12093.00,NA,2265.00,0
1777323594627,12170.00,12093.00,NA,2265.00,0
1777323594654,11980.00,12093.00,NA,2265.00,0
1777323594704,12180.00,12082.00,NA,2265.00,0
1777323594739,12120.00,12080.00,NA,2265.00,0
1777323594770,11950.00,12080.00,NA,2265.00,0
1777323594799,12000.00,12068.00,NA,2265.00,0
1777323594827,11890.00,12080.00,NA,2265.00,0
1777323594856,11990.00,12093.00,NA,2265.00,0
1777323594885,11700.00,12095.00,NA,2265.00,0
1777323594912,12070.00,12067.00,NA,2265.00,0
1777323594950,12160.00,12080.00,NA,2265.00,0
1777323594979,11940.00,12067.00,NA,2265.00,0
1777323595029,11970.00,12093.00,NA,2265.00,0
1777323595057,11940.00,12080.00,NA,2265.00,0
1777323595085,12330.00,12093.00,NA,2265.00,0
1777323595113,11560.00,12096.00,NA,2265.00,0
1777323595161,12250.00,12079.00,NA,2265.00,0
1777323595190,11790.00,12080.00,NA,2265.00,0
1777323595218,11850.00,12067.00,NA,2265.00,0
1777323595248,11910.00,12080.00,NA,2265.00,0
1777323595276,11790.00,12080.00,NA,2265.00,0
1777323595325,11900.00,12096.00,NA,2265.00,0
1777323595353,11640.00,12093.00,NA,2265.00,0
1777323595382,11910.00,12093.00,NA,2265.00,0
1777323595409,11900.00,12093.00,NA,2265.00,0
1777323595457,12300.00,12013.00,NA,2265.00,0
1777323595485,12210.00,12067.00,NA,2265.00,0
1777323595511,12040.00,12080.00,NA,2265.00,0
1777323595557,12220.00,12000.00,NA,2265.00,0
1777323595585,11920.00,12080.00,NA,2265.00,0
1777323595613,11870.00,12093.00,NA,2265.00,0
1777323595642,12040.00,12093.00,NA,2265.00,0
1777323595693,12120.00,12054.00,NA,2265.00,0
1777323595722,11940.00,12079.00,NA,2265.00,0
1777323595751,12230.00,12067.00,NA,2265.00,0
1777323595790,11760.00,12013.00,NA,2265.00,0
1777323595820,12020.00,12080.00,NA,2265.00,0
1777323595850,11970.00,12093.00,NA,2265.00,0
1777323595876,11900.00,12073.00,NA,2265.00,0
1777323595903,11980.00,12080.00,NA,2265.00,0
1777323595953,12060.00,12080.00,NA,2265.00,0
1777323595982,11890.00,12093.00,NA,2265.00,0
1777323596011,12090.00,12093.00,NA,2265.00,0
1777323596040,12160.00,12093.00,NA,2265.00,0
1777323596089,12290.00,12080.00,NA,2265.00,0
1777323596119,12290.00,12067.00,NA,2265.00,0
1777323596148,12120.00,12146.00,NA,2265.00,0
1777323596179,11910.00,12101.00,NA,2265.00,0
1777323596215,12020.00,12080.00,NA,2265.00,0
1777323596244,11870.00,12093.00,NA,2265.00,0
1777323596273,11970.00,12093.00,NA,2265.00,0
1777323596302,12070.00,12093.00,NA,2265.00,0
1777323596352,12110.00,12092.00,NA,2265.00,0
1777323596381,11960.00,12067.00,NA,2265.00,0
1777323596422,11910.00,12013.00,NA,2265.00,0
1777323596453,11860.00,12013.00,NA,2265.00,0
1777323596482,11950.00,12080.00,NA,2265.00,0
1777323596511,12150.00,12093.00,NA,2265.00,0
1777323596540,12230.00,12093.00,NA,2265.00,0
1777323596568,12020.00,12096.00,NA,2265.00,0
1777323596619,12200.00,12000.00,NA,2265.00,0
1777323596648,11970.00,12080.00,NA,2265.00,0
1777323596677,11900.00,12093.00,NA,2265.00,0
1777323596707,12170.00,12093.00,NA,2265.00,0
1777323596737,12300.00,12093.00,NA,2265.00,0
1777323596787,12190.00,12013.00,NA,2265.00,0
1777323596819,11700.00,12000.00,NA,2265.00,0
1777323596848,11990.00,12080.00,NA,2265.00,0
1777323596877,12080.00,12093.00,NA,2265.00,0
1777323596905,11940.00,12093.00,NA,2265.00,0
1777323596935,11880.00,12093.00,NA,2265.00,0
1777323597088,23940.00,11773.00,NA,4530.00,0
1777323597112,12120.00,11853.00,NA,2265.00,0
1777323597158,12110.00,11853.00,NA,2265.00,0
1777323597182,11820.00,11920.00,NA,2265.00,0
1777323597206,11980.00,11933.00,NA,2265.00,0
1777323597251,12160.00,11920.00,NA,2265.00,0
1777323597276,12180.00,11907.00,NA,2265.00,0
1777323597320,12010.00,11853.00,NA,2265.00,0
1777323597346,12150.00,11853.00,NA,2265.00,0
1777323597392,11820.00,11853.00,NA,2265.00,0
1777323597417,12070.00,11920.00,NA,2265.00,0
1777323597442,12080.00,11920.00,NA,2265.00,0
1777323597487,11780.00,11840.00,NA,2265.00,0
1777323597512,11870.00,11853.00,NA,2265.00,0
1777323597537,11750.00,11853.00,NA,2265.00,0
1777323597582,12050.00,11920.00,NA,2265.00,0
1777323597607,11840.00,11920.00,NA,2265.00,0
1777323597653,11980.00,11853.00,NA,2265.00,0
1777323597679,11790.00,11853.00,NA,2265.00,0
1777323597705,11600.00,11840.00,NA,2265.00,0
1777323597752,12200.00,11853.00,NA,2265.00,0
1777323597777,11740.00,11853.00,NA,2265.00,0
1777323597801,11900.00,11913.00,NA,2265.00,0
1777323597847,12120.00,11920.00,NA,2265.00,0
1777323597873,12170.00,11933.00,NA,2265.00,0
1777323597917,11920.00,11853.00,NA,2265.00,0
1777323597942,11990.00,11840.00,NA,2265.00,0
1777323597989,11980.00,11853.00,NA,2265.00,0
