Timestamp,SystemLatency
1777323345840,0.0000
1777323345878,64.0000
1777323345900,56.6521
1777323345923,45.0319
1777323345967,43.4014
1777323345989,43.7888
1777323346011,43.0867
1777323346073,47.4702
1777323346097,47.9196
1777323346140,44.8633
1777323346186,42.5530
1777323346208,41.7379
1777323346252,40.1108
1777323346275,39.4577
1777323346298,38.2571
1777323346343,36.8227
1777323346368,36.3534
1777323346393,35.4769
1777323346438,34.5419
1777323346483,34.1505
1777323346508,34.0513
1777323346532,33.6119
1777323346577,32.8871
1777323346602,32.7281
1777323346647,32.2200
1777323346672,32.2073
1777323346722,31.9944
1777323346746,32.2615
1777323346770,32.3240
1777323346804,32.5269
1777323346829,32.2364
1777323346875,31.6826
1777323346899,30.2536
1777323346944,30.1960
1777323346969,30.0929
1777323346996,29.6668
1777323347020,29.0133
1777323347064,27.7248
1777323347109,26.7730
1777323347132,25.6172
1777323347155,25.4451
1777323347199,24.9706
1777323347222,24.4734
1777323347267,24.1094
1777323347290,23.7766
1777323347334,23.7121
1777323347357,23.6694
1777323347400,23.1100
1777323347423,23.4117
1777323347467,22.7985
1777323347511,22.4390
1777323347534,22.3600
1777323347577,22.1149
1777323347599,22.2083
1777323347642,21.7884
1777323347664,21.7264
1777323347707,20.9976
1777323347729,20.9630
1777323347772,19.5869
1777323347794,18.9062
1777323347837,18.5858
1777323347860,18.6626
1777323347903,18.0050
1777323347925,18.0219
1777323347968,17.2987
1777323348008,17.0484
1777323348033,17.2822
1777323348077,17.4591
1777323348100,17.4006
1777323348144,17.0390
1777323348167,17.3413
1777323348211,17.6793
1777323348259,18.7325
1777323348281,18.7552
1777323348324,18.7188
1777323348346,18.7600
1777323348389,18.6404
1777323348411,18.5860
1777323348454,18.5388
1777323348476,18.4691
1777323348520,18.1431
1777323348542,18.2323
1777323348585,18.0561
1777323348608,17.8982
1777323348651,17.8904
1777323348683,17.9291
1777323348706,18.0933
1777323348749,17.7174
1777323348772,17.9348
1777323348815,17.5735
1777323348866,18.0505
1777323348888,18.1831
1777323348930,18.1732
1777323348953,18.2545
1777323348995,17.9956
1777323349017,17.9626
1777323349059,17.4518
1777323349101,17.1969
1777323349123,17.5528
1777323349166,17.0388
1777323349188,17.2961
1777323349231,16.9536
1777323349253,16.6215
1777323349296,16.3133
1777323349318,16.6008
1777323349362,16.3519
1777323349385,16.8440
1777323349429,16.6276
1777323349451,16.9631
1777323349494,17.0615
1777323349518,17.1643
1777323349562,17.2200
1777323349584,17.2894
1777323349628,17.1042
1777323349650,17.3361
1777323349693,17.0328
1777323349716,17.4733
1777323349759,17.4221
1777323349782,17.4518
1777323349825,17.5229
1777323349848,17.6768
1777323349891,17.5118
1777323349914,17.6467
1777323349959,17.3251
1777323349982,17.6665
1777323350026,17.4918
1777323350048,17.9544
1777323350092,17.8969
1777323350116,17.7634
1777323350160,17.7544
1777323350183,17.7479
1777323350227,17.8921
1777323350250,18.1298
1777323350293,18.1229
1777323350316,18.2475
1777323350360,18.3999
1777323350383,18.5782
1777323350427,18.4274
1777323350451,18.6406
1777323350474,18.7929
1777323350518,18.3928
1777323350541,18.5356
1777323350585,18.0765
1777323350608,18.3126
1777323350653,18.0071
1777323350676,18.3634
1777323350720,18.0783
1777323350743,18.3264
1777323350787,18.1935
1777323350810,18.3707
1777323350854,18.3441
1777323350877,18.5431
1777323350922,18.4366
1777323350945,18.9378
1777323350969,18.8373
1777323351016,18.7629
1777323351040,18.8425
1777323351084,18.7565
1777323351109,18.9249
1777323351153,18.8636
1777323351177,19.1204
1777323351222,18.9341
1777323351245,19.2046
1777323351269,18.9546
1777323351313,18.7969
1777323351338,18.8804
1777323351382,18.6748
1777323351406,18.6295
1777323351451,18.5391
1777323351475,18.4697
1777323351533,18.7870
1777323351557,19.6014
1777323351581,20.3288
1777323351605,20.3221
1777323351649,20.5472
1777323351674,20.6230
1777323351719,20.7554
1777323351743,20.9502
1777323351768,21.1857
1777323351813,20.7368
1777323351836,21.0416
1777323351881,20.7812
1777323351905,20.9479
1777323351950,20.6320
1777323351975,20.9610
1777323351999,21.2793
1777323352043,20.8460
1777323352068,21.1160
1777323352113,20.6542
1777323352137,20.9780
1777323352183,20.8147
1777323352208,20.9673
1777323352232,20.8737
1777323352278,20.4586
1777323352302,20.8533
1777323352348,20.6165
1777323352372,21.0164
1777323352396,20.8674
1777323352442,20.6634
1777323352467,20.7559
1777323352543,19.9124
1777323352566,20.0618
1777323352609,19.7215
1777323352631,19.7631
1777323352674,19.4271
1777323352696,19.3644
1777323352739,18.8108
1777323352761,18.8049
1777323352804,18.7407
1777323352827,18.6994
1777323352869,18.4062
1777323352892,18.1067
1777323352935,17.9253
1777323352957,17.8286
1777323353000,17.1657
1777323353043,17.3968
1777323353066,17.4605
1777323353109,17.5916
1777323353132,17.7617
1777323353175,17.5395
1777323353197,17.7430
1777323353240,17.3242
1777323353263,17.7002
1777323353306,17.4497
1777323353329,17.6151
1777323353372,17.1056
1777323353395,17.2140
1777323353439,17.3061
1777323353461,17.3998
1777323353505,17.0451
1777323353527,17.1846
1777323353571,16.5907
1777323353593,16.8285
1777323353637,16.5901
1777323353660,16.7160
1777323353704,16.4849
1777323353727,16.8309
1777323353771,16.5891
1777323353794,16.9846
1777323353838,16.8295
1777323353861,17.2595
1777323353905,17.3042
1777323353931,17.5279
1777323353975,17.4863
1777323353998,18.0561
1777323354021,17.9354
1777323354066,17.6839
1777323354089,17.4921
1777323354133,17.0374
1777323354157,17.0572
1777323354201,16.6595
1777323354225,16.8384
1777323354269,16.5073
1777323354292,16.6109
1777323354336,16.2180
1777323354359,16.5240
1777323354403,16.2444
1777323354426,16.6071
1777323354470,16.3605
1777323354494,16.7323
1777323354538,16.8489
1777323354561,17.1299
1777323354585,17.0369
1777323354629,16.8629
1777323354653,16.8715
1777323354697,16.6400
1777323354722,16.6736
1777323354766,16.6092
1777323354790,16.7686
1777323354835,16.6635
1777323354859,17.0142
1777323354904,17.1257
1777323354928,17.2486
1777323354952,17.2548
1777323354998,16.8060
1777323355023,16.9658
1777323355068,17.3348
1777323355093,17.6556
1777323355117,17.9658
1777323355163,18.0810
1777323355187,18.1624
1777323355232,17.9883
1777323355257,18.4802
1777323355281,18.4073
1777323355326,18.2024
1777323355351,18.1670
1777323355396,18.0407
1777323355420,18.2104
1777323355466,18.0551
1777323355490,18.3565
1777323355515,18.2195
1777323355560,17.7452
1777323355584,17.9748
1777323355629,18.2124
1777323355653,18.4169
1777323355699,18.6512
1777323355724,18.9172
1777323355748,19.0731
1777323355793,18.6934
1777323355817,18.9537
1777323355861,18.7194
1777323355885,18.9380
1777323355931,18.5530
1777323355955,18.7684
1777323355980,19.0357
1777323356025,18.6178
1777323356050,18.8395
1777323356096,18.7239
1777323356121,18.6936
1777323356146,18.9386
1777323356192,18.5972
1777323356217,18.9340
1777323356298,18.7537
1777323356321,20.7038
1777323356363,20.7399
1777323356385,20.7048
1777323356427,20.3558
1777323356449,20.1882
1777323356491,19.4661
1777323356534,19.3485
1777323356556,19.7913
1777323356598,19.4613
1777323356621,19.7300
1777323356663,19.5370
1777323356686,19.5542
1777323356728,19.0548
1777323356751,19.3488
1777323356794,18.9090
1777323356816,18.7404
1777323356858,18.5097
1777323356881,18.4142
1777323356924,18.1312
1777323356946,18.0712
1777323356989,17.8313
1777323357012,17.7348
1777323357054,17.2905
1777323357101,17.2513
1777323357123,17.3770
1777323357176,17.5137
1777323357198,18.2988
1777323357220,18.3261
1777323357242,18.4774
1777323357285,18.1552
1777323357328,16.5719
1777323357350,16.8776
1777323357394,16.7710
1777323357417,17.2942
1777323357460,17.2870
1777323357482,17.8572
1777323357525,17.8595
1777323357548,17.9509
1777323357591,17.8363
1777323357614,17.9165
1777323357662,17.7765
1777323357685,18.0359
1777323357729,18.3286
1777323357752,18.5560
1777323357774,18.8560
1777323357818,18.5450
1777323357841,18.8091
1777323357885,19.0039
1777323357908,18.9695
1777323357952,19.1469
1777323357975,19.1514
1777323358019,19.4741
1777323358042,19.4940
1777323358086,19.2935
1777323358109,19.3260
1777323358153,18.8708
1777323358176,19.0015
1777323358220,18.1207
1777323358243,18.1047
1777323358287,18.2123
1777323358310,18.5082
1777323358354,18.3257
1777323358378,18.5746
1777323358401,18.5156
1777323358444,18.0735
1777323358468,18.0083
1777323358512,17.6606
1777323358535,17.6529
1777323358578,17.4494
1777323358601,17.3947
1777323358645,17.2260
1777323358668,17.2948
1777323358711,16.6828
1777323358734,16.7649
1777323358778,16.1587
1777323358801,16.5044
1777323358845,16.6000
1777323358868,16.7897
1777323358913,16.4526
1777323358936,16.8160
1777323358979,16.7051
1777323359003,16.8696
1777323359046,16.6162
1777323359070,16.9770
1777323359114,16.7515
1777323359137,17.1436
1777323359185,17.0671
1777323359255,17.5401
1777323359276,19.1728
1777323359298,19.3106
1777323359341,18.9822
1777323359363,19.0293
1777323359405,18.5675
1777323359427,18.9809
1777323359470,18.7161
1777323359492,19.0042
1777323359534,18.5543
1777323359577,18.8264
1777323359599,19.0013
1777323359642,19.1689
1777323359664,19.2385
1777323359707,19.3812
1777323359729,19.4067
1777323359772,19.5182
1777323359794,19.4429
1777323359837,19.4853
1777323359860,19.4940
1777323359902,19.4986
1777323359925,19.4688
1777323359967,19.0530
1777323359989,19.2234
1777323360032,18.9098
1777323360054,18.7899
1777323360113,18.3643
1777323360136,18.5130
1777323360158,18.5871
1777323360201,17.9825
1777323360224,18.0402
1777323360267,17.8156
1777323360289,16.1901
1777323360332,15.6823
1777323360354,15.9022
1777323360398,15.5834
1777323360420,15.4844
1777323360465,15.5598
1777323360487,15.5737
1777323360530,15.8273
1777323360574,15.8759
1777323360596,16.1661
1777323360619,15.9580
1777323360663,15.4778
1777323360685,15.5356
1777323360728,15.2650
1777323360772,15.2815
1777323360794,15.6097
1777323360837,15.6073
1777323360860,15.8418
1777323360903,16.0645
1777323360925,16.1256
1777323360969,16.3718
1777323360992,16.5740
1777323361036,16.8621
1777323361059,17.1166
1777323361103,17.5721
1777323361126,17.8280
1777323361169,17.5736
1777323361192,17.8635
1777323361236,17.6454
1777323361258,18.1806
1777323361302,18.0611
1777323361325,18.6913
1777323361348,18.6614
1777323361392,18.7996
1777323361415,18.7160
1777323361458,18.7430
1777323361481,18.7272
1777323361525,18.7721
1777323361548,18.7641
1777323361591,18.2522
1777323361614,18.2620
1777323361658,18.4109
1777323361681,18.4220
1777323361725,18.5621
1777323361748,18.5846
1777323361792,18.1470
1777323361815,18.2840
1777323361858,18.1508
1777323361881,17.9774
1777323361925,17.6774
1777323361948,17.9470
1777323361992,17.7972
1777323362015,17.8177
1777323362059,17.5564
1777323362082,17.8338
1777323362127,17.5495
1777323362150,17.5456
1777323362195,17.2536
1777323362218,17.5744
1777323362241,17.5732
1777323362285,17.1113
1777323362308,17.0973
1777323362355,16.8807
1777323362378,17.0656
1777323362423,17.3279
1777323362447,17.4902
1777323362491,17.5898
1777323362515,17.9062
1777323362563,17.7794
1777323362587,18.5353
1777323362610,18.5678
1777323362655,18.6896
1777323362679,18.8185
1777323362724,19.1289
1777323362750,19.3655
1777323362775,19.6092
1777323362819,19.3553
1777323362843,19.5398
1777323362888,19.3462
1777323362912,19.6117
1777323362957,19.4158
1777323362981,19.9363
1777323363005,19.8332
1777323363050,19.6961
1777323363075,19.7208
1777323363120,19.6521
1777323363144,19.8852
1777323363168,19.6323
1777323363213,19.4482
1777323363237,19.2074
1777323363282,19.3640
1777323363305,19.5288
1777323363350,19.6150
1777323363373,19.6483
1777323363418,19.6981
1777323363442,19.8082
1777323363466,19.6691
1777323363511,19.2733
1777323363535,19.2576
1777323363580,19.0255
1777323363604,18.6811
1777323363649,18.3974
1777323363673,18.7214
1777323363756,18.1779
1777323363778,18.2695
1777323363820,18.2193
1777323363842,18.0724
1777323363884,18.0510
1777323363906,18.0012
1777323363948,17.5790
1777323363990,17.0831
1777323364012,17.3526
1777323364054,17.4165
1777323364076,17.3023
1777323364118,17.2840
1777323364140,17.2557
1777323364182,17.1043
1777323364204,17.1099
1777323364247,16.9296
1777323364289,16.6954
1777323364311,16.9641
1777323364354,16.8623
1777323364376,16.8392
1777323364419,16.6730
1777323364442,16.4740
1777323364484,16.6556
1777323364507,16.8396
1777323364549,16.4864
1777323364572,16.7132
1777323364614,16.5225
1777323364637,16.5622
1777323364680,16.1661
1777323364703,16.1928
1777323364746,15.9489
1777323364768,15.9944
1777323364811,15.7319
1777323364834,15.7327
1777323364877,15.7216
1777323364900,15.7535
1777323364943,15.6734
1777323364966,15.6371
1777323365009,15.0886
1777323365032,15.1072
1777323365077,14.8724
1777323365099,14.8934
1777323365144,14.7509
1777323365167,14.9174
1777323365210,14.5772
1777323365233,14.9661
1777323365278,14.7641
1777323365301,14.8896
1777323365345,14.5153
1777323365368,14.6461
1777323365412,14.3959
1777323365435,14.5725
1777323365478,14.4256
1777323365501,14.6435
1777323365545,14.5257
1777323365569,14.7662
1777323365613,14.9026
1777323365636,15.0328
1777323365681,15.3138
1777323365705,15.5460
1777323365728,15.8854
1777323365773,15.6088
1777323365796,15.9449
1777323365841,16.0683
1777323365865,16.2404
1777323365910,16.3440
1777323365934,16.6310
1777323365979,16.5980
1777323366002,17.1773
1777323366025,17.1646
1777323366069,17.2101
1777323366093,17.2428
1777323366138,17.3754
1777323366162,17.4023
1777323366207,17.3563
1777323366230,17.5180
1777323366275,17.6285
1777323366299,17.7604
1777323366343,17.9006
1777323366367,18.1279
1777323366391,18.3144
1777323366435,18.0274
1777323366459,18.1730
1777323366504,17.8151
1777323366531,18.0919
1777323366576,17.8377
1777323366600,18.1726
1777323366623,18.1328
1777323366669,17.7418
1777323366693,17.5856
1777323366744,17.3555
1777323366768,17.9724
1777323366792,18.0553
1777323366838,18.0918
1777323366862,18.1258
1777323366907,18.1296
1777323366931,18.3631
1777323366978,18.3428
1777323367002,18.7345
1777323367026,18.7780
1777323367072,19.0092
1777323367097,19.2811
1777323367121,19.5635
1777323367168,19.5055
1777323367193,19.6781
1777323367239,19.5398
1777323367263,19.9556
1777323367287,19.9225
1777323367333,19.7079
1777323367357,19.8026
1777323367402,19.5286
1777323367427,20.0527
1777323367451,19.9633
1777323367497,19.9796
1777323367522,20.0381
1777323367567,19.9665
1777323367591,20.1001
1777323367615,19.8834
1777323367661,19.9652
1777323367686,19.9279
1777323367732,19.8885
1777323367757,20.0023
1777323367782,19.6774
1777323367827,19.6873
1777323367851,19.6914
1777323367949,19.4991
1777323367971,21.1304
1777323367993,21.1617
1777323368036,20.6485
1777323368057,20.6752
1777323368100,20.2202
1777323368121,20.1589
1777323368164,20.0340
1777323368206,19.7877
1777323368228,20.0425
1777323368271,19.7135
1777323368293,19.8508
1777323368336,19.7644
1777323368359,19.9246
1777323368402,19.9136
1777323368425,19.8264
1777323368468,19.6476
1777323368545,20.1265
1777323368568,21.9369
1777323368591,23.0499
1777323368634,23.4727
1777323368658,23.3871
1777323368701,23.0322
1777323368724,23.5701
1777323368768,23.2125
1777323368790,23.3621
1777323368834,23.3863
1777323368857,23.4283
1777323368900,23.4208
1777323368922,23.3754
1777323368966,21.3905
1777323368989,21.4538
1777323369032,21.4406
1777323369055,21.4706
1777323369099,21.5231
1777323369121,21.6003
1777323369166,21.8088
1777323369188,22.0454
1777323369232,21.7584
1777323369255,21.9940
1777323369298,21.6588
1777323369321,22.0412
1777323369365,21.7576
1777323369388,22.1049
1777323369432,21.8630
1777323369455,22.2707
1777323369500,22.0402
1777323369523,22.2081
1777323369546,22.0691
1777323369590,20.1914
1777323369613,19.0419
1777323369656,18.7409
1777323369680,18.7928
1777323369724,18.4168
1777323369747,18.6122
1777323369791,18.2625
1777323369814,18.4684
1777323369858,18.1145
1777323369881,18.3444
1777323369926,18.1683
1777323369949,18.5372
1777323369993,18.4005
1777323370016,18.6358
1777323370039,18.5312
1777323370083,18.1573
1777323370106,18.0772
1777323370160,17.7371
1777323370186,17.9691
1777323370208,17.9154
1777323370252,17.7133
1777323370275,17.6085
1777323370319,17.1939
1777323370343,17.2958
1777323370387,17.2337
1777323370410,17.1189
1777323370454,17.0687
1777323370477,16.9695
1777323370521,16.8802
1777323370548,16.7511
1777323370570,17.0835
1777323370615,16.7601
1777323370638,16.9811
1777323370683,16.7193
1777323370706,17.0210
1777323370751,16.7552
1777323370774,17.1424
1777323370819,16.8731
1777323370843,17.2767
1777323370888,17.1551
1777323370912,17.7028
1777323370936,17.5448
1777323370981,17.1646
1777323371005,17.3113
1777323371050,16.9626
1777323371074,17.5007
1777323371119,17.8522
1777323371143,18.1708
1777323371167,17.9596
1777323371212,17.8172
1777323371236,18.0163
1777323371281,17.9863
1777323371305,18.1842
1777323371350,18.0016
1777323371375,18.4352
1777323371398,18.4058
1777323371443,18.1973
1777323371468,18.1475
1777323371513,18.1523
1777323371537,18.2512
1777323371582,17.9908
1777323371605,18.6200
1777323371629,18.5365
1777323371674,18.5299
1777323371699,18.5662
1777323371744,18.5456
1777323371768,18.6405
1777323371813,18.6699
1777323371837,18.9283
1777323371861,18.7952
1777323371907,18.5552
1777323371931,18.3301
1777323371976,18.5412
1777323372001,18.6624
1777323372025,18.5350
1777323372071,18.3294
1777323372095,18.1798
1777323372140,17.8135
1777323372165,17.9510
1777323372212,18.0543
1777323372236,18.2391
1777323372260,18.3731
1777323372304,18.1642
1777323372328,18.1411
1777323372373,17.9883
1777323372397,17.9235
1777323372442,18.0870
1777323372467,18.2586
1777323372512,18.2299
1777323372536,18.5291
1777323372560,18.5921
1777323372605,18.3057
1777323372629,18.1950
1777323372674,18.4247
1777323372698,18.5504
1777323372722,18.6529
1777323372766,18.2815
1777323372791,18.3788
1777323372837,18.1887
1777323372861,18.0073
1777323372906,18.1895
1777323372931,18.2810
1777323372955,18.4282
1777323373000,18.0376
1777323373025,18.0864
1777323373070,18.5183
1777323373095,18.7254
1777323373141,18.9764
1777323373165,19.0842
1777323373189,19.3046
1777323373234,18.7848
1777323373259,18.9344
1777323373304,19.2422
1777323373328,19.4070
1777323373352,19.4181
1777323373397,19.1193
1777323373486,19.4414
1777323373508,21.3953
1777323373530,21.4460
1777323373572,21.6735
1777323373594,21.7588
1777323373637,21.4236
1777323373659,21.6277
1777323373701,21.1831
1777323373723,21.3057
1777323373766,21.2968
1777323373788,21.1748
1777323373837,21.1328
1777323373859,21.1426
1777323373902,21.1632
1777323373924,21.1284
1777323373967,20.9044
1777323373989,21.2961
1777323374032,21.0049
1777323374054,21.1408
1777323374097,20.4601
1777323374120,20.5030
1777323374163,19.8615
1777323374185,19.8185
1777323374228,19.7761
1777323374250,19.5964
1777323374293,19.3002
1777323374316,19.1369
1777323374359,19.0216
1777323374402,18.7748
1777323374425,19.0452
1777323374468,18.9886
1777323374491,19.1958
1777323374536,16.9450
1777323374558,17.1614
1777323374601,17.0571
1777323374624,17.3449
1777323374667,17.2652
1777323374690,17.6253
1777323374733,17.7065
1777323374756,17.9858
1777323374800,17.8689
1777323374823,18.4067
1777323374867,18.4280
1777323374890,18.7254
1777323374912,18.5627
1777323374960,18.2873
1777323374983,18.4110
1777323375027,18.2989
1777323375050,18.4508
1777323375095,18.5141
1777323375118,18.6053
1777323375162,18.7387
1777323375185,18.9093
1777323375228,19.0783
1777323375252,19.3312
1777323375296,19.5446
1777323375319,19.9165
1777323375363,20.2161
1777323375387,20.4861
1777323375410,20.4449
1777323375454,19.9972
1777323375478,19.9655
1777323375522,19.7140
1777323375546,19.5877
1777323375593,19.4645
1777323375617,19.5468
1777323375661,19.3836
1777323375685,19.6647
1777323375709,19.5149
1777323375753,19.1074
1777323375777,19.1315
1777323375822,19.0143
1777323375846,18.9830
1777323375891,18.5049
1777323375915,18.7492
1777323375960,19.0314
1777323375984,19.2250
1777323376013,19.4700
1777323376057,19.1887
1777323376081,19.5400
1777323376126,19.3481
1777323376149,19.7725
1777323376173,19.6704
1777323376219,19.3767
1777323376243,19.3528
1777323376288,19.1259
1777323376312,19.3403
1777323376336,18.9893
1777323376381,18.3903
1777323376405,18.4313
1777323376455,18.5094
1777323376478,18.7111
1777323376502,18.8771
1777323376547,18.4389
1777323376572,18.6953
1777323376617,18.2555
1777323376642,18.4526
1777323376686,18.0288
1777323376710,18.1712
1777323376734,18.4224
1777323376780,18.0062
1777323376803,18.2577
1777323376849,17.8417
1777323376874,18.2631
1777323376919,18.1647
1777323376944,18.3063
1777323376968,18.3315
1777323377014,17.7741
1777323377039,18.0818
1777323377085,17.8489
1777323377109,18.2162
1777323377134,18.1950
1777323377180,18.1112
1777323377204,18.3106
1777323377249,18.1673
1777323377274,18.4013
1777323377298,18.4596
1777323377343,18.4788
1777323377367,18.6014
1777323377413,18.4323
1777323377437,18.9105
1777323377462,18.7936
1777323377509,18.5971
1777323377534,18.7799
1777323377580,18.9141
1777323377605,19.1580
1777323377631,19.1269
1777323377678,18.9427
1777323377703,19.1118
1777323377727,18.9149
1777323377774,19.0216
1777323377799,19.0390
1777323377846,19.3260
1777323377870,19.4909
1777323377895,19.1994
1777323377943,18.8466
1777323377968,18.9263
1777323378015,19.1451
1777323378041,19.2689
1777323378066,19.5421
1777323378114,19.0138
1777323378140,19.3100
1777323378166,19.5443
1777323378214,19.3210
1777323378240,19.6382
1777323378265,19.7344
1777323378365,19.3706
1777323378386,21.5244
1777323378408,21.9702
1777323378451,21.6675
1777323378473,21.6261
1777323378515,21.5385
1777323378537,21.3531
1777323378580,21.1168
1777323378602,20.7452
1777323378645,20.3440
1777323378688,20.2590
1777323378710,20.3677
1777323378753,20.6555
1777323378775,20.6991
1777323378818,20.4855
1777323378839,20.6542
1777323378883,20.0935
1777323378904,20.1349
1777323378947,19.9749
1777323378969,19.8093
1777323379012,19.5656
1777323379034,19.4388
1777323379077,18.7995
1777323379099,18.7229
1777323379142,17.9834
1777323379185,17.8101
1777323379207,18.1239
1777323379250,17.5729
1777323379272,17.5808
1777323379315,17.5018
1777323379337,17.6201
1777323379380,15.5689
1777323379403,15.7511
1777323379446,15.4358
1777323379469,15.5894
1777323379512,15.5269
1777323379534,15.6252
1777323379577,15.7549
1777323379600,15.8486
1777323379643,15.9222
1777323379666,16.0349
1777323379709,15.6397
1777323379732,15.8241
1777323379775,15.5905
1777323379798,15.5444
1777323379841,15.1675
1777323379864,15.3811
1777323379907,15.2545
1777323379930,15.4412
1777323379974,15.5859
1777323379996,15.6129
1777323380040,15.6153
1777323380063,15.6832
1777323380107,15.4316
1777323380130,15.8256
1777323380174,15.6718
1777323380197,15.7357
1777323380240,15.4586
1777323380263,15.5879
1777323380307,15.3928
1777323380330,15.5889
1777323380374,15.3121
1777323380397,15.4565
1777323380440,15.1856
1777323380463,15.1537
1777323380507,15.2489
1777323380531,15.3616
1777323380576,15.4646
1777323380599,15.5537
1777323380643,15.6559
1777323380666,15.7919
1777323380710,16.0002
1777323380733,16.1174
1777323380778,16.2956
1777323380801,16.5003
1777323380824,16.7996
1777323380868,16.5085
1777323380892,16.7247
1777323380937,16.7627
1777323380961,16.8320
1777323381006,16.4821
1777323381030,16.9267
1777323381075,16.7806
1777323381098,17.2569
1777323381142,17.5513
1777323381166,17.8985
1777323381189,17.8358
1777323381233,17.7862
1777323381257,17.7834
1777323381302,17.5158
1777323381326,17.5596
1777323381393,17.1613
1777323381416,18.0265
1777323381441,18.6323
1777323381465,18.7169
1777323381510,18.7261
1777323381534,18.7888
1777323381579,18.8061
1777323381604,18.8861
1777323381628,19.0957
1777323381673,18.6254
1777323381697,18.8181
1777323381742,18.5194
1777323381767,18.9884
1777323381812,18.9179
1777323381836,19.1498
1777323381860,19.5131
1777323381905,19.5703
1777323381928,19.6837
1777323381978,19.4283
1777323382002,20.0071
1777323382027,19.9325
1777323382072,20.0861
1777323382096,20.1665
1777323382141,19.9039
1777323382166,20.0756
1777323382190,20.0472
1777323382236,20.0608
1777323382261,20.2062
1777323382306,20.4923
1777323382331,20.7559
1777323382355,21.0567
1777323382401,20.1672
1777323382426,20.2999
1777323382472,20.0789
1777323382496,20.3945
1777323382520,20.3902
1777323382577,20.1156
1777323382602,20.5088
1777323382627,20.5602
1777323382652,20.8344
1777323382699,20.7345
1777323382725,21.1372
1777323382749,20.9945
1777323382794,20.3612
1777323382819,20.4591
1777323382865,20.0336
1777323382890,20.5254
1777323382915,20.4019
1777323382962,20.3943
1777323382986,20.4012
1777323383103,20.0171
1777323383125,21.8216
1777323383168,21.2532
1777323383191,21.2334
1777323383234,21.2293
1777323383256,21.1848
1777323383299,20.9324
1777323383323,20.8290
1777323383366,20.6785
1777323383388,20.5818
1777323383431,20.1393
1777323383453,20.0414
1777323383497,19.3216
1777323383519,19.1972
1777323383562,19.0675
1777323383605,18.9818
1777323383628,18.4105
1777323383650,18.3917
1777323383694,18.1594
1777323383737,17.8772
1777323383759,18.1892
1777323383782,18.4456
1777323383825,17.9318
1777323383848,17.9914
1777323383892,17.3905
1777323383935,17.5467
1777323383958,17.7195
1777323383981,17.7086
1777323384024,17.4468
1777323384070,17.5227
1777323384093,17.8883
1777323384115,17.7947
1777323384159,16.1361
1777323384182,16.1810
1777323384226,16.1289
1777323384249,16.2053
1777323384293,16.2341
1777323384316,16.3708
1777323384362,16.4182
1777323384385,16.5628
1777323384429,16.7768
1777323384452,16.9474
1777323384495,17.2088
1777323384518,17.4135
1777323384562,17.6883
1777323384586,17.9376
1777323384630,17.5983
1777323384653,18.0684
1777323384697,18.0962
1777323384721,18.3648
1777323384744,18.3051
1777323384789,17.7805
1777323384813,18.1778
1777323384857,18.4425
1777323384881,18.6021
1777323384925,18.6039
1777323384949,18.7456
1777323384994,18.8492
1777323385017,19.0752
1777323385041,19.0027
1777323385085,18.6622
1777323385109,18.3141
1777323385154,18.2454
1777323385177,18.2367
1777323385222,18.1729
1777323385246,18.2554
1777323385291,18.2295
1777323385314,18.3526
1777323385359,18.5185
1777323385383,18.6877
1777323385408,18.5181
1777323385453,18.4373
1777323385477,18.4856
1777323385524,18.0467
1777323385549,18.3722
1777323385573,18.3221
1777323385618,17.9508
1777323385643,18.0451
1777323385689,17.6631
1777323385714,17.8699
1777323385738,17.5242
1777323385782,17.7796
1777323385807,17.8662
1777323385852,17.9238
1777323385877,17.9640
1777323385922,17.7004
1777323385945,18.0323
1777323385990,17.8965
1777323386015,18.1417
1777323386039,17.8941
1777323386085,17.9833
1777323386109,18.0515
1777323386154,18.3263
1777323386178,18.5658
1777323386203,18.8436
1777323386248,18.5383
1777323386273,18.7190
1777323386317,18.3460
1777323386343,18.6013
1777323386366,18.5259
1777323386411,17.9510
1777323386436,18.2067
1777323386481,18.0329
1777323386506,18.3742
1777323386552,18.2806
1777323386575,18.4538
1777323386599,18.8425
1777323386644,18.4903
1777323386669,18.7482
1777323386714,18.5161
1777323386739,18.6344
1777323386763,18.7414
1777323386815,18.4158
1777323386840,18.8921
1777323386866,18.8356
1777323386911,18.5445
1777323386937,18.8928
1777323386962,18.5898
1777323387008,18.0775
1777323387034,18.2111
1777323387079,18.4296
1777323387105,18.6760
1777323387130,18.7773
1777323387176,18.4609
1777323387207,18.3208
1777323387233,18.7620
1777323387280,18.4221
1777323387306,18.8487
1777323387333,18.7533
1777323387380,18.7764
1777323387407,19.4351
1777323387433,19.6436
1777323387481,19.4849
1777323387507,19.7613
1777323387534,20.0322
1777323387560,19.9503
1777323387608,19.4112
1777323387693,20.1373
1777323387715,20.3862
1777323387758,19.9536
1777323387780,19.9826
1777323387823,19.9024
1777323387845,19.6107
1777323387888,19.3897
1777323387930,19.0119
1777323387952,19.1449
1777323387995,19.3816
1777323388017,19.4540
1777323388060,19.2659
1777323388083,19.2522
1777323388126,18.8552
1777323388148,18.9191
1777323388191,18.9174
1777323388213,18.8656
1777323388256,18.6710
1777323388279,18.7261
1777323388322,18.1710
1777323388344,18.1383
1777323388387,17.7597
1777323388410,17.4836
1777323388453,17.0089
1777323388475,17.1015
1777323388519,16.2776
1777323388542,16.3237
1777323388586,16.0768
1777323388608,16.1181
1777323388652,15.5997
1777323388674,15.6737
1777323388717,14.7441
1777323388740,14.8681
1777323388784,14.5779
1777323388808,14.8625
1777323388851,14.9736
1777323388874,15.0519
1777323388917,14.9420
1777323388941,15.0659
1777323388985,14.6115
1777323389008,14.6805
1777323389051,14.4143
1777323389075,14.3312
1777323389119,14.4874
1777323389142,14.5911
1777323389186,14.4380
1777323389209,14.6537
1777323389253,14.5355
1777323389276,14.8423
1777323389321,14.8850
1777323389344,15.0966
1777323389388,15.3211
1777323389411,15.6094
1777323389455,15.9238
1777323389478,16.2602
1777323389501,16.5658
1777323389545,16.5153
1777323389568,16.6959
1777323389612,16.6893
1777323389636,16.7969
1777323389680,16.5871
1777323389703,17.0384
1777323389747,17.0627
1777323389770,17.5595
1777323389815,17.4078
1777323389839,17.9391
1777323389884,17.7458
1777323389908,18.3143
1777323389953,18.2341
1777323389978,18.8578
1777323390002,18.9410
1777323390047,19.1592
1777323390071,19.2404
1777323390115,19.0331
1777323390143,19.4137
1777323390166,19.6300
1777323390211,19.2576
1777323390234,19.5261
1777323390279,19.1682
1777323390302,19.3793
1777323390326,19.0891
1777323390370,18.8507
1777323390394,18.6237
1777323390439,18.3775
1777323390464,18.4014
1777323390508,18.1825
1777323390532,18.3068
1777323390577,18.3799
1777323390602,18.5673
1777323390647,18.4333
1777323390672,18.9363
1777323390697,18.9499
1777323390743,18.9244
1777323390768,18.9635
1777323390813,19.1039
1777323390837,19.3290
1777323390862,19.3466
1777323390907,19.0655
1777323390931,18.8699
1777323390977,18.8245
1777323391002,18.8854
1777323391027,18.8567
1777323391072,18.6136
1777323391222,18.6449
1777323391247,23.2962
1777323391271,26.5854
1777323391295,26.1792
1777323391340,26.7993
1777323391365,26.5523
1777323391411,26.8533
1777323391434,26.6703
1777323391479,26.4632
1777323391504,27.0065
1777323391528,26.6945
1777323391574,26.8412
1777323391599,26.7224
1777323391644,26.6310
1777323391669,26.5225
1777323391693,26.1643
1777323391738,26.2261
1777323391763,26.0328
1777323391809,25.9017
1777323391835,25.8288
1777323391860,25.5525
1777323391906,25.6900
1777323391932,25.6462
1777323391977,25.6747
1777323392002,25.7022
1777323392027,25.6246
1777323392072,25.5679
1777323392098,25.5954
1777323392144,25.2880
1777323392169,25.3645
1777323392194,25.1781
1777323392240,24.7932
1777323392269,20.9982
1777323392294,18.2085
1777323392340,18.3895
1777323392365,18.5633
1777323392390,18.7602
1777323392437,18.3789
1777323392463,18.5539
1777323392489,18.4844
1777323392536,17.9694
1777323392561,18.3245
1777323392608,18.3128
1777323392634,18.6570
1777323392661,18.7874
1777323392712,18.5348
1777323392739,19.4514
1777323392764,19.6397
1777323392789,19.8992
1777323392837,19.6572
1777323392864,19.7512
1777323392889,20.2074
1777323392936,20.1610
1777323392962,20.5418
1777323392989,20.4609
1777323393035,20.3850
1777323393061,20.5926
1777323393087,20.4999
1777323393135,20.2873
1777323393160,20.4598
1777323393185,20.1783
1777323393232,20.2397
1777323393258,20.3584
1777323393339,22.4093
1777323393360,22.2669
1777323393403,22.0909
1777323393424,22.4227
1777323393467,22.2571
1777323393488,22.0770
1777323393531,22.1678
1777323393552,21.9257
1777323393595,21.5861
1777323393637,21.0739
1777323393659,21.0367
1777323393702,20.9667
1777323393724,20.9778
1777323393767,20.0173
1777323393789,19.9424
1777323393831,20.0015
1777323393853,19.9518
1777323393896,19.3736
1777323393918,19.3574
1777323393961,18.6022
1777323393983,18.4365
1777323394026,18.2971
1777323394069,17.9760
1777323394091,18.1429
1777323394134,18.2484
1777323394156,18.2939
1777323394200,18.2726
1777323394222,18.4178
1777323394265,17.9726
1777323394288,18.0803
1777323394331,17.9544
1777323394353,16.4992
1777323394397,16.2458
1777323394419,16.4168
1777323394462,16.4599
1777323394485,16.5491
1777323394528,16.3494
1777323394551,16.6342
1777323394594,16.9877
1777323394617,17.1591
1777323394663,16.8323
1777323394686,17.1686
1777323394729,17.0290
1777323394752,17.2941
1777323394796,17.4408
1777323394819,17.7189
1777323394862,17.8373
1777323394885,18.0831
1777323394929,18.0347
1777323394952,18.6217
1777323394975,18.5729
1777323395020,18.5924
1777323395043,18.4811
1777323395087,18.1559
1777323395109,17.9051
1777323395153,17.5853
1777323395176,17.6092
1777323395220,17.3221
1777323395243,17.3159
1777323395287,17.2084
1777323395310,17.0776
1777323395354,16.9546
1777323395377,17.2098
1777323395422,16.9985
1777323395446,17.2422
1777323395490,17.1067
1777323395514,17.3356
1777323395558,17.1583
1777323395581,17.5579
1777323395605,17.5540
1777323395649,17.2537
1777323395672,17.2463
1777323395717,16.9994
1777323395741,17.0824
1777323395785,16.6504
1777323395808,16.8534
1777323395852,16.5284
1777323395876,16.7610
1777323395921,16.4159
1777323395945,16.6469
1777323395969,16.3456
1777323396014,16.3780
1777323396038,16.4201
1777323396083,16.6810
1777323396106,16.8445
1777323396151,16.8834
1777323396176,17.0446
1777323396200,17.2058
1777323396245,16.8820
1777323396269,17.1602
1777323396314,16.8608
1777323396338,17.1425
1777323396384,16.8327
1777323396408,17.2930
1777323396454,17.0682
1777323396478,17.1913
1777323396502,17.2289
1777323396548,16.7788
1777323396573,16.6817
1777323396619,16.8069
1777323396644,17.5098
1777323396668,17.5270
1777323396735,17.5705
1777323396759,18.3661
1777323396785,19.1328
1777323396809,19.3039
1777323396834,19.4692
1777323396879,19.0229
1777323396905,19.2531
1777323396951,19.1037
1777323396976,19.3224
1777323397000,19.7752
1777323397046,19.5940
1777323397072,20.0173
1777323397097,19.8323
1777323397143,19.8055
1777323397168,19.8465
1777323397215,19.6386
1777323397241,20.3411
1777323397265,20.3228
1777323397311,20.4694
1777323397337,20.7637
1777323397361,20.9529
1777323397407,20.5341
1777323397431,20.8370
1777323397477,20.6423
1777323397501,20.8420
1777323397525,20.9572
1777323397570,20.8351
1777323397595,20.9594
1777323397641,20.6675
1777323397665,20.5760
1777323397690,20.5053
1777323397737,20.5225
1777323397761,19.8296
1777323397808,19.2512
1777323397833,19.1966
1777323397858,19.4911
1777323397905,19.2814
1777323397930,19.5499
1777323397954,19.4514
1777323398000,18.8672
1777323398025,19.2406
1777323398071,18.8863
1777323398096,19.1951
1777323398121,19.2139
1777323398169,19.0633
1777323398194,19.4379
1777323398219,19.3196
1777323398265,18.7877
1777323398289,19.1354
1777323398348,18.9405
1777323398373,19.2534
1777323398398,19.9697
1777323398423,19.9839
1777323398469,19.9411
1777323398494,20.1659
1777323398595,20.7727
1777323398616,21.2419
1777323398659,20.8040
1777323398681,20.8176
1777323398724,20.8976
1777323398745,20.9062
1777323398788,20.6352
1777323398810,20.5689
1777323398852,19.9193
1777323398894,20.0411
1777323398916,20.1386
1777323398958,19.9532
1777323398980,20.3726
1777323399023,20.0846
1777323399045,20.2008
1777323399088,19.7885
1777323399110,19.8049
1777323399152,19.8008
1777323399174,19.7122
1777323399217,19.1833
1777323399239,19.1233
1777323399281,18.8925
1777323399324,18.8036
1777323399346,19.0494
1777323399389,17.7350
1777323399411,17.9179
1777323399454,17.7051
1777323399476,17.8332
1777323399519,17.2680
1777323399541,17.3602
1777323399585,17.1965
1777323399607,17.0321
1777323399650,16.5501
1777323399672,16.3351
1777323399715,16.3870
1777323399738,16.4818
1777323399780,16.3412
1777323399803,16.4387
1777323399846,16.4459
1777323399868,16.4523
1777323399911,16.3444
1777323399934,16.4306
1777323399977,16.1580
1777323400000,15.9961
1777323400043,15.7329
1777323400067,15.7925
1777323400111,15.7600
1777323400134,15.8862
1777323400177,15.6459
1777323400200,16.0320
1777323400244,15.8803
1777323400266,16.3008
1777323400311,16.2084
1777323400334,16.3246
1777323400378,15.9713
1777323400401,16.2144
1777323400445,15.9666
1777323400468,15.9405
1777323400512,15.9972
1777323400535,16.1905
1777323400579,16.1455
1777323400602,16.3405
1777323400646,16.4650
1777323400669,16.7343
1777323400692,16.6339
1777323400736,16.5074
1777323400759,16.5883
1777323400803,16.3641
1777323400826,16.6330
1777323400871,16.4026
1777323400894,16.7237
1777323400939,16.4115
1777323400963,16.6326
1777323401007,16.7159
1777323401030,16.8832
1777323401075,16.6312
1777323401098,17.1192
1777323401143,17.0129
1777323401166,17.5319
1777323401211,17.3838
1777323401234,17.9297
1777323401258,17.9017
1777323401302,17.9149
1777323401325,18.0046
1777323401369,17.6869
1777323401393,17.9482
1777323401438,17.7560
1777323401461,17.8831
1777323401507,17.8047
1777323401531,18.0289
1777323401555,18.1803
1777323401600,17.9435
1777323401625,17.8297
1777323401670,17.4412
1777323401694,17.6988
1777323401739,17.8591
1777323401763,18.1390
1777323401787,18.4891
1777323401832,18.2116
1777323401857,18.5383
1777323401902,18.7384
1777323401927,18.8554
1777323401973,18.9595
1777323401997,19.2085
1777323402022,19.1671
1777323402068,18.7706
1777323402094,19.0561
1777323402119,18.8504
1777323402165,18.6604
1777323402190,18.7769
1777323402237,18.6056
1777323402262,18.6306
1777323402287,18.9114
1777323402333,18.7090
1777323402359,18.8699
1777323402408,18.7188
1777323402433,19.2876
1777323402458,19.3289
1777323402504,19.2846
1777323402529,19.4843
1777323402554,19.2365
1777323402599,19.1472
1777323402625,19.2486
1777323402670,19.3014
1777323402694,19.3085
1777323402718,19.3324
1777323402762,19.0181
1777323402785,18.8226
1777323402830,18.7641
1777323402854,18.7194
1777323402898,18.5558
1777323402922,18.5678
1777323402967,18.4215
1777323402991,18.5074
1777323403036,18.1164
1777323403060,18.5887
1777323403085,18.3864
1777323403132,18.5950
1777323403158,18.7109
1777323403183,18.5987
1777323403227,18.2387
1777323403252,18.2532
1777323403298,17.7163
1777323403324,18.1467
1777323403351,18.1443
1777323403398,17.8809
1777323403425,18.0565
1777323403500,18.0917
1777323403522,19.4231
1777323403544,19.5910
1777323403586,19.7307
1777323403608,19.7729
1777323403650,19.6184
1777323403672,19.6105
1777323403714,19.1112
1777323403736,19.1572
1777323403778,19.0997
1777323403800,18.9793
1777323403842,18.9510
1777323403885,19.2204
1777323403907,19.3712
1777323403949,19.2633
1777323403971,19.3451
1777323404013,19.1269
1777323404035,19.1034
1777323404078,18.6277
1777323404100,18.6779
1777323404142,18.3963
1777323404165,18.3727
1777323404208,18.4344
1777323404230,18.2701
1777323404272,17.7929
1777323404315,17.9129
1777323404337,17.8811
1777323404379,17.9470
1777323404402,18.0191
1777323404444,17.6450
1777323404467,17.6370
1777323404510,15.7542
1777323404532,15.8657
1777323404575,15.2311
1777323404597,15.4255
1777323404640,15.1367
1777323404663,15.0447
1777323404706,15.0133
1777323404729,15.1012
1777323404772,15.1785
1777323404794,15.2408
1777323404837,15.4027
1777323404859,15.4372
1777323404902,14.9057
1777323404924,14.9067
1777323404967,14.4764
1777323405011,14.5657
1777323405033,14.8663
1777323405076,14.8639
1777323405099,15.1304
1777323405142,15.2606
1777323405164,15.4547
1777323405207,15.7039
1777323405230,15.9380
1777323405273,16.2484
1777323405295,16.4798
1777323405338,16.1650
1777323405361,16.3786
1777323405404,16.1046
1777323405427,16.3938
1777323405470,16.3770
1777323405492,16.5347
1777323405535,16.3279
1777323405558,16.5359
1777323405601,16.5742
1777323405624,16.7353
1777323405667,16.4960
1777323405690,16.8686
1777323405733,16.7004
1777323405756,17.0599
1777323405800,17.1833
1777323405823,17.2936
1777323405866,17.0870
1777323405889,17.4909
1777323405934,17.7559
1777323405957,17.9666
1777323406002,17.9588
1777323406025,18.1102
1777323406069,17.9235
1777323406092,18.0876
1777323406136,17.8955
1777323406159,18.1201
1777323406182,17.8698
1777323406226,17.5402
1777323406249,17.5352
1777323406293,17.2256
1777323406316,17.2154
1777323406359,17.0872
1777323406383,17.1748
1777323406428,16.9938
1777323406451,17.2229
1777323406495,16.8786
1777323406518,16.9517
1777323406562,16.7655
1777323406585,16.9187
1777323406629,16.5922
1777323406652,16.8776
1777323406697,16.8347
1777323406720,17.0561
1777323406764,16.8728
1777323406788,17.1023
1777323406832,16.9687
1777323406855,17.3823
1777323406899,17.2712
1777323406923,17.6709
1777323406946,17.6475
1777323406990,17.3122
1777323407014,17.1691
1777323407058,17.0451
1777323407081,17.0843
1777323407126,16.8118
1777323407149,16.9523
1777323407194,16.8865
1777323407217,17.0301
1777323407261,16.8139
1777323407285,17.2904
1777323407329,17.1532
1777323407352,17.6506
1777323407397,17.6831
1777323407425,17.9767
1777323407449,17.9228
1777323407495,17.9602
1777323407520,18.1456
1777323407565,18.3959
1777323407589,18.5801
1777323407613,18.8211
1777323407658,18.4891
1777323407682,18.7817
1777323407727,18.5971
1777323407751,18.7970
1777323407775,18.7195
1777323407819,18.1837
1777323407864,17.9524
1777323407888,18.3561
1777323407912,18.1954
1777323407957,18.5598
1777323407981,18.7127
1777323408026,18.4953
1777323408115,19.3576
1777323408138,19.4417
1777323408180,19.2052
1777323408203,19.2676
1777323408245,19.1491
1777323408268,19.1344
1777323408311,18.9172
1777323408333,18.8562
1777323408376,18.5021
1777323408398,18.4894
1777323408441,17.9075
1777323408464,17.9314
1777323408507,17.6193
1777323408530,17.6002
1777323408572,17.0036
1777323408595,16.9866
1777323408638,16.8712
1777323408681,16.6838
1777323408703,17.1404
1777323408746,17.0674
1777323408769,17.1399
1777323408812,17.0786
1777323408834,17.7144
1777323408877,17.6072
1777323408900,17.4207
1777323408943,17.3929
1777323408966,17.5164
1777323409010,17.3129
1777323409032,17.5069
1777323409075,17.2005
1777323409098,17.4272
1777323409142,17.3464
1777323409166,17.6272
1777323409209,17.4561
1777323409232,17.8960
1777323409276,18.1171
1777323409299,18.3872
1777323409343,18.2431
1777323409365,18.7966
1777323409409,18.7725
1777323409432,19.3852
1777323409476,19.2419
1777323409499,19.8253
1777323409543,19.8133
1777323409566,20.3963
1777323409609,20.3163
1777323409632,20.8829
1777323409676,20.9232
1777323409699,21.1077
1777323409722,20.8225
1777323409766,20.3844
1777323409790,20.3480
1777323409834,20.0807
1777323409857,20.0509
1777323409900,19.7475
1777323409924,19.8884
1777323409967,19.5017
1777323409990,19.5431
1777323410035,19.2726
1777323410058,19.5653
1777323410101,19.0180
1777323410125,19.2616
1777323410168,18.8163
1777323410192,18.9886
1777323410236,18.6539
1777323410259,18.9225
1777323410303,18.6509
1777323410326,18.6779
1777323410370,18.3263
1777323410393,18.6146
1777323410437,18.3188
1777323410460,18.6229
1777323410484,18.5622
1777323410528,18.0351
1777323410551,17.9834
1777323410596,17.6022
1777323410620,17.6886
1777323410664,17.4400
1777323410688,17.5389
1777323410733,17.4717
1777323410756,17.7175
1777323410801,17.5846
1777323410824,18.1367
1777323410868,18.0621
1777323410892,18.5736
1777323410915,18.4737
1777323410960,18.5067
1777323410985,18.5181
1777323411030,18.3445
1777323411053,18.4914
1777323411098,18.4894
1777323411121,18.6543
1777323411166,18.7126
1777323411189,18.9204
1777323411213,18.8027
1777323411258,18.6779
1777323411281,18.8857
1777323411326,18.5504
1777323411350,18.7782
1777323411395,18.4084
1777323411418,18.6721
1777323411442,18.6111
1777323411487,18.0029
1777323411510,18.3438
1777323411555,18.0713
1777323411578,18.3353
1777323411622,18.1243
1777323411646,18.3850
1777323411690,17.9627
1777323411714,18.2300
1777323411758,17.8764
1777323411782,18.1603
1777323411826,17.8948
1777323411850,18.1787
1777323411873,18.0567
1777323411918,17.5583
1777323411942,17.8294
1777323411986,17.4289
1777323412010,17.7393
1777323412056,17.3844
1777323412080,17.6921
1777323412125,17.4176
1777323412149,17.7808
1777323412173,17.5352
1777323412217,17.7662
1777323412241,17.8182
1777323412285,17.5322
1777323412309,17.6060
1777323412354,17.3866
1777323412379,17.7151
1777323412403,17.7073
1777323412448,17.2867
1777323412472,17.7367
1777323412517,17.5334
1777323412541,18.0469
1777323412586,18.1388
1777323412610,18.3818
1777323412655,18.1585
1777323412679,18.6468
1777323412703,18.6946
1777323412751,18.4943
1777323412775,18.6701
1777323412799,18.5788
1777323412845,18.2923
1777323412869,18.3251
1777323412913,18.0590
1777323412937,18.4126
1777323412983,18.6925
1777323413008,18.9102
1777323413032,18.8458
1777323413077,18.7909
1777323413101,18.6747
1777323413146,18.5591
1777323413171,18.6744
1777323413216,18.4401
1777323413240,18.7855
1777323413265,19.0046
1777323413310,18.6767
1777323413334,18.7715
1777323413379,18.5262
1777323413404,18.7086
1777323413428,18.9772
1777323413473,18.6095
1777323413497,18.7670
1777323413541,18.4946
1777323413565,18.7668
1777323413610,18.4143
1777323413654,18.6790
1777323413677,19.1091
1777323413702,19.0294
1777323413726,19.0770
1777323413771,18.8902
1777323413794,18.7684
1777323413839,18.8759
1777323413863,18.8654
1777323413908,18.9385
1777323413932,19.1863
1777323413957,19.0554
1777323414002,18.5334
1777323414026,18.5883
1777323414070,18.6247
1777323414095,18.6478
1777323414140,18.7899
1777323414164,18.9556
1777323414210,18.7533
1777323414235,19.1202
1777323414259,18.9068
1777323414304,19.0300
1777323414328,19.1047
1777323414377,19.0904
1777323414405,19.2474
1777323414429,19.4736
1777323414532,19.8673
1777323414553,22.2420
1777323414575,22.2543
1777323414618,22.2082
1777323414639,22.1551
1777323414682,21.4011
1777323414704,21.3212
1777323414746,21.0193
1777323414768,21.2333
1777323414810,21.1033
1777323414853,20.8869
1777323414875,20.9526
1777323414918,20.9099
1777323414940,20.7561
1777323414982,21.1683
1777323415004,21.1552
1777323415047,21.2113
1777323415069,21.1104
1777323415111,21.0260
1777323415133,20.9281
1777323415175,20.2267
1777323415197,20.2217
1777323415240,19.3199
1777323415282,19.4553
1777323415304,19.6040
1777323415347,19.3965
1777323415369,19.5163
1777323415411,18.7316
1777323415433,18.7897
1777323415476,18.3484
1777323415498,18.3400
1777323415541,18.0438
1777323415563,15.8952
1777323415605,15.4520
1777323415627,15.3904
1777323415670,15.1075
1777323415714,14.9502
1777323415736,15.4967
1777323415779,15.5397
1777323415800,16.1361
1777323415843,16.1337
1777323415865,16.3143
1777323415909,16.0185
1777323415931,16.1828
1777323415974,15.9495
1777323415996,15.9489
1777323416039,16.0798
1777323416061,16.2038
1777323416104,16.1479
1777323416127,16.2443
1777323416169,16.2451
1777323416192,16.2648
1777323416237,16.3744
1777323416260,16.4459
1777323416303,16.2823
1777323416327,16.2274
1777323416371,16.3173
1777323416395,16.6787
1777323416439,16.8044
1777323416463,17.1902
1777323416507,17.4635
1777323416531,17.8733
1777323416555,18.2980
1777323416599,19.0205
1777323416623,18.9821
1777323416668,19.6258
1777323416691,19.9765
1777323416736,19.9549
1777323416759,20.2794
1777323416804,20.3147
1777323416829,20.6905
1777323416853,20.5691
1777323416898,20.7983
1777323416921,20.7399
1777323416965,21.3974
1777323416987,21.5494
1777323417031,21.3914
1777323417054,21.9550
1777323417098,22.3096
1777323417139,22.3724
1777323417166,23.4580
1777323417189,24.7904
1777323417234,26.3434
1777323417257,26.3618
1777323417302,26.1223
1777323417325,26.6197
1777323417371,26.9693
1777323417394,26.9294
1777323417439,27.1750
1777323417463,27.7525
1777323417487,27.8840
1777323417531,27.4202
1777323417555,27.0480
1777323417600,27.0623
1777323417623,27.4095
1777323417668,27.4434
1777323417691,27.2349
1777323417737,27.4886
1777323417761,27.3664
1777323417785,27.3076
1777323417829,26.8345
1777323417853,26.9630
1777323417897,27.2705
1777323417921,27.6196
1777323417966,27.3994
1777323417990,27.3184
1777323418035,27.2825
1777323418058,27.2540
1777323418082,27.3225
1777323418127,27.0594
1777323418151,26.8714
1777323418197,25.6345
1777323418221,25.2132
1777323418267,25.0549
1777323418291,25.4801
1777323418315,25.4970
1777323418425,25.1183
1777323418447,24.7139
1777323418491,23.6698
1777323418514,23.9954
1777323418557,23.8362
1777323418580,24.3575
1777323418623,24.0023
1777323418645,23.8950
1777323418688,23.6393
1777323418711,23.5614
1777323418754,23.3938
1777323418777,23.1389
1777323418821,23.9142
1777323418844,24.0884
1777323418887,24.4645
1777323418910,24.3015
1777323418954,24.0182
1777323418977,23.8292
1777323419021,23.9611
1777323419044,23.8811
1777323419088,23.9027
1777323419111,24.3938
1777323419155,23.9561
1777323419178,24.2089
1777323419222,23.6897
1777323419245,23.6963
1777323419292,23.5961
1777323419315,23.6904
1777323419339,24.0841
1777323419383,24.2869
1777323419406,24.1392
1777323419450,24.1591
1777323419474,24.6780
1777323419518,25.0361
1777323419541,25.4098
1777323419587,25.2464
1777323419611,25.4159
1777323419637,25.3626
1777323419682,25.5443
1777323419705,25.6626
1777323419751,26.4422
1777323419775,26.6154
1777323419819,26.7921
1777323419842,26.2556
1777323419887,26.5206
1777323419910,26.4167
1777323419934,26.6729
1777323419978,26.4938
1777323420002,26.5364
1777323420047,26.4930
1777323420070,26.5436
1777323420115,26.6809
1777323420139,27.3926
1777323420162,27.1252
1777323420207,27.1956
1777323420230,27.1839
1777323420274,26.8497
1777323420298,26.5904
1777323420343,26.4301
1777323420367,26.5352
1777323420415,26.3482
1777323420439,26.8370
1777323420463,26.7495
1777323420509,26.2221
1777323420536,26.1008
1777323420581,26.0722
1777323420606,26.0227
1777323420630,26.1048
1777323420676,26.2357
1777323420700,26.1351
1777323420745,25.7873
1777323420770,25.2636
1777323420795,25.0907
1777323420840,24.9940
1777323420865,25.0351
1777323420911,25.1183
1777323420936,25.1063
1777323420960,25.2042
1777323421006,25.1887
1777323421031,25.3186
1777323421056,24.9493
1777323421101,24.9975
1777323421128,24.6833
1777323421175,24.3327
1777323421271,27.0740
1777323421293,26.9724
1777323421336,27.3800
1777323421358,27.4807
1777323421402,27.7313
1777323421425,27.7962
1777323421468,27.2996
1777323421491,28.0244
1777323421534,27.7534
1777323421556,27.4611
1777323421600,27.4574
1777323421623,27.3151
1777323421666,27.2337
1777323421688,27.0621
1777323421732,27.4208
1777323421755,27.2589
1777323421799,27.0315
1777323421821,27.3694
1777323421866,26.9875
1777323421889,26.9792
1777323421932,26.7624
1777323421955,26.6145
1777323422004,26.7160
1777323422027,26.7093
1777323422049,26.8297
1777323422093,27.5957
1777323422116,27.6032
1777323422159,27.1932
1777323422183,27.3499
1777323422226,26.7650
1777323422250,26.8068
1777323422294,24.8641
1777323422317,24.8775
1777323422361,24.4935
1777323422384,24.8679
1777323422429,24.9280
1777323422452,25.3482
1777323422497,25.0048
1777323422520,25.1511
1777323422544,25.1074
1777323422588,25.0489
1777323422611,24.8138
1777323422657,24.9481
1777323422680,24.7991
1777323422725,25.6362
1777323422748,25.5029
1777323422793,25.5339
1777323422817,25.9978
1777323422865,26.1553
1777323422889,26.3719
1777323422913,26.4119
1777323422958,26.3840
1777323422981,26.9889
1777323423005,26.5852
1777323423053,25.9009
1777323423077,25.8946
1777323423122,25.3696
1777323423146,25.7731
1777323423191,25.7351
1777323423215,26.0177
1777323423239,25.8368
1777323423286,25.9194
1777323423310,25.8124
1777323423356,26.0997
1777323423381,26.3270
1777323423405,26.1760
1777323423451,25.5773
1777323423474,25.4861
1777323423520,25.4630
1777323423544,25.3672
1777323423589,25.7669
1777323423613,26.0145
1777323423637,26.0960
1777323423687,26.3704
1777323423712,26.8164
1777323423808,26.8791
1777323423830,26.7269
1777323423872,26.5240
1777323423895,26.1832
1777323423937,26.3090
1777323423959,25.8291
1777323424002,26.4087
1777323424024,26.7772
1777323424066,26.6158
1777323424109,26.7172
1777323424131,27.2270
1777323424174,27.1195
1777323424196,26.9460
1777323424239,27.1053
1777323424261,27.2878
1777323424304,26.7605
1777323424326,27.0023
1777323424369,26.9757
1777323424421,27.2286
1777323424443,27.1006
1777323424486,26.8784
1777323424508,27.1842
1777323424551,26.8143
1777323424574,26.7284
1777323424617,26.4133
1777323424639,26.6842
1777323424682,26.2760
1777323424704,26.0866
1777323424747,25.4418
1777323424770,25.2443
1777323424813,25.0195
1777323424835,24.1281
1777323424879,24.3547
1777323424901,24.4810
1777323424944,24.3897
1777323424988,24.7827
1777323425011,24.4072
1777323425034,24.6860
1777323425077,24.6116
1777323425121,24.3240
1777323425143,24.0008
1777323425167,24.0210
1777323425211,24.1876
1777323425234,24.0489
1777323425278,23.7253
1777323425300,24.2215
1777323425344,23.9915
1777323425366,24.0020
1777323425687,23.4736
1777323425710,35.5439
1777323425753,41.1070
1777323425776,41.4328
1777323425819,41.7072
1777323425842,42.2561
1777323425886,41.8233
1777323425909,42.2212
1777323425953,42.1119
1777323425977,42.1026
1777323426000,42.2152
1777323426044,41.7664
1777323426067,41.7399
1777323426111,42.2613
1777323426134,41.6072
1777323426178,41.0294
1777323426201,41.7265
1777323426246,41.3172
1777323426270,41.7244
1777323426314,41.3410
1777323426337,41.6885
1777323426381,41.5702
1777323426405,42.1171
1777323426450,42.1139
1777323426473,41.8584
1777323426518,41.2391
1777323426542,40.8865
1777323426565,40.4458
1777323426610,39.6048
1777323426633,39.4161
1777323426678,39.3356
1777323426702,39.1749
1777323426746,30.3665
1777323426769,26.5131
1777323426792,26.5195
1777323426837,26.4280
1777323426861,26.1908
1777323426908,25.9479
1777323426932,25.8031
1777323426977,25.7757
1777323427002,25.8415
1777323427027,26.0278
1777323427073,26.5624
1777323427098,26.8685
1777323427143,26.7133
1777323427166,27.2594
1777323427266,28.2073
1777323427287,28.0716
1777323427360,29.6292
1777323427382,29.2784
1777323427424,29.2223
1777323427446,28.7697
1777323427488,28.2929
1777323427510,28.2761
1777323427553,28.2280
1777323427596,28.5271
1777323427617,28.4261
1777323427660,28.4109
1777323427682,27.8461
1777323427724,27.7035
1777323427747,27.4133
1777323427789,26.7408
1777323427811,26.6687
1777323427854,27.1082
1777323427897,27.6742
1777323427919,27.6493
1777323427941,27.7275
1777323427984,27.4329
1777323428006,27.2152
1777323428048,26.7831
1777323428091,26.2093
1777323428113,26.0197
1777323428155,25.8208
1777323428178,25.7347
1777323428220,25.8490
1777323428242,25.9997
1777323428286,24.9533
1777323428308,25.1005
1777323428351,24.9342
1777323428374,23.7333
1777323428417,24.1357
1777323428440,24.0971
1777323428483,24.0676
1777323428506,24.1188
1777323428549,23.8433
1777323428572,23.7600
1777323428615,23.4145
1777323428638,23.3093
1777323428681,23.4010
1777323428704,23.2382
1777323428748,23.0607
1777323428771,23.4810
1777323428815,23.5269
1777323428837,23.7850
1777323428881,23.0988
1777323428903,22.8633
1777323428947,22.8978
1777323428970,23.1060
1777323429014,23.5170
1777323429037,23.6630
1777323429080,24.0649
1777323429103,23.9717
1777323429147,23.5577
1777323429170,23.9194
1777323429214,23.5687
1777323429236,23.4244
1777323429280,23.1865
1777323429304,22.9394
1777323429348,23.1403
1777323429372,23.6558
1777323429416,23.8257
1777323429440,23.5201
1777323429484,23.6188
1777323429507,23.6931
1777323429552,23.9236
1777323429575,24.1957
1777323429621,24.8099
1777323429644,25.2580
1777323429667,25.4232
1777323429712,25.1453
1777323429736,25.3948
1777323429781,25.1628
1777323429805,25.6471
1777323429851,25.2213
1777323429875,25.5336
1777323429920,25.4039
1777323429944,25.5587
1777323429967,25.3563
1777323430013,25.3262
1777323430037,25.6131
1777323430083,25.7172
1777323430106,25.6826
1777323430151,26.1211
1777323430175,26.0891
1777323430200,26.1931
1777323430284,26.1447
1777323430305,27.1790
1777323430326,28.4188
1777323430368,28.2832
1777323430390,27.8593
1777323430433,28.2178
1777323430454,28.0709
1777323430497,27.9272
1777323430519,27.6993
1777323430561,27.4522
1777323430604,27.2437
1777323430626,26.6620
1777323430668,26.1655
1777323430690,26.2606
1777323430733,26.4294
1777323430755,26.6195
1777323430798,26.6730
1777323430820,26.6152
1777323430863,26.4667
1777323430885,26.2969
1777323430928,26.1478
1777323430971,26.2047
1777323430995,26.4011
1777323431017,25.8554
1777323431061,25.9562
1777323431083,26.0889
1777323431127,25.4332
1777323431149,25.2597
1777323431193,25.0039
1777323431215,25.2185
1777323431259,25.1578
1777323431282,24.9373
1777323431326,24.4462
1777323431350,23.5526
1777323431393,23.0592
1777323431416,22.9501
1777323431460,22.4159
1777323431483,22.7897
1777323431527,22.7525
1777323431550,23.0321
1777323431595,23.0969
1777323431618,23.1224
1777323431662,23.2316
1777323431685,23.1825
1777323431729,22.9513
1777323431752,22.6161
1777323431800,22.7117
1777323431823,22.7003
1777323431846,23.1054
1777323431890,22.9387
1777323431913,23.1121
1777323431957,23.2145
1777323431980,23.0295
1777323432025,23.3912
1777323432048,23.8747
1777323432093,23.4079
1777323432116,23.5904
1777323432139,23.6356
1777323432184,23.4793
1777323432206,23.7609
1777323432250,23.6887
1777323432274,23.4550
1777323432318,23.6975
1777323432342,23.8061
1777323432386,24.2519
1777323432431,24.6956
1777323432455,25.1252
1777323432478,25.0498
1777323432523,24.9696
1777323432547,24.8654
1777323432591,25.0623
1777323432614,25.3144
1777323432637,25.8770
1777323432681,25.6362
1777323432705,25.4758
1777323432750,26.0093
1777323432774,26.1089
1777323432819,25.9046
1777323432843,25.7335
1777323432888,25.9943
1777323432912,26.0418
1777323432936,25.6834
1777323433044,25.5154
1777323433065,24.8106
1777323433108,24.5273
1777323433129,24.6262
1777323433221,27.7329
1777323433242,27.8746
1777323433284,27.3923
1777323433306,27.9514
1777323433348,27.5335
1777323433370,27.7445
1777323433412,26.7932
1777323433456,26.3104
1777323433477,26.3856
1777323433520,26.1078
1777323433542,25.9317
1777323433584,25.6905
1777323433606,25.5491
1777323433649,24.9795
1777323433670,25.1894
1777323433715,24.8159
1777323433737,24.8275
1777323433780,23.9712
1777323433802,23.8774
1777323433845,23.6652
1777323433867,23.7280
1777323433910,23.7080
1777323433953,24.0035
1777323433976,24.3947
1777323434019,24.4697
1777323434041,24.4430
1777323434088,24.6374
1777323434110,25.0989
1777323434153,24.6914
1777323434175,24.7086
1777323434219,24.6993
1777323434241,22.5353
1777323434284,23.0187
1777323434306,23.1035
1777323434349,23.1727
1777323434372,23.0922
1777323434415,23.4380
1777323434437,23.4774
1777323434481,23.3196
1777323434503,23.9431
1777323434546,23.7520
1777323434569,23.9359
1777323434612,23.8533
1777323434635,24.3293
1777323434678,24.1357
1777323434701,24.3126
1777323434746,24.3743
1777323434769,24.9599
1777323434813,24.5704
1777323434835,24.9846
1777323434879,24.8934
1777323434901,25.3731
1777323434947,25.1436
1777323434970,25.0951
1777323434993,25.1370
1777323435037,24.8403
1777323435060,24.7006
1777323435104,24.4696
1777323435127,24.2434
1777323435171,24.7683
1777323435194,24.8304
1777323435238,24.4966
1777323435262,24.2912
1777323435307,24.3623
1777323435331,24.4249
1777323435376,24.4730
1777323435400,24.6442
1777323435423,24.3487
1777323435467,24.4143
1777323435490,24.4333
1777323435534,24.6476
1777323435558,24.7936
1777323435602,24.6843
1777323435627,24.9838
1777323435672,24.6355
1777323435696,24.9921
1777323435740,25.0484
1777323435764,24.9732
1777323435788,25.4149
1777323435832,25.1021
1777323435855,24.9710
1777323435957,24.8582
1777323435999,26.7889
1777323436021,27.1942
1777323436063,27.4694
1777323436085,27.8260
1777323436127,28.4768
1777323436149,28.4950
1777323436191,27.8994
1777323436214,28.5551
1777323436256,28.3619
1777323436278,28.3291
1777323436321,28.2210
1777323436343,28.2623
1777323436386,27.9746
1777323436408,27.7458
1777323436452,28.1935
1777323436495,28.1951
1777323436517,28.2622
1777323436560,27.5945
1777323436582,28.0197
1777323436628,27.8475
1777323436650,28.0402
1777323436693,27.8561
1777323436716,28.2115
1777323436759,28.6551
1777323436782,28.5718
1777323436825,27.8886
1777323436847,28.2542
1777323436890,28.3285
1777323436912,28.6456
1777323436957,28.5356
1777323436979,26.6236
1777323437022,26.2969
1777323437045,26.3540
1777323437088,26.0917
1777323437110,26.0199
1777323437153,26.0185
1777323437176,26.4589
1777323437220,26.2793
1777323437243,26.5825
1777323437288,26.4596
1777323437311,26.6825
1777323437355,26.3335
1777323437378,26.5870
1777323437422,26.7967
1777323437444,27.1607
1777323437488,26.7411
1777323437511,26.6335
1777323437556,27.0995
1777323437580,27.1101
1777323437603,27.0529
1777323437648,26.5219
1777323437671,26.3060
1777323437715,26.1920
1777323437739,25.9153
1777323437784,25.8369
1777323437809,26.4573
1777323437853,26.6185
1777323437876,26.7210
1777323437921,26.6095
1777323437944,26.5658
1777323437968,26.2922
1777323438013,26.3192
1777323438036,26.1945
1777323438087,26.7203
1777323438111,27.0818
1777323438135,27.2208
1777323438180,26.3414
1777323438205,26.3808
1777323438250,26.2010
1777323438274,26.3185
1777323438297,26.2833
1777323438343,26.4476
1777323438367,26.3415
1777323438412,26.1577
1777323438438,26.0015
1777323438462,25.7162
1777323438508,26.2043
1777323438532,26.3647
1777323438579,26.1760
1777323438603,26.0203
1777323438649,26.6288
1777323438673,26.8642
1777323438698,26.9089
1777323438743,26.3732
1777323438768,26.5629
1777323438792,26.1074
1777323438838,26.0095
1777323438864,25.9784
1777323438910,25.8084
1777323438934,25.8175
1777323438958,25.7508
1777323439004,25.9340
1777323439029,25.9626
1777323439075,26.7198
1777323439101,26.5644
1777323439126,26.2237
1777323439171,26.0523
1777323439196,26.6201
1777323439242,26.1263
1777323439268,26.5179
1777323439293,26.3533
1777323439338,26.4808
1777323439362,26.3514
1777323439409,26.2342
1777323439434,26.8967
1777323439460,26.9643
1777323439507,26.9657
1777323439532,26.8337
1777323439559,27.1422
1777323439605,26.8595
1777323439630,26.9253
1777323439655,26.7157
1777323439702,27.7652
1777323439729,28.2287
1777323439755,27.9625
1777323439802,27.6297
1777323439827,27.8161
1777323439853,27.5055
1777323439901,27.7930
1777323439927,27.7298
1777323439953,27.5612
1777323440000,27.7769
1777323440026,27.7252
1777323440052,27.4995
1777323440099,26.4544
1777323440126,26.3191
1777323440152,26.4777
1777323440206,26.3368
1777323440232,26.8701
1777323440258,26.9004
1777323440283,26.3065
1777323440330,26.5292
1777323440355,26.4522
1777323440380,26.2506
1777323440427,26.0083
1777323440453,25.5089
1777323440501,25.0836
1777323440528,25.5780
1777323440554,25.4912
1777323440580,25.4137
1777323440630,25.4327
1777323440656,25.5398
1777323440680,25.4189
1777323440728,23.9333
1777323440754,24.0762
1777323440783,23.9581
1777323440842,24.3896
1777323440870,24.8288
1777323440899,25.3377
1777323440928,25.4683
1777323440956,26.0158
1777323440985,26.1112
1777323441013,25.8179
1777323441063,25.6622
1777323441090,26.3616
1777323441118,26.2811
1777323441146,26.1251
1777323441195,25.8951
1777323441222,26.0780
1777323441251,25.9083
1777323441278,25.9623
1777323441326,26.7822
1777323441354,27.3186
1777323441382,28.1501
1777323441432,28.7622
1777323441458,29.2862
1777323441484,29.5825
1777323441510,29.5765
1777323441558,29.1387
1777323441585,29.1725
1777323441612,29.2883
1777323441659,29.0631
1777323441686,29.7191
1777323441712,30.4405
1777323441760,30.2954
1777323441786,31.0955
1777323441812,31.1949
1777323441838,30.9369
1777323441886,30.2349
1777323441912,29.6657
1777323441938,29.2617
1777323441985,28.9495
1777323442011,29.4667
1777323442038,29.4566
1777323442085,29.3789
1777323442111,29.5051
1777323442138,29.5055
1777323442185,29.3402
1777323442212,29.8278
1777323442238,29.5039
1777323442290,29.3282
1777323442316,29.3797
1777323442343,28.8373
1777323442370,28.0490
1777323442417,27.3197
1777323442443,27.2200
1777323442470,26.6887
1777323442516,26.5596
1777323442542,26.7238
1777323442569,26.4117
1777323442616,26.4165
1777323442643,26.9580
1777323442670,26.7129
1777323442718,25.9216
1777323442745,25.8294
1777323442771,25.7675
1777323442819,24.9603
1777323442845,25.4784
1777323442871,25.6410
1777323442897,25.9200
1777323442944,26.6592
1777323442971,27.0537
1777323442997,26.9843
1777323443044,26.8833
1777323443070,27.2852
1777323443097,26.9608
1777323443151,26.3911
1777323443178,26.9333
1777323443204,26.9080
1777323443230,27.1408
1777323443278,27.5834
1777323443304,27.5331
1777323443334,27.1604
1777323443359,26.8797
1777323443407,26.5602
1777323443455,26.7359
1777323443481,27.2604
1777323443508,27.5834
1777323443535,27.4857
1777323443560,27.3182
1777323443607,27.1407
1777323443634,27.1776
1777323443661,26.6391
1777323443708,26.9920
1777323443735,27.0223
1777323443760,27.0225
1777323443807,27.2936
1777323443833,27.2735
1777323443860,26.6067
1777323443908,26.4738
1777323443935,26.2208
1777323443965,25.6516
1777323443991,25.1789
1777323444038,24.6935
1777323444085,24.4202
1777323444111,25.3096
1777323444140,25.8781
1777323444166,25.8393
1777323444194,25.6795
1777323444241,25.3244
1777323444289,25.1799
1777323444316,25.2703
1777323444342,25.7770
1777323444368,26.2340
1777323444394,26.6905
1777323444442,26.8250
1777323444468,26.9676
1777323444495,26.5342
1777323444522,26.0204
1777323444569,25.5428
1777323444594,25.9994
1777323444642,25.7236
1777323444668,26.1228
1777323444695,26.4157
1777323444722,26.3116
1777323444770,25.8678
1777323444797,26.0561
1777323444823,26.2420
1777323444870,26.1725
1777323444897,26.9477
1777323444924,27.0871
1777323444972,26.7176
1777323444999,27.3398
1777323445024,27.8397
1777323445049,27.9332
1777323445097,28.4563
1777323445124,27.9899
1777323445151,28.2188
1777323445199,27.7814
1777323445224,28.2417
1777323445250,28.0317
1777323445297,27.8568
1777323445322,27.2985
1777323445348,26.9824
1777323445396,26.7182
1777323445423,26.7224
1777323445449,26.5216
1777323445495,25.8846
1777323445521,26.1521
1777323445568,26.2636
1777323445594,26.5442
1777323445619,26.7169
1777323445667,26.5488
1777323445692,26.5882
1777323445718,26.4952
1777323445765,26.7518
1777323445791,26.8215
1777323445816,26.6768
1777323445841,26.0985
1777323445891,25.7724
1777323445918,25.3221
1777323445945,24.9650
1777323445992,25.3718
1777323446019,25.1649
1777323446045,24.9688
1777323446094,25.5497
1777323446121,25.4849
1777323446147,25.1007
1777323446194,25.5603
1777323446220,26.0267
1777323446246,25.8043
1777323446294,25.9301
1777323446320,25.9795
1777323446346,25.8435
1777323446394,25.9030
1777323446421,25.9841
1777323446448,25.9996
1777323446475,26.1869
1777323446522,25.8382
1777323446548,26.1596
1777323446575,25.9645
1777323446622,25.6220
1777323446649,25.9396
1777323446676,25.7169
1777323446722,25.5364
1777323446748,25.8233
1777323446773,25.5693
1777323446820,25.7658
1777323446846,26.3542
1777323446872,26.3484
1777323446924,26.2651
1777323446950,26.5577
1777323446976,26.7688
1777323447024,26.3858
1777323447050,26.5703
1777323447075,26.3080
1777323447121,25.4624
1777323447147,24.9020
1777323447171,25.1457
1777323447219,24.5045
1777323447245,24.4504
1777323447271,24.5061
1777323447323,24.2929
1777323447348,24.3057
1777323447373,24.4401
1777323447420,24.3703
1777323447447,24.6172
1777323447473,24.9170
1777323447521,25.0988
1777323447548,25.2650
1777323447574,25.3609
1777323447620,25.6428
1777323447647,25.6985
1777323447673,25.4933
1777323447720,25.1006
1777323447849,26.3212
1777323447963,26.1792
1777323447984,26.3898
1777323448027,26.2249
1777323448048,25.9094
1777323448090,25.8309
1777323448112,25.9528
1777323448154,25.3845
1777323448176,24.9538
1777323448218,25.2682
1777323448261,24.8502
1777323448283,25.3581
1777323448325,25.5396
1777323448347,25.3671
1777323448390,25.4020
1777323448411,25.2438
1777323448454,24.6388
1777323448476,24.2839
1777323448518,24.3692
1777323448540,24.3544
1777323448582,23.9558
1777323448625,24.0012
1777323448647,23.8815
1777323448690,24.1327
1777323448712,24.4985
1777323448755,24.3748
1777323448777,24.5910
1777323448819,24.2387
1777323448841,24.1015
1777323448884,22.9320
1777323448906,23.0890
1777323448948,22.8638
1777323448970,22.9561
1777323449013,22.8249
1777323449056,22.7330
1777323449078,22.9374
1777323449121,23.0942
1777323449143,23.8208
1777323449185,23.5340
1777323449208,24.1672
1777323449250,23.7385
1777323449273,23.9508
1777323449316,23.5335
1777323449339,23.6832
1777323449383,23.8016
1777323449405,23.6637
1777323449449,23.6992
1777323449471,23.5766
1777323449514,24.2166
1777323449537,24.2066
1777323449580,24.0136
1777323449603,24.1485
1777323449647,24.1499
1777323449669,24.0244
1777323449713,23.9601
1777323449736,24.0181
1777323449780,24.2292
1777323449802,24.5014
1777323449846,24.1366
1777323449869,24.7541
1777323449913,24.2764
1777323449936,24.6883
1777323449979,24.6686
1777323450002,24.9335
1777323450046,25.1497
1777323450069,25.0050
1777323450113,25.1387
1777323450136,25.2862
1777323450180,25.0733
1777323450203,25.6867
1777323450226,25.4858
1777323450270,25.2972
1777323450293,25.1654
1777323450337,24.8890
1777323450360,24.7395
1777323450405,24.4575
1777323450429,24.7365
1777323450473,25.0354
1777323450496,25.3485
1777323450541,24.6154
1777323450564,25.0881
1777323450609,24.9600
1777323450633,25.1478
1777323450657,25.1135
1777323450701,25.1738
1777323450724,24.9163
1777323450769,24.8902
1777323450794,24.9497
1777323450839,24.7659
1777323450864,25.0551
1777323450909,25.0767
1777323450933,25.1248
1777323450957,24.9452
1777323451007,25.1459
1777323451031,25.2135
1777323451055,24.8468
1777323451101,24.8306
1777323451125,24.7933
1777323451170,24.3128
1777323451194,24.4821
1777323451239,24.0893
1777323451264,24.4152
1777323451288,24.4648
1777323451333,24.4891
1777323451358,24.3652
1777323451411,25.2140
1777323451436,25.8733
1777323451460,26.2654
1777323451505,25.7587
1777323451530,26.1429
1777323451553,25.9472
1777323451598,25.5840
1777323451623,25.3782
1777323451670,25.1737
1777323451695,25.4425
1777323451719,25.2222
1777323451765,25.8375
1777323451790,25.9928
1777323451836,25.5867
1777323451862,26.1874
1777323451886,26.2584
1777323451931,26.2077
1777323451956,26.1543
1777323452002,26.4215
1777323452027,26.3559
1777323452053,27.1621
1777323452100,27.3944
1777323452125,27.6406
1777323452150,27.9426
1777323452195,27.5664
1777323452220,27.5830
1777323452273,27.6131
1777323452300,28.2386
1777323452326,28.5527
1777323452351,28.2671
1777323452398,27.8960
1777323452424,27.6352
1777323452451,27.0076
1777323452499,27.1293
1777323452526,27.0593
1777323452553,27.1708
1777323452600,27.6525
1777323452627,27.8358
1777323452653,27.9515
1777323452700,27.9622
1777323452728,28.5567
1777323452754,28.8668
1777323452781,28.4862
1777323452830,28.2458
1777323452857,28.1963
1777323452910,27.8854
1777323452937,28.4584
1777323452964,28.7817
1777323452989,28.8742
1777323453015,28.5610
1777323453062,28.1445
1777323453091,27.6411
1777323453116,27.4658
1777323453164,26.9614
1777323453191,27.2815
1777323453217,27.0949
1777323453265,27.2087
1777323453291,27.0992
1777323453319,26.5306
1777323453347,26.2549
1777323453395,26.0114
1777323453422,26.5231
1777323453448,26.7190
1777323453496,26.7737
1777323453523,26.7316
1777323453551,26.7496
1777323453577,26.5341
1777323453624,26.2457
1777323453650,26.1817
1777323453676,26.0372
1777323453723,25.6900
1777323453749,25.5290
1777323453775,25.3566
1777323453823,25.3853
1777323453849,25.3482
1777323453875,25.1123
1777323453923,24.7329
1777323453949,24.2688
1777323453975,23.8910
1777323454023,23.9629
1777323454050,24.7770
1777323454077,24.6658
1777323454104,24.6661
1777323454152,24.5888
1777323454178,25.0640
1777323454205,24.7277
1777323454252,24.9926
1777323454279,25.2088
1777323454305,25.2069
1777323454353,25.0251
1777323454380,26.3803
1777323454407,26.5676
1777323454432,26.4904
1777323454479,26.1182
1777323454504,25.8744
1777323454550,25.5040
1777323454577,26.3663
1777323454603,26.7400
1777323454651,26.2266
1777323454677,26.5206
1777323454703,27.0248
1777323454750,26.7669
1777323454775,26.7790
1777323454801,27.1051
1777323454851,27.0117
1777323454879,27.3693
1777323454904,27.7670
1777323454930,27.4196
1777323454984,26.7590
1777323455010,27.3951
1777323455037,27.0002
1777323455062,26.6720
1777323455111,26.3440
1777323455138,26.5770
1777323455163,26.4174
1777323455212,26.3105
1777323455239,26.5123
1777323455266,26.3075
1777323455293,25.6773
1777323455341,25.1872
1777323455368,25.5649
1777323455394,24.9607
1777323455442,24.8966
1777323455469,25.1933
1777323455495,25.0098
1777323455542,25.2277
1777323455568,25.1370
1777323455594,24.3679
1777323455643,24.6522
1777323455670,25.0963
1777323455697,25.2824
1777323455724,25.1325
1777323455771,25.0023
1777323455797,24.9200
1777323455845,24.5457
1777323455872,24.7723
1777323455900,24.6779
1777323455927,24.5780
1777323455976,24.8981
1777323456004,25.1598
1777323456036,25.3130
1777323456062,25.6123
1777323456088,25.8717
1777323456136,25.7313
1777323456163,25.8621
1777323456190,25.8772
1777323456240,25.5555
1777323456267,25.8208
1777323456293,26.1520
1777323456319,26.3538
1777323456367,26.1601
1777323456394,26.1995
1777323456421,26.5334
1777323456473,26.2051
1777323456498,26.6101
1777323456595,26.6901
1777323456617,26.8428
1777323456659,25.9108
1777323456680,26.0230
1777323456723,25.5223
1777323456744,25.2343
1777323456788,25.3508
1777323456810,25.5991
1777323456853,25.4771
1777323456895,25.1871
1777323456917,25.4284
1777323456960,25.2214
1777323456981,25.7548
1777323457025,25.1643
1777323457047,25.0309
1777323457090,24.4718
1777323457112,24.4342
1777323457155,23.9699
1777323457177,23.7191
1777323457219,24.2876
1777323457242,24.1025
1777323457284,23.3588
1777323457327,23.5429
1777323457349,23.6665
1777323457392,23.2949
1777323457414,23.0808
1777323457457,23.0766
1777323457479,23.1998
1777323457522,22.7857
1777323457545,23.0520
1777323457588,22.9410
1777323457610,23.1473
1777323457653,23.0051
1777323457676,23.4798
1777323457728,23.3597
1777323457750,23.6884
1777323457773,23.6445
1777323457816,24.2603
1777323457838,24.1792
1777323457882,24.1188
1777323457904,24.0163
1777323457948,24.1930
1777323457971,24.2312
1777323458014,23.9063
1777323458037,23.6554
1777323458081,23.8696
1777323458103,24.1568
1777323458147,24.1704
1777323458170,23.9715
1777323458214,24.5138
1777323458237,24.2497
1777323458281,24.0857
1777323458303,24.6222
1777323458348,24.3955
1777323458371,24.4594
1777323458415,24.0972
1777323458438,24.0819
1777323458482,23.6631
1777323458506,24.0058
1777323458549,23.8008
1777323458572,23.9749
1777323458617,23.8121
1777323458640,23.9910
1777323458684,23.9137
1777323458707,24.1313
1777323458753,23.7349
1777323458777,23.8634
1777323458800,23.9333
1777323458844,23.7127
1777323458867,23.9924
1777323458921,23.7413
1777323458945,24.1206
1777323458969,23.9953
1777323459014,24.1215
1777323459037,24.2148
1777323459099,24.5778
1777323459123,25.3737
1777323459146,25.9398
1777323459170,25.9160
1777323459215,26.2550
1777323459240,26.2024
1777323459299,26.5609
1777323459322,27.0239
1777323459347,27.5457
1777323459371,27.5020
1777323459416,27.6922
1777323459440,27.9269
1777323459464,28.1052
1777323459509,27.7864
1777323459533,28.0269
1777323459578,27.7986
1777323459603,27.8733
1777323459648,27.9145
1777323459671,28.0585
1777323459695,27.7379
1777323459740,27.9990
1777323459764,28.0117
1777323459808,27.8124
1777323459833,28.1417
1777323459879,27.6497
1777323459904,27.9928
1777323459928,28.0375
1777323459973,27.5789
1777323459998,27.6911
1777323460044,27.7665
1777323460070,28.2070
1777323460095,27.8249
1777323460140,26.9062
1777323460165,27.0257
1777323460211,27.0401
1777323460237,26.6935
1777323460262,26.8241
1777323460309,26.8546
1777323460334,26.4630
1777323460358,26.0391
1777323460404,25.6217
1777323460428,25.7566
1777323460475,26.0790
1777323460501,26.7407
1777323460527,26.8873
1777323460573,26.9369
1777323460599,26.9003
1777323460625,26.7275
1777323460672,26.4763
1777323460699,26.6443
1777323460726,26.6841
1777323460752,26.2786
1777323460799,25.7733
1777323460825,26.0995
1777323460872,25.8386
1777323460899,26.5182
1777323460924,26.3949
1777323460971,26.5756
1777323460998,26.7208
1777323461024,26.7713
1777323461076,26.3397
1777323461102,26.1351
1777323461128,26.8901
1777323461154,26.4025
1777323461201,26.2052
1777323461228,26.2372
1777323461253,26.0064
1777323461302,25.8838
1777323461329,25.8760
1777323461356,25.7014
1777323461404,25.8764
1777323461431,26.2381
1777323461457,26.2986
1777323461484,25.6027
1777323461533,25.2033
1777323461560,25.3693
1777323461587,25.1676
1777323461634,25.0480
1777323461661,25.4879
1777323461687,25.3614
1777323461733,25.8727
1777323461760,26.7288
1777323461786,26.9848
1777323461834,26.6224
1777323461860,26.6894
1777323461887,26.1581
1777323461935,26.6146
1777323461961,27.5980
1777323461987,27.4424
1777323462014,27.1230
1777323462061,26.7893
1777323462087,27.1519
1777323462113,26.7857
1777323462163,26.2308
1777323462190,26.6903
1777323462216,26.5109
1777323462265,26.6946
1777323462292,27.3237
1777323462318,27.4869
1777323462365,28.0374
1777323462392,28.9517
1777323462419,28.8563
1777323462445,28.5726
1777323462493,28.8313
1777323462520,28.8948
1777323462547,28.5990
1777323462595,28.7884
1777323462622,29.2072
1777323462650,29.0259
1777323462677,28.7168
1777323462724,28.3453
1777323462752,28.0056
1777323462777,27.4454
1777323462824,27.2219
1777323462850,27.6382
1777323462876,27.9522
1777323462924,28.4855
1777323462952,28.6545
1777323463001,28.9102
1777323463029,29.6841
1777323463055,30.4373
1777323463082,30.4095
1777323463108,30.2429
1777323463155,30.5632
1777323463184,30.5438
1777323463211,30.9446
1777323463238,30.6922
1777323463285,30.3964
1777323463312,30.0114
1777323463339,29.5879
1777323463387,28.7452
1777323463413,28.3082
1777323463439,28.5054
1777323463487,28.8819
1777323463515,28.9125
1777323463543,28.7940
1777323463570,28.6473
1777323463615,28.4638
1777323463641,28.3265
1777323463667,28.1281
1777323463715,27.9162
1777323463742,28.3829
1777323463769,28.1797
1777323463815,27.9485
1777323463842,28.3482
1777323463869,28.1402
1777323463916,27.4795
1777323463943,27.0471
1777323463969,26.5232
1777323464017,26.2045
1777323464044,24.7388
1777323464070,24.3823
1777323464095,24.2835
1777323464143,24.4903
1777323464169,24.4151
1777323464195,24.1343
1777323464243,23.6580
1777323464268,23.9859
1777323464294,23.6547
1777323464341,23.1047
1777323464368,23.5036
1777323464395,23.3623
1777323464444,22.8902
1777323464470,22.7053
1777323464498,22.5565
1777323464546,22.1300
1777323464573,22.4942
1777323464600,22.7948
1777323464627,22.5941
1777323464676,22.3156
1777323464702,22.9132
1777323464728,23.2176
1777323464777,23.2946
1777323464805,23.8070
1777323464832,23.8764
1777323464977,24.8638
1777323464999,25.1496
1777323465041,24.8857
1777323465063,24.7598
1777323465105,24.5966
1777323465127,24.9143
1777323465170,24.8207
1777323465192,24.8162
1777323465234,25.1623
1777323465279,25.1749
1777323465301,25.5488
1777323465322,26.0706
1777323465365,26.1510
1777323465408,26.8729
1777323465430,27.3432
1777323465473,27.2574
1777323465495,27.6469
1777323465538,27.5514
1777323465560,27.3336
1777323465603,26.9773
1777323465625,27.0290
1777323465668,27.0894
1777323465690,26.8764
1777323465733,26.5683
1777323465755,26.7522
1777323465799,26.8966
1777323465821,26.6201
1777323465864,26.9063
1777323465906,26.9430
1777323465929,26.8819
1777323465972,26.8498
1777323465994,25.6742
1777323466037,25.6992
1777323466059,25.5503
1777323466102,25.8420
1777323466126,26.0583
1777323466169,26.0347
1777323466191,26.2441
1777323466234,26.0604
1777323466256,25.9783
1777323466629,25.6994
1777323467003,82.5303
1777323467026,108.0486
1777323467049,102.2238
1777323467092,106.0997
1777323467115,101.9876
1777323467159,100.6340
1777323467181,101.0146
1777323467224,104.8620
1777323467267,104.5358
1777323467289,107.0187
1777323467333,103.0449
1777323467355,96.0577
1777323467398,90.4971
1777323467421,87.2967
1777323467464,82.4307
1777323467487,79.9697
1777323467530,76.1788
1777323467553,74.2133
1777323467597,71.1829
1777323467620,69.0189
1777323467663,63.8949
1777323467686,62.6155
1777323467729,60.7923
1777323467752,59.3722
1777323467774,58.1435
1777323467818,57.0346
1777323467841,55.8694
1777323467884,54.1504
1777323467907,53.2387
1777323467950,51.7758
1777323467973,51.3164
1777323468016,35.9743
1777323468060,24.8208
1777323468083,25.6214
1777323468126,25.7161
1777323468149,26.0251
1777323468192,26.0584
1777323468215,26.3868
1777323468259,26.2382
1777323468282,26.3939
1777323468325,26.6440
1777323468348,26.3984
1777323468371,26.0229
1777323468415,25.8303
1777323468438,25.8422
1777323468482,25.5987
1777323468505,25.5556
1777323468551,25.5854
1777323468574,25.8942
1777323468619,25.4529
1777323468642,25.3931
1777323468686,24.9336
1777323468709,24.7557
1777323468753,24.5347
1777323468776,24.9811
1777323468820,24.8893
1777323468844,24.8773
1777323468888,25.2673
1777323468911,25.4514
1777323468955,25.7387
1777323468978,26.1375
1777323469001,26.1289
1777323469049,25.7121
1777323469072,25.8313
1777323469117,25.3738
1777323469140,25.1786
1777323469184,25.1172
1777323469207,24.9461
1777323469251,24.9940
1777323469276,25.4599
1777323469321,25.4657
1777323469344,25.6695
1777323469375,25.4161
1777323469400,25.8128
1777323469445,25.3795
1777323469494,25.9247
1777323469518,26.1640
1777323469541,26.1667
1777323469586,25.8223
1777323469609,25.9036
1777323469633,25.5941
1777323469683,25.3232
1777323469707,25.9023
1777323469752,25.9829
1777323469776,25.8713
1777323469799,25.5594
1777323469843,25.5343
1777323469867,25.3940
1777323469912,25.2310
1777323469936,25.5410
1777323469981,25.3507
1777323470005,25.3079
1777323470029,25.6475
1777323470073,24.8714
1777323470125,25.0362
1777323470149,25.9192
1777323470173,26.1244
1777323470197,25.7907
1777323470242,25.6537
1777323470266,25.3916
1777323470312,24.9769
1777323470337,24.5155
1777323470361,24.1900
1777323470406,23.9876
1777323470430,24.2980
1777323470474,24.1043
1777323470498,23.9062
1777323470543,23.3796
1777323470567,23.6893
1777323470612,23.5056
1777323470636,24.0559
1777323470660,24.5436
1777323470704,24.0957
1777323470749,23.9371
1777323470773,24.4281
1777323470797,24.2724
1777323470842,24.4634
1777323470867,24.5805
1777323470892,24.5748
1777323470944,24.0526
1777323470969,23.9529
1777323470995,24.1377
1777323471042,23.8687
1777323471067,24.4127
1777323471092,24.3028
1777323471137,24.0391
1777323471161,23.1109
1777323471206,23.7437
1777323471231,24.4641
1777323471255,24.4381
1777323471300,24.2945
1777323471427,24.7820
1777323471448,28.1164
1777323471468,28.2023
1777323471510,27.7090
1777323471532,28.2944
1777323471575,27.9403
1777323471596,27.9815
1777323471638,27.2519
1777323471660,27.1682
1777323471702,27.2996
1777323471744,26.9463
1777323471766,27.2546
1777323471809,26.4698
1777323471830,27.0090
1777323471873,26.6955
1777323471895,26.7982
1777323471937,27.0468
1777323471959,26.9592
1777323472002,26.7786
1777323472024,26.5545
1777323472068,26.1724
1777323472090,26.2884
1777323472133,26.5675
1777323472176,26.5320
1777323472198,26.2718
1777323472241,25.7293
1777323472263,25.6586
1777323472306,25.9623
1777323472328,26.0796
1777323472370,25.5682
1777323472392,25.4242
1777323472435,25.2240
1777323472457,22.5344
1777323472500,22.3731
1777323472522,22.7964
1777323472566,22.6039
1777323472588,22.4144
1777323472631,22.8251
1777323472674,23.3968
1777323472700,24.0490
1777323472723,23.5730
1777323472766,23.6421
1777323472789,23.6183
1777323472832,23.4247
1777323472855,23.5172
1777323472899,23.6149
1777323472922,24.1346
1777323472966,24.0801
1777323472988,24.2152
1777323473033,24.3959
1777323473056,24.7311
1777323473099,24.3781
1777323473122,24.7240
1777323473166,24.0973
1777323473188,23.9327
1777323473232,23.8965
1777323473254,23.6692
1777323473300,23.7387
1777323473323,23.8618
1777323473368,24.1495
1777323473391,24.1426
1777323473434,24.4892
1777323473457,24.5179
1777323473501,24.6317
1777323473524,24.6122
1777323473568,24.7272
1777323473591,24.9479
1777323473613,24.9085
1777323473658,25.2717
1777323473681,24.6746
1777323473725,24.0830
1777323473750,24.3930
1777323473795,24.2138
1777323473818,24.3742
1777323473862,24.2733
1777323473886,24.2682
1777323473930,24.3496
1777323473954,24.4810
1777323473998,24.7072
1777323474022,24.9044
1777323474046,24.5602
1777323474091,24.1868
1777323474114,24.6441
1777323474158,24.6913
1777323474182,24.5763
1777323474226,24.7596
1777323474249,24.6128
1777323474294,24.8849
1777323474318,25.0662
1777323474362,24.7851
1777323474385,25.0150
1777323474409,25.0425
1777323474454,24.7888
1777323474477,24.7629
1777323474522,24.7743
1777323474546,25.2873
1777323474591,24.8956
1777323474617,24.9800
1777323474641,24.7862
1777323474686,24.5756
1777323474710,25.0863
1777323474754,24.8640
1777323474778,25.0418
1777323474827,25.0253
1777323474851,25.2167
1777323474875,24.9559
1777323474919,25.0174
1777323474943,25.0334
1777323474988,24.9502
1777323475017,24.7865
1777323475042,24.7829
1777323475089,24.6790
1777323475113,24.4753
1777323475137,24.7613
1777323475182,24.6325
1777323475206,24.6461
1777323475252,25.2924
1777323475278,25.8190
1777323475302,25.4246
1777323475348,24.7929
1777323475373,25.0034
1777323475418,24.6457
1777323475442,24.9517
1777323475487,24.8662
1777323475511,24.8902
1777323475535,24.6363
1777323475580,24.5669
1777323475604,24.6797
1777323475648,24.5503
1777323475673,25.2408
1777323475719,24.9123
1777323475743,25.1702
1777323475768,25.2291
1777323475814,24.9603
1777323475839,24.9650
1777323475885,25.3513
1777323475910,26.0815
1777323475935,25.8260
1777323475983,25.2926
1777323476010,25.3469
1777323476037,25.0270
1777323476064,24.9733
1777323476119,24.9316
1777323476146,25.0821
1777323476173,25.3449
1777323476198,25.0590
1777323476244,24.7319
1777323476270,24.3282
1777323476297,24.1019
1777323476344,24.5522
1777323476371,24.5319
1777323476397,24.3578
1777323476444,24.2359
1777323476471,24.3434
1777323476516,24.4069
1777323476542,25.1854
1777323476570,25.3098
1777323476597,25.3450
1777323476644,25.0970
1777323476670,25.5747
1777323476696,25.2659
1777323476743,25.1093
1777323476769,25.0436
1777323476794,25.1850
1777323476841,25.1473
1777323476867,25.2643
1777323476892,25.1861
1777323476924,24.1804
1777323476954,25.0352
1777323476982,25.3720
1777323477010,25.4796
1777323477038,25.7220
1777323477065,26.2298
1777323477092,26.8300
1777323477120,26.9338
1777323477148,26.8715
1777323477175,27.3503
1777323477204,28.2985
1777323477232,29.1794
1777323477258,29.1612
1777323477287,29.5268
1777323477315,29.2677
1777323477348,29.5410
1777323477377,29.7398
1777323477404,30.5182
1777323477432,30.9067
1777323477461,31.1815
1777323477489,31.3799
1777323477519,31.4116
1777323477547,31.0368
1777323477582,31.7926
1777323477611,32.5587
1777323477639,33.0152
1777323477668,33.1370
1777323477697,33.4936
1777323477726,33.9690
1777323477853,33.9327
1777323477890,37.0153
1777323477912,42.7954
1777323477933,42.7487
1777323477954,42.6697
1777323477976,43.0697
1777323477997,43.2181
1777323478019,42.8339
1777323478040,42.7822
1777323478062,42.3218
1777323478083,42.0082
1777323478105,42.0087
1777323478127,41.9834
1777323478149,41.8828
1777323478173,41.6114
1777323478195,41.3130
1777323478217,41.2582
1777323478239,40.8702
1777323478261,40.7309
1777323478283,40.9239
1777323478305,40.6186
1777323478327,40.3672
1777323478349,40.1145
1777323478371,39.4036
1777323478393,38.9938
1777323478415,39.1400
1777323478442,38.8742
1777323478464,38.7130
1777323478487,38.5717
1777323478509,38.4378
1777323478532,38.0574
1777323478555,37.8366
1777323478577,37.2476
1777323478600,36.9033
1777323478623,36.5343
1777323478646,36.1662
1777323478669,35.8466
1777323478692,35.2196
1777323478714,34.9381
1777323478736,34.8046
1777323478759,34.8212
1777323478780,34.7394
1777323478803,34.4419
1777323478826,34.3155
1777323478848,33.9959
1777323478871,32.8101
1777323478895,27.3588
1777323478921,27.7154
1777323478951,27.9404
1777323478975,28.0794
1777323478998,27.5037
1777323479042,27.1901
1777323479065,27.3288
1777323479088,27.2172
1777323479110,27.1346
1777323479135,27.1778
1777323479157,27.4288
1777323479180,27.3118
1777323479203,27.2770
1777323479227,27.1580
1777323479250,26.6994
1777323479273,26.8201
1777323479296,26.5553
1777323479319,26.5587
1777323479342,26.6540
1777323479365,26.5509
1777323479389,26.9044
1777323479412,26.7082
1777323479437,26.6520
1777323479461,26.4849
1777323479492,26.4797
1777323479516,26.8459
1777323479539,27.2335
1777323479564,27.4503
1777323479588,27.0865
1777323479619,26.9311
1777323479642,27.1104
1777323479665,27.6052
1777323479693,27.6024
1777323479717,28.7680
1777323479741,28.8385
1777323479764,29.0272
1777323479791,28.6305
1777323479819,28.6753
1777323479842,28.9028
1777323479870,29.0597
1777323479895,29.3953
1777323479919,28.8853
1777323479943,28.3269
1777323479967,28.1891
1777323479991,27.8197
1777323480014,28.3410
1777323480038,28.4325
1777323480061,28.4396
1777323480093,28.6236
1777323480117,28.8411
1777323480142,28.8621
1777323480166,28.3601
1777323480190,28.6220
1777323480214,28.7135
1777323480246,28.8338
1777323480270,29.2626
1777323480316,29.7517
1777323480341,30.1496
1777323480365,30.3183
1777323480390,30.2973
1777323480415,30.2210
1777323480439,30.2824
1777323480464,30.4730
1777323480510,30.3511
1777323480534,30.5060
1777323480558,30.1851
1777323480583,30.2148
1777323480608,30.1080
1777323480632,30.0561
1777323480664,29.3484
1777323480689,29.6567
1777323480737,29.7871
1777323480761,29.6230
1777323480786,29.4652
1777323480811,29.7091
1777323480837,29.4908
1777323480862,29.2094
1777323480886,29.2823
1777323480931,29.4739
1777323480961,30.1311
1777323480987,30.2420
1777323481012,30.6048
1777323481038,29.9726
1777323481063,29.7382
1777323481089,29.4885
1777323481114,29.6145
1777323481160,29.7445
1777323481402,30.2724
1777323481424,42.6928
1777323481445,42.5874
1777323481467,43.0144
1777323481488,42.0819
1777323481510,41.4982
1777323481533,41.5744
1777323481555,41.0923
1777323481576,41.6604
1777323481598,40.5133
1777323481619,40.8128
1777323481641,41.1280
1777323481663,40.9984
1777323481684,40.5596
1777323481706,40.1684
1777323481727,39.3055
1777323481749,38.8950
1777323481771,38.8943
1777323481793,38.7033
1777323481815,39.6542
1777323481837,38.8794
1777323481864,38.7914
1777323481885,38.6743
1777323481907,38.5241
1777323481929,38.0852
1777323481953,37.4511
1777323481975,37.2725
1777323481997,37.2713
1777323482019,37.2052
1777323482041,37.5646
1777323482063,37.5318
1777323482085,37.5909
1777323482107,37.4928
1777323482131,37.2635
1777323482158,36.9386
1777323482180,36.4195
1777323482203,35.5412
1777323482225,35.4335
1777323482248,34.9873
1777323482271,34.9200
1777323482294,34.7194
1777323482316,34.4786
1777323482339,34.1723
1777323482361,33.9409
1777323482384,33.8538
1777323482407,33.6860
1777323482429,25.2919
1777323482452,25.1569
1777323482474,25.3994
1777323482497,25.3859
1777323482523,25.6321
1777323482545,26.2203
1777323482568,26.2410
1777323482591,26.3289
1777323482614,26.2570
1777323482639,26.1941
1777323482662,26.1500
1777323482685,26.0820
1777323482734,26.0010
1777323482763,26.5954
1777323482786,26.7376
1777323482809,26.4589
1777323482832,26.3650
1777323482855,26.4348
1777323482878,26.2322
1777323482904,26.1981
1777323482927,26.8072
1777323482950,27.2210
1777323482972,27.3811
1777323482995,27.4020
1777323483018,27.1398
1777323483041,26.9098
1777323483064,27.0570
1777323483087,27.1288
1777323483110,27.3556
1777323483133,27.6805
1777323483156,27.2758
1777323483179,26.7593
1777323483202,26.7848
1777323483226,27.1546
1777323483249,27.3126
1777323483272,27.0808
1777323483295,26.9793
1777323483319,27.1264
1777323483363,27.5648
1777323483387,27.8504
1777323483415,27.5254
1777323483439,27.3969
1777323483463,27.7685
1777323483488,27.7770
1777323483511,27.7585
1777323483557,27.1257
1777323483581,27.4031
1777323483606,27.6497
1777323483630,27.7300
1777323483653,27.7536
1777323483677,27.7843
1777323483701,27.8301
1777323483767,28.0780
1777323483791,28.4817
1777323483816,28.7208
1777323483840,28.8029
1777323483864,28.6397
1777323483999,28.6093
1777323484039,29.3666
1777323484061,32.2853
1777323484083,32.3439
1777323484105,32.0865
1777323484126,31.7544
1777323484148,32.0373
1777323484170,32.3939
1777323484195,32.2828
1777323484217,32.2453
1777323484239,32.2341
1777323484261,32.0796
1777323484288,31.9393
1777323484310,32.2085
1777323484331,32.4179
1777323484353,32.3777
1777323484375,32.2013
1777323484397,32.1871
1777323484419,32.1432
1777323484442,32.3990
1777323484464,32.5132
1777323484486,32.1688
1777323484507,32.0036
1777323484530,31.7837
1777323484552,31.6883
1777323484575,31.3288
1777323484597,31.2907
1777323484619,31.3127
1777323484641,31.7714
1777323484663,31.4079
1777323484685,31.3318
1777323484707,31.1763
1777323484729,31.0825
1777323484751,30.8332
1777323484799,29.9316
1777323484821,30.1745
1777323484843,30.3448
1777323484893,30.5681
1777323484915,30.8665
1777323484937,30.6441
1777323484959,30.4395
1777323484982,30.3442
1777323485005,30.1946
1777323485027,29.1333
1777323485050,28.9548
1777323485072,26.6708
1777323485094,26.4638
1777323485118,26.4357
1777323485140,26.8621
1777323485165,26.7992
1777323485194,27.0086
1777323485217,27.2717
1777323485239,27.5688
1777323485261,27.3103
1777323485283,27.6909
1777323485312,27.6997
1777323485335,27.8827
1777323485358,27.6818
1777323485381,27.3090
1777323485404,27.3326
1777323485433,27.2089
1777323485456,27.5578
1777323485479,27.8419
1777323485507,27.5769
1777323485530,27.9185
1777323485554,27.8895
1777323485577,27.9713
1777323485601,27.8516
1777323485624,28.0113
1777323485649,27.7840
1777323485673,27.9087
1777323485696,27.8827
1777323485719,28.1881
1777323485742,28.2971
1777323485766,28.6502
1777323485899,28.7905
1777323485956,34.8692
1777323485978,35.1088
1777323486001,34.9658
1777323486023,35.1884
1777323486044,35.5973
1777323486066,35.2647
1777323486087,35.4025
1777323486109,35.1164
1777323486130,35.0809
1777323486157,34.9241
1777323486178,34.8658
1777323486200,34.4431
1777323486222,34.4291
1777323486244,34.7223
1777323486270,34.7790
1777323486292,34.7988
1777323486314,34.7918
1777323486336,34.3630
1777323486358,34.2814
1777323486380,34.4400
1777323486402,34.2510
1777323486429,34.5696
1777323486451,33.9441
1777323486474,33.8135
1777323486496,33.9604
1777323486519,33.5409
1777323486541,33.4894
1777323486574,33.5897
1777323486597,33.6860
1777323486619,33.7476
1777323486642,33.6070
1777323486664,33.9900
1777323486693,34.0290
1777323486716,34.1829
1777323486738,34.0333
1777323486760,33.7642
1777323486793,33.6362
1777323486815,33.8892
1777323486842,33.8526
1777323486864,34.1557
1777323486887,33.9476
1777323486910,33.7414
1777323486933,33.0278
1777323486955,32.7562
1777323486977,28.1482
1777323487002,28.2768
1777323487024,28.4307
1777323487046,28.4742
1777323487068,28.3095
1777323487090,28.5761
1777323487112,28.6721
1777323487134,28.7992
1777323487156,28.6012
1777323487199,28.4673
1777323487222,28.8247
1777323487244,28.5874
1777323487411,29.4761
1777323487496,30.6794
1777323487564,36.5758
1777323487586,39.0844
1777323487647,39.7363
1777323487669,41.7202
1777323487691,42.1096
1777323487712,41.6371
1777323487734,41.6165
1777323487777,42.2711
1777323487799,42.1705
1777323487820,41.5738
1777323487842,41.4191
1777323487864,40.9113
1777323487913,42.3489
1777323487962,44.0368
1777323488004,44.5256
1777323488026,44.4800
1777323488047,44.9214
1777323488072,45.4115
1777323488094,45.3241
1777323488116,45.7979
1777323488142,45.9355
1777323488166,46.3368
1777323488188,47.0556
1777323488210,48.0207
1777323488231,48.5590
1777323488257,47.7345
1777323488279,48.0605
1777323488301,47.2821
1777323488324,46.9477
1777323488348,46.5011
1777323488376,46.2881
1777323488399,45.9746
1777323488420,44.5043
1777323488446,42.8480
1777323488489,42.6239
1777323488511,42.5009
1777323488534,42.2198
1777323488558,41.8568
1777323488587,38.1018
1777323488615,36.5155
1777323488637,35.9978
1777323488658,35.7436
1777323488683,35.4515
1777323488706,34.3767
1777323488747,34.3999
1777323488770,35.2916
1777323488792,35.3284
1777323488814,35.4252
1777323488836,35.5239
1777323488859,35.4812
1777323488881,35.5912
1777323488904,35.3055
1777323488927,35.4719
1777323488950,34.9713
1777323488973,34.8802
1777323488996,34.5743
1777323489019,34.1485
1777323489042,34.0439
1777323489068,34.1012
1777323489090,34.2401
1777323489113,34.1662
1777323489135,34.4437
1777323489160,34.3208
1777323489192,34.7986
1777323489216,35.1199
1777323489242,34.7455
1777323489265,34.9833
1777323489288,35.4954
1777323489332,35.2378
1777323489362,35.2084
1777323489385,35.0126
1777323489409,34.8518
1777323489437,34.9392
1777323489460,35.4041
1777323489486,35.0773
1777323489510,34.9499
1777323489535,34.5373
1777323489559,35.1038
1777323489583,35.1009
1777323489607,34.6584
1777323489637,34.1529
1777323489666,34.4638
1777323489690,34.8757
1777323489713,35.0034
1777323489757,35.0797
1777323489784,34.0116
1777323489807,33.5703
1777323489830,33.7211
1777323489853,33.7056
1777323489877,33.8459
1777323489904,33.9006
1777323489927,33.7801
1777323489971,33.2180
1777323489998,33.1287
1777323490021,33.6262
1777323490045,33.7266
1777323490068,33.4011
1777323490092,32.9405
1777323490122,32.8123
1777323490166,32.2951
1777323490192,32.2495
1777323490216,31.8981
1777323490239,31.7320
1777323490263,31.7139
1777323490286,31.3167
1777323490310,31.2704
1777323490334,31.0241
1777323490357,31.0142
1777323490401,31.2675
1777323490425,31.7408
1777323490449,31.6445
1777323490473,31.3216
1777323490497,31.4915
1777323490521,32.0531
1777323490544,32.1638
1777323490589,31.6662
1777323490613,32.2604
1777323490637,33.1202
1777323490661,32.9131
1777323490685,32.7076
1777323490710,32.3368
1777323490734,32.2599
1777323490759,32.0587
1777323490783,31.9881
1777323490812,32.1308
1777323490836,32.5138
1777323490869,33.3859
1777323490897,33.5215
1777323490922,33.3412
1777323490946,33.5892
1777323490971,33.2940
1777323491001,33.0358
1777323491026,33.1951
1777323491057,33.2059
1777323491082,34.2719
1777323491107,34.2833
1777323491132,34.3976
1777323491157,34.2912
1777323491182,33.7441
1777323491214,33.6384
1777323491239,34.4135
1777323491266,34.5744
1777323491290,35.6590
1777323491315,35.4387
1777323491340,35.2751
1777323491364,35.6515
1777323491389,35.3153
1777323491413,34.8449
1777323491480,34.6852
1777323491505,36.6743
1777323491536,36.4237
1777323491561,36.3600
1777323491588,36.1668
1777323491857,35.7904
1777323491881,44.4139
1777323491991,48.3450
1777323492013,51.0184
1777323492034,50.9821
1777323492056,50.1346
1777323492078,48.5996
1777323492100,49.2983
1777323492124,49.2125
1777323492146,48.5066
1777323492168,48.9202
1777323492190,47.6452
1777323492214,47.4048
1777323492239,46.8458
1777323492261,46.4708
1777323492283,45.5573
1777323492305,44.6879
1777323492327,45.0762
1777323492349,45.1581
1777323492371,44.9631
1777323492394,45.1083
1777323492416,45.1768
1777323492438,44.6504
1777323492460,44.0348
1777323492482,43.6095
1777323492504,42.9491
1777323492526,41.4784
1777323492548,40.9769
1777323492575,41.2573
1777323492602,41.2781
1777323492624,41.4773
1777323492646,40.9863
1777323492669,40.2784
1777323492691,39.9234
1777323492714,39.1146
1777323492736,39.0045
1777323492764,38.8603
1777323492786,38.9774
1777323492814,38.7940
1777323492842,38.8869
1777323492864,38.8697
1777323492887,29.2344
1777323492909,29.2845
1777323492934,29.3278
1777323492961,29.3801
1777323492984,29.4946
1777323493006,29.3475
1777323493028,28.4180
1777323493052,28.4223
1777323493078,28.9456
1777323493101,29.1810
1777323493124,29.1332
1777323493147,28.8505
1777323493170,28.9978
1777323493193,29.5068
1777323493216,29.6516
1777323493239,29.6899
1777323493265,29.5333
1777323493295,29.6928
1777323493318,29.8315
1777323493341,29.5328
1777323493365,29.8222
1777323493499,29.7710
1777323493550,31.9679
1777323493581,37.2003
1777323493603,37.3956
1777323493625,37.3891
1777323493646,37.9641
1777323493668,38.4520
1777323493699,38.2016
1777323494215,48.8787
1777323496371,675.0222
1777323497514,2564.2571
1777323498423,2583.9048
1777323499476,2335.4278
1777323500446,2023.8778
1777323501323,1928.8952
1777323501935,1996.2000
1777323501956,1581.4286
1777323501979,1169.5492
1777323502000,756.0545
1777323502021,627.7783
1777323502042,490.9295
1777323502063,407.8096
1777323502084,349.8384
1777323502105,305.5563
1777323502126,270.9618
1777323502158,251.1857
1777323502179,234.9191
1777323502227,202.4200
1777323502248,189.0373
1777323502269,181.7748
1777323502290,171.5673
1777323502312,159.4250
1777323502334,152.1066
1777323502355,130.7843
1777323502379,123.5958
1777323502400,121.2999
1777323502422,117.8226
1777323502443,114.2276
1777323502464,108.9491
1777323502486,106.0986
1777323502507,103.4531
1777323502537,99.6412
1777323502564,97.3539
1777323502585,94.4249
1777323502607,92.6340
1777323502654,88.8206
1777323502675,86.3337
1777323502697,84.6280
1777323502719,82.5301
1777323502743,81.3516
1777323502776,80.3241
1777323502798,78.8719
1777323502820,76.9861
1777323502842,75.9162
1777323502864,74.5511
1777323502885,73.6331
1777323502907,72.2835
1777323502928,71.3801
1777323502953,49.4362
1777323502984,28.6467
1777323503006,29.0566
1777323503032,29.0597
1777323503055,29.5943
1777323503077,29.5607
1777323503099,29.3825
1777323503121,29.7861
1777323503143,29.4756
1777323503165,29.1967
1777323503192,29.1915
1777323503214,29.4163
1777323503239,28.8110
1777323503261,29.3933
1777323503297,29.2253
1777323503319,30.0873
1777323503346,30.4646
1777323503369,30.5248
1777323503390,30.7194
1777323503412,30.6485
1777323503444,30.4351
1777323503466,30.8249
1777323503494,31.0307
1777323503524,31.5992
1777323503547,32.1901
1777323503570,32.0210
1777323503592,31.6628
1777323503615,31.5703
1777323503637,31.6567
1777323503667,31.6039
1777323503689,31.9321
1777323503717,32.4098
1777323503739,34.0187
1777323503761,34.0779
1777323503787,34.1509
1777323503810,33.7014
1777323503832,33.5568
1777323503885,33.7562
1777323503915,34.7514
1777323503944,35.5499
1777323503966,35.7198
1777323503989,35.6443
1777323504011,35.2532
1777323504033,35.0337
1777323504055,34.6675
1777323504077,34.9218
1777323504100,34.9179
1777323504127,35.2972
1777323504149,35.5692
1777323504172,35.5052
1777323504195,35.5259
1777323504218,35.0851
1777323504249,34.8592
1777323504271,34.4530
1777323504315,34.6946
1777323504341,33.9486
1777323504364,33.9326
1777323504389,33.7381
1777323504412,34.1280
1777323504434,34.4314
1777323504457,34.2914
1777323504479,34.1209
1777323504527,33.7804
1777323504549,33.7461
1777323504572,33.9580
1777323504595,33.9245
1777323504618,33.9959
1777323504641,34.1255
1777323504665,34.2046
1777323504730,33.7379
1777323504754,32.4815
1777323504777,32.2964
1777323504800,32.1453
1777323504822,31.7786
1777323504874,32.2049
1777323504898,32.4779
1777323504925,30.7228
1777323504949,31.2333
1777323504974,30.7582
1777323504997,30.6329
1777323505022,30.3660
1777323505054,30.4141
1777323505078,30.6992
1777323505101,30.4447
1777323505125,30.5178
1777323505175,30.6282
1777323505198,32.3039
1777323505222,32.6488
1777323505246,33.2260
1777323505270,33.0781
1777323505294,32.9193
1777323505317,32.5524
1777323505340,32.4798
1777323505386,32.3941
1777323505410,34.1163
1777323505435,34.0327
1777323505459,33.9822
1777323505482,33.8355
1777323505507,33.5524
1777323505531,33.0651
1777323505556,32.6574
1777323505581,32.9874
1777323505606,32.8637
1777323505631,32.8627
1777323505656,32.6619
1777323505681,32.7708
1777323505710,32.7192
1777323505735,32.3570
1777323505761,32.2648
1777323505785,32.2548
1777323505810,32.6903
1777323505835,32.5630
1777323505867,32.4508
1777323505892,32.3074
1777323505916,31.9732
1777323505941,31.9585
1777323505970,31.7369
1777323505996,31.8350
1777323506022,32.2817
1777323506051,33.6969
1777323506081,33.9029
1777323506107,34.0335
1777323506150,33.9145
1777323506174,33.7107
1777323506220,33.7164
1777323506250,32.6636
1777323506276,33.8090
1777323506302,34.3741
1777323506328,34.3280
1777323506353,34.4418
1777323506379,34.4090
1777323506408,33.8438
1777323506433,33.6967
1777323506459,33.7923
1777323506484,33.6547
1777323506510,33.7857
1777323506536,33.6264
1777323506814,33.8497
1777323506909,41.2383
1777323506932,51.3938
1777323506954,51.5310
1777323506977,52.2854
1777323506999,50.5929
1777323507022,49.5919
1777323507045,48.4638
1777323507068,48.0802
1777323507090,47.2875
1777323507112,47.6944
1777323507135,47.1670
1777323507157,46.5910
1777323507180,45.4853
1777323507202,44.5119
1777323507224,43.7460
1777323507256,42.8779
1777323507278,41.7460
1777323507307,42.1374
1777323507331,42.3932
1777323507354,42.4271
1777323507377,41.6362
1777323507399,41.8463
1777323507422,40.9302
1777323507444,40.5900
1777323507467,41.1201
1777323507490,40.7319
1777323507512,41.4637
1777323507539,41.7358
1777323507562,41.8075
1777323507584,41.0966
1777323507607,40.5903
1777323507635,39.7857
1777323507658,39.6455
1777323507681,39.1908
1777323507704,39.4141
1777323507726,39.0287
1777323507749,38.5487
1777323507772,38.3936
1777323507795,37.8824
1777323507818,37.5394
1777323507848,34.5777
1777323507871,34.6233
1777323507895,34.6957
1777323507918,34.4547
1777323507942,28.0713
1777323507966,27.8938
1777323507989,27.8841
1777323508013,27.9704
1777323508036,27.6287
1777323508059,27.6180
1777323508083,27.2033
1777323508107,27.3391
1777323508131,27.0331
1777323508154,27.7431
1777323508178,27.5949
1777323508202,27.8728
1777323508226,28.1025
1777323508250,27.9967
1777323508273,27.5745
1777323508296,27.4658
1777323508322,26.6793
1777323508350,27.2302
1777323508374,27.5046
1777323508398,27.9206
1777323508422,27.8386
1777323508446,27.5291
1777323508470,27.2776
1777323508494,27.4836
1777323508541,27.4452
1777323508565,27.7668
1777323508591,27.8630
1777323508615,27.9573
1777323508640,28.0924
1777323508664,27.9291
1777323508689,27.8908
1777323508713,27.9594
1777323508744,27.4412
1777323508771,28.4552
1777323508795,28.4873
1777323508820,28.6269
1777323508844,28.5409
1777323508869,28.2962
1777323508893,28.4107
1777323508917,28.1895
1777323509007,29.4114
1777323509031,31.8460
1777323509056,32.6738
1777323509081,32.9273
1777323509105,33.2026
1777323509130,33.0826
1777323509182,32.9593
1777323509207,33.6009
1777323509231,33.3967
1777323509256,33.8649
1777323509284,33.5930
1777323509309,33.5783
1777323509333,33.2827
1777323509379,33.2047
1777323509404,33.3684
1777323509428,33.5369
1777323509452,33.7309
1777323509476,33.4467
1777323509500,33.2992
1777323509526,33.0804
1777323509550,32.9666
1777323509596,32.8937
1777323509622,33.4855
1777323509646,33.3359
1777323509671,33.6248
1777323509696,33.4550
1777323509720,33.6909
1777323509744,33.5528
1777323509769,33.8034
1777323509823,33.4422
1777323509848,34.4904
1777323509873,34.1924
1777323509898,33.9023
1777323509923,34.1245
1777323509948,33.7330
1777323509972,33.4616
1777323510004,32.7777
1777323510029,32.8213
1777323510055,31.1852
1777323510080,31.8849
1777323510334,36.1797
1777323510356,38.3748
1777323510378,38.0306
1777323510400,37.9924
1777323510422,38.0396
1777323510444,37.9478
1777323510466,38.8998
1777323510488,38.6463
1777323510510,38.8080
1777323510532,38.8534
1777323510554,38.7695
1777323510576,38.7432
1777323510597,37.9959
1777323510620,37.2571
1777323510642,36.8504
1777323510664,36.9629
1777323510686,36.9521
1777323510708,36.6716
1777323510752,36.8349
1777323510774,36.5495
1777323510796,36.2996
1777323510818,35.6238
1777323510840,35.2808
1777323510863,34.3927
1777323510885,35.3430
1777323510907,34.9538
1777323510929,35.3408
1777323510952,35.8753
1777323510974,35.9122
1777323510997,35.8348
1777323511019,35.3410
1777323511044,35.2905
1777323511066,34.3253
1777323511088,33.4176
1777323511110,33.1223
1777323511132,32.5507
1777323511155,32.4879
1777323511177,32.2884
1777323511207,32.2064
1777323511230,32.1440
1777323511252,31.8413
1777323511275,31.4802
1777323511298,31.6481
1777323511320,31.4851
1777323511342,29.9620
1777323511365,27.4032
1777323511387,27.2290
1777323511411,27.1706
1777323511434,26.8258
1777323511456,26.6246
1777323511478,26.5094
1777323511501,26.4643
1777323511523,26.2498
1777323511545,26.1879
1777323511568,26.0445
1777323511596,26.5092
1777323511619,27.0167
1777323511642,27.1314
1777323511665,27.3745
1777323511688,27.2125
1777323511710,27.1572
1777323511733,27.1595
1777323511756,27.1120
1777323511782,26.7577
1777323511804,26.7489
1777323511840,26.9279
1777323511864,27.6891
1777323511886,28.1475
1777323511909,28.1395
1777323511931,27.6717
1777323511954,27.6433
1777323511977,27.5142
1777323511999,27.5262
1777323512021,27.5139
1777323512044,27.1515
1777323512069,27.0524
1777323512091,27.2771
1777323512114,27.8397
1777323512137,27.9566
1777323512160,28.1143
1777323512183,27.9651
1777323512206,27.8434
1777323512229,27.7708
1777323512262,27.9819
1777323512284,28.7775
1777323512308,28.8498
1777323512331,28.5818
1777323512354,28.4315
1777323512377,28.4491
1777323512401,28.4894
1777323512425,29.0069
1777323512448,29.0148
1777323512472,28.9325
1777323512495,28.7933
1777323512519,28.9299
1777323512542,29.0192
1777323512566,29.4227
1777323512590,29.4099
1777323512613,29.4585
1777323512643,29.3878
1777323512667,29.9528
1777323512691,29.9742
1777323512715,29.7385
1777323512739,29.7009
1777323512762,29.9257
1777323512786,30.0152
1777323512809,29.9988
1777323512843,30.0123
1777323512868,29.7844
1777323512892,29.3519
1777323512917,29.5107
1777323512942,29.7451
1777323512973,29.8948
1777323512998,30.4190
1777323513022,30.3920
1777323513071,30.9611
1777323513095,31.3565
1777323513121,31.2868
1777323513146,31.0264
1777323513170,30.7816
1777323513194,31.1244
1777323513217,31.0658
1777323513241,31.1238
1777323513270,30.9258
1777323513295,30.7610
1777323513319,30.5775
1777323513343,30.5059
1777323513367,30.3341
1777323513392,30.4743
1777323513417,30.4537
1777323513441,30.2811
1777323513487,30.3579
1777323513512,30.9235
1777323513536,30.8650
1777323513561,30.8343
1777323513852,34.9457
1777323513919,45.9676
1777323513961,46.6705
1777323513989,46.4256
1777323514016,46.2126
1777323514037,46.1515
1777323514058,46.1947
1777323514083,45.6854
1777323514104,45.1803
1777323514125,45.0585
1777323514146,44.8222
1777323514167,44.7991
1777323514189,44.4258
1777323514233,44.6757
1777323514255,44.7355
1777323514278,45.0694
1777323514300,44.5159
1777323514322,44.8698
1777323514348,45.6424
1777323514370,46.0136
1777323514391,46.1491
1777323514413,46.0684
1777323514435,45.6712
1777323514457,46.4755
1777323514479,46.0329
1777323514502,45.6496
1777323514524,45.0086
1777323514546,44.1793
1777323514567,44.6590
1777323514590,44.4164
1777323514612,43.9374
1777323514634,43.6453
1777323514662,43.1806
1777323514684,42.6840
1777323514707,42.4392
1777323514728,42.3543
1777323514750,41.2423
1777323514771,40.7725
1777323514793,40.5286
1777323514814,37.2667
1777323514841,37.0794
1777323514864,36.9664
1777323514886,35.7769
1777323514908,35.5928
1777323514934,28.3062
1777323514956,28.4773
1777323514978,28.3550
1777323515000,28.6007
1777323515022,28.1247
1777323515044,27.9992
1777323515066,27.9436
1777323515088,27.9189
1777323515113,28.1728
1777323515135,28.5743
1777323515174,28.8095
1777323515196,29.6117
1777323515219,29.8499
1777323515240,29.4862
1777323515262,29.4618
1777323515284,29.3618
1777323515305,28.9649
1777323515328,28.9294
1777323515350,28.8463
1777323515392,28.7314
1777323515414,28.7523
1777323515436,28.7189
1777323515458,28.9254
1777323515479,28.6870
1777323515502,28.5729
1777323515529,28.6541
1777323515552,29.2797
1777323515579,29.4810
1777323515605,29.8671
1777323515628,30.0676
1777323515650,30.1158
1777323515673,29.7618
1777323515700,29.2545
1777323515723,29.2118
1777323515745,29.4827
1777323515768,29.5525
1777323515793,29.6541
1777323515821,29.8317
1777323515843,29.9388
1777323515866,29.8088
1777323515889,29.7066
1777323515911,29.6515
1777323515935,29.5910
1777323515958,29.3270
1777323515981,29.4908
1777323516005,29.4943
1777323516027,30.0643
1777323516050,30.1441
1777323516073,30.4356
1777323516096,30.4192
1777323516119,30.7071
1777323516142,30.3522
1777323516185,30.6649
1777323516215,30.1236
1777323516240,30.1164
1777323516263,30.1862
1777323516286,30.3778
1777323516310,30.7649
1777323516333,30.6447
1777323516356,30.8214
1777323516380,30.8766
1777323516403,30.9295
1777323516426,30.8654
1777323516448,30.4212
1777323516470,30.2155
1777323516493,30.5232
1777323516516,30.6403
1777323516778,31.0833
1777323516841,32.5821
1777323516862,41.9582
1777323516888,42.5071
1777323516911,43.2606
1777323516932,43.6038
1777323516954,43.0861
1777323516975,43.4550
1777323517017,43.2902
1777323517039,42.9638
1777323517060,42.5007
1777323517082,41.7457
1777323517104,41.8276
1777323517125,41.4986
1777323517147,41.5869
1777323517171,41.3801
1777323517193,40.9129
1777323517215,40.4823
1777323517236,40.3292
1777323517261,40.0114
1777323517283,39.7149
1777323517304,40.1675
1777323517329,39.7638
1777323517350,39.2601
1777323517372,39.0584
1777323517394,38.9851
1777323517416,39.0395
1777323517438,38.6361
1777323517464,39.0430
1777323517494,39.6553
1777323517516,41.3913
1777323517538,41.2134
1777323517561,41.2382
1777323517583,40.7116
1777323517606,40.5661
1777323517628,40.0854
1777323517670,39.4849
1777323517693,39.1035
1777323517715,38.6379
1777323517737,38.4290
1777323517759,37.9081
1777323517781,36.7478
1777323517803,36.4881
1777323517829,36.2621
1777323517851,36.1143
1777323517873,29.4928
1777323517895,28.4897
1777323517917,28.4310
1777323517939,28.0364
1777323517961,27.8713
1777323517984,27.7205
1777323518006,27.6593
1777323518029,27.6277
1777323518051,27.7119
1777323518073,27.5322
1777323518117,27.6959
1777323518142,27.7221
1777323518164,28.8687
1777323518189,29.2619
1777323518212,29.1911
1777323518234,29.0849
1777323518257,28.9447
1777323518282,29.0136
1777323518304,29.1564
1777323518327,29.2223
1777323518350,29.0977
1777323518373,29.2246
1777323518403,29.3980
1777323518427,29.6174
1777323518450,29.7887
1777323518473,29.4834
1777323518498,29.2752
1777323518521,29.0663
1777323518544,27.7580
1777323518568,27.5809
1777323518592,27.4578
1777323518621,27.3695
1777323518645,27.2521
1777323518671,27.0866
1777323518695,26.8869
1777323518719,27.2238
1777323518743,27.3366
1777323518766,27.3192
1777323518793,27.9633
1777323519029,28.0899
1777323519050,34.4414
1777323519072,34.1388
1777323519101,34.4162
1777323519122,34.2991
1777323519178,33.0965
1777323519199,33.7039
1777323519221,34.0805
1777323519243,34.1476
1777323519265,34.4093
1777323519286,34.8568
1777323519308,35.0393
1777323519330,35.4588
1777323519352,35.3755
1777323519374,35.8294
1777323519396,36.1809
1777323519418,36.1480
1777323519439,36.3159
1777323519465,36.3473
1777323519487,37.0126
1777323519510,37.2228
1777323519536,36.9816
1777323519558,36.9859
1777323519580,36.5958
1777323519605,36.4060
1777323519627,36.6689
1777323519649,37.9562
1777323519673,37.5335
1777323519695,37.6996
1777323519741,37.7866
1777323519763,38.9910
1777323519786,39.2983
1777323519808,39.2476
1777323519842,39.1075
1777323519864,39.7823
1777323519886,39.9769
1777323519914,39.9464
1777323519936,40.1747
1777323519959,40.1630
1777323519981,40.2731
1777323520003,40.1608
1777323520026,39.6952
1777323520048,36.1341
1777323520071,35.1096
1777323520093,35.2176
1777323520114,35.0562
1777323520137,35.7416
1777323520159,35.6829
1777323520204,35.7526
1777323520226,35.8828
1777323520249,35.8555
1777323520271,35.7465
1777323520295,35.5790
1777323520317,35.5245
1777323520340,35.3636
1777323520362,35.5073
1777323520392,35.2719
1777323520415,35.6066
1777323520441,35.7590
1777323520464,35.7184
1777323520487,35.2685
1777323520509,35.1547
1777323520532,35.1955
1777323520555,35.7832
1777323520578,36.1605
1777323520602,36.7536
1777323520625,36.4738
1777323520652,36.5680
1777323520675,36.5280
1777323520698,36.4384
1777323520721,36.2491
1777323520748,36.0310
1777323520771,35.3753
1777323520795,34.8972
1777323520818,34.7526
1777323520842,34.5671
1777323520867,34.4506
1777323521054,33.7023
1777323521127,40.1765
1777323521149,40.5912
1777323521174,39.9572
1777323521195,40.0251
1777323521217,38.8091
1777323521239,38.2754
1777323521260,38.3847
1777323521282,38.0756
1777323521308,38.0605
1777323521334,37.9782
1777323521356,37.9106
1777323521378,37.6738
1777323521399,37.6915
1777323521421,37.0596
1777323521443,36.6765
1777323521465,36.5998
1777323521487,36.5697
1777323521509,36.6950
1777323521531,36.6320
1777323521553,36.5535
1777323521575,35.8819
1777323521597,35.8968
1777323521619,35.6455
1777323521641,35.3887
1777323521663,35.2680
1777323521686,35.3102
1777323521708,35.0696
1777323521730,34.6724
1777323521753,34.6372
1777323521775,34.6451
1777323521797,34.3282
1777323521824,34.2143
1777323521850,34.5026
1777323521872,34.5704
1777323521895,34.5202
1777323521917,34.4873
1777323521943,34.2877
1777323521969,34.5421
1777323521991,34.3593
1777323522013,34.1139
1777323522036,33.9214
1777323522058,33.8840
1777323522080,31.5221
1777323522103,31.3414
1777323522128,27.9480
1777323522156,27.5494
1777323522179,27.7130
1777323522202,27.5460
1777323522224,27.4746
1777323522247,27.3411
1777323522270,27.6224
1777323522292,27.3853
1777323522315,27.3484
1777323522342,27.2361
1777323522365,27.8008
1777323522398,27.6237
1777323522422,28.2900
1777323522445,28.4963
1777323522468,28.4877
1777323522491,28.6265
1777323522515,28.6330
1777323522538,28.9436
1777323522561,29.2555
1777323522584,29.4102
1777323522607,29.4093
1777323522634,29.2354
1777323522657,29.4489
1777323522680,29.2757
1777323522703,29.4358
1777323522726,29.9418
1777323522749,29.9209
1777323522772,30.2343
1777323522795,30.0016
1777323522818,30.0211
1777323522841,30.0811
1777323522864,30.0766
1777323522887,29.6609
1777323522910,29.6413
1777323522938,29.2479
1777323522961,29.3989
1777323523010,29.1469
1777323523034,29.8757
1777323523057,29.9089
1777323523081,30.0514
1777323523109,30.0487
1777323523133,30.2115
1777323523157,30.1906
1777323523201,30.0458
1777323523234,30.0508
1777323523257,30.4607
1777323523280,30.9445
1777323523304,30.7301
1777323523328,30.6502
1777323523352,30.5661
1777323523376,30.1626
1777323523421,30.5037
1777323523444,30.0854
1777323523471,30.0548
1777323523496,30.4839
1777323523701,30.0824
1777323523763,33.3234
1777323523784,34.5411
1777323523806,35.1992
1777323523827,35.4716
1777323523849,35.6124
1777323523870,35.6948
1777323523891,36.2210
1777323523913,36.4037
1777323523934,36.8316
1777323523956,36.5696
1777323523977,36.5765
1777323523999,36.6273
1777323524021,36.1289
1777323524042,35.3968
1777323524064,35.1192
1777323524085,35.2984
1777323524128,35.3620
1777323524149,35.5217
1777323524171,35.7544
1777323524192,44.8450
1777323524214,54.4157
1777323524235,70.3479
1777323524257,85.0583
1777323524278,94.7388
1777323524300,113.0584
1777323524322,121.8211
1777323524343,136.1230
1777323524364,148.8086
1777323524386,162.1818
1777323524407,172.2371
1777323524429,182.5585
1777323524450,193.9937
1777323524472,195.6314
1777323524493,213.4027
1777323524515,210.2931
1777323524536,227.7846
1777323524558,232.0061
1777323524600,239.0490
1777323524622,239.2691
1777323524644,242.2975
1777323524665,243.6687
1777323524687,243.6777
1777323524708,248.6915
1777323524731,251.0389
1777323524753,252.1538
1777323524774,255.7945
1777323524817,269.9958
1777323524839,272.1645
1777323524881,279.4552
1777323524903,283.2619
1777323524925,283.7152
1777323524946,287.1143
1777323524968,290.1864
1777323524990,287.5743
1777323525012,294.7329
1777323525033,297.6515
1777323525055,299.1207
1777323525076,300.5460
1777323525098,303.1374
1777323525119,304.4595
1777323525309,311.7869
1777323525330,333.6571
1777323525372,335.4465
1777323525393,335.6805
1777323525414,336.3449
1777323525435,338.0728
1777323525457,338.1520
1777323525478,339.7126
1777323525499,337.4589
1777323525520,338.5804
1777323525562,337.3112
1777323525584,336.9073
1777323525605,334.4383
1777323525626,333.7664
1777323525648,332.7383
1777323525669,330.5956
1777323525690,329.5394
1777323525711,326.7483
1777323525733,327.8093
1777323525754,331.4506
1777323525776,332.0770
1777323525798,327.9502
1777323525818,327.1804
1777323525839,325.7191
1777323525860,328.3793
1777323525881,325.5806
1777323525903,326.6080
1777323525924,326.9163
1777323525946,328.1097
1777323525967,322.7261
1777323525989,328.0724
1777323526011,326.9614
1777323526033,325.5167
1777323526055,327.1414
1777323526076,327.3321
1777323526097,326.3384
1777323526119,325.0053
1777323526141,326.3104
1777323526162,325.5342
1777323526184,324.8766
1777323526205,325.8044
1777323526226,324.1114
1777323526249,325.2133
1777323526270,324.8337
1777323526292,323.2205
1777323526313,324.2269
1777323526335,301.1780
1777323526357,299.1933
1777323526378,297.7998
1777323526400,296.3580
1777323526421,296.0794
1777323526443,296.4177
1777323526464,297.6781
1777323526485,296.2944
1777323526507,296.2309
1777323526528,296.2025
1777323526550,294.3884
1777323526571,299.6425
1777323526593,301.3801
1777323526635,307.8864
1777323526657,308.0433
1777323526700,315.6188
1777323526722,315.7179
1777323526743,310.7267
1777323526765,313.0150
1777323526787,313.9220
1777323526809,312.7328
1777323526831,315.1866
1777323526852,314.1862
1777323526875,314.1377
1777323526897,314.0524
1777323526919,312.7504
1777323526941,313.8540
1777323526962,316.1482
1777323526984,313.7299
1777323527006,312.5024
1777323527028,311.2924
1777323527070,313.7492
1777323527091,311.4056
1777323527113,310.5954
1777323527135,311.6980
1777323527156,311.5935
1777323527178,311.3612
1777323527200,310.0899
1777323527221,310.1017
1777323527243,308.9582
1777323527265,310.2781
1777323527287,312.6214
1777323527310,311.0817
1777323527332,312.0805
1777323527353,310.6706
1777323527375,310.6144
1777323527397,311.6901
1777323527419,311.5603
1777323527462,311.2935
1777323527484,312.5885
1777323527506,313.9046
1777323527528,315.0661
1777323527549,313.9461
1777323527571,313.8720
1777323527593,312.6557
1777323527614,313.8469
1777323527890,348.8774
1777323527911,351.2610
1777323527952,355.2790
1777323527974,356.9915
1777323527995,354.7706
1777323528016,355.6539
1777323528038,354.8685
1777323528059,355.8002
1777323528080,351.4868
1777323528101,352.1481
1777323528122,350.5333
1777323528143,351.8008
1777323528164,348.3915
1777323528185,349.2227
1777323528206,345.5943
1777323528227,346.3754
1777323528248,343.4566
1777323528270,342.2327
1777323528291,339.7635
1777323528312,342.2794
1777323528334,339.6900
1777323528355,340.4913
1777323528377,341.0226
1777323528398,339.3189
1777323528420,337.2931
1777323528441,339.3010
1777323528463,336.1809
1777323528484,336.6540
1777323528505,335.0181
1777323528526,332.9609
1777323528548,333.3616
1777323528569,334.6384
1777323528746,337.7354
1777323528767,362.9549
1777323528808,364.8539
1777323528830,362.2796
1777323528851,362.1507
1777323528872,359.6432
1777323528893,322.7282
1777323528914,321.8526
1777323528936,321.2982
1777323528957,317.1317
1777323528978,316.2049
1777323528999,316.5136
1777323529020,315.1484
1777323529042,312.1515
1777323529063,310.4156
1777323529084,312.0676
1777323529126,310.3305
1777323529147,312.0930
1777323529168,316.0582
1777323529189,317.5504
1777323529210,317.5541
1777323529231,320.7082
1777323529253,322.0825
1777323529274,323.0496
1777323529295,325.3870
1777323529316,323.5528
1777323529338,326.6879
1777323529360,325.3607
1777323529381,327.1941
1777323529403,324.5497
1777323529424,324.5234
1777323529445,325.8716
1777323529467,324.9754
1777323529488,323.6974
1777323529510,324.7992
1777323529531,322.2887
1777323529553,323.7921
1777323529574,323.8364
1777323529595,323.8535
1777323529617,323.3511
1777323529638,323.1227
1777323529679,324.9212
1777323529701,321.9780
1777323529722,321.7820
1777323529744,322.7647
1777323529765,296.6631
1777323529787,296.4734
1777323529808,292.0692
1777323529829,293.2523
1777323529851,290.4392
1777323529872,293.4693
1777323529894,293.5086
1777323529916,293.5209
1777323529937,293.5666
1777323529959,292.2538
1777323529980,292.2165
1777323530001,290.8737
1777323530023,293.8911
1777323530044,295.3538
1777323530065,299.5353
1777323530086,299.5797
1777323530108,303.9475
1777323530129,302.7772
1777323530151,305.2299
1777323530173,307.7725
1777323530194,304.8730
1777323530216,307.3958
1777323530237,306.0641
1777323530259,308.5494
1777323530281,308.7350
1777323530302,309.0095
1777323530324,308.0033
1777323530346,309.4295
1777323530367,310.7514
1777323530389,309.5694
1777323530411,310.7238
1777323530433,310.6599
1777323530454,310.7083
1777323530476,309.7400
1777323530498,309.9110
1777323530519,310.2558
1777323530709,313.4475
1777323530730,338.1531
1777323530792,341.2696
1777323530813,339.9547
1777323530834,339.8711
1777323530856,339.7710
1777323530877,339.6398
1777323530898,339.4642
1777323530919,339.3853
1777323530960,338.4006
1777323531002,335.6470
1777323531022,336.0911
1777323531043,333.3693
1777323531065,333.0169
1777323531086,329.2055
1777323531106,329.1456
1777323531127,332.5449
1777323531148,334.0527
1777323531170,330.9604
1777323531191,330.0607
1777323531212,331.7988
1777323531234,332.8059
1777323531255,331.0180
1777323531276,329.2232
1777323531298,328.5588
1777323531319,327.1294
1777323531340,327.9839
1777323531361,325.4475
1777323531382,326.5193
1777323531404,326.8444
1777323531425,326.9721
1777323531446,327.0037
1777323531467,325.5165
1777323531489,326.5324
1777323531510,327.8824
1777323531531,327.5369
1777323531553,324.6543
1777323531574,325.4861
1777323531595,323.7116
1777323531616,324.5416
1777323531638,322.8894
1777323531659,322.3448
1777323531681,322.0863
1777323531702,321.5882
1777323531723,321.3483
1777323531745,295.6015
1777323531766,296.6904
1777323531787,293.8161
1777323531809,290.9598
1777323531851,293.3827
1777323531872,294.9709
1777323531993,293.5470
1777323532013,312.7536
1777323532034,316.3965
1777323532055,321.2228
1777323532076,322.3460
1777323532097,324.5065
1777323532118,325.5390
1777323532139,319.2030
1777323532181,323.7380
1777323532202,321.4051
1777323532223,321.3566
1777323532244,320.0911
1777323532265,320.8158
1777323532286,322.3225
1777323532307,319.7567
1777323532329,318.7356
1777323532350,316.6095
1777323532371,316.6074
1777323532392,313.0888
1777323532413,315.6482
1777323532435,314.2770
1777323532456,314.4239
1777323532477,315.8228
1777323532498,314.7391
1777323532520,316.0443
1777323532541,313.5807
1777323532562,317.5505
1777323532583,312.4835
1777323532604,314.0531
1777323532625,314.2051
1777323532646,314.2481
1777323532668,315.7853
1777323532689,314.4508
1777323532710,315.9619
1777323532731,314.6559
1777323532753,316.1575
1777323532774,314.8494
1777323532794,316.3371
1777323532816,315.0237
1777323532837,316.5113
1777323532858,313.8545
1777323532879,313.9858
1777323532900,314.3066
1777323532921,314.2840
1777323532943,315.5969
1777323532964,314.3187
1777323532985,314.2975
1777323533007,306.4284
1777323533028,302.6608
1777323533049,302.6976
1777323533071,301.4406
1777323533092,302.8050
1777323533113,301.4794
1777323533134,302.8602
1777323533155,302.8473
1777323533177,301.7592
1777323533198,300.2811
1777323533220,302.9017
1777323533241,300.2546
1777323533263,304.2051
1777323533305,303.8742
1777323533327,304.0264
1777323533348,305.3811
1777323533369,308.0474
1777323533391,310.4575
1777323533412,311.6397
1777323533434,311.7552
1777323533455,311.6932
1777323533476,311.5135
1777323533498,311.4426
1777323533519,311.4372
1777323533540,311.4914
1777323533562,310.3667
1777323533583,311.6900
1777323533604,313.9541
1777323533626,312.6100
1777323533647,312.5641
1777323533669,312.5335
1777323533691,312.1395
1777323533712,311.3667
1777323533734,311.5123
1777323533756,312.6096
1777323533778,311.4205
1777323533800,311.2882
1777323533821,311.2564
1777323533842,311.1498
1777323533864,311.1213
1777323533907,312.5135
1777323533928,309.6668
1777323533950,310.5533
1777323533972,309.8213
1777323533993,310.8872
1777323534015,308.5419
1777323534037,308.4713
1777323534058,307.9799
1777323534080,309.1782
1777323534102,308.0514
1777323534124,309.2664
1777323534323,334.0779
1777323534365,337.2401
1777323534407,340.6957
1777323534428,343.3293
1777323534449,339.6719
1777323534471,342.1125
1777323534492,339.8902
1777323534513,340.9559
1777323534535,340.1114
1777323534576,341.1906
1777323534598,339.7243
1777323534619,339.2641
1777323534641,336.8198
1777323534662,334.7235
1777323534683,333.6310
1777323534705,332.9464
1777323534726,335.4525
1777323534748,334.8998
1777323534769,334.5237
1777323534812,334.4128
1777323534833,334.2223
1777323534854,332.8895
1777323534876,333.4536
1777323534897,330.3193
1777323534919,332.0601
1777323534940,331.2694
1777323534962,331.3529
1777323534983,330.6642
1777323535005,331.5797
1777323535026,329.8931
1777323535048,330.7372
1777323535069,330.6028
1777323535090,330.5269
1777323535112,330.9496
1777323535133,330.6809
1777323535154,331.0823
1777323535217,332.8125
1777323535260,334.8322
1777323535281,333.1129
1777323535302,332.5048
1777323535324,321.3949
1777323535345,303.7765
1777323535366,300.7933
1777323535408,300.6307
1777323535430,298.8172
1777323535451,301.8110
1777323535473,298.7241
1777323535494,299.4144
1777323535516,296.6967
1777323535537,299.1085
1777323535558,295.8707
1777323535579,297.6663
1777323535622,297.5491
1777323535643,302.4492
1777323535664,305.4584
1777323535685,305.5631
1777323535707,308.2106
1777323535728,309.4711
1777323535749,307.4783
1777323535771,309.8987
1777323535793,310.8565
1777323535835,311.9070
1777323535856,312.0930
1777323535877,312.1239
1777323535899,312.2007
1777323536118,317.1180
1777323536160,351.4065
1777323536202,353.3274
1777323536244,350.5927
1777323536265,347.6320
1777323536286,350.3190
1777323536307,349.4688
1777323536329,348.1414
1777323536350,347.7633
1777323536371,346.8290
1777323536392,344.0066
1777323536413,340.0088
1777323536434,339.4478
1777323536455,336.5720
1777323536476,336.1454
1777323536497,333.2338
1777323536539,335.3675
1777323536561,332.2119
1777323536582,334.1274
1777323536623,338.0326
1777323536645,334.9361
1777323536666,335.6702
1777323536687,336.0008
1777323536708,336.1846
1777323536729,337.4038
1777323536751,336.1591
1777323536772,336.3185
1777323536794,335.5603
1777323536815,338.4239
1777323536836,334.3841
1777323536858,334.1006
1777323536879,334.6305
1777323536900,333.7893
1777323536922,331.6755
1777323536943,329.9403
1777323536964,330.2944
1777323536986,329.7633
1777323537007,328.7862
1777323537029,327.2491
1777323537050,328.2011
1777323537071,327.5233
1777323537093,325.7557
1777323537114,327.7303
1777323537136,291.7037
1777323537157,291.9309
1777323537179,289.1014
1777323537200,287.5923
1777323537222,288.4262
1777323537243,288.6595
1777323537265,289.7017
1777323537286,287.5833
1777323537307,288.8013
1777323537329,289.6929
1777323537350,292.7358
1777323537372,294.2518
1777323537393,297.1370
1777323537414,298.5249
1777323537436,300.0098
1777323537457,302.7803
1777323537479,297.1044
1777323537521,296.2174
1777323537563,289.0096
1777323537585,284.6406
1777323537627,278.6577
1777323537649,273.3333
1777323537671,267.0652
1777323537713,261.9276
1777323537735,256.3614
1777323537778,251.9725
1777323537841,249.0094
1777323537884,238.1953
1777323537906,232.7473
1777323537950,227.5897
1777323537972,219.6539
1777323538015,213.8863
1777323538058,207.4677
1777323538081,203.8135
1777323538103,199.3417
1777323538146,192.6818
1777323538360,179.9500
1777323538381,175.1721
1777323538423,167.9712
1777323538465,163.5896
1777323538487,159.9730
1777323538529,156.4101
1777323538571,147.9944
1777323538593,147.8532
1777323538614,145.5157
1777323538656,137.1013
1777323538698,132.5776
1777323538720,125.1875
1777323538741,122.3925
1777323538784,115.8655
1777323538826,105.0840
1777323538848,102.8774
1777323538890,104.3048
1777323538912,101.6275
1777323538954,101.6687
1777323538976,104.4262
1777323539019,106.9645
1777323539062,101.7322
1777323539084,101.4847
1777323539106,101.5661
1777323540259,119.3013
1777323540345,494.6708
1777323541974,487.3067
1777323543727,1728.7033
1777323545543,1832.9167
1777323547389,1912.2467
1777323549270,1935.3867
1777323551078,1966.1867
1777323553052,1900.2333
1777323554970,2056.4400
1777323556965,2014.4200
1777323559124,2073.1567
1777323561351,2245.8533
1777323563467,2307.7733
1777323565523,2213.4200
1777323567562,2152.5900
1777323569556,2131.4300
1777323571527,2079.0267
1777323573522,2053.8733
1777323575075,2095.4400
1777323575652,1633.7500
1777323575673,1163.6426
1777323575694,812.3051
1777323575736,623.7676
1777323575757,508.5690
1777323575799,428.2607
1777323575820,371.4213
1777323575862,326.9364
1777323575904,292.9450
1777323575925,266.5203
1777323575967,243.7478
1777323575988,225.2711
1777323576030,208.7563
1777323576072,208.6991
1777323576094,136.6776
1777323576136,107.4221
1777323576157,107.0486
1777323576199,105.9338
1777323576221,105.5435
1777323576263,104.5026
1777323576285,104.0661
1777323576327,103.2491
1777323576369,102.7825
1777323576390,102.8305
1777323576432,103.5963
1777323576454,102.1203
1777323576496,88.7693
1777323576518,86.4617
1777323576560,89.1450
1777323576582,86.9779
1777323576624,89.3436
1777323576666,75.6580
1777323576688,78.0533
1777323576730,80.4690
1777323576752,78.8138
1777323576795,85.3025
1777323576817,83.5327
1777323576860,90.0592
1777323576883,88.1927
1777323576926,94.3051
1777323576948,94.5360
1777323576991,98.5748
1777323577013,98.9099
1777323577056,98.5962
1777323577078,95.0777
1777323577120,94.5441
1777323577142,94.6869
1777323577184,94.1475
1777323577227,96.2240
1777323577248,94.5446
1777323577291,99.0076
1777323577312,96.9355
1777323577355,96.7735
1777323577378,94.7813
1777323577421,96.6520
1777323577444,94.6558
1777323577487,96.4929
1777323577510,94.5282
1777323577553,96.5525
1777323577576,94.5704
1777323577620,96.7656
1777323577643,94.8458
1777323577686,94.6895
1777323577710,94.7442
1777323577753,94.6249
1777323577776,96.9437
1777323577820,94.6116
1777323577842,96.9898
1777323577886,94.6806
1777323577908,97.0248
1777323577952,94.7320
1777323577975,97.1270
1777323578018,94.8645
1777323578041,97.3731
1777323578085,95.1328
1777323578108,97.5657
1777323578152,95.3618
1777323578175,95.8781
1777323578219,95.8017
1777323578241,94.0080
1777323578285,95.8185
1777323578308,94.1233
1777323578352,96.0022
1777323578375,94.3879
1777323578419,96.3473
1777323578443,94.7656
1777323578466,96.7407
1777323578511,98.7515
1777323578534,98.9286
1777323578579,101.1608
1777323578602,98.9843
1777323578647,100.7628
1777323578671,99.0255
1777323578715,101.2671
1777323578739,97.1157
1777323578783,101.4754
1777323578807,97.3670
1777323578830,99.4138
1777323578875,99.2671
1777323578899,97.1826
1777323578943,99.1594
1777323578967,97.0988
1777323579012,99.1500
1777323579037,97.1978
1777323579061,97.1707
1777323579106,96.8646
1777323579131,96.9512
1777323579175,96.7280
1777323579199,96.8023
1777323579243,98.4951
1777323579268,96.6363
1777323579313,98.4233
1777323579337,96.6480
1777323579361,96.6899
1777323579406,96.1796
1777323579431,96.3972
1777323579476,98.1107
1777323579500,98.5810
1777323579524,96.4176
1777323579569,96.1381
1777323579593,94.3108
1777323579638,96.0985
1777323579663,94.3028
1777323579708,96.1209
1777323579732,94.3637
1777323579757,96.4430
1777323579803,95.9961
1777323579828,98.0145
1777323579873,98.0755
1777323579898,96.2060
1777323579922,98.5119
1777323579967,96.1097
1777323579992,98.4099
1777323580037,96.0919
1777323580062,98.3423
1777323580086,98.5124
1777323580132,98.3145
1777323580159,96.4408
1777323580206,100.6276
1777323580233,98.6872
1777323580259,94.6304
1777323580285,98.7894
1777323580332,98.2891
1777323580357,96.2709
1777323580383,96.4118
1777323580429,96.1556
1777323580454,96.1873
1777323580500,97.9897
1777323580526,98.2349
1777323580551,96.4384
1777323580597,96.2325
1777323580623,96.6306
1777323580669,98.5981
1777323580694,98.9887
1777323580720,96.9872
1777323580766,101.2772
1777323580792,99.2901
1777323580817,97.2296
1777323580864,99.2615
1777323580891,97.3618
1777323580917,97.2584
1777323580964,99.5375
1777323580991,97.6637
1777323581017,97.8802
1777323581063,97.7306
1777323581089,97.9719
1777323581115,100.4472
1777323581162,98.0952
1777323581188,98.5641
1777323581213,98.5238
1777323581259,98.0049
1777323581285,100.4073
1777323581311,100.5605
1777323581357,98.1645
1777323581383,100.6151
1777323581408,100.7861
1777323581455,98.3858
1777323581501,98.7093
1777323581526,100.9826
1777323581552,101.1962
1777323581577,99.4037
1777323581624,101.0522
1777323581649,101.2911
1777323581674,97.5110
1777323581720,100.6209
1777323581745,100.7974
1777323581791,98.3820
1777323581816,100.5817
1777323581841,98.3830
1777323581887,96.2524
1777323581912,98.2447
1777323581959,98.3607
1777323581984,100.4348
1777323582009,98.3385
1777323582055,100.3917
1777323582080,100.1606
1777323582126,100.3034
1777323582152,100.4487
1777323582177,98.3998
1777323582223,101.0228
1777323582249,100.6574
1777323582275,98.5584
1777323582322,102.8771
1777323582347,98.7436
1777323582372,100.7790
1777323582418,103.0950
1777323582443,98.8838
1777323582489,100.8013
1777323582514,96.8222
1777323582540,98.5004
1777323582586,102.8744
1777323582611,100.8254
1777323582638,98.6554
1777323582684,103.1554
1777323582709,101.0800
1777323582755,103.5273
1777323582780,101.4705
1777323582805,99.3884
1777323582851,103.9439
1777323582876,101.8482
1777323582901,101.8183
1777323582947,101.5564
1777323582972,99.5023
1777323583023,103.9180
1777323583049,101.9892
1777323583075,97.9844
1777323583100,100.1454
1777323583146,99.8835
1777323583171,99.8407
1777323583217,101.9323
1777323583242,99.9760
1777323583267,99.9813
1777323583313,101.9819
1777323583338,97.9429
1777323583363,102.0175
1777323583409,101.9018
1777323583435,99.9231
1777323583481,102.0641
1777323583507,101.9982
1777323583534,99.8656
1777323583579,101.9589
1777323583605,97.9080
1777323583630,102.0046
1777323583677,101.8343
1777323583702,97.7365
1777323583749,101.7680
1777323583774,101.6923
1777323583800,97.5956
1777323583847,101.7471
1777323583872,97.7540
1777323583897,101.9172
1777323583943,101.8462
1777323583968,97.7866
1777323583993,102.0395
1777323584039,101.2412
1777323584064,97.1326
1777323584112,103.4576
1777323584138,99.3249
1777323584163,101.4691
1777323584210,101.3638
1777323584235,97.3438
1777323584261,101.3510
1777323584307,101.2491
1777323584332,97.2083
1777323584358,101.3063
1777323584404,101.2248
1777323584429,99.1598
1777323584475,101.0102
1777323584501,97.0393
1777323584526,99.0682
1777323584572,101.1440
1777323584598,97.1027
1777323584623,101.2275
1777323584670,101.1242
1777323584696,97.1111
1777323584721,101.3411
1777323584767,100.7066
1777323584793,96.6411
1777323584840,100.7591
1777323584866,96.7956
1777323584945,100.0112
1777323584966,102.6394
1777323584987,102.7614
1777323585029,104.9468
1777323585051,102.6365
1777323585093,102.6166
1777323585115,100.3677
1777323585158,101.8617
1777323585180,99.4679
1777323585222,99.3727
1777323585265,103.4819
1777323585286,101.0483
1777323585329,99.2263
1777323585351,99.5128
1777323585393,101.6650
1777323585415,98.2288
1777323585458,101.3503
1777323585480,99.0772
1777323585522,100.4575
1777323585544,98.1877
1777323585587,99.8612
1777323585630,102.1536
1777323585652,99.9561
1777323585694,99.6153
1777323585716,97.4754
1777323585759,99.6256
1777323585781,95.3806
1777323585824,99.3478
1777323585846,97.1818
1777323585889,98.5635
1777323585911,96.3664
1777323585954,94.3274
1777323585977,92.2828
1777323586020,93.9650
1777323586042,91.7581
1777323586085,93.8799
1777323586128,96.0441
1777323586150,91.9543
1777323586193,98.7912
1777323586215,94.4907
1777323586258,94.2433
1777323586281,92.3826
1777323586324,96.2844
1777323586346,94.3477
1777323586389,95.9783
1777323586411,92.1618
1777323586454,96.1113
1777323586476,92.1148
1777323586519,96.3684
1777323586541,94.4219
1777323586584,96.6362
1777323586606,94.7620
1777323586649,94.5311
1777323586672,96.6491
1777323586715,94.2638
1777323586738,96.5102
1777323586781,94.1100
1777323586804,96.3936
1777323586847,94.0206
1777323586870,96.3715
1777323586912,93.9980
1777323586935,96.4120
1777323586978,93.9997
1777323587001,96.4104
1777323587044,94.0069
1777323587067,96.3127
1777323587111,93.9198
1777323587155,95.7827
1777323587178,96.0693
1777323587201,91.9515
1777323587245,93.5830
1777323587269,91.6826
1777323587313,93.3034
1777323587337,91.4186
1777323587381,93.2440
1777323587404,95.2980
1777323587448,93.2420
1777323587471,95.3488
1777323587515,95.3972
1777323587537,93.4949
1777323587581,95.6158
1777323587605,95.6687
1777323587648,94.9278
1777323587672,95.9979
1777323587716,97.2475
1777323587740,98.8537
1777323587763,96.6745
1777323587808,98.8325
1777323587832,96.6611
1777323587877,98.9124
1777323587901,94.7336
1777323587946,99.2130
1777323587970,95.1263
1777323588015,99.0753
1777323588039,95.7742
1777323588063,96.1901
1777323588108,96.0459
1777323588132,96.2011
1777323588177,97.9311
1777323588201,95.9572
1777323588246,98.2058
1777323588270,98.3883
1777323588294,96.6109
1777323588339,96.3341
1777323588363,96.6461
1777323588408,96.4719
1777323588432,96.7967
1777323588477,98.6278
1777323588502,96.9426
1777323588546,98.8943
1777323588570,99.3031
1777323588594,97.1739
1777323588637,94.7356
1777323588661,95.1736
1777323588706,98.8067
1777323588731,96.8198
1777323588776,101.1002
1777323588800,99.0795
1777323588824,96.9983
1777323588870,99.0815
1777323588894,97.0173
1777323588940,99.1881
1777323588964,97.1270
1777323588989,99.2681
1777323589035,96.7934
1777323589060,98.6690
1777323589106,97.7988
1777323589132,99.0256
1777323589157,99.1908
1777323589203,99.8570
1777323589228,99.2634
1777323589273,101.3534
1777323589298,101.8643
1777323589324,99.7030
1777323589370,101.9778
1777323589395,99.8896
1777323589421,97.7482
1777323589467,99.6358
1777323589493,95.6196
1777323589544,97.6236
1777323589570,99.9155
1777323589595,100.1231
1777323589621,98.3111
1777323589671,98.1362
1777323589698,98.7266
1777323589723,96.8190
1777323589770,98.6755
1777323589798,99.2307
1777323589825,102.8188
1777323589871,103.7391
1777323589896,103.4423
1777323589921,101.9533
1777323589967,99.6331
1777323589992,100.0176
1777323590019,100.3772
1777323590065,100.1352
1777323590091,100.6487
1777323590118,100.6200
1777323590165,100.2205
1777323590190,102.8832
1777323590215,98.5918
1777323590261,100.4968
1777323590287,100.4152
1777323590332,104.8846
1777323590357,102.8042
1777323590381,98.6242
1777323590427,105.1101
1777323590452,102.9062
1777323590497,105.1705
1777323590523,103.0285
1777323590547,100.8597
1777323590592,100.2434
1777323590616,100.2552
1777323590662,100.0630
1777323590686,100.4783
1777323590710,100.0131
1777323590755,99.8577
1777323590780,99.8570
1777323590827,99.3325
1777323590853,99.5451
1777323590878,99.5022
1777323590924,98.9699
1777323590950,99.9569
1777323590996,103.0778
1777323591021,101.0775
1777323591046,100.6105
1777323591093,100.9485
1777323591118,101.0673
1777323591164,101.2482
1777323591189,101.2725
1777323591213,101.4637
1777323591257,101.6336
1777323591282,101.6058
1777323591306,99.4381
1777323591352,97.2445
1777323591376,99.1759
1777323591422,99.2290
1777323591447,97.3940
1777323591471,99.3483
1777323591517,97.0857
1777323591542,96.9810
1777323591587,100.0470
1777323591611,98.4227
1777323591635,99.2659
1777323591681,99.2323
1777323591705,99.0629
1777323591750,98.9120
1777323591774,99.2944
1777323591820,99.1542
1777323591845,99.6976
1777323591870,99.5086
1777323591915,99.2843
1777323591939,99.6023
1777323591984,99.3396
1777323592009,99.7408
1777323592033,99.4324
1777323592079,99.0657
1777323592103,99.2368
1777323592148,98.8062
1777323592172,99.0444
1777323592217,98.5974
1777323592242,100.9923
1777323592266,98.8330
1777323592311,98.3512
1777323592336,100.9183
1777323592382,98.6117
1777323592407,101.1244
1777323592432,98.9117
1777323592478,98.4339
1777323592503,101.0088
1777323592528,98.6896
1777323592573,100.5847
1777323592598,98.3727
1777323592645,102.0294
1777323592670,100.5600
1777323592696,98.4366
1777323592741,100.5345
1777323592766,98.4816
1777323592812,100.5214
1777323592837,100.3964
1777323592862,98.2699
1777323592908,100.4499
1777323592932,100.3895
1777323592957,98.2170
1777323593002,99.8904
1777323593027,97.8112
1777323593074,100.1421
1777323593099,100.1587
1777323593123,98.0112
1777323593169,97.9952
1777323593193,97.8871
1777323593239,97.6393
1777323593264,97.7990
1777323593289,97.6689
1777323593334,97.7275
1777323593359,97.5861
1777323593404,97.4514
1777323593429,97.2646
1777323593476,97.1327
1777323593500,97.6695
1777323593525,97.5508
1777323593570,97.4262
1777323593595,97.7998
1777323593640,97.6876
1777323593666,98.0883
1777323593691,98.3418
1777323593737,98.2560
1777323593762,95.9947
1777323593786,97.9269
1777323593831,97.7238
1777323593856,97.5322
1777323593902,99.7958
1777323593928,99.7627
1777323593953,96.3326
1777323593999,99.9554
1777323594024,95.9208
1777323594071,100.2690
1777323594096,100.3257
1777323594121,96.2078
1777323594167,100.6284
1777323594192,100.7157
1777323594216,98.5552
1777323594262,100.3349
1777323594287,97.9616
1777323594333,100.6416
1777323594358,100.8102
1777323594382,97.8814
1777323594427,100.7329
1777323594452,98.6768
1777323594497,98.7160
1777323594522,98.6117
1777323594547,98.5163
1777323594592,98.5754
1777323594617,98.4994
1777323594663,98.3633
1777323594688,98.2624
1777323594733,98.1937
1777323594758,98.7553
1777323594782,98.6508
1777323594828,98.5302
1777323594853,98.9489
1777323594878,98.8294
1777323594924,98.7024
1777323594949,99.7289
1777323594995,100.3240
1777323595019,100.7923
1777323595043,98.6400
1777323595089,98.4205
1777323595113,98.2577
1777323595160,100.4285
1777323595186,100.3428
1777323595211,98.2573
1777323595257,100.5631
1777323595282,100.5930
1777323595328,100.6826
1777323595353,100.5753
1777323595377,98.6705
1777323595423,100.9850
1777323595450,101.0458
1777323595474,98.8992
1777323595521,100.7200
1777323595546,98.7160
1777323595572,101.1330
1777323595618,100.7062
1777323595644,98.9414
1777323595689,100.7989
1777323595714,98.9284
1777323595737,98.9971
1777323595784,100.4666
1777323595809,98.6339
1777323595855,100.5140
1777323595880,100.7609
1777323595905,101.0450
1777323595952,98.7251
1777323595977,101.0655
1777323596002,98.8515
1777323596048,103.0385
1777323596073,100.8263
1777323596119,102.9033
1777323596143,100.6805
1777323596189,98.3166
1777323596214,100.6418
1777323596239,100.8907
1777323596283,100.0062
1777323596308,100.4153
1777323596332,98.6216
1777323596377,97.7276
1777323596402,100.3001
1777323596449,97.8335
1777323596474,97.6590
1777323596520,100.0932
1777323596545,99.5541
1777323596570,98.8086
1777323596615,98.4210
1777323596640,96.5627
1777323596664,98.4597
1777323596713,100.2911
1777323596738,100.2307
1777323596783,98.2586
1777323596809,100.4667
1777323596835,100.5549
1777323596881,98.1012
1777323596907,98.2784
1777323596933,98.4830
1777323597087,110.9768
1777323597109,107.7734
1777323597151,107.8762
1777323597173,105.2878
1777323597215,102.5725
1777323597258,109.6297
1777323597279,104.9445
1777323597322,107.2988
1777323597344,104.9045
1777323597387,107.2726
1777323597408,102.8444
1777323597451,100.6537
1777323597473,98.2073
1777323597515,103.3590
1777323597537,100.9848
1777323597580,105.1077
1777323597622,102.4059
1777323597644,100.1789
1777323597687,105.0790
1777323597709,100.4510
1777323597752,102.7966
1777323597775,100.4805
1777323597817,102.5174
1777323597839,100.2276
1777323597882,102.1263
1777323597904,99.8858
1777323597947,104.3338
1777323597969,99.7623
