Timestamp,SystemTPS,LeaderId
1777266734115,0.00,2
1777266734181,51.00,2
1777266734215,115.00,2
1777266734248,179.00,2
1777266734277,243.00,2
1777266734335,454.00,2
1777266734364,583.00,2
1777266734393,663.00,2
1777266734420,730.00,2
1777266734449,823.00,2
1777266734481,903.00,2
1777266734514,983.00,2
1777266734553,1063.00,2
1777266734608,2590.00,2
1777266734647,2750.00,2
1777266734674,2817.00,2
1777266734722,2910.00,2
1777266734752,2990.00,2
1777266734788,3992.00,2
1777266734823,4059.00,2
1777266734861,4139.00,2
1777266734896,4232.00,2
1777266734933,4312.00,2
1777266734972,4392.00,2
1777266735009,4459.00,2
1777266735040,5387.00,2
1777266735080,5467.00,2
1777266735113,5560.00,2
1777266735145,5640.00,2
1777266735181,5720.00,2
1777266735213,5787.00,2
1777266735246,6587.00,2
1777266735280,6667.00,2
1777266735311,6747.00,2
1777266735355,6827.00,2
1777266735383,6920.00,2
1777266735411,7000.00,2
1777266735439,7800.00,2
1777266735466,7880.00,2
1777266735503,7960.00,2
1777266735530,8040.00,2
1777266735558,8120.00,2
1777266735589,8200.00,2
1777266735655,9000.00,2
1777266735691,9160.00,2
1777266735719,9240.00,2
1777266735747,9320.00,2
1777266735796,9400.00,2
1777266735826,9480.00,2
1777266735857,10394.00,2
1777266735888,10474.00,2
1777266735938,10554.00,2
1777266735968,10621.00,2
1777266736000,10701.00,2
1777266736029,10781.00,2
1777266736060,10861.00,2
1777266736092,11667.00,2
1777266736124,11760.00,2
1777266736153,11840.00,2
1777266736184,11920.00,2
1777266736215,11996.00,2
1777266736248,12080.00,2
1777266736299,12937.00,2
1777266736330,13004.00,2
1777266736363,13096.00,2
1777266736390,13148.00,2
1777266736418,13228.00,2
1777266736445,13308.00,2
1777266736493,14200.00,2
1777266736522,14280.00,2
1777266736550,14360.00,2
1777266736580,14440.00,2
1777266736614,14520.00,2
1777266736650,14600.00,2
1777266736686,14680.00,2
1777266736714,15511.00,2
1777266736744,15591.00,2
1777266736797,15700.00,2
1777266736831,15780.00,2
1777266736869,15831.00,2
1777266736905,15911.00,2
1777266736938,16794.00,2
1777266736975,16874.00,2
1777266737010,17034.00,2
1777266737064,17114.00,2
1777266737100,17194.00,2
1777266737136,18000.00,2
1777266737168,18051.00,2
1777266737203,18131.00,2
1777266737237,18211.00,2
1777266737271,18291.00,2
1777266737304,18400.00,2
1777266737338,19394.00,2
1777266737392,19474.00,2
1777266737428,19554.00,2
1777266737463,19634.00,2
1777266737497,19685.00,2
1777266737528,19765.00,2
1777266737561,20565.00,2
1777266737593,20645.00,2
1777266737619,20725.00,2
1777266737643,20805.00,2
1777266737668,20853.00,2
1777266737715,20994.00,2
1777266737749,21848.00,2
1777266737777,21928.00,2
1777266737805,22008.00,2
1777266737833,22088.00,2
1777266737862,22168.00,2
1777266737912,22248.00,2
1777266737941,22299.00,2
1777266737974,23091.00,2
1777266738002,23171.00,2
1777266738028,23249.00,2
1777266738075,23360.00,2
1777266738101,23411.00,2
1777266738136,23491.00,2
1777266738171,24394.00,2
1777266738200,24474.00,2
1777266738229,24554.00,2
1777266738280,24634.00,2
1777266738309,24685.00,2
1777266738339,24765.00,2
1777266738369,24845.00,2
1777266738399,25645.00,2
1777266738428,25725.00,2
1777266738479,25834.00,2
1777266738510,25914.00,2
1777266738540,25994.00,2
1777266738571,26074.00,2
1777266738601,27000.00,2
1777266738631,27080.00,2
1777266738668,27160.00,2
1777266738701,27211.00,2
1777266738733,27291.00,2
1777266738764,27371.00,2
1777266738796,27451.00,2
1777266738828,28245.00,2
1777266738860,28345.00,2
1777266738893,28434.00,2
1777266738929,28514.00,2
1777266738960,28594.00,2
1777266738992,28674.00,2
1777266739045,29499.00,2
1777266739076,29579.00,2
1777266739109,29659.00,2
1777266739143,29739.00,2
1777266739204,29675.00,2
1777266739234,30407.00,2
1777266739261,30452.00,2
1777266739289,30508.00,2
1777266739340,30430.00,2
1777266739369,30404.00,2
1777266739398,30386.00,2
1777266739426,30821.00,2
1777266739454,30833.00,2
1777266739503,30775.00,2
1777266739533,30763.00,2
1777266739562,30813.00,2
1777266739594,30797.00,2
1777266739624,30795.00,2
1777266739674,29999.00,2
1777266739704,29999.00,2
1777266739734,29999.00,2
1777266739765,30041.00,2
1777266739794,30066.00,2
1777266739822,30079.00,2
1777266739873,30158.00,2
1777266739904,30149.00,2
1777266739935,30149.00,2
1777266739965,30156.00,2
1777266740000,30191.00,2
1777266740029,30191.00,2
1777266740057,30112.00,2
1777266740108,30128.00,2
1777266740145,30099.00,2
1777266740179,30128.00,2
1777266740217,30141.00,2
1777266740252,30141.00,2
1777266740289,30177.00,2
1777266740325,30161.00,2
1777266740358,30292.00,2
1777266740391,30266.00,2
1777266740430,30219.00,2
1777266740466,30190.00,2
1777266740503,30110.00,2
1777266740542,30072.00,2
1777266740579,30072.00,2
1777266740613,30059.00,2
1777266740652,30110.00,2
1777266740753,29950.00,2
1777266740780,29928.00,2
1777266740812,30021.00,2
1777266740848,30021.00,2
1777266740880,29992.00,2
1777266740915,30086.00,2
1777266740947,30099.00,2
1777266740977,30099.00,2
1777266741007,30099.00,2
1777266741038,30099.00,2
1777266741086,30128.00,2
1777266741119,29949.00,2
1777266741152,29907.00,2
1777266741195,29884.00,2
1777266741225,29840.00,2
1777266741256,29842.00,2
1777266741285,29915.00,2
1777266741316,30002.00,2
1777266741348,30018.00,2
1777266741380,30000.00,2
1777266741410,30029.00,2
1777266741440,30029.00,2
1777266741472,30029.00,2
1777266741501,30022.00,2
1777266741536,30007.00,2
1777266741591,29926.00,2
1777266741628,29932.00,2
1777266741662,29983.00,2
1777266741700,29954.00,2
1777266741734,29983.00,2
1777266741769,30044.00,2
1777266741811,30029.00,2
1777266741848,30000.00,2
1777266741886,30000.00,2
1777266741925,30029.00,2
1777266741960,30074.00,2
1777266742000,30045.00,2
1777266742040,30045.00,2
1777266742079,30074.00,2
1777266742122,30016.00,2
1777266742159,30045.00,2
1777266742195,29991.00,2
1777266742233,29991.00,2
1777266742270,30013.00,2
1777266742338,29882.00,2
1777266742371,29943.00,2
1777266742402,30002.00,2
1777266742433,30053.00,2
1777266742469,30052.00,2
1777266742505,29987.00,2
1777266742537,29998.00,2
1777266742574,29975.00,2
1777266742609,29935.00,2
1777266742644,29935.00,2
1777266742678,29917.00,2
1777266742716,29877.00,2
1777266742751,29877.00,2
1777266742786,29908.00,2
1777266742821,29929.00,2
1777266742859,29929.00,2
1777266742896,29871.00,2
1777266742932,29900.00,2
1777266742969,29951.00,2
1777266743001,29938.00,2
1777266743039,29858.00,2
1777266743079,29880.00,2
1777266743112,29880.00,2
1777266743148,29880.00,2
1777266743184,29858.00,2
1777266743222,29952.00,2
1777266743262,29894.00,2
1777266743300,29952.00,2
1777266743338,30032.00,2
1777266743373,30003.00,2
1777266743407,29960.00,2
1777266743440,29811.00,2
1777266743474,29862.00,2
1777266743511,29891.00,2
1777266743542,29891.00,2
1777266743575,29891.00,2
1777266743608,29877.00,2
1777266743641,29963.00,2
1777266743673,29971.00,2
1777266743707,29971.00,2
1777266743744,29937.00,2
1777266743776,29943.00,2
1777266743812,29920.00,2
1777266743849,29952.00,2
1777266743887,29894.00,2
1777266743923,29894.00,2
1777266743959,29923.00,2
1777266743998,30003.00,2
1777266744032,30032.00,2
1777266744069,29914.00,2
1777266744108,29935.00,2
1777266744145,29943.00,2
1777266744180,30023.00,2
1777266744216,29997.00,2
1777266744251,29863.00,2
1777266744288,29808.00,2
1777266744324,29806.00,2
1777266744361,29915.00,2
1777266744398,29857.00,2
1777266744438,29834.00,2
1777266744504,29868.00,2
1777266744530,29897.00,2
1777266744560,29897.00,2
1777266744594,29913.00,2
1777266744629,29897.00,2
1777266744664,29839.00,2
1777266744694,29847.00,2
1777266744725,29847.00,2
1777266744757,29847.00,2
1777266744788,29847.00,2
1777266744819,29847.00,2
1777266744851,29847.00,2
1777266744887,29751.00,2
1777266744918,29751.00,2
1777266744951,29751.00,2
1777266744982,29751.00,2
1777266745015,29751.00,2
1777266745048,29751.00,2
1777266745085,29693.00,2
1777266745121,29926.00,2
1777266745160,29904.00,2
1777266745197,29904.00,2
1777266745234,29875.00,2
1777266745270,29875.00,2
1777266745306,29752.00,2
1777266745339,29752.00,2
1777266745371,29752.00,2
1777266745409,29752.00,2
1777266745447,29774.00,2
1777266745482,29803.00,2
1777266745520,29754.00,2
1777266745556,29772.00,2
1777266745597,29725.00,2
1777266745644,29754.00,2
1777266745680,29754.00,2
1777266745725,29827.00,2
1777266745760,30168.00,2
1777266745797,30004.00,2
1777266745836,29899.00,2
1777266745875,29928.00,2
1777266745921,30037.00,2
1777266745961,29937.00,2
1777266746000,29950.00,2
1777266746039,29950.00,2
1777266746086,29892.00,2
1777266746136,29943.00,2
1777266746173,29685.00,2
1777266746216,29705.00,2
1777266746255,29714.00,2
1777266746315,29656.00,2
1777266746348,29656.00,2
1777266746387,29822.00,2
1777266746421,29820.00,2
1777266746460,29829.00,2
1777266746537,29691.00,2
1777266746577,29540.00,2
1777266746614,29569.00,2
1777266746648,29511.00,2
1777266746683,29489.00,2
1777266746722,29460.00,2
1777266746808,29351.00,2
1777266746835,29189.00,2
1777266746875,29269.00,2
1777266746912,29269.00,2
1777266746945,29227.00,2
1777266746977,29210.00,2
1777266747010,29227.00,2
1777266747045,29379.00,2
1777266747078,29379.00,2
1777266747115,29408.00,2
1777266747150,29408.00,2
1777266747186,29350.00,2
1777266747222,29350.00,2
1777266747264,29390.00,2
1777266747299,29361.00,2
1777266747335,29383.00,2
1777266747371,29303.00,2
1777266747409,29332.00,2
1777266747446,29456.00,2
1777266747482,29427.00,2
1777266747520,29376.00,2
1777266747561,29485.00,2
1777266747591,29485.00,2
1777266747619,29536.00,2
1777266747651,29508.00,2
1777266747702,29457.00,2
1777266747733,29428.00,2
1777266747760,29479.00,2
1777266747791,29479.00,2
1777266747820,29479.00,2
1777266747871,29436.00,2
1777266747899,29465.00,2
1777266747926,29465.00,2
1777266747953,29414.00,2
1777266748003,29356.00,2
1777266748031,29327.00,2
1777266748057,29356.00,2
1777266748087,29451.00,2
1777266748124,29451.00,2
1777266748154,29451.00,2
1777266748185,29451.00,2
1777266748217,29451.00,2
1777266748250,29509.00,2
1777266748282,29511.00,2
1777266748315,29562.00,2
1777266748369,29431.00,2
1777266748401,29431.00,2
1777266748432,29431.00,2
1777266748463,29431.00,2
1777266748493,29585.00,2
1777266748525,29585.00,2
1777266748556,29585.00,2
1777266748587,29600.00,2
1777266748618,29635.00,2
1777266748653,29636.00,2
1777266748687,29569.00,2
1777266748721,29420.00,2
1777266748761,29400.00,2
1777266748796,29429.00,2
1777266748872,29349.00,2
1777266748896,29320.00,2
1777266748922,29326.00,2
1777266748950,29355.00,2
1777266748998,29275.00,2
1777266749026,29275.00,2
1777266749054,29304.00,2
1777266749082,29275.00,2
1777266749111,29326.00,2
1777266749160,29357.00,2
1777266749189,29408.00,2
1777266749219,29437.00,2
1777266749248,29437.00,2
1777266749277,29437.00,2
1777266749327,29361.00,2
1777266749356,29281.00,2
1777266749386,29310.00,2
1777266749416,29310.00,2
1777266749446,29352.00,2
1777266749476,29354.00,2
1777266749526,29361.00,2
1777266749558,29388.00,2
1777266749588,29388.00,2
1777266749618,29388.00,2
1777266749650,29417.00,2
1777266749680,29417.00,2
1777266749713,29417.00,2
1777266749744,29417.00,2
1777266749796,29342.00,2
1777266749828,29313.00,2
1777266749859,29313.00,2
1777266749890,29313.00,2
1777266749922,29313.00,2
1777266749955,29313.00,2
1777266749985,29393.00,2
1777266750014,29393.00,2
1777266750045,29393.00,2
1777266750078,29426.00,2
1777266750110,29451.00,2
1777266750142,29451.00,2
1777266750175,29471.00,2
1777266750208,29471.00,2
1777266750242,29500.00,2
1777266750275,29500.00,2
1777266750308,29442.00,2
1777266750341,29442.00,2
1777266750374,29442.00,2
1777266750409,29430.00,2
1777266750444,29437.00,2
1777266750477,29408.00,2
1777266750510,29408.00,2
1777266750544,29408.00,2
1777266750580,29379.00,2
1777266750614,29451.00,2
1777266750648,29451.00,2
1777266750683,29480.00,2
1777266750718,29458.00,2
1777266750753,29429.00,2
1777266750794,29371.00,2
1777266750848,29440.00,2
1777266750875,29440.00,2
1777266750904,29418.00,2
1777266750932,29440.00,2
1777266750960,29498.00,2
1777266750990,29498.00,2
1777266751020,29396.00,2
1777266751071,29396.00,2
1777266751100,29447.00,2
1777266751130,29425.00,2
1777266751160,29396.00,2
1777266751188,29396.00,2
1777266751219,29384.00,2
1777266751270,29384.00,2
1777266751301,29275.00,2
1777266751332,29304.00,2
1777266751363,29253.00,2
1777266751394,29275.00,2
1777266751426,29275.00,2
1777266751456,29360.00,2
1777266751487,29440.00,2
1777266751518,29469.00,2
1777266751550,29549.00,2
1777266751604,29440.00,2
1777266751636,29440.00,2
1777266751668,29736.00,2
1777266751699,29736.00,2
1777266751731,29787.00,2
1777266751761,29816.00,2
1777266751792,29896.00,2
1777266751821,29896.00,2
1777266751852,30037.00,2
1777266751884,29961.00,2
1777266751916,29961.00,2
1777266751949,29974.00,2
1777266751980,29974.00,2
1777266752012,29974.00,2
1777266752065,29861.00,2
1777266752098,29877.00,2
1777266752131,29924.00,2
1777266752163,29928.00,2
1777266752197,29899.00,2
1777266752231,29899.00,2
1777266752264,29819.00,2
1777266752299,29876.00,2
1777266752334,29909.00,2
1777266752369,29909.00,2
1777266752403,29909.00,2
1777266752439,29851.00,2
1777266752473,29880.00,2
1777266752511,29779.00,2
1777266752548,29768.00,2
1777266752586,29808.00,2
1777266752620,29750.00,2
1777266752653,29750.00,2
1777266752689,29750.00,2
1777266752723,29742.00,2
1777266752759,29742.00,2
1777266752795,29742.00,2
1777266752832,29653.00,2
1777266752868,29684.00,2
1777266752918,29647.00,2
1777266752949,29790.00,2
1777266752985,29841.00,2
1777266753020,29900.00,2
1777266753053,29928.00,2
1777266753086,29928.00,2
1777266753118,30011.00,2
1777266753152,30011.00,2
1777266753187,29953.00,2
1777266753222,29953.00,2
1777266753259,29953.00,2
1777266753295,29940.00,2
1777266753358,29873.00,2
1777266753383,29607.00,2
1777266753409,29615.00,2
1777266753436,29658.00,2
1777266753464,29658.00,2
1777266753510,29607.00,2
1777266753536,29607.00,2
1777266753564,29607.00,2
1777266753613,29624.00,2
1777266753641,29595.00,2
1777266753670,29624.00,2
1777266753698,29660.00,2
1777266753727,29675.00,2
1777266753777,29653.00,2
1777266753806,29731.00,2
1777266753835,29778.00,2
1777266753864,29858.00,2
1777266753914,29807.00,2
1777266753945,29803.00,2
1777266753974,29749.00,2
1777266754006,29824.00,2
1777266754036,29821.00,2
1777266754064,29821.00,2
1777266754093,29821.00,2
1777266754146,29821.00,2
1777266754179,29792.00,2
1777266754210,29792.00,2
1777266754241,29791.00,2
1777266754274,29791.00,2
1777266754335,29811.00,2
1777266754364,29765.00,2
1777266754397,29791.00,2
1777266754450,29934.00,2
1777266754482,29905.00,2
1777266754515,29905.00,2
1777266754548,29934.00,2
1777266754581,29963.00,2
1777266754613,29963.00,2
1777266754645,30010.00,2
1777266754678,30010.00,2
1777266754711,30010.00,2
1777266754743,30010.00,2
1777266754782,29952.00,2
1777266754814,29981.00,2
1777266754847,29981.00,2
1777266754880,29851.00,2
1777266754913,29851.00,2
1777266754944,29851.00,2
1777266754974,29851.00,2
1777266755005,29851.00,2
1777266755037,29851.00,2
1777266755069,30033.00,2
1777266755101,30033.00,2
1777266755133,30033.00,2
1777266755166,29975.00,2
1777266755201,29961.00,2
1777266755235,29975.00,2
1777266755269,29975.00,2
1777266755302,29886.00,2
1777266755335,29886.00,2
1777266755368,29886.00,2
1777266755401,29886.00,2
1777266755434,29886.00,2
1777266755468,29828.00,2
1777266755502,29870.00,2
1777266755537,29870.00,2
1777266755573,29928.00,2
1777266755604,29928.00,2
1777266755640,29928.00,2
1777266755675,29928.00,2
1777266755754,29906.00,2
1777266755783,29964.00,2
1777266755810,29964.00,2
1777266755837,30044.00,2
1777266755865,30044.00,2
1777266755897,29837.00,2
1777266755928,29844.00,2
1777266755959,29815.00,2
1777266755990,29815.00,2
1777266756041,29735.00,2
1777266756072,29786.00,2
1777266756103,29786.00,2
1777266756135,29721.00,2
1777266756167,29744.00,2
1777266756199,29699.00,2
1777266756231,29699.00,2
1777266756262,29750.00,2
1777266756293,29779.00,2
1777266756323,29757.00,2
1777266756353,29757.00,2
1777266756405,29683.00,2
1777266756436,29656.00,2
1777266756467,29679.00,2
1777266756497,29681.00,2
1777266756526,29801.00,2
1777266756557,29876.00,2
1777266756588,29876.00,2
1777266756618,29905.00,2
1777266756648,29905.00,2
1777266756700,29876.00,2
1777266756730,29847.00,2
1777266756760,29688.00,2
1777266756790,29688.00,2
1777266756822,29688.00,2
1777266756855,29688.00,2
1777266756885,29688.00,2
1777266756937,29637.00,2
1777266756967,29640.00,2
1777266756998,29640.00,2
1777266757031,29640.00,2
1777266757067,29720.00,2
1777266757100,29749.00,2
1777266757134,29749.00,2
1777266757167,29800.00,2
1777266757199,29829.00,2
1777266757233,29829.00,2
1777266757266,29800.00,2
1777266757302,29771.00,2
1777266757337,29771.00,2
1777266757371,29771.00,2
1777266757405,29738.00,2
1777266757440,29767.00,2
1777266757474,29767.00,2
1777266757516,29709.00,2
1777266757553,29773.00,2
1777266757589,29797.00,2
1777266757625,29797.00,2
1777266757661,29797.00,2
1777266757697,29768.00,2
1777266757733,29797.00,2
1777266757769,29797.00,2
1777266757804,29823.00,2
1777266757840,29794.00,2
1777266757876,29794.00,2
1777266757913,29794.00,2
1777266757956,29932.00,2
1777266757993,29794.00,2
1777266758075,29642.00,2
1777266758102,29613.00,2
1777266758126,29671.00,2
1777266758151,29722.00,2
1777266758177,29751.00,2
1777266758227,29622.00,2
1777266758256,29593.00,2
1777266758283,29622.00,2
1777266758311,29596.00,2
1777266758360,29731.00,2
1777266758388,29668.00,2
1777266758416,29655.00,2
1777266758444,29655.00,2
1777266758493,29626.00,2
1777266758522,29597.00,2
1777266758551,29626.00,2
1777266758581,29655.00,2
1777266758609,29706.00,2
1777266758658,29634.00,2
1777266758687,29634.00,2
1777266758716,29634.00,2
1777266758745,29605.00,2
1777266758773,29685.00,2
1777266758823,29605.00,2
1777266758851,29679.00,2
1777266758881,29713.00,2
1777266758909,29788.00,2
1777266758959,29737.00,2
1777266758989,29737.00,2
1777266759019,29737.00,2
1777266759050,29749.00,2
1777266759080,29749.00,2
1777266759111,29749.00,2
1777266759143,29800.00,2
1777266759174,29829.00,2
1777266759206,29829.00,2
1777266759238,29829.00,2
1777266759290,29668.00,2
1777266759322,29719.00,2
1777266759354,29748.00,2
1777266759385,29697.00,2
1777266759417,29668.00,2
1777266759450,29719.00,2
1777266759482,29808.00,2
1777266759515,29779.00,2
1777266759549,29750.00,2
1777266759580,29750.00,2
1777266759613,29750.00,2
1777266759646,29776.00,2
1777266759680,29694.00,2
1777266759714,29605.00,2
1777266759748,29605.00,2
1777266759782,29634.00,2
1777266759816,29605.00,2
1777266759849,29576.00,2
1777266759882,29576.00,2
1777266759917,29707.00,2
1777266759951,29736.00,2
1777266759985,29697.00,2
1777266760019,29685.00,2
1777266760054,29685.00,2
1777266760090,29627.00,2
1777266760199,29573.00,2
1777266760294,29400.00,2
1777266760374,28662.00,2
1777266760399,28756.00,2
1777266760424,28756.00,2
1777266760451,28756.00,2
1777266760499,28785.00,2
1777266760527,28836.00,2
1777266760555,28836.00,2
1777266760583,28836.00,2
1777266760634,28807.00,2
1777266760664,28778.00,2
1777266760694,28833.00,2
1777266760723,28887.00,2
1777266760753,29100.00,2
1777266760782,29051.00,2
1777266760831,29000.00,2
1777266760860,29029.00,2
1777266760890,29029.00,2
1777266760920,29029.00,2
1777266760951,29090.00,2
1777266761002,29010.00,2
1777266761032,29061.00,2
1777266761062,29090.00,2
1777266761092,29090.00,2
1777266761122,29090.00,2
1777266761153,28991.00,2
1777266761183,28991.00,2
1777266761214,28991.00,2
1777266761266,28962.00,2
1777266761298,28962.00,2
1777266761328,28962.00,2
1777266761357,29000.00,2
1777266761388,29000.00,2
1777266761418,29029.00,2
1777266761447,29029.00,2
1777266761498,29000.00,2
1777266761528,28971.00,2
1777266761558,28971.00,2
1777266761588,29018.00,2
1777266761618,29018.00,2
1777266761649,29018.00,2
1777266761681,29018.00,2
1777266761712,29047.00,2
1777266761764,29047.00,2
1777266761796,28997.00,2
1777266761828,28997.00,2
1777266761859,29026.00,2
1777266761891,28997.00,2
1777266761922,28997.00,2
1777266761954,29026.00,2
1777266761986,29026.00,2
1777266762017,28952.00,2
1777266762050,28952.00,2
1777266762081,28952.00,2
1777266762112,28952.00,2
1777266762144,28968.00,2
1777266762177,28952.00,2
1777266762211,28948.00,2
1777266762243,28965.00,2
1777266762276,29028.00,2
1777266762311,28970.00,2
1777266762345,28970.00,2
1777266762378,28992.00,2
1777266762411,28970.00,2
1777266762445,29003.00,2
1777266762479,29003.00,2
1777266762510,29032.00,2
1777266762542,28981.00,2
1777266762579,28952.00,2
1777266762614,28894.00,2
1777266762647,29068.00,2
1777266762683,29097.00,2
1777266762718,29097.00,2
1777266762752,29097.00,2
1777266762788,29068.00,2
1777266762822,29068.00,2
1777266762857,29120.00,2
1777266762892,29149.00,2
1777266762928,29200.00,2
1777266762963,29120.00,2
1777266762998,29091.00,2
1777266763035,29120.00,2
1777266763071,29212.00,2
1777266763110,29302.00,2
1777266763147,29193.00,2
1777266763187,29164.00,2
1777266763270,28949.00,2
1777266763295,29003.00,2
1777266763342,29000.00,2
1777266763370,29029.00,2
1777266763398,29029.00,2
1777266763426,29029.00,2
1777266763475,29116.00,2
1777266763503,29116.00,2
1777266763539,29145.00,2
1777266763567,29087.00,2
1777266763597,29087.00,2
1777266763627,29087.00,2
1777266763657,29167.00,2
1777266763707,28967.00,2
1777266763736,28967.00,2
1777266763766,28967.00,2
1777266763796,28967.00,2
1777266763826,29018.00,2
1777266763854,29047.00,2
1777266763903,29144.00,2
1777266763931,29115.00,2
1777266763958,29195.00,2
1777266763988,29195.00,2
1777266764037,29173.00,2
1777266764065,29173.00,2
1777266764093,29224.00,2
1777266764123,29224.00,2
1777266764154,29224.00,2
1777266764204,29195.00,2
1777266764232,29166.00,2
1777266764261,29166.00,2
1777266764290,29246.00,2
1777266764327,28971.00,2
1777266764355,28991.00,2
1777266764405,28920.00,2
1777266764438,28891.00,2
1777266764471,28891.00,2
1777266764505,28891.00,2
1777266764537,29025.00,2
1777266764567,29065.00,2
1777266764612,29036.00,2
1777266764644,29036.00,2
1777266764675,29007.00,2
1777266764705,29007.00,2
1777266764736,28967.00,2
1777266764787,28980.00,2
1777266764818,29009.00,2
1777266764850,29038.00,2
1777266764883,29038.00,2
1777266764914,28980.00,2
1777266764946,29024.00,2
1777266764980,29009.00,2
1777266765014,29009.00,2
1777266765050,29009.00,2
1777266765085,29067.00,2
1777266765123,29198.00,2
1777266765157,29247.00,2
1777266765192,29398.00,2
1777266765228,29427.00,2
1777266765263,29478.00,2
1777266765298,29558.00,2
1777266765334,29536.00,2
1777266765369,29758.00,2
1777266765404,29875.00,2
1777266765440,29824.00,2
1777266765474,29824.00,2
1777266765510,29904.00,2
1777266765549,29824.00,2
1777266765585,29886.00,2
1777266765626,29969.00,2
1777266765663,30056.00,2
1777266765707,29959.00,2
1777266765742,29976.00,2
1777266765779,29953.00,2
1777266765815,29962.00,2
1777266765856,29955.00,2
1777266765896,29984.00,2
1777266765934,29984.00,2
1777266766027,29600.00,2
1777266766054,29622.00,2
1777266766082,29651.00,2
1777266766135,29629.00,2
1777266766165,29629.00,2
1777266766194,29629.00,2
1777266766224,29790.00,2
1777266766254,29841.00,2
1777266766282,29870.00,2
1777266766332,29841.00,2
1777266766364,29833.00,2
1777266766394,29817.00,2
1777266766423,29812.00,2
1777266766455,29765.00,2
1777266766485,29845.00,2
1777266766514,29845.00,2
1777266766565,29831.00,2
1777266766596,29765.00,2
1777266766627,29766.00,2
1777266766659,29739.00,2
1777266766689,29756.00,2
1777266766720,29746.00,2
1777266766751,29766.00,2
1777266766783,29819.00,2
1777266766815,29819.00,2
1777266766848,29772.00,2
1777266766879,29745.00,2
1777266766934,29665.00,2
1777266766965,29636.00,2
1777266766996,29668.00,2
1777266767027,29665.00,2
1777266767058,29807.00,2
1777266767089,29827.00,2
1777266767119,29852.00,2
1777266767150,29852.00,2
1777266767181,29852.00,2
1777266767212,29852.00,2
1777266767244,29852.00,2
1777266767276,29746.00,2
1777266767308,29775.00,2
1777266767360,29695.00,2
1777266767392,29695.00,2
1777266767424,29695.00,2
1777266767454,29696.00,2
1777266767486,29800.00,2
1777266767518,29800.00,2
1777266767550,29800.00,2
1777266767582,29800.00,2
1777266767614,29829.00,2
1777266767647,29771.00,2
1777266767681,29771.00,2
1777266767715,29682.00,2
1777266767748,29682.00,2
1777266767782,29682.00,2
1777266767816,29740.00,2
1777266767849,29740.00,2
1777266767884,29740.00,2
1777266767918,29735.00,2
1777266767952,29735.00,2
1777266767990,29764.00,2
1777266768025,29793.00,2
1777266768059,29793.00,2
1777266768093,29742.00,2
1777266768127,29768.00,2
1777266768160,29848.00,2
1777266768194,29848.00,2
1777266768228,29928.00,2
1777266768260,29986.00,2
1777266768294,29935.00,2
1777266768329,30002.00,2
1777266768366,30002.00,2
1777266768401,29944.00,2
1777266768439,29904.00,2
1777266768477,30053.00,2
1777266768513,30082.00,2
1777266768549,29851.00,2
1777266768583,29800.00,2
1777266768660,29720.00,2
1777266768688,29749.00,2
1777266768715,29749.00,2
1777266768743,29756.00,2
1777266768771,29779.00,2
1777266768799,29779.00,2
1777266768848,29699.00,2
1777266768876,29670.00,2
1777266768903,29750.00,2
1777266768932,29726.00,2
1777266768982,29611.00,2
1777266769011,29611.00,2
1777266769040,29662.00,2
1777266769068,29662.00,2
1777266769096,29662.00,2
1777266769146,29582.00,2
1777266769175,29597.00,2
1777266769205,29677.00,2
1777266769234,29677.00,2
1777266769264,29652.00,2
1777266769294,29698.00,2
1777266769346,29655.00,2
1777266769377,29699.00,2
1777266769406,29750.00,2
1777266769436,29779.00,2
1777266769466,29779.00,2
1777266769496,29779.00,2
1777266769526,29779.00,2
1777266769579,29691.00,2
1777266769610,29742.00,2
1777266769640,29742.00,2
1777266769671,29771.00,2
1777266769703,29771.00,2
1777266769733,29771.00,2
1777266769763,29771.00,2
1777266769795,29884.00,2
1777266769826,29891.00,2
1777266769879,29822.00,2
1777266769911,29851.00,2
1777266769942,29851.00,2
1777266769974,29851.00,2
1777266770005,29838.00,2
1777266770037,29838.00,2
1777266770069,29838.00,2
1777266770103,29787.00,2
1777266770133,29730.00,2
1777266770167,29783.00,2
1777266770202,29780.00,2
1777266770234,29791.00,2
1777266770266,29791.00,2
1777266770299,29820.00,2
1777266770333,29820.00,2
1777266770366,29849.00,2
1777266770398,29849.00,2
1777266770432,29800.00,2
1777266770465,29800.00,2
1777266770497,29742.00,2
1777266770530,29742.00,2
1777266770563,29771.00,2
1777266770596,29822.00,2
1777266770629,29742.00,2
1777266770662,29782.00,2
1777266770695,29811.00,2
1777266770729,29811.00,2
1777266770762,29811.00,2
1777266770797,29782.00,2
1777266770833,29733.00,2
1777266770868,29674.00,2
1777266770905,29740.00,2
1777266770940,29740.00,2
1777266770975,29820.00,2
1777266771012,29871.00,2
1777266771049,29769.00,2
1777266771086,29849.00,2
1777266771120,29849.00,2
1777266771156,29900.00,2
1777266771251,29711.00,2
1777266771281,29590.00,2
1777266771312,29590.00,2
1777266771342,29663.00,2
1777266771371,29670.00,2
1777266771401,29657.00,2
1777266771452,29648.00,2
1777266771482,29614.00,2
1777266771510,29672.00,2
1777266771537,29672.00,2
1777266771566,29723.00,2
1777266771617,29672.00,2
1777266771647,29643.00,2
1777266771676,29723.00,2
1777266771705,29694.00,2
1777266771737,29748.00,2
1777266771769,29723.00,2
1777266771801,29723.00,2
1777266771833,29723.00,2
1777266771886,29701.00,2
1777266771917,29701.00,2
1777266771949,29701.00,2
1777266771983,29730.00,2
1777266772015,29730.00,2
1777266772047,29730.00,2
1777266772079,29730.00,2
1777266772113,29749.00,2
1777266772144,29720.00,2
1777266772181,29691.00,2
1777266772214,29691.00,2
1777266772248,29700.00,2
1777266772282,29720.00,2
1777266772315,29624.00,2
1777266772348,29624.00,2
1777266772383,29653.00,2
1777266772416,29595.00,2
1777266772450,29595.00,2
1777266772483,29595.00,2
1777266772517,29595.00,2
1777266772550,29644.00,2
1777266772583,29644.00,2
1777266772615,29644.00,2
1777266772649,29673.00,2
1777266772683,29673.00,2
1777266772724,29599.00,2
1777266772758,29759.00,2
1777266772792,29786.00,2
1777266772826,29752.00,2
1777266772860,29763.00,2
1777266772897,29758.00,2
1777266772932,29774.00,2
1777266772967,29600.00,2
1777266773001,29647.00,2
1777266773038,29644.00,2
1777266773074,29629.00,2
1777266773110,29600.00,2
1777266773144,29600.00,2
1777266773180,29597.00,2
1777266773215,29626.00,2
1777266773251,29626.00,2
1777266773285,29626.00,2
1777266773320,29568.00,2
1777266773356,29568.00,2
1777266773392,29672.00,2
1777266773430,29752.00,2
1777266773464,29701.00,2
1777266773500,29614.00,2
1777266773537,29643.00,2
1777266773575,29643.00,2
1777266773611,29696.00,2
1777266773644,29776.00,2
1777266773678,29718.00,2
1777266773711,29718.00,2
1777266773754,29718.00,2
1777266773789,29705.00,2
1777266773826,29785.00,2
1777266773859,29765.00,2
1777266773892,29756.00,2
1777266773929,29786.00,2
1777266773965,29744.00,2
1777266774001,29878.00,2
1777266774034,29849.00,2
1777266774067,29820.00,2
1777266774101,29820.00,2
1777266774136,29820.00,2
1777266774169,29849.00,2
1777266774203,29849.00,2
1777266774239,29791.00,2
1777266774276,29773.00,2
1777266774310,29714.00,2
1777266774346,29733.00,2
1777266774387,29733.00,2
1777266774427,29775.00,2
1777266774463,29746.00,2
1777266774500,29746.00,2
1777266774538,29750.00,2
1777266774576,29775.00,2
1777266774646,29563.00,2
1777266774672,29618.00,2
1777266774697,29647.00,2
1777266774746,29625.00,2
1777266774773,29625.00,2
1777266774800,29676.00,2
1777266774848,29596.00,2
1777266774876,29746.00,2
1777266774903,29746.00,2
1777266774931,29745.00,2
1777266774980,29759.00,2
1777266775008,29775.00,2
1777266775036,29775.00,2
1777266775066,29724.00,2
1777266775116,29673.00,2
1777266775145,29705.00,2
1777266775174,29692.00,2
1777266775203,29696.00,2
1777266775233,29662.00,2
1777266775261,29661.00,2
1777266775311,29698.00,2
1777266775339,29720.00,2
1777266775367,29749.00,2
1777266775397,29749.00,2
1777266775427,29749.00,2
1777266775478,29698.00,2
1777266775508,29695.00,2
1777266775539,29711.00,2
1777266775569,29775.00,2
1777266775600,29746.00,2
1777266775633,29746.00,2
1777266775665,29746.00,2
1777266775696,29746.00,2
1777266775728,29809.00,2
1777266775759,29809.00,2
1777266775811,29758.00,2
1777266775843,29736.00,2
1777266775875,29780.00,2
1777266775907,29780.00,2
1777266775937,29765.00,2
1777266775969,29765.00,2
1777266776003,29794.00,2
1777266776035,29794.00,2
1777266776066,29794.00,2
1777266776100,29794.00,2
1777266776133,29760.00,2
1777266776166,29729.00,2
1777266776199,29809.00,2
1777266776233,29838.00,2
1777266776267,29838.00,2
1777266776302,29867.00,2
1777266776335,30026.00,2
1777266776369,30026.00,2
1777266776399,30026.00,2
1777266776432,30026.00,2
1777266776465,30027.00,2
1777266776502,29968.00,2
1777266776536,29968.00,2
1777266776570,30049.00,2
1777266776606,30049.00,2
1777266776641,30078.00,2
1777266776677,30049.00,2
1777266776710,30020.00,2
1777266776746,30020.00,2
1777266776779,30106.00,2
1777266776815,30082.00,2
1777266776851,30070.00,2
1777266776887,30121.00,2
1777266776925,30143.00,2
1777266776960,30162.00,2
1777266776995,30136.00,2
1777266777029,30123.00,2
1777266777065,30110.00,2
1777266777100,30052.00,2
1777266777137,30081.00,2
1777266777176,30074.00,2
1777266777211,30042.00,2
1777266777247,30013.00,2
1777266777283,29984.00,2
1777266777322,29984.00,2
1777266777364,30046.00,2
1777266777399,29962.00,2
1777266777431,29962.00,2
1777266777466,29962.00,2
1777266777504,29991.00,2
1777266777539,29962.00,2
1777266777578,29962.00,2
1777266777618,30019.00,2
1777266777661,30128.00,2
1777266777701,30128.00,2
1777266777738,30064.00,2
1777266777777,30077.00,2
1777266777845,29968.00,2
1777266777869,29948.00,2
1777266777894,30057.00,2
1777266777920,30035.00,2
1777266777968,29977.00,2
1777266777996,29948.00,2
1777266778025,29903.00,2
1777266778052,29903.00,2
1777266778101,29961.00,2
1777266778129,29961.00,2
1777266778158,29961.00,2
1777266778188,29963.00,2
1777266778217,29842.00,2
1777266778266,29762.00,2
1777266778295,29762.00,2
1777266778323,29842.00,2
1777266778351,29815.00,2
1777266778401,29780.00,2
1777266778430,29800.00,2
1777266778458,29800.00,2
1777266778487,29829.00,2
1777266778517,29829.00,2
1777266778567,29800.00,2
1777266778597,29771.00,2
1777266778626,29771.00,2
1777266778656,29771.00,2
1777266778685,29800.00,2
1777266778735,29829.00,2
1777266778765,29829.00,2
1777266778795,29880.00,2
1777266778826,29800.00,2
1777266778857,29851.00,2
1777266778889,29851.00,2
1777266778920,29851.00,2
1777266778950,29851.00,2
1777266778981,29851.00,2
1777266779032,29822.00,2
1777266779061,29829.00,2
1777266779090,29829.00,2
1777266779120,29829.00,2
1777266779150,29829.00,2
1777266779180,29829.00,2
1777266779232,29800.00,2
1777266779263,29771.00,2
1777266779293,29825.00,2
1777266779322,29825.00,2
1777266779351,29876.00,2
1777266779382,29876.00,2
1777266779414,29796.00,2
1777266779445,29825.00,2
1777266779498,29820.00,2
1777266779532,29791.00,2
1777266779567,29791.00,2
1777266779602,29900.00,2
1777266779635,29929.00,2
1777266779666,29878.00,2
1777266779703,29904.00,2
1777266779737,29875.00,2
1777266779771,29846.00,2
1777266779805,29846.00,2
1777266779840,29846.00,2
1777266779875,29904.00,2
1777266779911,29850.00,2
1777266779945,29914.00,2
1777266779975,29872.00,2
1777266780028,29850.00,2
1777266780060,29850.00,2
1777266780092,29850.00,2
1777266780125,30027.00,2
1777266780159,29947.00,2
1777266780191,29981.00,2
1777266780222,29981.00,2
1777266780261,29983.00,2
1777266780297,29947.00,2
1777266780335,29867.00,2
1777266780368,29809.00,2
1777266780400,29809.00,2
1777266780437,29809.00,2
1777266780473,29809.00,2
1777266780509,29867.00,2
1777266780549,29901.00,2
1777266780586,29821.00,2
1777266780621,29850.00,2
1777266780657,29850.00,2
1777266780691,29850.00,2
1777266780727,29821.00,2
1777266780763,29937.00,2
1777266780800,29937.00,2
1777266780837,29995.00,2
1777266780875,29995.00,2
1777266780917,29988.00,2
1777266781007,29669.00,2
1777266781054,29669.00,2
1777266781082,29640.00,2
1777266781109,29698.00,2
1777266781137,29749.00,2
1777266781186,29698.00,2
1777266781213,29790.00,2
1777266781241,29777.00,2
1777266781269,29856.00,2
1777266781319,29805.00,2
1777266781348,29805.00,2
1777266781376,29810.00,2
1777266781405,29856.00,2
1777266781434,29762.00,2
1777266781483,29711.00,2
1777266781513,29682.00,2
1777266781543,29700.00,2
1777266781573,29733.00,2
1777266781603,29733.00,2
1777266781633,29733.00,2
1777266781684,29594.00,2
1777266781715,29593.00,2
1777266781746,29593.00,2
1777266781774,29593.00,2
1777266781802,29564.00,2
1777266781834,29598.00,2
1777266781866,29652.00,2
1777266781918,29659.00,2
1777266781949,29630.00,2
1777266781981,29630.00,2
1777266782013,29630.00,2
1777266782044,29572.00,2
1777266782075,29805.00,2
1777266782106,29876.00,2
1777266782138,29847.00,2
1777266782170,29847.00,2
1777266782201,29847.00,2
1777266782233,29847.00,2
1777266782265,29876.00,2
1777266782297,29753.00,2
1777266782330,29804.00,2
1777266782361,29724.00,2
1777266782415,29673.00,2
1777266782448,29673.00,2
1777266782482,29646.00,2
1777266782514,29658.00,2
1777266782546,29697.00,2
1777266782578,29697.00,2
1777266782612,29726.00,2
1777266782643,29675.00,2
1777266782677,29588.00,2
1777266782711,29649.00,2
1777266782744,29711.00,2
1777266782777,29682.00,2
1777266782811,29740.00,2
1777266782845,29820.00,2
1777266782878,29769.00,2
1777266782913,29945.00,2
1777266782945,29916.00,2
1777266782978,29967.00,2
1777266783012,29916.00,2
1777266783045,29916.00,2
1777266783078,29921.00,2
1777266783112,29913.00,2
1777266783145,29896.00,2
1777266783180,29896.00,2
1777266783214,29896.00,2
1777266783247,29838.00,2
1777266783281,29867.00,2
1777266783316,29867.00,2
1777266783349,29972.00,2
1777266783385,29911.00,2
1777266783418,29940.00,2
1777266783453,29940.00,2
1777266783490,29882.00,2
1777266783527,29882.00,2
1777266783565,29914.00,2
1777266783601,29943.00,2
1777266783636,29943.00,2
1777266783672,29834.00,2
1777266783709,29844.00,2
1777266783744,29885.00,2
1777266783781,29943.00,2
1777266783817,29914.00,2
1777266783857,29885.00,2
1777266783896,29994.00,2
1777266783988,29801.00,2
1777266784017,29600.00,2
1777266784046,29629.00,2
1777266784076,29629.00,2
1777266784106,29629.00,2
1777266784134,29629.00,2
1777266784161,29629.00,2
1777266784212,29634.00,2
1777266784243,29672.00,2
1777266784275,29672.00,2
1777266784307,29701.00,2
1777266784338,29701.00,2
1777266784370,29701.00,2
1777266784401,29701.00,2
1777266784434,29746.00,2
1777266784465,29746.00,2
1777266784497,29797.00,2
1777266784528,29826.00,2
1777266784580,29746.00,2
1777266784611,29753.00,2
1777266784641,29779.00,2
1777266784672,29779.00,2
1777266784704,29779.00,2
1777266784736,29779.00,2
1777266784768,29808.00,2
1777266784801,29808.00,2
1777266784833,29808.00,2
1777266784865,29772.00,2
1777266784897,29744.00,2
1777266784931,29692.00,2
1777266784963,29721.00,2
1777266784996,29755.00,2
1777266785030,29801.00,2
1777266785063,29744.00,2
1777266785096,29744.00,2
1777266785130,29744.00,2
1777266785164,29744.00,2
1777266785197,29715.00,2
1777266785231,29685.00,2
1777266785265,29744.00,2
1777266785298,29643.00,2
1777266785333,29672.00,2
1777266785367,29701.00,2
1777266785402,29701.00,2
1777266785436,29643.00,2
1777266785470,29672.00,2
1777266785503,29768.00,2
1777266785537,29688.00,2
1777266785571,29746.00,2
1777266785607,29746.00,2
1777266785639,29746.00,2
1777266785673,29746.00,2
1777266785709,29669.00,2
1777266785746,29698.00,2
1777266785781,29727.00,2
1777266785817,29727.00,2
1777266785851,29727.00,2
1777266785890,29858.00,2
1777266785925,29716.00,2
1777266785961,29774.00,2
1777266785997,29825.00,2
1777266786033,29803.00,2
1777266786068,29745.00,2
1777266786104,29716.00,2
1777266786142,29771.00,2
1777266786178,29800.00,2
1777266786214,29829.00,2
1777266786250,29767.00,2
1777266786288,29771.00,2
1777266786325,29930.00,2
1777266786360,29941.00,2
1777266786397,29912.00,2
1777266786433,29883.00,2
1777266786468,29883.00,2
1777266786504,29941.00,2
1777266786539,29832.00,2
1777266786574,29832.00,2
1777266786610,29774.00,2
1777266786647,29723.00,2
1777266786683,29803.00,2
1777266786721,29912.00,2
1777266786756,29951.00,2
1777266786794,29892.00,2
1777266786830,29862.00,2
1777266786867,29889.00,2
1777266786903,29889.00,2
1777266786939,29860.00,2
1777266786975,29924.00,2
1777266787011,29924.00,2
1777266787052,30062.00,2
1777266787088,29991.00,2
1777266787125,29953.00,2
1777266787163,29953.00,2
1777266787199,29951.00,2
1777266787237,29951.00,2
1777266787274,29893.00,2
1777266787312,29842.00,2
1777266787352,29951.00,2
1777266787391,29887.00,2
1777266787433,29916.00,2
1777266787472,29916.00,2
1777266787509,29887.00,2
1777266787547,29858.00,2
1777266787587,29902.00,2
1777266787624,29899.00,2
1777266787665,29824.00,2
1777266787704,29824.00,2
1777266787742,29853.00,2
1777266787782,29846.00,2
1777266787825,29864.00,2
1777266787869,29819.00,2
1777266787909,29790.00,2
1777266787949,29899.00,2
1777266787989,29928.00,2
1777266788076,29733.00,2
1777266788100,29762.00,2
1777266788125,29791.00,2
1777266788154,29791.00,2
1777266788181,29842.00,2
1777266788230,29672.00,2
1777266788399,29323.00,2
1777266788608,27766.00,2
1777266788635,27779.00,2
1777266788663,27808.00,2
1777266788690,27808.00,2
1777266788718,27808.00,2
1777266788766,27779.00,2
1777266788793,27766.00,2
1777266788820,27855.00,2
1777266788868,27766.00,2
1777266788895,27788.00,2
1777266788923,27788.00,2
1777266788950,27855.00,2
1777266788999,27897.00,2
1777266789027,28089.00,2
1777266789056,28098.00,2
1777266789085,28101.00,2
1777266789136,28060.00,2
1777266789166,28060.00,2
1777266789195,28060.00,2
1777266789225,28076.00,2
1777266789255,28081.00,2
1777266789284,28079.00,2
1777266789313,28103.00,2
1777266789364,28052.00,2
1777266789394,28023.00,2
1777266789423,28052.00,2
1777266789453,28006.00,2
1777266789485,27985.00,2
1777266789517,27979.00,2
1777266789548,28006.00,2
1777266789600,28064.00,2
1777266789631,28064.00,2
1777266789663,28149.00,2
1777266789695,28120.00,2
1777266789728,28091.00,2
1777266789759,28091.00,2
1777266789790,28091.00,2
1777266789821,28091.00,2
1777266789853,28120.00,2
1777266789886,27981.00,2
1777266789918,27950.00,2
1777266789950,27979.00,2
1777266789982,27979.00,2
1777266790035,27950.00,2
1777266790067,27921.00,2
1777266790100,28115.00,2
1777266790132,28115.00,2
1777266790165,28115.00,2
1777266790197,28144.00,2
1777266790230,28144.00,2
1777266790263,28144.00,2
1777266790295,28165.00,2
1777266790329,28136.00,2
1777266790362,28136.00,2
1777266790395,28136.00,2
1777266790430,28188.00,2
1777266790465,28194.00,2
1777266790498,28107.00,2
1777266790533,28107.00,2
1777266790573,28049.00,2
1777266790607,28049.00,2
1777266790641,28078.00,2
1777266790676,28078.00,2
1777266790710,28029.00,2
1777266790746,28000.00,2
1777266790785,27971.00,2
1777266790821,28078.00,2
1777266790853,28080.00,2
1777266790887,28000.00,2
1777266790943,27908.00,2
1777266790977,27908.00,2
1777266791016,27959.00,2
1777266791051,27959.00,2
1777266791086,27959.00,2
1777266791121,27908.00,2
1777266791156,27933.00,2
1777266791192,27945.00,2
1777266791230,27933.00,2
1777266791267,27853.00,2
1777266791303,27853.00,2
1777266791341,27949.00,2
1777266791379,27993.00,2
1777266791420,28044.00,2
1777266791456,28102.00,2
1777266791492,28102.00,2
1777266791528,28102.00,2
1777266791565,27972.00,2
1777266791601,28001.00,2
1777266791637,28030.00,2
1777266791673,28030.00,2
1777266791710,27943.00,2
1777266791745,27972.00,2
1777266791779,27949.00,2
1777266791817,27935.00,2
1777266791851,27964.00,2
1777266791887,27935.00,2
1777266791924,27906.00,2
1777266791959,27935.00,2
1777266791996,28032.00,2
1777266792032,27981.00,2
1777266792072,27923.00,2
1777266792109,27923.00,2
1777266792147,28007.00,2
1777266792188,28065.00,2
1777266792292,27876.00,2
1777266792319,27907.00,2
1777266792347,27876.00,2
1777266792374,27637.00,2
1777266792401,27644.00,2
1777266792428,27688.00,2
1777266792476,27713.00,2
1777266792504,27717.00,2
1777266792531,27746.00,2
1777266792579,27637.00,2
1777266792607,27633.00,2
1777266792635,27662.00,2
1777266792664,27713.00,2
1777266792692,27699.00,2
1777266792741,27742.00,2
1777266792769,27720.00,2
1777266792799,27643.00,2
1777266792828,27688.00,2
1777266792878,27637.00,2
1777266792907,27659.00,2
1777266792937,27579.00,2
1777266792967,27579.00,2
1777266792996,27654.00,2
1777266793026,27657.00,2
1777266793076,27766.00,2
1777266793106,27735.00,2
1777266793136,27686.00,2
1777266793164,27686.00,2
1777266793192,27686.00,2
1777266793244,27973.00,2
1777266793273,28044.00,2
1777266793302,28104.00,2
1777266793330,28184.00,2
1777266793360,28264.00,2
1777266793390,28293.00,2
1777266793440,28821.00,2
1777266793472,28901.00,2
1777266793503,28981.00,2
1777266793534,29032.00,2
1777266793564,29112.00,2
1777266793595,29106.00,2
1777266793626,29134.00,2
1777266793657,29614.00,2
1777266793688,29614.00,2
1777266793716,29614.00,2
1777266793767,29643.00,2
1777266793799,29656.00,2
1777266793830,29592.00,2
1777266793862,29766.00,2
1777266793894,29766.00,2
1777266793926,29737.00,2
1777266793958,29699.00,2
1777266793990,29737.00,2
1777266794022,29737.00,2
1777266794055,29737.00,2
1777266794088,29721.00,2
1777266794120,29727.00,2
1777266794154,29756.00,2
1777266794188,29756.00,2
1777266794220,29756.00,2
1777266794253,29756.00,2
1777266794286,29872.00,2
1777266794320,29872.00,2
1777266794354,29872.00,2
1777266794388,29901.00,2
1777266794421,29901.00,2
1777266794454,29958.00,2
1777266794488,29953.00,2
1777266794522,29934.00,2
1777266794557,29905.00,2
1777266794591,29876.00,2
1777266794628,29876.00,2
1777266794664,29905.00,2
1777266794700,29829.00,2
1777266794734,29829.00,2
1777266794770,29771.00,2
1777266794805,29720.00,2
1777266794841,29720.00,2
1777266794877,29749.00,2
1777266794913,29737.00,2
1777266794948,29679.00,2
1777266794985,29730.00,2
1777266795022,29759.00,2
1777266795056,29817.00,2
1777266795096,29817.00,2
1777266795133,29789.00,2
1777266795170,29789.00,2
1777266795208,29797.00,2
1777266795244,29772.00,2
1777266795290,29738.00,2
1777266795333,29752.00,2
1777266795371,29694.00,2
1777266795407,29666.00,2
1777266795443,29694.00,2
1777266795480,29672.00,2
1777266795525,29723.00,2
1777266795565,29829.00,2
1777266795604,29829.00,2
1777266795641,29771.00,2
1777266795685,29771.00,2
1777266795726,29829.00,2
1777266795767,29718.00,2
1777266795869,29449.00,2
1777266795898,29587.00,2
1777266795925,29638.00,2
1777266795973,29587.00,2
1777266796001,29478.00,2
1777266796029,29507.00,2
1777266796057,29521.00,2
1777266796107,29536.00,2
1777266796136,29536.00,2
1777266796164,29651.00,2
1777266796193,29694.00,2
1777266796221,29694.00,2
1777266796271,29694.00,2
1777266796301,29665.00,2
1777266796330,29665.00,2
1777266796359,29665.00,2
1777266796388,29519.00,2
1777266796417,29454.00,2
1777266796467,29432.00,2
1777266796497,29483.00,2
1777266796526,29483.00,2
1777266796555,29512.00,2
1777266796585,29535.00,2
1777266796615,29535.00,2
1777266796666,29506.00,2
1777266796697,29484.00,2
1777266796726,29448.00,2
1777266796756,29455.00,2
1777266796787,29464.00,2
1777266796818,29563.00,2
1777266796848,29563.00,2
1777266796899,29512.00,2
1777266796930,29534.00,2
1777266796960,29534.00,2
1777266796990,29534.00,2
1777266797020,29456.00,2
1777266797051,29456.00,2
1777266797082,29485.00,2
1777266797114,29536.00,2
1777266797167,29434.00,2
1777266797199,29424.00,2
1777266797230,29600.00,2
1777266797262,29680.00,2
1777266797294,29731.00,2
1777266797327,29731.00,2
1777266797359,29680.00,2
1777266797392,29709.00,2
1777266797424,29926.00,2
1777266797457,29926.00,2
1777266797490,29926.00,2
1777266797525,29926.00,2
1777266797557,29868.00,2
1777266797592,29897.00,2
1777266797624,29897.00,2
1777266797658,29819.00,2
1777266797692,29866.00,2
1777266797727,29819.00,2
1777266797759,29848.00,2
1777266797793,29848.00,2
1777266797828,29790.00,2
1777266797860,29887.00,2
1777266797895,29916.00,2
1777266797930,29945.00,2
1777266797964,29945.00,2
1777266797999,29945.00,2
1777266798033,29945.00,2
1777266798068,29903.00,2
1777266798103,29903.00,2
1777266798138,29903.00,2
1777266798175,29925.00,2
1777266798210,29881.00,2
1777266798247,30012.00,2
1777266798283,29946.00,2
1777266798317,29900.00,2
1777266798353,29929.00,2
1777266798390,29929.00,2
1777266798424,29929.00,2
1777266798461,29871.00,2
1777266798496,29911.00,2
1777266798531,29969.00,2
1777266798565,29969.00,2
1777266798601,29973.00,2
1777266798635,29969.00,2
1777266798672,29860.00,2
1777266798709,29889.00,2
1777266798745,29947.00,2
1777266798782,29947.00,2
1777266798820,29918.00,2
1777266798859,29889.00,2
1777266798897,29906.00,2
1777266798934,29922.00,2
1777266798971,29813.00,2
1777266799011,29864.00,2
1777266799050,29893.00,2
1777266799088,29893.00,2
1777266799128,29914.00,2
1777266799164,29943.00,2
1777266799201,29901.00,2
1777266799309,29549.00,2
1777266799337,29549.00,2
1777266799365,29549.00,2
1777266799394,29600.00,2
1777266799422,29600.00,2
1777266799472,29549.00,2
1777266799500,29549.00,2
1777266799529,29535.00,2
1777266799558,29562.00,2
1777266799608,29511.00,2
1777266799639,29511.00,2
1777266799669,29562.00,2
1777266799699,29562.00,2
1777266799730,29524.00,2
1777266799761,29495.00,2
1777266799791,29495.00,2
1777266799844,29466.00,2
1777266799876,29437.00,2
1777266799908,29466.00,2
1777266799939,29471.00,2
1777266799971,29510.00,2
1777266800004,29481.00,2
1777266800037,29481.00,2
1777266800069,29481.00,2
1777266800100,29532.00,2
1777266800133,29561.00,2
1777266800172,29492.00,2
1777266800204,29492.00,2
1777266800238,29521.00,2
1777266800270,29550.00,2
1777266800302,29601.00,2
1777266800335,29521.00,2
1777266800368,29592.00,2
1777266800399,29623.00,2
1777266800433,29623.00,2
1777266800467,29594.00,2
1777266800499,29543.00,2
1777266800533,29565.00,2
1777266800567,29565.00,2
1777266800600,29573.00,2
1777266800633,29602.00,2
1777266800667,29602.00,2
1777266800701,29585.00,2
1777266800736,29573.00,2
1777266800771,29544.00,2
1777266800804,29651.00,2
1777266800838,29742.00,2
1777266800873,29789.00,2
1777266800907,29680.00,2
1777266800941,29629.00,2
1777266800976,29680.00,2
1777266801014,29777.00,2
1777266801049,29778.00,2
1777266801085,29806.00,2
1777266801124,29886.00,2
1777266801159,29828.00,2
1777266801194,29828.00,2
1777266801231,29647.00,2
1777266801267,29679.00,2
1777266801302,29708.00,2
1777266801337,29679.00,2
1777266801375,29599.00,2
1777266801410,29599.00,2
1777266801446,29797.00,2
1777266801484,29797.00,2
1777266801521,29790.00,2
1777266801557,29819.00,2
1777266801595,29848.00,2
1777266801630,29784.00,2
1777266801664,29835.00,2
1777266801699,29806.00,2
1777266801734,29806.00,2
1777266801773,29755.00,2
1777266801810,29784.00,2
1777266801846,29701.00,2
1777266801884,29723.00,2
1777266801919,29781.00,2
1777266801955,29810.00,2
1777266801991,29810.00,2
1777266802026,29781.00,2
1777266802064,29871.00,2
1777266802102,29887.00,2
1777266802138,29887.00,2
1777266802176,29938.00,2
1777266802212,29887.00,2
1777266802252,29909.00,2
1777266802291,29733.00,2
1777266802327,29704.00,2
1777266802364,29675.00,2
1777266802404,29675.00,2
1777266802441,29653.00,2
1777266802479,29659.00,2
1777266802520,29744.00,2
1777266802560,29831.00,2
1777266802666,29802.00,2
1777266802693,29392.00,2
1777266802727,29434.00,2
1777266802757,29472.00,2
1777266802786,29472.00,2
1777266802816,29501.00,2
1777266802846,29501.00,2
1777266802898,29527.00,2
1777266802928,29529.00,2
1777266802958,29529.00,2
1777266802988,29529.00,2
1777266803019,29529.00,2
1777266803050,29558.00,2
1777266803081,29558.00,2
1777266803132,29535.00,2
1777266803163,29506.00,2
1777266803194,29535.00,2
1777266803225,29426.00,2
1777266803256,29467.00,2
1777266803286,29506.00,2
1777266803319,29489.00,2
1777266803350,29453.00,2
1777266803382,29453.00,2
1777266803413,29453.00,2
1777266803466,29511.00,2
1777266803499,29453.00,2
1777266803531,29546.00,2
1777266803563,29570.00,2
1777266803596,29570.00,2
1777266803628,29599.00,2
1777266803660,29628.00,2
1777266803693,29577.00,2
1777266803725,29552.00,2
1777266803759,29622.00,2
1777266803792,29622.00,2
1777266803824,29644.00,2
1777266803858,29644.00,2
1777266803892,29644.00,2
1777266803925,29644.00,2
1777266803957,29621.00,2
1777266803991,29505.00,2
1777266804023,29476.00,2
1777266804055,29527.00,2
1777266804090,29527.00,2
1777266804126,29527.00,2
1777266804160,29511.00,2
1777266804195,29515.00,2
1777266804229,29445.00,2
1777266804264,29544.00,2
1777266804299,29624.00,2
1777266804333,29653.00,2
1777266804368,29691.00,2
1777266804402,29903.00,2
1777266804437,29852.00,2
1777266804471,29932.00,2
1777266804505,29932.00,2
1777266804538,29907.00,2
1777266804579,29911.00,2
1777266804616,29879.00,2
1777266804652,29882.00,2
1777266804690,30039.00,2
1777266804726,30093.00,2
1777266804763,30012.00,2
1777266804803,29921.00,2
1777266804842,29934.00,2
1777266804884,29910.00,2
1777266804924,30018.00,2
1777266804963,30176.00,2
1777266805002,29867.00,2
1777266805040,29721.00,2
1777266805079,29879.00,2
1777266805122,29984.00,2
1777266805162,29963.00,2
1777266805201,29973.00,2
1777266805240,29838.00,2
1777266805284,29773.00,2
1777266805323,30027.00,2
1777266805367,29946.00,2
1777266805409,29999.00,2
1777266805450,29801.00,2
1777266805497,29777.00,2
1777266805536,30041.00,2
1777266805576,30069.00,2
1777266805620,30151.00,2
1777266805663,30013.00,2
1777266805704,29841.00,2
1777266805745,29920.00,2
1777266805791,30005.00,2
1777266805830,30087.00,2
1777266805868,29997.00,2
1777266805906,29845.00,2
1777266805949,29847.00,2
1777266805989,30110.00,2
1777266806031,30022.00,2
1777266806073,29923.00,2
1777266806120,29746.00,2
1777266806161,29947.00,2
1777266806201,30091.00,2
1777266806241,30012.00,2
1777266806284,30020.00,2
1777266806326,29803.00,2
1777266806367,29890.00,2
1777266806411,30042.00,2
1777266806459,30001.00,2
1777266806501,30076.00,2
1777266806545,29946.00,2
1777266806589,30049.00,2
1777266806637,29976.00,2
1777266806681,29930.00,2
1777266806733,29882.00,2
1777266806778,29956.00,2
1777266806824,30093.00,2
1777266806870,30084.00,2
1777266806919,30004.00,2
1777266806964,29882.00,2
1777266807007,29941.00,2
1777266807055,30046.00,2
1777266807100,30001.00,2
1777266807149,30001.00,2
1777266807199,29935.00,2
1777266807244,29913.00,2
1777266807292,30016.00,2
1777266807344,29934.00,2
1777266807393,29895.00,2
1777266807439,29970.00,2
1777266807490,30106.00,2
1777266807538,29908.00,2
1777266807592,29767.00,2
1777266807641,30052.00,2
1777266807692,30217.00,2
1777266807738,30182.00,2
1777266807791,30209.00,2
1777266807840,30111.00,2
1777266807890,30284.00,2
1777266807938,30367.00,2
1777266808050,29910.00,2
1777266808084,30068.00,2
1777266808114,30125.00,2
1777266808146,29925.00,2
1777266808178,29978.00,2
1777266808211,30031.00,2
1777266808243,30085.00,2
1777266808277,29967.00,2
1777266808312,30045.00,2
1777266808346,29972.00,2
1777266808379,30025.00,2
1777266808413,30078.00,2
1777266808449,30046.00,2
1777266808484,29986.00,2
1777266808520,30040.00,2
1777266808555,29941.00,2
1777266808591,29994.00,2
1777266808626,30018.00,2
1777266808663,30014.00,2
1777266808699,29869.00,2
1777266808740,29965.00,2
1777266808778,29879.00,2
1777266808815,29905.00,2
1777266808853,29958.00,2
1777266808891,29910.00,2
1777266808930,29934.00,2
1777266808970,29933.00,2
1777266809013,29853.00,2
1777266809052,29933.00,2
1777266809092,29986.00,2
1777266809133,29945.00,2
1777266809174,29976.00,2
1777266809218,29870.00,2
1777266809259,29999.00,2
1777266809297,30002.00,2
1777266809335,29910.00,2
1777266809379,30071.00,2
1777266809417,29949.00,2
1777266809487,30008.00,2
1777266809526,29792.00,2
1777266809569,29870.00,2
1777266809608,29817.00,2
1777266809647,29770.00,2
1777266809699,29701.00,2
1777266809739,29798.00,2
1777266809780,29751.00,2
1777266809826,29872.00,2
1777266809872,29795.00,2
1777266809916,29736.00,2
1777266809962,29662.00,2
1777266810006,29857.00,2
1777266810046,29727.00,2
1777266810090,29821.00,2
1777266810130,29774.00,2
1777266810170,29771.00,2
1777266810213,29771.00,2
1777266810260,29864.00,2
1777266810305,29755.00,2
1777266810352,29747.00,2
1777266810401,29853.00,2
1777266810447,29773.00,2
1777266810497,29958.00,2
1777266810544,29785.00,2
1777266810594,29809.00,2
1777266810639,29758.00,2
1777266810694,29629.00,2
1777266810741,29702.00,2
1777266810791,29715.00,2
1777266810842,29715.00,2
1777266810891,29657.00,2
1777266810943,29771.00,2
1777266810994,29586.00,2
1777266811049,29694.00,2
1777266811098,29797.00,2
1777266811144,29685.00,2
1777266811198,29690.00,2
1777266811246,29877.00,2
1777266811294,29723.00,2
1777266811355,29751.00,2
1777266811406,29760.00,2
1777266811456,29876.00,2
1777266811517,29760.00,2
1777266811578,29693.00,2
1777266811633,29718.00,2
1777266811687,29711.00,2
1777266811739,29711.00,2
1777266811789,29742.00,2
1777266811844,29717.00,2
1777266811896,29543.00,2
1777266811957,29626.00,2
1777266812010,29715.00,2
1777266812059,29649.00,2
1777266812112,29682.00,2
1777266812172,29707.00,2
1777266812229,29607.00,2
1777266812283,29680.00,2
1777266812338,29788.00,2
1777266812391,29705.00,2
1777266812447,29710.00,2
1777266812502,29587.00,2
1777266812562,29720.00,2
1777266812636,29615.00,2
1777266812693,29632.00,2
1777266812749,29715.00,2
1777266812800,29607.00,2
1777266812857,29715.00,2
1777266812913,29715.00,2
1777266812966,29798.00,2
1777266813126,29265.00,2
1777266813161,29052.00,2
1777266813198,29160.00,2
1777266813233,29210.00,2
1777266813267,29210.00,2
1777266813303,29210.00,2
1777266813337,29185.00,2
1777266813373,29216.00,2
1777266813408,29216.00,2
1777266813442,29298.00,2
1777266813475,29297.00,2
1777266813509,29297.00,2
1777266813546,29297.00,2
1777266813586,29327.00,2
1777266813623,29352.00,2
1777266813659,29434.00,2
1777266813692,29434.00,2
1777266813727,29352.00,2
1777266813763,29218.00,2
1777266813801,29277.00,2
1777266813836,29277.00,2
1777266813871,29302.00,2
1777266813908,29302.00,2
1777266813945,29275.00,2
1777266813988,29342.00,2
1777266814027,29270.00,2
1777266814065,29322.00,2
1777266814104,29322.00,2
1777266814142,29347.00,2
1777266814184,29398.00,2
1777266814234,29316.00,2
1777266814279,29281.00,2
1777266814323,29409.00,2
1777266814363,29339.00,2
1777266814408,29284.00,2
1777266814449,29261.00,2
1777266814491,29426.00,2
1777266814527,29476.00,2
1777266814563,29445.00,2
1777266814599,29393.00,2
1777266814637,29402.00,2
1777266814677,29371.00,2
1777266814719,29479.00,2
1777266814756,29454.00,2
1777266814798,29540.00,2
1777266814842,29453.00,2
1777266814886,29409.00,2
1777266814932,29567.00,2
1777266814976,29499.00,2
1777266815017,29434.00,2
1777266815060,29491.00,2
1777266815102,29391.00,2
1777266815147,29314.00,2
1777266815189,29408.00,2
1777266815230,29549.00,2
1777266815268,29493.00,2
1777266815313,29378.00,2
1777266815356,29486.00,2
1777266815398,29378.00,2
1777266815442,29428.00,2
1777266815485,29291.00,2
1777266815531,29363.00,2
1777266815572,29329.00,2
1777266815611,29314.00,2
1777266815658,29485.00,2
1777266815700,29544.00,2
1777266815743,29462.00,2
1777266815785,29341.00,2
1777266815831,29416.00,2
1777266815874,29341.00,2
1777266815918,29320.00,2
1777266815972,29379.00,2
1777266816017,29484.00,2
1777266816068,29434.00,2
1777266816116,29364.00,2
1777266816165,29450.00,2
1777266816208,29396.00,2
1777266816255,29556.00,2
1777266816298,29395.00,2
1777266816341,29391.00,2
1777266816388,29361.00,2
1777266816432,29391.00,2
1777266816477,29432.00,2
1777266816524,29474.00,2
1777266816575,29366.00,2
1777266816622,29362.00,2
1777266816678,29388.00,2
1777266816733,29344.00,2
1777266816787,29370.00,2
1777266816845,29428.00,2
1777266816895,29402.00,2
1777266816943,29428.00,2
1777266817099,28978.00,2
1777266817132,28911.00,2
1777266817163,28910.00,2
1777266817194,28802.00,2
1777266817227,28885.00,2
1777266817260,28802.00,2
1777266817292,28832.00,2
1777266817328,28777.00,2
1777266817361,28752.00,2
1777266817394,28907.00,2
1777266817426,28824.00,2
1777266817461,28799.00,2
1777266817495,28932.00,2
1777266817529,28849.00,2
1777266817563,28946.00,2
1777266817597,28847.00,2
1777266817630,28930.00,2
1777266817666,28847.00,2
1777266817702,28914.00,2
1777266817738,28822.00,2
1777266817772,28813.00,2
1777266817808,28882.00,2
1777266817849,28837.00,2
1777266817885,28844.00,2
1777266817923,28900.00,2
1777266817964,28877.00,2
1777266818002,28828.00,2
1777266818039,28951.00,2
1777266818076,29084.00,2
1777266818118,29251.00,2
1777266818155,29276.00,2
1777266818195,29387.00,2
1777266818233,29426.00,2
1777266818272,29426.00,2
1777266818310,29491.00,2
1777266818353,29622.00,2
1777266818390,29452.00,2
1777266818430,29483.00,2
1777266818470,29483.00,2
1777266818510,29394.00,2
1777266818556,29463.00,2
1777266818601,29367.00,2
1777266818642,29314.00,2
1777266818686,29298.00,2
1777266818726,29361.00,2
1777266818764,29448.00,2
1777266818814,29363.00,2
1777266818858,29319.00,2
1777266818897,29365.00,2
1777266818934,29365.00,2
1777266818975,29316.00,2
1777266819028,29281.00,2
1777266819071,29444.00,2
1777266819117,29444.00,2
1777266819160,29552.00,2
1777266819210,29474.00,2
1777266819255,29378.00,2
1777266819304,29257.00,2
1777266819346,29215.00,2
1777266819390,29295.00,2
1777266819430,29403.00,2
1777266819469,29489.00,2
1777266819512,29395.00,2
1777266819552,29445.00,2
1777266819591,29366.00,2
1777266819631,29394.00,2
1777266819672,29425.00,2
1777266819717,29318.00,2
1777266819759,29445.00,2
1777266819803,29369.00,2
1777266819851,29451.00,2
1777266819893,29521.00,2
1777266819937,29394.00,2
1777266819982,29426.00,2
1777266820025,29527.00,2
1777266820079,29358.00,2
1777266820125,29425.00,2
1777266820168,29294.00,2
1777266820217,29425.00,2
1777266820265,29376.00,2
1777266820310,29387.00,2
1777266820358,29412.00,2
1777266820404,29412.00,2
1777266820455,29498.00,2
1777266820502,29545.00,2
1777266820640,29023.00,2
1777266820677,28857.00,2
1777266820715,28801.00,2
1777266820749,28867.00,2
1777266820787,28975.00,2
1777266820822,28867.00,2
1777266820857,28969.00,2
1777266820892,28969.00,2
1777266820926,29110.00,2
1777266820961,29002.00,2
1777266820997,28952.00,2
1777266821033,28913.00,2
1777266821067,28977.00,2
1777266821105,29004.00,2
1777266821140,28871.00,2
1777266821177,28819.00,2
1777266821215,28934.00,2
1777266821251,28844.00,2
1777266821292,28865.00,2
1777266821331,28917.00,2
1777266821369,28867.00,2
1777266821412,28760.00,2
1777266821448,28789.00,2
1777266821484,28946.00,2
1777266821546,28861.00,2
1777266821584,28966.00,2
1777266821625,28997.00,2
1777266821665,28916.00,2
1777266821705,29005.00,2
1777266821748,29055.00,2
1777266821786,29039.00,2
1777266821827,29032.00,2
1777266821863,28949.00,2
1777266821903,29052.00,2
1777266821941,28952.00,2
1777266821978,29059.00,2
1777266822018,29132.00,2
1777266822062,29338.00,2
1777266822103,29347.00,2
1777266822144,29436.00,2
1777266822183,29502.00,2
1777266822224,29476.00,2
1777266822262,29543.00,2
1777266822301,29610.00,2
1777266822341,29569.00,2
1777266822674,28278.00,2
1777266822957,26295.00,2
1777266823061,26149.00,2
1777266823101,26041.00,2
1777266823143,25951.00,2
1777266823184,25901.00,2
1777266823225,25907.00,2
1777266823268,26065.00,2
1777266823306,25976.00,2
1777266823344,25966.00,2
1777266823385,25887.00,2
1777266823433,25798.00,2
1777266823477,25931.00,2
1777266823518,25931.00,2
1777266823558,25755.00,2
1777266823603,25975.00,2
1777266823642,25886.00,2
1777266823682,25902.00,2
1777266823723,25840.00,2
1777266823767,25861.00,2
1777266823809,26015.00,2
1777266823855,25797.00,2
1777266823899,26014.00,2
1777266823942,25930.00,2
1777266823984,25935.00,2
1777266824027,25896.00,2
1777266824071,25885.00,2
1777266824114,25910.00,2
1777266824156,25777.00,2
1777266824202,25973.00,2
1777266824250,25925.00,2
1777266824294,25929.00,2
1777266824410,25476.00,2
1777266824440,25559.00,2
1777266824469,25693.00,2
1777266824578,25371.00,2
1777266824618,25244.00,2
1777266824651,25169.00,2
1777266824685,25144.00,2
1777266824720,25169.00,2
1777266824754,25194.00,2
1777266824789,25244.00,2
1777266824825,25155.00,2
1777266824861,25100.00,2
1777266824897,25183.00,2
1777266824936,25291.00,2
1777266824971,25309.00,2
1777266825004,25258.00,2
1777266825040,25316.00,2
1777266825076,25243.00,2
1777266825115,25110.00,2
1777266825152,25183.00,2
1777266825186,25073.00,2
1777266825223,25108.00,2
1777266825259,25156.00,2
1777266825297,25167.00,2
1777266825334,25109.00,2
1777266825377,25138.00,2
1777266825419,25183.00,2
1777266825457,25146.00,2
1777266825498,25158.00,2
1777266825546,25226.00,2
1777266825583,25386.00,2
1777266825619,25519.00,2
1777266825659,25499.00,2
1777266825698,25693.00,2
1777266825739,25761.00,2
1777266825781,25718.00,2
1777266825819,25693.00,2
1777266825856,25636.00,2
1777266825892,25636.00,2
1777266825934,25591.00,2
1777266825974,25562.00,2
1777266826018,25614.00,2
1777266826058,25670.00,2
1777266826096,25592.00,2
1777266826138,25762.00,2
1777266826180,25818.00,2
1777266826217,25739.00,2
1777266826256,25739.00,2
1777266826298,25736.00,2
1777266826348,25683.00,2
1777266826391,25668.00,2
1777266826432,25635.00,2
1777266826481,25740.00,2
1777266826523,25685.00,2
1777266826568,25731.00,2
1777266826616,25755.00,2
1777266826657,25756.00,2
1777266826698,25681.00,2
1777266826743,25845.00,2
1777266826793,25666.00,2
1777266826842,25641.00,2
1777266826884,25590.00,2
1777266826925,25615.00,2
1777266826966,25532.00,2
1777266827011,25742.00,2
1777266827056,25719.00,2
1777266827099,25573.00,2
1777266827145,25795.00,2
1777266827187,25707.00,2
1777266827229,25778.00,2
1777266827273,25727.00,2
1777266827316,25777.00,2
1777266827358,25752.00,2
1777266827401,25885.00,2
1777266827447,26110.00,2
1777266827490,26218.00,2
1777266827539,26510.00,2
1777266827583,26643.00,2
1777266827624,27247.00,2
1777266827671,27396.00,2
1777266827716,27433.00,2
1777266827760,27542.00,2
1777266827807,27833.00,2
1777266827851,28389.00,2
1777266827894,28552.00,2
1777266827944,28696.00,2
1777266827995,28626.00,2
1777266828045,28816.00,2
1777266828089,29235.00,2
1777266828138,29419.00,2
1777266828185,29367.00,2
1777266828231,29342.00,2
1777266828282,29289.00,2
1777266828329,29158.00,2
1777266828380,29340.00,2
1777266828428,29340.00,2
1777266828487,29225.00,2
1777266828535,29374.00,2
1777266828589,29338.00,2
1777266828637,29266.00,2
1777266828697,29372.00,2
1777266828749,29297.00,2
1777266828800,29322.00,2
1777266828852,29406.00,2
1777266828908,29272.00,2
1777266828962,29447.00,2
1777266829019,29522.00,2
1777266829067,29413.00,2
1777266829119,29447.00,2
1777266829168,29375.00,2
1777266829222,29400.00,2
1777266829272,29360.00,2
1777266829335,29434.00,2
1777266829388,29704.00,2
1777266829441,29537.00,2
1777266829492,29535.00,2
1777266829610,29925.00,2
1777266829638,29760.00,2
1777266829673,29893.00,2
1777266829706,29893.00,2
1777266829739,29823.00,2
1777266829773,29823.00,2
1777266829807,29798.00,2
1777266829840,29798.00,2
1777266829873,29905.00,2
1777266829907,29907.00,2
1777266829941,29839.00,2
1777266829975,29864.00,2
1777266830010,29864.00,2
1777266830044,29889.00,2
1777266830079,29855.00,2
1777266830114,29829.00,2
1777266830150,29798.00,2
1777266830185,29792.00,2
1777266830221,29794.00,2
1777266830255,29794.00,2
1777266830291,29855.00,2
1777266830324,29863.00,2
1777266830357,29784.00,2
1777266830390,29908.00,2
1777266830444,29746.00,2
1777266830482,29730.00,2
1777266830520,29668.00,2
1777266830555,29720.00,2
1777266830592,29871.00,2
1777266830626,29919.00,2
1777266830663,29919.00,2
1777266830702,29966.00,2
1777266830741,29850.00,2
1777266830781,29785.00,2
1777266830819,29745.00,2
1777266830857,29778.00,2
1777266830897,29698.00,2
1777266830941,29842.00,2
1777266830979,29909.00,2
1777266831017,29863.00,2
1777266831055,29854.00,2
1777266831096,29882.00,2
1777266831140,29810.00,2
1777266831183,29805.00,2
1777266831222,29746.00,2
1777266831261,29718.00,2
1777266831306,29804.00,2
1777266831346,29773.00,2
1777266831385,29719.00,2
1777266831429,29775.00,2
1777266831476,29653.00,2
1777266831521,29775.00,2
1777266831565,29696.00,2
1777266831611,29703.00,2
1777266831654,29712.00,2
1777266831696,29786.00,2
1777266831740,29707.00,2
1777266831783,29786.00,2
1777266831831,29626.00,2
1777266831883,29826.00,2
1777266831931,29752.00,2
1777266831984,29864.00,2
1777266832028,29728.00,2
1777266832076,29712.00,2
1777266832120,29860.00,2
1777266832166,29625.00,2
1777266832217,29805.00,2
1777266832265,29672.00,2
1777266832315,29732.00,2
1777266832361,29807.00,2
1777266832408,29866.00,2
1777266832450,29761.00,2
1777266832497,29751.00,2
1777266832548,29776.00,2
1777266832595,29751.00,2
1777266832646,29806.00,2
1777266832696,29624.00,2
1777266832745,29707.00,2
1777266832792,29635.00,2
1777266832842,29712.00,2
1777266832891,29707.00,2
1777266832942,29888.00,2
1777266832994,29862.00,2
1777266833046,29864.00,2
1777266833107,29788.00,2
1777266833161,29711.00,2
1777266833215,29882.00,2
1777266833265,29800.00,2
1777266833319,29829.00,2
1777266833370,29674.00,2
1777266833424,29832.00,2
1777266833478,29922.00,2
1777266833528,29855.00,2
1777266833585,29747.00,2
1777266833640,29772.00,2
1777266833696,29847.00,2
1777266833753,29772.00,2
1777266833806,29722.00,2
1777266833938,29672.00,2
1777266833969,29417.00,2
1777266834000,29337.00,2
1777266834074,29258.00,2
1777266834101,29228.00,2
1777266834131,29203.00,2
1777266834163,29312.00,2
1777266834196,29167.00,2
1777266834229,29272.00,2
1777266834262,29326.00,2
1777266834295,29242.00,2
1777266834328,29326.00,2
1777266834361,29242.00,2
1777266834395,29318.00,2
1777266834427,29210.00,2
1777266834462,29160.00,2
1777266834497,29270.00,2
1777266834531,29185.00,2
1777266834567,29319.00,2
1777266834601,29532.00,2
1777266834637,29532.00,2
1777266834672,29345.00,2
1777266834709,29343.00,2
1777266834745,29399.00,2
1777266834783,29391.00,2
1777266834827,29256.00,2
1777266834865,29312.00,2
1777266834903,29369.00,2
1777266834945,29287.00,2
1777266834990,29263.00,2
1777266835037,29235.00,2
1777266835079,29328.00,2
1777266835119,29328.00,2
1777266835165,29226.00,2
1777266835203,29328.00,2
1777266835245,29277.00,2
1777266835288,29288.00,2
1777266835333,29437.00,2
1777266835374,29255.00,2
1777266835413,29306.00,2
1777266835460,29350.00,2
1777266835509,29421.00,2
1777266835548,29467.00,2
1777266835592,29467.00,2
1777266835632,29466.00,2
1777266835673,29421.00,2
1777266835716,29481.00,2
1777266835764,29450.00,2
1777266835808,29528.00,2
1777266835850,29442.00,2
1777266835897,29584.00,2
1777266835942,29353.00,2
1777266835984,29392.00,2
1777266836028,29447.00,2
1777266836069,29486.00,2
1777266836109,29550.00,2
1777266836149,29478.00,2
1777266836195,29475.00,2
1777266836237,29512.00,2
1777266836282,29511.00,2
1777266836326,29302.00,2
1777266836382,29360.00,2
1777266836426,29351.00,2
1777266836482,29483.00,2
1777266836525,29387.00,2
1777266836570,29455.00,2
1777266836615,29387.00,2
1777266836662,29455.00,2
1777266836702,29487.00,2
1777266836746,29530.00,2
1777266836793,29495.00,2
1777266836839,29579.00,2
1777266836889,29427.00,2
1777266836945,29493.00,2
1777266836990,29534.00,2
1777266837037,29547.00,2
1777266837085,29532.00,2
1777266837135,29547.00,2
1777266837181,29552.00,2
1777266837229,29546.00,2
1777266837275,29521.00,2
1777266837322,29438.00,2
1777266837371,29496.00,2
1777266837418,29352.00,2
1777266837469,29483.00,2
1777266837517,29488.00,2
1777266837586,29392.00,2
1777266837640,29443.00,2
1777266837691,29418.00,2
1777266837746,29493.00,2
1777266837801,29543.00,2
1777266837851,29433.00,2
1777266837904,29516.00,2
1777266837986,29274.00,2
1777266838017,29234.00,2
1777266838047,29318.00,2
1777266838081,29360.00,2
1777266838113,29451.00,2
1777266838147,29343.00,2
1777266838181,29159.00,2
1777266838215,29293.00,2
1777266838248,29323.00,2
1777266838283,29264.00,2
1777266838318,29348.00,2
1777266838353,29373.00,2
1777266838387,29239.00,2
1777266838425,29311.00,2
1777266838468,29206.00,2
1777266838504,29305.00,2
1777266838538,29322.00,2
1777266838574,29292.00,2
1777266838611,29263.00,2
1777266838647,29470.00,2
1777266838683,29337.00,2
1777266838720,29208.00,2
1777266838759,29292.00,2
1777266838800,29413.00,2
1777266838838,29387.00,2
1777266838876,29486.00,2
1777266838915,29660.00,2
1777266838955,29583.00,2
1777266838995,29484.00,2
1777266839040,29579.00,2
1777266839077,30036.00,2
1777266839117,29846.00,2
1777266839159,29902.00,2
1777266839200,30036.00,2
1777266839243,29930.00,2
1777266839282,29847.00,2
1777266839321,29781.00,2
1777266839360,29756.00,2
1777266839408,29945.00,2
1777266839453,29783.00,2
1777266839495,29841.00,2
1777266839538,29886.00,2
1777266839581,29940.00,2
1777266839624,29908.00,2
1777266839673,29948.00,2
1777266839723,29950.00,2
1777266839778,29902.00,2
1777266839823,29933.00,2
1777266839867,29817.00,2
1777266839912,29905.00,2
1777266839956,29957.00,2
1777266840005,29994.00,2
1777266840048,30012.00,2
1777266840093,29901.00,2
1777266840149,29859.00,2
1777266840195,29913.00,2
1777266840244,29997.00,2
1777266840289,29971.00,2
1777266840337,29946.00,2
1777266840389,29916.00,2
1777266840437,30028.00,2
1777266840480,30053.00,2
1777266840522,29945.00,2
1777266840572,29879.00,2
1777266840617,29896.00,2
1777266840663,29871.00,2
1777266840711,29936.00,2
1777266840759,29906.00,2
1777266840807,29936.00,2
1777266840852,30039.00,2
1777266840898,29950.00,2
1777266840940,30039.00,2
1777266840988,29962.00,2
1777266841036,29990.00,2
1777266841079,29875.00,2
1777266841122,29913.00,2
1777266841173,29787.00,2
1777266841218,29817.00,2
1777266841269,29878.00,2
1777266841319,29978.00,2
1777266841369,30090.00,2
1777266841414,30051.00,2
1777266841544,29604.00,2
1777266841578,29495.00,2
1777266841611,29533.00,2
1777266841644,29465.00,2
1777266841675,29432.00,2
1777266841708,29533.00,2
1777266841743,29533.00,2
1777266841776,29440.00,2
1777266841912,29042.00,2
1777266841946,29133.00,2
1777266841985,29280.00,2
1777266842018,29080.00,2
1777266842053,29055.00,2
1777266842087,29163.00,2
1777266842124,29055.00,2
1777266842159,29080.00,2
1777266842195,28972.00,2
1777266842229,29027.00,2
1777266842265,29027.00,2
1777266842305,29160.00,2
1777266842339,29102.00,2
1777266842374,29185.00,2
1777266842412,29146.00,2
1777266842449,29013.00,2
1777266842485,29052.00,2
1777266842522,29185.00,2
1777266842559,29080.00,2
1777266842597,29089.00,2
1777266842639,29097.00,2
1777266842676,29116.00,2
1777266842715,28964.00,2
1777266842753,29046.00,2
1777266842792,28958.00,2
1777266842830,28910.00,2
1777266842873,28939.00,2
1777266842911,29117.00,2
1777266842950,29142.00,2
1777266842991,29226.00,2
1777266843032,29009.00,2
1777266843081,29041.00,2
1777266843123,29147.00,2
1777266843164,29014.00,2
1777266843209,29070.00,2
1777266843246,29172.00,2
1777266843287,29177.00,2
1777266843324,29177.00,2
1777266843364,29228.00,2
1777266843409,29163.00,2
1777266843450,29117.00,2
1777266843488,29043.00,2
1777266843527,28994.00,2
1777266843570,29081.00,2
1777266843610,29180.00,2
1777266843648,29089.00,2
1777266843689,29091.00,2
1777266843730,29190.00,2
1777266843775,29183.00,2
1777266843817,29114.00,2
1777266843860,29012.00,2
1777266843908,29101.00,2
1777266843951,29099.00,2
1777266843995,29194.00,2
1777266844042,29164.00,2
1777266844086,29145.00,2
1777266844137,29100.00,2
1777266844183,29195.00,2
1777266844223,29074.00,2
1777266844269,29168.00,2
1777266844310,29211.00,2
1777266844353,29211.00,2
1777266844397,29143.00,2
1777266844443,29181.00,2
1777266844486,29224.00,2
1777266844527,29141.00,2
1777266844575,29077.00,2
1777266844618,29070.00,2
1777266844660,29074.00,2
1777266844706,29075.00,2
1777266844747,29198.00,2
1777266844791,29126.00,2
1777266844839,29251.00,2
1777266844884,29292.00,2
1777266844930,29293.00,2
1777266844983,29095.00,2
1777266845029,29117.00,2
1777266845081,29253.00,2
1777266845128,29134.00,2
1777266845177,29183.00,2
1777266845224,29077.00,2
1777266845276,29165.00,2
1777266845325,29107.00,2
1777266845375,29165.00,2
1777266845427,29081.00,2
1777266845480,29170.00,2
1777266845529,29195.00,2
1777266845585,29170.00,2
1777266845639,29145.00,2
1777266845692,29003.00,2
1777266845748,29107.00,2
1777266845797,29024.00,2
1777266845847,29082.00,2
1777266845901,29082.00,2
1777266845956,29115.00,2
1777266846009,29249.00,2
1777266846063,29066.00,2
1777266846116,29136.00,2
1777266846166,29129.00,2
1777266846222,29136.00,2
1777266846276,29115.00,2
1777266846327,29140.00,2
1777266846382,29115.00,2
1777266846438,29140.00,2
1777266846494,29191.00,2
1777266846549,29586.00,2
1777266846604,29508.00,2
1777266846679,29402.00,2
1777266846737,29402.00,2
1777266846793,29566.00,2
1777266846854,29699.00,2
1777266846918,29858.00,2
1777266846976,29888.00,2
1777266847033,29974.00,2
1777266847106,29974.00,2
1777266847165,29974.00,2
1777266847219,30070.00,2
1777266847285,30072.00,2
1777266847344,29938.00,2
1777266847402,30097.00,2
1777266847461,30056.00,2
1777266847525,30056.00,2
1777266847587,30106.00,2
1777266847647,29924.00,2
1777266847704,29969.00,2
1777266847767,30014.00,2
1777266847822,29975.00,2
1777266847879,29930.00,2
1777266847940,29928.00,2
1777266847994,29910.00,2
1777266848051,29970.00,2
1777266848112,29901.00,2
1777266848165,29867.00,2
1777266848222,29893.00,2
1777266848279,29849.00,2
1777266848331,29867.00,2
1777266848387,29937.00,2
1777266848440,29746.00,2
1777266848499,29803.00,2
1777266848565,29733.00,2
1777266848622,29740.00,2
1777266848676,29693.00,2
1777266848732,29740.00,2
1777266848787,29832.00,2
1777266848840,29711.00,2
1777266848896,29633.00,2
1777266848950,29708.00,2
1777266849006,29717.00,2
1777266849061,29829.00,2
1777266849117,29920.00,2
1777266849171,29732.00,2
1777266849225,29783.00,2
1777266849279,29674.00,2
1777266849333,29825.00,2
1777266849404,29825.00,2
1777266849459,29782.00,2
1777266849510,29792.00,2
1777266849564,29769.00,2
1777266849623,29810.00,2
1777266849675,29786.00,2
1777266849730,29736.00,2
1777266849791,29779.00,2
1777266849843,29628.00,2
1777266849898,29760.00,2
1777266849953,29810.00,2
1777266850006,29733.00,2
1777266850060,29677.00,2
1777266850111,29638.00,2
1777266850164,29823.00,2
1777266850216,29746.00,2
1777266850267,29663.00,2
1777266850322,29745.00,2
1777266850372,29712.00,2
1777266850424,29770.00,2
1777266850474,29637.00,2
1777266850527,29737.00,2
1777266850577,29704.00,2
1777266850634,29762.00,2
1777266850688,29737.00,2
1777266850739,29644.00,2
1777266850792,29777.00,2
1777266850849,29644.00,2
1777266850908,29702.00,2
1777266850962,29713.00,2
1777266851016,29763.00,2
1777266851082,29738.00,2
1777266851137,29713.00,2
1777266851190,29816.00,2
1777266851239,29836.00,2
1777266851292,29736.00,2
1777266851345,29870.00,2
1777266851397,29798.00,2
1777266851451,29907.00,2
1777266851510,29798.00,2
1777266851563,29746.00,2
1777266851618,29849.00,2
1777266851669,29790.00,2
1777266851722,29765.00,2
1777266851774,29624.00,2
1777266851828,29599.00,2
1777266851880,29707.00,2
1777266851930,29841.00,2
1777266851983,29816.00,2
1777266852033,29747.00,2
1777266852089,29772.00,2
1777266852142,29664.00,2
1777266852196,29747.00,2
1777266852247,29642.00,2
1777266852301,29834.00,2
1777266852355,29833.00,2
1777266852406,29798.00,2
1777266852459,29798.00,2
1777266852512,29690.00,2
1777266852565,29748.00,2
1777266852623,29711.00,2
1777266852672,29791.00,2
1777266852728,29741.00,2
1777266852782,29686.00,2
1777266852838,29795.00,2
1777266852893,29849.00,2
1777266852943,29740.00,2
1777266852995,29849.00,2
1777266853049,29790.00,2
1777266853102,29906.00,2
1777266853154,29965.00,2
1777266853204,29881.00,2
1777266853260,29856.00,2
1777266853311,29823.00,2
1777266853365,29798.00,2
1777266853418,29907.00,2
1777266853468,29823.00,2
1777266853524,30049.00,2
1777266853582,29941.00,2
1777266853636,29916.00,2
1777266853688,30049.00,2
1777266853738,30025.00,2
1777266853791,29950.00,2
1777266853840,30000.00,2
1777266853896,29950.00,2
1777266853949,29998.00,2
1777266853999,29998.00,2
1777266854051,29998.00,2
1777266854102,29889.00,2
1777266854155,30056.00,2
1777266854206,29935.00,2
1777266854259,30019.00,2
1777266854312,30044.00,2
1777266854362,30133.00,2
1777266854415,30083.00,2
1777266854465,29975.00,2
1777266854519,30083.00,2
1777266854571,30000.00,2
1777266854627,29950.00,2
1777266854681,30083.00,2
1777266854729,30025.00,2
1777266854781,30006.00,2
1777266854832,30000.00,2
1777266854885,30000.00,2
1777266854935,29975.00,2
1777266854989,30064.00,2
1777266855045,29955.00,2
1777266855097,30039.00,2
1777266855149,30064.00,2
1777266855199,29956.00,2
1777266855256,30015.00,2
1777266855311,30040.00,2
1777266855363,30015.00,2
1777266855418,30000.00,2
1777266855470,30108.00,2
1777266855519,30025.00,2
1777266855574,30083.00,2
1777266855625,30025.00,2
1777266855677,30000.00,2
1777266855727,30000.00,2
1777266855780,30000.00,2
1777266855831,30058.00,2
1777266855894,30033.00,2
1777266855947,30033.00,2
1777266855996,29924.00,2
1777266856049,30123.00,2
1777266856101,30269.00,2
1777266856150,30186.00,2
1777266856206,30136.00,2
1777266856258,30168.00,2
1777266856310,30143.00,2
1777266856359,30046.00,2
1777266856411,30143.00,2
1777266856463,30148.00,2
1777266856513,30173.00,2
1777266856566,30148.00,2
1777266856616,30090.00,2
1777266856670,30108.00,2
1777266856724,29975.00,2
1777266856777,30083.00,2
1777266856830,30133.00,2
1777266856880,30112.00,2
1777266856935,30145.00,2
1777266856984,30087.00,2
1777266857036,30145.00,2
1777266857087,30114.00,2
1777266857146,30147.00,2
1777266857200,30147.00,2
1777266857253,30172.00,2
1777266857307,30166.00,2
1777266857359,30160.00,2
1777266857414,30141.00,2
1777266857467,30116.00,2
1777266857516,30186.00,2
1777266857567,30186.00,2
1777266857620,30028.00,2
1777266857673,30136.00,2
1777266857723,30113.00,2
1777266857775,30171.00,2
1777266857827,30196.00,2
1777266857877,30088.00,2
1777266857929,30226.00,2
1777266857987,30142.00,2
1777266858040,30225.00,2
1777266858092,30250.00,2
1777266858143,30116.00,2
1777266858203,30149.00,2
1777266858254,30116.00,2
1777266858307,30149.00,2
1777266858359,30195.00,2
1777266858407,30087.00,2
1777266858461,30170.00,2
1777266858511,30087.00,2
1777266858568,30252.00,2
1777266858624,30120.00,2
1777266858678,30095.00,2
1777266858730,30203.00,2
1777266858779,30084.00,2
1777266858833,30142.00,2
1777266858883,30109.00,2
1777266858937,30059.00,2
1777266858990,30162.00,2
1777266859039,30079.00,2
1777266859096,30176.00,2
1777266859147,30029.00,2
1777266859202,30204.00,2
1777266859254,30254.00,2
1777266859303,30171.00,2
1777266859357,30204.00,2
1777266859409,30121.00,2
1777266859466,30071.00,2
1777266859517,30146.00,2
1777266859572,30179.00,2
1777266859625,30224.00,2
1777266859686,30066.00,2
1777266859741,30174.00,2
1777266859798,30097.00,2
1777266859848,30104.00,2
1777266859902,30054.00,2
1777266859957,30187.00,2
1777266860165,30079.00,2
1777266860197,29551.00,2
1777266860225,29223.00,2
1777266860255,29307.00,2
1777266860287,29223.00,2
1777266860319,29198.00,2
1777266860351,29332.00,2
1777266860388,29223.00,2
1777266860421,29332.00,2
1777266860454,29248.00,2
1777266860487,29223.00,2
1777266860521,29332.00,2
1777266860555,29248.00,2
1777266860589,29198.00,2
1777266860623,29307.00,2
1777266860658,29240.00,2
1777266860693,29215.00,2
1777266860726,29349.00,2
1777266860761,29265.00,2
1777266860796,29240.00,2
1777266860831,29324.00,2
1777266860867,29223.00,2
1777266860904,29260.00,2
1777266860939,29198.00,2
1777266861005,29332.00,2
1777266861044,29332.00,2
1777266861079,29223.00,2
1777266861116,29223.00,2
1777266861150,29332.00,2
1777266861188,29248.00,2
1777266861225,29198.00,2
1777266861261,29307.00,2
1777266861299,29263.00,2
1777266861336,29238.00,2
1777266861377,29213.00,2
1777266861417,29372.00,2
1777266861454,29213.00,2
1777266861493,29192.00,2
1777266861531,29084.00,2
1777266861569,29192.00,2
1777266861611,29326.00,2
1777266861648,29217.00,2
1777266861684,29191.00,2
1777266861723,29250.00,2
1777266861760,29141.00,2
1777266861798,29008.00,2
1777266861838,29116.00,2
1777266861882,29200.00,2
1777266861920,29268.00,2
1777266861958,29268.00,2
1777266862000,29354.00,2
1777266862041,29268.00,2
1777266862086,29327.00,2
1777266862127,29203.00,2
1777266862168,29070.00,2
1777266862213,29285.00,2
1777266862252,29287.00,2
1777266862292,29203.00,2
1777266862334,29117.00,2
1777266862380,29175.00,2
1777266862421,29334.00,2
1777266862463,29225.00,2
1777266862506,29200.00,2
1777266862552,29213.00,2
1777266862593,29238.00,2
1777266862636,29322.00,2
1777266862682,29347.00,2
1777266862723,29347.00,2
1777266862764,29257.00,2
1777266862807,29232.00,2
1777266862846,29230.00,2
1777266862885,29337.00,2
1777266862925,29203.00,2
1777266862969,29187.00,2
1777266863020,29183.00,2
1777266863062,29080.00,2
1777266863110,29279.00,2
1777266863155,29295.00,2
1777266863198,29247.00,2
1777266863243,29320.00,2
1777266863286,29297.00,2
1777266863335,29131.00,2
1777266863383,29183.00,2
1777266863428,29066.00,2
1777266863474,29317.00,2
1777266863516,29282.00,2
1777266863560,29158.00,2
1777266863605,29169.00,2
1777266863653,29272.00,2
1777266863697,29313.00,2
1777266863748,29401.00,2
1777266863796,29363.00,2
1777266863846,29306.00,2
1777266863892,29382.00,2
1777266863939,29305.00,2
1777266863983,29298.00,2
1777266864029,29199.00,2
1777266864077,29263.00,2
1777266864125,29206.00,2
1777266864172,29088.00,2
1777266864224,29216.00,2
1777266864270,29178.00,2
1777266864320,29352.00,2
1777266864367,29255.00,2
1777266864433,29274.00,2
1777266864484,29347.00,2
1777266864530,29372.00,2
1777266864581,29347.00,2
1777266864642,29261.00,2
1777266864693,29346.00,2
1777266864744,29396.00,2
1777266864793,29262.00,2
1777266864855,29346.00,2
1777266864905,29223.00,2
1777266864962,29198.00,2
1777266865022,29307.00,2
1777266865083,29499.00,2
1777266865141,29775.00,2
1777266865208,29841.00,2
1777266865289,29804.00,2
1777266865361,30000.00,2
1777266865423,30134.00,2
1777266865496,30267.00,2
1777266865560,30072.00,2
1777266865624,30216.00,2
1777266865705,30318.00,2
1777266865770,30163.00,2
1777266865835,30344.00,2
1777266865919,30455.00,2
1777266865984,30200.00,2
1777266866056,30333.00,2
1777266866137,30401.00,2
1777266866203,30243.00,2
1777266866270,30422.00,2
1777266866342,30601.00,2
1777266866408,30330.00,2
1777266866478,30488.00,2
1777266866550,30659.00,2
1777266866617,30405.00,2
1777266866688,30514.00,2
1777266866760,30411.00,2
1777266866823,30372.00,2
1777266866886,30268.00,2
1777266866967,29934.00,2
1777266867031,29980.00,2
1777266867094,29878.00,2
1777266867305,28620.00,2
1777266867342,28921.00,2
1777266867389,29028.00,2
1777266867430,29273.00,2
1777266867470,29361.00,2
1777266867504,29118.00,2
1777266867538,28999.00,2
1777266867575,28986.00,2
1777266867610,28968.00,2
1777266867646,29066.00,2
1777266867681,28905.00,2
1777266867717,28645.00,2
1777266867752,28634.00,2
1777266867788,28540.00,2
1777266867824,28483.00,2
1777266867860,28500.00,2
1777266867896,28551.00,2
1777266867933,28402.00,2
1777266867972,28388.00,2
1777266868010,28258.00,2
1777266868048,28290.00,2
1777266868084,28153.00,2
1777266868123,28252.00,2
1777266868161,27983.00,2
1777266868195,27949.00,2
1777266868228,27892.00,2
1777266868265,27844.00,2
1777266868303,27839.00,2
1777266868341,27938.00,2
1777266868382,27593.00,2
1777266868420,27588.00,2
1777266868458,27504.00,2
1777266868497,27496.00,2
1777266868536,27463.00,2
1777266868577,27295.00,2
1777266868618,27406.00,2
1777266868657,27237.00,2
1777266868699,27276.00,2
1777266868739,27153.00,2
1777266868779,26876.00,2
1777266868821,26822.00,2
1777266868861,26813.00,2
1777266868900,26867.00,2
1777266868941,26824.00,2
1777266868983,26556.00,2
1777266869030,26519.00,2
1777266869073,26451.00,2
1777266869113,26466.00,2
1777266869155,26538.00,2
1777266869194,26217.00,2
1777266869241,26142.00,2
1777266869284,26245.00,2
1777266869325,26099.00,2
1777266869369,26165.00,2
1777266869410,25874.00,2
1777266869452,25918.00,2
1777266869496,25852.00,2
1777266869539,25870.00,2
1777266869583,25747.00,2
1777266869628,25562.00,2
1777266869680,25502.00,2
1777266869727,25387.00,2
1777266869774,25404.00,2
1777266869821,25496.00,2
1777266869864,25226.00,2
1777266869907,25253.00,2
1777266869950,25186.00,2
1777266869994,25068.00,2
1777266870037,24933.00,2
1777266870085,24907.00,2
1777266870130,24838.00,2
1777266870176,24692.00,2
1777266870220,24791.00,2
1777266870265,24574.00,2
1777266870310,24644.00,2
1777266870355,24408.00,2
1777266870403,24239.00,2
1777266870452,24314.00,2
1777266870499,24146.00,2
1777266870550,23923.00,2
1777266870600,23770.00,2
1777266870648,23860.00,2
1777266870694,23766.00,2
1777266870741,23514.00,2
1777266870789,23599.00,2
1777266870835,23309.00,2
1777266870883,23238.00,2
1777266870930,23276.00,2
1777266870980,23090.00,2
1777266871033,22934.00,2
1777266871085,22982.00,2
1777266871147,22887.00,2
1777266871198,22808.00,2
1777266871246,22556.00,2
1777266871295,22656.00,2
1777266871353,22483.00,2
1777266871404,22251.00,2
1777266871456,22094.00,2
1777266871506,22184.00,2
1777266871569,22054.00,2
1777266871623,21825.00,2
1777266871676,21664.00,2
1777266872320,15753.00,2
1777266872864,15223.00,2
1777266873313,15202.00,2
1777266873361,15253.00,2
1777266873411,15368.00,2
1777266873460,15619.00,2
1777266873511,15809.00,2
1777266873562,15935.00,2
1777266873773,16189.00,2
1777266873815,15817.00,2
1777266873856,15971.00,2
1777266873893,16288.00,2
1777266873935,16540.00,2
1777266873977,16782.00,2
1777266874020,17083.00,2
1777266874063,17285.00,2
1777266874105,17559.00,2
1777266874147,17751.00,2
1777266874193,18065.00,2
1777266874239,18395.00,2
1777266874280,18574.00,2
1777266874333,18608.00,2
1777266874376,18607.00,2
1777266874416,18593.00,2
1777266874454,18528.00,2
1777266874497,18547.00,2
1777266874538,18541.00,2
1777266874578,18504.00,2
1777266874621,18528.00,2
1777266874660,18473.00,2
1777266874706,18518.00,2
1777266874754,18495.00,2
1777266874797,18470.00,2
1777266874837,18476.00,2
1777266874876,18644.00,2
1777266874921,18632.00,2
1777266874960,18576.00,2
1777266875004,18623.00,2
1777266875043,18621.00,2
1777266875081,18538.00,2
1777266875123,18558.00,2
1777266875165,18539.00,2
1777266875206,18523.00,2
1777266875245,18520.00,2
1777266875285,18487.00,2
1777266875324,18658.00,2
1777266875364,18644.00,2
1777266875403,18591.00,2
1777266875445,18591.00,2
1777266875489,18580.00,2
1777266875532,18551.00,2
1777266875574,18547.00,2
1777266875617,18691.00,2
1777266875659,18655.00,2
1777266875700,18643.00,2
1777266875742,18640.00,2
1777266875784,18626.00,2
1777266875827,18622.00,2
1777266875872,18586.00,2
1777266875916,18625.00,2
1777266875960,18517.00,2
1777266876009,18548.00,2
1777266876052,18653.00,2
1777266876101,18728.00,2
1777266876144,18692.00,2
1777266876190,18611.00,2
1777266876234,18600.00,2
1777266876279,18579.00,2
1777266876323,18568.00,2
1777266876369,18737.00,2
1777266876417,18733.00,2
1777266876465,18683.00,2
1777266876511,18717.00,2
1777266876557,18660.00,2
1777266876603,18656.00,2
1777266876650,18602.00,2
1777266876698,18759.00,2
1777266876743,18867.00,2
1777266876792,19179.00,2
1777266876839,19347.00,2
1777266876886,19503.00,2
1777266876934,19664.00,2
1777266876992,19916.00,2
1777266877040,20178.00,2
1777266877089,20376.00,2
1777266877138,20554.00,2
1777266877188,20718.00,2
1777266877237,20995.00,2
1777266877287,21021.00,2
1777266877338,21192.00,2
1777266877392,21105.00,2
1777266877445,21457.00,2
1777266877499,21647.00,2
1777266877551,21830.00,2
1777266877606,22014.00,2
1777266877658,22356.00,2
1777266877710,22545.00,2
1777266877763,22725.00,2
1777266877816,22903.00,2
1777266877869,23246.00,2
1777266877923,23288.00,2
1777266877977,23469.00,2
1777266878032,23621.00,2
1777266878087,23904.00,2
1777266878143,24148.00,2
1777266878199,24331.00,2
1777266878264,24568.00,2
1777266878321,24838.00,2
1777266878380,24861.00,2
1777266878442,24665.00,2
1777266878502,24169.00,2
1777266878562,23957.00,2
1777266878622,23710.00,2
1777266878686,23932.00,2
1777266878747,24156.00,2
1777266878807,24364.00,2
1777266878871,23872.00,2
1777266878931,23283.00,2
1777266878989,23075.00,2
1777266879046,22887.00,2
1777266879107,22342.00,2
1777266879165,22131.00,2
1777266879223,21816.00,2
1777266879280,21283.00,2
1777266879336,21324.00,2
1777266879389,21260.00,2
1777266879444,21230.00,2
1777266879497,21251.00,2
1777266879554,21270.00,2
1777266879607,21171.00,2
1777266879662,21269.00,2
1777266879716,21260.00,2
1777266879767,21212.00,2
1777266879825,21127.00,2
1777266879878,21155.00,2
1777266879940,21204.00,2
1777266879993,21096.00,2
1777266880048,21131.00,2
1777266880101,21227.00,2
1777266880154,21103.00,2
1777266880206,21065.00,2
1777266880262,21107.00,2
1777266880315,21040.00,2
1777266880373,21106.00,2
1777266880424,21098.00,2
1777266880482,20971.00,2
1777266880542,21040.00,2
1777266880597,21084.00,2
1777266880654,20920.00,2
1777266880710,20993.00,2
1777266880763,21034.00,2
1777266880820,20965.00,2
1777266880875,20897.00,2
1777266880930,20911.00,2
1777266880998,20846.00,2
1777266881052,20956.00,2
1777266881120,20940.00,2
1777266881174,20815.00,2
1777266881249,20871.00,2
1777266881303,20853.00,2
1777266881518,20294.00,2
1777266881551,20138.00,2
1777266881580,20156.00,2
1777266881614,20190.00,2
1777266881653,20490.00,2
1777266881692,20728.00,2
1777266881729,20868.00,2
1777266881763,20745.00,2
1777266881797,20871.00,2
1777266881829,20797.00,2
1777266881862,20738.00,2
1777266881912,20725.00,2
1777266881946,20827.00,2
1777266881990,20859.00,2
1777266882023,20794.00,2
1777266882059,20717.00,2
1777266882099,20863.00,2
1777266882138,20835.00,2
1777266882178,20822.00,2
1777266882215,20809.00,2
1777266882253,20750.00,2
1777266882290,20852.00,2
1777266882330,20846.00,2
1777266882368,20768.00,2
1777266882408,20762.00,2
1777266882446,20931.00,2
1777266882482,20839.00,2
1777266882520,20813.00,2
1777266882562,20928.00,2
1777266882603,20885.00,2
1777266882643,20831.00,2
1777266882686,20857.00,2
1777266882726,20824.00,2
1777266882765,20968.00,2
1777266882806,20891.00,2
1777266882848,20874.00,2
1777266882890,20845.00,2
1777266882933,20986.00,2
1777266882974,20902.00,2
1777266883017,20907.00,2
1777266883061,20943.00,2
1777266883103,21104.00,2
1777266883145,21010.00,2
1777266883187,20928.00,2
1777266883231,20925.00,2
1777266883274,21100.00,2
1777266883316,21084.00,2
1777266883357,21024.00,2
1777266883398,20906.00,2
1777266883441,21095.00,2
1777266883481,21074.00,2
1777266883520,21069.00,2
1777266883558,21148.00,2
1777266883598,21111.00,2
1777266883636,21195.00,2
1777266883679,21149.00,2
1777266883720,21077.00,2
1777266883762,21241.00,2
1777266883806,21181.00,2
1777266883857,21082.00,2
1777266883908,21083.00,2
1777266883959,21061.00,2
1777266884017,21089.00,2
1777266884063,21256.00,2
1777266884121,21224.00,2
1777266884172,21149.00,2
1777266884223,21188.00,2
1777266884268,21152.00,2
1777266884324,21148.00,2
1777266884367,21140.00,2
1777266884410,21120.00,2
1777266884456,21272.00,2
1777266884506,21224.00,2
1777266884552,21147.00,2
1777266884599,21229.00,2
1777266884644,21202.00,2
1777266884687,21177.00,2
1777266884731,21327.00,2
1777266884775,21344.00,2
1777266884820,21261.00,2
1777266884864,21232.00,2
1777266884911,21193.00,2
1777266884960,21349.00,2
1777266885009,21352.00,2
1777266885056,21343.00,2
1777266885103,21331.00,2
1777266885149,21307.00,2
1777266885196,21330.00,2
1777266885245,21297.00,2
1777266885290,21252.00,2
1777266885336,21209.00,2
1777266885382,21370.00,2
1777266885431,21432.00,2
1777266885477,21329.00,2
1777266885526,21329.00,2
1777266885571,21259.00,2
1777266885621,21301.00,2
1777266885668,21489.00,2
1777266885714,21389.00,2
1777266885764,21408.00,2
1777266885813,21362.00,2
1777266885861,21431.00,2
1777266885912,21436.00,2
1777266885967,21310.00,2
1777266886016,21501.00,2
1777266886067,21523.00,2
1777266886114,21408.00,2
1777266886165,21458.00,2
1777266886214,21411.00,2
1777266886264,21567.00,2
1777266886314,21590.00,2
1777266886365,21532.00,2
1777266886416,21714.00,2
1777266886470,21883.00,2
1777266886529,22183.00,2
1777266886580,22049.00,2
1777266886643,22017.00,2
1777266886695,21545.00,2
1777266886745,21455.00,2
1777266886795,21446.00,2
1777266886846,21526.00,2
1777266886893,21407.00,2
1777266886943,21500.00,2
1777266887007,21488.00,2
1777266887066,21462.00,2
1777266887121,21476.00,2
1777266887176,21385.00,2
1777266887224,21424.00,2
1777266887278,21370.00,2
1777266887329,21346.00,2
1777266887380,21438.00,2
1777266887439,21300.00,2
1777266887491,21380.00,2
1777266887544,21363.00,2
1777266887595,21321.00,2
1777266887649,21413.00,2
1777266887699,21382.00,2
1777266887750,21367.00,2
1777266887805,21306.00,2
1777266887856,21258.00,2
1777266887920,21204.00,2
1777266887970,21295.00,2
1777266888020,21293.00,2
1777266888067,21320.00,2
1777266888115,21353.00,2
1777266888165,21358.00,2
1777266888215,21393.00,2
1777266888267,21219.00,2
1777266888319,21253.00,2
1777266888368,21280.00,2
1777266888416,21331.00,2
1777266888467,21172.00,2
1777266888516,21196.00,2
1777266888565,21270.00,2
1777266888617,21251.00,2
1777266888668,21169.00,2
1777266888728,21241.00,2
1777266888779,21249.00,2
1777266888830,21253.00,2
1777266888880,21350.00,2
1777266888946,21187.00,2
1777266888996,21123.00,2
1777266889047,21183.00,2
1777266889097,21173.00,2
1777266889146,21354.00,2
1777266889194,21391.00,2
1777266889243,21324.00,2
1777266889290,21302.00,2
1777266889344,21345.00,2
1777266889392,21113.00,2
1777266889442,21191.00,2
1777266889491,21187.00,2
1777266889539,21254.00,2
1777266889588,21198.00,2
1777266889637,21196.00,2
1777266889685,21202.00,2
1777266889736,21224.00,2
1777266889787,21241.00,2
1777266889836,21267.00,2
1777266889884,21296.00,2
1777266889933,21287.00,2
1777266889985,21134.00,2
1777266890035,21126.00,2
1777266890085,21128.00,2
1777266890133,21096.00,2
1777266890197,21164.00,2
1777266890263,21166.00,2
1777266890324,21070.00,2
1777266890380,21100.00,2
1777266890432,21161.00,2
1777266890483,21253.00,2
1777266890536,21217.00,2
1777266890588,21189.00,2
1777266890640,21197.00,2
1777266890690,21234.00,2
1777266890740,21092.00,2
1777266890798,21092.00,2
1777266890850,21088.00,2
1777266890901,21111.00,2
1777266890950,21180.00,2
1777266890999,21067.00,2
1777266891248,20388.00,2
1777266891285,20151.00,2
1777266891320,20301.00,2
1777266891351,20319.00,2
1777266891389,20473.00,2
1777266891429,20704.00,2
1777266891470,21006.00,2
1777266891509,21051.00,2
1777266891543,20961.00,2
1777266891580,21116.00,2
1777266891617,21012.00,2
1777266891655,20969.00,2
1777266891691,21097.00,2
1777266891730,21102.00,2
1777266891766,20966.00,2
1777266891803,21110.00,2
1777266891841,21080.00,2
1777266891878,21053.00,2
1777266891914,21034.00,2
1777266891950,21132.00,2
1777266891990,21116.00,2
1777266892028,21067.00,2
1777266892064,21175.00,2
1777266892102,21108.00,2
1777266892141,21027.00,2
1777266892180,21191.00,2
1777266892216,21196.00,2
1777266892257,21083.00,2
1777266892296,20996.00,2
1777266892337,21260.00,2
1777266892381,21217.00,2
1777266892420,21141.00,2
1777266892462,21156.00,2
1777266892505,21300.00,2
1777266892546,21322.00,2
1777266892587,21256.00,2
1777266892622,21155.00,2
1777266892660,21321.00,2
1777266892697,21253.00,2
1777266892738,21220.00,2
1777266892782,21202.00,2
1777266892824,21229.00,2
1777266892865,21374.00,2
1777266892903,21282.00,2
1777266892953,21193.00,2
1777266892996,21164.00,2
1777266893042,21164.00,2
1777266893084,21144.00,2
1777266893127,21316.00,2
1777266893174,21302.00,2
1777266893216,21317.00,2
1777266893258,21314.00,2
1777266893302,21271.00,2
1777266893348,21242.00,2
1777266893406,21258.00,2
1777266893459,21233.00,2
1777266893511,21260.00,2
1777266893562,21273.00,2
1777266893608,21302.00,2
1777266893651,21271.00,2
1777266893696,21255.00,2
1777266893740,21408.00,2
1777266893786,21388.00,2
1777266893831,21344.00,2
1777266893875,21271.00,2
1777266893920,21309.00,2
1777266893965,21414.00,2
1777266894010,21439.00,2
1777266894054,21355.00,2
1777266894100,21351.00,2
1777266894146,21329.00,2
1777266894193,21330.00,2
1777266894240,21310.00,2
1777266894285,21378.00,2
1777266894331,21317.00,2
1777266894379,21366.00,2
1777266894427,21287.00,2
1777266894474,21277.00,2
1777266894519,21293.00,2
1777266894567,21282.00,2
1777266894613,21283.00,2
1777266894657,21264.00,2
1777266894702,21423.00,2
1777266894747,21393.00,2
1777266894794,21391.00,2
1777266894844,21355.00,2
1777266894892,21361.00,2
1777266894944,21399.00,2
1777266894990,21329.00,2
1777266895040,21409.00,2
1777266895085,21383.00,2
1777266895132,21420.00,2
1777266895180,21366.00,2
1777266895227,21358.00,2
1777266895275,21525.00,2
1777266895329,21412.00,2
1777266895388,21419.00,2
1777266895440,21389.00,2
1777266895491,21418.00,2
1777266895544,21356.00,2
1777266895601,21463.00,2
1777266895654,21417.00,2
1777266895726,21245.00,2
1777266895777,21271.00,2
1777266895829,21320.00,2
1777266895878,21325.00,2
1777266895930,21259.00,2
1777266895982,21355.00,2
1777266896040,21321.00,2
1777266896097,21493.00,2
1777266896152,21753.00,2
1777266896216,22021.00,2
1777266896267,22193.00,2
1777266896326,22123.00,2
1777266896378,22080.00,2
1777266896430,21691.00,2
1777266896482,21561.00,2
1777266896533,21525.00,2
1777266896583,21454.00,2
1777266896633,21488.00,2
1777266896687,21427.00,2
1777266896743,21384.00,2
1777266896796,21373.00,2
1777266896847,21414.00,2
1777266896896,21484.00,2
1777266896949,21402.00,2
1777266896999,21423.00,2
1777266897049,21422.00,2
1777266897099,21355.00,2
1777266897148,21420.00,2
1777266897200,21427.00,2
1777266897252,21340.00,2
1777266897301,21406.00,2
1777266897351,21400.00,2
1777266897401,21427.00,2
1777266897449,21238.00,2
1777266897501,21307.00,2
1777266897553,21336.00,2
1777266897602,21305.00,2
1777266897654,21219.00,2
1777266897702,21245.00,2
1777266897752,21315.00,2
1777266897803,21336.00,2
1777266897858,21176.00,2
1777266897922,21225.00,2
1777266897974,21326.00,2
1777266898023,21153.00,2
1777266898212,20783.00,2
1777266898240,20618.00,2
1777266898279,20774.00,2
1777266898320,21031.00,2
1777266898350,21223.00,2
1777266898382,21223.00,2
1777266898414,21317.00,2
1777266898448,21281.00,2
1777266898483,21234.00,2
1777266898516,21322.00,2
1777266898550,21241.00,2
1777266898584,21184.00,2
1777266898618,21274.00,2
1777266898653,21290.00,2
1777266898686,21242.00,2
1777266898720,21191.00,2
1777266898755,21169.00,2
1777266898790,21260.00,2
1777266898826,21259.00,2
1777266898860,21255.00,2
1777266898896,21199.00,2
1777266898931,21198.00,2
1777266898967,21334.00,2
1777266899002,21232.00,2
1777266899039,21222.00,2
1777266899076,21257.00,2
1777266899112,21353.00,2
1777266899149,21332.00,2
1777266899185,21276.00,2
1777266899221,21280.00,2
1777266899257,21194.00,2
1777266899294,21395.00,2
1777266899330,21325.00,2
1777266899368,21328.00,2
1777266899404,21271.00,2
1777266899442,21254.00,2
1777266899480,21352.00,2
1777266899520,21321.00,2
1777266899560,21324.00,2
1777266899598,21299.00,2
1777266899635,21243.00,2
1777266899673,21196.00,2
1777266899715,21347.00,2
1777266899755,21353.00,2
1777266899795,21350.00,2
1777266899835,21356.00,2
1777266899875,21334.00,2
1777266899913,21267.00,2
1777266899955,21420.00,2
1777266899997,21439.00,2
1777266900036,21309.00,2
1777266900078,21337.00,2
1777266900117,21312.00,2
1777266900159,21313.00,2
1777266900198,21225.00,2
1777266900242,21374.00,2
1777266900282,21368.00,2
1777266900324,21410.00,2
1777266900366,21415.00,2
1777266900407,21357.00,2
1777266900449,21474.00,2
1777266900490,21378.00,2
1777266900532,21417.00,2
1777266900574,21396.00,2
1777266900615,21523.00,2
1777266900654,21484.00,2
1777266900693,21453.00,2
1777266900732,21549.00,2
1777266900773,21512.00,2
1777266900816,21488.00,2
1777266900858,21414.00,2
1777266900899,21436.00,2
1777266900939,21558.00,2
1777266900981,21504.00,2
1777266901025,21487.00,2
1777266901068,21422.00,2
1777266901113,21598.00,2
1777266901158,21545.00,2
1777266901205,21491.00,2
1777266901249,21471.00,2
1777266901297,21418.00,2
1777266901341,21556.00,2
1777266901384,21542.00,2
1777266901428,21546.00,2
1777266901473,21517.00,2
1777266901520,21481.00,2
1777266901568,21460.00,2
1777266901621,21464.00,2
1777266901669,21493.00,2
1777266901720,21510.00,2
1777266901768,21447.00,2
1777266901815,21631.00,2
1777266901859,21574.00,2
1777266901905,21613.00,2
1777266901950,21605.00,2
1777266901998,21586.00,2
1777266902045,21557.00,2
1777266902091,21582.00,2
1777266902137,21578.00,2
1777266902182,21513.00,2
1777266902229,21540.00,2
1777266902276,21512.00,2
1777266902327,21487.00,2
1777266902376,21480.00,2
1777266902424,21532.00,2
1777266902474,21522.00,2
1777266902521,21685.00,2
1777266902569,21665.00,2
1777266902619,21662.00,2
1777266902676,21600.00,2
1777266902726,21671.00,2
1777266902775,21664.00,2
1777266902824,21706.00,2
1777266902883,21732.00,2
1777266902933,21636.00,2
1777266902985,21707.00,2
1777266903034,21657.00,2
1777266903096,21640.00,2
1777266903148,21901.00,2
1777266903199,22071.00,2
1777266903251,22083.00,2
1777266903308,21877.00,2
1777266903358,21644.00,2
1777266903408,21586.00,2
1777266903459,21665.00,2
1777266903518,21597.00,2
1777266903569,21639.00,2
1777266903619,21613.00,2
1777266903668,21633.00,2
1777266903725,21604.00,2
1777266903775,21563.00,2
1777266903826,21519.00,2
1777266903876,21607.00,2
1777266903937,21520.00,2
1777266903987,21532.00,2
1777266904038,21507.00,2
1777266904089,21545.00,2
1777266904149,21464.00,2
1777266904199,21496.00,2
1777266904250,21467.00,2
1777266904299,21486.00,2
1777266904354,21563.00,2
1777266904405,21451.00,2
1777266904457,21491.00,2
1777266904508,21428.00,2
1777266904570,21438.00,2
1777266904620,21428.00,2
1777266904671,21435.00,2
1777266904721,21464.00,2
1777266904781,21476.00,2
1777266904831,21341.00,2
1777266904882,21403.00,2
1777266904932,21489.00,2
1777266904985,21302.00,2
1777266905036,21388.00,2
1777266905087,21388.00,2
1777266905138,21421.00,2
1777266905196,21368.00,2
1777266905245,21324.00,2
1777266905297,21373.00,2
1777266905350,21403.00,2
1777266905406,21293.00,2
1777266905457,21279.00,2
1777266905508,21380.00,2
1777266905559,21235.00,2
1777266905615,21259.00,2
1777266905666,21287.00,2
1777266905715,21323.00,2
1777266905765,21262.00,2
1777266905830,21263.00,2
1777266905881,21269.00,2
1777266905935,21254.00,2
1777266905985,21291.00,2
1777266906038,21287.00,2
1777266906088,21334.00,2
1777266906140,21213.00,2
1777266906190,21223.00,2
1777266906244,21258.00,2
1777266906293,21238.00,2
1777266906345,21273.00,2
1777266906394,21191.00,2
1777266906457,21150.00,2
1777266906508,21167.00,2
1777266906559,21222.00,2
1777266906608,21241.00,2
1777266906668,21202.00,2
1777266906720,21200.00,2
1777266906770,21286.00,2
1777266906819,21236.00,2
1777266906880,21302.00,2
1777266906930,21049.00,2
1777266906980,21101.00,2
1777266907030,21128.00,2
1777266907081,21138.00,2
1777266907131,21143.00,2
1777266907181,21215.00,2
1777266907233,21136.00,2
1777266907460,21193.00,2
1777266907490,20423.00,2
1777266907525,20749.00,2
1777266907564,20984.00,2
1777266907599,21081.00,2
1777266907631,21170.00,2
1777266907669,21158.00,2
1777266907701,21158.00,2
1777266907735,21086.00,2
1777266907771,21183.00,2
1777266907805,21138.00,2
1777266907837,21233.00,2
1777266907871,21178.00,2
1777266907907,21208.00,2
1777266907941,21264.00,2
1777266907976,21210.00,2
1777266908010,21184.00,2
1777266908043,21281.00,2
1777266908079,21216.00,2
1777266908114,21076.00,2
1777266908151,21270.00,2
1777266908186,21198.00,2
1777266908223,21165.00,2
1777266908258,21277.00,2
1777266908296,21237.00,2
1777266908332,21155.00,2
1777266908370,21343.00,2
1777266908406,21235.00,2
1777266908444,21224.00,2
1777266908485,21192.00,2
1777266908525,21297.00,2
1777266908568,21344.00,2
1777266908607,21272.00,2
1777266908648,21205.00,2
1777266908690,21225.00,2
1777266908734,21373.00,2
1777266908777,21396.00,2
1777266908821,21340.00,2
1777266908857,21258.00,2
1777266908896,21443.00,2
1777266908935,21422.00,2
1777266908971,21352.00,2
1777266909013,21292.00,2
1777266909057,21249.00,2
1777266909094,21348.00,2
1777266909136,21362.00,2
1777266909175,21332.00,2
1777266909214,21493.00,2
1777266909252,21375.00,2
1777266909294,21362.00,2
1777266909337,21341.00,2
1777266909379,21304.00,2
1777266909423,21507.00,2
1777266909463,21414.00,2
1777266909506,21425.00,2
1777266909548,21402.00,2
1777266909590,21371.00,2
1777266909633,21559.00,2
1777266909674,21438.00,2
1777266909718,21456.00,2
1777266909759,21427.00,2
1777266909806,21406.00,2
1777266909849,21386.00,2
1777266909892,21542.00,2
1777266909945,21513.00,2
1777266909993,21537.00,2
1777266910054,21498.00,2
1777266910104,21544.00,2
1777266910152,21529.00,2
1777266910205,21527.00,2
1777266910254,21539.00,2
1777266910299,21526.00,2
1777266910344,21523.00,2
1777266910388,21512.00,2
1777266910433,21485.00,2
1777266910484,21439.00,2
1777266910539,21418.00,2
1777266910587,21414.00,2
1777266910633,21611.00,2
1777266910680,21598.00,2
1777266910727,21596.00,2
1777266910773,21578.00,2
1777266910817,21567.00,2
1777266910861,21552.00,2
1777266910905,21516.00,2
1777266910948,21635.00,2
1777266910993,21613.00,2
1777266911039,21571.00,2
1777266911084,21570.00,2
1777266911129,21560.00,2
1777266911174,21561.00,2
1777266911224,21521.00,2
1777266911276,21500.00,2
1777266911333,21516.00,2
1777266911380,21563.00,2
1777266911425,21705.00,2
1777266911476,21711.00,2
1777266911523,21674.00,2
1777266911570,21663.00,2
1777266911616,21648.00,2
1777266911663,21612.00,2
1777266911709,21598.00,2
1777266911764,21571.00,2
1777266911818,21550.00,2
1777266911869,21586.00,2
1777266911925,21576.00,2
1777266911979,21572.00,2
1777266912031,21585.00,2
1777266912083,21591.00,2
1777266912131,21608.00,2
1777266912184,21600.00,2
1777266912234,21640.00,2
1777266912284,21606.00,2
1777266912337,21731.00,2
1777266912392,21999.00,2
1777266912444,22183.00,2
1777266912495,22119.00,2
1777266912548,21909.00,2
1777266912599,21626.00,2
1777266912649,21667.00,2
1777266912701,21598.00,2
1777266912757,21625.00,2
1777266912808,21518.00,2
1777266912858,21618.00,2
1777266912908,21555.00,2
1777266912959,21621.00,2
1777266913011,21517.00,2
1777266913068,21601.00,2
1777266913132,21540.00,2
1777266913194,21443.00,2
1777266913249,21364.00,2
1777266913299,21432.00,2
1777266913360,21575.00,2
1777266913420,21422.00,2
1777266913472,21327.00,2
1777266913524,21428.00,2
1777266913619,21407.00,2
1777266913688,21388.00,2
1777266913762,21347.00,2
1777266913829,21316.00,2
1777266913883,21354.00,2
1777266913937,21219.00,2
1777266913991,21313.00,2
1777266914048,21255.00,2
1777266914108,21270.00,2
1777266914161,21286.00,2
1777266914217,21205.00,2
1777266914273,21202.00,2
1777266914337,21132.00,2
1777266914396,21147.00,2
1777266914458,21162.00,2
1777266914515,21149.00,2
1777266914581,21071.00,2
1777266914637,21116.00,2
1777266914695,21149.00,2
1777266914751,20969.00,2
1777266914813,21071.00,2
1777266914866,21075.00,2
1777266914920,21138.00,2
1777266914977,21012.00,2
1777266915029,21036.00,2
1777266915090,21014.00,2
1777266915151,21002.00,2
1777266915209,21025.00,2
1777266915266,21075.00,2
1777266915322,21110.00,2
1777266915383,20891.00,2
1777266915440,20983.00,2
1777266915676,20986.00,2
1777266915710,20149.00,2
1777266915739,20206.00,2
1777266915776,20565.00,2
1777266915817,20745.00,2
1777266915860,20854.00,2
1777266915898,20863.00,2
1777266915931,20806.00,2
1777266915968,20804.00,2
1777266916003,20932.00,2
1777266916040,20884.00,2
1777266916076,20871.00,2
1777266916109,20847.00,2
1777266916148,20847.00,2
1777266916185,20806.00,2
1777266916221,20919.00,2
1777266916258,20893.00,2
1777266916297,20878.00,2
1777266916334,21048.00,2
1777266916371,20953.00,2
1777266916412,20984.00,2
1777266916454,20932.00,2
1777266916494,20901.00,2
1777266916532,20965.00,2
1777266916573,20975.00,2
1777266916617,20951.00,2
1777266916656,20964.00,2
1777266916694,20904.00,2
1777266916735,20912.00,2
1777266916774,20969.00,2
1777266916816,20984.00,2
1777266916860,20928.00,2
1777266916899,20877.00,2
1777266916943,20857.00,2
1777266916992,21070.00,2
1777266917030,20982.00,2
1777266917075,21008.00,2
1777266917114,20921.00,2
1777266917159,20888.00,2
1777266917211,20911.00,2
1777266917253,20891.00,2
1777266917294,20999.00,2
1777266917339,21020.00,2
1777266917381,21003.00,2
1777266917425,20992.00,2
1777266917467,20935.00,2
1777266917508,21094.00,2
1777266917549,21054.00,2
1777266917590,21010.00,2
1777266917633,21011.00,2
1777266917675,20975.00,2
1777266917719,21003.00,2
1777266917763,21157.00,2
1777266917813,21042.00,2
1777266917858,21046.00,2
1777266917902,20992.00,2
1777266917949,21037.00,2
1777266917992,20962.00,2
1777266918039,21017.00,2
1777266918081,21124.00,2
1777266918129,21150.00,2
1777266918173,21095.00,2
1777266918219,21069.00,2
1777266918263,21215.00,2
1777266918306,21210.00,2
1777266918348,21068.00,2
1777266918394,21094.00,2
1777266918445,20991.00,2
1777266918489,21253.00,2
1777266918533,21180.00,2
1777266918584,21250.00,2
1777266918631,21350.00,2
1777266918678,21358.00,2
1777266918721,21176.00,2
1777266918766,21348.00,2
1777266918811,21280.00,2
1777266918854,21208.00,2
1777266918899,21336.00,2
1777266918942,21385.00,2
1777266918986,21343.00,2
1777266919034,21287.00,2
1777266919080,21233.00,2
1777266919126,21431.00,2
1777266919175,21392.00,2
1777266919222,21292.00,2
1777266919269,21382.00,2
1777266919315,21297.00,2
1777266919362,21357.00,2
1777266919411,21528.00,2
1777266919460,21406.00,2
1777266919512,21377.00,2
1777266919561,21317.00,2
1777266919612,21353.00,2
1777266919662,21527.00,2
1777266919711,21416.00,2
1777266919759,21505.00,2
1777266919807,21423.00,2
1777266919853,21396.00,2
1777266919902,21388.00,2
1777266919952,21326.00,2
1777266920002,21330.00,2
1777266920055,21320.00,2
1777266920107,21441.00,2
1777266920158,21476.00,2
1777266920207,21460.00,2
1777266920260,21421.00,2
1777266920317,21384.00,2
1777266920368,21429.00,2
1777266920419,21407.00,2
1777266920473,21423.00,2
1777266920528,21544.00,2
1777266920581,21710.00,2
1777266920637,22016.00,2
1777266920689,22232.00,2
1777266920744,22022.00,2
1777266920796,21791.00,2
1777266920848,21679.00,2
1777266920900,21462.00,2
1777266920952,21554.00,2
1777266921003,21441.00,2
1777266921054,21470.00,2
1777266921103,21369.00,2
1777266921157,21435.00,2
1777266921210,21485.00,2
1777266921261,21362.00,2
1777266921319,21415.00,2
1777266921377,21358.00,2
1777266921430,21409.00,2
1777266921487,21261.00,2
1777266921537,21357.00,2
1777266921588,21381.00,2
1777266921638,21416.00,2
1777266921688,21294.00,2
1777266921739,21291.00,2
1777266921792,21384.00,2
1777266921845,21380.00,2
1777266921896,21314.00,2
1777266921946,21306.00,2
1777266921998,21353.00,2
1777266922047,21425.00,2
1777266922096,21345.00,2
1777266922149,21276.00,2
1777266922199,21253.00,2
1777266922250,21261.00,2
1777266922313,21340.00,2
1777266922367,21366.00,2
1777266922425,21221.00,2
1777266922479,21279.00,2
1777266922540,21124.00,2
1777266922590,21220.00,2
1777266922641,21243.00,2
1777266922693,21253.00,2
1777266922742,21229.00,2
1777266922792,21308.00,2
1777266922838,21389.00,2
1777266922888,21219.00,2
1777266922939,21146.00,2
1777266922988,21222.00,2
1777266923039,21192.00,2
1777266923090,21257.00,2
1777266923140,21221.00,2
1777266923189,21294.00,2
1777266923367,20643.00,2
1777266923396,20611.00,2
1777266923428,20688.00,2
1777266923468,20853.00,2
1777266923499,21014.00,2
1777266923532,21210.00,2
1777266923565,21104.00,2
1777266923597,21105.00,2
1777266923632,21254.00,2
1777266923665,21128.00,2
1777266923698,21103.00,2
1777266923733,21046.00,2
1777266923767,21151.00,2
1777266923802,21135.00,2
1777266923838,21108.00,2
1777266923878,21097.00,2
1777266923912,21047.00,2
1777266923949,21200.00,2
1777266923984,21149.00,2
1777266924021,21143.00,2
1777266924056,21092.00,2
1777266924094,21082.00,2
1777266924131,21203.00,2
1777266924168,21179.00,2
1777266924205,21161.00,2
1777266924244,21147.00,2
1777266924280,21278.00,2
1777266924317,21220.00,2
1777266924358,21194.00,2
1777266924395,21118.00,2
1777266924433,21126.00,2
1777266924472,21292.00,2
1777266924511,21250.00,2
1777266924549,21225.00,2
1777266924590,21157.00,2
1777266924631,21126.00,2
1777266924671,21304.00,2
1777266924713,21281.00,2
1777266924756,21223.00,2
1777266924801,21213.00,2
1777266924841,21227.00,2
1777266924882,21226.00,2
1777266924921,21201.00,2
1777266924959,21345.00,2
1777266924996,21283.00,2
1777266925037,21251.00,2
1777266925077,21274.00,2
1777266925117,21390.00,2
1777266925160,21336.00,2
1777266925203,21293.00,2
1777266925244,21270.00,2
1777266925289,21229.00,2
1777266925332,21406.00,2
1777266925374,21373.00,2
1777266925417,21322.00,2
1777266925461,21289.00,2
1777266925505,21307.00,2
1777266925549,21360.00,2
1777266925592,21488.00,2
1777266925634,21355.00,2
1777266925678,21349.00,2
1777266925720,21343.00,2
1777266925760,21424.00,2
1777266925803,21425.00,2
1777266925845,21311.00,2
1777266925887,21199.00,2
1777266925928,21720.00,2
1777266925974,21679.00,2
1777266926022,21785.00,2
1777266926065,21671.00,2
1777266926108,21708.00,2
1777266926150,22217.00,2
1777266926195,22229.00,2
1777266926238,22141.00,2
1777266926281,22027.00,2
1777266926324,22099.00,2
1777266926366,22636.00,2
1777266926408,22565.00,2
1777266926450,22419.00,2
1777266926493,22557.00,2
1777266926535,22491.00,2
1777266926578,23008.00,2
1777266926622,22941.00,2
1777266926666,22873.00,2
1777266926710,22843.00,2
1777266926755,22894.00,2
1777266926803,23426.00,2
1777266926848,23304.00,2
1777266926893,23236.00,2
1777266926939,23157.00,2
1777266926981,23688.00,2
1777266927029,23622.00,2
1777266927073,23591.00,2
1777266927118,23473.00,2
1777266927163,23659.00,2
1777266927205,24188.00,2
1777266927247,24121.00,2
1777266927292,24039.00,2
1777266927335,24001.00,2
1777266927378,24055.00,2
1777266927424,24534.00,2
1777266927468,24459.00,2
1777266927511,24359.00,2
1777266927558,24528.00,2
1777266927604,24390.00,2
1777266927649,24907.00,2
1777266927694,24918.00,2
1777266927738,24843.00,2
1777266927784,24700.00,2
1777266927844,25174.00,2
1777266927890,25176.00,2
1777266927934,25146.00,2
1777266927978,25026.00,2
1777266928026,24984.00,2
1777266928072,25483.00,2
1777266928119,25412.00,2
1777266928168,25343.00,2
1777266928216,25307.00,2
1777266928272,26127.00,2
1777266928319,26194.00,2
1777266928366,26367.00,2
1777266928412,26319.00,2
1777266928474,26637.00,2
1777266928522,26441.00,2
1777266928569,26255.00,2
1777266928614,26221.00,2
1777266928660,26437.00,2
1777266928704,26677.00,2
1777266928748,26698.00,2
1777266928798,26523.00,2
1777266928841,26519.00,2
1777266928893,27085.00,2
1777266928939,26970.00,2
1777266928987,27031.00,2
1777266929033,26931.00,2
1777266929077,26911.00,2
1777266929126,27309.00,2
1777266929172,27305.00,2
1777266929224,27323.00,2
1777266929268,27125.00,2
1777266929311,27764.00,2
1777266929358,27741.00,2
1777266929400,27726.00,2
1777266929444,27735.00,2
1777266929491,27640.00,2
1777266929532,28152.00,2
1777266929574,28049.00,2
1777266929616,28088.00,2
1777266929656,27997.00,2
1777266929694,27979.00,2
1777266929739,28442.00,2
1777266929782,28343.00,2
1777266929972,28308.00,2
1777266929999,28150.00,2
1777266930028,28156.00,2
1777266930055,28093.00,2
1777266930083,28173.00,2
1777266930131,27992.00,2
1777266930158,28059.00,2
1777266930186,27992.00,2
1777266930215,28474.00,2
1777266930265,28437.00,2
1777266930296,28512.00,2
1777266930326,28446.00,2
1777266930356,28380.00,2
1777266930386,28314.00,2
1777266930417,29015.00,2
1777266930447,28955.00,2
1777266930480,28896.00,2
1777266930530,28817.00,2
1777266930561,28748.00,2
1777266930592,28818.00,2
1777266930622,29324.00,2
1777266930653,29222.00,2
1777266930684,29280.00,2
1777266930714,29220.00,2
1777266930745,29241.00,2
1777266930797,29140.00,2
1777266930828,29207.00,2
1777266930859,29431.00,2
1777266930890,29498.00,2
1777266930920,29498.00,2
1777266930951,29444.00,2
1777266930986,29431.00,2
1777266931018,29498.00,2
1777266931050,29476.00,2
1777266931083,29409.00,2
1777266931115,29433.00,2
1777266931147,29434.00,2
1777266931180,29354.00,2
1777266931215,29372.00,2
1777266931247,29375.00,2
1777266931280,29404.00,2
1777266931313,29404.00,2
1777266931345,29371.00,2
1777266931378,29347.00,2
1777266931415,29404.00,2
1777266931449,29375.00,2
1777266931484,29323.00,2
1777266931516,29323.00,2
1777266931549,29372.00,2
1777266931583,29432.00,2
1777266931617,29432.00,2
1777266931650,29410.00,2
1777266931685,29352.00,2
1777266931717,29376.00,2
1777266931751,29405.00,2
1777266931785,29296.00,2
1777266931820,29343.00,2
1777266931856,29405.00,2
1777266931889,29557.00,2
1777266931927,29527.00,2
1777266931962,29473.00,2
1777266931997,29419.00,2
1777266932032,29468.00,2
1777266932068,29477.00,2
1777266932102,29429.00,2
1777266932138,29375.00,2
1777266932175,29371.00,2
1777266932210,29454.00,2
1777266932244,29483.00,2
1777266932280,29456.00,2
1777266932315,29348.00,2
1777266932350,29319.00,2
1777266932385,29399.00,2
1777266932422,29322.00,2
1777266932462,29348.00,2
1777266932496,29349.00,2
1777266932530,29372.00,2
1777266932564,29398.00,2
1777266932598,29398.00,2
1777266932630,29446.00,2
1777266932669,29403.00,2
1777266932705,29427.00,2
1777266932748,29326.00,2
1777266932786,29384.00,2
1777266932823,29361.00,2
1777266932861,29248.00,2
1777266932899,29275.00,2
1777266932937,29275.00,2
1777266932980,29426.00,2
1777266933018,29344.00,2
1777266933055,29346.00,2
1777266933094,29346.00,2
1777266933135,29264.00,2
1777266933181,29363.00,2
1777266933222,29420.00,2
1777266933261,29311.00,2
1777266933301,29353.00,2
1777266933344,29340.00,2
1777266933383,29251.00,2
1777266933424,29347.00,2
1777266933464,29238.00,2
1777266933505,29184.00,2
1777266933547,29280.00,2
1777266933593,29361.00,2
1777266933634,29323.00,2
1777266933678,29332.00,2
1777266933719,29381.00,2
1777266933759,29377.00,2
1777266933799,29381.00,2
1777266933841,29461.00,2
1777266933879,29462.00,2
1777266933919,29381.00,2
1777266933959,29393.00,2
1777266934000,29360.00,2
1777266934043,29322.00,2
1777266934083,29380.00,2
1777266934121,29271.00,2
1777266934161,29271.00,2
1777266934202,29288.00,2
1777266934243,29347.00,2
1777266934283,29375.00,2
1777266934323,29325.00,2
1777266934362,29325.00,2
1777266934406,29347.00,2
1777266934447,29352.00,2
1777266934488,29345.00,2
1777266934530,29352.00,2
1777266934574,29432.00,2
1777266934618,29323.00,2
1777266934660,29422.00,2
1777266934704,29422.00,2
1777266934748,29400.00,2
1777266934788,29371.00,2
1777266934828,29371.00,2
1777266934871,29493.00,2
1777266934911,29544.00,2
1777266934952,29653.00,2
1777266934998,29653.00,2
1777266935047,29528.00,2
1777266935089,30048.00,2
1777266935130,30077.00,2
1777266935177,30090.00,2
1777266935217,30095.00,2
1777266935256,30115.00,2
1777266935299,30118.00,2
1777266935340,30176.00,2
1777266935379,30120.00,2
1777266935418,30067.00,2
1777266935459,30118.00,2
1777266935501,30074.00,2
1777266935543,30096.00,2
1777266935586,30074.00,2
1777266935629,30016.00,2
1777266935673,30016.00,2
1777266935717,29976.00,2
1777266935759,29976.00,2
1777266935807,30085.00,2
1777266935850,30029.00,2
1777266935889,30095.00,2
1777266935934,30084.00,2
1777266935977,30091.00,2
1777266936021,30033.00,2
1777266936062,30062.00,2
1777266936105,30052.00,2
1777266936146,30022.00,2
1777266936186,30051.00,2
1777266936232,30044.00,2
1777266936276,30051.00,2
1777266936321,29993.00,2
1777266936366,30069.00,2
1777266936408,30049.00,2
1777266936452,30107.00,2
1777266936504,30100.00,2
1777266936548,30155.00,2
1777266936597,30167.00,2
1777266936643,30225.00,2
1777266936684,30167.00,2
1777266936722,30225.00,2
1777266936764,30177.00,2
1777266936804,30097.00,2
1777266936844,30126.00,2
1777266936885,30068.00,2
1777266936927,30119.00,2
1777266936969,30219.00,2
1777266937010,30161.00,2
1777266937050,30139.00,2
1777266937094,30219.00,2
1777266937135,30161.00,2
1777266937177,30115.00,2
1777266937217,29993.00,2
1777266937267,29993.00,2
1777266937312,30022.00,2
1777266937353,30022.00,2
1777266937400,30007.00,2
1777266937444,30014.00,2
1777266937486,29956.00,2
1777266937536,30036.00,2
1777266937588,29985.00,2
1777266937634,30233.00,2
1777266937676,30204.00,2
1777266937720,30233.00,2
1777266937770,30124.00,2
1777266937812,30060.00,2
1777266937853,30060.00,2
1777266937897,30131.00,2
1777266937940,30140.00,2
1777266937979,30031.00,2
1777266938022,30029.00,2
1777266938064,29971.00,2
1777266938107,30080.00,2
1777266938149,30096.00,2
1777266938193,30054.00,2
1777266938233,30099.00,2
1777266938272,30070.00,2
1777266938311,30099.00,2
1777266938351,30099.00,2
1777266938391,30070.00,2
1777266938430,30070.00,2
1777266938470,30146.00,2
1777266938513,30088.00,2
1777266938556,30117.00,2
1777266938596,30088.00,2
1777266938635,30088.00,2
1777266938675,30143.00,2
1777266938718,30107.00,2
1777266938758,30136.00,2
1777266938800,30194.00,2
1777266938847,30056.00,2
1777266938892,30216.00,2
1777266939047,29867.00,2
1777266939073,29232.00,2
1777266939098,29232.00,2
1777266939125,29283.00,2
1777266939151,29312.00,2
1777266939201,29232.00,2
1777266939231,29232.00,2
1777266939260,29390.00,2
1777266939289,29441.00,2
1777266939319,29441.00,2
1777266939370,29441.00,2
1777266939400,29390.00,2
1777266939431,29332.00,2
1777266939461,29361.00,2
1777266939492,29444.00,2
1777266939522,29444.00,2
1777266939553,29364.00,2
1777266939584,29393.00,2
1777266939637,29393.00,2
1777266939668,29444.00,2
1777266939699,29393.00,2
1777266939730,29393.00,2
1777266939762,29422.00,2
1777266939794,29473.00,2
1777266939827,29473.00,2
1777266939860,29422.00,2
1777266939891,29382.00,2
1777266939924,29384.00,2
1777266939956,29435.00,2
1777266939989,29435.00,2
1777266940022,29413.00,2
1777266940055,29435.00,2
1777266940087,29406.00,2
1777266940119,29429.00,2
1777266940151,29407.00,2
1777266940182,29429.00,2
1777266940212,29429.00,2
1777266940265,29458.00,2
1777266940300,29349.00,2
1777266940334,29431.00,2
1777266940367,29431.00,2
1777266940403,29489.00,2
1777266940437,29438.00,2
1777266940470,29460.00,2
1777266940505,29460.00,2
1777266940538,29437.00,2
1777266940572,29408.00,2
1777266940607,29437.00,2
1777266940639,29488.00,2
1777266940673,29495.00,2
1777266940704,29466.00,2
1777266940737,29454.00,2
1777266940772,29505.00,2
1777266940807,29425.00,2
1777266940842,29396.00,2
1777266940877,29396.00,2
1777266940912,29394.00,2
1777266940948,29301.00,2
1777266940986,29432.00,2
1777266941022,29403.00,2
1777266941059,29403.00,2
1777266941095,29410.00,2
1777266941132,29381.00,2
1777266941168,29430.00,2
1777266941204,29350.00,2
1777266941243,29392.00,2
1777266941281,29401.00,2
1777266941321,29481.00,2
1777266941361,29372.00,2
1777266941398,29508.00,2
1777266941435,29508.00,2
1777266941473,29428.00,2
1777266941510,29508.00,2
1777266941550,29559.00,2
1777266941588,29475.00,2
1777266941625,29337.00,2
1777266941662,29366.00,2
1777266941700,29395.00,2
1777266941739,29344.00,2
1777266941778,29286.00,2
1777266941820,29371.00,2
1777266941859,29429.00,2
1777266941898,29451.00,2
1777266941936,29400.00,2
1777266941973,29400.00,2
1777266942020,29422.00,2
1777266942060,29485.00,2
1777266942099,29405.00,2
1777266942138,29405.00,2
1777266942179,29427.00,2
1777266942217,29514.00,2
1777266942255,29460.00,2
1777266942294,29431.00,2
1777266942333,29460.00,2
1777266942374,29380.00,2
1777266942415,29402.00,2
1777266942455,29420.00,2
1777266942494,29391.00,2
1777266942534,29311.00,2
1777266942576,29449.00,2
1777266942617,29369.00,2
1777266942656,29517.00,2
1777266942697,29546.00,2
1777266942739,29466.00,2
1777266942783,29597.00,2
1777266942823,29597.00,2
1777266942858,29531.00,2
1777266942897,29520.00,2
1777266942940,29549.00,2
1777266942985,29542.00,2
1777266943025,29600.00,2
1777266943071,29571.00,2
1777266943114,29540.00,2
1777266943153,29511.00,2
1777266943190,29431.00,2
1777266943229,29460.00,2
1777266943271,29540.00,2
1777266943312,29477.00,2
1777266943353,29426.00,2
1777266943394,29455.00,2
1777266943435,29397.00,2
1777266943477,29448.00,2
1777266943518,29392.00,2
1777266943560,29341.00,2
1777266943602,29370.00,2
1777266943646,29363.00,2
1777266943684,29421.00,2
1777266943725,29429.00,2
1777266943766,29374.00,2
1777266943809,29480.00,2
1777266943852,29451.00,2
1777266943892,29371.00,2
1777266943936,29418.00,2
1777266943981,29570.00,2
1777266944022,29658.00,2
1777266944064,29629.00,2
1777266944110,29680.00,2
1777266944154,30052.00,2
1777266944196,30052.00,2
1777266944240,30074.00,2
1777266944282,30081.00,2
1777266944323,30081.00,2
1777266944365,30091.00,2
1777266944410,30229.00,2
1777266944452,30120.00,2
1777266944494,30149.00,2
1777266944548,30091.00,2
1777266944591,30237.00,2
1777266944635,30179.00,2
1777266944681,30317.00,2
1777266944730,30208.00,2
1777266944777,30218.00,2
1777266944821,30167.00,2
1777266944864,30163.00,2
1777266944908,30160.00,2
1777266944951,30167.00,2
1777266944993,30106.00,2
1777266945037,30199.00,2
1777266945078,30119.00,2
1777266945120,30139.00,2
1777266945167,30199.00,2
1777266945208,30139.00,2
1777266945252,30124.00,2
1777266945293,30095.00,2
1777266945338,30204.00,2
1777266945384,30138.00,2
1777266945427,30196.00,2
1777266945587,29801.00,2
1777266945612,29477.00,2
1777266945638,29515.00,2
1777266945665,29515.00,2
1777266945692,29528.00,2
1777266945741,29528.00,2
1777266945769,29528.00,2
1777266945795,29528.00,2
1777266945844,29530.00,2
1777266945873,29501.00,2
1777266945902,29501.00,2
1777266945931,29530.00,2
1777266945960,29479.00,2
1777266946010,29446.00,2
1777266946040,29522.00,2
1777266946071,29522.00,2
1777266946101,29573.00,2
1777266946131,29573.00,2
1777266946161,29573.00,2
1777266946192,29602.00,2
1777266946243,29526.00,2
1777266946275,29497.00,2
1777266946305,29437.00,2
1777266946337,29475.00,2
1777266946366,29526.00,2
1777266946397,29526.00,2
1777266946429,29463.00,2
1777266946460,29493.00,2
1777266946491,29493.00,2
1777266946544,29384.00,2
1777266946576,29375.00,2
1777266946608,29413.00,2
1777266946640,29413.00,2
1777266946671,29458.00,2
1777266946701,29509.00,2
1777266946730,29509.00,2
1777266946759,29538.00,2
1777266946789,29598.00,2
1777266946818,29509.00,2
1777266946870,29462.00,2
1777266946904,29491.00,2
1777266946935,29511.00,2
1777266946968,29520.00,2
1777266947001,29498.00,2
1777266947034,29469.00,2
1777266947067,29515.00,2
1777266947098,29460.00,2
1777266947132,29489.00,2
1777266947166,29438.00,2
1777266947199,29380.00,2
1777266947231,29380.00,2
1777266947268,29380.00,2
1777266947301,29440.00,2
1777266947333,29440.00,2
1777266947368,29469.00,2
1777266947400,29418.00,2
1777266947433,29389.00,2
1777266947468,29360.00,2
1777266947501,29510.00,2
1777266947535,29488.00,2
1777266947571,29428.00,2
1777266947607,29466.00,2
1777266947641,29466.00,2
1777266947674,29466.00,2
1777266947713,29437.00,2
1777266947774,29411.00,2
1777266947809,29462.00,2
1777266947839,29549.00,2
1777266947869,29549.00,2
1777266947898,29571.00,2
1777266947928,29578.00,2
1777266947957,29556.00,2
1777266947990,29578.00,2
1777266948023,29578.00,2
1777266948057,29607.00,2
1777266948090,29556.00,2
1777266948127,29545.00,2
1777266948167,29506.00,2
1777266948202,29535.00,2
1777266948242,29586.00,2
1777266948278,29506.00,2
1777266948315,29477.00,2
1777266948352,29459.00,2
1777266948389,29443.00,2
1777266948431,29523.00,2
1777266948469,29472.00,2
1777266948507,29472.00,2
1777266948544,29472.00,2
1777266948581,29383.00,2
1777266948620,29361.00,2
1777266948660,29441.00,2
1777266948699,29441.00,2
1777266948737,29463.00,2
1777266948773,29598.00,2
1777266948812,29518.00,2
1777266948850,29518.00,2
1777266948892,29540.00,2
1777266948932,29598.00,2
1777266948970,29458.00,2
1777266949007,29387.00,2
1777266949044,29445.00,2
1777266949082,29394.00,2
1777266949120,29416.00,2
1777266949161,29438.00,2
1777266949199,29521.00,2
1777266949237,29499.00,2
1777266949274,29412.00,2
1777266949312,29415.00,2
1777266949351,29470.00,2
1777266949390,29499.00,2
1777266949425,29489.00,2
1777266949460,29569.00,2
1777266949496,29569.00,2
1777266949533,29547.00,2
1777266949571,29460.00,2
1777266949610,29543.00,2
1777266949650,29460.00,2
1777266949693,29562.00,2
1777266949731,29562.00,2
1777266949769,29482.00,2
1777266949807,29511.00,2
1777266949848,29371.00,2
1777266949892,29414.00,2
1777266949933,29429.00,2
1777266949972,29400.00,2
1777266950016,29375.00,2
1777266950062,29429.00,2
1777266950105,29487.00,2
1777266950148,29407.00,2
1777266950191,29449.00,2
1777266950233,29458.00,2
1777266950273,29411.00,2
1777266950314,29389.00,2
1777266950357,29382.00,2
1777266950396,29462.00,2
1777266950434,29411.00,2
1777266950472,29447.00,2
1777266950515,29527.00,2
1777266950559,29716.00,2
1777266950600,29738.00,2
1777266950644,29671.00,2
1777266950688,29939.00,2
1777266950733,29961.00,2
1777266950774,29990.00,2
1777266950818,29990.00,2
1777266950858,30135.00,2
1777266950896,30036.00,2
1777266950938,30007.00,2
1777266950977,29985.00,2
1777266951019,30058.00,2
1777266951055,30037.00,2
1777266951097,30071.00,2
1777266951139,30013.00,2
1777266951186,30071.00,2
1777266951228,30013.00,2
1777266951269,30042.00,2
1777266951314,29936.00,2
1777266951358,29907.00,2
1777266951401,29965.00,2
1777266951443,29907.00,2
1777266951484,29907.00,2
1777266951526,30034.00,2
1777266951568,30063.00,2
1777266951611,30092.00,2
1777266951656,30057.00,2
1777266951698,30063.00,2
1777266951740,30031.00,2
1777266951784,30089.00,2
1777266951827,30031.00,2
1777266951867,30031.00,2
1777266951912,30060.00,2
1777266951957,29971.00,2
1777266951998,30029.00,2
1777266952039,29971.00,2
1777266952081,30000.00,2
1777266952124,30000.00,2
1777266952168,30106.00,2
1777266952210,30135.00,2
1777266952255,30077.00,2
1777266952297,30135.00,2
1777266952343,30077.00,2
1777266952387,30163.00,2
1777266952428,30105.00,2
1777266952468,30163.00,2
1777266952509,30243.00,2
1777266952558,30134.00,2
1777266952597,30154.00,2
1777266952649,30147.00,2
1777266952693,30205.00,2
1777266952742,30176.00,2
1777266952790,30289.00,2
1777266952830,30129.00,2
1777266952871,30180.00,2
1777266952912,30150.00,2
1777266952955,30100.00,2
1777266952995,30075.00,2
1777266953035,30126.00,2
1777266953076,30133.00,2
1777266953115,30075.00,2
1777266953160,30104.00,2
1777266953204,29985.00,2
1777266953249,30007.00,2
1777266953290,30065.00,2
1777266953334,30036.00,2
1777266953370,30094.00,2
1777266953413,30214.00,2
1777266953458,30156.00,2
1777266953502,30236.00,2
1777266953542,30207.00,2
1777266953582,30236.00,2
1777266953623,30204.00,2
1777266953665,30146.00,2
1777266953705,30204.00,2
1777266953752,30204.00,2
1777266953795,30124.00,2
1777266953845,30085.00,2
1777266953884,30121.00,2
1777266953925,30085.00,2
1777266953965,30130.00,2
1777266954003,30163.00,2
1777266954043,30200.00,2
1777266954083,30171.00,2
1777266954125,30280.00,2
1777266954164,30229.00,2
1777266954210,30171.00,2
1777266954254,30125.00,2
1777266954297,30058.00,2
1777266954338,30141.00,2
1777266954379,30103.00,2
1777266954418,30061.00,2
1777266954462,30184.00,2
1777266954503,30155.00,2
1777266954545,30184.00,2
1777266954587,30184.00,2
1777266954636,30155.00,2
1777266954682,30116.00,2
1777266954725,30196.00,2
1777266954767,30138.00,2
1777266954808,30167.00,2
1777266954848,30196.00,2
1777266954890,30120.00,2
1777266954930,30178.00,2
1777266954969,30207.00,2
1777266955011,30149.00,2
1777266955049,30127.00,2
1777266955091,30132.00,2
1777266955133,30105.00,2
1777266955175,30081.00,2
1777266955218,30025.00,2
1777266955258,30025.00,2
1777266955299,30023.00,2
1777266955339,29945.00,2
1777266955378,29943.00,2
1777266955421,30023.00,2
1777266955462,29996.00,2
1777266955502,30207.00,2
1777266955540,30156.00,2
1777266955586,30154.00,2
1777266955633,30207.00,2
1777266955678,30180.00,2
1777266955720,30226.00,2
1777266955765,30224.00,2
1777266955805,30226.00,2
1777266955845,30170.00,2
1777266955890,30230.00,2
1777266955931,30102.00,2
1777266955970,30078.00,2
1777266956008,30080.00,2
1777266956049,30051.00,2
1777266956091,30055.00,2
1777266956138,30153.00,2
1777266956180,30020.00,2
1777266956222,30073.00,2
1777266956268,30113.00,2
1777266956312,30104.00,2
1777266956360,30009.00,2
1777266956407,30089.00,2
1777266956450,30069.00,2
1777266956493,30089.00,2
1777266956549,30018.00,2
1777266956592,30145.00,2
1777266956637,30103.00,2
1777266956677,30094.00,2
1777266956716,30074.00,2
1777266956763,30083.00,2
1777266956806,30031.00,2
1777266956847,30051.00,2
1777266956888,30131.00,2
1777266956927,30164.00,2
1777266956978,30031.00,2
1777266957023,30130.00,2
1777266957074,30200.00,2
1777266957118,30174.00,2
1777266957156,30229.00,2
1777266957195,30224.00,2
1777266957234,30202.00,2
1777266957277,30177.00,2
1777266957331,30232.00,2
1777266957373,30164.00,2
1777266957550,29798.00,2
1777266957575,29826.00,2
1777266957600,29408.00,2
1777266957648,29341.00,2
1777266957675,29341.00,2
1777266957702,29370.00,2
1777266957751,29359.00,2
1777266957779,29341.00,2
1777266957808,29413.00,2
1777266957837,29346.00,2
1777266957865,29400.00,2
1777266957916,29400.00,2
1777266957945,29400.00,2
1777266957975,29400.00,2
1777266958005,29356.00,2
1777266958035,29376.00,2
1777266958065,29372.00,2
1777266958116,29380.00,2
1777266958145,29380.00,2
1777266958175,29351.00,2
1777266958205,29431.00,2
1777266958236,29348.00,2
1777266958266,29348.00,2
1777266958297,29428.00,2
1777266958329,29348.00,2
1777266958382,29326.00,2
1777266958413,29377.00,2
1777266958445,29395.00,2
1777266958475,29315.00,2
1777266958507,29375.00,2
1777266958540,29395.00,2
1777266958572,29395.00,2
1777266958604,29395.00,2
1777266958635,29379.00,2
1777266958667,29224.00,2
1777266958698,29253.00,2
1777266958730,29282.00,2
1777266958763,29282.00,2
1777266958794,29333.00,2
1777266958848,29316.00,2
1777266958880,29316.00,2
1777266958913,29294.00,2
1777266958945,29265.00,2
1777266958978,29265.00,2
1777266959011,29296.00,2
1777266959043,29316.00,2
1777266959076,29251.00,2
1777266959108,29171.00,2
1777266959140,29200.00,2
1777266959174,29213.00,2
1777266959208,29280.00,2
1777266959242,29251.00,2
1777266959277,29429.00,2
1777266959312,29378.00,2
1777266959346,29400.00,2
1777266959380,29371.00,2
1777266959415,29371.00,2
1777266959450,29291.00,2
1777266959484,29248.00,2
1777266959521,29248.00,2
1777266959558,29248.00,2
1777266959595,29270.00,2
1777266959633,29241.00,2
1777266959669,29328.00,2
1777266959706,29297.00,2
1777266959743,29239.00,2
1777266959779,29260.00,2
1777266959817,29319.00,2
1777266959853,29319.00,2
1777266959896,29210.00,2
1777266959936,29391.00,2
1777266959973,29400.00,2
1777266960011,29400.00,2
1777266960049,29371.00,2
1777266960086,29291.00,2
1777266960125,29289.00,2
1777266960163,29234.00,2
1777266960205,29311.00,2
1777266960245,29369.00,2
1777266960284,29286.00,2
1777266960322,29260.00,2
1777266960360,29339.00,2
1777266960402,29365.00,2
1777266960440,29310.00,2
1777266960477,29339.00,2
1777266960513,29393.00,2
1777266960551,29347.00,2
1777266960589,29267.00,2
1777266960626,29296.00,2
1777266960668,29402.00,2
1777266960706,29347.00,2
1777266960745,29319.00,2
1777266960784,29269.00,2
1777266960823,29240.00,2
1777266960863,29199.00,2
1777266960905,29284.00,2
1777266960950,29237.00,2
1777266960988,29283.00,2
1777266961027,29283.00,2
1777266961071,29249.00,2
1777266961110,29352.00,2
1777266961148,29340.00,2
1777266961188,29435.00,2
1777266961228,29464.00,2
1777266961272,29464.00,2
1777266961312,29454.00,2
1777266961350,29457.00,2
1777266961391,29423.00,2
1777266961433,29425.00,2
1777266961474,29423.00,2
1777266961515,29435.00,2
1777266961555,29435.00,2
1777266961596,29319.00,2
1777266961635,29290.00,2
1777266961675,29290.00,2
1777266961715,29338.00,2
1777266961756,29249.00,2
1777266961797,29280.00,2
1777266961837,29319.00,2
1777266961877,29193.00,2
1777266961916,29210.00,2
1777266961955,29241.00,2
1777266962004,29262.00,2
1777266962047,29394.00,2
1777266962089,29371.00,2
1777266962131,29385.00,2
1777266962172,29356.00,2
1777266962213,29315.00,2
1777266962256,29253.00,2
1777266962303,29257.00,2
1777266962346,29314.00,2
1777266962388,29285.00,2
1777266962434,29416.00,2
1777266962477,29647.00,2
1777266962521,29747.00,2
1777266962564,29676.00,2
1777266962610,29631.00,2
1777266962654,30125.00,2
1777266962696,30029.00,2
1777266962741,30138.00,2
1777266962785,30096.00,2
1777266962829,30091.00,2
1777266962873,30003.00,2
1777266962915,30032.00,2
1777266962959,30054.00,2
1777266963000,30061.00,2
1777266963043,30061.00,2
1777266963085,30024.00,2
1777266963129,30184.00,2
1777266963171,30104.00,2
1777266963214,30133.00,2
1777266963268,30075.00,2
1777266963311,30098.00,2
1777266963352,30072.00,2
1777266963393,30149.00,2
1777266963435,30098.00,2
1777266963475,30069.00,2
1777266963519,30169.00,2
1777266963560,30060.00,2
1777266963603,30089.00,2
1777266963647,30060.00,2
1777266963699,30031.00,2
1777266963740,30069.00,2
1777266963784,30089.00,2
1777266963827,30098.00,2
1777266963866,30098.00,2
1777266963906,30051.00,2
1777266963947,30044.00,2
1777266963985,30073.00,2
1777266964024,30102.00,2
1777266964066,30022.00,2
1777266964107,30022.00,2
1777266964151,30154.00,2
1777266964191,30096.00,2
1777266964230,30074.00,2
1777266964271,30074.00,2
1777266964313,30067.00,2
1777266964354,30106.00,2
1777266964398,30077.00,2
1777266964440,30055.00,2
1777266964483,30055.00,2
1777266964525,30048.00,2
1777266964567,30080.00,2
1777266964614,30102.00,2
1777266964655,30029.00,2
1777266964695,30000.00,2
1777266964739,30000.00,2
1777266964788,30136.00,2
1777266964831,30136.00,2
1777266964874,30136.00,2
1777266964927,30056.00,2
1777266964971,30106.00,2
1777266965014,30215.00,2
1777266965057,30186.00,2
1777266965102,30206.00,2
1777266965152,30186.00,2
1777266965196,30238.00,2
1777266965239,30202.00,2
1777266965282,30289.00,2
1777266965324,30289.00,2
1777266965366,30231.00,2
1777266965409,30244.00,2
1777266965453,30215.00,2
1777266965494,30193.00,2
1777266965537,30215.00,2
1777266965579,30244.00,2
1777266965621,30250.00,2
1777266965663,30112.00,2
1777266965836,29827.00,2
1777266965862,29427.00,2
1777266965889,29334.00,2
1777266965916,29363.00,2
1777266965943,29443.00,2
1777266965970,29443.00,2
1777266966019,29427.00,2
1777266966048,29518.00,2
1777266966077,29540.00,2
1777266966106,29540.00,2
1777266966156,29489.00,2
1777266966185,29511.00,2
1777266966215,29511.00,2
1777266966245,29489.00,2
1777266966275,29420.00,2
1777266966307,29432.00,2
1777266966337,29461.00,2
1777266966389,29461.00,2
1777266966419,29439.00,2
1777266966451,29410.00,2
1777266966481,29669.00,2
1777266966511,29698.00,2
1777266966543,29698.00,2
1777266966574,29618.00,2
1777266966606,29589.00,2
1777266966638,29640.00,2
1777266966691,29373.00,2
1777266966722,29424.00,2
1777266966754,29453.00,2
1777266966786,29373.00,2
1777266966818,29315.00,2
1777266966851,29344.00,2
1777266966884,29395.00,2
1777266966915,29462.00,2
1777266966949,29491.00,2
1777266966981,29469.00,2
1777266967014,29440.00,2
1777266967046,29491.00,2
1777266967078,29520.00,2
1777266967108,29482.00,2
1777266967141,29453.00,2
1777266967174,29504.00,2
1777266967206,29504.00,2
1777266967240,29475.00,2
1777266967274,29453.00,2
1777266967309,29475.00,2
1777266967341,29383.00,2
1777266967374,29412.00,2
1777266967406,29361.00,2
1777266967439,29383.00,2
1777266967473,29412.00,2
1777266967507,29354.00,2
1777266967540,29477.00,2
1777266967574,29569.00,2
1777266967607,29547.00,2
1777266967639,29518.00,2
1777266967672,29547.00,2
1777266967708,29496.00,2
1777266967740,29443.00,2
1777266967774,29472.00,2
1777266967809,29392.00,2
1777266967844,29363.00,2
1777266967878,29414.00,2
1777266967913,29443.00,2
1777266967947,29486.00,2
1777266967980,29464.00,2
1777266968015,29464.00,2
1777266968049,29486.00,2
1777266968083,29486.00,2
1777266968119,29406.00,2
1777266968153,29435.00,2
1777266968189,29429.00,2
1777266968224,29480.00,2
1777266968258,29429.00,2
1777266968293,29371.00,2
1777266968326,29317.00,2
1777266968361,29371.00,2
1777266968396,29381.00,2
1777266968431,29381.00,2
1777266968465,29410.00,2
1777266968501,29323.00,2
1777266968536,29381.00,2
1777266968575,29381.00,2
1777266968610,29384.00,2
1777266968647,29384.00,2
1777266968682,29333.00,2
1777266968718,29304.00,2
1777266968756,29282.00,2
1777266968792,29401.00,2
1777266968828,29436.00,2
1777266968865,29407.00,2
1777266968904,29407.00,2
1777266968945,29494.00,2
1777266968983,29407.00,2
1777266969019,29477.00,2
1777266969056,29535.00,2
1777266969092,29535.00,2
1777266969129,29484.00,2
1777266969166,29426.00,2
1777266969204,29477.00,2
1777266969242,29360.00,2
1777266969281,29360.00,2
1777266969320,29309.00,2
1777266969357,29280.00,2
1777266969396,29309.00,2
1777266969442,29376.00,2
1777266969489,29485.00,2
1777266969529,29434.00,2
1777266969568,29405.00,2
1777266969615,29463.00,2
1777266969654,29334.00,2
1777266969693,29363.00,2
1777266969731,29334.00,2
1777266969774,29276.00,2
1777266969812,29363.00,2
1777266969848,29489.00,2
1777266969901,29511.00,2
1777266969952,29409.00,2
1777266969993,29438.00,2
1777266970045,29380.00,2
1777266970083,29349.00,2
1777266970127,29209.00,2
1777266970166,29252.00,2
1777266970207,29340.00,2
1777266970246,29231.00,2
1777266970285,29207.00,2
1777266970327,29207.00,2
1777266970368,29258.00,2
1777266970408,29207.00,2
1777266970449,29236.00,2
1777266970493,29171.00,2
1777266970536,29295.00,2
1777266970580,29237.00,2
1777266970621,29237.00,2
1777266970662,29237.00,2
1777266970711,29217.00,2
1777266970755,29359.00,2
1777266970798,29410.00,2
1777266970845,29599.00,2
1777266970890,29445.00,2
1777266970934,29796.00,2
1777266970987,29802.00,2
1777266971030,29834.00,2
1777266971076,29880.00,2
1777266971131,29837.00,2
1777266971175,29921.00,2
1777266971217,29921.00,2
1777266971260,29889.00,2
1777266971305,29863.00,2
1777266971349,29983.00,2
1777266971391,29925.00,2
1777266971435,30034.00,2
1777266971482,29925.00,2
1777266971523,29925.00,2
1777266971571,29885.00,2
1777266971612,29943.00,2
1777266971652,29914.00,2
1777266971695,29936.00,2
1777266971736,29965.00,2
1777266971780,29801.00,2
1777266971822,29830.00,2
1777266971866,29823.00,2
1777266971909,29801.00,2
1777266971955,29801.00,2
1777266972009,29799.00,2
1777266972052,29799.00,2
1777266972097,29819.00,2
1777266972143,29799.00,2
1777266972188,29901.00,2
1777266972236,29872.00,2
1777266972277,29930.00,2
1777266972320,29923.00,2
1777266972361,29901.00,2
1777266972405,29901.00,2
1777266972448,29872.00,2
1777266972493,29930.00,2
1777266972537,29917.00,2
1777266972581,29930.00,2
1777266972624,29918.00,2
1777266972668,29976.00,2
1777266972711,29918.00,2
1777266972751,29947.00,2
1777266972794,29976.00,2
1777266972837,29765.00,2
1777266972880,29794.00,2
1777266972926,29787.00,2
1777266972969,29794.00,2
1777266973018,29734.00,2
1777266973064,29940.00,2
1777266973106,29860.00,2
1777266973148,29889.00,2
1777266973193,29882.00,2
1777266973238,29920.00,2
1777266973280,29840.00,2
1777266973324,29949.00,2
1777266973366,29891.00,2
1777266973409,29891.00,2
1777266973454,29904.00,2
1777266973495,29853.00,2
1777266973536,29853.00,2
1777266973580,29875.00,2
1777266973624,29875.00,2
1777266973667,29767.00,2
1777266973711,29767.00,2
1777266973757,29847.00,2
1777266973799,29847.00,2
1777266973842,29847.00,2
1777266973888,29874.00,2
1777266973928,29881.00,2
1777266973971,29823.00,2
1777266974014,29874.00,2
1777266974065,29979.00,2
1777266974107,30070.00,2
1777266974148,30041.00,2
1777266974189,30039.00,2
1777266974230,30019.00,2
1777266974273,29916.00,2
1777266974317,29976.00,2
1777266974358,29976.00,2
1777266974403,29995.00,2
1777266974444,29976.00,2
1777266974487,29887.00,2
1777266974527,29909.00,2
1777266974567,29851.00,2
1777266974610,29822.00,2
1777266974651,29880.00,2
1777266974695,29911.00,2
1777266974738,29982.00,2
1777266974783,29895.00,2
1777266974826,29953.00,2
1777266974871,29873.00,2
1777266974918,29960.00,2
1777266974961,29971.00,2
1777266975002,29920.00,2
1777266975045,29971.00,2
1777266975091,29971.00,2
1777266975136,30162.00,2
1777266975180,30133.00,2
1777266975225,30111.00,2
1777266975270,30140.00,2
1777266975322,30162.00,2
1777266975362,30170.00,2
1777266975403,30192.00,2
1777266975442,30163.00,2
1777266975481,30221.00,2
1777266975519,30170.00,2
1777266975557,30151.00,2
1777266975600,30202.00,2
1777266975639,30260.00,2
1777266975677,30282.00,2
1777266975717,30202.00,2
1777266975756,30090.00,2
1777266975798,30112.00,2
1777266975837,30087.00,2
1777266975875,30119.00,2
1777266975913,30061.00,2
1777266975951,30141.00,2
1777266975993,30315.00,2
1777266976032,30344.00,2
1777266976071,30206.00,2
1777266976110,30264.00,2
1777266976149,30213.00,2
1777266976190,30267.00,2
1777266976231,30376.00,2
1777266976271,30376.00,2
1777266976313,30325.00,2
1777266976352,30276.00,2
1777266976395,30117.00,2
1777266976436,30095.00,2
1777266976478,30124.00,2
1777266976520,30066.00,2
1777266976562,30095.00,2
1777266976607,30182.00,2
1777266976650,30182.00,2
1777266976692,30240.00,2
1777266976735,30153.00,2
1777266976776,30182.00,2
1777266976819,30066.00,2
1777266976863,30153.00,2
1777266976902,30124.00,2
1777266976941,30066.00,2
1777266976981,30044.00,2
1777266977025,30213.00,2
1777266977065,30271.00,2
1777266977107,30193.00,2
1777266977246,29833.00,2
1777266977271,29480.00,2
1777266977295,29458.00,2
1777266977320,29451.00,2
1777266977365,29429.00,2
1777266977389,29480.00,2
1777266977436,29480.00,2
1777266977466,29429.00,2
1777266977496,29665.00,2
1777266977526,29665.00,2
1777266977556,29694.00,2
1777266977585,29745.00,2
1777266977637,29643.00,2
1777266977668,29694.00,2
1777266977698,29629.00,2
1777266977729,29629.00,2
1777266977760,29578.00,2
1777266977791,29600.00,2
1777266977822,29629.00,2
1777266977853,29629.00,2
1777266977884,29651.00,2
1777266977937,29549.00,2
1777266977969,29600.00,2
1777266978000,29629.00,2
1777266978030,29578.00,2
1777266978061,29600.00,2
1777266978094,29600.00,2
1777266978126,29482.00,2
1777266978158,29460.00,2
1777266978190,29540.00,2
1777266978220,29482.00,2
1777266978252,29511.00,2
1777266978287,29562.00,2
1777266978318,29482.00,2
1777266978351,29612.00,2
1777266978385,29612.00,2
1777266978419,29663.00,2
1777266978450,29583.00,2
1777266978506,29532.00,2
1777266978539,29540.00,2
1777266978574,29518.00,2
1777266978609,29460.00,2
1777266978642,29460.00,2
1777266978678,29460.00,2
1777266978712,29540.00,2
1777266978749,29459.00,2
1777266978787,29539.00,2
1777266978823,29539.00,2
1777266978857,29488.00,2
1777266978892,29530.00,2
1777266978927,29539.00,2
1777266978963,29569.00,2
1777266978998,29489.00,2
1777266979034,29460.00,2
1777266979070,29511.00,2
1777266979107,29540.00,2
1777266979145,29518.00,2
1777266979183,29371.00,2
1777266979224,29422.00,2
1777266979260,29509.00,2
1777266979296,29458.00,2
1777266979332,29400.00,2
1777266979369,29400.00,2
1777266979406,29503.00,2
1777266979443,29532.00,2
1777266979480,29452.00,2
1777266979517,29394.00,2
1777266979558,29474.00,2
1777266979595,29561.00,2
1777266979628,29474.00,2
1777266979667,29503.00,2
1777266979702,29583.00,2
1777266979737,29583.00,2
1777266979773,29561.00,2
1777266979817,29458.00,2
1777266979856,29538.00,2
1777266979894,29545.00,2
1777266979935,29487.00,2
1777266979971,29538.00,2
1777266980007,29538.00,2
1777266980046,29480.00,2
1777266980086,29473.00,2
1777266980128,29473.00,2
1777266980167,29531.00,2
1777266980206,29393.00,2
1777266980246,29504.00,2
1777266980286,29514.00,2
1777266980327,29542.00,2
1777266980366,29597.00,2
1777266980406,29520.00,2
1777266980449,29469.00,2
1777266980492,29540.00,2
1777266980530,29578.00,2
1777266980567,29549.00,2
1777266980605,29492.00,2
1777266980645,29435.00,2
1777266980684,29375.00,2
1777266980728,29426.00,2
1777266980768,29484.00,2
1777266980808,29375.00,2
1777266980852,29382.00,2
1777266980892,29412.00,2
1777266980932,29383.00,2
1777266980975,29361.00,2
1777266981017,29274.00,2
1777266981059,29354.00,2
1777266981100,29292.00,2
1777266981137,29263.00,2
1777266981176,29343.00,2
1777266981213,29350.00,2
1777266981252,29292.00,2
1777266981293,29377.00,2
1777266981334,29406.00,2
1777266981375,29326.00,2
1777266981418,29348.00,2
1777266981456,29406.00,2
1777266981498,29520.00,2
1777266981538,29510.00,2
1777266981577,29500.00,2
1777266981618,29542.00,2
1777266981657,29600.00,2
1777266981693,29497.00,2
1777266981734,29408.00,2
1777266981775,29408.00,2
1777266981820,29546.00,2
1777266981862,29408.00,2
1777266981901,29408.00,2
1777266981945,29408.00,2
1777266981988,29430.00,2
1777266982029,29408.00,2
1777266982069,29379.00,2
1777266982110,29430.00,2
1777266982151,29472.00,2
1777266982192,29523.00,2
1777266982232,29632.00,2
1777266982272,29564.00,2
1777266982318,29535.00,2
1777266982362,30128.00,2
1777266982402,30070.00,2
1777266982445,30179.00,2
1777266982489,30099.00,2
1777266982529,30099.00,2
1777266982570,30071.00,2
1777266982614,30013.00,2
1777266982655,30071.00,2
1777266982696,30013.00,2
1777266982740,30013.00,2
1777266982785,30042.00,2
1777266982827,29984.00,2
1777266982870,30013.00,2
1777266982916,29984.00,2
1777266982957,30051.00,2
1777266982997,30061.00,2
1777266983042,30112.00,2
1777266983085,30119.00,2
1777266983126,30110.00,2
1777266983163,30140.00,2
1777266983205,30196.00,2
1777266983245,30116.00,2
1777266983285,30145.00,2
1777266983324,30116.00,2
1777266983367,30087.00,2
1777266983410,30040.00,2
1777266983453,29982.00,2
1777266983497,30011.00,2
1777266983541,30033.00,2
1777266983580,30062.00,2
1777266983623,30130.00,2
1777266983665,30021.00,2
1777266983710,30130.00,2
1777266983756,30072.00,2
1777266983798,30035.00,2
1777266983849,29994.00,2
1777266983891,30052.00,2
1777266983936,30045.00,2
1777266983979,30103.00,2
1777266984019,30120.00,2
1777266984061,30149.00,2
1777266984106,30200.00,2
1777266984148,30171.00,2
1777266984189,30229.00,2
1777266984232,30127.00,2
1777266984274,30185.00,2
1777266984319,30105.00,2
1777266984364,30134.00,2
1777266984409,30127.00,2
1777266984451,30223.00,2
1777266984491,30252.00,2
1777266984534,30245.00,2
1777266984575,30223.00,2
1777266984617,30143.00,2
1777266984660,30060.00,2
1777266984705,30140.00,2
1777266984747,30111.00,2
1777266984945,29689.00,2
1777266984970,29083.00,2
1777266984996,29166.00,2
1777266985021,29150.00,2
1777266985068,29141.00,2
1777266985095,29112.00,2
1777266985122,29163.00,2
1777266985169,29306.00,2
1777266985199,29335.00,2
1777266985228,29335.00,2
1777266985257,29335.00,2
1777266985287,29386.00,2
1777266985340,29255.00,2
1777266985371,29379.00,2
1777266985404,29379.00,2
1777266985435,29408.00,2
1777266985465,29357.00,2
1777266985496,29379.00,2
1777266985527,29379.00,2
1777266985558,29408.00,2
1777266985590,29316.00,2
1777266985621,29316.00,2
1777266985672,29316.00,2
1777266985704,29265.00,2
1777266985737,29236.00,2
1777266985768,29287.00,2
1777266985799,29429.00,2
1777266985828,29378.00,2
1777266985857,29400.00,2
1777266985886,29400.00,2
1777266985938,29400.00,2
1777266985969,29400.00,2
1777266985998,29387.00,2
1777266986027,29336.00,2
1777266986056,29388.00,2
1777266986086,29348.00,2
1777266986117,29358.00,2
1777266986150,29336.00,2
1777266986183,29358.00,2
1777266986215,29324.00,2
1777266986249,29324.00,2
