Timestamp,SystemLatency
1777266734114,0.0000
1777266734169,0.0000
1777266734205,0.0000
1777266734237,0.0000
1777266734268,0.0000
1777266734351,131.9636
1777266734377,59.7687
1777266734421,77.5290
1777266734446,99.8494
1777266734493,150.5997
1777266734522,161.9784
1777266734550,165.9083
1777266734608,155.4550
1777266734654,140.0015
1777266734678,133.2294
1777266734723,127.1597
1777266734747,122.0480
1777266734785,116.8540
1777266734818,112.7402
1777266734858,109.4748
1777266734889,105.8836
1777266734920,102.6749
1777266734951,99.4604
1777266734979,96.3571
1777266735026,93.3346
1777266735057,91.1876
1777266735108,89.3951
1777266735136,87.4391
1777266735165,85.5575
1777266735194,83.6583
1777266735223,81.7338
1777266735272,79.8531
1777266735301,78.4796
1777266735330,77.0646
1777266735379,75.9845
1777266735404,76.6145
1777266735430,73.6283
1777266735455,69.8727
1777266735502,54.9864
1777266735528,46.2659
1777266735555,36.6128
1777266735601,27.7714
1777266735653,26.0400
1777266735683,26.1962
1777266735728,25.9790
1777266735753,25.7838
1777266735779,25.6554
1777266735826,25.0449
1777266735854,24.6052
1777266735901,24.3088
1777266735928,24.4222
1777266735954,24.5012
1777266735981,24.4513
1777266736029,24.3863
1777266736056,24.4293
1777266736083,24.1055
1777266736132,23.2393
1777266736158,23.2974
1777266736185,23.2543
1777266736215,23.2689
1777266736244,23.3220
1777266736292,22.9463
1777266736323,22.8010
1777266736352,22.6286
1777266736380,22.4361
1777266736408,22.1078
1777266736454,21.4557
1777266736481,21.8272
1777266736512,21.7727
1777266736561,21.3740
1777266736591,21.9501
1777266736619,22.0134
1777266736648,22.0246
1777266736675,21.8559
1777266736723,21.1469
1777266736752,21.6840
1777266736779,21.7138
1777266736807,22.0353
1777266736857,21.8389
1777266736885,22.0710
1777266736914,21.9542
1777266736942,21.9631
1777266736971,21.9553
1777266737025,22.1278
1777266737054,22.4413
1777266737083,22.5052
1777266737112,22.8675
1777266737141,22.6648
1777266737190,22.1990
1777266737219,22.5113
1777266737248,22.9017
1777266737277,23.4016
1777266737306,23.1381
1777266737336,22.9642
1777266737387,22.8032
1777266737417,23.2425
1777266737447,23.8359
1777266737478,23.9213
1777266737507,23.9195
1777266737536,24.2093
1777266737593,23.9814
1777266737618,24.0333
1777266737641,24.1821
1777266737664,24.5429
1777266737709,25.6738
1777266737733,25.6082
1777266737777,25.1082
1777266737800,25.0544
1777266737826,24.9125
1777266737872,24.5389
1777266737897,24.3546
1777266737942,23.8882
1777266737969,24.1519
1777266738015,24.2578
1777266738041,24.4387
1777266738067,24.1130
1777266738113,23.7535
1777266738140,24.0179
1777266738166,24.2420
1777266738213,24.0048
1777266738238,23.8077
1777266738269,23.8444
1777266738294,23.8144
1777266738341,23.4282
1777266738367,23.8632
1777266738392,23.7900
1777266738439,23.7476
1777266738464,23.7138
1777266738490,23.5115
1777266738537,23.0754
1777266738562,23.3710
1777266738589,23.2020
1777266738635,22.7979
1777266738667,21.6612
1777266738695,21.5684
1777266738721,21.0636
1777266738769,22.0861
1777266738797,22.1694
1777266738825,22.2959
1777266738873,22.5127
1777266738900,23.1839
1777266738927,23.2403
1777266738955,22.9382
1777266739002,22.7427
1777266739030,22.8296
1777266739057,22.4845
1777266739105,22.4187
1777266739134,22.6817
1777266739198,22.5854
1777266739228,23.2931
1777266739253,22.7942
1777266739298,23.0350
1777266739323,23.4726
1777266739369,23.1231
1777266739395,23.2028
1777266739420,23.0378
1777266739466,22.1807
1777266739491,22.4079
1777266739537,22.5350
1777266739562,22.7187
1777266739589,22.8796
1777266739635,24.8747
1777266739661,25.5957
1777266739689,26.0722
1777266739735,26.1948
1777266739762,25.8366
1777266739788,25.4003
1777266739835,25.6181
1777266739865,26.1810
1777266739889,26.0169
1777266739934,25.4970
1777266739959,25.7892
1777266740004,25.8881
1777266740034,26.1818
1777266740060,26.8029
1777266740092,27.3673
1777266740121,27.6002
1777266740173,27.4470
1777266740205,27.8068
1777266740237,27.8266
1777266740269,28.3431
1777266740300,28.4469
1777266740328,29.0153
1777266740359,29.3984
1777266740392,29.5952
1777266740423,30.4484
1777266740456,30.8376
1777266740487,30.6623
1777266740536,31.1550
1777266740566,31.3283
1777266740596,31.2895
1777266740627,31.1629
1777266740675,29.4880
1777266740701,30.1748
1777266740777,30.2330
1777266740803,30.4157
1777266740847,30.1233
1777266740871,29.9042
1777266740918,29.8151
1777266740948,30.5842
1777266740975,30.7058
1777266741006,31.0499
1777266741039,30.8270
1777266741069,31.4509
1777266741101,31.7596
1777266741131,31.6463
1777266741179,31.4351
1777266741226,31.4546
1777266741256,31.7754
1777266741287,32.1101
1777266741318,32.3924
1777266741350,32.3259
1777266741381,32.8023
1777266741413,32.6871
1777266741445,32.6789
1777266741476,33.0429
1777266741503,33.2811
1777266741529,33.3353
1777266741578,33.3104
1777266741609,33.8253
1777266741637,34.4197
1777266741665,34.2528
1777266741697,33.8808
1777266741730,33.1888
1777266741762,32.8760
1777266741795,33.2524
1777266741823,33.2843
1777266741875,32.6725
1777266741905,33.3909
1777266741937,33.3143
1777266741970,33.1431
1777266742001,33.1259
1777266742034,33.1463
1777266742066,33.1116
1777266742098,32.3947
1777266742127,31.4981
1777266742179,31.9227
1777266742213,32.1942
1777266742241,32.1658
1777266742268,31.7187
1777266742339,31.1555
1777266742374,30.6824
1777266742405,30.4488
1777266742434,30.0921
1777266742482,30.4368
1777266742513,30.6499
1777266742544,30.8098
1777266742573,31.2309
1777266742601,31.8029
1777266742633,31.3065
1777266742663,31.5600
1777266742694,31.3810
1777266742744,30.8585
1777266742776,31.4399
1777266742808,31.4851
1777266742838,31.7852
1777266742867,32.1630
1777266742894,31.7466
1777266742941,31.7744
1777266742971,32.5306
1777266742998,33.1658
1777266743044,33.6338
1777266743070,33.6664
1777266743096,33.5873
1777266743142,33.8766
1777266743168,33.9058
1777266743195,33.4381
1777266743243,32.7327
1777266743269,32.5073
1777266743298,32.8138
1777266743331,33.2713
1777266743363,33.2003
1777266743396,33.3313
1777266743445,34.5725
1777266743477,35.2328
1777266743505,35.5019
1777266743538,35.4027
1777266743565,35.0190
1777266743591,34.2565
1777266743637,33.0895
1777266743663,32.4177
1777266743693,32.1644
1777266743725,33.3087
1777266743758,33.5725
1777266743791,33.8933
1777266743824,33.9512
1777266743858,33.4686
1777266743890,33.2404
1777266743923,33.7980
1777266743956,33.3912
1777266743989,33.1212
1777266744043,33.0983
1777266744076,33.3412
1777266744109,34.0509
1777266744141,34.8120
1777266744174,35.1666
1777266744204,35.6499
1777266744238,36.2318
1777266744271,36.6596
1777266744303,36.6924
1777266744336,36.7934
1777266744369,36.9428
1777266744402,36.8492
1777266744434,36.8330
1777266744502,36.1360
1777266744525,38.5326
1777266744548,38.3147
1777266744575,38.0411
1777266744625,37.8588
1777266744651,38.3651
1777266744678,38.2139
1777266744724,38.6838
1777266744753,38.3113
1777266744784,38.1131
1777266744811,39.4411
1777266744841,40.9339
1777266744893,42.5822
1777266744920,42.9706
1777266744948,43.2447
1777266744974,43.3521
1777266745022,42.9924
1777266745050,43.2497
1777266745077,43.5072
1777266745126,43.1857
1777266745152,43.6928
1777266745184,43.2899
1777266745215,42.9817
1777266745246,42.6199
1777266745277,42.3161
1777266745307,42.2485
1777266745338,42.4779
1777266745391,42.4330
1777266745423,42.4823
1777266745456,42.1860
1777266745488,41.3083
1777266745518,39.3114
1777266745547,40.1375
1777266745577,40.5533
1777266745631,40.1998
1777266745663,41.1670
1777266745690,41.7674
1777266745715,41.4828
1777266745742,41.3120
1777266745787,41.3956
1777266745815,41.0766
1777266745843,39.7342
1777266745873,38.3821
1777266745910,37.9416
1777266745953,37.3092
1777266745983,36.7546
1777266746017,36.4188
1777266746050,36.2618
1777266746112,35.5829
1777266746140,34.7497
1777266746176,36.7560
1777266746230,37.2328
1777266746274,37.8386
1777266746323,38.1722
1777266746353,38.9270
1777266746392,40.2016
1777266746425,40.8954
1777266746460,41.6167
1777266746493,41.7881
1777266746591,41.1198
1777266746630,43.8029
1777266746662,43.3005
1777266746694,43.5824
1777266746729,44.7019
1777266746826,47.8207
1777266746854,49.0150
1777266746901,47.9786
1777266746933,47.6968
1777266746959,47.8750
1777266746986,48.3543
1777266747037,48.4210
1777266747067,48.6383
1777266747098,48.7570
1777266747125,47.8920
1777266747153,46.9434
1777266747205,44.6914
1777266747236,44.9330
1777266747264,45.4104
1777266747294,45.1220
1777266747324,44.2832
1777266747356,42.9015
1777266747388,41.9205
1777266747420,41.0489
1777266747454,40.0139
1777266747484,38.6408
1777266747536,39.2216
1777266747565,39.8131
1777266747596,39.9284
1777266747627,38.0815
1777266747659,38.6957
1777266747691,38.6973
1777266747724,37.9256
1777266747753,36.8553
1777266747800,36.7700
1777266747826,34.9232
1777266747853,34.1293
1777266747901,35.1498
1777266747930,35.1230
1777266747956,35.0043
1777266747982,35.1688
1777266748030,35.1945
1777266748056,34.8802
1777266748082,34.8781
1777266748131,36.5940
1777266748158,37.5420
1777266748185,38.6503
1777266748233,38.8805
1777266748260,38.3685
1777266748286,38.6178
1777266748311,39.2989
1777266748361,39.6270
1777266748387,39.2745
1777266748413,38.4655
1777266748461,39.1003
1777266748488,39.4558
1777266748515,38.9667
1777266748564,38.2511
1777266748592,37.2583
1777266748620,37.3610
1777266748648,37.4279
1777266748676,37.6576
1777266748724,38.2250
1777266748761,39.4125
1777266748791,40.3419
1777266748819,40.5420
1777266748893,41.2383
1777266748917,40.7908
1777266748962,41.7539
1777266748986,41.7213
1777266749010,40.9810
1777266749055,40.1572
1777266749080,40.6182
1777266749125,40.1123
1777266749149,40.0861
1777266749173,39.8253
1777266749218,38.8170
1777266749243,38.5455
1777266749288,37.8818
1777266749312,37.0346
1777266749358,36.7109
1777266749382,36.5042
1777266749407,36.6760
1777266749453,38.2337
1777266749478,38.8636
1777266749524,39.4038
1777266749549,39.8489
1777266749574,39.1510
1777266749620,39.0553
1777266749645,39.6672
1777266749691,40.2707
1777266749716,40.7228
1777266749742,40.4430
1777266749788,39.7702
1777266749814,39.9280
1777266749840,39.5735
1777266749887,39.2766
1777266749913,37.7874
1777266749939,38.1657
1777266749986,37.4965
1777266750012,37.7371
1777266750038,38.5256
1777266750086,39.6041
1777266750112,39.9064
1777266750138,39.5896
1777266750185,39.2704
1777266750212,39.8759
1777266750239,39.9026
1777266750285,39.7904
1777266750311,39.6771
1777266750337,40.1000
1777266750383,41.8031
1777266750410,42.1838
1777266750436,41.8405
1777266750483,41.2766
1777266750509,41.4415
1777266750536,42.0239
1777266750586,42.4430
1777266750613,42.5114
1777266750640,42.7462
1777266750689,42.0634
1777266750716,42.0562
1777266750743,42.2450
1777266750771,42.4989
1777266750845,41.7513
1777266750869,42.3415
1777266750893,43.3358
1777266750917,43.4594
1777266750964,43.2910
1777266750988,43.7062
1777266751035,44.0481
1777266751060,43.5844
1777266751086,42.3856
1777266751131,41.0812
1777266751155,40.4055
1777266751201,41.1507
1777266751226,41.5125
1777266751251,41.7503
1777266751296,41.6530
1777266751321,41.5822
1777266751367,41.4541
1777266751393,40.4643
1777266751419,40.7795
1777266751464,40.7446
1777266751489,41.6587
1777266751514,41.9889
1777266751561,41.7209
1777266751586,42.0096
1777266751613,42.1040
1777266751660,40.8875
1777266751686,39.7364
1777266751712,38.4291
1777266751757,37.3677
1777266751783,36.5643
1777266751808,36.6798
1777266751854,36.1061
1777266751880,36.2181
1777266751927,35.6475
1777266751953,35.2962
1777266751979,34.8475
1777266752026,34.3036
1777266752052,34.0268
1777266752079,33.8108
1777266752127,33.6355
1777266752153,34.2865
1777266752179,34.1256
1777266752227,33.5698
1777266752254,32.1836
1777266752281,32.5067
1777266752309,32.6249
1777266752357,32.6997
1777266752385,32.4666
1777266752413,31.8697
1777266752443,30.9874
1777266752491,29.8049
1777266752519,29.1381
1777266752548,29.1833
1777266752574,29.4651
1777266752624,29.2940
1777266752650,28.9006
1777266752679,29.9465
1777266752707,31.0203
1777266752756,31.2563
1777266752783,31.5411
1777266752812,31.5731
1777266752840,31.5326
1777266752890,30.7081
1777266752929,31.1550
1777266752957,31.6354
1777266752986,32.2749
1777266753015,32.8142
1777266753043,32.5475
1777266753072,32.3265
1777266753120,32.1485
1777266753148,32.6651
1777266753175,33.0730
1777266753203,34.0860
1777266753253,35.1082
1777266753284,34.6183
1777266753359,34.7084
1777266753382,35.9236
1777266753405,35.7143
1777266753429,35.5413
1777266753473,36.3245
1777266753497,36.5411
1777266753542,36.2968
1777266753567,36.3153
1777266753612,37.0357
1777266753637,36.7604
1777266753661,36.2712
1777266753706,34.8993
1777266753730,34.9677
1777266753776,35.1924
1777266753801,35.6518
1777266753826,36.1255
1777266753872,35.8633
1777266753896,35.7091
1777266753943,35.1655
1777266753969,34.5938
1777266753994,34.1381
1777266754038,33.2924
1777266754063,33.8546
1777266754111,34.5533
1777266754136,34.6854
1777266754162,34.8530
1777266754208,34.3793
1777266754234,33.8203
1777266754259,32.5479
1777266754327,32.5001
1777266754352,33.1507
1777266754377,32.5035
1777266754404,32.4877
1777266754431,33.4335
1777266754457,33.5487
1777266754505,33.1477
1777266754534,32.2421
1777266754563,32.2282
1777266754589,31.9290
1777266754636,31.6426
1777266754662,31.9706
1777266754686,31.5984
1777266754733,31.0104
1777266754759,30.9170
1777266754785,30.5349
1777266754832,29.6457
1777266754858,29.8025
1777266754884,30.0403
1777266754931,29.9104
1777266754957,29.5996
1777266755004,29.2399
1777266755030,29.7498
1777266755056,29.4989
1777266755103,29.1200
1777266755130,28.8833
1777266755157,28.6748
1777266755184,29.1075
1777266755234,30.0706
1777266755261,30.6570
1777266755288,30.4876
1777266755336,29.9486
1777266755363,29.3890
1777266755391,28.9219
1777266755419,28.6002
1777266755467,27.6395
1777266755494,27.4921
1777266755521,27.3925
1777266755570,28.3215
1777266755597,28.1820
1777266755623,28.1109
1777266755650,27.7448
1777266755750,27.3478
1777266755774,30.1911
1777266755796,30.5613
1777266755820,30.4310
1777266755865,30.1696
1777266755890,29.8367
1777266755936,30.3805
1777266755961,31.0325
1777266755985,31.5081
1777266756030,31.5363
1777266756055,31.8447
1777266756102,31.9547
1777266756128,31.8896
1777266756152,31.4154
1777266756198,30.7089
1777266756223,29.9175
1777266756270,30.1520
1777266756296,30.8263
1777266756321,31.0895
1777266756366,31.0948
1777266756391,31.2131
1777266756417,31.4403
1777266756463,31.2233
1777266756489,31.2977
1777266756514,30.8524
1777266756560,30.1411
1777266756585,30.3276
1777266756632,30.6463
1777266756658,31.7697
1777266756684,32.0787
1777266756734,32.1254
1777266756760,32.1349
1777266756786,30.3281
1777266756811,31.3447
1777266756859,32.4327
1777266756885,32.7119
1777266756932,32.7443
1777266756958,32.4866
1777266756984,32.0543
1777266757032,32.1506
1777266757058,32.1039
1777266757084,32.4148
1777266757130,32.1874
1777266757157,32.5150
1777266757183,32.6896
1777266757209,32.2005
1777266757256,31.6258
1777266757284,31.2645
1777266757311,30.4822
1777266757360,30.4485
1777266757389,30.3699
1777266757417,30.3727
1777266757445,30.5633
1777266757473,30.1282
1777266757523,30.4467
1777266757552,30.6914
1777266757579,30.6890
1777266757609,30.5608
1777266757660,30.5877
1777266757689,30.2717
1777266757717,30.0148
1777266757747,30.2503
1777266757773,29.8354
1777266757821,29.8904
1777266757849,29.1079
1777266757877,28.1404
1777266757906,28.2376
1777266757957,28.6460
1777266757985,28.4946
1777266758013,28.6833
1777266758093,31.6525
1777266758116,31.6410
1777266758160,31.4837
1777266758184,31.6780
1777266758207,32.2949
1777266758251,32.7025
1777266758275,33.0118
1777266758320,33.7361
1777266758343,34.4313
1777266758388,34.3092
1777266758413,34.2720
1777266758458,35.3745
1777266758483,35.9314
1777266758507,36.0419
1777266758553,35.2318
1777266758578,35.0125
1777266758624,34.8930
1777266758649,34.7543
1777266758674,34.3113
1777266758720,33.6459
1777266758745,33.6167
1777266758790,34.0952
1777266758815,34.4002
1777266758840,34.7346
1777266758886,34.9467
1777266758911,35.4513
1777266758957,34.7476
1777266758983,34.6814
1777266759009,34.2830
1777266759055,33.7125
1777266759081,30.8687
1777266759107,31.4226
1777266759155,31.6098
1777266759181,31.7876
1777266759207,31.7808
1777266759255,32.1121
1777266759281,32.1035
1777266759307,31.7482
1777266759354,30.7867
1777266759380,30.5850
1777266759406,29.8411
1777266759453,29.5560
1777266759478,29.2856
1777266759504,29.3630
1777266759552,29.9657
1777266759577,29.9641
1777266759604,30.7778
1777266759651,31.9702
1777266759677,32.8700
1777266759704,33.4559
1777266759751,33.3935
1777266759778,33.6203
1777266759804,33.9012
1777266759830,33.5298
1777266759877,32.6580
1777266759906,32.4217
1777266759934,32.3171
1777266759982,31.7414
1777266760009,32.0722
1777266760037,32.3532
1777266760063,31.8775
1777266760111,31.2709
1777266760290,33.9787
1777266760319,37.9416
1777266760395,38.1840
1777266760419,38.5722
1777266760464,39.4808
1777266760489,39.5825
1777266760514,39.6937
1777266760560,38.6808
1777266760585,38.7204
1777266760631,37.7748
1777266760656,36.9439
1777266760682,36.0041
1777266760728,35.5575
1777266760752,35.3072
1777266760797,35.2734
1777266760822,35.7831
1777266760848,36.8581
1777266760895,35.9774
1777266760920,36.4491
1777266760967,36.2611
1777266760992,36.0954
1777266761018,35.9404
1777266761064,35.7086
1777266761091,37.2384
1777266761116,37.2554
1777266761163,37.0821
1777266761188,36.9939
1777266761215,36.9666
1777266761262,36.8008
1777266761289,36.5757
1777266761315,32.4664
1777266761363,29.5340
1777266761390,29.6757
1777266761415,29.8693
1777266761462,30.3556
1777266761488,29.9109
1777266761514,29.9111
1777266761564,30.2359
1777266761590,30.4332
1777266761616,30.2744
1777266761641,30.8515
1777266761687,32.2103
1777266761713,32.6052
1777266761760,32.8636
1777266761786,33.1509
1777266761813,33.1150
1777266761860,32.7379
1777266761886,33.1822
1777266761912,33.3124
1777266761961,34.0660
1777266761987,34.3477
1777266762013,34.9256
1777266762040,35.5450
1777266762087,35.8436
1777266762114,36.1884
1777266762140,36.2691
1777266762187,36.0008
1777266762213,35.8843
1777266762239,35.6656
1777266762286,35.3853
1777266762312,35.2932
1777266762339,36.1623
1777266762386,36.3083
1777266762413,36.7750
1777266762440,36.8615
1777266762487,36.6838
1777266762514,36.3419
1777266762541,36.6421
1777266762568,36.6683
1777266762617,36.4814
1777266762644,35.9659
1777266762671,35.5734
1777266762719,35.5263
1777266762746,35.7993
1777266762774,35.7045
1777266762802,34.8735
1777266762849,34.2360
1777266762876,34.2389
1777266762903,33.9692
1777266762929,33.4927
1777266762978,33.1227
1777266763005,32.3390
1777266763035,31.7678
1777266763083,31.8564
1777266763111,31.5879
1777266763138,31.7533
1777266763166,31.9507
1777266763269,31.6801
1777266763293,33.6550
1777266763338,34.6832
1777266763362,34.8198
1777266763386,34.4075
1777266763432,33.5953
1777266763456,33.5962
1777266763501,33.4179
1777266763530,33.2368
1777266763554,33.3021
1777266763601,34.1147
1777266763626,34.4034
1777266763671,34.7821
1777266763695,35.1818
1777266763720,34.7276
1777266763765,34.1312
1777266763790,34.3927
1777266763835,34.9085
1777266763860,34.6507
1777266763885,35.0833
1777266763931,35.1203
1777266763955,35.2413
1777266764001,36.1996
1777266764026,36.7083
1777266764051,36.7170
1777266764097,35.9077
1777266764122,35.5081
1777266764169,35.3294
1777266764194,35.5131
1777266764220,35.3808
1777266764267,34.7809
1777266764293,33.3078
1777266764329,33.1631
1777266764356,33.1613
1777266764404,33.4847
1777266764430,33.7714
1777266764455,33.3772
1777266764504,33.3931
1777266764530,33.7053
1777266764556,33.4309
1777266764582,32.8238
1777266764651,31.7795
1777266764675,31.6163
1777266764701,31.3596
1777266764727,31.7293
1777266764783,32.3060
1777266764811,32.6105
1777266764840,33.0604
1777266764869,33.4251
1777266764897,33.6174
1777266764926,33.6386
1777266764952,33.7539
1777266765000,33.5576
1777266765026,33.1305
1777266765053,33.5480
1777266765082,34.3352
1777266765134,34.3774
1777266765162,34.3275
1777266765190,34.4261
1777266765219,35.0386
1777266765270,36.2827
1777266765300,36.5044
1777266765330,36.9525
1777266765359,36.6397
1777266765388,36.3472
1777266765416,36.3123
1777266765464,36.5694
1777266765492,36.6825
1777266765520,36.3611
1777266765548,36.0446
1777266765598,35.8349
1777266765626,36.9727
1777266765654,37.1015
1777266765683,36.5621
1777266765712,36.3187
1777266765761,35.9028
1777266765788,35.5862
1777266765815,35.1459
1777266765843,34.4544
1777266765893,33.6752
1777266765921,33.8854
1777266766007,34.0727
1777266766029,35.3382
1777266766052,34.6847
1777266766097,33.9509
1777266766121,34.0443
1777266766146,34.4314
1777266766191,34.5649
1777266766217,34.2273
1777266766262,33.1986
1777266766286,32.5183
1777266766331,32.4717
1777266766356,32.4439
1777266766382,32.1392
1777266766427,32.5052
1777266766454,32.2601
1777266766481,31.7831
1777266766528,32.4294
1777266766553,33.3389
1777266766578,34.1196
1777266766625,33.7174
1777266766652,33.0587
1777266766679,33.2464
1777266766726,33.5272
1777266766752,35.1501
1777266766778,35.6590
1777266766826,37.0179
1777266766851,37.7970
1777266766876,39.1689
1777266766922,39.2502
1777266766948,39.3567
1777266766975,39.0013
1777266767023,38.8095
1777266767049,37.1996
1777266767074,37.0844
1777266767120,37.8164
1777266767146,37.8740
1777266767193,38.4509
1777266767220,38.4277
1777266767247,39.0223
1777266767272,39.3057
1777266767320,39.0385
1777266767347,38.5792
1777266767374,38.8357
1777266767422,38.0594
1777266767449,37.9197
1777266767475,37.7719
1777266767523,37.6763
1777266767550,37.2129
1777266767577,37.3086
1777266767603,38.2726
1777266767652,38.3841
1777266767679,38.5949
1777266767705,39.4070
1777266767754,38.9805
1777266767782,39.2720
1777266767809,39.7104
1777266767837,39.2998
1777266767884,38.9137
1777266767908,38.4268
1777266767933,38.0326
1777266767980,38.0156
1777266768006,37.6597
1777266768033,37.1761
1777266768081,37.8943
1777266768108,37.5815
1777266768135,37.0793
1777266768184,36.7543
1777266768213,36.8303
1777266768241,36.7217
1777266768269,36.6267
1777266768298,36.8698
1777266768348,37.3337
1777266768378,37.6224
1777266768407,37.9952
1777266768438,37.4874
1777266768467,38.2273
1777266768518,39.0632
1777266768545,38.9034
1777266768571,38.4337
1777266768598,38.7659
1777266768678,43.1872
1777266768701,42.6286
1777266768746,40.9886
1777266768771,39.8930
1777266768795,38.6576
1777266768841,38.0883
1777266768865,37.9274
1777266768910,38.5008
1777266768935,39.5481
1777266768980,40.8550
1777266769006,41.5590
1777266769031,41.5051
1777266769076,42.1107
1777266769101,42.9088
1777266769126,43.7802
1777266769171,43.2807
1777266769196,42.7841
1777266769242,42.5391
1777266769268,42.8011
1777266769293,43.4552
1777266769339,44.3867
1777266769363,45.0629
1777266769409,44.1829
1777266769433,45.0322
1777266769458,44.9845
1777266769504,44.4447
1777266769530,45.0356
1777266769555,45.0111
1777266769600,44.3929
1777266769624,42.9584
1777266769670,42.0385
1777266769696,38.5112
1777266769743,39.5164
1777266769769,40.0040
1777266769795,40.4526
1777266769821,40.9779
1777266769869,40.7973
1777266769895,40.1977
1777266769944,39.4610
1777266769971,38.7778
1777266769998,37.5672
1777266770024,36.5745
1777266770072,36.3598
1777266770098,35.9080
1777266770124,35.9585
1777266770172,36.3610
1777266770200,37.3063
1777266770226,37.2850
1777266770275,37.6986
1777266770302,37.4388
1777266770329,37.3912
1777266770357,37.2644
1777266770405,37.7828
1777266770432,38.0108
1777266770458,38.0603
1777266770484,38.4538
1777266770533,38.3774
1777266770559,38.8392
1777266770586,40.0983
1777266770634,42.5419
1777266770661,42.8895
1777266770688,43.1569
1777266770737,42.9228
1777266770765,42.7138
1777266770792,42.4217
1777266770819,41.7502
1777266770869,42.2561
1777266770898,43.0384
1777266770926,43.4381
1777266770955,42.7814
1777266770985,42.3565
1777266771035,41.9937
1777266771062,43.4218
1777266771090,43.2909
1777266771118,42.9199
1777266771147,42.5694
1777266771243,42.9112
1777266771267,41.6770
1777266771312,40.5257
1777266771337,39.5444
1777266771362,38.8997
1777266771407,39.1739
1777266771433,39.3343
1777266771479,38.7710
1777266771503,38.3031
1777266771528,38.0898
1777266771574,37.1837
1777266771599,35.8625
1777266771645,34.8438
1777266771671,34.0059
1777266771697,33.2518
1777266771744,33.2073
1777266771770,33.5993
1777266771795,33.2819
1777266771842,33.5017
1777266771868,33.3741
1777266771894,32.6132
1777266771944,32.2246
1777266771970,32.4560
1777266771995,32.5494
1777266772041,32.5278
1777266772068,32.2611
1777266772116,31.9285
1777266772144,31.6921
1777266772170,31.7163
1777266772196,31.6430
1777266772245,30.5621
1777266772271,30.7554
1777266772295,30.6983
1777266772342,30.2035
1777266772368,30.3954
1777266772394,30.0339
1777266772440,28.9662
1777266772466,28.3781
1777266772492,28.6618
1777266772539,28.7797
1777266772564,28.6114
1777266772589,28.3744
1777266772637,28.3650
1777266772663,28.0471
1777266772711,27.6096
1777266772737,27.5609
1777266772764,26.7776
1777266772792,26.6952
1777266772841,26.7198
1777266772869,26.6361
1777266772897,26.2436
1777266772925,26.1540
1777266772974,26.6607
1777266773002,27.4617
1777266773029,28.1577
1777266773058,28.4566
1777266773108,28.9650
1777266773135,29.0952
1777266773163,28.9299
1777266773191,28.9960
1777266773220,29.0554
1777266773269,29.1074
1777266773298,29.1926
1777266773327,29.3995
1777266773355,29.5108
1777266773406,30.0730
1777266773435,30.8356
1777266773464,30.8172
1777266773493,30.4925
1777266773522,30.5634
1777266773572,31.7793
1777266773600,32.2440
1777266773628,32.3412
1777266773657,32.1404
1777266773686,32.0461
1777266773736,32.3892
1777266773764,32.4766
1777266773792,32.9174
1777266773819,32.8898
1777266773868,33.0500
1777266773896,33.5305
1777266773925,34.3039
1777266773953,34.4971
1777266773983,34.7776
1777266774034,34.3351
1777266774061,33.8686
1777266774088,33.6830
1777266774117,33.5967
1777266774147,33.6975
1777266774201,33.7560
1777266774229,34.3938
1777266774258,34.3110
1777266774287,34.0858
1777266774317,33.8482
1777266774346,34.1902
1777266774396,34.3151
1777266774422,34.7313
1777266774447,34.3782
1777266774496,35.0818
1777266774524,35.3338
1777266774548,35.1276
1777266774624,34.2297
1777266774646,34.5986
1777266774669,34.5976
1777266774713,35.2429
1777266774737,35.4224
1777266774762,35.4236
1777266774806,34.9543
1777266774830,35.0281
1777266774875,34.6734
1777266774899,34.2797
1777266774944,33.8329
1777266774968,33.9620
1777266775013,33.0661
1777266775037,32.9837
1777266775062,32.7911
1777266775107,33.1645
1777266775131,33.1378
1777266775177,32.6932
1777266775201,32.6016
1777266775226,32.6200
1777266775275,33.6304
1777266775300,34.3972
1777266775325,34.0353
1777266775371,33.4494
1777266775396,32.9726
1777266775442,33.0878
1777266775467,33.1310
1777266775493,33.1595
1777266775539,32.0977
1777266775564,32.1896
1777266775589,33.3611
1777266775635,33.2293
1777266775661,33.6651
1777266775707,34.0983
1777266775732,34.0045
1777266775757,34.0525
1777266775803,34.1044
1777266775828,33.6492
1777266775853,33.2557
1777266775899,32.9706
1777266775925,32.9389
1777266775971,32.1121
1777266775996,32.4535
1777266776023,32.7887
1777266776070,33.2643
1777266776096,33.5311
1777266776121,33.4290
1777266776168,33.7376
1777266776194,33.6493
1777266776222,34.3026
1777266776271,33.8933
1777266776298,33.8605
1777266776324,34.3909
1777266776353,34.7916
1777266776402,34.2074
1777266776429,34.4007
1777266776456,34.5519
1777266776485,34.2061
1777266776538,33.4253
1777266776565,34.0763
1777266776593,33.9581
1777266776623,32.9825
1777266776652,32.0961
1777266776702,31.3379
1777266776731,30.8634
1777266776759,30.6102
1777266776786,31.0520
1777266776813,31.4063
1777266776862,31.7272
1777266776890,31.8692
1777266776918,31.6383
1777266776945,31.5290
1777266776993,32.0240
1777266777021,32.2864
1777266777050,32.5657
1777266777098,32.3055
1777266777126,31.6225
1777266777153,31.4141
1777266777181,31.3472
1777266777230,31.3389
1777266777259,30.5800
1777266777288,29.7361
1777266777315,29.1190
1777266777365,29.8310
1777266777392,30.4488
1777266777417,30.3105
1777266777444,29.8301
1777266777495,29.9060
1777266777524,30.4116
1777266777555,30.3090
1777266777583,29.9812
1777266777610,29.6757
1777266777659,30.7650
1777266777688,31.0160
1777266777718,30.8097
1777266777748,30.4555
1777266777778,30.1089
1777266777864,30.4566
1777266777886,30.2187
1777266777930,30.3209
1777266777954,30.8925
1777266778000,31.0122
1777266778023,30.3564
1777266778066,30.3762
1777266778090,30.8142
1777266778135,30.6929
1777266778160,30.7790
1777266778183,30.9767
1777266778227,31.0366
1777266778250,30.9979
1777266778293,31.0806
1777266778318,31.3998
1777266778366,31.5732
1777266778391,31.4661
1777266778416,31.4338
1777266778461,30.9853
1777266778486,30.9520
1777266778511,31.1067
1777266778557,31.1994
1777266778582,31.7399
1777266778629,31.7656
1777266778654,31.8976
1777266778679,32.2166
1777266778726,33.6707
1777266778751,34.0810
1777266778798,34.0020
1777266778824,34.0950
1777266778850,32.9944
1777266778897,33.3479
1777266778923,33.4806
1777266778949,33.4603
1777266778996,33.2849
1777266779022,33.2276
1777266779048,32.9633
1777266779096,32.3925
1777266779123,32.0854
1777266779148,32.4905
1777266779196,32.7286
1777266779222,32.8425
1777266779249,32.6602
1777266779276,32.2330
1777266779324,32.0207
1777266779351,31.1959
1777266779377,31.0782
1777266779426,32.2613
1777266779453,32.5850
1777266779480,32.9597
1777266779507,32.9465
1777266779555,32.2386
1777266779583,32.0076
1777266779610,32.2271
1777266779659,32.1909
1777266779686,32.1503
1777266779714,31.1902
1777266779742,30.2455
1777266779792,29.3740
1777266779820,29.6125
1777266779849,30.1153
1777266779878,30.3331
1777266779905,30.5016
1777266779952,30.6227
1777266779979,30.5092
1777266780005,30.2910
1777266780053,31.5699
1777266780080,31.8932
1777266780106,31.5462
1777266780154,31.0604
1777266780180,30.5410
1777266780206,30.3911
1777266780255,30.5725
1777266780281,31.0561
1777266780307,31.0426
1777266780334,30.6006
1777266780381,30.0632
1777266780408,29.3941
1777266780435,29.1161
1777266780484,28.7280
1777266780512,29.6911
1777266780542,29.8891
1777266780570,29.8390
1777266780618,29.4760
1777266780645,29.7250
1777266780672,29.4534
1777266780700,29.0395
1777266780747,28.6187
1777266780775,29.2487
1777266780802,29.2018
1777266780854,29.0389
1777266780884,28.7710
1777266780912,28.5759
1777266781011,28.3846
1777266781035,30.1001
1777266781079,28.7248
1777266781103,28.7177
1777266781148,29.0987
1777266781172,29.0129
1777266781217,28.8559
1777266781241,28.6314
1777266781265,28.3189
1777266781310,29.1081
1777266781335,29.7573
1777266781381,30.1408
1777266781405,30.3165
1777266781430,30.2554
1777266781476,30.1483
1777266781501,29.7990
1777266781546,28.7603
1777266781571,28.4530
1777266781596,29.1142
1777266781642,29.7164
1777266781667,30.1779
1777266781713,30.7656
1777266781739,31.2959
1777266781764,31.3639
1777266781810,31.6020
1777266781835,32.1519
1777266781861,32.2928
1777266781907,32.4744
1777266781933,33.0006
1777266781980,32.6166
1777266782005,32.5319
1777266782031,32.1844
1777266782076,30.5669
1777266782101,30.6893
1777266782127,31.9912
1777266782174,33.0897
1777266782200,33.5262
1777266782226,33.5669
1777266782273,34.5733
1777266782299,34.3514
1777266782325,34.0805
1777266782372,34.4235
1777266782399,34.6124
1777266782426,34.4965
1777266782476,33.8042
1777266782502,34.3370
1777266782528,34.6387
1777266782575,34.0625
1777266782602,33.9131
1777266782629,33.8685
1777266782675,32.7876
1777266782703,32.5379
1777266782729,32.6007
1777266782756,32.8780
1777266782804,32.5878
1777266782830,32.3777
1777266782857,31.3192
1777266782906,30.5591
1777266782933,30.1330
1777266782961,30.0538
1777266782990,29.6814
1777266783038,29.8494
1777266783066,30.3674
1777266783094,30.1704
1777266783121,29.3496
1777266783170,29.1247
1777266783199,28.0499
1777266783228,27.7433
1777266783256,27.6816
1777266783306,26.5479
1777266783334,26.5354
1777266783363,26.4951
1777266783391,26.1281
1777266783419,25.9064
1777266783470,26.2321
1777266783500,26.3743
1777266783532,26.7282
1777266783561,27.5252
1777266783590,27.9475
1777266783620,28.4005
1777266783672,28.1972
1777266783702,28.7591
1777266783731,28.6967
1777266783761,28.3835
1777266783789,28.1694
1777266783819,27.8262
1777266783871,27.5594
1777266783901,28.5674
1777266783985,29.1259
1777266784009,31.8293
1777266784034,31.6549
1777266784079,31.3131
1777266784104,31.5844
1777266784129,31.8548
1777266784175,31.9322
1777266784200,31.9006
1777266784226,32.0538
1777266784273,31.7481
1777266784298,31.8440
1777266784345,31.3636
1777266784370,31.2967
1777266784395,31.4036
1777266784444,31.6768
1777266784470,31.7796
1777266784496,32.1390
1777266784543,32.2483
1777266784569,31.7529
1777266784595,31.1125
1777266784642,30.4740
1777266784668,30.7902
1777266784694,30.4722
1777266784743,29.9396
1777266784769,30.1790
1777266784795,30.2549
1777266784822,30.6755
1777266784869,30.9923
1777266784896,30.8960
1777266784922,30.9270
1777266784969,31.2817
1777266784996,29.5064
1777266785023,29.8363
1777266785071,30.4803
1777266785099,30.6342
1777266785125,31.0675
1777266785152,31.1230
1777266785202,31.0805
1777266785228,31.1389
1777266785256,32.3264
1777266785304,33.6742
1777266785332,34.2259
1777266785359,34.6999
1777266785385,34.5416
1777266785434,33.9604
1777266785460,33.6586
1777266785487,33.3472
1777266785514,33.3529
1777266785563,33.0223
1777266785590,32.9145
1777266785618,32.8009
1777266785667,32.7352
1777266785694,32.9504
1777266785722,33.3654
1777266785750,32.9397
1777266785799,32.8613
1777266785827,33.0990
1777266785855,32.9476
1777266785883,32.6195
1777266785911,32.9664
1777266785961,32.3528
1777266785989,32.7365
1777266786017,32.5915
1777266786046,31.9246
1777266786096,31.2863
1777266786123,30.7406
1777266786152,30.5570
1777266786181,30.7782
1777266786231,30.8806
1777266786260,31.0267
1777266786290,29.8910
1777266786319,29.7560
1777266786348,29.4817
1777266786378,29.6341
1777266786429,29.2184
1777266786457,29.8524
1777266786485,29.9312
1777266786514,29.5844
1777266786543,29.4712
1777266786594,29.4742
1777266786623,29.9128
1777266786653,30.4742
1777266786682,30.7746
1777266786710,31.2933
1777266786761,31.2744
1777266786791,31.9523
1777266786818,31.8477
1777266786848,31.6606
1777266786876,31.5317
1777266786905,31.3857
1777266786953,30.5978
1777266786983,30.3899
1777266787012,29.9112
1777266787041,30.6486
1777266787092,31.5419
1777266787121,31.6576
1777266787149,31.6866
1777266787179,31.3476
1777266787211,30.9951
1777266787240,30.6065
1777266787268,30.1244
1777266787320,29.4410
1777266787351,29.6465
1777266787380,30.2078
1777266787411,30.6404
1777266787441,30.3449
1777266787471,30.3031
1777266787524,30.6008
1777266787556,30.9263
1777266787583,31.1126
1777266787613,31.5555
1777266787645,31.7699
1777266787676,31.5366
1777266787707,30.7832
1777266787738,30.9329
1777266787768,30.9281
1777266787818,31.2076
1777266787848,32.5279
1777266787879,33.0580
1777266787909,33.3498
1777266787939,33.9456
1777266787969,34.1851
1777266787998,34.2719
1777266788095,33.6378
1777266788117,33.0478
1777266788162,33.0778
1777266788186,33.5293
1777266788231,33.4729
1777266788255,33.6884
1777266788609,33.6757
1777266788632,41.9730
1777266788655,41.9770
1777266788698,43.0577
1777266788722,43.3542
1777266788746,43.7495
1777266788790,42.7083
1777266788814,42.8590
1777266788858,43.1028
1777266788882,42.4782
1777266788926,43.8302
1777266788949,44.4115
1777266788994,44.8406
1777266789018,47.0691
1777266789062,46.2542
1777266789086,46.2071
1777266789131,46.1174
1777266789154,45.8822
1777266789177,45.0003
1777266789222,45.0231
1777266789246,45.2816
1777266789291,48.1526
1777266789315,48.2869
1777266789359,47.6029
1777266789383,47.5440
1777266789430,46.3048
1777266789455,46.2746
1777266789480,47.0813
1777266789526,47.6903
1777266789550,47.8527
1777266789574,47.8031
1777266789619,41.8072
1777266789665,41.4358
1777266789688,41.6761
1777266789712,41.2219
1777266789758,40.7743
1777266789783,40.8856
1777266789830,42.1533
1777266789855,42.0673
1777266789881,42.6908
1777266789927,42.5886
1777266789953,43.0845
1777266789978,43.2497
1777266790023,42.5522
1777266790048,42.3848
1777266790095,41.5244
1777266790120,40.9936
1777266790145,40.4595
1777266790193,40.0331
1777266790219,40.5543
1777266790244,40.1961
1777266790295,39.3575
1777266790321,38.0760
1777266790347,37.9413
1777266790394,38.0985
1777266790419,38.2151
1777266790444,37.6441
1777266790493,37.1864
1777266790519,35.5569
1777266790544,34.6653
1777266790592,33.5112
1777266790619,32.3292
1777266790646,32.7710
1777266790693,33.3832
1777266790720,33.6652
1777266790745,33.3962
1777266790792,33.5186
1777266790818,32.6216
1777266790844,32.3698
1777266790892,32.3687
1777266790920,32.1492
1777266790947,31.9777
1777266790976,31.9018
1777266791024,31.4757
1777266791052,31.6820
1777266791078,32.0705
1777266791105,33.2260
1777266791154,35.4075
1777266791179,36.1510
1777266791207,36.1885
1777266791255,35.8388
1777266791282,37.0014
1777266791309,37.2668
1777266791337,37.6502
1777266791386,37.5617
1777266791413,37.3609
1777266791440,38.2365
1777266791467,39.5011
1777266791515,39.2930
1777266791542,39.2287
1777266791569,39.5678
1777266791617,40.1394
1777266791645,39.8040
1777266791672,39.1274
1777266791699,38.8711
1777266791747,39.5431
1777266791774,40.1288
1777266791801,40.4656
1777266791850,40.6710
1777266791878,41.4290
1777266791906,41.4584
1777266791932,40.8463
1777266791981,40.4502
1777266792010,40.1936
1777266792039,39.8552
1777266792068,39.6000
1777266792095,39.0011
1777266792144,37.6756
1777266792174,37.8755
1777266792202,36.6215
1777266792309,37.6411
1777266792332,36.6863
1777266792376,36.3945
1777266792401,36.6622
1777266792445,36.9791
1777266792469,36.9727
1777266792493,37.3009
1777266792538,37.7770
1777266792563,38.5471
1777266792607,38.5916
1777266792632,37.9917
1777266792656,38.1838
1777266792701,39.5163
1777266792727,40.4512
1777266792772,39.9128
1777266792797,39.1200
1777266792822,38.4315
1777266792866,37.6024
1777266792890,37.9836
1777266792935,36.9208
1777266792960,37.6142
1777266793006,39.0233
1777266793032,39.8706
1777266793057,40.1275
1777266793104,42.3846
1777266793129,42.0177
1777266793154,41.8691
1777266793200,42.0589
1777266793226,42.6835
1777266793273,42.5064
1777266793299,42.0978
1777266793324,41.0531
1777266793369,42.1131
1777266793394,42.4297
1777266793423,42.5559
1777266793469,42.0156
1777266793494,41.5195
1777266793520,40.8811
1777266793566,40.1421
1777266793592,39.9277
1777266793617,41.4192
1777266793664,42.0558
1777266793690,41.5649
1777266793715,41.4472
1777266793762,41.0451
1777266793788,41.0447
1777266793835,40.3372
1777266793862,40.0440
1777266793889,39.5629
1777266793915,40.1985
1777266793963,40.1381
1777266793989,40.1931
1777266794016,39.2871
1777266794064,39.2444
1777266794091,38.6644
1777266794118,38.6475
1777266794166,38.4098
1777266794193,38.0997
1777266794220,38.2209
1777266794247,37.9239
1777266794296,37.5822
1777266794325,38.3051
1777266794354,38.4353
1777266794382,37.7823
1777266794433,37.1881
1777266794462,37.5673
1777266794490,37.6688
1777266794518,38.3216
1777266794546,38.9976
1777266794596,38.5461
1777266794624,38.4174
1777266794652,37.4668
1777266794682,36.6763
1777266794732,36.0558
1777266794759,35.8094
1777266794789,35.3071
1777266794818,35.6802
1777266794847,35.8334
1777266794896,35.8289
1777266794926,35.7323
1777266794956,35.3935
1777266794985,35.0918
1777266795013,34.8526
1777266795062,34.6252
1777266795088,34.8703
1777266795113,34.8712
1777266795160,34.1459
1777266795187,34.1542
1777266795215,34.0395
1777266795243,33.6501
1777266795295,33.5712
1777266795325,33.6417
1777266795355,33.8583
1777266795384,33.5581
1777266795413,33.5391
1777266795442,33.1984
1777266795471,33.0170
1777266795529,32.7860
1777266795558,32.8683
1777266795588,33.0110
1777266795617,32.9839
1777266795646,32.8593
1777266795676,32.0988
1777266795730,33.2782
1777266795761,33.9873
1777266795846,34.3517
1777266795869,36.1091
1777266795892,35.9108
1777266795937,36.0023
1777266795961,35.9431
1777266795985,35.9431
1777266796030,35.2070
1777266796054,35.0278
1777266796100,35.0875
1777266796124,35.9904
1777266796148,35.4733
1777266796193,34.5021
1777266796217,34.7790
1777266796263,34.8637
1777266796288,34.7310
1777266796334,34.0738
1777266796359,33.5237
1777266796383,34.1080
1777266796429,34.6557
1777266796454,34.8005
1777266796500,34.9079
1777266796525,34.7100
1777266796550,34.4563
1777266796596,34.3754
1777266796622,34.2079
1777266796647,34.2771
1777266796693,34.2211
1777266796718,33.5173
1777266796765,32.4182
1777266796790,32.7535
1777266796815,32.9928
1777266796862,32.9666
1777266796887,31.3798
1777266796913,31.6358
1777266796960,31.1485
1777266796985,31.1486
1777266797011,31.3479
1777266797058,32.2578
1777266797084,31.6327
1777266797109,31.2947
1777266797157,32.5730
1777266797183,32.8215
1777266797209,32.6173
1777266797257,32.6519
1777266797283,32.5004
1777266797310,33.2226
1777266797358,33.1123
1777266797385,32.9059
1777266797416,32.4141
1777266797444,31.4410
1777266797492,30.8554
1777266797520,30.9148
1777266797546,31.3803
1777266797574,30.9692
1777266797628,30.9644
1777266797654,31.2874
1777266797683,31.2042
1777266797711,30.9415
1777266797739,30.7391
1777266797788,30.3937
1777266797816,29.5110
1777266797844,29.2252
1777266797872,29.0831
1777266797922,28.8434
1777266797950,29.1119
1777266797978,29.0044
1777266798007,29.1421
1777266798035,28.9373
1777266798085,27.8617
1777266798114,27.4321
1777266798142,27.5919
1777266798170,27.3911
1777266798220,27.5002
1777266798249,27.8121
1777266798278,27.8052
1777266798305,27.8001
1777266798334,28.4928
1777266798385,29.3689
1777266798414,30.0048
1777266798443,30.0909
1777266798472,30.2542
1777266798500,29.9111
1777266798550,29.5671
1777266798580,29.5486
1777266798609,29.6649
1777266798638,29.3714
1777266798667,28.8752
1777266798717,29.4617
1777266798747,30.8202
1777266798777,31.4462
1777266798807,31.8862
1777266798835,31.9286
1777266798865,31.7504
1777266798916,31.7876
1777266798946,31.8069
1777266798977,31.7816
1777266799007,32.1413
1777266799037,32.5228
1777266799068,33.7194
1777266799096,33.2994
1777266799145,32.7719
1777266799173,32.2848
1777266799202,32.1751
1777266799305,33.8055
1777266799329,33.7138
1777266799373,32.6077
1777266799397,32.2734
1777266799421,32.5130
1777266799466,32.8582
1777266799490,33.1577
1777266799535,33.0463
1777266799559,32.7679
1777266799604,32.8934
1777266799627,32.6968
1777266799672,32.5184
1777266799697,33.2410
1777266799724,32.7144
1777266799768,32.2260
1777266799792,31.8067
1777266799838,31.7881
1777266799863,32.1695
1777266799888,31.7456
1777266799935,31.6618
1777266799960,31.3899
1777266799986,30.9866
1777266800032,30.3570
1777266800058,29.6847
1777266800104,29.4142
1777266800129,30.0460
1777266800154,30.0892
1777266800201,29.8075
1777266800226,29.7733
1777266800252,29.4260
1777266800299,29.2568
1777266800324,27.7090
1777266800351,27.5256
1777266800398,27.1855
1777266800424,26.3143
1777266800450,26.2615
1777266800498,26.1778
1777266800523,26.9654
1777266800550,26.9785
1777266800598,27.1288
1777266800624,27.0332
1777266800651,26.9926
1777266800699,26.8392
1777266800725,26.5833
1777266800752,26.3115
1777266800778,25.8933
1777266800826,25.4488
1777266800853,25.2452
1777266800879,25.2160
1777266800927,25.4777
1777266800954,25.3891
1777266800981,25.2632
1777266801029,25.3081
1777266801056,25.9069
1777266801083,26.3808
1777266801111,26.6524
1777266801159,26.6611
1777266801185,26.6945
1777266801211,27.6539
1777266801259,29.2224
1777266801286,29.5970
1777266801312,29.3128
1777266801361,28.9366
1777266801388,29.8356
1777266801417,29.9522
1777266801445,30.2898
1777266801494,30.1601
1777266801522,30.1604
1777266801551,29.4595
1777266801578,29.4456
1777266801628,29.6456
1777266801657,30.0270
1777266801685,30.5137
1777266801714,30.3133
1777266801742,30.4690
1777266801793,31.0413
1777266801821,31.3409
1777266801848,31.2011
1777266801876,31.1979
1777266801924,31.7669
1777266801952,32.3836
1777266801979,33.1269
1777266802008,33.3470
1777266802060,33.0309
1777266802087,32.8448
1777266802112,32.5503
1777266802140,32.5283
1777266802189,32.6111
1777266802216,32.5927
1777266802243,31.6241
1777266802271,31.1920
1777266802320,32.2407
1777266802347,32.7536
1777266802372,32.4658
1777266802419,32.6040
1777266802445,32.4080
1777266802474,32.2725
1777266802502,32.1515
1777266802552,32.5878
1777266802581,32.9797
1777266802667,33.2961
1777266802690,34.3352
1777266802712,34.3146
1777266802756,34.0850
1777266802780,33.7254
1777266802824,33.0191
1777266802848,33.1574
1777266802894,33.5175
1777266802919,33.4144
1777266802944,32.7820
1777266802990,32.1013
1777266803016,31.8002
1777266803062,32.2233
1777266803087,32.6586
1777266803114,33.1704
1777266803161,33.0574
1777266803187,33.1349
1777266803213,33.0582
1777266803260,33.1757
1777266803286,32.5579
1777266803312,33.1389
1777266803359,33.7647
1777266803385,34.3470
1777266803411,34.4805
1777266803458,34.7616
1777266803485,35.3528
1777266803511,35.2344
1777266803559,34.7724
1777266803586,34.7752
1777266803613,34.7040
1777266803662,34.3319
1777266803690,33.6203
1777266803716,33.0444
1777266803743,32.9665
1777266803792,32.5173
1777266803819,33.4850
1777266803846,33.3384
1777266803874,33.2150
1777266803926,33.2683
1777266803953,33.3896
1777266803981,33.4483
1777266804008,33.1202
1777266804057,32.8592
1777266804086,32.5970
1777266804114,32.1497
1777266804142,31.8296
1777266804193,31.3199
1777266804221,31.6417
1777266804251,31.5635
1777266804280,31.3601
1777266804309,31.1687
1777266804338,30.1943
1777266804387,29.0441
1777266804414,27.8801
1777266804443,28.5339
1777266804471,28.2081
1777266804520,28.1004
1777266804547,28.2707
1777266804573,27.8004
1777266804601,28.0156
1777266804649,28.4902
1777266804677,28.3895
1777266804704,28.3526
1777266804752,28.0044
1777266804779,28.6452
1777266804807,28.5380
1777266804833,28.6611
1777266804882,28.6994
1777266804908,28.4595
1777266804935,28.1116
1777266804981,28.5556
1777266805007,28.5234
1777266805033,29.3240
1777266805084,29.5539
1777266805110,29.7579
1777266805139,29.6870
1777266805168,29.5779
1777266805217,29.9998
1777266805245,29.8401
1777266805273,29.8601
1777266805301,29.8577
1777266805350,30.8066
1777266805378,31.5549
1777266805404,31.6421
1777266805455,31.1535
1777266805482,30.8706
1777266805510,30.7275
1777266805538,30.3648
1777266805565,30.0888
1777266805613,30.4333
1777266805641,30.4498
1777266805670,30.0420
1777266805697,29.5219
1777266805749,29.8580
1777266805777,29.9063
1777266805806,29.8444
1777266805833,29.6621
1777266805859,30.0654
1777266805909,29.8920
1777266805936,29.9570
1777266805965,30.2244
1777266806014,29.9402
1777266806042,30.1953
1777266806071,30.2650
1777266806099,30.1024
1777266806127,29.8403
1777266806179,30.0752
1777266806207,30.2853
1777266806235,30.1212
1777266806261,30.0305
1777266806311,30.4356
1777266806338,30.9804
1777266806366,30.5153
1777266806393,30.7988
1777266806443,30.6005
1777266806470,30.5781
1777266806499,30.5685
1777266806525,30.3458
1777266806575,30.0194
1777266806603,30.3595
1777266806632,30.1796
1777266806658,29.9331
1777266806708,31.0683
1777266806737,31.1017
1777266806764,31.1655
1777266806790,31.0343
1777266806840,30.6861
1777266806872,30.6650
1777266806899,30.7438
1777266806927,31.5449
1777266806954,31.0900
1777266807004,30.7717
1777266807029,30.9402
1777266807057,30.6075
1777266807083,30.2670
1777266807135,30.2398
1777266807163,30.3142
1777266807191,30.1086
1777266807217,29.6855
1777266807268,30.0756
1777266807296,30.4098
1777266807322,29.7168
1777266807352,30.1461
1777266807405,29.7769
1777266807434,29.5443
1777266807462,29.4562
1777266807492,29.2228
1777266807519,29.0561
1777266807549,29.0561
1777266807600,31.2509
1777266807627,31.2500
1777266807654,31.6631
1777266807683,31.1951
1777266807735,30.8367
1777266807763,30.9235
1777266807794,31.4356
1777266807821,31.8434
1777266807850,31.7096
1777266807900,32.2284
1777266807928,32.3805
1777266808021,32.0729
1777266808043,36.6397
1777266808070,36.1359
1777266808092,35.7176
1777266808135,34.8531
1777266808158,35.0245
1777266808204,35.2867
1777266808227,37.0783
1777266808273,37.2885
1777266808295,37.2773
1777266808339,38.0017
1777266808364,38.5464
1777266808408,38.6994
1777266808432,38.1995
1777266808476,37.4025
1777266808499,38.4487
1777266808545,38.1500
1777266808569,37.7992
1777266808592,37.3484
1777266808636,35.6278
1777266808660,35.1900
1777266808704,35.5453
1777266808727,35.6530
1777266808772,35.7071
1777266808795,34.8391
1777266808840,34.3637
1777266808864,34.2038
1777266808909,33.5827
1777266808932,33.3749
1777266808956,32.8945
1777266809004,32.9661
1777266809027,32.8490
1777266809072,30.4914
1777266809096,29.9325
1777266809120,29.9743
1777266809165,29.8164
1777266809188,29.7979
1777266809237,29.9440
1777266809261,29.7979
1777266809305,28.7765
1777266809330,27.8271
1777266809375,27.8584
1777266809399,28.2763
1777266809435,28.0032
1777266809459,28.2000
1777266809505,28.3768
1777266809550,27.7254
1777266809574,27.5032
1777266809619,27.9331
1777266809643,28.4772
1777266809672,28.5003
1777266809696,28.0604
1777266809740,27.3294
1777266809764,27.1836
1777266809815,27.3305
1777266809838,27.6540
1777266809864,27.3296
1777266809909,27.4680
1777266809933,27.6299
1777266809978,27.6126
1777266810003,27.6486
1777266810048,27.0084
1777266810072,27.7083
1777266810097,28.2988
1777266810143,28.0043
1777266810167,28.0412
1777266810213,28.4285
1777266810237,26.9540
1777266810261,26.8178
1777266810306,27.5533
1777266810330,27.5729
1777266810375,27.3476
1777266810399,27.4648
1777266810443,27.2600
1777266810470,27.3012
1777266810496,27.9766
1777266810541,27.4272
1777266810566,28.0805
1777266810616,27.8699
1777266810641,28.1011
1777266810666,27.5606
1777266810712,27.3373
1777266810738,27.9787
1777266810766,28.4272
1777266810811,28.2034
1777266810836,27.7095
1777266810861,28.1145
1777266810908,28.5950
1777266810933,28.3877
1777266810958,28.3520
1777266811004,28.6693
1777266811029,28.8363
1777266811075,28.9082
1777266811102,29.1758
1777266811128,28.3809
1777266811174,28.4106
1777266811200,28.4087
1777266811225,27.9844
1777266811271,28.0460
1777266811296,27.9644
1777266811343,27.6806
1777266811368,27.8290
1777266811393,27.7885
1777266811440,27.4904
1777266811465,27.7598
1777266811491,27.6622
1777266811537,27.2360
1777266811562,27.1361
1777266811610,27.2168
1777266811635,27.2410
1777266811661,26.8376
1777266811708,27.5000
1777266811734,27.4901
1777266811759,27.6701
1777266811806,28.3598
1777266811832,28.2853
1777266811878,28.4605
1777266811903,28.4101
1777266811929,28.0676
1777266811975,29.0149
1777266812003,29.1069
1777266812028,29.0864
1777266812075,29.1022
1777266812100,28.6018
1777266812126,29.0126
1777266812173,28.6795
1777266812199,28.6736
1777266812225,28.6816
1777266812274,28.9637
1777266812300,29.4269
1777266812325,29.2838
1777266812371,29.0648
1777266812396,29.4809
1777266812444,29.3931
1777266812470,29.2442
1777266812496,28.8878
1777266812543,28.5940
1777266812570,28.8758
1777266812596,28.9279
1777266812643,28.3058
1777266812669,28.5996
1777266812695,28.7410
1777266812747,28.4264
1777266812773,28.4211
1777266812798,27.7403
1777266812845,27.1436
1777266812871,27.3703
1777266812900,27.4113
1777266812929,27.1083
1777266812975,26.9081
1777266813155,26.2120
1777266813177,27.0537
1777266813224,27.8629
1777266813247,27.3985
1777266813290,27.4249
1777266813313,27.2838
1777266813357,26.6518
1777266813380,26.4595
1777266813426,26.6131
1777266813449,26.6981
1777266813472,26.9131
1777266813516,26.8678
1777266813539,27.3622
1777266813583,27.2717
1777266813606,26.8547
1777266813650,28.4843
1777266813674,28.8188
1777266813718,28.2851
1777266813742,28.2284
1777266813786,27.6323
1777266813810,28.3829
1777266813854,28.5813
1777266813878,28.5038
1777266813902,28.3192
1777266813946,28.0824
1777266813970,28.1495
1777266814015,28.6167
1777266814039,28.3348
1777266814085,27.7105
1777266814109,27.8202
1777266814154,28.0033
1777266814177,27.8852
1777266814201,26.8755
1777266814247,26.2739
1777266814273,26.3211
1777266814318,27.0423
1777266814341,27.0286
1777266814365,26.6675
1777266814410,26.4617
1777266814434,26.6656
1777266814478,26.2917
1777266814501,26.1299
1777266814545,26.0872
1777266814569,25.8170
1777266814613,25.5814
1777266814637,25.4684
1777266814681,24.8053
1777266814705,25.1156
1777266814729,24.8355
1777266814773,24.3197
1777266814797,24.7961
1777266814841,24.4584
1777266814865,24.0362
1777266814910,24.2643
1777266814934,24.5812
1777266814978,24.1020
1777266815002,23.7827
1777266815047,24.0884
1777266815071,24.6194
1777266815095,24.6874
1777266815141,24.3220
1777266815165,24.0586
1777266815210,24.6467
1777266815234,24.7968
1777266815280,24.4308
1777266815304,24.9604
1777266815329,24.7283
1777266815375,24.4196
1777266815400,25.0166
1777266815445,24.8681
1777266815469,24.7861
1777266815517,25.2848
1777266815542,25.7540
1777266815567,25.5314
1777266815615,26.0876
1777266815640,26.6325
1777266815664,26.7763
1777266815710,26.2738
1777266815735,26.6337
1777266815781,26.4622
1777266815809,26.6062
1777266815834,26.4991
1777266815859,26.1186
1777266815904,26.2822
1777266815929,26.3826
1777266815976,25.5140
1777266816000,26.1740
1777266816026,26.1881
1777266816071,25.5967
1777266816094,25.5003
1777266816139,25.5272
1777266816163,26.6488
1777266816207,26.3324
1777266816230,25.8306
1777266816274,25.6963
1777266816297,26.0029
1777266816341,25.6163
1777266816364,25.8124
1777266816409,25.3931
1777266816432,25.2214
1777266816455,24.7399
1777266816500,25.3749
1777266816526,25.1563
1777266816573,23.9350
1777266816598,24.0082
1777266816624,23.7761
1777266816671,23.1836
1777266816695,23.6058
1777266816741,23.3306
1777266816765,23.2378
1777266816790,23.0712
1777266816837,22.5633
1777266816862,22.8692
1777266816888,22.8049
1777266816936,22.3264
1777266817103,22.7038
1777266817126,23.1496
1777266817149,23.2334
1777266817171,22.9749
1777266817215,21.8176
1777266817238,21.6587
1777266817281,21.0669
1777266817304,20.8693
1777266817348,20.5254
1777266817371,20.5770
1777266817414,20.7800
1777266817437,20.9843
1777266817483,21.2036
1777266817506,21.1222
1777266817550,20.9008
1777266817573,20.9091
1777266817616,20.4938
1777266817640,20.8928
1777266817683,20.9713
1777266817707,21.2898
1777266817751,21.8349
1777266817774,21.7320
1777266817818,21.5993
1777266817841,22.0161
1777266817886,22.8669
1777266817909,23.4335
1777266817933,23.0707
1777266817978,22.5181
1777266818002,22.7489
1777266818047,22.9009
1777266818071,23.0594
1777266818119,23.3445
1777266818142,23.0861
1777266818166,22.8889
1777266818211,23.2218
1777266818235,23.0467
1777266818280,24.1388
1777266818304,24.5550
1777266818349,25.9148
1777266818373,26.0670
1777266818397,25.7473
1777266818442,25.7317
1777266818466,25.5296
1777266818511,25.0523
1777266818535,25.3990
1777266818580,25.9068
1777266818604,26.4534
1777266818628,26.5321
1777266818673,26.3988
1777266818698,26.1165
1777266818745,25.8548
1777266818769,25.7310
1777266818793,25.5400
1777266818841,26.3175
1777266818866,26.5145
1777266818891,25.5882
1777266818937,26.6101
1777266818961,26.8624
1777266819007,26.8893
1777266819032,26.7344
1777266819078,26.7368
1777266819103,26.6468
1777266819128,26.3167
1777266819174,25.8692
1777266819200,26.2045
1777266819227,26.3516
1777266819273,26.0948
1777266819298,25.9484
1777266819322,25.3697
1777266819366,25.0294
1777266819391,24.6385
1777266819436,24.9261
1777266819461,24.7991
1777266819485,24.7947
1777266819532,25.6117
1777266819557,25.5009
1777266819604,24.6983
1777266819629,24.7290
1777266819652,25.0491
1777266819698,25.0114
1777266819723,25.1837
1777266819769,25.0369
1777266819796,25.3012
1777266819822,25.2269
1777266819869,25.2958
1777266819894,25.6030
1777266819919,25.8993
1777266819965,25.6686
1777266819990,25.4828
1777266820015,25.3422
1777266820062,25.4131
1777266820087,25.0823
1777266820134,25.1632
1777266820159,25.5520
1777266820184,25.4792
1777266820232,25.9194
1777266820257,25.9764
1777266820282,26.0357
1777266820330,25.5956
1777266820355,25.9892
1777266820380,26.1846
1777266820427,26.1539
1777266820452,26.7666
1777266820477,26.8192
1777266820631,27.1737
1777266820667,27.5287
1777266820692,36.9364
1777266820716,36.5244
1777266820760,36.2528
1777266820786,36.9910
1777266820813,37.2167
1777266820856,37.0808
1777266820879,37.5874
1777266820922,37.9373
1777266820945,38.0198
1777266820990,37.1699
1777266821013,37.5154
1777266821056,37.4799
1777266821079,37.1913
1777266821124,37.4635
1777266821147,37.0909
1777266821193,37.4092
1777266821217,37.7901
1777266821241,38.1542
1777266821285,37.8302
1777266821309,38.2531
1777266821354,37.9004
1777266821404,37.5481
1777266821426,38.0729
1777266821448,37.7564
1777266821493,37.4090
1777266821516,37.4265
1777266821561,36.6872
1777266821585,36.3651
1777266821610,35.7827
1777266821655,35.4345
1777266821678,35.3970
1777266821722,27.7052
1777266821746,27.9816
1777266821793,28.0333
1777266821818,27.7365
1777266821842,27.6901
1777266821887,27.1769
1777266821911,26.4495
1777266821956,26.2285
1777266821981,26.3260
1777266822004,26.0660
1777266822050,26.3706
1777266822076,26.5456
1777266822121,26.2501
1777266822146,26.4488
1777266822170,26.6437
1777266822215,26.2909
1777266822240,25.6649
1777266822285,25.9803
1777266822309,26.0479
1777266822355,25.8965
1777266822379,25.8544
1777266823023,25.5596
1777266823047,52.8325
1777266823093,51.2567
1777266823117,53.1280
1777266823141,52.3125
1777266823186,49.6829
1777266823210,53.0978
1777266823255,52.6665
1777266823279,50.0591
1777266823324,47.7715
1777266823348,52.8104
1777266823394,51.4015
1777266823418,52.1380
1777266823442,49.5598
1777266823488,47.9931
1777266823513,46.2208
1777266823558,46.4185
1777266823582,46.5669
1777266823607,44.9660
1777266823655,43.0581
1777266823679,43.0401
1777266823726,42.7200
1777266823750,42.0281
1777266823775,41.0850
1777266823820,40.5903
1777266823845,39.8918
1777266823870,39.8258
1777266823916,39.8253
1777266823941,39.0943
1777266823988,38.8463
1777266824013,38.3982
1777266824037,26.4348
1777266824085,27.9616
1777266824110,27.8049
1777266824134,27.5358
1777266824182,28.9124
1777266824207,29.1183
1777266824254,28.6451
1777266824278,28.9548
1777266824384,32.5193
1777266824407,35.1004
1777266824428,35.0397
1777266824473,34.8606
1777266824574,36.1639
1777266824597,37.5800
1777266824641,37.2878
1777266824664,37.7782
1777266824708,37.3021
1777266824731,36.8851
1777266824775,37.5027
1777266824798,37.1830
1777266824842,37.7635
1777266824866,37.3542
1777266824910,37.3924
1777266824933,38.6117
1777266824978,38.8026
1777266825001,39.6399
1777266825025,39.7957
1777266825069,39.8214
1777266825092,41.2386
1777266825137,42.3335
1777266825160,41.5369
1777266825205,40.4773
1777266825229,41.7944
1777266825276,41.6868
1777266825301,41.5489
1777266825325,41.7187
1777266825370,41.2654
1777266825394,40.5825
1777266825439,36.3718
1777266825463,36.8292
1777266825508,36.0935
1777266825532,36.1508
1777266825556,35.9818
1777266825602,35.0392
1777266825626,33.2776
1777266825671,33.8514
1777266825696,33.6975
1777266825720,33.8516
1777266825765,33.0962
1777266825790,32.7637
1777266825835,32.4855
1777266825860,32.2406
1777266825909,32.7253
1777266825933,32.0058
1777266825958,31.9971
1777266826003,31.8394
1777266826028,32.6823
1777266826052,32.7772
1777266826098,32.3798
1777266826122,31.3151
1777266826168,31.9788
1777266826192,32.4344
1777266826217,31.9783
1777266826263,31.7826
1777266826288,31.8859
1777266826334,31.6584
1777266826359,31.2593
1777266826384,30.9566
1777266826430,30.5790
1777266826454,30.5073
1777266826500,31.8532
1777266826524,31.6491
1777266826550,31.5035
1777266826597,32.4750
1777266826622,32.1847
1777266826668,31.9967
1777266826695,31.8214
1777266826720,31.9680
1777266826766,33.8730
1777266826792,34.0711
1777266826816,34.0747
1777266826863,34.9406
1777266826889,34.9166
1777266826913,34.7532
1777266826960,34.4230
1777266826985,34.4379
1777266827031,35.2673
1777266827057,33.7173
1777266827082,33.7272
1777266827128,33.9868
1777266827154,34.1413
1777266827183,32.6706
1777266827208,33.4622
1777266827255,33.4140
1777266827281,32.8799
1777266827327,32.3183
1777266827354,32.0035
1777266827378,32.1563
1777266827424,34.3397
1777266827450,34.4180
1777266827474,33.8431
1777266827520,34.0260
1777266827546,33.7397
1777266827592,33.1235
1777266827617,33.4924
1777266827642,33.2379
1777266827688,32.4470
1777266827714,32.2770
1777266827738,31.8049
1777266827785,30.9638
1777266827810,31.1229
1777266827857,30.6195
1777266827882,30.6581
1777266827907,31.1529
1777266827954,30.6969
1777266827979,30.2847
1777266828003,30.2640
1777266828051,30.0606
1777266828075,29.8440
1777266828122,30.8921
1777266828147,30.5674
1777266828172,29.7031
1777266828217,30.0903
1777266828242,29.9238
1777266828288,31.3558
1777266828314,31.2331
1777266828339,31.1972
1777266828386,31.7947
1777266828411,31.5619
1777266828436,30.3638
1777266828483,29.7912
1777266828508,30.4730
1777266828554,30.1645
1777266828580,30.3420
1777266828605,29.9926
1777266828651,29.4276
1777266828683,29.6678
1777266828710,30.1887
1777266828737,30.0683
1777266828789,30.6696
1777266828815,30.3494
1777266828842,30.6226
1777266828869,30.7344
1777266828917,30.2904
1777266828943,29.8478
1777266828969,29.8261
1777266829017,30.9560
1777266829044,30.8384
1777266829071,29.8644
1777266829117,30.6100
1777266829142,30.1791
1777266829168,30.2757
1777266829216,31.2535
1777266829241,31.1306
1777266829267,30.7258
1777266829315,29.7954
1777266829341,29.7423
1777266829371,29.4847
1777266829398,29.1730
1777266829447,28.9009
1777266829475,29.6383
1777266829504,29.6893
1777266829530,30.4406
1777266829630,33.4740
1777266829652,32.9623
1777266829695,33.0745
1777266829718,32.5255
1777266829762,31.6667
1777266829785,31.1498
1777266829828,30.3196
1777266829851,30.6399
1777266829895,31.0244
1777266829918,31.1426
1777266829962,31.2520
1777266829985,30.8072
1777266830029,29.7598
1777266830052,29.4637
1777266830096,28.7980
1777266830119,28.3934
1777266830165,28.7654
1777266830189,27.8221
1777266830233,28.1773
1777266830256,28.1215
1777266830300,27.9733
1777266830324,27.7731
1777266830368,28.7846
1777266830393,29.4490
1777266830416,30.0318
1777266830460,30.1020
1777266830482,29.6945
1777266830524,29.1886
1777266830546,28.5108
1777266830590,28.0717
1777266830614,27.8286
1777266830659,26.7431
1777266830682,27.0505
1777266830727,28.8946
1777266830752,28.7012
1777266830797,29.1260
1777266830822,29.6880
1777266830867,29.8202
1777266830892,29.4842
1777266830915,29.5168
1777266830960,30.0924
1777266830984,29.8515
1777266831029,29.6904
1777266831053,30.3755
1777266831099,31.3502
1777266831123,31.1758
1777266831170,30.4221
1777266831193,30.3777
1777266831218,30.3189
1777266831263,31.2866
1777266831290,31.8319
1777266831314,31.7296
1777266831360,31.2180
1777266831384,30.6086
1777266831429,30.4185
1777266831453,30.0000
1777266831478,29.5489
1777266831522,29.8687
1777266831547,29.6039
1777266831596,30.6017
1777266831621,31.2214
1777266831645,30.8027
1777266831691,30.4988
1777266831715,30.8390
1777266831761,30.5301
1777266831785,30.2062
1777266831809,30.4520
1777266831854,30.6555
1777266831879,31.6846
1777266831924,31.0720
1777266831948,30.5320
1777266831973,30.4194
1777266832019,31.5402
1777266832044,32.0994
1777266832091,31.7367
1777266832116,31.1974
1777266832140,30.9911
1777266832191,30.8111
1777266832216,30.1390
1777266832240,30.4218
1777266832287,30.0652
1777266832312,29.4209
1777266832358,30.5502
1777266832382,30.4921
1777266832407,29.7482
1777266832453,29.7945
1777266832478,30.2640
1777266832503,30.2760
1777266832550,31.5914
1777266832574,31.3008
1777266832620,30.6620
1777266832646,30.9308
1777266832678,31.1013
1777266832703,30.9700
1777266832751,30.6478
1777266832776,30.5934
1777266832801,30.7409
1777266832848,31.1909
1777266832876,30.9453
1777266832901,29.9590
1777266832948,31.3624
1777266832973,30.8942
1777266833000,31.2641
1777266833046,30.6910
1777266833073,30.3943
1777266833098,30.2889
1777266833145,30.6916
1777266833171,31.3953
1777266833218,32.6042
1777266833243,32.6833
1777266833270,32.5557
1777266833317,32.2108
1777266833342,32.3896
1777266833368,31.9232
1777266833416,32.4644
1777266833442,32.3559
1777266833468,32.0915
1777266833515,32.3402
1777266833540,31.8939
1777266833566,31.8583
1777266833613,32.1814
1777266833640,31.9286
1777266833666,32.2048
1777266833714,32.4685
1777266833741,33.0112
1777266833766,32.6621
1777266833814,32.2454
1777266833840,32.1082
1777266833958,34.7733
1777266833981,34.2543
1777266834071,33.5763
1777266834093,35.9499
1777266834115,36.1270
1777266834159,36.3091
1777266834181,35.9798
1777266834225,34.8693
1777266834248,34.6807
1777266834271,33.9985
1777266834315,33.9202
1777266834359,33.2535
1777266834382,33.4836
1777266834425,32.8118
1777266834448,33.2660
1777266834493,34.7069
1777266834516,34.9316
1777266834539,34.3989
1777266834584,34.0320
1777266834608,33.4870
1777266834652,33.5024
1777266834675,32.9446
1777266834719,32.4914
1777266834743,32.5575
1777266834787,32.6422
1777266834811,32.9544
1777266834855,32.1597
1777266834878,31.9886
1777266834923,31.3589
1777266834948,31.0879
1777266834977,28.1048
1777266835022,28.4318
1777266835045,30.1124
1777266835090,31.0190
1777266835114,29.5763
1777266835138,28.7478
1777266835187,27.9487
1777266835211,27.8806
1777266835257,27.2960
1777266835281,28.1591
1777266835305,28.4986
1777266835350,29.5722
1777266835374,29.3033
1777266835419,30.0620
1777266835444,29.8558
1777266835467,29.3924
1777266835513,28.2504
1777266835536,27.1506
1777266835581,27.6411
1777266835607,27.9760
1777266835651,27.8632
1777266835674,28.0956
1777266835718,28.3498
1777266835742,27.6766
1777266835766,26.9924
1777266835810,26.8834
1777266835834,27.2448
1777266835884,28.3268
1777266835908,28.9054
1777266835934,28.5197
1777266835979,28.8889
1777266836003,29.1761
1777266836050,28.8179
1777266836074,26.7953
1777266836098,27.2922
1777266836144,27.9352
1777266836168,28.6423
1777266836213,29.9402
1777266836237,30.1976
1777266836281,30.1823
1777266836305,30.6240
1777266836350,30.6180
1777266836375,30.7994
1777266836399,30.4109
1777266836444,29.6349
1777266836469,30.1514
1777266836514,30.3416
1777266836538,30.5950
1777266836563,30.1351
1777266836608,30.1588
1777266836632,31.0589
1777266836681,30.6290
1777266836706,31.0424
1777266836730,31.5609
1777266836777,32.1942
1777266836802,31.9967
1777266836826,31.6233
1777266836871,32.2907
1777266836896,32.0626
1777266836941,31.5499
1777266836966,32.1447
1777266837011,31.8485
1777266837036,33.5696
1777266837060,33.0445
1777266837106,32.6593
1777266837131,33.5774
1777266837177,32.9700
1777266837204,32.2955
1777266837229,32.4119
1777266837277,32.1086
1777266837302,31.7116
1777266837330,30.8435
1777266837376,32.1624
1777266837401,32.5086
1777266837426,33.3311
1777266837474,34.0507
1777266837499,34.1097
1777266837525,34.1310
1777266837573,35.0330
1777266837598,34.8989
1777266837624,34.3923
1777266837671,34.3176
1777266837697,34.3045
1777266837722,34.9756
1777266837772,35.1739
1777266837797,35.5088
1777266837821,35.2958
1777266837867,36.1795
1777266837894,35.9081
1777266837919,36.3482
1777266838003,37.3963
1777266838026,37.4866
1777266838070,36.3793
1777266838093,35.9706
1777266838138,35.2875
1777266838161,34.8626
1777266838205,34.8465
1777266838228,34.8608
1777266838252,35.8363
1777266838295,35.5192
1777266838319,35.2930
1777266838363,35.0076
1777266838386,33.5226
1777266838430,34.1144
1777266838457,33.6165
1777266838501,33.1422
1777266838524,33.1164
1777266838548,33.2150
1777266838595,32.3413
1777266838619,32.9631
1777266838664,33.0014
1777266838687,32.6404
1777266838732,32.0432
1777266838755,30.8130
1777266838800,30.9915
1777266838823,31.4410
1777266838847,30.9980
1777266838892,30.2174
1777266838915,29.8225
1777266838959,29.6976
1777266838983,29.3778
1777266839028,27.3710
1777266839052,29.2226
1777266839097,28.8620
1777266839121,29.3744
1777266839145,29.5625
1777266839191,29.8046
1777266839215,29.8103
1777266839261,29.2244
1777266839285,28.6566
1777266839331,28.7215
1777266839355,29.2596
1777266839380,29.7319
1777266839425,31.0048
1777266839450,30.6005
1777266839495,30.4931
1777266839520,31.1004
1777266839545,30.9173
1777266839590,31.4195
1777266839615,31.3105
1777266839662,30.5909
1777266839686,30.7354
1777266839710,30.8487
1777266839757,30.6826
1777266839782,31.0884
1777266839807,30.6244
1777266839853,30.2912
1777266839878,30.7402
1777266839923,30.8872
1777266839948,30.8649
1777266839973,31.3222
1777266840019,32.1138
1777266840046,31.7728
1777266840092,31.6479
1777266840117,32.4790
1777266840146,32.4312
1777266840171,32.3665
1777266840217,32.3242
1777266840243,32.6216
1777266840289,32.2658
1777266840314,32.2634
1777266840339,33.4508
1777266840385,32.9921
1777266840414,31.8011
1777266840440,31.9584
1777266840487,31.6050
1777266840512,31.0521
1777266840538,32.0544
1777266840585,31.4991
1777266840610,31.4024
1777266840635,31.0970
1777266840682,31.9719
1777266840710,32.0532
1777266840734,32.4908
1777266840781,32.8236
1777266840806,32.6612
1777266840852,33.0708
1777266840877,33.1203
1777266840903,32.9397
1777266840949,32.4876
1777266840974,32.3226
1777266840999,32.3307
1777266841046,32.4158
1777266841071,32.2103
1777266841117,31.4348
1777266841142,30.9745
1777266841168,30.7294
1777266841214,30.5680
1777266841239,30.4305
1777266841265,30.8079
1777266841311,30.1262
1777266841335,30.1177
1777266841381,29.7604
1777266841406,29.6727
1777266841537,30.3289
1777266841573,36.0742
1777266841596,36.2807
1777266841619,37.5033
1777266841642,37.7258
1777266841685,37.3773
1777266841708,37.3401
1777266841752,37.0068
1777266841776,35.6527
1777266841928,41.5693
1777266841975,40.9488
1777266841999,40.8966
1777266842045,39.8705
1777266842068,40.4594
1777266842092,40.5267
1777266842137,40.1883
1777266842160,41.4287
1777266842205,40.9138
1777266842228,40.3916
1777266842272,43.1249
1777266842299,43.5172
1777266842346,43.3858
1777266842370,43.7627
1777266842394,44.5481
1777266842438,43.1650
1777266842462,42.6822
1777266842506,42.2659
1777266842529,41.6010
1777266842574,40.6299
1777266842598,34.8039
1777266842621,35.0634
1777266842665,35.1089
1777266842688,34.6646
1777266842732,33.8283
1777266842756,34.6509
1777266842800,34.5960
1777266842824,34.1185
1777266842871,34.2891
1777266842896,34.5223
1777266842940,33.9382
1777266842964,30.7060
1777266842988,30.3124
1777266843036,31.3266
1777266843060,31.4368
1777266843106,31.1301
1777266843131,30.4825
1777266843155,30.2379
1777266843200,30.2284
1777266843228,30.8467
1777266843254,30.5700
1777266843300,30.0032
1777266843326,28.7195
1777266843351,29.1296
1777266843395,28.7967
1777266843420,28.6882
1777266843466,28.8005
1777266843491,28.7311
1777266843516,28.2394
1777266843564,29.1926
1777266843589,29.6092
1777266843614,29.1834
1777266843660,28.0576
1777266843685,27.7170
1777266843731,28.7476
1777266843756,28.6652
1777266843781,27.9866
1777266843827,28.1922
1777266843854,28.0147
1777266843902,27.8449
1777266843927,28.7294
1777266843952,28.5630
1777266843977,29.0204
1777266844024,29.2255
1777266844049,28.8596
1777266844096,29.0800
1777266844121,29.0354
1777266844146,28.7610
1777266844192,29.1678
1777266844218,29.0055
1777266844243,28.3227
1777266844290,29.7482
1777266844316,29.5179
1777266844362,29.2098
1777266844387,28.8922
1777266844413,29.1908
1777266844459,30.2714
1777266844486,30.1196
1777266844511,30.2096
1777266844556,32.0123
1777266844582,31.9784
1777266844607,31.0437
1777266844654,32.6547
1777266844680,32.6239
1777266844706,32.0325
1777266844756,32.0404
1777266844780,32.2918
1777266844806,32.3164
1777266844852,33.4262
1777266844878,33.1170
1777266844903,33.0854
1777266844949,32.1653
1777266844976,32.0697
1777266845022,31.9750
1777266845048,31.9563
1777266845074,31.8901
1777266845121,31.2057
1777266845146,31.4466
1777266845173,33.0427
1777266845220,32.6871
1777266845246,33.0993
1777266845275,33.2532
1777266845300,33.2978
1777266845347,33.3090
1777266845374,32.8471
1777266845399,33.0364
1777266845446,33.2123
1777266845472,33.4644
1777266845498,32.8932
1777266845545,32.5688
1777266845571,32.3023
1777266845619,32.5706
1777266845646,32.6846
1777266845672,32.5216
1777266845699,33.4127
1777266845746,32.8990
1777266845773,32.6407
1777266845799,32.9183
1777266845848,33.0763
1777266845873,32.8506
1777266845900,33.3475
1777266845948,33.4147
1777266845974,33.4558
1777266846003,33.0951
1777266846029,33.2633
1777266846077,34.7445
1777266846103,34.9320
1777266846129,34.9088
1777266846177,35.0930
1777266846204,34.0252
1777266846230,34.0665
1777266846279,33.6278
1777266846305,33.2993
1777266846332,33.2836
1777266846380,34.5222
1777266846406,34.3724
1777266846433,33.7889
1777266846490,33.2191
1777266846516,33.0832
1777266846544,33.0364
1777266846571,32.6082
1777266846599,32.1674
1777266846648,32.0830
1777266846675,31.9998
1777266846702,31.3108
1777266846729,31.3380
1777266846778,30.7234
1777266846805,31.6657
1777266846832,31.7477
1777266846880,30.7969
1777266846908,30.9631
1777266846935,30.6540
1777266846983,30.0513
1777266847014,30.2602
1777266847042,30.0861
1777266847069,30.2696
1777266847118,29.8144
1777266847145,29.8404
1777266847172,30.0068
1777266847199,28.8009
1777266847246,29.0169
1777266847274,28.9190
1777266847301,28.5436
1777266847350,28.1361
1777266847376,26.9688
1777266847402,26.9136
1777266847435,26.8490
1777266847483,27.9156
1777266847510,28.4171
1777266847537,28.0821
1777266847584,27.4719
1777266847615,27.6650
1777266847641,27.4286
1777266847689,26.7197
1777266847716,26.6824
1777266847742,26.6604
1777266847788,27.3296
1777266847814,27.0147
1777266847861,25.9004
1777266847887,25.0323
1777266847912,25.3762
1777266847958,25.7545
1777266848005,25.8576
1777266848032,25.9214
1777266848059,25.4629
1777266848083,25.7024
1777266848130,25.5069
1777266848178,26.4132
1777266848203,26.7970
1777266848229,26.8087
1777266848277,26.6106
1777266848308,27.6526
1777266848332,28.2791
1777266848386,27.8248
1777266848412,28.1072
1777266848441,27.9268
1777266848467,27.5953
1777266848517,26.7934
1777266848547,27.4318
1777266848574,28.1249
1777266848605,28.4194
1777266848655,29.1978
1777266848682,29.8233
1777266848709,29.6294
1777266848737,29.6294
1777266848792,31.9317
1777266848820,32.5638
1777266848847,33.2396
1777266848875,32.9298
1777266848903,33.0070
1777266848953,32.5384
1777266848979,32.7550
1777266849008,33.1941
1777266849035,33.6700
1777266849090,33.9664
1777266849118,34.7532
1777266849148,34.6758
1777266849175,34.4851
1777266849226,33.7536
1777266849254,33.9341
1777266849282,34.3310
1777266849309,33.9201
1777266849359,34.6655
1777266849386,35.0164
1777266849414,35.2549
1777266849446,35.3926
1777266849472,36.0234
1777266849522,35.4061
1777266849551,34.9214
1777266849580,35.0269
1777266849608,34.9396
1777266849657,34.2993
1777266849684,34.1778
1777266849714,34.1936
1777266849743,34.3194
1777266849770,33.9805
1777266849821,32.2758
1777266849849,32.5187
1777266849899,32.5298
1777266849925,33.1314
1777266849953,33.4068
1777266849981,32.9512
1777266850031,33.3582
1777266850058,32.8588
1777266850085,32.6251
1777266850113,31.5832
1777266850164,32.8012
1777266850193,32.8045
1777266850222,32.7076
1777266850251,32.4293
1777266850278,32.6666
1777266850329,32.3223
1777266850357,32.7010
1777266850384,31.6665
1777266850415,31.3384
1777266850442,30.6954
1777266850491,31.2266
1777266850519,31.7704
1777266850549,31.7725
1777266850577,31.9422
1777266850636,30.9327
1777266850664,31.7068
1777266850691,34.0511
1777266850717,33.8796
1777266850745,33.8279
1777266850795,35.0542
1777266850823,34.9498
1777266850851,34.8089
1777266850879,34.6912
1777266850907,34.7003
1777266850957,34.2454
1777266850985,34.1844
1777266851013,33.8710
1777266851042,33.7800
1777266851092,33.4279
1777266851121,33.6591
1777266851148,33.5299
1777266851177,32.2301
1777266851227,32.9808
1777266851256,33.2258
1777266851285,33.1500
1777266851313,33.2038
1777266851340,32.7887
1777266851389,32.9438
1777266851417,33.3527
1777266851446,34.6610
1777266851474,34.7325
1777266851523,34.3298
1777266851552,34.2288
1777266851579,34.5892
1777266851609,34.8840
1777266851636,34.9045
1777266851686,34.8196
1777266851713,34.4842
1777266851740,34.1010
1777266851790,33.6341
1777266851818,32.5705
1777266851846,32.7878
1777266851873,32.9268
1777266851923,33.8581
1777266851951,34.4838
1777266851978,34.6678
1777266852005,34.2143
1777266852054,35.2179
1777266852082,35.5162
1777266852111,35.6301
1777266852161,36.9148
1777266852188,37.3216
1777266852214,36.9855
1777266852263,36.1606
1777266852290,35.9912
1777266852320,36.3541
1777266852348,37.8806
1777266852380,38.1516
1777266852407,38.2571
1777266852457,37.5575
1777266852483,36.7641
1777266852512,36.0743
1777266852540,35.4999
1777266852590,35.6767
1777266852618,36.6530
1777266852647,36.2016
1777266852675,36.0789
1777266852724,35.6219
1777266852751,35.7250
1777266852780,35.6382
1777266852829,35.6618
1777266852857,35.6725
1777266852885,36.5290
1777266852912,35.9690
1777266852962,35.5461
1777266852991,35.8822
1777266853017,36.4598
1777266853044,36.2686
1777266853099,35.6966
1777266853128,35.6648
1777266853157,34.7308
1777266853186,34.2995
1777266853214,34.5757
1777266853241,35.0690
1777266853290,35.3080
1777266853317,35.6181
1777266853346,35.1657
1777266853374,33.7216
1777266853429,33.4089
1777266853462,33.8790
1777266853489,34.0748
1777266853517,35.6672
1777266853543,35.8616
1777266853571,35.2622
1777266853621,34.5380
1777266853649,33.8242
1777266853678,33.5472
1777266853705,33.8578
1777266853755,33.5022
1777266853784,33.5021
1777266853811,33.9349
1777266853840,33.4548
1777266853890,32.8492
1777266853917,32.3883
1777266853946,32.6050
1777266853978,31.9204
1777266854007,32.4534
1777266854057,32.2178
1777266854084,32.1210
1777266854111,31.9756
1777266854139,33.1281
1777266854189,32.8094
1777266854216,32.9888
1777266854245,32.6871
1777266854273,32.8009
1777266854331,32.5092
1777266854360,32.5182
1777266854388,32.6599
1777266854417,32.9302
1777266854445,32.7248
1777266854473,32.7230
1777266854500,32.6409
1777266854550,32.4354
1777266854578,32.9442
1777266854607,33.3108
1777266854635,33.4197
1777266854691,33.1804
1777266854721,33.6623
1777266854748,33.9758
1777266854776,35.0568
1777266854802,34.6279
1777266854852,35.7226
1777266854880,35.9508
1777266854907,36.0991
1777266854933,35.8699
1777266854987,35.7938
1777266855015,35.3936
1777266855043,35.6238
1777266855069,35.2253
1777266855099,34.8124
1777266855148,34.1391
1777266855175,33.4398
1777266855203,33.5157
1777266855232,33.0430
1777266855282,33.3851
1777266855310,33.6400
1777266855337,33.3517
1777266855365,33.1037
1777266855415,32.9388
1777266855444,32.9069
1777266855472,34.1591
1777266855499,33.5040
1777266855528,33.9007
1777266855576,33.3347
1777266855604,32.6506
1777266855632,32.8473
1777266855684,34.6162
1777266855712,34.6161
1777266855739,34.6847
1777266855767,34.7249
1777266855795,34.1293
1777266855845,33.5611
1777266855876,33.2573
1777266855905,32.5974
1777266855935,32.0166
1777266855963,31.7800
1777266856013,31.0190
1777266856045,30.8651
1777266856074,31.0696
1777266856104,32.6646
1777266856132,32.9902
1777266856159,33.0368
1777266856207,32.6188
1777266856234,32.6772
1777266856262,32.7059
1777266856316,34.4918
1777266856344,34.8930
1777266856371,34.7925
1777266856400,34.9905
1777266856428,34.6518
1777266856456,35.1596
1777266856506,33.5052
1777266856534,33.7392
1777266856562,33.8914
1777266856589,34.1947
1777266856638,34.3970
1777266856667,35.3702
1777266856694,33.5348
1777266856722,33.5815
1777266856772,33.2193
1777266856799,33.4919
1777266856850,33.7428
1777266856878,34.1532
1777266856907,34.4478
1777266856936,34.7378
1777266856964,35.0014
1777266856991,35.7662
1777266857018,35.4180
1777266857067,35.8258
1777266857095,35.8405
1777266857124,34.4728
1777266857153,34.9335
1777266857205,34.3666
1777266857232,34.9854
1777266857260,35.1425
1777266857287,35.1395
1777266857339,33.3590
1777266857367,34.6846
1777266857395,34.4865
1777266857422,34.8728
1777266857477,34.5830
1777266857505,34.9156
1777266857532,34.9092
1777266857562,36.9982
1777266857588,36.9355
1777266857638,36.8769
1777266857669,37.5937
1777266857696,37.0622
1777266857724,36.8643
1777266857774,36.6258
1777266857802,36.4782
1777266857829,36.0990
1777266857855,35.5791
1777266857907,35.6091
1777266857934,36.2024
1777266857962,36.0377
1777266857989,36.2193
1777266858040,35.9378
1777266858068,35.9843
1777266858095,35.4426
1777266858122,36.0335
1777266858151,36.0078
1777266858203,35.0923
1777266858231,35.6833
1777266858259,35.4381
1777266858287,34.6144
1777266858338,34.9118
1777266858366,34.8469
1777266858395,33.7215
1777266858424,34.1069
1777266858455,33.7934
1777266858482,33.2747
1777266858530,33.1275
1777266858558,33.5245
1777266858585,32.0182
1777266858612,31.7967
1777266858659,31.1070
1777266858685,30.2098
1777266858737,29.9957
1777266858763,30.3244
1777266858789,30.3180
1777266858815,31.1377
1777266858863,31.5829
1777266858889,31.8622
1777266858916,31.5096
1777266858963,30.8414
1777266858990,30.7408
1777266859017,30.8190
1777266859065,31.3588
1777266859091,31.3631
1777266859117,31.1789
1777266859144,30.7143
1777266859193,30.1149
1777266859219,30.5495
1777266859246,31.9239
1777266859293,31.6810
1777266859319,31.8488
1777266859346,31.4626
1777266859393,31.4423
1777266859419,31.4311
1777266859466,33.0298
1777266859494,33.6388
1777266859520,33.3309
1777266859546,32.8557
1777266859593,32.0310
1777266859619,32.2960
1777266859645,33.1188
1777266859693,32.5705
1777266859719,32.5782
1777266859745,32.5638
1777266859793,33.5210
1777266859819,33.3081
1777266859846,31.7540
1777266859893,31.1374
1777266859920,31.4844
1777266859946,31.1363
1777266859993,31.1454
1777266860185,36.8112
1777266860206,38.3756
1777266860249,37.1382
1777266860272,37.9897
1777266860315,37.6920
1777266860339,38.7884
1777266860384,40.0268
1777266860407,39.8821
1777266860451,39.0436
1777266860473,37.6160
1777266860517,37.0189
1777266860540,37.0536
1777266860584,36.8839
1777266860607,36.6029
1777266860653,36.9808
1777266860676,37.5517
1777266860699,38.0398
1777266860743,37.7323
1777266860766,37.1024
1777266860810,35.9176
1777266860833,35.7369
1777266860877,37.5070
1777266860900,38.2323
1777266860944,38.8253
1777266860968,38.9637
1777266861012,38.9502
1777266861036,38.3969
1777266861080,38.6095
1777266861103,38.9619
1777266861148,39.2604
1777266861171,39.4978
1777266861195,39.0334
1777266861239,33.1872
1777266861263,33.1582
1777266861307,33.0079
1777266861331,32.9796
1777266861378,32.8881
1777266861404,31.6255
1777266861428,32.0615
1777266861472,33.3737
1777266861496,32.7725
1777266861541,33.7287
1777266861564,34.5878
1777266861610,35.4850
1777266861634,35.4260
1777266861658,35.6694
1777266861703,36.1849
1777266861727,35.6355
1777266861772,35.0228
1777266861796,35.8383
1777266861841,36.6494
1777266861867,36.6742
1777266861891,36.5461
1777266861936,35.3440
1777266861961,35.1004
1777266862006,34.8338
1777266862030,34.6001
1777266862055,34.9068
1777266862100,35.2318
1777266862124,34.0700
1777266862170,33.4164
1777266862195,34.0462
1777266862219,34.7386
1777266862265,33.8901
1777266862289,33.9282
1777266862335,34.3649
1777266862360,34.0690
1777266862385,33.7143
1777266862430,33.1000
1777266862455,32.7703
1777266862501,32.6372
1777266862526,33.1644
1777266862576,33.0078
1777266862601,32.2618
1777266862626,31.9659
1777266862650,31.7360
1777266862696,32.4609
1777266862722,31.6822
1777266862747,31.4672
1777266862793,32.2834
1777266862818,32.0681
1777266862865,31.3335
1777266862890,31.1087
1777266862915,32.2333
1777266862962,32.5004
1777266862986,32.5276
1777266863033,33.7482
1777266863059,33.6279
1777266863083,33.6504
1777266863130,33.6472
1777266863155,33.5601
1777266863180,32.9190
1777266863226,33.0718
1777266863252,33.5616
1777266863277,33.5975
1777266863324,33.3140
1777266863349,33.6137
1777266863395,33.3973
1777266863421,33.6683
1777266863451,34.2725
1777266863477,34.0776
1777266863525,33.3023
1777266863551,32.7545
1777266863576,33.1330
1777266863623,32.5496
1777266863651,32.5076
1777266863675,32.0472
1777266863722,31.6705
1777266863748,32.2486
1777266863776,31.8536
1777266863822,31.4872
1777266863849,31.8466
1777266863874,31.9137
1777266863921,31.5362
1777266863947,31.1311
1777266863974,31.1562
1777266864021,30.7707
1777266864051,29.7885
1777266864078,30.1491
1777266864126,29.6822
1777266864152,29.2211
1777266864178,29.1032
1777266864203,28.7230
1777266864250,29.1004
1777266864277,29.0169
1777266864303,28.7400
1777266864351,28.5235
1777266864377,28.3473
1777266864403,28.7122
1777266864450,28.8975
1777266864477,28.4833
1777266864525,29.3294
1777266864551,29.3441
1777266864578,30.0085
1777266864603,30.3257
1777266864651,29.9462
1777266864680,30.3292
1777266864706,30.4364
1777266864754,30.2165
1777266864781,30.3079
1777266864807,30.9645
1777266864858,30.8481
1777266864884,31.1604
1777266864911,30.7437
1777266864937,30.3524
1777266864984,31.1346
1777266865010,31.4586
1777266865061,31.8130
1777266865087,31.9478
1777266865112,32.4148
1777266865139,32.4404
1777266865164,33.0917
1777266865193,32.9799
1777266865240,33.3762
1777266865269,33.3274
1777266865294,33.6745
1777266865326,33.7587
1777266865351,34.2436
1777266865376,34.2276
1777266865401,33.9523
1777266865447,34.0835
1777266865471,33.9859
1777266865517,34.5506
1777266865542,34.3208
1777266865589,34.0933
1777266865614,33.5240
1777266865639,33.3881
1777266865664,33.1379
1777266865695,33.3663
1777266865720,33.3410
1777266865745,33.6271
1777266865792,33.2279
1777266865819,31.9037
1777266865867,31.7988
1777266865895,31.6699
1777266865920,32.0286
1777266865945,33.0630
1777266865972,32.9468
1777266865998,32.7684
1777266866024,30.8250
1777266866051,30.6160
1777266866077,28.0983
1777266866109,27.7988
1777266866135,27.7048
1777266866160,27.9866
1777266866192,26.8039
1777266866219,27.7527
1777266866252,27.3641
1777266866279,26.1130
1777266866314,26.4645
1777266866340,26.4500
1777266866366,26.5655
1777266866392,26.3170
1777266866439,26.5033
1777266866466,25.9468
1777266866493,27.0348
1777266866523,26.3967
1777266866549,26.5651
1777266866573,27.0174
1777266866600,26.9755
1777266866646,26.8658
1777266866672,27.5789
1777266866726,28.4618
1777266866752,29.8471
1777266866780,29.8507
1777266866805,29.4867
1777266866852,29.2773
1777266866877,29.6714
1777266866902,29.4920
1777266866927,29.0116
1777266866952,28.7212
1777266866977,28.4160
1777266867002,27.9359
1777266867027,28.7913
1777266867051,28.7171
1777266867076,28.4256
1777266867293,27.7740
1777266867315,25.7921
1777266867336,25.4175
1777266867358,24.6107
1777266867387,25.8969
1777266867410,25.8995
1777266867432,26.9453
1777266867454,26.3821
1777266867476,26.1579
1777266867499,26.0498
1777266867522,26.2869
1777266867544,25.9645
1777266867566,26.1275
1777266867589,26.2619
1777266867612,25.7743
1777266867634,25.8414
1777266867657,26.9154
1777266867679,27.6218
1777266867705,26.9885
1777266867727,26.9126
1777266867750,27.4615
1777266867772,27.2662
1777266867795,27.4154
1777266867817,27.1982
1777266867839,27.4176
1777266867862,28.0706
1777266867884,28.4782
1777266867907,28.2552
1777266867929,29.2447
1777266867952,29.3422
1777266867974,29.1398
1777266867997,29.3429
1777266868019,30.7990
1777266868042,31.0871
1777266868064,31.3720
1777266868086,31.0121
1777266868109,30.7795
1777266868131,30.4878
1777266868155,30.6919
1777266868177,30.6803
1777266868200,30.7438
1777266868222,30.8237
1777266868244,30.8441
1777266868267,30.6655
1777266868289,30.4617
1777266868311,30.5604
1777266868334,31.1779
1777266868356,31.1779
1777266868378,31.6660
1777266868400,31.3438
1777266868422,31.1309
1777266868444,30.8996
1777266868466,31.0113
1777266868488,31.2677
1777266868512,30.9547
1777266868535,30.6765
1777266868557,30.3587
1777266868579,30.1172
1777266868605,30.6428
1777266868627,30.6225
1777266868649,31.0985
1777266868671,30.6424
1777266868695,30.1467
1777266868717,29.7669
1777266868740,30.3549
1777266868763,30.1048
1777266868786,29.9521
1777266868808,29.7254
1777266868831,29.9307
1777266868854,30.2714
1777266868876,29.8498
1777266868899,29.5796
1777266868922,29.3664
1777266868944,28.9287
1777266868967,29.2920
1777266868989,29.1251
1777266869012,29.1499
1777266869034,28.2438
1777266869057,28.3990
1777266869080,28.3179
1777266869102,28.2778
1777266869125,28.6593
1777266869148,29.3558
1777266869176,29.1902
1777266869199,29.1111
1777266869222,29.1767
1777266869244,28.9987
1777266869267,29.5031
1777266869290,29.6117
1777266869313,29.4085
1777266869337,28.9846
1777266869360,29.3631
1777266869387,29.0766
1777266869410,28.9327
1777266869433,28.5285
1777266869456,28.5646
1777266869479,28.9943
1777266869503,28.7039
1777266869525,28.5168
1777266869548,29.2113
1777266869571,29.8694
1777266869595,29.9091
1777266869617,29.4618
1777266869640,29.4618
1777266869663,29.2243
1777266869686,29.7367
1777266869708,29.6458
1777266869731,29.5731
1777266869753,29.3985
1777266869776,29.3143
1777266869799,29.0922
1777266869822,29.2512
1777266869844,29.4380
1777266869867,29.2226
1777266869889,28.9608
1777266869912,29.0071
1777266869934,29.8053
1777266869956,29.6593
1777266869979,29.4633
1777266870002,29.3136
1777266870024,29.8742
1777266870046,29.8403
1777266870069,29.3442
1777266870091,29.2383
1777266870114,29.8330
1777266870136,29.7768
1777266870159,29.6051
1777266870181,29.1666
1777266870204,29.7540
1777266870227,29.4210
1777266870249,29.2325
1777266870272,28.8333
1777266870295,29.5268
1777266870318,29.5862
1777266870340,29.0887
1777266870363,29.1151
1777266870386,29.1498
1777266870408,29.2794
1777266870431,29.1548
1777266870454,29.6748
1777266870477,30.1167
1777266870500,29.7850
1777266870525,29.5541
1777266870548,29.6783
1777266870570,29.4799
1777266870593,28.8427
1777266870618,29.5663
1777266870640,29.3327
1777266870663,28.9205
1777266870685,28.0828
1777266870708,28.1559
1777266870731,27.9486
1777266870754,27.9278
1777266870776,28.2505
1777266870799,28.5618
1777266870822,28.2320
1777266870845,28.3018
1777266870868,28.8950
1777266870891,29.0125
1777266870914,28.5587
1777266870937,28.6330
1777266870960,29.1276
1777266870984,29.1836
1777266871006,29.0453
1777266871030,28.5159
1777266871053,28.3310
1777266871076,28.5714
1777266871100,28.8436
1777266871123,28.5638
1777266871146,27.9902
1777266871169,27.8973
1777266871193,27.7785
1777266871217,27.6357
1777266871240,27.5040
1777266871263,27.3019
1777266871286,27.1153
1777266871309,26.8541
1777266871335,26.5931
1777266871379,27.2088
1777266871403,26.5300
1777266871429,27.1353
1777266871452,27.0901
1777266871476,26.9566
1777266871499,26.2339
1777266871524,26.8810
1777266871548,26.6689
1777266871593,26.9041
1777266871617,27.0015
1777266871640,27.2430
1777266871664,27.0553
1777266871687,27.6736
1777266873201,56.3971
1777266873298,961.4118
1777266873321,548.5075
1777266873346,282.0224
1777266873369,230.3554
1777266873392,195.4750
1777266873415,151.3408
1777266873438,137.1133
1777266873461,115.2377
1777266873484,106.8425
1777266873511,93.5687
1777266873534,88.7304
1777266873557,79.8057
1777266873580,76.1383
1777266873772,72.6987
1777266873794,83.4086
1777266873817,80.0163
1777266873839,74.6525
1777266873862,72.2230
1777266873890,68.2967
1777266873912,64.8747
1777266873934,61.4729
1777266873956,59.8997
1777266873977,58.5227
1777266874000,56.2354
1777266874022,55.0769
1777266874043,52.9227
1777266874065,51.9092
1777266874088,50.2537
1777266874110,49.3450
1777266874133,49.2924
1777266874156,48.8887
1777266874179,48.3351
1777266874202,47.1119
1777266874225,31.8227
1777266874248,31.2612
1777266874274,30.6437
1777266874296,26.6588
1777266874318,25.6663
1777266874340,25.4937
1777266874366,25.5199
1777266874388,25.6204
1777266874410,26.1122
1777266874432,26.5429
1777266874454,26.2726
1777266874477,26.6202
1777266874499,28.2962
1777266874523,28.7137
1777266874545,29.3315
1777266874567,29.2580
1777266874590,29.4336
1777266874612,30.1840
1777266874634,30.2271
1777266874657,29.6985
1777266874679,29.4761
1777266874702,29.0548
1777266874724,29.0813
1777266874747,28.8173
1777266874769,28.3601
1777266874791,28.0887
1777266874814,23.8458
1777266874836,23.6930
1777266874859,23.8095
1777266874882,23.6809
1777266874904,24.3285
1777266874927,24.2884
1777266874949,25.2454
1777266874971,25.6641
1777266874995,25.5196
1777266875018,25.7652
1777266875040,26.7782
1777266875062,27.3119
1777266875085,27.1335
1777266875107,27.1290
1777266875130,27.2051
1777266875152,26.9864
1777266875175,26.8500
1777266875197,26.6824
1777266875220,26.8800
1777266875243,27.4363
1777266875267,27.9000
1777266875289,28.2426
1777266875312,27.9286
1777266875335,27.4127
1777266875357,28.1151
1777266875383,28.4643
1777266875405,28.2920
1777266875428,28.1027
1777266875451,27.6897
1777266875474,27.6837
1777266875496,28.4757
1777266875519,28.0333
1777266875542,27.9460
1777266875565,27.4064
1777266875587,27.4555
1777266875610,27.4935
1777266875632,27.1180
1777266875657,27.1974
1777266875680,27.3311
1777266875702,28.5120
1777266875725,28.9184
1777266875748,29.1126
1777266875772,28.9387
1777266875795,29.2107
1777266875817,30.0530
1777266875840,30.5770
1777266875863,30.1309
1777266875885,30.3501
1777266875908,30.8513
1777266875931,30.9656
1777266875953,30.6672
1777266875976,30.3883
1777266875999,31.1797
1777266876021,31.1993
1777266876044,30.8511
1777266876067,30.4481
1777266876089,31.4098
1777266876112,31.6191
1777266876135,31.1323
1777266876158,31.1333
1777266876180,31.8050
1777266876203,31.9714
1777266876226,31.5011
1777266876250,31.2816
1777266876273,30.9495
1777266876296,31.1156
1777266876318,30.8204
1777266876345,31.1006
1777266876367,30.9062
1777266876390,30.5152
1777266876413,30.3238
1777266876436,31.1350
1777266876459,30.8818
1777266876482,30.4623
1777266876505,30.3452
1777266876528,29.5105
1777266876551,30.2560
1777266876574,29.7645
1777266876597,29.5294
1777266876619,29.7730
1777266876645,29.4865
1777266876669,29.6765
1777266876692,30.4684
1777266876714,29.8797
1777266876737,29.6029
1777266876761,29.9038
1777266876784,30.6298
1777266876807,30.1684
1777266876830,29.8610
1777266876855,29.7081
1777266876878,29.3927
1777266876901,28.9295
1777266876924,28.6607
1777266876947,28.2330
1777266876970,27.9174
1777266876993,27.9459
1777266877016,27.9915
1777266877039,27.9976
1777266877062,27.7965
1777266877085,27.6864
1777266877108,27.0191
1777266877131,26.5376
1777266877155,26.7754
1777266877179,27.1916
1777266877202,26.7123
1777266877226,26.2976
1777266877249,26.7735
1777266877272,26.4515
1777266877295,26.4773
1777266877318,27.3119
1777266877341,27.3780
1777266877364,27.2712
1777266877389,27.2459
1777266877412,27.1070
1777266877435,27.0851
1777266877458,27.3424
1777266877482,27.0242
1777266877504,27.6277
1777266877527,28.4261
1777266877550,27.7910
1777266877574,27.6158
1777266877600,28.1962
1777266877623,28.0084
1777266877646,27.7844
1777266877669,28.0641
1777266877692,27.7085
1777266877715,26.7351
1777266877738,27.5326
1777266877761,27.5301
1777266877784,27.3935
1777266877809,27.0398
1777266877832,26.8210
1777266877856,26.5733
1777266877879,27.2621
1777266877902,26.8806
1777266877925,27.1799
1777266877948,27.5736
1777266877972,27.6322
1777266877995,27.6250
1777266878020,28.4119
1777266878043,27.5199
1777266878066,27.3811
1777266878090,27.9288
1777266878120,27.9205
1777266878143,28.2984
1777266878166,28.1926
1777266878190,27.4030
1777266878213,27.9887
1777266878238,27.6489
1777266878261,28.0235
1777266878284,28.0407
1777266878308,27.8156
1777266878332,27.0761
1777266878359,26.6716
1777266878383,26.7463
1777266878406,26.7605
1777266878430,26.9802
1777266878479,27.2902
1777266878502,27.4627
1777266878526,27.5445
1777266878550,26.5023
1777266878574,26.9875
1777266878598,26.6028
1777266878621,26.6657
1777266878644,27.7709
1777266878667,27.5595
1777266878711,27.7363
1777266878735,27.6207
1777266878759,26.5308
1777266878783,26.2392
1777266878806,26.6229
1777266878830,26.5924
1777266878854,26.5947
1777266878898,26.7623
1777266878923,26.7434
1777266878946,26.5837
1777266878970,25.7965
1777266879018,25.9127
1777266879041,24.6605
1777266879065,25.8585
1777266879089,25.5636
1777266879134,25.4277
1777266879159,25.1401
1777266879182,25.0330
1777266879206,24.8824
1777266879250,24.9241
1777266879275,24.6307
1777266879298,25.0233
1777266879321,24.6267
1777266879344,24.8725
1777266879367,24.4507
1777266879391,24.3416
1777266879414,25.0925
1777266879438,24.9396
1777266879461,24.7531
1777266879485,24.0324
1777266879508,23.6894
1777266879531,22.8476
1777266879554,23.1406
1777266879578,23.1396
1777266879602,22.9784
1777266879625,23.4057
1777266879649,23.2027
1777266879672,22.4510
1777266879696,22.8406
1777266879720,22.6913
1777266879743,22.7809
1777266879766,23.1700
1777266879789,23.0686
1777266879813,22.9182
1777266879836,23.1626
1777266879860,22.8608
1777266879884,22.8563
1777266879907,23.6127
1777266879931,23.7293
1777266879954,24.3973
1777266879978,24.1285
1777266880022,24.3028
1777266880045,24.4309
1777266880068,24.6569
1777266880092,24.4952
1777266880115,24.4001
1777266880139,23.8950
1777266880162,24.1350
1777266880185,23.7476
1777266880209,24.0198
1777266880232,24.1265
1777266880256,23.9061
1777266880281,24.5352
1777266880304,24.3966
1777266880327,24.7307
1777266880350,24.3989
1777266880394,24.7828
1777266880417,24.5953
1777266880441,23.8559
1777266880464,23.6835
1777266880509,23.8789
1777266880533,24.5695
1777266880580,24.8676
1777266880626,25.0778
1777266880649,24.8971
1777266880672,25.5747
1777266880695,25.4954
1777266880739,24.9144
1777266880762,25.3958
1777266880789,25.4099
1777266880812,25.3681
1777266880834,25.6463
1777266880857,24.9688
1777266880901,25.5097
1777266880924,24.8285
1777266880947,25.1861
1777266880970,24.9105
1777266881014,24.6130
1777266881037,24.0402
1777266881085,24.0572
1777266881108,23.5369
1777266881131,23.7428
1777266881155,23.6013
1777266881178,23.9675
1777266881208,23.9682
1777266881231,24.1059
1777266881275,24.0642
1777266881298,23.4806
1777266881510,23.3092
1777266881564,28.8277
1777266881585,34.2328
1777266881607,34.7314
1777266881629,34.8840
1777266881651,33.7637
1777266881673,33.4988
1777266881695,34.1365
1777266881717,34.1536
1777266881739,33.6245
1777266881760,33.6754
1777266881783,33.4370
1777266881805,33.3353
1777266881827,33.2547
1777266881849,34.7538
1777266881871,35.1259
1777266881899,34.8713
1777266881921,34.5506
1777266881943,35.2758
1777266881965,35.1340
1777266881989,34.1774
1777266882013,34.8558
1777266882036,35.0228
1777266882058,35.2511
1777266882081,34.9006
1777266882103,34.4764
1777266882125,34.2345
1777266882147,34.0980
1777266882176,34.9313
1777266882198,34.7636
1777266882221,34.3688
1777266882243,33.9159
1777266882265,33.7906
1777266882288,34.0302
1777266882310,33.9572
1777266882332,34.3882
1777266882354,34.3456
1777266882377,33.6942
1777266882399,33.3200
1777266882422,33.0798
1777266882444,33.1805
1777266882467,33.0503
1777266882489,32.7667
1777266882511,32.6031
1777266882534,29.7522
1777266882556,29.3863
1777266882578,29.3610
1777266882600,26.5339
1777266882623,26.1882
1777266882645,25.9777
1777266882668,26.1357
1777266882691,26.7469
1777266882714,26.4571
1777266882736,26.2997
1777266882758,26.0973
1777266882781,26.1905
1777266882803,26.6756
1777266882829,26.6983
1777266882851,26.5369
1777266882874,25.6635
1777266882896,25.1300
1777266882919,25.1513
1777266882942,25.0331
1777266882964,24.6558
1777266882987,25.0343
1777266883012,25.3430
1777266883036,25.4422
1777266883058,25.3296
1777266883081,24.9684
1777266883103,24.7791
1777266883128,25.3432
1777266883150,25.2357
1777266883173,25.1797
1777266883195,24.8162
1777266883222,25.0397
1777266883245,25.6705
1777266883269,25.9284
1777266883291,25.8697
1777266883314,25.5095
1777266883341,25.2622
1777266883364,25.1728
1777266883386,25.3066
1777266883409,25.5558
1777266883432,25.9965
1777266883455,25.9216
1777266883478,25.5987
1777266883501,25.4363
1777266883524,25.5094
1777266883546,26.0137
1777266883569,25.8137
1777266883592,26.1968
1777266883615,25.6928
1777266883638,25.4859
1777266883661,25.4672
1777266883685,26.2766
1777266883709,25.9961
1777266883732,26.0852
1777266883757,25.7712
1777266883780,25.8996
1777266883803,25.6746
1777266883826,25.9363
1777266883848,25.7277
1777266883871,26.2105
1777266883894,25.9281
1777266883917,25.9653
1777266883940,25.7129
1777266883963,25.9245
1777266883987,25.7971
1777266884010,25.5600
1777266884033,25.0727
1777266884057,24.8321
1777266884080,25.2963
1777266884103,25.9588
1777266884125,26.0774
1777266884148,25.7908
1777266884171,25.8462
1777266884193,25.6531
1777266884216,25.4958
1777266884239,25.0828
1777266884261,24.8004
1777266884284,24.8274
1777266884307,25.6264
1777266884351,25.7312
1777266884374,25.4226
1777266884398,25.7605
1777266884421,25.7867
1777266884447,25.3600
1777266884470,24.9182
1777266884494,25.6205
1777266884517,25.1919
1777266884540,24.9205
1777266884564,24.7608
1777266884587,24.7315
1777266884610,24.5913
1777266884633,25.1880
1777266884657,25.3467
1777266884680,25.0043
1777266884705,24.4149
1777266884728,24.7428
1777266884752,24.8834
1777266884775,24.7315
1777266884798,24.6246
1777266884821,24.1742
1777266884845,24.4105
1777266884868,24.1997
1777266884891,24.0217
1777266884915,24.0163
1777266884938,24.3276
1777266884961,24.3201
1777266884986,24.1224
1777266885010,24.5010
1777266885032,24.4382
1777266885055,24.2231
1777266885079,24.5550
1777266885103,24.4353
1777266885126,23.8516
1777266885149,23.8275
1777266885171,24.1075
1777266885194,23.9873
1777266885217,23.9765
1777266885240,23.9169
1777266885264,24.0988
1777266885287,23.9268
1777266885311,23.8424
1777266885334,23.8988
1777266885358,23.7905
1777266885381,23.8142
1777266885407,23.8753
1777266885430,23.8025
1777266885453,24.1256
1777266885476,24.0418
1777266885502,24.1872
1777266885526,24.0590
1777266885550,24.2194
1777266885574,24.2164
1777266885598,24.4046
1777266885621,24.1817
1777266885645,24.0444
1777266885668,23.5667
1777266885691,23.6629
1777266885714,23.5599
1777266885737,23.5007
1777266885761,23.8943
1777266885784,23.7220
1777266885807,23.6929
1777266885830,24.0209
1777266885853,23.7734
1777266885876,23.5712
1777266885900,24.3654
1777266885923,24.4764
1777266885946,24.1723
1777266885970,24.0605
1777266885993,24.0477
1777266886016,24.2583
1777266886040,24.8205
1777266886063,24.7423
1777266886086,24.7405
1777266886110,24.4570
1777266886133,24.9590
1777266886156,24.7511
1777266886180,24.8787
1777266886204,25.6279
1777266886227,25.7157
1777266886250,25.4333
1777266886273,25.5692
1777266886296,25.5765
1777266886320,25.7737
1777266886343,25.6748
1777266886367,25.8260
1777266886390,25.7270
1777266886414,25.4103
1777266886437,25.4453
1777266886460,25.2895
1777266886484,25.3447
1777266886509,25.5340
1777266886532,25.5735
1777266886555,25.8114
1777266886579,25.7116
1777266886602,25.5471
1777266886637,25.2864
1777266886660,25.6513
1777266886685,26.0264
1777266886708,25.8963
1777266886732,25.7295
1777266886755,25.8947
1777266886778,24.8027
1777266886802,25.0833
1777266886826,25.8801
1777266886850,25.9879
1777266886876,25.8650
1777266886899,25.5153
1777266886922,25.4302
1777266886945,25.6510
1777266886970,26.0114
1777266886994,25.9317
1777266887017,26.3506
1777266887040,25.9955
1777266887063,25.6705
1777266887089,25.5831
1777266887112,25.7689
1777266887135,25.7194
1777266887158,25.3332
1777266887203,25.3363
1777266887226,24.9416
1777266887250,25.1146
1777266887274,24.9903
1777266887299,25.3786
1777266887323,25.3026
1777266887347,25.0356
1777266887370,24.3201
1777266887395,24.5510
1777266887418,24.2780
1777266887462,24.3557
1777266887485,24.5041
1777266887512,24.7429
1777266887536,24.5922
1777266887559,24.2951
1777266887583,24.2590
1777266887605,24.7742
1777266887629,24.7717
1777266887652,24.6414
1777266887675,24.6085
1777266887699,24.5290
1777266887722,25.3783
1777266887746,25.2275
1777266887769,25.1590
1777266887793,25.1500
1777266887816,25.2062
1777266887840,24.8924
1777266887864,24.2700
1777266887887,24.3148
1777266887911,24.3517
1777266887934,24.8122
1777266887958,24.5265
1777266887981,24.5063
1777266888004,24.8374
1777266888028,24.6672
1777266888051,24.6194
1777266888075,24.6906
1777266888098,24.6503
1777266888121,25.0602
1777266888144,25.8667
1777266888168,25.8574
1777266888191,25.7377
1777266888214,25.4937
1777266888237,25.7463
1777266888260,25.5944
1777266888284,25.7809
1777266888308,26.2647
1777266888331,25.8355
1777266888354,25.7632
1777266888377,26.2853
1777266888400,25.8848
1777266888423,25.8926
1777266888446,26.3567
1777266888470,26.3790
1777266888496,26.2781
1777266888519,25.7451
1777266888542,25.6192
1777266888565,26.0911
1777266888588,26.5695
1777266888611,26.4526
1777266888634,26.0575
1777266888658,25.8574
1777266888681,25.9558
1777266888705,25.6760
1777266888728,25.5326
1777266888751,25.5572
1777266888775,25.7885
1777266888802,26.3747
1777266888825,26.2271
1777266888848,26.1535
1777266888872,26.0272
1777266888896,26.0732
1777266888920,25.8405
1777266888943,25.6492
1777266888966,25.4570
1777266888989,25.3248
1777266889012,25.1104
1777266889040,24.8675
1777266889067,25.2701
1777266889090,25.1009
1777266889113,24.7865
1777266889136,24.5369
1777266889159,24.2200
1777266889185,23.9639
1777266889208,23.8429
1777266889231,24.5450
1777266889254,24.5690
1777266889277,24.2753
1777266889300,24.2392
1777266889323,24.1301
1777266889347,23.9895
1777266889370,24.2925
1777266889393,24.3579
1777266889416,24.2365
1777266889440,24.2578
1777266889463,24.1714
1777266889486,24.0488
1777266889509,23.7870
1777266889533,23.7147
1777266889556,23.8905
1777266889579,23.6873
1777266889607,23.4430
1777266889630,23.2979
1777266889654,23.2395
1777266889677,23.2321
1777266889701,23.4675
1777266889724,23.2443
1777266889748,23.1113
1777266889772,23.7635
1777266889795,23.9526
1777266889824,23.9712
1777266889847,23.9695
1777266889870,23.8571
1777266889894,23.9876
1777266889917,24.0987
1777266889940,24.7875
1777266889963,24.7675
1777266889986,25.0755
1777266890009,25.1147
1777266890032,25.0901
1777266890061,25.5730
1777266890084,25.5577
1777266890107,25.3566
1777266890130,25.4940
1777266890153,26.0279
1777266890176,25.8316
1777266890198,25.8747
1777266890222,25.9321
1777266890245,25.3609
1777266890289,25.8627
1777266890313,25.9965
1777266890336,25.9581
1777266890359,25.5785
1777266890383,25.9333
1777266890406,25.9176
1777266890430,26.0429
1777266890456,26.4749
1777266890479,26.4263
1777266890503,25.9791
1777266890525,26.1401
1777266890548,26.2964
1777266890571,26.1049
1777266890595,26.3653
1777266890618,26.3401
1777266890641,26.5247
1777266890665,27.2608
1777266890688,27.0922
1777266890711,27.0392
1777266890735,26.9335
1777266890758,26.6441
1777266890786,26.3371
1777266890831,25.8318
1777266890855,25.7772
1777266890879,26.5487
1777266890902,26.5716
1777266890934,26.4115
1777266890958,25.6848
1777266890981,25.8053
1777266891007,25.7868
1777266891240,25.7619
1777266891312,27.9407
1777266891334,44.1394
1777266891356,45.9269
1777266891378,45.2908
1777266891400,45.6647
1777266891426,45.8629
1777266891454,45.3133
1777266891477,44.8674
1777266891499,45.6293
1777266891523,45.9757
1777266891545,44.6705
1777266891568,43.6133
1777266891590,44.5962
1777266891612,44.7316
1777266891634,44.3389
1777266891657,44.8122
1777266891679,44.8967
1777266891701,44.0440
1777266891723,45.3720
1777266891746,44.0351
1777266891768,44.5095
1777266891790,44.7946
1777266891812,44.8074
1777266891834,44.4959
1777266891857,44.4073
1777266891880,43.7436
1777266891902,43.7796
1777266891924,44.0589
1777266891946,43.7852
1777266891968,43.4824
1777266891991,43.3125
1777266892013,43.2063
1777266892035,42.3997
1777266892057,41.9220
1777266892079,41.3794
1777266892101,41.1785
1777266892124,40.9559
1777266892146,40.5560
1777266892168,40.1947
1777266892190,39.5262
1777266892213,39.0917
1777266892236,38.7950
1777266892258,37.8363
1777266892280,37.7849
1777266892304,37.2307
1777266892326,36.8966
1777266892349,26.7580
1777266892371,27.0597
1777266892394,27.0864
1777266892417,26.6979
1777266892439,26.0388
1777266892461,25.5071
1777266892485,25.5429
1777266892508,25.3239
1777266892530,24.8946
1777266892552,24.8296
1777266892574,25.4843
1777266892597,25.3473
1777266892619,25.4623
1777266892641,25.5017
1777266892663,24.9987
1777266892685,24.8716
1777266892708,24.7873
1777266892730,25.1312
1777266892757,25.1950
1777266892779,25.1361
1777266892802,25.1639
1777266892824,25.1236
1777266892847,24.4377
1777266892869,24.2600
1777266892891,24.0176
1777266892913,24.1241
1777266892936,23.9996
1777266892958,24.8673
1777266892980,24.8403
1777266893002,24.6943
1777266893026,25.0845
1777266893049,25.0226
1777266893070,25.5158
1777266893093,25.4251
1777266893115,25.0139
1777266893137,24.6962
1777266893160,25.0360
1777266893182,25.0453
1777266893205,24.6953
1777266893227,24.8020
1777266893249,25.1782
1777266893272,24.6029
1777266893294,24.3155
1777266893316,24.3198
1777266893339,25.0091
1777266893361,25.0804
1777266893385,24.8466
1777266893407,24.4154
1777266893430,24.6736
1777266893452,25.0090
1777266893475,24.9331
1777266893497,25.7091
1777266893519,25.3260
1777266893542,25.3292
1777266893564,25.4942
1777266893586,25.3992
1777266893609,25.3273
1777266893633,25.2410
1777266893655,25.1622
1777266893678,25.0113
1777266893701,25.1716
1777266893724,25.5580
1777266893746,25.2805
1777266893768,25.1549
1777266893791,25.2113
1777266893816,25.8594
1777266893838,25.8463
1777266893872,26.0965
1777266893905,26.9367
1777266893927,27.1223
1777266893958,26.9325
1777266893980,25.8156
1777266894003,26.4807
1777266894025,26.2259
1777266894048,25.5828
1777266894070,25.6868
1777266894093,25.7391
1777266894115,26.2038
1777266894138,25.9986
1777266894161,25.9883
1777266894183,25.8470
1777266894206,26.2050
1777266894229,25.9133
1777266894251,26.0514
1777266894274,25.9048
1777266894296,26.3500
1777266894319,25.9887
1777266894341,26.0431
1777266894364,26.0221
1777266894386,25.8766
1777266894411,25.9622
1777266894434,26.1180
1777266894456,26.0238
1777266894479,26.2235
1777266894502,26.4894
1777266894525,26.7736
1777266894548,26.6629
1777266894571,26.8267
1777266894594,27.4252
1777266894617,27.3245
1777266894640,27.1662
1777266894663,26.9400
1777266894686,27.2357
1777266894709,27.3892
1777266894732,27.2445
1777266894755,26.9547
1777266894778,27.4576
1777266894801,27.4475
1777266894824,27.3704
1777266894849,26.8695
1777266894872,26.8333
1777266894895,26.6845
1777266894918,26.5002
1777266894941,26.3982
1777266894964,26.5586
1777266894987,26.3813
1777266895014,26.3013
1777266895038,26.1828
1777266895061,26.2867
1777266895084,26.2856
1777266895107,26.1708
1777266895130,25.9664
1777266895156,26.3723
1777266895179,26.4589
1777266895202,25.8315
1777266895225,25.8705
1777266895253,26.3874
1777266895276,26.3111
1777266895299,26.0427
1777266895322,26.0871
1777266895345,26.5690
1777266895370,26.3244
1777266895393,26.2124
1777266895416,26.2719
1777266895439,26.3137
1777266895472,26.6116
1777266895495,27.1816
1777266895518,27.3382
1777266895541,26.9513
1777266895564,26.8244
1777266895587,26.6651
1777266895610,26.4249
1777266895637,26.0496
1777266895659,26.1109
1777266895682,26.7952
1777266895705,26.3056
1777266895749,26.2898
1777266895772,26.2398
1777266895796,26.0995
1777266895823,25.8473
1777266895852,26.1745
1777266895875,26.2542
1777266895899,26.1728
1777266895922,26.0666
1777266895945,26.1403
1777266895972,25.8747
1777266895995,26.0710
1777266896018,26.5373
1777266896041,26.1458
1777266896064,26.3348
1777266896087,26.0743
1777266896110,26.7916
1777266896132,26.4464
1777266896155,26.6307
1777266896179,26.2479
1777266896202,26.4804
1777266896225,26.4855
1777266896249,26.1859
1777266896272,25.9228
1777266896295,25.8696
1777266896319,26.2242
1777266896342,26.1027
1777266896365,25.5559
1777266896389,25.8978
1777266896412,25.5607
1777266896436,25.3153
1777266896459,25.9308
1777266896482,24.8633
1777266896505,24.7758
1777266896529,24.6467
1777266896552,24.4738
1777266896575,24.3312
1777266896598,24.7967
1777266896622,24.5202
1777266896645,24.4761
1777266896668,25.1673
1777266896692,24.9456
1777266896718,24.9498
1777266896741,24.9636
1777266896764,24.9089
1777266896787,24.8537
1777266896811,24.9871
1777266896839,24.7195
1777266896862,24.5948
1777266896885,24.7245
1777266896908,24.3379
1777266896933,24.1337
1777266896956,24.1865
1777266896979,24.2357
1777266897002,24.3580
1777266897026,24.4588
1777266897049,24.3080
1777266897072,24.1795
1777266897095,24.2045
1777266897118,24.1335
1777266897141,23.8747
1777266897169,24.2120
1777266897192,24.2504
1777266897215,24.1583
1777266897238,23.9472
1777266897261,24.3945
1777266897285,24.0607
1777266897308,23.8785
1777266897331,24.5295
1777266897355,24.7921
1777266897378,24.7453
1777266897422,24.7477
1777266897446,24.6377
1777266897472,24.4296
1777266897495,24.3969
1777266897518,24.2100
1777266897542,24.1200
1777266897565,24.4674
1777266897588,24.1912
1777266897611,24.2760
1777266897635,24.9877
1777266897658,24.8312
1777266897681,24.9131
1777266897705,24.1061
1777266897728,23.9959
1777266897752,23.9426
1777266897778,24.4721
1777266897801,24.3742
1777266897824,24.5761
1777266897849,24.4545
1777266897873,24.4767
1777266897896,24.4082
1777266897918,23.9116
1777266897941,24.2374
1777266897964,24.1661
1777266897988,24.2042
1777266898011,23.9369
1777266898034,23.8566
1777266898209,25.8711
1777266898230,28.8006
1777266898252,29.1966
1777266898280,29.0255
1777266898302,30.0676
1777266898324,30.3373
1777266898346,29.9550
1777266898368,29.6424
1777266898390,29.3437
1777266898412,29.3968
1777266898434,29.2988
1777266898456,29.4680
1777266898478,29.1038
1777266898500,30.1819
1777266898522,30.8858
1777266898544,31.3030
1777266898566,30.9840
1777266898588,31.3769
1777266898611,31.3749
1777266898637,30.8904
1777266898659,30.6310
1777266898682,30.7256
1777266898704,30.9297
1777266898725,30.6290
1777266898747,30.6099
1777266898769,31.5022
1777266898792,31.6361
1777266898814,31.7612
1777266898836,31.5208
1777266898858,32.1478
1777266898880,32.4319
1777266898902,32.2853
1777266898925,31.9731
1777266898946,32.1457
1777266898969,32.3352
1777266898992,32.4806
1777266899014,32.5220
1777266899036,32.7234
1777266899059,32.9837
1777266899081,32.7264
1777266899103,32.2419
1777266899126,32.0046
1777266899148,32.0468
1777266899173,31.9939
1777266899195,31.8001
1777266899217,28.2752
1777266899239,28.3278
1777266899261,28.1171
1777266899284,27.8620
1777266899306,27.7338
1777266899328,27.0792
1777266899354,27.3135
1777266899376,27.2428
1777266899399,27.8114
1777266899420,27.9212
1777266899444,27.4881
1777266899466,27.3720
1777266899488,27.9424
1777266899511,27.5256
1777266899533,27.3998
1777266899555,26.8845
1777266899578,26.6725
1777266899600,26.5224
1777266899623,26.9375
1777266899645,26.8263
1777266899667,27.2946
1777266899690,27.1889
1777266899714,26.9678
1777266899736,26.9685
1777266899758,27.7218
1777266899780,27.2782
1777266899802,26.5991
1777266899824,26.3841
1777266899846,26.3823
1777266899869,26.1977
1777266899894,26.4088
1777266899917,26.2494
1777266899939,26.1031
1777266899961,26.0728
1777266899986,26.0993
1777266900008,26.0471
1777266900031,25.5815
1777266900053,25.4740
1777266900079,25.2252
1777266900101,25.1623
1777266900124,26.0193
1777266900146,26.0339
1777266900169,26.1267
1777266900191,25.8260
1777266900214,25.6384
1777266900236,25.9098
1777266900260,25.9204
1777266900282,25.7301
1777266900305,25.7788
1777266900327,25.7189
1777266900350,25.7670
1777266900373,25.4538
1777266900395,25.2833
1777266900418,25.1281
1777266900441,25.5952
1777266900463,25.6825
1777266900486,25.4605
1777266900508,24.6731
1777266900531,24.1895
1777266900555,24.3352
1777266900578,24.4135
1777266900600,24.2926
1777266900623,23.8840
1777266900646,24.1268
1777266900669,24.0403
1777266900692,24.1674
1777266900714,24.3605
1777266900737,24.2671
1777266900760,24.0774
1777266900782,23.2484
1777266900805,23.6329
1777266900826,23.7829
1777266900849,23.4286
1777266900870,23.3878
1777266900892,23.7063
1777266900913,23.7326
1777266900935,23.5180
1777266900957,23.7722
1777266900979,23.5630
1777266901005,23.4722
1777266901027,23.7282
1777266901049,23.7522
1777266901072,23.8562
1777266901097,24.1730
1777266901119,24.0225
1777266901141,23.4916
1777266901164,23.1545
1777266901187,23.8133
1777266901210,23.8960
1777266901232,23.8285
1777266901255,23.5824
1777266901278,24.0282
1777266901301,24.3603
1777266901324,24.3008
1777266901347,24.5559
1777266901373,24.9438
1777266901396,25.1070
1777266901419,24.8994
1777266901441,24.7395
1777266901464,25.5273
1777266901487,25.4938
1777266901510,25.6901
1777266901533,25.7578
1777266901555,26.1744
1777266901578,26.4637
1777266901601,26.3936
1777266901624,26.4848
1777266901647,27.0032
1777266901670,26.8776
1777266901693,26.7342
1777266901716,26.3611
1777266901739,26.2152
1777266901762,26.3135
1777266901785,26.3050
1777266901808,26.8796
1777266901831,26.4869
1777266901854,26.6095
1777266901881,26.6898
1777266901904,26.5308
1777266901927,26.1371
1777266901950,26.0582
1777266901973,26.6564
1777266901997,26.5245
1777266902020,26.4675
1777266902043,26.2036
1777266902066,26.3687
1777266902090,26.2127
1777266902116,26.4282
1777266902139,26.3417
1777266902162,26.4758
1777266902185,26.2141
1777266902208,26.0898
1777266902232,26.8855
1777266902255,26.7957
1777266902278,26.3044
1777266902301,26.7046
1777266902325,26.5696
1777266902348,26.4292
1777266902371,26.3122
1777266902394,25.9881
1777266902418,25.8003
1777266902445,26.1603
1777266902468,26.7584
1777266902492,26.1275
1777266902515,26.0585
1777266902539,26.3712
1777266902563,26.1647
1777266902586,25.2966
1777266902609,25.2453
1777266902633,25.2567
1777266902656,25.0177
1777266902680,24.7009
1777266902703,24.7339
1777266902726,24.9622
1777266902750,25.4808
1777266902774,25.4172
1777266902797,25.2775
1777266902821,24.9572
1777266902844,25.5167
1777266902868,25.3488
1777266902912,25.6293
1777266902935,25.9181
1777266902959,26.4130
1777266902982,26.3650
1777266903005,26.2545
1777266903029,26.2908
1777266903053,26.6928
1777266903082,26.4751
1777266903105,26.5760
1777266903129,26.5494
1777266903153,26.2037
1777266903176,26.8195
1777266903199,26.7372
1777266903226,26.6251
1777266903250,26.0407
1777266903273,26.2349
1777266903296,26.0980
1777266903319,26.1826
1777266903346,25.8476
1777266903369,25.9630
1777266903393,26.5598
1777266903416,26.7325
1777266903440,26.3285
1777266903464,25.5458
1777266903487,25.4708
1777266903510,25.9467
1777266903533,26.5013
1777266903557,26.2328
1777266903580,26.0276
1777266903604,27.1705
1777266903627,27.4837
1777266903650,27.0290
1777266903674,27.2558
1777266903697,27.1820
1777266903721,27.1139
1777266903744,27.5791
1777266903768,27.3694
1777266903791,27.1563
1777266903815,28.0653
1777266903838,27.5841
1777266903862,27.2733
1777266903885,27.3152
1777266903908,27.2892
1777266903931,27.1997
1777266903954,27.6884
1777266903978,27.4363
1777266904002,26.9086
1777266904025,27.6317
1777266904049,27.1325
1777266904072,26.6832
1777266904095,26.9360
1777266904119,26.9197
1777266904142,26.8633
1777266904165,27.1918
1777266904189,26.9272
1777266904212,26.3693
1777266904236,26.8288
1777266904259,26.6771
1777266904282,26.3462
1777266904306,26.2429
1777266904329,26.2145
1777266904353,26.1920
1777266904376,26.5418
1777266904399,26.3744
1777266904422,25.7062
1777266904446,26.6398
1777266904469,26.2100
1777266904492,25.8800
1777266904515,26.0743
1777266904538,26.0648
1777266904561,26.0726
1777266904584,26.6237
1777266904608,26.3436
1777266904631,25.5858
1777266904654,26.4460
1777266904677,26.2704
1777266904701,26.1437
1777266904724,26.1170
1777266904747,26.0257
1777266904771,25.7703
1777266904794,26.1170
1777266904817,25.8198
1777266904841,25.5507
1777266904864,26.3112
1777266904887,26.1922
1777266904911,25.9842
1777266904934,25.8784
1777266904957,25.7925
1777266904981,25.3171
1777266905004,25.8825
1777266905029,25.6723
1777266905052,25.3247
1777266905075,26.2484
1777266905099,25.8298
1777266905122,25.3414
1777266905146,25.4037
1777266905169,25.4007
1777266905192,25.4590
1777266905216,25.9721
1777266905239,26.0801
1777266905263,25.5747
1777266905286,26.4847
1777266905309,26.1735
1777266905333,25.7765
1777266905356,25.8875
1777266905379,25.9072
1777266905403,25.9341
1777266905425,26.5054
1777266905449,26.5054
1777266905475,26.8441
1777266905499,26.6037
1777266905522,26.3165
1777266905545,25.8934
1777266905568,25.8888
1777266905591,25.5416
1777266905614,25.2413
1777266905637,25.8612
1777266905660,25.7235
1777266905685,25.5926
1777266905708,25.4056
1777266905732,25.2297
1777266905755,24.9979
1777266905778,25.1343
1777266905801,24.8649
1777266905824,24.6415
1777266905847,24.7023
1777266905870,24.4135
1777266905894,24.0217
1777266905919,24.6112
1777266905942,24.5081
1777266905965,24.5316
1777266905989,24.7921
1777266906013,24.7213
1777266906037,24.5419
1777266906060,24.4440
1777266906083,24.4820
1777266906108,24.7450
1777266906131,24.6326
1777266906154,24.3935
1777266906178,23.9834
1777266906201,23.9106
1777266906227,23.6354
1777266906250,23.4310
1777266906273,23.5224
1777266906296,23.2599
1777266906319,24.0129
1777266906343,23.9263
1777266906366,23.8038
1777266906389,23.4397
1777266906412,23.7361
1777266906442,23.5569
1777266906465,23.3796
1777266906488,23.3733
1777266906512,23.4104
1777266906535,24.2442
1777266906558,24.3032
1777266906582,24.1860
1777266906605,24.1621
1777266906628,24.5082
1777266906651,24.3673
1777266906696,24.3389
1777266906719,24.4445
1777266906743,25.0963
1777266906766,25.0304
1777266906792,24.8462
1777266906815,24.7791
1777266906838,25.1081
1777266906864,24.9385
1777266906908,25.5811
1777266906931,25.2925
1777266906955,25.5292
1777266906979,25.4563
1777266907002,25.3075
1777266907025,25.1734
1777266907049,25.6353
1777266907072,25.4491
1777266907098,25.9082
1777266907121,25.6883
1777266907144,25.0590
1777266907168,25.0687
1777266907191,25.6321
1777266907214,25.3179
1777266907237,25.4254
1777266907261,25.7894
1777266907284,25.3935
1777266907482,28.9244
1777266907504,28.4830
1777266907526,28.8328
1777266907553,28.3084
1777266907575,28.1249
1777266907597,27.9300
1777266907619,28.4192
1777266907641,29.0636
1777266907665,29.1853
1777266907687,29.1267
1777266907710,29.4839
1777266907732,29.4072
1777266907755,29.2967
1777266907777,28.7936
1777266907799,29.0826
1777266907821,29.0930
1777266907843,28.8888
1777266907865,28.8400
1777266907887,29.5281
1777266907909,29.6628
1777266907931,29.7653
1777266907953,29.7489
1777266907976,29.9688
1777266907998,30.0230
1777266908022,30.2378
1777266908044,29.7063
1777266908066,29.3978
1777266908089,29.7042
1777266908111,29.6734
1777266908133,31.2197
1777266908156,32.2559
1777266908178,32.3680
1777266908204,32.5095
1777266908227,32.2720
1777266908249,31.9512
1777266908271,31.9796
1777266908294,32.0280
1777266908317,31.8551
1777266908339,32.3688
1777266908361,32.2475
1777266908383,31.8314
1777266908407,31.4823
1777266908429,30.8783
1777266908451,30.6099
1777266908475,29.7487
1777266908497,29.6065
1777266908520,28.1767
1777266908542,28.1856
1777266908564,27.8857
1777266908587,27.7641
1777266908609,28.3988
1777266908631,28.3102
1777266908654,27.9161
1777266908677,27.5988
1777266908700,27.3975
1777266908722,27.0878
1777266908745,26.9229
1777266908767,26.7689
1777266908790,27.1884
1777266908812,27.2624
1777266908835,27.3129
1777266908857,27.0596
1777266908880,26.9681
1777266908902,26.7731
1777266908926,26.0506
1777266908948,26.0144
1777266908971,26.4169
1777266908993,26.0861
1777266909015,26.0137
1777266909036,25.6459
1777266909057,25.6601
1777266909078,25.9604
1777266909100,25.6973
1777266909121,25.4899
1777266909142,24.5271
1777266909167,23.9427
1777266909189,23.8988
1777266909210,23.9038
1777266909231,24.1086
1777266909252,23.9470
1777266909274,23.8428
1777266909296,24.2163
1777266909320,24.3834
1777266909342,24.2696
1777266909365,23.4224
1777266909387,23.4998
1777266909410,24.2185
1777266909432,24.0649
1777266909455,24.3643
1777266909477,24.3053
1777266909500,23.8448
1777266909522,23.8627
1777266909545,23.6273
1777266909567,23.2889
1777266909594,23.2574
1777266909616,23.0364
1777266909639,22.7611
1777266909661,22.6091
1777266909684,22.7560
1777266909707,23.1233
1777266909734,23.0170
1777266909758,22.8417
1777266909780,22.5779
1777266909803,22.4341
1777266909825,22.3978
1777266909848,22.2718
1777266909871,22.1762
1777266909893,22.1441
1777266909917,22.6602
1777266909940,22.2297
1777266909963,22.1160
1777266909986,22.0275
1777266910010,21.6237
1777266910036,21.4756
1777266910059,21.7791
1777266910081,21.7281
1777266910104,21.9587
1777266910127,22.3967
1777266910151,22.3482
1777266910174,22.2277
1777266910197,21.8740
1777266910221,21.9753
1777266910245,21.8134
1777266910268,21.6359
1777266910291,22.3290
1777266910314,21.8637
1777266910337,21.6894
1777266910360,21.4233
1777266910382,22.1544
1777266910405,22.4139
1777266910427,22.2556
1777266910450,22.1061
1777266910473,22.5250
1777266910496,22.9809
1777266910518,22.7310
1777266910541,23.0281
1777266910564,23.0277
1777266910587,23.5797
1777266910610,23.9370
1777266910633,23.8456
1777266910656,23.5972
1777266910678,23.7142
1777266910701,24.0368
1777266910724,23.9216
1777266910747,23.4575
1777266910770,23.4011
1777266910793,24.0748
1777266910816,23.9213
1777266910838,23.9479
1777266910861,25.0111
1777266910884,25.3190
1777266910907,25.1576
1777266910930,24.9594
1777266910953,24.6962
1777266910976,25.3519
1777266910999,25.3716
1777266911022,25.2447
1777266911045,25.1117
1777266911068,25.6152
1777266911091,25.5199
1777266911115,25.3952
1777266911138,25.2904
1777266911160,25.6106
1777266911183,25.8068
1777266911206,25.4150
1777266911229,25.5565
1777266911252,25.5175
1777266911275,25.6162
1777266911299,25.7891
1777266911322,25.7477
1777266911345,25.6893
1777266911368,25.5016
1777266911390,25.2332
1777266911414,24.9306
1777266911436,24.8383
1777266911459,25.3257
1777266911482,24.9436
1777266911506,24.9202
1777266911528,24.9844
1777266911551,25.4538
1777266911574,25.4918
1777266911597,25.3777
1777266911620,25.2410
1777266911643,25.1150
1777266911666,25.4093
1777266911689,25.7466
1777266911711,25.4308
1777266911734,25.2719
1777266911757,25.5885
1777266911780,25.9720
1777266911806,25.7361
1777266911828,25.6112
1777266911851,26.3503
1777266911875,25.6576
1777266911898,25.6302
1777266911921,25.5102
1777266911943,25.6519
1777266911966,25.6007
1777266911989,25.5414
1777266912012,25.2150
1777266912034,25.2405
1777266912057,25.8644
1777266912080,25.5478
1777266912103,25.4102
1777266912126,25.3324
1777266912148,25.2069
1777266912171,25.1629
1777266912194,25.1851
1777266912217,24.8495
1777266912240,24.8413
1777266912263,25.3591
1777266912286,25.4013
1777266912308,25.2984
1777266912331,24.8708
1777266912354,25.5117
1777266912378,25.2985
1777266912401,25.1830
1777266912424,25.8841
1777266912446,26.0767
1777266912469,26.0256
1777266912492,25.3101
1777266912515,25.1655
1777266912538,25.0779
1777266912561,24.8788
1777266912585,24.6075
1777266912608,24.6159
1777266912631,25.2539
1777266912654,25.3207
1777266912677,25.2706
1777266912700,25.1350
1777266912723,25.0144
1777266912746,25.0321
1777266912769,25.3736
1777266912792,25.0577
1777266912815,24.9407
1777266912838,25.8134
1777266912861,25.1557
1777266912886,25.0635
1777266912909,25.0240
1777266912932,24.9052
1777266912955,24.8868
1777266912979,25.7238
1777266913002,25.7185
1777266913025,25.5717
1777266913048,25.3451
1777266913093,24.9401
1777266913116,24.9457
1777266913160,25.1117
1777266913184,25.3989
1777266913207,25.4107
1777266913231,25.2117
1777266913255,25.2441
1777266913279,25.2630
1777266913303,24.7737
1777266913326,24.6781
1777266913349,24.7223
1777266913373,24.9111
1777266913398,24.5943
1777266913422,24.2995
1777266913446,24.3355
1777266913470,24.1500
1777266913495,24.8827
1777266913519,24.7861
1777266913550,24.7747
1777266913573,24.7552
1777266913638,24.9775
1777266913661,24.3231
1777266913712,23.8783
1777266913738,23.7812
1777266913783,24.3736
1777266913810,24.2173
1777266913833,24.2383
1777266913860,24.7632
1777266913883,24.8431
1777266913908,25.0190
1777266913932,25.0670
1777266913955,25.2388
1777266913979,24.9688
1777266914003,24.4200
1777266914029,24.2927
1777266914052,25.1351
1777266914076,25.1608
1777266914099,25.0503
1777266914122,25.6112
1777266914148,25.2291
1777266914172,25.1818
1777266914195,26.0523
1777266914218,26.4825
1777266914241,26.3900
1777266914265,26.0606
1777266914288,25.8236
1777266914311,25.5916
1777266914335,25.9355
1777266914358,25.8750
1777266914381,25.6530
1777266914426,25.2663
1777266914449,24.9594
1777266914474,24.8975
1777266914499,24.6876
1777266914522,24.1206
1777266914546,24.3979
1777266914569,24.4907
1777266914592,24.3706
1777266914615,24.0268
1777266914638,23.6888
1777266914663,23.6746
1777266914686,24.1136
1777266914710,24.0116
1777266914733,23.9162
1777266914783,23.9743
1777266914807,23.6671
1777266914830,23.8518
1777266914854,23.6248
1777266914880,23.2704
1777266914904,21.5671
1777266914927,21.5621
1777266914950,21.6671
1777266914974,21.8216
1777266914997,22.3070
1777266915022,22.1443
1777266915045,22.1902
1777266915069,23.0924
1777266915092,23.0092
1777266915115,23.1483
1777266915139,22.6741
1777266915162,22.5078
1777266915186,22.1722
1777266915209,21.5751
1777266915234,22.1977
1777266915257,22.2200
1777266915280,22.9244
1777266915304,22.6194
1777266915327,23.0826
1777266915350,23.1105
1777266915374,22.9429
1777266915397,22.8298
1777266915421,22.7265
1777266915465,22.9772
1777266915701,26.1007
1777266915723,29.2729
1777266915746,30.0922
1777266915768,30.2736
1777266915790,29.7886
1777266915820,30.3021
1777266915843,30.2229
1777266915865,31.6401
1777266915888,32.1493
1777266915913,31.7957
1777266915935,31.5135
1777266915957,31.6988
1777266915979,31.2414
1777266916005,30.7638
1777266916027,30.4660
1777266916049,31.1527
1777266916071,30.2620
1777266916095,30.1261
1777266916117,29.7709
1777266916139,30.0775
1777266916161,30.0898
1777266916183,29.8351
1777266916205,29.9330
1777266916228,30.4348
1777266916250,30.3201
1777266916272,29.9327
1777266916294,30.3660
1777266916317,30.1546
1777266916339,29.9228
1777266916364,30.2710
1777266916386,30.8090
1777266916408,31.2353
1777266916430,31.1691
1777266916455,30.4997
1777266916477,30.3126
1777266916499,30.7354
1777266916521,30.6932
1777266916544,30.3106
1777266916566,30.0580
1777266916588,29.9277
1777266916611,29.8992
1777266916633,29.8286
1777266916656,29.9163
1777266916678,29.6731
1777266916701,28.4956
1777266916723,28.2110
1777266916746,26.8843
1777266916769,26.7259
1777266916791,26.9798
1777266916813,26.6542
1777266916836,26.6210
1777266916858,26.7115
1777266916881,26.4898
1777266916904,26.3151
1777266916927,25.9277
1777266916950,25.9996
1777266916974,26.1457
1777266916997,26.1009
1777266917020,26.3543
1777266917043,26.3741
1777266917065,26.1630
1777266917088,26.1326
1777266917112,25.8473
1777266917134,25.8363
1777266917157,26.4245
1777266917179,26.2897
1777266917202,27.2071
1777266917225,26.7885
1777266917247,26.2448
1777266917270,25.9820
1777266917292,25.7837
1777266917315,25.2813
1777266917337,25.1659
1777266917365,25.5018
1777266917387,25.4183
1777266917410,24.9806
1777266917433,24.6544
1777266917456,25.3957
1777266917479,25.3724
1777266917502,25.2730
1777266917525,24.8361
1777266917549,25.4300
1777266917572,25.5186
1777266917594,25.3769
1777266917618,25.2900
1777266917641,24.9840
1777266917664,25.1223
1777266917688,25.4691
1777266917711,25.3766
1777266917734,25.3900
1777266917757,25.1688
1777266917780,25.0920
1777266917803,24.8492
1777266917825,25.0220
1777266917848,25.4641
1777266917871,24.9615
1777266917894,24.6538
1777266917917,24.5970
1777266917940,25.3693
1777266917963,25.6153
1777266917986,25.3671
1777266918009,25.2422
1777266918032,25.8633
1777266918055,25.9776
1777266918078,25.7259
1777266918101,25.2914
1777266918124,26.0076
1777266918147,25.7023
1777266918171,25.6055
1777266918194,25.0232
1777266918219,25.4617
1777266918242,25.2454
1777266918265,25.3918
1777266918288,25.6641
1777266918311,25.5702
1777266918334,25.8321
1777266918358,26.1261
1777266918381,26.2250
1777266918403,26.2814
1777266918426,25.9521
1777266918449,26.0990
1777266918473,26.3261
1777266918496,26.2373
1777266918519,26.0636
1777266918543,26.0331
1777266918566,25.9881
1777266918590,26.1311
1777266918613,26.0827
1777266918637,26.2477
1777266918661,26.7257
1777266918706,26.4015
1777266918729,26.0638
1777266918752,26.5240
1777266918776,26.1086
1777266918799,26.0366
1777266918822,26.0992
1777266918846,26.5654
1777266918869,26.0249
1777266918892,25.7395
1777266918916,26.1342
1777266918940,25.9289
1777266918963,25.3057
1777266918987,25.1893
1777266919010,25.3866
1777266919034,24.7288
1777266919057,24.5529
1777266919080,24.7073
1777266919103,24.9088
1777266919127,24.3324
1777266919150,24.3990
1777266919174,24.5703
1777266919197,24.8283
1777266919220,24.2296
1777266919243,24.1475
1777266919267,25.0681
1777266919289,24.8788
1777266919313,24.5300
1777266919338,24.9348
1777266919362,24.8552
1777266919385,24.8142
1777266919409,24.7602
1777266919432,24.9728
1777266919456,24.7965
1777266919480,24.5894
1777266919504,24.0813
1777266919527,24.0277
1777266919551,23.8258
1777266919574,23.7764
1777266919598,23.8167
1777266919622,23.7037
1777266919645,23.7731
1777266919669,23.5868
1777266919693,23.5776
1777266919717,23.4674
1777266919740,24.0458
1777266919764,23.7839
1777266919788,23.6984
1777266919833,23.6009
1777266919857,23.2422
1777266919887,23.6969
1777266919911,24.5031
1777266919934,24.4488
1777266919958,24.5181
1777266919982,25.7295
1777266920005,25.7315
1777266920029,25.6106
1777266920053,25.5831
1777266920076,25.8063
1777266920099,25.7732
1777266920123,25.8334
1777266920147,25.5344
1777266920170,25.6828
1777266920194,26.4379
1777266920217,26.2304
1777266920241,25.8819
1777266920264,25.3483
1777266920287,25.2773
1777266920311,25.5692
1777266920335,26.0572
1777266920358,25.7204
1777266920381,25.5681
1777266920405,26.1671
1777266920429,25.9929
1777266920453,25.4194
1777266920497,25.9447
1777266920521,26.0253
1777266920544,26.8718
1777266920568,26.5311
1777266920613,26.6427
1777266920637,26.9918
1777266920661,26.9009
1777266920685,26.8327
1777266920709,26.6202
1777266920734,26.5508
1777266920758,26.0499
1777266920781,25.6830
1777266920804,25.9575
1777266920827,25.9281
1777266920851,26.0452
1777266920874,26.5990
1777266920899,25.5684
1777266920922,25.4094
1777266920946,25.1959
1777266920970,24.9495
1777266920993,24.7105
1777266921016,24.2072
1777266921040,23.8434
1777266921064,23.8875
1777266921089,24.2650
1777266921112,24.5488
1777266921136,24.5338
1777266921160,24.8473
1777266921183,24.8074
1777266921206,24.7805
1777266921230,24.7161
1777266921254,24.5263
1777266921277,24.3452
1777266921301,24.0156
1777266921346,24.2576
1777266921370,23.9376
1777266921394,24.0093
1777266921417,23.8865
1777266921440,24.0225
1777266921468,23.6689
1777266921491,23.7312
1777266921514,23.8250
1777266921538,23.9514
1777266921566,24.1965
1777266921590,24.5198
1777266921617,24.4323
1777266921642,23.6561
1777266921666,23.5941
1777266921689,23.8275
1777266921713,24.4572
1777266921737,24.4251
1777266921760,24.3513
1777266921783,24.5420
1777266921807,24.7769
1777266921831,24.5281
1777266921854,24.5925
1777266921877,24.2312
1777266921900,23.8929
1777266921923,24.4806
1777266921946,24.5485
1777266921969,24.6110
1777266921993,24.4825
1777266922016,24.8314
1777266922040,25.0082
1777266922066,25.4068
1777266922089,25.2086
1777266922113,24.6577
1777266922136,24.3037
1777266922159,24.2308
1777266922182,23.8216
1777266922209,23.9823
1777266922232,24.5530
1777266922256,25.1061
1777266922280,25.1037
1777266922304,25.0905
1777266922328,25.1518
1777266922352,24.6251
1777266922396,24.8247
1777266922420,25.2305
1777266922444,25.1249
1777266922467,25.0289
1777266922491,24.9487
1777266922517,24.5651
1777266922540,24.5230
1777266922564,24.5705
1777266922587,24.1424
1777266922610,23.5845
1777266922634,24.2352
1777266922657,24.0650
1777266922681,23.8004
1777266922704,23.8868
1777266922727,23.5893
1777266922752,23.2451
1777266922776,23.9873
1777266922799,23.8867
1777266922823,23.9928
1777266922846,24.0763
1777266922870,24.0411
1777266922894,24.1984
1777266922917,24.7247
1777266922940,24.4709
1777266922965,24.3734
1777266922988,24.5106
1777266923011,24.3733
1777266923034,24.3244
1777266923058,24.7860
1777266923081,24.7319
1777266923104,24.2772
1777266923127,24.2404
1777266923150,24.5325
1777266923176,24.2042
1777266923198,24.2599
1777266923395,32.1114
1777266923416,32.0894
1777266923439,31.9188
1777266923464,32.5810
1777266923486,32.7485
1777266923511,32.2467
1777266923536,33.0188
1777266923558,32.8035
1777266923580,34.2030
1777266923602,34.3941
1777266923624,34.0743
1777266923646,34.0110
1777266923668,34.9397
1777266923690,35.1976
1777266923715,35.2242
1777266923737,34.8800
1777266923759,34.3514
1777266923781,34.2880
1777266923803,34.1788
1777266923825,35.0233
1777266923847,35.4915
1777266923869,35.4135
1777266923891,35.2713
1777266923913,34.7447
1777266923935,34.2981
1777266923957,34.5727
1777266923982,34.9125
1777266924004,35.4372
1777266924026,35.9099
1777266924048,35.8277
1777266924070,35.3877
1777266924093,36.1210
1777266924115,36.4632
1777266924137,36.0926
1777266924159,36.2784
1777266924181,37.1984
1777266924203,36.9472
1777266924228,37.2150
1777266924250,36.6705
1777266924272,35.9874
1777266924294,35.9824
1777266924316,35.9420
1777266924339,35.7227
1777266924361,35.7963
1777266924383,34.7454
1777266924405,29.7677
1777266924427,29.3042
1777266924450,29.5640
1777266924472,29.5774
1777266924494,29.8696
1777266924517,29.7249
1777266924539,30.0895
1777266924561,29.8702
1777266924584,29.3985
1777266924606,28.9453
1777266924629,28.8416
1777266924651,28.8630
1777266924674,28.4830
1777266924696,28.0176
1777266924718,28.0347
1777266924741,28.5633
1777266924763,28.5804
1777266924786,28.0938
1777266924808,28.1826
1777266924831,27.8965
1777266924854,27.7451
1777266924877,27.5571
1777266924900,27.3606
1777266924922,27.6764
1777266924945,27.7874
1777266924968,27.7169
1777266924990,27.6519
1777266925012,27.2323
1777266925035,26.8637
1777266925057,26.5395
1777266925079,27.0142
1777266925102,27.0439
1777266925124,26.8287
1777266925146,26.6472
1777266925169,26.8450
1777266925191,26.7106
1777266925214,26.1716
1777266925236,25.7749
1777266925259,26.1858
1777266925282,26.5540
1777266925307,26.7450
1777266925330,26.5776
1777266925352,25.9551
1777266925375,25.9101
1777266925398,25.5232
1777266925420,25.4111
1777266925443,25.5234
1777266925466,25.6005
1777266925491,25.4407
1777266925514,25.2979
1777266925537,24.9482
1777266925559,24.6377
1777266925582,25.3757
1777266925605,25.5306
1777266925627,25.2898
1777266925650,24.9324
1777266925673,24.8331
1777266925700,25.3048
1777266925723,26.6109
1777266925748,26.6715
1777266925772,26.1801
1777266925816,27.9057
1777266925840,27.2459
1777266925884,25.8483
1777266925908,26.0157
1777266925953,26.5549
1777266925978,26.3396
1777266926022,26.5188
1777266926047,26.6941
1777266926071,26.5578
1777266926115,27.4378
1777266926140,27.0024
1777266926185,27.2655
1777266926209,27.9530
1777266926254,27.8962
1777266926279,28.1829
1777266926303,28.1313
1777266926348,28.1549
1777266926373,28.2616
1777266926418,28.2267
1777266926442,28.2922
1777266926467,28.1786
1777266926513,29.1214
1777266926537,29.3641
1777266926583,28.7861
1777266926608,28.8917
1777266926633,29.1875
1777266926680,28.8022
1777266926705,28.7407
1777266926752,28.1026
1777266926777,28.6526
1777266926803,28.9024
1777266926851,27.8926
1777266926876,28.8947
1777266926902,29.3859
1777266926950,29.0914
1777266926976,29.3986
1777266927002,29.3891
1777266927030,28.8838
1777266927077,28.9317
1777266927103,29.0162
1777266927130,28.1808
1777266927178,28.7175
1777266927205,28.6151
1777266927231,28.2268
1777266927280,28.4517
1777266927307,28.4841
1777266927334,28.3821
1777266927361,28.0302
1777266927411,28.4038
1777266927437,28.8128
1777266927465,28.6943
1777266927491,28.1787
1777266927540,28.4506
1777266927568,28.8824
1777266927595,28.6352
1777266927645,28.3051
1777266927672,28.7566
1777266927701,29.3458
1777266927729,29.0311
1777266927778,28.9399
1777266927806,29.7725
1777266927834,30.3169
1777266927862,30.3075
1777266927912,30.0991
1777266927941,29.9402
1777266927969,29.9006
1777266927997,29.6452
1777266928026,30.9507
1777266928076,30.7674
1777266928104,31.1450
1777266928132,31.8656
1777266928161,32.3324
1777266928188,31.7164
1777266928242,31.7573
1777266928270,31.6827
1777266928298,31.4938
1777266928325,31.3102
1777266928374,32.0780
1777266928403,32.1195
1777266928438,31.7193
1777266928466,32.3352
1777266928495,32.2514
1777266928522,31.9999
1777266928571,31.3196
1777266928598,31.5879
1777266928627,31.7056
1777266928654,32.2623
1777266928705,31.7429
1777266928733,32.1901
1777266928762,32.2182
1777266928792,31.8430
1777266928820,30.8696
1777266928874,31.0283
1777266928903,31.3012
1777266928932,31.2403
1777266928960,31.0145
1777266928988,30.7356
1777266929038,30.3495
1777266929069,30.1326
1777266929098,30.8522
1777266929128,30.8764
1777266929156,30.4022
1777266929186,30.7099
1777266929239,30.5065
1777266929271,30.5455
1777266929303,30.8909
1777266929334,31.4307
1777266929363,31.8945
1777266929393,31.1039
1777266929424,31.1456
1777266929455,31.1165
1777266929513,30.2570
1777266929543,31.2279
1777266929573,31.7716
1777266929605,32.0712
1777266929634,32.2810
1777266929663,32.4479
1777266929693,32.3143
1777266929724,32.7423
1777266929756,32.7197
1777266929787,32.2396
1777266929816,32.6978
1777266929993,39.3117
1777266930017,39.1751
1777266930061,38.6747
1777266930085,38.1324
1777266930129,37.8092
1777266930154,37.6352
1777266930178,37.5929
1777266930222,38.8046
1777266930246,38.6553
1777266930291,39.0742
1777266930316,38.7336
1777266930362,38.2282
1777266930387,38.5822
1777266930412,38.6478
1777266930458,38.3658
1777266930482,38.5419
1777266930528,38.1277
1777266930554,37.5393
1777266930579,36.7277
1777266930625,36.5612
1777266930650,36.8498
1777266930695,36.8135
1777266930720,36.3503
1777266930745,36.2732
1777266930791,36.5696
1777266930817,36.5057
1777266930842,35.7681
1777266930888,35.2657
1777266930914,35.1882
1777266930960,35.3472
1777266930986,31.5014
1777266931012,31.5520
1777266931058,31.8207
1777266931085,31.7827
1777266931110,31.4548
1777266931158,32.0174
1777266931184,32.1818
1777266931207,32.3943
1777266931253,32.3401
1777266931279,32.1232
1777266931305,32.0700
1777266931351,32.1557
1777266931377,32.2126
1777266931404,32.1694
1777266931451,32.1126
1777266931477,32.0699
1777266931503,33.1029
1777266931550,34.0210
1777266931578,34.6278
1777266931605,34.9112
1777266931655,34.4982
1777266931683,34.6131
1777266931710,34.5363
1777266931736,34.8165
1777266931784,35.6558
1777266931811,36.1531
1777266931839,36.7957
1777266931888,37.0082
1777266931914,37.1554
1777266931941,36.8356
1777266931968,36.2526
1777266932016,35.4975
1777266932041,35.3465
1777266932068,35.4537
1777266932118,35.6908
1777266932146,35.5363
1777266932173,35.2553
1777266932200,34.7355
1777266932249,34.8903
1777266932276,34.8256
1777266932304,34.9945
1777266932331,34.8937
1777266932380,34.2377
1777266932407,34.1047
1777266932435,33.9189
1777266932463,33.6759
1777266932513,33.6130
1777266932541,32.8261
1777266932570,32.0407
1777266932598,32.0398
1777266932648,32.1666
1777266932676,32.0846
1777266932704,31.7502
1777266932732,31.6824
1777266932782,31.2628
1777266932810,30.2649
1777266932838,29.9431
1777266932867,29.9506
1777266932896,29.2378
1777266932947,30.1558
1777266932975,31.0556
1777266933002,31.0989
1777266933031,30.7475
1777266933082,30.9279
1777266933111,31.0323
1777266933142,30.9870
1777266933171,31.2169
1777266933202,31.5990
1777266933232,31.5505
1777266933262,30.5737
1777266933290,29.5377
1777266933343,29.6519
1777266933372,30.6269
1777266933402,30.5592
1777266933433,30.4334
1777266933463,30.4555
1777266933491,30.7118
1777266933545,31.5379
1777266933575,32.2043
1777266933605,32.0499
1777266933635,31.8403
1777266933664,31.6754
1777266933695,31.4030
1777266933727,31.3472
1777266933756,30.7291
1777266933808,30.9123
1777266933839,31.0978
1777266933869,32.0569
1777266933899,32.3785
1777266933931,32.1436
1777266933962,31.3945
1777266933991,31.5916
1777266934022,32.1368
1777266934056,31.8131
1777266934088,31.5040
1777266934118,30.9212
1777266934172,30.4883
1777266934204,31.2130
1777266934233,32.1987
1777266934266,32.8560
1777266934298,32.9568
1777266934331,32.8811
1777266934364,32.6187
1777266934394,32.0845
1777266934426,32.4806
1777266934458,32.7306
1777266934489,32.5972
1777266934519,32.2966
1777266934574,31.7930
1777266934604,31.9892
1777266934636,32.2924
1777266934668,32.5127
1777266934702,32.8083
1777266934731,33.5365
1777266934764,34.0738
1777266934796,34.2779
1777266934832,34.2987
1777266934866,34.3355
1777266934901,34.3120
1777266934933,34.5891
1777266934964,34.6452
1777266934996,34.3158
1777266935031,34.0946
1777266935062,34.4237
1777266935095,34.7564
1777266935129,35.7262
1777266935160,36.1041
1777266935192,36.2344
1777266935225,35.5628
1777266935255,34.6752
1777266935288,34.6930
1777266935321,34.6584
1777266935354,34.5305
1777266935385,34.4182
1777266935417,34.1930
1777266935450,34.0108
1777266935482,34.8723
1777266935514,35.2586
1777266935546,34.7321
1777266935602,34.7370
1777266935634,34.5594
1777266935683,34.6918
1777266935716,36.1474
1777266935755,36.4763
1777266935790,37.0950
1777266935824,37.1961
1777266935858,36.9389
1777266935892,36.3319
1777266935927,36.4953
1777266935964,36.4584
1777266935998,36.7726
1777266936028,36.9561
1777266936057,37.1195
1777266936099,37.7908
1777266936129,38.2556
1777266936159,37.7926
1777266936189,37.3077
1777266936218,37.0995
1777266936249,37.2649
1777266936283,37.5668
1777266936318,37.1091
1777266936353,37.7746
1777266936386,38.1348
1777266936419,38.3731
1777266936450,38.5722
1777266936480,38.2821
1777266936513,37.8153
1777266936544,38.1770
1777266936574,37.8699
1777266936630,37.8737
1777266936665,38.1554
1777266936697,38.1835
1777266936729,36.2827
1777266936762,36.4734
1777266936794,36.9184
1777266936827,36.6304
1777266936859,36.6551
1777266936892,36.6848
1777266936925,36.5110
1777266936957,37.0272
1777266936989,36.8715
1777266937021,36.7085
1777266937053,36.7695
1777266937085,36.6757
1777266937117,36.8236
1777266937151,35.8484
1777266937184,35.6670
1777266937217,35.5408
1777266937251,36.0190
1777266937283,36.5273
1777266937315,36.0026
1777266937350,36.1450
1777266937382,36.4262
1777266937416,36.6635
1777266937450,36.6304
1777266937485,36.1654
1777266937517,36.2723
1777266937551,37.0062
1777266937591,37.2496
1777266937623,37.4389
1777266937656,37.5252
1777266937690,37.6073
1777266937724,37.5439
1777266937760,37.0770
1777266937792,36.6309
1777266937826,36.7655
1777266937860,36.9932
1777266937896,37.3052
1777266937930,38.2934
1777266937967,38.1654
1777266938007,38.6950
1777266938043,39.5498
1777266938080,39.8790
1777266938112,39.0618
1777266938142,39.0157
1777266938172,39.0835
1777266938203,39.3783
1777266938254,38.8497
1777266938285,38.7979
1777266938315,39.0077
1777266938345,39.0417
1777266938375,38.6081
1777266938407,37.9947
1777266938439,37.7819
1777266938469,37.4863
1777266938499,37.1100
1777266938550,36.5165
1777266938581,36.9486
1777266938612,36.7241
1777266938642,35.9669
1777266938674,36.1211
1777266938705,36.0398
1777266938737,35.6859
1777266938767,35.2394
1777266938797,34.5752
1777266938848,33.8278
1777266938879,33.6587
1777266939046,34.0482
1777266939068,34.8596
1777266939091,34.4712
1777266939114,34.8915
1777266939159,35.7104
1777266939183,36.8856
1777266939228,36.0533
1777266939253,36.5488
1777266939298,36.6815
1777266939322,36.9042
1777266939367,36.4408
1777266939392,36.3625
1777266939416,36.2194
1777266939464,36.0378
1777266939488,36.4652
1777266939533,38.0475
1777266939558,37.8957
1777266939582,37.8723
1777266939627,38.1074
1777266939652,37.9790
1777266939697,37.2871
1777266939723,37.0037
1777266939747,37.9715
1777266939794,39.3365
1777266939819,39.4496
1777266939845,40.2166
1777266939892,40.3137
1777266939917,40.3316
1777266939964,40.0023
1777266939990,39.7555
1777266940016,39.5665
1777266940063,39.2823
1777266940089,34.9675
1777266940114,35.1760
1777266940162,35.6845
1777266940188,36.2626
1777266940214,35.9627
1777266940263,36.1488
1777266940289,36.1606
1777266940316,35.7291
1777266940342,35.4642
1777266940390,35.1724
1777266940415,35.1998
1777266940461,35.3004
1777266940486,35.2338
1777266940515,34.9384
1777266940561,33.9043
1777266940588,33.5081
1777266940614,33.7463
1777266940639,33.5273
1777266940685,33.6104
1777266940711,33.5828
1777266940758,33.3918
1777266940786,33.1427
1777266940814,32.2142
1777266940862,31.4693
1777266940890,30.9346
1777266940918,30.8109
1777266940944,31.1425
1777266940994,31.2909
1777266941020,31.3853
1777266941047,31.2106
1777266941076,31.7036
1777266941124,31.8583
1777266941153,31.9233
1777266941180,30.9230
1777266941206,30.1247
1777266941257,29.5060
1777266941286,29.4618
1777266941314,29.6035
1777266941342,29.9608
1777266941371,29.5667
1777266941422,29.5528
1777266941450,30.0258
1777266941480,29.9167
1777266941508,30.3104
1777266941540,31.0493
1777266941574,31.2322
1777266941605,31.1294
1777266941634,30.2864
1777266941685,30.0470
1777266941717,30.1575
1777266941747,30.3371
1777266941777,30.1404
1777266941805,30.5200
1777266941836,30.8572
1777266941866,30.3990
1777266941918,29.8896
1777266941948,29.1004
1777266941978,28.9768
1777266942007,28.8105
1777266942037,28.7103
1777266942068,28.4978
1777266942098,27.5310
1777266942150,26.7920
1777266942181,26.9422
1777266942210,28.0863
1777266942240,28.7141
1777266942270,28.4170
1777266942301,28.3010
1777266942331,28.2096
1777266942360,28.7284
1777266942412,29.1207
1777266942438,30.0087
1777266942466,29.8577
1777266942493,29.6031
1777266942543,29.1554
1777266942572,29.7951
1777266942600,30.1371
1777266942628,29.8477
1777266942679,30.4462
1777266942710,30.4542
1777266942743,30.5014
1777266942773,30.8073
1777266942804,31.1528
1777266942836,31.1331
1777266942866,31.3769
1777266942896,31.9245
1777266942926,32.0756
1777266942957,32.2092
1777266943010,31.8834
1777266943042,32.1104
1777266943072,32.6172
1777266943102,33.6972
1777266943134,34.0263
1777266943167,33.8138
1777266943198,33.3373
1777266943230,33.1191
1777266943261,33.7875
1777266943292,34.0266
1777266943324,33.5523
1777266943356,33.2100
1777266943388,33.0043
1777266943441,32.5954
1777266943473,32.5853
1777266943504,33.3903
1777266943536,33.6402
1777266943569,33.4133
1777266943601,32.5731
1777266943632,33.0163
1777266943665,33.0501
1777266943703,32.9152
1777266943735,32.9675
1777266943768,33.0868
1777266943800,33.2580
1777266943831,33.9332
1777266943864,33.8189
1777266943896,34.2129
1777266943929,34.6051
1777266943961,34.3752
1777266943994,34.5338
1777266944028,34.2477
1777266944061,34.0142
1777266944093,33.9151
1777266944125,34.1427
1777266944159,33.7940
1777266944192,34.0502
1777266944224,33.8858
1777266944254,33.6290
1777266944286,33.0401
1777266944314,33.6837
1777266944366,33.4982
1777266944398,34.4429
1777266944426,34.7523
1777266944457,34.4356
1777266944490,33.5629
1777266944520,33.8150
1777266944548,33.6133
1777266944602,33.4435
1777266944633,33.5916
1777266944665,33.9225
1777266944694,34.4935
1777266944724,34.2944
1777266944765,34.2332
1777266944794,34.3777
1777266944824,34.2587
1777266944855,33.8339
1777266944884,34.0204
1777266944914,33.6377
1777266944946,33.0987
1777266944995,32.7603
1777266945027,33.2867
1777266945055,33.8853
1777266945084,33.7188
1777266945114,33.2266
1777266945143,33.7060
1777266945198,33.5095
1777266945228,33.7280
1777266945258,34.0112
1777266945287,34.1050
1777266945316,33.8809
1777266945347,34.2572
1777266945378,33.8396
1777266945420,33.2153
1777266945585,35.8371
1777266945607,42.7825
1777266945628,42.3131
1777266945673,42.2383
1777266945696,42.0794
1777266945740,43.3589
1777266945762,42.7671
1777266945806,41.2340
1777266945831,41.8441
1777266945876,41.2402
1777266945899,41.2664
1777266945923,42.4565
1777266945968,42.5842
1777266945991,42.0043
1777266946036,41.3969
1777266946061,40.5569
1777266946106,40.1240
1777266946131,40.2907
1777266946156,40.9617
1777266946202,40.1069
1777266946227,39.8229
1777266946274,39.6320
1777266946299,39.5279
1777266946325,39.0658
1777266946372,39.6342
1777266946396,40.1724
1777266946421,39.8382
1777266946465,39.5090
1777266946490,39.5639
1777266946535,39.2463
1777266946559,38.8223
1777266946605,38.0709
1777266946631,30.8964
1777266946657,30.6256
1777266946705,30.1171
1777266946732,29.1847
1777266946759,29.2686
1777266946786,30.0056
1777266946834,30.0932
1777266946861,29.8121
1777266946887,30.1270
1777266946934,29.8122
1777266946959,29.8968
1777266946984,28.9609
1777266947032,29.6614
1777266947058,30.2480
1777266947107,31.2038
1777266947132,31.4027
1777266947157,31.0626
1777266947184,31.5241
1777266947231,31.7613
1777266947258,32.4444
1777266947286,33.2130
1777266947333,34.4016
1777266947358,34.5324
1777266947383,34.0499
1777266947429,32.9172
1777266947455,32.5733
1777266947510,32.0851
1777266947536,31.8697
1777266947561,32.0538
1777266947585,32.3523
1777266947631,31.8937
1777266947656,32.1633
1777266947680,31.9170
1777266947726,31.6689
1777266947789,31.3337
1777266947815,33.0040
1777266947863,33.4830
1777266947888,33.1315
1777266947916,33.1600
1777266947964,32.6199
1777266947990,33.4543
1777266948017,33.6924
1777266948065,33.3596
1777266948093,33.1508
1777266948120,32.8979
1777266948148,32.9153
1777266948177,32.5032
1777266948226,31.8388
1777266948254,31.6288
1777266948281,30.6738
1777266948329,29.4928
1777266948356,28.5359
1777266948383,29.3718
1777266948411,30.1994
1777266948459,30.4442
1777266948487,30.7958
1777266948514,30.5367
1777266948543,30.3783
1777266948592,29.8386
1777266948620,30.5558
1777266948648,31.0069
1777266948677,30.7830
1777266948723,30.7617
1777266948750,31.1392
1777266948775,31.0493
1777266948822,29.1414
1777266948847,28.5401
1777266948872,27.9999
1777266948919,28.4148
1777266948945,29.0159
1777266948993,28.5761
1777266949019,28.2780
1777266949046,27.9594
1777266949098,28.2223
1777266949125,28.3144
1777266949150,27.9913
1777266949175,28.1348
1777266949222,27.9929
1777266949249,27.9385
1777266949274,27.7127
1777266949324,28.2441
1777266949350,28.3749
1777266949379,27.8437
1777266949405,27.6571
1777266949454,27.1498
1777266949481,26.9127
1777266949506,26.7119
1777266949554,26.3352
1777266949582,26.6664
1777266949609,26.6843
1777266949635,26.3930
1777266949683,26.8658
1777266949709,27.5133
1777266949735,27.2408
1777266949783,27.2093
1777266949814,27.1365
1777266949842,26.9295
1777266949871,26.8890
1777266949920,27.5110
1777266949947,27.1193
1777266949978,27.4573
1777266950008,27.4330
1777266950039,27.7704
1777266950071,27.7133
1777266950126,27.2215
1777266950159,27.3972
1777266950192,28.2200
1777266950222,29.2351
1777266950251,29.5696
1777266950283,29.9312
1777266950314,30.2097
1777266950346,30.5280
1777266950378,30.5003
1777266950410,30.1283
1777266950442,30.7367
1777266950472,30.7219
1777266950502,30.6589
1777266950554,32.2726
1777266950584,32.8970
1777266950614,33.1010
1777266950644,33.1774
1777266950674,33.6058
1777266950703,33.3132
1777266950735,34.5742
1777266950767,34.7287
1777266950798,34.6208
1777266950852,34.8001
1777266950881,35.5195
1777266950913,35.5932
1777266950944,35.8421
1777266950977,36.5530
1777266951010,36.4930
1777266951043,36.2687
1777266951074,36.3793
1777266951107,36.3520
1777266951139,36.0685
1777266951173,35.9947
1777266951206,36.0232
1777266951241,35.0568
1777266951276,35.0485
1777266951309,35.8876
1777266951343,35.4299
1777266951376,35.5386
1777266951410,35.8397
1777266951443,36.0021
1777266951478,36.5207
1777266951512,37.2696
1777266951543,36.9570
1777266951574,36.3711
1777266951609,36.7527
1777266951645,36.6000
1777266951678,36.4095
1777266951715,36.1895
1777266951750,36.2556
1777266951785,36.1306
1777266951818,36.9808
1777266951850,37.2754
1777266951885,37.3798
1777266951923,37.5786
1777266951957,37.9584
1777266951988,38.0229
1777266952021,38.4828
1777266952053,38.9617
1777266952085,39.9144
1777266952119,40.7709
1777266952153,41.5537
1777266952188,41.9369
1777266952222,42.3234
1777266952256,43.0519
1777266952286,43.4464
1777266952315,43.1446
1777266952345,43.5113
1777266952373,43.7698
1777266952405,43.5473
1777266952439,43.5914
1777266952472,44.0446
1777266952504,44.0009
1777266952535,43.8873
1777266952568,44.1870
1777266952599,43.7984
1777266952631,43.3628
1777266952666,43.2257
1777266952699,43.0562
1777266952729,42.9411
1777266952770,43.1776
1777266952800,43.0724
1777266952829,42.0874
1777266952860,42.0129
1777266952891,42.0183
1777266952922,41.6402
1777266952953,41.2102
1777266952987,40.6222
1777266953019,40.3405
1777266953051,39.7816
1777266953081,39.0115
1777266953132,37.4992
1777266953161,36.5643
1777266953191,36.6790
1777266953220,36.6913
1777266953252,36.1421
1777266953282,35.4453
1777266953312,34.9108
1777266953363,34.2062
1777266953392,33.7943
1777266953419,33.5792
1777266953446,33.2257
1777266953499,32.5665
1777266953527,31.9921
1777266953555,31.8326
1777266953585,31.6258
1777266953613,31.8001
1777266953640,31.5317
1777266953693,30.9113
1777266953722,30.9757
1777266953754,30.8803
1777266953786,30.2601
1777266953816,30.5991
1777266953848,30.6605
1777266953878,30.2740
1777266953909,30.2116
1777266953941,30.0880
1777266953994,29.9832
1777266954027,30.3060
1777266954060,30.1592
1777266954096,30.7487
1777266954133,31.6155
1777266954170,32.0533
1777266954205,32.0415
1777266954238,32.1984
1777266954271,32.5977
1777266954306,33.2853
1777266954342,34.4145
1777266954379,34.9608
1777266954414,35.1202
1777266954444,36.0761
1777266954479,35.8681
1777266954514,35.6712
1777266954548,35.6039
1777266954582,35.3070
1777266954613,35.0997
1777266954655,36.8426
1777266954689,37.1152
1777266954724,37.5479
1777266954757,38.2362
1777266954789,38.3186
1777266954822,38.0761
1777266954855,38.2254
1777266954889,38.2653
1777266954924,38.2268
1777266954957,38.6944
1777266954992,38.8956
1777266955026,39.0897
1777266955062,39.2768
1777266955095,40.6134
1777266955130,40.7274
1777266955165,40.7215
1777266955197,40.9000
1777266955233,40.8987
1777266955268,40.7101
1777266955304,41.9587
1777266955340,41.3820
1777266955374,41.3545
1777266955409,41.6139
1777266955443,41.3634
1777266955477,41.5586
1777266955512,41.7082
1777266955542,41.6018
1777266955574,41.3553
1777266955605,41.2212
1777266955636,40.7717
1777266955666,39.8870
1777266955724,39.8313
1777266955757,39.3252
1777266955790,39.4101
1777266955824,39.4857
1777266955857,39.6736
1777266955888,40.0289
1777266955924,40.4736
1777266955960,40.5416
1777266955994,40.7247
1777266956028,40.7549
1777266956063,40.8779
1777266956097,40.5322
1777266956128,40.3178
1777266956159,40.3773
1777266956194,40.9355
1777266956227,40.8459
1777266956260,40.9697
1777266956293,40.9896
1777266956327,39.5787
1777266956363,39.9762
1777266956393,40.3374
1777266956426,40.3210
1777266956458,40.3279
1777266956491,40.9958
1777266956524,41.5804
1777266956558,42.2207
1777266956591,42.7142
1777266956624,43.2899
1777266956659,43.9547
1777266956692,44.7148
1777266956725,45.1280
1777266956759,45.4858
1777266956792,46.1713
1777266956826,46.4133
1777266956860,46.5818
1777266956893,46.6419
1777266956925,46.5358
1777266956967,46.7613
1777266956999,47.1886
1777266957034,47.0357
1777266957069,46.8382
1777266957101,46.2796
1777266957135,45.4637
1777266957174,44.5558
1777266957207,43.5243
1777266957239,43.1585
1777266957273,43.2408
1777266957305,43.1285
1777266957337,42.6324
1777266957367,42.2053
1777266957545,46.4767
1777266957567,45.4775
1777266957610,45.5812
1777266957634,45.3908
1777266957679,44.6537
1777266957703,44.4188
1777266957748,43.9633
1777266957773,42.9398
1777266957796,42.1241
1777266957841,41.2099
1777266957865,40.5219
1777266957910,39.8593
1777266957935,39.0535
1777266957980,37.9002
1777266958004,36.8984
1777266958029,36.2368
1777266958074,36.3684
1777266958098,36.5616
1777266958144,36.7338
1777266958168,36.8686
1777266958193,36.8594
1777266958239,36.4380
1777266958263,35.7273
1777266958309,36.2822
1777266958334,36.5565
1777266958359,36.5798
1777266958405,35.9955
1777266958430,35.6939
1777266958475,34.9393
1777266958501,34.8889
1777266958527,31.0643
1777266958574,32.2389
1777266958600,32.4036
1777266958626,32.6106
1777266958672,33.1193
1777266958698,33.5425
1777266958745,33.6471
1777266958770,33.5530
1777266958795,33.6491
1777266958843,34.1159
1777266958869,34.1793
1777266958895,33.9253
1777266958942,33.3942
1777266958969,34.1516
1777266958995,33.7900
1777266959043,33.3681
1777266959069,33.5742
1777266959095,32.9858
1777266959144,33.1632
1777266959170,33.7125
1777266959197,33.8425
1777266959223,34.4856
1777266959271,34.8680
1777266959298,34.6098
1777266959326,33.6255
1777266959375,32.7419
1777266959402,32.7189
1777266959428,32.6057
1777266959456,33.3885
1777266959505,33.3728
1777266959533,33.1825
1777266959561,32.1483
1777266959589,31.2227
1777266959639,30.4542
1777266959667,30.4021
1777266959694,30.4094
1777266959723,30.3356
1777266959773,30.0397
1777266959801,30.1190
1777266959831,29.8762
1777266959860,29.5534
1777266959888,29.2304
1777266959939,29.8705
1777266959967,30.5885
1777266959996,31.1532
1777266960025,31.3084
1777266960055,31.0127
1777266960112,31.1278
1777266960140,31.3522
1777266960170,30.8876
1777266960201,31.1516
1777266960230,31.6275
1777266960260,31.0319
1777266960290,30.1181
1777266960340,30.6650
1777266960370,31.2878
1777266960400,31.3984
1777266960428,31.4592
1777266960458,31.0387
1777266960487,30.5737
1777266960537,30.4650
1777266960565,30.8018
1777266960594,31.5126
1777266960623,31.7713
1777266960652,31.4377
1777266960704,31.1693
1777266960733,31.0200
1777266960762,31.2601
1777266960793,31.0033
1777266960823,30.6766
1777266960852,30.6743
1777266960906,32.1711
1777266960936,32.7687
1777266960966,32.3837
1777266960996,31.9892
1777266961026,32.1944
1777266961055,32.4360
1777266961086,32.3363
1777266961117,31.8812
1777266961168,31.5279
1777266961199,31.5692
1777266961229,31.1377
1777266961258,31.8639
1777266961289,32.1310
1777266961320,32.2260
1777266961351,31.9183
1777266961379,32.0472
1777266961434,31.9074
1777266961464,32.8896
1777266961495,33.3550
1777266961528,33.4724
1777266961559,33.4979
1777266961589,33.9512
1777266961621,34.0299
1777266961653,33.6019
1777266961686,33.5198
1777266961719,33.4773
1777266961750,33.0766
1777266961781,33.4889
1777266961814,34.3922
1777266961846,34.3690
1777266961901,33.9684
1777266961935,33.1683
1777266961968,33.2780
1777266962006,33.4158
1777266962036,33.9713
1777266962067,34.5302
1777266962100,35.1097
1777266962132,36.1298
1777266962162,36.7736
1777266962193,36.7649
1777266962224,36.9017
1777266962255,36.5435
1777266962288,36.4716
1777266962322,36.9532
1777266962357,36.9846
1777266962390,36.7853
1777266962429,37.1301
1777266962464,37.7201
1777266962498,37.5546
1777266962533,37.9627
1777266962568,38.2683
1777266962601,38.3002
1777266962638,38.4578
1777266962671,39.1132
1777266962706,39.6526
1777266962742,40.0508
1777266962777,40.0316
1777266962810,39.8132
1777266962841,39.8304
1777266962875,39.2630
1777266962904,39.7824
1777266962934,39.6805
1777266962989,39.0670
1777266963022,38.9557
1777266963054,38.6808
1777266963086,38.4844
1777266963119,38.5106
1777266963151,38.8179
1777266963184,38.0402
1777266963217,38.2170
1777266963252,38.2488
1777266963285,38.8100
1777266963317,38.6782
1777266963348,38.6053
1777266963378,39.0852
1777266963412,39.0617
1777266963445,38.8069
1777266963476,37.8581
1777266963511,37.4993
1777266963544,37.6677
1777266963576,37.2104
1777266963610,36.6295
1777266963641,36.0263
1777266963671,35.4764
1777266963700,35.3541
1777266963729,34.8836
1777266963781,34.9564
1777266963810,35.4493
1777266963840,35.8742
1777266963869,35.7158
1777266963899,36.0877
1777266963928,36.1210
1777266963982,36.8590
1777266964012,37.3277
1777266964042,37.1932
1777266964073,36.9990
1777266964102,37.0741
1777266964132,36.6562
1777266964161,36.3630
1777266964191,35.8185
1777266964246,35.4219
1777266964280,35.3861
1777266964321,34.7358
1777266964355,35.1779
1777266964388,35.5945
1777266964421,35.6534
1777266964456,36.2356
1777266964491,36.8537
1777266964535,37.3906
1777266964569,38.0168
1777266964605,39.1865
1777266964635,39.0751
1777266964664,39.0711
1777266964694,38.7335
1777266964723,38.3723
1777266964775,39.4794
1777266964806,39.5988
1777266964838,39.1328
1777266964869,39.2815
1777266964897,38.9260
1777266964924,38.5329
1777266964952,37.9598
1777266965003,37.4936
1777266965033,37.7602
1777266965065,37.6999
1777266965095,38.0202
1777266965124,38.0170
1777266965149,37.5424
1777266965199,38.3096
1777266965230,38.3348
1777266965262,38.2051
1777266965297,37.9260
1777266965330,37.6463
1777266965365,37.1525
1777266965394,36.5775
1777266965425,36.6440
1777266965457,35.9690
1777266965486,35.4706
1777266965517,35.0549
1777266965550,34.7731
1777266965580,32.6807
1777266965633,32.7503
1777266965667,33.0339
1777266965832,32.6365
1777266965855,40.8104
1777266965878,42.0521
1777266965901,42.4236
1777266965946,42.4793
1777266965970,43.3379
1777266966015,43.6092
1777266966040,42.8684
1777266966085,42.1683
1777266966110,42.0955
1777266966155,42.2103
1777266966180,42.1269
1777266966204,41.5749
1777266966250,41.8874
1777266966275,43.3386
1777266966299,43.6897
1777266966345,44.9216
1777266966370,44.8988
1777266966416,44.8443
1777266966441,44.3309
1777266966487,44.0564
1777266966512,44.0759
1777266966537,44.6352
1777266966583,44.3238
1777266966609,44.6979
1777266966634,44.8032
1777266966680,45.3873
1777266966706,45.2376
1777266966753,44.2451
1777266966778,43.7048
1777266966804,42.9190
1777266966851,38.5606
1777266966876,34.8971
1777266966902,34.7368
1777266966949,34.4443
1777266966974,34.3376
1777266967000,33.1861
1777266967047,33.2643
1777266967073,33.5071
1777266967099,33.6184
1777266967146,33.2585
1777266967172,32.9497
1777266967219,33.0041
1777266967246,33.0984
1777266967272,32.6600
1777266967319,32.1774
1777266967346,32.0240
1777266967372,32.2268
1777266967398,32.6127
1777266967447,32.1652
1777266967474,32.4774
1777266967500,32.1016
1777266967548,32.4708
1777266967575,32.8742
1777266967602,33.2140
1777266967650,33.0046
1777266967678,32.9561
1777266967705,33.1576
1777266967731,33.6158
1777266967780,33.5533
1777266967808,33.9732
1777266967834,33.8334
1777266967861,34.3291
1777266967909,34.9939
1777266967941,34.9679
1777266967967,34.6701
1777266968015,34.4452
1777266968041,35.2015
1777266968067,34.5043
1777266968094,34.4263
1777266968143,34.3505
1777266968170,34.3149
1777266968198,34.5535
1777266968246,34.0313
1777266968274,33.6073
1777266968301,33.5246
1777266968330,33.1122
1777266968380,32.7904
1777266968408,32.6092
1777266968437,32.5359
1777266968465,32.2492
1777266968494,31.9538
1777266968543,32.4961
1777266968571,32.3390
1777266968600,32.3473
1777266968629,32.1587
1777266968680,31.6319
1777266968708,30.6099
1777266968737,30.2937
1777266968765,30.0925
1777266968793,30.0096
1777266968842,30.1501
1777266968870,30.2412
1777266968898,28.9129
1777266968928,28.7712
1777266968978,28.5469
1777266969005,29.1703
1777266969033,29.1089
1777266969061,29.1777
1777266969112,29.5886
1777266969140,29.7197
1777266969168,29.6869
1777266969196,29.6691
1777266969225,30.8694
1777266969275,30.9037
1777266969306,30.9986
1777266969335,30.7371
1777266969365,30.5171
1777266969396,30.1981
1777266969424,30.1194
1777266969473,29.6727
1777266969498,30.3471
1777266969528,30.1046
1777266969558,29.4828
1777266969607,29.2530
1777266969635,29.4168
1777266969667,29.8917
1777266969698,29.8418
1777266969726,29.5312
1777266969755,29.4335
1777266969805,30.0611
1777266969834,30.1142
1777266969863,30.0244
1777266969908,29.8902
1777266969936,29.9714
1777266969966,30.1952
1777266969998,29.9482
1777266970044,29.5638
1777266970095,29.9620
1777266970125,30.7476
1777266970156,30.6524
1777266970185,31.0231
1777266970215,30.8871
1777266970264,29.9266
1777266970294,30.0393
1777266970323,30.0049
1777266970352,29.7767
1777266970381,29.4997
1777266970432,29.7721
1777266970461,30.2776
1777266970491,30.3026
1777266970520,30.5517
1777266970549,31.0106
1777266970599,30.8367
1777266970633,30.6187
1777266970664,30.7014
1777266970694,30.8290
1777266970726,31.1785
1777266970758,31.2426
1777266970789,31.4494
1777266970822,30.6670
1777266970855,30.8966
1777266970886,30.7474
1777266970916,30.6860
1777266970948,30.8886
1777266971004,30.7244
1777266971038,31.6743
1777266971072,31.7024
1777266971105,32.7399
1777266971136,32.3359
1777266971166,32.4801
1777266971198,33.2231
1777266971229,33.4802
1777266971260,34.0797
1777266971291,33.9311
1777266971324,33.9616
1777266971355,34.1256
1777266971387,34.3542
1777266971419,34.5144
1777266971450,34.5572
1777266971481,34.2188
1777266971511,34.3195
1777266971565,34.3027
1777266971597,34.7308
1777266971629,34.7946
1777266971659,34.7959
1777266971689,34.7581
1777266971720,34.7286
1777266971750,35.4937
1777266971781,35.1890
1777266971810,35.5163
1777266971838,35.5356
1777266971891,35.1337
1777266971922,35.6052
1777266971955,35.4803
1777266971986,35.6728
1777266972020,35.4741
1777266972052,35.2157
1777266972085,34.1043
1777266972118,34.4625
1777266972150,33.8708
1777266972181,32.9245
1777266972212,33.1645
1777266972245,32.9553
1777266972277,32.7124
1777266972309,32.5418
1777266972341,32.4776
1777266972374,33.1977
1777266972408,32.8161
1777266972440,32.5355
1777266972474,32.6000
1777266972507,32.5523
1777266972541,32.0900
1777266972572,31.6343
1777266972627,31.7146
1777266972660,31.6299
1777266972693,32.4322
1777266972724,32.6667
1777266972758,32.9604
1777266972793,32.5077
1777266972824,33.7920
1777266972856,33.7810
1777266972889,34.2050
1777266972923,34.3006
1777266972954,34.4463
1777266972986,34.5594
1777266973018,34.7796
1777266973049,35.0219
1777266973082,35.4484
1777266973116,34.8497
1777266973149,35.0127
1777266973181,35.0646
1777266973221,34.6347
1777266973253,34.9979
1777266973283,35.3704
1777266973311,35.8271
1777266973342,36.2450
1777266973374,35.9014
1777266973405,36.1216
1777266973437,36.8673
1777266973471,36.9198
1777266973505,36.2605
1777266973539,36.8313
1777266973570,36.8531
1777266973603,36.6247
1777266973637,36.9340
1777266973670,36.6059
1777266973702,35.7058
1777266973737,35.8082
1777266973771,35.9372
1777266973804,35.6696
1777266973838,34.4979
1777266973867,34.9576
1777266973898,34.6219
1777266973928,34.1871
1777266973957,33.5418
1777266974011,33.1582
1777266974042,33.9607
1777266974072,33.5347
1777266974101,33.6036
1777266974127,33.8640
1777266974182,33.5300
1777266974212,33.9450
1777266974243,34.0366
1777266974272,33.9292
1777266974304,33.8527
1777266974334,33.9746
1777266974365,33.4580
1777266974396,33.7940
1777266974426,33.6778
1777266974481,33.5976
1777266974509,34.1317
1777266974539,34.3931
1777266974573,34.6047
1777266974607,35.0791
1777266974642,35.2378
1777266974675,35.5090
1777266974710,35.9051
1777266974743,35.7592
1777266974774,35.6598
1777266974806,35.9942
1777266974840,36.1249
1777266974875,35.6709
1777266974913,36.5093
1777266974945,37.5984
1777266974979,38.4717
1777266975013,38.9454
1777266975046,38.6199
1777266975079,38.9868
1777266975115,39.2794
1777266975150,39.5679
1777266975183,40.4930
1777266975212,40.6398
1777266975242,40.8630
1777266975272,41.0920
1777266975303,41.2495
1777266975331,41.6792
1777266975360,41.5949
1777266975389,41.8177
1777266975419,41.7809
1777266975471,41.1664
1777266975501,41.5432
1777266975531,41.2942
1777266975562,41.1482
1777266975592,41.3989
1777266975621,41.2577
1777266975651,40.3295
1777266975681,39.7598
1777266975732,39.3379
1777266975761,39.4701
1777266975790,39.2434
1777266975819,38.8447
1777266975847,38.4220
1777266975898,37.8416
1777266975927,37.7805
1777266975956,36.5353
1777266975985,35.9355
1777266976013,35.8730
1777266976043,35.0411
1777266976093,34.3467
1777266976123,33.6665
1777266976154,33.0562
1777266976185,32.5516
1777266976213,32.0475
1777266976244,31.9815
1777266976276,31.2484
1777266976330,30.7873
1777266976363,30.0355
1777266976394,30.5909
1777266976425,30.4866
1777266976458,30.5859
1777266976491,30.7442
1777266976523,30.6280
1777266976555,30.5675
1777266976587,31.2910
1777266976618,30.9523
1777266976650,30.8455
1777266976682,31.6033
1777266976715,32.0783
1777266976750,31.8561
1777266976784,31.4255
1777266976817,32.3265
1777266976851,33.0099
1777266976883,33.7461
1777266976916,33.6025
1777266976949,33.4087
1777266976981,33.5744
1777266977011,33.8856
1777266977043,34.6052
1777266977077,34.6192
1777266977244,34.4369
1777266977266,40.0829
1777266977289,39.5022
1777266977334,40.1405
1777266977359,40.2089
1777266977383,39.9208
1777266977428,39.6980
1777266977453,39.7983
1777266977498,38.8794
1777266977522,38.6710
1777266977568,38.5261
1777266977593,38.9328
1777266977618,38.8669
1777266977665,39.7595
1777266977690,39.5216
1777266977714,38.7120
1777266977760,38.9057
1777266977785,38.8981
1777266977831,38.0981
1777266977857,37.8745
1777266977882,36.9068
1777266977928,37.5163
1777266977955,37.7870
1777266977981,37.3444
1777266978029,36.0879
1777266978054,35.5721
1777266978080,36.0764
1777266978126,35.9673
1777266978152,35.7753
1777266978199,36.5500
1777266978224,36.7145
1777266978250,33.9558
1777266978298,33.3844
1777266978323,33.7608
1777266978350,33.5597
1777266978397,33.4358
1777266978424,33.4729
1777266978450,33.2308
1777266978498,33.7501
1777266978526,33.9620
1777266978554,33.8098
1777266978582,33.4483
1777266978609,32.5384
1777266978657,31.8534
1777266978685,31.8077
1777266978712,32.4554
1777266978761,32.7570
1777266978789,32.5783
1777266978817,32.3784
1777266978843,32.1649
1777266978893,33.4293
1777266978919,33.7966
1777266978947,33.6762
1777266978996,32.8604
1777266979023,33.7377
1777266979051,33.9240
1777266979080,34.1119
1777266979130,34.3741
1777266979157,34.4416
1777266979186,34.1686
1777266979213,33.4284
1777266979263,33.1891
1777266979291,33.7391
1777266979319,33.5433
1777266979349,32.9139
1777266979377,32.7569
1777266979427,32.7725
1777266979456,32.8247
1777266979487,32.6334
1777266979517,32.5306
1777266979545,32.8925
1777266979576,33.1520
1777266979628,32.5892
1777266979656,33.4128
1777266979686,32.9669
1777266979716,32.6368
1777266979746,32.3508
1777266979776,31.9546
1777266979827,31.6511
1777266979858,31.9815
1777266979888,31.9570
1777266979918,31.4862
1777266979947,31.0618
1777266979975,31.5628
1777266980003,31.6048
1777266980053,31.6363
1777266980083,31.4378
1777266980111,31.2736
1777266980143,31.5783
1777266980173,31.2014
1777266980222,30.9091
1777266980252,30.7989
1777266980282,30.6993
1777266980312,30.4788
1777266980343,30.2444
1777266980373,30.5941
1777266980424,30.7301
1777266980455,30.8243
1777266980484,31.0886
1777266980514,31.5636
1777266980544,31.0795
1777266980574,31.0634
1777266980604,31.1613
1777266980659,31.2623
1777266980688,31.4920
1777266980720,31.7844
1777266980750,32.4889
1777266980780,32.7940
1777266980812,33.0627
1777266980840,32.9327
1777266980871,32.7349
1777266980901,32.5309
1777266980953,32.0386
1777266980984,32.4293
1777266981013,32.3143
1777266981043,32.2685
1777266981073,33.1664
1777266981105,32.7505
1777266981136,32.4869
1777266981165,32.4148
1777266981218,33.0360
1777266981249,33.0878
1777266981279,32.6722
1777266981310,32.0751
1777266981341,32.0392
1777266981371,32.0306
1777266981399,31.6244
1777266981453,32.1765
1777266981483,32.8724
1777266981512,32.4155
1777266981544,32.7557
1777266981575,33.3350
1777266981607,33.6233
1777266981639,33.4201
1777266981672,32.9973
1777266981703,32.6718
1777266981733,32.3139
1777266981762,31.5034
1777266981817,32.3389
1777266981848,32.8546
1777266981880,32.9078
1777266981913,33.5002
1777266981945,33.5012
1777266981977,33.4461
1777266982011,33.3485
1777266982044,33.4503
1777266982077,33.4198
1777266982112,33.6534
1777266982143,34.4853
1777266982175,34.8300
1777266982208,34.7671
1777266982241,34.5944
1777266982274,34.4584
1777266982306,34.3704
1777266982340,34.9674
1777266982369,35.0836
1777266982400,35.0766
1777266982430,34.7276
1777266982460,34.6084
1777266982489,33.4062
1777266982538,33.4236
1777266982567,33.4748
1777266982596,32.8578
1777266982625,32.4125
1777266982654,32.2174
1777266982706,31.9600
1777266982739,32.8057
1777266982775,33.4763
1777266982805,33.6914
1777266982835,33.5192
1777266982866,32.7228
1777266982898,32.4708
1777266982933,32.1259
1777266982966,31.9396
1777266982998,31.7776
1777266983033,31.8282
1777266983066,32.3502
1777266983099,32.5792
1777266983134,32.4259
1777266983168,31.2440
1777266983202,31.6613
1777266983236,32.3202
1777266983271,32.3548
1777266983305,32.4565
1777266983339,32.5484
1777266983373,32.8194
1777266983408,33.7819
1777266983440,34.5686
1777266983472,34.7019
1777266983507,35.3500
1777266983537,35.7129
1777266983567,35.6304
1777266983598,36.0962
1777266983628,36.3110
1777266983658,36.5912
1777266983688,37.2467
1777266983718,37.0776
1777266983747,36.5390
1777266983800,35.4667
1777266983830,35.9152
1777266983859,35.8606
1777266983888,35.8196
1777266983920,35.7427
1777266983952,35.8349
1777266983986,35.9461
1777266984019,35.8147
1777266984052,35.4642
1777266984088,35.3304
1777266984119,35.1903
1777266984153,34.9649
1777266984186,34.5186
1777266984222,34.6387
1777266984255,33.9747
1777266984288,34.3180
1777266984321,34.0216
1777266984352,33.9421
1777266984383,33.3287
1777266984414,33.2372
1777266984445,31.9751
1777266984500,32.1439
1777266984535,32.1362
1777266984570,32.1375
1777266984602,32.1421
1777266984632,32.3932
1777266984667,32.7734
1777266984703,33.5302
1777266984737,34.2302
1777266984771,35.0643
1777266984965,42.8528
1777266984990,48.7612
1777266985034,50.0347
1777266985058,49.5664
1777266985102,48.1880
1777266985126,50.1971
1777266985171,48.8286
1777266985195,49.2414
1777266985219,49.7826
1777266985264,49.0959
1777266985289,48.7804
1777266985334,49.0783
1777266985358,48.5816
1777266985405,47.7258
1777266985430,47.9778
1777266985455,48.8513
1777266985501,48.4926
1777266985526,48.8744
1777266985551,49.1456
1777266985598,48.5433
1777266985623,47.6317
1777266985670,47.5909
1777266985695,46.5899
1777266985722,45.6956
1777266985748,44.4184
1777266985794,43.1657
1777266985820,42.4029
1777266985867,42.1041
1777266985894,41.7023
1777266985919,41.6778
1777266985967,36.8324
1777266985995,30.5347
1777266986021,30.3415
1777266986047,30.3016
1777266986094,31.6357
1777266986121,32.3274
1777266986146,32.8757
1777266986194,33.1118
1777266986220,32.5740
1777266986247,33.0575
