Timestamp,Profit,CurrentTPS,CurrentTokens,TokensUsed,TransactionsUpgraded
1777266734143,583.00,0.00,260000.00,593.10,525
1777266734182,607.00,0.00,260000.00,593.10,525
1777266734213,593.00,0.00,260000.00,593.56,525
1777266734245,593.00,0.00,260000.00,594.94,525
1777266734280,1193.00,0.00,260000.00,1186.66,1050
1777266734354,1195.00,10.00,260000.00,678.60,0
1777266734378,605.00,124.00,260000.00,339.30,0
1777266734423,602.00,221.00,260000.00,339.30,0
1777266734448,578.00,324.00,260000.00,339.30,0
1777266734497,641.00,477.00,260000.00,339.30,0
1777266734526,586.00,590.00,260000.00,339.30,0
1777266734554,604.00,703.00,260000.00,339.30,0
1777266734611,1214.00,840.00,260000.00,678.60,0
1777266734656,629.00,960.00,260000.00,339.30,0
1777266734680,605.00,1020.00,260000.00,339.30,0
1777266734724,598.00,1077.00,260000.00,339.30,0
1777266734751,578.00,1137.00,260000.00,339.30,0
1777266734793,609.00,1200.00,260000.00,339.30,0
1777266734824,606.00,1260.00,260000.00,339.30,0
1777266734865,608.00,1320.00,260000.00,339.30,0
1777266734896,589.00,1380.00,260000.00,339.30,0
1777266734927,573.00,1440.00,260000.00,339.30,0
1777266734956,599.00,1500.00,260000.00,339.30,0
1777266734982,591.00,1560.00,260000.00,339.30,0
1777266735033,608.00,1620.00,260000.00,339.30,0
1777266735063,599.00,1677.00,260000.00,339.30,0
1777266735111,602.00,1740.00,260000.00,339.30,0
1777266735140,603.00,1800.00,260000.00,339.30,0
1777266735169,616.00,1860.00,260000.00,339.30,0
1777266735198,605.00,1920.00,260000.00,339.30,0
1777266735226,605.00,1980.00,260000.00,339.30,0
1777266735276,603.00,2037.00,260000.00,339.30,0
1777266735305,611.00,2097.00,260000.00,339.30,0
1777266735335,614.00,2157.00,260000.00,339.30,0
1777266735381,608.00,2220.00,260000.00,339.30,0
1777266735406,605.00,2280.00,260000.00,339.30,0
1777266735431,606.00,2340.00,260000.00,339.30,0
1777266735457,598.00,2400.00,260000.00,339.30,0
1777266735504,595.00,2460.00,260000.00,339.30,0
1777266735531,601.00,2520.00,260000.00,339.30,0
1777266735557,579.00,2580.00,260000.00,339.30,0
1777266735603,595.00,2640.00,260000.00,339.30,0
1777266735661,1176.00,2700.00,260000.00,678.60,0
1777266735684,588.00,2820.00,260000.00,339.30,0
1777266735730,593.00,2880.00,260000.00,339.30,0
1777266735756,607.00,2940.00,260000.00,339.30,0
1777266735782,614.00,3000.00,260000.00,339.30,0
1777266735831,613.00,3060.00,260000.00,339.30,0
1777266735857,608.00,3117.00,260000.00,339.30,0
1777266735904,598.00,3180.00,260000.00,339.30,0
1777266735931,601.00,3237.00,260000.00,339.30,0
1777266735957,588.00,3297.00,260000.00,339.30,0
1777266735984,572.00,3360.00,260000.00,339.30,0
1777266736032,579.00,3420.00,260000.00,339.30,0
1777266736059,591.00,3480.00,260000.00,339.30,0
1777266736086,594.00,3537.00,260000.00,339.30,0
1777266736134,563.00,3600.00,260000.00,339.30,0
1777266736161,619.00,3657.00,260000.00,339.30,0
1777266736190,615.00,3717.00,260000.00,403.56,119
1777266736220,632.00,3777.00,260000.00,407.34,126
1777266736247,613.00,3837.00,260000.00,415.44,141
1777266736298,610.00,3900.00,260000.00,425.16,159
1777266736327,588.00,3960.00,260000.00,430.56,169
1777266736355,603.00,4020.00,260000.00,437.04,181
1777266736384,593.00,4080.00,260000.00,451.08,207
1777266736410,591.00,4137.00,260000.00,459.18,222
1777266736457,625.00,4200.00,260000.00,468.90,240
1777266736487,594.00,4260.00,260000.00,468.90,240
1777266736514,590.00,4320.00,260000.00,468.90,240
1777266736566,595.00,4380.00,260000.00,468.90,240
1777266736594,619.00,4440.00,260000.00,468.90,240
1777266736622,581.00,4497.00,260000.00,468.90,240
1777266736650,613.00,4557.00,260000.00,468.90,240
1777266736677,599.00,4620.00,260000.00,468.90,240
1777266736726,596.00,4680.00,260000.00,468.90,240
1777266736754,601.00,4740.00,260000.00,468.90,240
1777266736782,590.00,4797.00,260000.00,468.90,240
1777266736810,605.00,4857.00,260000.00,468.90,240
1777266736860,585.00,4920.00,260000.00,468.90,240
1777266736888,607.00,4980.00,260000.00,468.90,240
1777266736917,599.00,5037.00,260000.00,468.90,240
1777266736945,601.00,5097.00,260000.00,468.90,240
1777266736977,584.00,5157.00,260000.00,468.90,240
1777266737027,621.00,5220.00,260000.00,468.90,240
1777266737056,580.00,5280.00,260000.00,468.90,240
1777266737086,594.00,5340.00,260000.00,468.90,240
1777266737115,613.00,5400.00,260000.00,468.90,240
1777266737144,584.00,5460.00,260000.00,468.90,240
1777266737192,592.00,5520.00,260000.00,468.90,240
1777266737222,601.00,5577.00,260000.00,468.90,240
1777266737251,593.00,5639.00,260000.00,468.90,240
1777266737280,594.00,5697.00,260000.00,468.90,240
1777266737309,585.00,5758.00,260000.00,468.90,240
1777266737339,581.00,5817.00,260000.00,468.90,240
1777266737390,611.00,5880.00,260000.00,468.90,240
1777266737419,645.00,5940.00,260000.00,468.90,240
1777266737450,604.00,6000.00,260000.00,468.90,240
1777266737480,585.00,6060.00,260000.00,468.90,240
1777266737510,613.00,6120.00,260000.00,468.90,240
1777266737539,606.00,6177.00,260000.00,468.90,240
1777266737596,607.00,6240.00,260000.00,468.90,240
1777266737619,607.00,6300.00,260000.00,468.90,240
1777266737641,593.00,6360.00,260000.00,468.90,240
1777266737666,591.00,6362.00,260000.00,468.90,240
1777266737711,595.00,6477.00,260000.00,468.90,240
1777266737734,635.00,6540.00,260000.00,468.90,240
1777266737778,610.00,6600.00,260000.00,468.90,240
1777266737802,603.00,6660.00,260000.00,468.90,240
1777266737828,583.00,6720.00,260000.00,468.90,240
1777266737873,580.00,6780.00,260000.00,468.90,240
1777266737898,629.00,6837.00,260000.00,468.90,240
1777266737946,591.00,6900.00,260000.00,468.90,240
1777266737971,602.00,6960.00,260000.00,468.90,240
1777266738017,606.00,7020.00,260000.00,468.90,240
1777266738043,620.00,7077.00,260000.00,468.90,240
1777266738068,583.00,7140.00,260000.00,468.90,240
1777266738115,620.00,7200.00,260000.00,468.90,240
1777266738142,611.00,7257.00,260000.00,468.90,240
1777266738168,629.00,7317.00,260000.00,468.90,240
1777266738214,618.00,7380.00,260000.00,468.90,240
1777266738245,600.00,7437.00,260000.00,468.90,240
1777266738270,597.00,7497.00,260000.00,468.90,240
1777266738295,601.00,7557.00,260000.00,468.90,240
1777266738343,592.00,7620.00,260000.00,468.90,240
1777266738368,620.00,7677.00,260000.00,468.90,240
1777266738394,589.00,7737.00,260000.00,468.90,240
1777266738441,594.00,7797.00,260000.00,468.90,240
1777266738466,616.00,7857.00,260000.00,468.90,240
1777266738491,600.00,7917.00,260000.00,468.90,240
1777266738538,594.00,7980.00,260000.00,468.90,240
1777266738564,602.00,8040.00,260000.00,468.90,240
1777266738590,628.00,8100.00,260000.00,468.90,240
1777266738637,592.00,8160.00,260000.00,468.90,240
1777266738670,628.00,8217.00,260000.00,468.90,240
1777266738696,603.00,8280.00,260000.00,468.90,240
1777266738723,605.00,8299.00,260000.00,468.90,240
1777266738771,603.00,8397.00,260000.00,468.90,240
1777266738799,595.00,8457.00,260000.00,468.90,240
1777266738827,591.00,8517.00,260000.00,468.90,240
1777266738875,601.00,8580.00,260000.00,468.90,240
1777266738902,609.00,8637.00,260000.00,468.90,240
1777266738929,598.00,8697.00,260000.00,468.90,240
1777266738956,629.00,8757.00,260000.00,468.90,240
1777266739004,615.00,8820.00,260000.00,468.90,240
1777266739031,612.00,8880.00,260000.00,468.90,240
1777266739059,626.00,8937.00,260000.00,468.90,240
1777266739107,610.00,9000.00,260000.00,468.90,240
1777266739136,613.00,9060.00,260000.00,468.90,240
1777266739205,1176.00,9120.00,260000.00,937.80,480
1777266739230,579.00,9240.00,260000.00,468.90,240
1777266739254,598.00,9297.00,260000.00,468.90,240
1777266739300,607.00,9357.00,260000.00,468.90,240
1777266739325,625.00,9420.00,260000.00,468.90,240
1777266739372,578.00,9364.00,260000.00,468.90,240
1777266739397,600.00,9346.00,260000.00,468.90,240
1777266739422,623.00,9382.00,260000.00,468.90,240
1777266739467,619.00,9241.00,260000.00,468.90,240
1777266739493,608.00,9244.00,260000.00,468.90,240
1777266739539,581.00,9109.00,260000.00,468.90,240
1777266739566,597.00,9080.00,260000.00,594.48,525
1777266739591,610.00,9031.00,260000.00,552.62,525
1777266739637,607.00,8963.00,260000.00,552.62,525
1777266739665,598.00,9001.00,260000.00,551.24,525
1777266739690,603.00,8967.00,260000.00,549.40,525
1777266739738,604.00,9003.00,260000.00,548.02,525
1777266739764,606.00,9000.00,260000.00,544.34,525
1777266739790,621.00,9060.00,260000.00,557.68,525
1777266739842,608.00,9060.00,260000.00,551.70,525
1777266739866,594.00,9060.00,260000.00,546.18,525
1777266739890,606.00,9060.00,260000.00,548.48,525
1777266739936,611.00,9000.00,260000.00,555.38,525
1777266739960,592.00,9059.00,260000.00,550.78,525
1777266740011,597.00,9000.00,260000.00,545.72,525
1777266740037,578.00,9060.00,260000.00,547.10,525
1777266740067,624.00,9023.00,260000.00,554.92,525
1777266740096,592.00,9023.00,260000.00,549.86,525
1777266740126,587.00,9023.00,260000.00,553.54,525
1777266740180,571.00,9060.00,260000.00,548.02,525
1777266740212,586.00,9036.00,260000.00,544.34,525
1777266740243,596.00,9003.00,260000.00,548.48,525
1777266740275,611.00,9063.00,260000.00,551.24,525
1777266740302,597.00,9063.00,260000.00,550.32,525
1777266740333,585.00,9027.00,260000.00,549.40,525
1777266740366,594.00,9063.00,260000.00,551.70,525
1777266740397,588.00,9022.00,260000.00,549.40,525
1777266740430,572.00,9024.00,260000.00,546.18,525
1777266740463,610.00,9060.00,260000.00,546.64,525
1777266740490,618.00,9060.00,260000.00,553.08,525
1777266740541,571.00,9060.00,260000.00,551.24,525
1777266740571,614.00,9003.00,260000.00,553.54,525
1777266740601,606.00,9060.00,260000.00,551.70,525
1777266740633,590.00,9063.00,260000.00,548.02,525
1777266740677,615.00,9120.00,260000.00,546.18,525
1777266740704,612.00,8990.00,260000.00,551.24,525
1777266740780,1187.00,8940.00,260000.00,1095.58,1050
1777266740804,609.00,9003.00,260000.00,547.56,525
1777266740848,614.00,9003.00,260000.00,550.32,525
1777266740875,584.00,9003.00,260000.00,548.02,525
1777266740926,611.00,9003.00,260000.00,550.78,525
1777266740952,593.00,9003.00,260000.00,548.94,525
1777266740982,581.00,9000.00,260000.00,547.10,525
1777266741015,595.00,9003.00,260000.00,543.88,525
1777266741045,625.00,8964.00,260000.00,549.40,525
1777266741077,628.00,8965.00,260000.00,555.84,525
1777266741109,598.00,8974.00,260000.00,548.48,525
1777266741135,600.00,9060.00,260000.00,549.86,525
1777266741190,596.00,9003.00,260000.00,552.16,525
1777266741232,573.00,9003.00,260000.00,543.88,525
1777266741262,608.00,8943.00,260000.00,548.94,525
1777266741293,608.00,9000.00,260000.00,550.78,525
1777266741326,607.00,9000.00,260000.00,547.56,525
1777266741357,609.00,9000.00,260000.00,551.70,525
1777266741389,578.00,9000.00,260000.00,541.58,525
1777266741421,596.00,8996.00,260000.00,553.54,525
1777266741453,597.00,9000.00,260000.00,548.94,525
1777266741480,583.00,9000.00,260000.00,546.64,525
1777266741506,562.00,9000.00,260000.00,547.56,525
1777266741533,601.00,8962.00,260000.00,548.02,525
1777266741584,600.00,9000.00,260000.00,548.02,525
1777266741613,607.00,8949.00,260000.00,554.46,525
1777266741640,597.00,9003.00,260000.00,546.18,525
1777266741673,580.00,9000.00,260000.00,550.32,525
1777266741705,593.00,9000.00,260000.00,548.94,525
1777266741736,625.00,9060.00,260000.00,546.64,525
1777266741769,593.00,8966.00,260000.00,547.10,525
1777266741799,584.00,8969.00,260000.00,550.78,525
1777266741829,592.00,9003.00,260000.00,544.80,525
1777266741880,614.00,9000.00,260000.00,556.76,525
1777266741911,578.00,9003.00,260000.00,548.02,525
1777266741944,586.00,9003.00,260000.00,552.16,525
1777266741975,598.00,9003.00,260000.00,547.56,525
1777266742007,608.00,9003.00,260000.00,556.30,525
1777266742040,596.00,9027.00,260000.00,549.40,525
1777266742071,593.00,9000.00,260000.00,549.40,525
1777266742101,603.00,9000.00,260000.00,546.18,525
1777266742131,606.00,9000.00,260000.00,548.94,525
1777266742186,610.00,9000.00,260000.00,554.92,525
1777266742217,581.00,9003.00,260000.00,548.48,525
1777266742244,586.00,9003.00,260000.00,547.10,525
1777266742271,599.00,9003.00,260000.00,553.54,525
1777266742351,1211.00,8940.00,260000.00,1098.34,1050
1777266742382,596.00,9000.00,260000.00,594.02,525
1777266742411,594.00,9000.00,260000.00,592.64,525
1777266742438,579.00,8946.00,260000.00,590.80,525
1777266742490,609.00,9000.00,260000.00,555.84,525
1777266742521,580.00,9000.00,260000.00,548.02,525
1777266742550,615.00,8907.00,260000.00,594.02,525
1777266742578,598.00,8945.00,260000.00,593.10,525
1777266742609,617.00,8956.00,260000.00,594.94,525
1777266742639,559.00,8944.00,260000.00,547.10,525
1777266742671,587.00,9060.00,260000.00,545.26,525
1777266742699,605.00,9003.00,260000.00,553.54,525
1777266742752,624.00,8940.00,260000.00,554.46,525
1777266742784,570.00,9000.00,260000.00,545.26,525
1777266742814,621.00,8967.00,260000.00,556.76,525
1777266742844,610.00,8943.00,260000.00,554.92,525
1777266742871,602.00,9003.00,260000.00,594.94,525
1777266742897,606.00,9003.00,260000.00,591.72,525
1777266742947,597.00,8944.00,260000.00,594.02,525
1777266742974,612.00,8946.00,260000.00,594.02,525
1777266743001,588.00,8950.00,260000.00,591.26,525
1777266743047,589.00,9003.00,260000.00,590.34,525
1777266743074,594.00,9000.00,260000.00,593.56,525
1777266743098,622.00,9000.00,260000.00,594.48,525
1777266743146,611.00,9000.00,260000.00,595.86,525
1777266743172,604.00,9000.00,260000.00,594.48,525
1777266743198,609.00,9000.00,260000.00,593.10,525
1777266743246,590.00,9000.00,260000.00,592.18,525
1777266743274,605.00,9002.00,260000.00,594.02,525
1777266743306,601.00,8944.00,260000.00,592.64,525
1777266743337,591.00,8948.00,260000.00,594.48,525
1777266743371,602.00,9003.00,260000.00,594.48,525
1777266743399,568.00,8943.00,260000.00,590.80,525
1777266743451,602.00,8951.00,260000.00,593.10,525
1777266743480,613.00,8893.00,260000.00,593.56,525
1777266743513,598.00,8943.00,260000.00,592.18,525
1777266743540,612.00,9000.00,260000.00,593.10,525
1777266743567,593.00,9000.00,260000.00,593.10,525
1777266743593,613.00,9000.00,260000.00,594.94,525
1777266743639,606.00,9000.00,260000.00,592.18,525
1777266743667,578.00,9002.00,260000.00,593.56,525
1777266743699,611.00,9000.00,260000.00,594.48,525
1777266743732,619.00,8986.00,260000.00,592.64,525
1777266743765,605.00,8951.00,260000.00,593.10,525
1777266743798,580.00,8950.00,260000.00,592.18,525
1777266743832,600.00,8995.00,260000.00,594.48,525
1777266743865,611.00,9003.00,260000.00,591.72,525
1777266743898,624.00,9003.00,260000.00,594.94,525
1777266743930,618.00,8949.00,260000.00,594.02,525
1777266743963,599.00,8950.00,260000.00,592.18,525
1777266743993,592.00,8947.00,260000.00,593.10,525
1777266744050,596.00,8943.00,260000.00,593.10,525
1777266744083,610.00,8943.00,260000.00,592.64,525
1777266744114,598.00,8945.00,260000.00,593.56,525
1777266744147,614.00,9000.00,260000.00,593.10,525
1777266744179,600.00,9000.00,260000.00,593.10,525
1777266744212,611.00,9060.00,260000.00,594.94,525
1777266744245,592.00,8944.00,260000.00,591.26,525
1777266744277,616.00,8969.00,260000.00,594.02,525
1777266744310,627.00,8981.00,260000.00,593.56,525
1777266744343,592.00,8940.00,260000.00,591.72,525
1777266744376,595.00,9000.00,260000.00,593.56,525
1777266744407,627.00,8997.00,260000.00,595.40,525
1777266744439,586.00,8885.00,260000.00,594.48,525
1777266744504,616.00,8945.00,260000.00,595.40,525
1777266744526,614.00,8940.00,260000.00,592.64,525
1777266744552,608.00,8940.00,260000.00,592.64,525
1777266744581,611.00,9000.00,260000.00,595.86,525
1777266744627,610.00,8979.00,260000.00,589.42,525
1777266744655,613.00,8979.00,260000.00,593.56,525
1777266744681,598.00,8978.00,260000.00,592.18,525
1777266744730,604.00,8940.00,260000.00,594.94,525
1777266744760,589.00,8940.00,260000.00,591.72,525
1777266744788,613.00,8883.00,260000.00,594.02,525
1777266744817,597.00,8924.00,260000.00,593.10,525
1777266744848,619.00,8943.00,260000.00,592.18,525
1777266744896,602.00,8897.00,260000.00,593.10,525
1777266744924,585.00,8889.00,260000.00,594.02,525
1777266744950,599.00,8889.00,260000.00,593.56,525
1777266744977,608.00,8888.00,260000.00,594.48,525
1777266745026,620.00,8940.00,260000.00,596.32,525
1777266745053,599.00,8919.00,260000.00,592.18,525
1777266745081,582.00,8927.00,260000.00,591.72,525
1777266745129,599.00,8898.00,260000.00,590.34,525
1777266745156,609.00,8886.00,260000.00,595.40,525
1777266745191,609.00,8989.00,260000.00,593.10,525
1777266745223,595.00,8999.00,260000.00,592.64,525
1777266745253,576.00,9000.00,260000.00,591.26,525
1777266745283,577.00,8944.00,260000.00,592.18,525
1777266745314,604.00,8925.00,260000.00,594.94,525
1777266745346,607.00,8922.00,260000.00,593.10,525
1777266745398,598.00,8977.00,260000.00,592.64,525
1777266745430,600.00,8975.00,260000.00,593.10,525
1777266745463,614.00,8940.00,260000.00,594.48,525
1777266745493,626.00,8886.00,260000.00,593.10,525
1777266745523,617.00,8887.00,260000.00,593.10,525
1777266745553,573.00,8907.00,260000.00,591.26,525
1777266745579,629.00,8950.00,260000.00,594.48,525
1777266745638,614.00,8940.00,260000.00,596.32,525
1777266745667,606.00,8940.00,260000.00,594.02,525
1777266745693,599.00,8952.00,260000.00,590.80,525
1777266745719,594.00,8948.00,260000.00,593.10,525
1777266745744,560.00,9008.00,260000.00,592.18,525
1777266745792,607.00,8940.00,260000.00,592.18,525
1777266745817,590.00,8940.00,260000.00,592.18,525
1777266745847,591.00,9000.00,260000.00,592.18,525
1777266745881,597.00,8943.00,260000.00,595.40,525
1777266745917,594.00,8942.00,260000.00,593.56,525
1777266745957,609.00,9000.00,260000.00,594.48,525
1777266745990,592.00,9000.00,260000.00,594.48,525
1777266746024,611.00,9000.00,260000.00,593.56,525
1777266746057,585.00,9030.00,260000.00,592.64,525
1777266746114,566.00,9030.00,260000.00,594.48,525
1777266746149,1221.00,8881.00,260000.00,1186.20,1050
1777266746183,610.00,9000.00,260000.00,596.78,525
1777266746237,591.00,9000.00,260000.00,594.48,525
1777266746279,601.00,9000.00,260000.00,593.56,525
1777266746327,581.00,8940.00,260000.00,593.10,525
1777266746365,1204.00,8940.00,260000.00,1188.50,1050
1777266746398,571.00,8942.00,260000.00,593.56,525
1777266746433,602.00,8946.00,260000.00,594.94,525
1777266746465,576.00,8933.00,260000.00,591.26,525
1777266746499,583.00,8943.00,260000.00,592.64,525
1777266746602,1197.00,8880.00,260000.00,1188.96,1050
1777266746636,627.00,8880.00,260000.00,593.10,525
1777266746667,603.00,8880.00,260000.00,593.10,525
1777266746701,600.00,8824.00,260000.00,594.02,525
1777266746736,611.00,8827.00,260000.00,593.10,525
1777266746833,1183.00,8760.00,260000.00,1185.28,1050
1777266746858,582.00,8820.00,260000.00,593.56,525
1777266746909,621.00,8820.00,260000.00,595.40,525
1777266746937,583.00,8820.00,260000.00,592.64,525
1777266746963,584.00,8820.00,260000.00,591.26,525
1777266746993,632.00,8767.00,260000.00,594.94,525
1777266747044,596.00,8820.00,260000.00,594.94,525
1777266747074,572.00,8820.00,260000.00,591.26,525
1777266747102,605.00,8820.00,260000.00,592.64,525
1777266747129,609.00,8820.00,260000.00,595.86,525
1777266747161,612.00,8857.00,260000.00,592.64,525
1777266747213,605.00,8820.00,260000.00,591.26,525
1777266747241,570.00,8764.00,260000.00,591.72,525
1777266747271,609.00,8768.00,260000.00,591.26,525
1777266747300,591.00,8820.00,260000.00,593.56,525
1777266747332,607.00,8880.00,260000.00,589.42,525
1777266747364,593.00,8924.00,260000.00,594.02,525
1777266747396,576.00,8766.00,260000.00,594.02,525
1777266747429,609.00,8869.00,260000.00,593.56,525
1777266747460,586.00,8876.00,260000.00,594.48,525
1777266747490,607.00,8880.00,260000.00,593.10,525
1777266747541,591.00,8812.00,260000.00,592.64,525
1777266747571,579.00,8824.00,260000.00,590.34,525
1777266747603,603.00,8877.00,260000.00,592.18,525
1777266747635,595.00,8824.00,260000.00,594.48,525
1777266747666,602.00,8782.00,260000.00,594.48,525
1777266747699,586.00,8819.00,260000.00,593.56,525
1777266747728,561.00,8820.00,260000.00,591.72,525
1777266747754,596.00,8880.00,260000.00,592.64,525
1777266747801,603.00,8820.00,260000.00,590.34,525
1777266747827,558.00,8767.00,260000.00,593.10,525
1777266747855,592.00,8763.00,260000.00,589.42,525
1777266747904,591.00,8820.00,260000.00,593.56,525
1777266747931,604.00,8876.00,260000.00,592.18,525
1777266747957,612.00,8877.00,260000.00,595.86,525
1777266747984,595.00,8822.00,260000.00,594.02,525
1777266748032,607.00,8829.00,260000.00,593.10,525
1777266748058,592.00,8820.00,260000.00,592.64,525
1777266748084,585.00,8778.00,260000.00,591.72,525
1777266748133,618.00,8772.00,260000.00,593.56,525
1777266748160,611.00,8762.00,260000.00,595.86,525
1777266748187,608.00,8761.00,260000.00,593.56,525
1777266748235,592.00,8818.00,260000.00,592.18,525
1777266748261,616.00,8764.00,260000.00,594.02,525
1777266748287,613.00,8820.00,260000.00,595.86,525
1777266748312,616.00,8818.00,260000.00,592.18,525
1777266748362,618.00,8820.00,260000.00,594.02,525
1777266748388,594.00,8880.00,260000.00,594.48,525
1777266748414,585.00,8937.00,260000.00,594.48,525
1777266748462,592.00,8877.00,260000.00,591.72,525
1777266748489,599.00,8822.00,260000.00,595.40,525
1777266748516,612.00,8880.00,260000.00,594.02,525
1777266748566,578.00,8820.00,260000.00,592.18,525
1777266748594,574.00,8808.00,260000.00,594.02,525
1777266748621,594.00,8764.00,260000.00,594.02,525
1777266748650,584.00,8772.00,260000.00,592.64,525
1777266748677,588.00,8765.00,260000.00,592.18,525
1777266748726,597.00,8821.00,260000.00,592.18,525
1777266748763,579.00,8815.00,260000.00,590.80,525
1777266748793,617.00,8821.00,260000.00,592.64,525
1777266748821,610.00,8830.00,260000.00,594.02,525
1777266748895,627.00,8760.00,260000.00,590.34,525
1777266748919,613.00,8817.00,260000.00,594.48,525
1777266748963,610.00,8712.00,260000.00,591.26,525
1777266748988,611.00,8812.00,260000.00,593.10,525
1777266749012,605.00,8817.00,260000.00,593.10,525
1777266749056,612.00,8773.00,260000.00,592.64,525
1777266749081,590.00,8763.00,260000.00,595.40,525
1777266749126,604.00,8702.00,260000.00,594.48,525
1777266749150,614.00,8762.00,260000.00,592.18,525
1777266749174,594.00,8763.00,260000.00,590.80,525
1777266749220,562.00,8760.00,260000.00,591.72,525
1777266749244,601.00,8766.00,260000.00,592.18,525
1777266749289,601.00,8785.00,260000.00,594.48,525
1777266749313,590.00,8815.00,260000.00,592.18,525
1777266749359,597.00,8760.00,260000.00,593.10,525
1777266749384,588.00,8760.00,260000.00,591.72,525
1777266749408,604.00,8763.00,260000.00,592.64,525
1777266749454,586.00,8780.00,260000.00,594.02,525
1777266749479,589.00,8819.00,260000.00,592.64,525
1777266749525,594.00,8820.00,260000.00,594.02,525
1777266749550,598.00,8820.00,260000.00,595.86,525
1777266749575,586.00,8820.00,260000.00,593.10,525
1777266749621,613.00,8763.00,260000.00,594.02,525
1777266749646,574.00,8762.00,260000.00,592.64,525
1777266749692,598.00,8771.00,260000.00,593.10,525
1777266749717,609.00,8763.00,260000.00,595.40,525
1777266749743,583.00,8762.00,260000.00,588.96,525
1777266749789,615.00,8821.00,260000.00,595.86,525
1777266749815,607.00,8819.00,260000.00,592.64,525
1777266749841,601.00,8880.00,260000.00,592.18,525
1777266749888,614.00,8876.00,260000.00,593.56,525
1777266749914,611.00,8877.00,260000.00,594.02,525
1777266749940,616.00,8824.00,260000.00,594.94,525
1777266749987,597.00,8817.00,260000.00,592.64,525
1777266750013,602.00,8820.00,260000.00,595.40,525
1777266750039,610.00,8820.00,260000.00,596.78,525
1777266750087,591.00,8774.00,260000.00,592.64,525
1777266750113,585.00,8824.00,260000.00,591.26,525
1777266750140,585.00,8819.00,260000.00,592.18,525
1777266750187,621.00,8820.00,260000.00,594.02,525
1777266750213,618.00,8820.00,260000.00,594.02,525
1777266750240,583.00,8766.00,260000.00,594.02,525
1777266750286,602.00,8820.00,260000.00,592.64,525
1777266750313,611.00,8836.00,260000.00,595.40,525
1777266750338,609.00,8819.00,260000.00,592.64,525
1777266750385,574.00,8775.00,260000.00,591.72,525
1777266750411,592.00,8765.00,260000.00,593.56,525
1777266750437,622.00,8788.00,260000.00,590.80,525
1777266750484,588.00,8877.00,260000.00,595.86,525
1777266750510,593.00,8821.00,260000.00,591.26,525
1777266750537,597.00,8820.00,260000.00,591.72,525
1777266750587,616.00,8802.00,260000.00,594.94,525
1777266750614,576.00,8762.00,260000.00,593.56,525
1777266750641,601.00,8822.00,260000.00,593.56,525
1777266750690,597.00,8772.00,260000.00,592.64,525
1777266750717,597.00,8763.00,260000.00,590.34,525
1777266750744,603.00,8764.00,260000.00,591.26,525
1777266750772,590.00,8795.00,260000.00,592.64,525
1777266750846,622.00,8760.00,260000.00,594.48,525
1777266750870,590.00,8816.00,260000.00,592.18,525
1777266750894,600.00,8767.00,260000.00,594.02,525
1777266750920,598.00,8762.00,260000.00,591.72,525
1777266750965,603.00,8792.00,260000.00,592.18,525
1777266750990,591.00,8765.00,260000.00,591.26,525
1777266751037,604.00,8760.00,260000.00,592.64,525
1777266751062,606.00,8805.00,260000.00,593.56,525
1777266751088,579.00,8820.00,260000.00,591.72,525
1777266751133,601.00,8877.00,260000.00,593.10,525
1777266751157,611.00,8901.00,260000.00,593.10,525
1777266751203,587.00,8787.00,260000.00,591.26,525
1777266751228,600.00,8764.00,260000.00,594.02,525
1777266751252,581.00,8762.00,260000.00,591.72,525
1777266751298,624.00,8820.00,260000.00,593.56,525
1777266751322,599.00,8880.00,260000.00,592.18,525
1777266751368,585.00,8880.00,260000.00,590.34,525
1777266751395,603.00,8822.00,260000.00,592.64,525
1777266751421,633.00,8820.00,260000.00,594.94,525
1777266751465,560.00,8773.00,260000.00,594.48,525
1777266751491,606.00,8762.00,260000.00,592.18,525
1777266751516,594.00,8763.00,260000.00,596.32,525
1777266751562,563.00,8880.00,260000.00,591.26,525
1777266751588,602.00,8887.00,260000.00,592.64,525
1777266751614,618.00,8883.00,260000.00,593.10,525
1777266751661,612.00,8880.00,260000.00,552.62,525
1777266751687,616.00,8937.00,260000.00,553.54,525
1777266751713,600.00,8937.00,260000.00,548.48,525
1777266751759,588.00,8937.00,260000.00,546.18,525
1777266751784,588.00,8997.00,260000.00,542.50,525
1777266751809,583.00,9015.00,260000.00,546.64,525
1777266751856,599.00,8905.00,260000.00,550.78,525
1777266751881,587.00,8903.00,260000.00,544.80,525
1777266751928,597.00,8940.00,260000.00,551.24,525
1777266751955,624.00,8940.00,260000.00,553.54,525
1777266751980,581.00,8994.00,260000.00,548.94,525
1777266752028,600.00,8940.00,260000.00,548.02,525
1777266752054,595.00,8950.00,260000.00,553.08,525
1777266752081,600.00,8989.00,260000.00,554.92,525
1777266752128,583.00,8940.00,260000.00,543.88,525
1777266752154,591.00,8940.00,260000.00,548.02,525
1777266752181,578.00,8940.00,260000.00,544.80,525
1777266752229,614.00,8996.00,260000.00,546.64,525
1777266752256,617.00,8961.00,260000.00,551.24,525
1777266752283,597.00,8940.00,260000.00,550.32,525
1777266752310,611.00,8937.00,260000.00,549.40,525
1777266752359,610.00,8940.00,260000.00,547.10,525
1777266752387,575.00,8997.00,260000.00,550.32,525
1777266752416,621.00,8953.00,260000.00,559.06,525
1777266752445,581.00,8940.00,260000.00,549.86,525
1777266752493,593.00,8928.00,260000.00,547.56,525
1777266752522,588.00,8962.00,260000.00,546.18,525
1777266752549,594.00,8963.00,260000.00,546.64,525
1777266752576,594.00,8963.00,260000.00,550.78,525
1777266752625,612.00,8996.00,260000.00,547.10,525
1777266752652,590.00,8944.00,260000.00,543.42,525
1777266752681,600.00,8898.00,260000.00,548.48,525
1777266752709,575.00,8939.00,260000.00,545.72,525
1777266752758,597.00,8940.00,260000.00,548.48,525
1777266752785,630.00,8955.00,260000.00,550.32,525
1777266752814,598.00,8995.00,260000.00,546.64,525
1777266752842,640.00,8997.00,260000.00,554.00,525
1777266752893,603.00,8944.00,260000.00,551.24,525
1777266752931,618.00,8925.00,260000.00,553.08,525
1777266752959,610.00,8940.00,260000.00,548.48,525
1777266752988,585.00,8952.00,260000.00,544.80,525
1777266753017,587.00,8959.00,260000.00,594.48,525
1777266753045,579.00,8940.00,260000.00,592.18,525
1777266753073,592.00,8996.00,260000.00,591.26,525
1777266753122,568.00,8996.00,260000.00,591.72,525
1777266753149,613.00,8997.00,260000.00,593.56,525
1777266753177,599.00,8943.00,260000.00,595.40,525
1777266753204,583.00,8937.00,260000.00,592.18,525
1777266753256,607.00,8996.00,260000.00,593.56,525
1777266753286,609.00,8997.00,260000.00,591.72,525
1777266753359,616.00,8880.00,260000.00,596.78,525
1777266753382,595.00,8880.00,260000.00,593.56,525
1777266753406,573.00,8880.00,260000.00,592.64,525
1777266753430,588.00,8937.00,260000.00,592.18,525
1777266753475,615.00,8830.00,260000.00,592.64,525
1777266753499,624.00,8823.00,260000.00,594.02,525
1777266753544,598.00,8880.00,260000.00,595.40,525
1777266753568,609.00,8887.00,260000.00,591.26,525
1777266753614,637.00,8937.00,260000.00,594.48,525
1777266753638,625.00,8937.00,260000.00,594.02,525
1777266753662,590.00,8936.00,260000.00,591.72,525
1777266753707,600.00,8936.00,260000.00,546.64,525
1777266753731,604.00,8900.00,260000.00,546.64,525
1777266753777,599.00,8908.00,260000.00,550.32,525
1777266753802,594.00,8855.00,260000.00,554.92,525
1777266753827,590.00,8905.00,260000.00,543.88,525
1777266753873,610.00,8999.00,260000.00,548.94,525
1777266753898,594.00,8964.00,260000.00,548.48,525
1777266753944,600.00,8998.00,260000.00,551.70,525
1777266753970,605.00,8998.00,260000.00,551.70,525
1777266753994,619.00,8957.00,260000.00,552.62,525
1777266754040,594.00,8940.00,260000.00,547.10,525
1777266754065,615.00,8961.00,260000.00,551.24,525
1777266754112,585.00,8997.00,260000.00,543.88,525
1777266754137,580.00,8963.00,260000.00,550.32,525
1777266754163,614.00,8960.00,260000.00,553.08,525
1777266754210,585.00,8940.00,260000.00,549.40,525
1777266754235,584.00,8996.00,260000.00,552.16,525
1777266754261,602.00,8982.00,260000.00,550.32,525
1777266754328,611.00,8940.00,260000.00,554.00,525
1777266754353,605.00,8940.00,260000.00,549.40,525
1777266754380,595.00,8940.00,260000.00,548.94,525
1777266754407,583.00,8959.00,260000.00,550.78,525
1777266754433,586.00,8958.00,260000.00,547.10,525
1777266754459,554.00,8968.00,260000.00,537.44,525
1777266754506,598.00,8988.00,260000.00,546.18,525
1777266754537,599.00,8970.00,260000.00,549.40,525
1777266754565,631.00,8905.00,260000.00,552.16,525
1777266754591,604.00,8979.00,260000.00,552.62,525
1777266754637,608.00,9047.00,260000.00,554.00,525
1777266754663,599.00,9057.00,260000.00,545.72,525
1777266754687,583.00,9056.00,260000.00,545.72,525
1777266754734,615.00,8998.00,260000.00,549.40,525
1777266754761,602.00,8995.00,260000.00,550.32,525
1777266754787,601.00,9055.00,260000.00,546.64,525
1777266754833,595.00,8940.00,260000.00,548.48,525
1777266754859,616.00,8960.00,260000.00,549.86,525
1777266754885,592.00,8961.00,260000.00,550.78,525
1777266754932,617.00,8997.00,260000.00,553.08,525
1777266754958,594.00,8997.00,260000.00,548.48,525
1777266755005,604.00,8940.00,260000.00,545.26,525
1777266755031,608.00,8998.00,260000.00,547.56,525
1777266755057,604.00,9056.00,260000.00,548.94,525
1777266755105,608.00,8996.00,260000.00,552.62,525
1777266755131,590.00,8977.00,260000.00,548.48,525
1777266755158,605.00,8960.00,260000.00,550.78,525
1777266755185,578.00,8940.00,260000.00,546.18,525
1777266755235,597.00,8961.00,260000.00,546.64,525
1777266755262,602.00,8997.00,260000.00,546.64,525
1777266755289,602.00,9000.00,260000.00,547.10,525
1777266755337,587.00,8998.00,260000.00,542.96,525
1777266755364,614.00,8997.00,260000.00,548.02,525
1777266755392,581.00,8997.00,260000.00,542.50,525
1777266755420,609.00,8997.00,260000.00,548.94,525
1777266755469,620.00,8961.00,260000.00,554.92,525
1777266755495,573.00,8998.00,260000.00,549.86,525
1777266755522,577.00,8956.00,260000.00,543.42,525
1777266755571,586.00,8940.00,260000.00,543.88,525
1777266755598,587.00,8997.00,260000.00,548.48,525
1777266755625,596.00,8997.00,260000.00,551.70,525
1777266755652,609.00,9054.00,260000.00,548.94,525
1777266755751,597.00,8876.00,260000.00,550.32,525
1777266755775,600.00,8905.00,260000.00,551.24,525
1777266755797,579.00,8880.00,260000.00,549.40,525
1777266755821,600.00,8940.00,260000.00,544.34,525
1777266755866,602.00,8940.00,260000.00,549.86,525
1777266755892,621.00,8958.00,260000.00,552.16,525
1777266755937,597.00,8897.00,260000.00,546.18,525
1777266755962,623.00,8918.00,260000.00,555.38,525
1777266755986,591.00,8956.00,260000.00,544.34,525
1777266756031,608.00,8922.00,260000.00,544.34,525
1777266756056,604.00,8904.00,260000.00,550.78,525
1777266756104,605.00,8880.00,260000.00,552.62,525
1777266756130,614.00,8940.00,260000.00,554.00,525
1777266756154,588.00,8940.00,260000.00,546.18,525
1777266756200,607.00,8980.00,260000.00,556.30,525
1777266756225,596.00,8955.00,260000.00,545.72,525
1777266756272,589.00,8918.00,260000.00,552.62,525
1777266756297,568.00,8905.00,260000.00,539.28,525
1777266756322,600.00,8908.00,260000.00,556.76,525
1777266756368,606.00,8940.00,260000.00,546.64,525
1777266756393,590.00,8995.00,260000.00,547.56,525
1777266756418,602.00,8970.00,260000.00,554.00,525
1777266756464,624.00,8997.00,260000.00,552.62,525
1777266756490,586.00,8997.00,260000.00,540.66,525
1777266756515,592.00,8996.00,260000.00,546.18,525
1777266756561,602.00,8910.00,260000.00,547.10,525
1777266756586,595.00,8961.00,260000.00,552.16,525
1777266756633,622.00,8880.00,260000.00,551.70,525
1777266756660,593.00,8903.00,260000.00,549.86,525
1777266756686,606.00,8905.00,260000.00,547.10,525
1777266756735,596.00,8917.00,260000.00,546.18,525
1777266756762,586.00,8940.00,260000.00,553.08,525
1777266756787,596.00,8900.00,260000.00,548.02,525
1777266756813,601.00,8937.00,260000.00,545.72,525
1777266756860,625.00,8937.00,260000.00,549.86,525
1777266756886,612.00,8906.00,260000.00,554.00,525
1777266756933,602.00,8940.00,260000.00,556.30,525
1777266756960,602.00,8931.00,260000.00,552.16,525
1777266756985,589.00,8934.00,260000.00,543.88,525
1777266757033,598.00,8934.00,260000.00,552.62,525
1777266757059,614.00,8936.00,260000.00,547.56,525
1777266757085,609.00,8928.00,260000.00,550.32,525
1777266757132,607.00,8940.00,260000.00,550.78,525
1777266757158,598.00,8940.00,260000.00,548.48,525
1777266757184,598.00,8940.00,260000.00,548.48,525
1777266757210,597.00,8940.00,260000.00,544.80,525
1777266757257,612.00,8975.00,260000.00,549.40,525
1777266757285,601.00,8940.00,260000.00,549.40,525
1777266757312,609.00,8941.00,260000.00,549.86,525
1777266757362,604.00,8940.00,260000.00,549.40,525
1777266757390,603.00,8940.00,260000.00,550.78,525
1777266757418,624.00,8940.00,260000.00,556.30,525
1777266757447,590.00,8940.00,260000.00,548.48,525
1777266757474,629.00,8978.00,260000.00,550.78,525
1777266757524,604.00,8974.00,260000.00,548.94,525
1777266757553,605.00,8937.00,260000.00,547.10,525
1777266757581,585.00,8934.00,260000.00,547.10,525
1777266757610,603.00,8906.00,260000.00,550.32,525
1777266757661,590.00,8977.00,260000.00,548.02,525
1777266757690,592.00,8994.00,260000.00,546.18,525
1777266757719,612.00,8913.00,260000.00,547.56,525
1777266757748,589.00,8940.00,260000.00,547.10,525
1777266757773,586.00,8940.00,260000.00,547.10,525
1777266757822,590.00,8929.00,260000.00,551.24,525
1777266757849,607.00,8935.00,260000.00,546.18,525
1777266757878,577.00,8903.00,260000.00,548.94,525
1777266757907,589.00,8962.00,260000.00,546.64,525
1777266757958,606.00,8940.00,260000.00,547.10,525
1777266757986,633.00,8977.00,260000.00,553.08,525
1777266758014,595.00,8900.00,260000.00,553.08,525
1777266758093,592.00,8820.00,260000.00,548.48,525
1777266758116,613.00,8880.00,260000.00,546.18,525
1777266758162,578.00,8877.00,260000.00,544.80,525
1777266758185,587.00,8845.00,260000.00,550.32,525
1777266758209,606.00,8896.00,260000.00,548.94,525
1777266758252,599.00,8880.00,260000.00,542.96,525
1777266758276,612.00,8824.00,260000.00,549.86,525
1777266758321,588.00,8841.00,260000.00,545.72,525
1777266758344,604.00,8903.00,260000.00,549.86,525
1777266758389,577.00,8880.00,260000.00,548.48,525
1777266758414,619.00,8880.00,260000.00,551.70,525
1777266758459,581.00,8906.00,260000.00,550.32,525
1777266758484,598.00,8900.00,260000.00,548.48,525
1777266758508,597.00,8900.00,260000.00,548.94,525
1777266758554,584.00,8938.00,260000.00,549.86,525
1777266758579,594.00,8898.00,260000.00,542.50,525
1777266758625,603.00,8880.00,260000.00,550.32,525
1777266758650,605.00,8880.00,260000.00,552.16,525
1777266758675,601.00,8936.00,260000.00,548.94,525
1777266758721,596.00,8916.00,260000.00,548.02,525
1777266758746,607.00,8881.00,260000.00,549.40,525
1777266758791,585.00,8918.00,260000.00,545.72,525
1777266758816,610.00,8885.00,260000.00,552.62,525
1777266758841,604.00,8876.00,260000.00,552.16,525
1777266758888,592.00,8878.00,260000.00,552.16,525
1777266758912,589.00,8917.00,260000.00,547.56,525
1777266758958,571.00,8880.00,260000.00,544.34,525
1777266758984,595.00,8880.00,260000.00,550.32,525
1777266759010,593.00,8917.00,260000.00,556.76,525
1777266759057,604.00,8917.00,260000.00,547.56,525
1777266759083,577.00,8882.00,260000.00,544.80,525
1777266759109,603.00,8914.00,260000.00,549.40,525
1777266759156,613.00,8918.00,260000.00,549.40,525
1777266759182,616.00,8846.00,260000.00,554.00,525
1777266759209,622.00,8902.00,260000.00,547.56,525
1777266759257,601.00,8895.00,260000.00,551.24,525
1777266759282,600.00,8918.00,260000.00,545.72,525
1777266759309,578.00,8940.00,260000.00,542.96,525
1777266759355,579.00,8940.00,260000.00,544.80,525
1777266759381,605.00,8940.00,260000.00,549.40,525
1777266759407,611.00,8977.00,260000.00,547.56,525
1777266759454,605.00,8917.00,260000.00,556.30,525
1777266759479,589.00,8839.00,260000.00,546.18,525
1777266759505,627.00,8904.00,260000.00,555.84,525
1777266759553,598.00,8918.00,260000.00,552.16,525
1777266759578,584.00,8861.00,260000.00,542.96,525
1777266759605,612.00,8865.00,260000.00,548.94,525
1777266759653,582.00,8855.00,260000.00,547.56,525
1777266759679,600.00,8845.00,260000.00,546.64,525
1777266759705,586.00,8845.00,260000.00,545.72,525
1777266759753,599.00,8880.00,260000.00,548.48,525
1777266759779,577.00,8844.00,260000.00,543.88,525
1777266759805,601.00,8883.00,260000.00,551.70,525
1777266759832,585.00,8940.00,260000.00,542.04,525
1777266759878,601.00,8918.00,260000.00,554.00,525
1777266759908,596.00,8878.00,260000.00,539.28,525
1777266759935,614.00,8940.00,260000.00,551.70,525
1777266759983,639.00,8880.00,260000.00,557.22,525
1777266760010,584.00,8940.00,260000.00,540.66,525
1777266760038,591.00,8926.00,260000.00,549.40,525
1777266760065,584.00,8910.00,260000.00,545.72,525
1777266760112,609.00,8928.00,260000.00,549.40,525
1777266760293,1235.00,8640.00,260000.00,1107.08,1050
1777266760321,605.00,8700.00,260000.00,548.02,525
1777266760396,601.00,8625.00,260000.00,544.34,525
1777266760420,611.00,8640.00,260000.00,552.62,525
1777266760466,588.00,8609.00,260000.00,549.40,525
1777266760491,595.00,8602.00,260000.00,542.50,525
1777266760516,600.00,8648.00,260000.00,546.64,525
1777266760562,603.00,8640.00,260000.00,547.56,525
1777266760587,588.00,8602.00,260000.00,547.10,525
1777266760633,580.00,8580.00,260000.00,545.26,525
1777266760658,600.00,8602.00,260000.00,544.34,525
1777266760683,605.00,8640.00,260000.00,545.26,525
1777266760729,596.00,8700.00,260000.00,550.32,525
1777266760753,596.00,8722.00,260000.00,548.48,525
1777266760799,587.00,8690.00,260000.00,548.02,525
1777266760824,592.00,8663.00,260000.00,546.64,525
1777266760850,593.00,8670.00,260000.00,548.02,525
1777266760896,606.00,8716.00,260000.00,547.56,525
1777266760922,606.00,8738.00,260000.00,549.86,525
1777266760968,583.00,8686.00,260000.00,549.40,525
1777266760994,609.00,8681.00,260000.00,556.76,525
1777266761020,624.00,8718.00,260000.00,550.32,525
1777266761066,605.00,8641.00,260000.00,549.86,525
1777266761092,598.00,8700.00,260000.00,548.02,525
1777266761118,585.00,8664.00,260000.00,549.86,525
1777266761165,586.00,8661.00,260000.00,546.18,525
1777266761190,607.00,8676.00,260000.00,547.56,525
1777266761216,608.00,8705.00,260000.00,550.32,525
1777266761264,577.00,8727.00,260000.00,547.10,525
1777266761291,594.00,8739.00,260000.00,543.42,525
1777266761317,577.00,8733.00,260000.00,548.48,525
1777266761365,601.00,8700.00,260000.00,548.02,525
1777266761392,610.00,8700.00,260000.00,550.78,525
1777266761417,607.00,8688.00,260000.00,549.40,525
1777266761463,582.00,8700.00,260000.00,548.02,525
1777266761489,588.00,8665.00,260000.00,549.40,525
1777266761515,606.00,8662.00,260000.00,547.10,525
1777266761565,582.00,8710.00,260000.00,549.40,525
1777266761591,608.00,8702.00,260000.00,553.54,525
1777266761617,619.00,8660.00,260000.00,554.00,525
1777266761642,633.00,8699.00,260000.00,551.70,525
1777266761688,624.00,8695.00,260000.00,550.32,525
1777266761714,604.00,8661.00,260000.00,551.70,525
1777266761761,596.00,8671.00,260000.00,545.72,525
1777266761788,593.00,8704.00,260000.00,546.18,525
1777266761814,610.00,8737.00,260000.00,552.16,525
1777266761861,595.00,8725.00,260000.00,551.70,525
1777266761887,612.00,8736.00,260000.00,550.32,525
1777266761913,595.00,8687.00,260000.00,551.24,525
1777266761962,588.00,8681.00,260000.00,548.94,525
1777266761988,579.00,8663.00,260000.00,541.12,525
1777266762014,598.00,8665.00,260000.00,552.62,525
1777266762041,579.00,8696.00,260000.00,548.48,525
1777266762088,573.00,8683.00,260000.00,549.40,525
1777266762115,583.00,8666.00,260000.00,545.26,525
1777266762141,599.00,8670.00,260000.00,545.26,525
1777266762188,604.00,8700.00,260000.00,549.40,525
1777266762214,608.00,8700.00,260000.00,550.78,525
1777266762240,610.00,8678.00,260000.00,554.46,525
1777266762287,599.00,8700.00,260000.00,548.94,525
1777266762314,581.00,8735.00,260000.00,551.70,525
1777266762340,618.00,8660.00,260000.00,553.54,525
1777266762387,604.00,8660.00,260000.00,551.70,525
1777266762414,583.00,8661.00,260000.00,548.94,525
1777266762441,584.00,8664.00,260000.00,552.62,525
1777266762488,617.00,8678.00,260000.00,553.08,525
1777266762515,600.00,8700.00,260000.00,550.78,525
1777266762543,596.00,8701.00,260000.00,549.40,525
1777266762570,605.00,8701.00,260000.00,551.24,525
1777266762618,595.00,8688.00,260000.00,545.72,525
1777266762645,584.00,8664.00,260000.00,548.02,525
1777266762672,586.00,8662.00,260000.00,549.40,525
1777266762720,616.00,8711.00,260000.00,552.62,525
1777266762747,586.00,8663.00,260000.00,550.32,525
1777266762775,583.00,8700.00,260000.00,544.80,525
1777266762803,587.00,8700.00,260000.00,547.10,525
1777266762850,596.00,8700.00,260000.00,547.56,525
1777266762877,588.00,8736.00,260000.00,541.58,525
1777266762905,609.00,8737.00,260000.00,551.70,525
1777266762930,600.00,8743.00,260000.00,548.48,525
1777266762979,612.00,8700.00,260000.00,551.70,525
1777266763006,608.00,8739.00,260000.00,552.16,525
1777266763036,612.00,8750.00,260000.00,554.46,525
1777266763085,592.00,8769.00,260000.00,553.08,525
1777266763112,598.00,8723.00,260000.00,543.88,525
1777266763139,564.00,8762.00,260000.00,547.56,525
1777266763168,601.00,8785.00,260000.00,550.32,525
1777266763270,1233.00,8700.00,260000.00,1099.72,1050
1777266763295,580.00,8757.00,260000.00,547.56,525
1777266763339,609.00,8751.00,260000.00,547.56,525
1777266763363,623.00,8694.00,260000.00,554.46,525
1777266763388,611.00,8760.00,260000.00,549.40,525
1777266763433,601.00,8711.00,260000.00,548.02,525
1777266763457,603.00,8762.00,260000.00,549.86,525
1777266763502,598.00,8737.00,260000.00,549.40,525
1777266763531,591.00,8700.00,260000.00,544.34,525
1777266763556,581.00,8703.00,260000.00,554.00,525
1777266763603,604.00,8695.00,260000.00,553.08,525
1777266763627,625.00,8720.00,260000.00,553.54,525
1777266763672,569.00,8663.00,260000.00,542.04,525
1777266763697,602.00,8665.00,260000.00,549.86,525
1777266763721,596.00,8722.00,260000.00,555.38,525
1777266763766,579.00,8738.00,260000.00,543.42,525
1777266763791,611.00,8726.00,260000.00,549.86,525
1777266763837,567.00,8739.00,260000.00,543.42,525
1777266763862,586.00,8760.00,260000.00,550.32,525
1777266763886,580.00,8761.00,260000.00,543.42,525
1777266763932,606.00,8737.00,260000.00,550.78,525
1777266763957,621.00,8721.00,260000.00,555.84,525
1777266764002,597.00,8659.00,260000.00,548.94,525
1777266764027,587.00,8662.00,260000.00,543.88,525
1777266764052,593.00,8724.00,260000.00,550.32,525
1777266764098,585.00,8736.00,260000.00,548.02,525
1777266764124,614.00,8702.00,260000.00,551.70,525
1777266764170,611.00,8738.00,260000.00,548.02,525
1777266764195,619.00,8740.00,260000.00,551.70,525
1777266764221,581.00,8700.00,260000.00,545.72,525
1777266764268,610.00,8700.00,260000.00,553.54,525
1777266764297,604.00,8660.00,260000.00,547.10,525
1777266764332,593.00,8663.00,260000.00,547.10,525
1777266764358,601.00,8725.00,260000.00,550.78,525
1777266764405,607.00,8700.00,260000.00,548.48,525
1777266764431,594.00,8700.00,260000.00,549.40,525
1777266764457,614.00,8760.00,260000.00,551.24,525
1777266764506,575.00,8735.00,260000.00,542.96,525
1777266764532,587.00,8721.00,260000.00,540.66,525
1777266764558,611.00,8757.00,260000.00,549.86,525
1777266764584,593.00,8799.00,260000.00,548.94,525
1777266764652,607.00,8739.00,260000.00,552.62,525
1777266764677,598.00,8737.00,260000.00,550.78,525
1777266764703,635.00,8736.00,260000.00,554.46,525
1777266764729,626.00,8696.00,260000.00,554.92,525
1777266764785,594.00,8737.00,260000.00,550.32,525
1777266764813,598.00,8693.00,260000.00,547.56,525
1777266764842,595.00,8667.00,260000.00,550.78,525
1777266764871,594.00,8700.00,260000.00,554.00,525
1777266764899,616.00,8740.00,260000.00,554.92,525
1777266764927,614.00,8733.00,260000.00,550.32,525
1777266764954,602.00,8662.00,260000.00,549.40,525
1777266765001,626.00,8690.00,260000.00,554.00,525
1777266765028,607.00,8661.00,260000.00,550.78,525
1777266765056,624.00,8661.00,260000.00,545.72,525
1777266765084,587.00,8663.00,260000.00,544.80,525
1777266765135,632.00,8738.00,260000.00,552.16,525
1777266765164,587.00,8798.00,260000.00,548.48,525
1777266765192,600.00,8820.00,260000.00,553.08,525
1777266765221,619.00,8878.00,260000.00,547.56,525
1777266765272,583.00,8944.00,260000.00,547.56,525
1777266765301,597.00,8962.00,260000.00,546.64,525
1777266765331,586.00,8923.00,260000.00,545.72,525
1777266765361,602.00,8940.00,260000.00,547.10,525
1777266765390,587.00,9000.00,260000.00,547.56,525
1777266765417,606.00,8963.00,260000.00,552.16,525
1777266765466,616.00,9039.00,260000.00,549.86,525
1777266765494,594.00,9037.00,260000.00,548.02,525
1777266765522,579.00,9014.00,260000.00,546.18,525
1777266765550,605.00,9000.00,260000.00,544.80,525
1777266765600,593.00,8977.00,260000.00,545.72,525
1777266765627,607.00,8963.00,260000.00,545.72,525
1777266765656,602.00,9000.00,260000.00,548.94,525
1777266765686,613.00,8963.00,260000.00,553.54,525
1777266765713,613.00,9003.00,260000.00,552.16,525
1777266765762,607.00,9000.00,260000.00,549.40,525
1777266765790,587.00,9009.00,260000.00,545.72,525
1777266765817,601.00,9037.00,260000.00,545.72,525
1777266765844,600.00,9036.00,260000.00,549.40,525
1777266765894,611.00,9000.00,260000.00,554.46,525
1777266765923,615.00,8961.00,260000.00,553.54,525
1777266766007,604.00,8880.00,260000.00,554.00,525
1777266766030,615.00,8880.00,260000.00,594.02,525
1777266766053,629.00,8940.00,260000.00,593.10,525
1777266766098,596.00,8924.00,260000.00,594.02,525
1777266766123,599.00,8880.00,260000.00,593.10,525
1777266766147,590.00,8883.00,260000.00,589.88,525
1777266766193,607.00,8945.00,260000.00,592.18,525
1777266766218,596.00,8969.00,260000.00,592.64,525
1777266766263,591.00,8940.00,260000.00,592.64,525
1777266766288,632.00,8886.00,260000.00,595.86,525
1777266766333,589.00,8880.00,260000.00,593.56,525
1777266766358,605.00,8940.00,260000.00,590.80,525
1777266766383,590.00,8940.00,260000.00,592.64,525
1777266766428,599.00,8918.00,260000.00,593.10,525
1777266766456,595.00,8940.00,260000.00,591.72,525
1777266766483,632.00,8977.00,260000.00,591.72,525
1777266766529,584.00,8835.00,260000.00,593.10,525
1777266766555,609.00,8883.00,260000.00,593.56,525
1777266766580,592.00,8882.00,260000.00,590.34,525
1777266766627,596.00,8959.00,260000.00,594.02,525
1777266766654,608.00,8980.00,260000.00,593.56,525
1777266766681,628.00,8928.00,260000.00,596.32,525
1777266766728,578.00,8860.00,260000.00,593.10,525
1777266766754,599.00,8911.00,260000.00,595.40,525
1777266766781,619.00,8918.00,260000.00,594.02,525
1777266766827,615.00,8861.00,260000.00,593.10,525
1777266766853,603.00,8883.00,260000.00,593.10,525
1777266766877,603.00,8883.00,260000.00,594.48,525
1777266766924,606.00,8940.00,260000.00,592.18,525
1777266766950,598.00,8926.00,260000.00,592.64,525
1777266766977,626.00,8977.00,260000.00,593.10,525
1777266767024,580.00,8919.00,260000.00,543.42,525
1777266767050,609.00,8933.00,260000.00,594.94,525
1777266767075,594.00,8977.00,260000.00,594.02,525
1777266767121,615.00,8870.00,260000.00,594.48,525
1777266767147,578.00,8875.00,260000.00,592.64,525
1777266767195,614.00,8940.00,260000.00,595.86,525
1777266767221,619.00,8875.00,260000.00,593.10,525
1777266767248,620.00,8863.00,260000.00,594.48,525
1777266767274,622.00,8882.00,260000.00,593.56,525
1777266767321,570.00,8939.00,260000.00,592.18,525
1777266767348,615.00,8923.00,260000.00,592.64,525
1777266767375,604.00,8979.00,260000.00,592.18,525
1777266767423,588.00,8917.00,260000.00,593.56,525
1777266767450,566.00,8919.00,260000.00,592.64,525
1777266767477,589.00,8940.00,260000.00,592.64,525
1777266767524,585.00,8918.00,260000.00,592.18,525
1777266767551,635.00,8863.00,260000.00,593.56,525
1777266767578,593.00,8861.00,260000.00,590.34,525
1777266767605,601.00,8884.00,260000.00,593.56,525
1777266767653,601.00,8928.00,260000.00,591.72,525
1777266767680,617.00,8872.00,260000.00,595.86,525
1777266767706,613.00,8919.00,260000.00,593.56,525
1777266767755,581.00,8868.00,260000.00,594.48,525
1777266767783,602.00,8872.00,260000.00,593.56,525
1777266767810,594.00,8865.00,260000.00,594.48,525
1777266767838,569.00,8882.00,260000.00,592.18,525
1777266767885,591.00,8914.00,260000.00,594.48,525
1777266767909,609.00,8936.00,260000.00,594.94,525
1777266767934,618.00,8939.00,260000.00,593.10,525
1777266767981,624.00,8940.00,260000.00,592.18,525
1777266768008,589.00,8940.00,260000.00,593.10,525
1777266768035,603.00,8979.00,260000.00,595.86,525
1777266768083,596.00,8941.00,260000.00,594.48,525
1777266768109,616.00,8979.00,260000.00,592.64,525
1777266768136,601.00,8975.00,260000.00,594.02,525
1777266768186,618.00,8880.00,260000.00,591.26,525
1777266768214,590.00,8886.00,260000.00,593.56,525
1777266768242,598.00,8962.00,260000.00,593.10,525
1777266768271,585.00,9003.00,260000.00,591.72,525
1777266768299,617.00,8981.00,260000.00,593.56,525
1777266768349,599.00,8980.00,260000.00,594.02,525
1777266768379,612.00,8940.00,260000.00,596.32,525
1777266768409,622.00,8978.00,260000.00,593.56,525
1777266768439,635.00,9027.00,260000.00,592.18,525
1777266768469,575.00,8923.00,260000.00,596.78,525
1777266768519,608.00,8940.00,260000.00,594.48,525
1777266768546,606.00,9000.00,260000.00,594.48,525
1777266768572,601.00,8976.00,260000.00,592.64,525
1777266768655,608.00,8959.00,260000.00,593.56,525
1777266768679,603.00,8914.00,260000.00,593.56,525
1777266768703,595.00,8918.00,260000.00,594.48,525
1777266768747,623.00,8880.00,260000.00,593.56,525
1777266768772,595.00,8920.00,260000.00,593.10,525
1777266768796,624.00,8865.00,260000.00,594.48,525
1777266768842,595.00,8938.00,260000.00,590.80,525
1777266768866,606.00,8872.00,260000.00,593.10,525
1777266768911,603.00,8842.00,260000.00,594.02,525
1777266768936,623.00,8881.00,260000.00,591.72,525
1777266768982,599.00,8864.00,260000.00,593.56,525
1777266769007,576.00,8934.00,260000.00,589.42,525
1777266769032,606.00,8939.00,260000.00,593.10,525
1777266769077,596.00,8835.00,260000.00,593.56,525
1777266769102,594.00,8882.00,260000.00,593.10,525
1777266769127,604.00,8889.00,260000.00,594.02,525
1777266769172,605.00,8940.00,260000.00,594.48,525
1777266769197,595.00,8940.00,260000.00,594.02,525
1777266769244,625.00,8833.00,260000.00,593.10,525
1777266769269,594.00,8883.00,260000.00,593.56,525
1777266769294,615.00,8922.00,260000.00,593.10,525
1777266769340,609.00,8873.00,260000.00,594.02,525
1777266769365,617.00,8864.00,260000.00,593.10,525
1777266769410,602.00,8938.00,260000.00,593.10,525
1777266769434,597.00,8939.00,260000.00,590.80,525
1777266769459,643.00,8888.00,260000.00,593.56,525
1777266769505,608.00,8940.00,260000.00,594.02,525
1777266769531,603.00,8886.00,260000.00,594.48,525
1777266769556,597.00,8882.00,260000.00,595.40,525
1777266769601,600.00,8917.00,260000.00,594.48,525
1777266769625,572.00,8940.00,260000.00,593.56,525
1777266769672,591.00,8940.00,260000.00,592.64,525
1777266769697,608.00,8883.00,260000.00,594.94,525
1777266769744,598.00,8920.00,260000.00,592.64,525
1777266769771,618.00,8883.00,260000.00,594.48,525
1777266769796,596.00,8882.00,260000.00,591.26,525
1777266769822,598.00,8901.00,260000.00,593.10,525
1777266769870,608.00,8940.00,260000.00,592.64,525
1777266769896,590.00,8940.00,260000.00,591.72,525
1777266769945,633.00,8918.00,260000.00,593.10,525
1777266769972,608.00,8918.00,260000.00,592.18,525
1777266769999,598.00,8949.00,260000.00,593.10,525
1777266770025,599.00,8980.00,260000.00,594.02,525
1777266770073,582.00,8916.00,260000.00,593.10,525
1777266770099,609.00,8862.00,260000.00,591.72,525
1777266770125,606.00,8883.00,260000.00,592.18,525
1777266770173,609.00,8868.00,260000.00,591.72,525
1777266770201,617.00,8954.00,260000.00,593.56,525
1777266770227,613.00,8912.00,260000.00,594.02,525
1777266770275,601.00,8921.00,260000.00,594.48,525
1777266770303,611.00,8919.00,260000.00,591.72,525
1777266770330,594.00,8883.00,260000.00,591.72,525
1777266770358,597.00,8883.00,260000.00,592.64,525
1777266770406,586.00,8917.00,260000.00,591.26,525
1777266770433,604.00,8919.00,260000.00,593.10,525
1777266770459,604.00,8888.00,260000.00,594.48,525
1777266770485,563.00,8882.00,260000.00,588.96,525
1777266770534,618.00,8837.00,260000.00,594.02,525
1777266770560,607.00,8837.00,260000.00,593.10,525
1777266770588,596.00,8883.00,260000.00,591.26,525
1777266770635,631.00,8893.00,260000.00,593.10,525
1777266770663,589.00,8882.00,260000.00,595.86,525
1777266770689,588.00,8899.00,260000.00,593.56,525
1777266770738,600.00,8919.00,260000.00,595.40,525
1777266770766,602.00,8940.00,260000.00,592.18,525
1777266770793,590.00,8886.00,260000.00,592.64,525
1777266770821,584.00,8940.00,260000.00,594.94,525
1777266770870,609.00,8830.00,260000.00,593.56,525
1777266770899,601.00,8940.00,260000.00,592.64,525
1777266770927,590.00,8975.00,260000.00,591.26,525
1777266770957,619.00,8940.00,260000.00,592.18,525
1777266770986,593.00,9000.00,260000.00,591.72,525
1777266771036,605.00,9000.00,260000.00,591.72,525
1777266771064,629.00,8966.00,260000.00,551.70,525
1777266771092,605.00,8965.00,260000.00,548.02,525
1777266771119,595.00,9021.00,260000.00,548.48,525
1777266771148,581.00,9024.00,260000.00,548.02,525
1777266771245,563.00,8898.00,260000.00,539.28,525
1777266771269,604.00,8936.00,260000.00,545.26,525
1777266771314,596.00,8938.00,260000.00,548.02,525
1777266771339,588.00,8926.00,260000.00,540.66,525
1777266771364,613.00,8883.00,260000.00,548.02,525
1777266771409,607.00,8883.00,260000.00,550.32,525
1777266771435,626.00,8869.00,260000.00,551.24,525
1777266771480,611.00,8880.00,260000.00,554.00,525
1777266771505,618.00,8936.00,260000.00,550.78,525
1777266771530,617.00,8947.00,260000.00,554.00,525
1777266771576,600.00,8937.00,260000.00,548.02,525
1777266771601,608.00,8879.00,260000.00,552.62,525
1777266771647,582.00,8880.00,260000.00,548.48,525
1777266771673,614.00,8937.00,260000.00,551.70,525
1777266771699,634.00,8901.00,260000.00,548.94,525
1777266771746,601.00,8962.00,260000.00,551.70,525
1777266771772,585.00,8900.00,260000.00,546.18,525
1777266771797,585.00,8901.00,260000.00,549.86,525
1777266771844,603.00,8937.00,260000.00,548.02,525
1777266771870,588.00,8901.00,260000.00,547.56,525
1777266771896,600.00,8900.00,260000.00,551.24,525
1777266771946,609.00,8936.00,260000.00,549.86,525
1777266771971,588.00,8880.00,260000.00,547.10,525
1777266771997,610.00,8937.00,260000.00,554.00,525
1777266772043,609.00,8880.00,260000.00,552.16,525
1777266772069,617.00,8880.00,260000.00,550.32,525
1777266772118,620.00,8937.00,260000.00,551.70,525
1777266772146,591.00,8937.00,260000.00,543.42,525
1777266772172,586.00,8880.00,260000.00,542.96,525
1777266772198,581.00,8905.00,260000.00,546.64,525
1777266772247,598.00,8937.00,260000.00,549.40,525
1777266772272,621.00,8937.00,260000.00,557.68,525
1777266772297,586.00,8937.00,260000.00,550.78,525
1777266772343,613.00,8880.00,260000.00,544.34,525
1777266772369,611.00,8881.00,260000.00,549.86,525
1777266772395,589.00,8880.00,260000.00,548.48,525
1777266772441,563.00,8880.00,260000.00,543.42,525
1777266772467,609.00,8844.00,260000.00,548.02,525
1777266772494,603.00,8844.00,260000.00,548.94,525
1777266772541,598.00,8936.00,260000.00,551.24,525
1777266772565,579.00,8937.00,260000.00,541.58,525
1777266772591,609.00,8921.00,260000.00,559.06,525
1777266772638,612.00,8880.00,260000.00,557.68,525
1777266772664,615.00,8936.00,260000.00,548.02,525
1777266772712,610.00,8938.00,260000.00,543.88,525
1777266772738,610.00,8937.00,260000.00,550.78,525
1777266772765,601.00,8901.00,260000.00,552.62,525
1777266772793,604.00,8900.00,260000.00,543.88,525
1777266772842,582.00,8937.00,260000.00,548.48,525
1777266772870,613.00,8892.00,260000.00,554.00,525
1777266772898,599.00,8880.00,260000.00,553.08,525
1777266772926,589.00,8880.00,260000.00,543.88,525
1777266772975,619.00,8858.00,260000.00,554.92,525
1777266773003,598.00,8842.00,260000.00,545.72,525
1777266773031,606.00,8845.00,260000.00,551.24,525
1777266773059,601.00,8894.00,260000.00,545.26,525
1777266773109,611.00,8880.00,260000.00,548.48,525
1777266773136,592.00,8880.00,260000.00,548.94,525
1777266773164,609.00,8937.00,260000.00,559.98,525
1777266773192,611.00,8900.00,260000.00,552.16,525
1777266773221,588.00,8936.00,260000.00,550.78,525
1777266773270,572.00,8937.00,260000.00,542.96,525
1777266773299,617.00,8936.00,260000.00,552.16,525
1777266773328,607.00,8937.00,260000.00,545.72,525
1777266773356,609.00,8898.00,260000.00,548.48,525
1777266773407,604.00,8880.00,260000.00,551.70,525
1777266773436,597.00,8880.00,260000.00,553.08,525
1777266773465,589.00,8936.00,260000.00,552.16,525
1777266773494,592.00,8938.00,260000.00,548.48,525
1777266773523,630.00,8884.00,260000.00,555.84,525
1777266773573,593.00,8940.00,260000.00,546.18,525
1777266773602,610.00,8960.00,260000.00,544.80,525
1777266773629,597.00,9009.00,260000.00,547.10,525
1777266773658,614.00,9069.00,260000.00,551.70,525
1777266773687,595.00,8995.00,260000.00,548.94,525
1777266773737,634.00,8940.00,260000.00,553.54,525
1777266773765,611.00,8900.00,260000.00,544.80,525
1777266773793,582.00,8997.00,260000.00,544.80,525
1777266773820,601.00,8962.00,260000.00,551.24,525
1777266773869,583.00,8996.00,260000.00,544.34,525
1777266773898,585.00,8963.00,260000.00,546.64,525
1777266773927,599.00,8960.00,260000.00,549.86,525
1777266773955,607.00,9019.00,260000.00,552.16,525
1777266773984,604.00,9017.00,260000.00,550.78,525
1777266774035,570.00,8940.00,260000.00,544.34,525
1777266774063,575.00,8997.00,260000.00,554.00,525
1777266774089,587.00,8997.00,260000.00,549.86,525
1777266774118,603.00,8960.00,260000.00,547.56,525
1777266774147,597.00,8963.00,260000.00,549.40,525
1777266774202,623.00,8902.00,260000.00,550.78,525
1777266774230,601.00,8997.00,260000.00,551.70,525
1777266774259,585.00,8997.00,260000.00,549.40,525
1777266774288,615.00,9054.00,260000.00,554.46,525
1777266774318,593.00,9057.00,260000.00,550.78,525
1777266774348,586.00,8986.00,260000.00,548.94,525
1777266774397,603.00,8910.00,260000.00,546.64,525
1777266774423,612.00,8938.00,260000.00,547.56,525
1777266774448,594.00,8996.00,260000.00,554.00,525
1777266774498,588.00,8906.00,260000.00,552.62,525
1777266774524,604.00,8997.00,260000.00,546.64,525
1777266774549,593.00,8997.00,260000.00,542.96,525
1777266774624,582.00,8880.00,260000.00,548.94,525
1777266774647,629.00,8880.00,260000.00,554.46,525
1777266774670,588.00,8940.00,260000.00,547.10,525
1777266774714,621.00,8910.00,260000.00,553.54,525
1777266774739,596.00,8902.00,260000.00,551.24,525
1777266774763,623.00,8958.00,260000.00,548.94,525
1777266774808,603.00,8899.00,260000.00,555.38,525
1777266774832,596.00,8899.00,260000.00,550.32,525
1777266774876,598.00,8893.00,260000.00,550.32,525
1777266774900,594.00,8928.00,260000.00,547.10,525
1777266774945,622.00,8914.00,260000.00,551.70,525
1777266774969,595.00,8903.00,260000.00,547.56,525
1777266775014,601.00,8880.00,260000.00,545.72,525
1777266775039,583.00,8880.00,260000.00,546.18,525
1777266775063,597.00,8905.00,260000.00,549.40,525
1777266775108,612.00,8909.00,260000.00,545.72,525
1777266775133,586.00,8904.00,260000.00,545.26,525
1777266775178,612.00,8953.00,260000.00,556.76,525
1777266775202,592.00,8898.00,260000.00,545.72,525
1777266775227,601.00,8943.00,260000.00,550.78,525
1777266775276,600.00,8953.00,260000.00,546.18,525
1777266775301,587.00,8962.00,260000.00,554.92,525
1777266775326,588.00,8996.00,260000.00,546.64,525
1777266775372,588.00,8936.00,260000.00,552.62,525
1777266775397,603.00,8903.00,260000.00,551.24,525
1777266775443,629.00,8929.00,260000.00,554.92,525
1777266775468,602.00,8900.00,260000.00,548.02,525
1777266775494,599.00,8904.00,260000.00,547.56,525
1777266775540,593.00,8939.00,260000.00,548.48,525
1777266775565,583.00,8959.00,260000.00,552.62,525
1777266775590,582.00,8952.00,260000.00,549.40,525
1777266775637,607.00,8959.00,260000.00,549.40,525
1777266775662,598.00,8962.00,260000.00,546.64,525
1777266775708,597.00,8911.00,260000.00,546.18,525
1777266775733,576.00,8904.00,260000.00,546.18,525
1777266775758,596.00,8905.00,260000.00,555.84,525
1777266775804,601.00,8880.00,260000.00,544.34,525
1777266775829,622.00,8940.00,260000.00,556.30,525
1777266775854,602.00,8997.00,260000.00,548.02,525
1777266775900,622.00,8940.00,260000.00,551.24,525
1777266775926,590.00,8940.00,260000.00,551.70,525
1777266775972,603.00,8880.00,260000.00,548.48,525
1777266775998,591.00,8843.00,260000.00,550.78,525
1777266776024,590.00,8904.00,260000.00,548.94,525
1777266776071,601.00,8905.00,260000.00,551.24,525
1777266776097,604.00,8897.00,260000.00,553.54,525
1777266776123,589.00,8923.00,260000.00,547.56,525
1777266776170,628.00,8917.00,260000.00,552.16,525
1777266776196,606.00,8938.00,260000.00,548.94,525
1777266776223,617.00,8999.00,260000.00,548.94,525
1777266776272,592.00,8971.00,260000.00,548.94,525
1777266776299,616.00,8965.00,260000.00,549.86,525
1777266776326,614.00,8962.00,260000.00,548.02,525
1777266776354,599.00,9034.00,260000.00,546.64,525
1777266776403,622.00,9037.00,260000.00,551.24,525
1777266776430,602.00,9000.00,260000.00,546.18,525
1777266776457,617.00,9002.00,260000.00,553.08,525
1777266776486,598.00,9060.00,260000.00,549.86,525
1777266776539,620.00,8996.00,260000.00,549.86,525
1777266776566,607.00,9000.00,260000.00,548.94,525
1777266776595,587.00,9001.00,260000.00,548.48,525
1777266776624,590.00,9039.00,260000.00,549.40,525
1777266776654,616.00,9060.00,260000.00,555.84,525
1777266776703,606.00,9039.00,260000.00,545.26,525
1777266776733,605.00,9037.00,260000.00,552.62,525
1777266776760,612.00,9001.00,260000.00,548.48,525
1777266776787,597.00,8999.00,260000.00,549.40,525
1777266776814,570.00,9001.00,260000.00,539.74,525
1777266776863,597.00,9037.00,260000.00,552.16,525
1777266776891,587.00,9037.00,260000.00,551.70,525
1777266776919,599.00,9000.00,260000.00,546.18,525
1777266776946,618.00,9060.00,260000.00,556.30,525
1777266776994,591.00,8959.00,260000.00,547.10,525
1777266777023,594.00,8963.00,260000.00,552.16,525
1777266777051,606.00,9017.00,260000.00,551.24,525
1777266777100,590.00,9000.00,260000.00,551.70,525
1777266777127,610.00,9048.00,260000.00,549.86,525
1777266777154,605.00,9045.00,260000.00,548.02,525
1777266777182,606.00,9020.00,260000.00,549.86,525
1777266777232,599.00,9000.00,260000.00,550.78,525
1777266777260,594.00,9000.00,260000.00,551.24,525
1777266777289,588.00,9000.00,260000.00,551.70,525
1777266777316,578.00,8961.00,260000.00,546.64,525
1777266777367,593.00,8982.00,260000.00,555.84,525
1777266777393,614.00,9000.00,260000.00,549.86,525
1777266777418,610.00,9000.00,260000.00,550.32,525
1777266777445,597.00,9022.00,260000.00,549.40,525
1777266777496,616.00,9037.00,260000.00,551.70,525
1777266777526,600.00,9000.00,260000.00,544.80,525
1777266777556,580.00,9000.00,260000.00,548.02,525
1777266777584,589.00,9015.00,260000.00,550.32,525
1777266777612,627.00,9042.00,260000.00,557.22,525
1777266777660,609.00,8967.00,260000.00,551.70,525
1777266777690,606.00,9000.00,260000.00,547.10,525
1777266777720,608.00,9060.00,260000.00,548.94,525
1777266777750,604.00,9038.00,260000.00,551.70,525
1777266777779,593.00,9039.00,260000.00,551.70,525
1777266777865,595.00,8940.00,260000.00,547.10,525
1777266777887,603.00,8940.00,260000.00,550.32,525
1777266777932,580.00,8940.00,260000.00,551.24,525
1777266777956,601.00,8939.00,260000.00,548.94,525
1777266778001,629.00,8977.00,260000.00,552.16,525
1777266778023,609.00,8976.00,260000.00,554.00,525
1777266778067,607.00,8881.00,260000.00,554.92,525
1777266778091,597.00,8902.00,260000.00,550.78,525
1777266778137,595.00,8940.00,260000.00,547.56,525
1777266778161,600.00,8940.00,260000.00,552.62,525
1777266778184,579.00,8946.00,260000.00,553.54,525
1777266778228,608.00,8906.00,260000.00,550.78,525
1777266778250,576.00,8902.00,260000.00,544.34,525
1777266778295,590.00,8940.00,260000.00,552.62,525
1777266778320,590.00,8889.00,260000.00,546.64,525
1777266778367,574.00,8881.00,260000.00,548.48,525
1777266778392,616.00,8905.00,260000.00,550.78,525
1777266778417,593.00,8940.00,260000.00,549.40,525
1777266778463,590.00,8940.00,260000.00,552.16,525
1777266778487,608.00,8903.00,260000.00,552.62,525
1777266778513,593.00,8963.00,260000.00,552.16,525
1777266778559,602.00,8920.00,260000.00,551.24,525
1777266778584,617.00,8901.00,260000.00,549.86,525
1777266778630,590.00,8940.00,260000.00,546.64,525
1777266778655,617.00,8903.00,260000.00,553.54,525
1777266778681,600.00,8888.00,260000.00,546.18,525
1777266778727,601.00,8903.00,260000.00,547.10,525
1777266778752,599.00,8945.00,260000.00,552.16,525
1777266778799,622.00,8932.00,260000.00,547.10,525
1777266778825,607.00,8946.00,260000.00,548.48,525
1777266778851,575.00,8903.00,260000.00,540.66,525
1777266778898,595.00,8973.00,260000.00,543.88,525
1777266778924,577.00,8976.00,260000.00,543.88,525
1777266778950,610.00,8959.00,260000.00,554.00,525
1777266778998,606.00,8901.00,260000.00,546.18,525
1777266779023,598.00,8940.00,260000.00,548.02,525
1777266779050,576.00,8940.00,260000.00,542.04,525
1777266779097,597.00,8921.00,260000.00,550.78,525
1777266779124,603.00,8901.00,260000.00,547.10,525
1777266779150,604.00,8937.00,260000.00,554.46,525
1777266779197,608.00,8978.00,260000.00,552.16,525
1777266779224,618.00,8928.00,260000.00,554.00,525
1777266779250,611.00,8939.00,260000.00,550.78,525
1777266779277,620.00,8940.00,260000.00,554.46,525
1777266779325,586.00,8928.00,260000.00,548.02,525
1777266779352,622.00,8927.00,260000.00,550.78,525
1777266779378,578.00,8939.00,260000.00,544.80,525
1777266779427,630.00,8915.00,260000.00,552.62,525
1777266779455,600.00,8902.00,260000.00,549.86,525
1777266779481,573.00,8944.00,260000.00,548.02,525
1777266779508,596.00,8906.00,260000.00,550.78,525
1777266779557,600.00,8922.00,260000.00,554.92,525
1777266779584,592.00,8940.00,260000.00,547.10,525
1777266779611,591.00,8980.00,260000.00,551.70,525
1777266779660,579.00,8940.00,260000.00,541.58,525
1777266779687,604.00,8977.00,260000.00,553.54,525
1777266779716,629.00,9037.00,260000.00,554.92,525
1777266779744,608.00,9026.00,260000.00,549.86,525
1777266779793,578.00,8977.00,260000.00,536.98,525
1777266779821,599.00,8948.00,260000.00,555.84,525
1777266779850,596.00,8941.00,260000.00,546.18,525
1777266779879,612.00,8965.00,260000.00,551.24,525
1777266779906,582.00,8963.00,260000.00,543.88,525
1777266779954,606.00,8979.00,260000.00,554.92,525
1777266779980,618.00,8940.00,260000.00,545.26,525
1777266780006,593.00,8963.00,260000.00,546.64,525
1777266780055,604.00,8939.00,260000.00,551.70,525
1777266780081,608.00,8978.00,260000.00,554.00,525
1777266780107,596.00,9038.00,260000.00,547.56,525
1777266780155,592.00,8940.00,260000.00,548.02,525
1777266780181,594.00,9000.00,260000.00,551.70,525
1777266780208,595.00,9005.00,260000.00,548.02,525
1777266780256,611.00,8978.00,260000.00,555.84,525
1777266780282,594.00,8994.00,260000.00,548.94,525
1777266780308,613.00,8989.00,260000.00,555.84,525
1777266780335,604.00,8965.00,260000.00,545.26,525
1777266780383,600.00,8979.00,260000.00,547.10,525
1777266780410,607.00,8942.00,260000.00,549.40,525
1777266780437,639.00,8978.00,260000.00,553.08,525
1777266780485,598.00,8945.00,260000.00,557.68,525
1777266780513,591.00,8924.00,260000.00,550.78,525
1777266780543,621.00,8966.00,260000.00,556.30,525
1777266780571,606.00,9037.00,260000.00,548.48,525
1777266780619,617.00,8978.00,260000.00,553.54,525
1777266780646,590.00,8978.00,260000.00,544.34,525
1777266780674,595.00,8976.00,260000.00,550.32,525
1777266780701,588.00,9036.00,260000.00,543.42,525
1777266780749,589.00,8976.00,260000.00,543.88,525
1777266780776,619.00,8980.00,260000.00,555.38,525
1777266780803,601.00,8959.00,260000.00,550.78,525
1777266780855,606.00,8940.00,260000.00,549.86,525
1777266780885,603.00,8953.00,260000.00,554.46,525
1777266780912,606.00,8940.00,260000.00,556.76,525
1777266781013,1226.00,8858.00,260000.00,1107.08,1050
1777266781035,617.00,8917.00,260000.00,554.92,525
1777266781080,586.00,8918.00,260000.00,548.02,525
1777266781104,621.00,8919.00,260000.00,552.62,525
1777266781149,624.00,8893.00,260000.00,548.94,525
1777266781173,610.00,8934.00,260000.00,554.00,525
1777266781218,623.00,8920.00,260000.00,553.54,525
1777266781242,565.00,8950.00,260000.00,542.04,525
1777266781267,596.00,8943.00,260000.00,551.70,525
1777266781312,623.00,8881.00,260000.00,556.76,525
1777266781336,602.00,8838.00,260000.00,547.56,525
1777266781382,611.00,8880.00,260000.00,556.76,525
1777266781407,594.00,8902.00,260000.00,550.32,525
1777266781431,627.00,8940.00,260000.00,554.00,525
1777266781477,609.00,8880.00,260000.00,550.78,525
1777266781502,606.00,8880.00,260000.00,554.00,525
1777266781547,587.00,8884.00,260000.00,547.10,525
1777266781572,637.00,8875.00,260000.00,559.98,525
1777266781597,611.00,8897.00,260000.00,547.10,525
1777266781643,625.00,8851.00,260000.00,554.00,525
1777266781669,606.00,8842.00,260000.00,549.86,525
1777266781714,602.00,8880.00,260000.00,545.26,525
1777266781740,597.00,8919.00,260000.00,546.64,525
1777266781765,615.00,8893.00,260000.00,548.94,525
1777266781811,569.00,8880.00,260000.00,540.20,525
1777266781837,613.00,8879.00,260000.00,555.38,525
1777266781863,608.00,8940.00,260000.00,555.38,525
1777266781909,601.00,8846.00,260000.00,552.16,525
1777266781935,602.00,8844.00,260000.00,551.70,525
1777266781981,613.00,8921.00,260000.00,553.54,525
1777266782006,570.00,8917.00,260000.00,544.80,525
1777266782032,606.00,8919.00,260000.00,553.08,525
1777266782077,606.00,8880.00,260000.00,551.70,525
1777266782102,607.00,8901.00,260000.00,549.40,525
1777266782128,601.00,8885.00,260000.00,549.40,525
1777266782175,602.00,8866.00,260000.00,548.02,525
1777266782201,594.00,8880.00,260000.00,550.78,525
1777266782227,605.00,8901.00,260000.00,548.02,525
1777266782274,593.00,8842.00,260000.00,546.64,525
1777266782300,627.00,8885.00,260000.00,554.46,525
1777266782327,597.00,8918.00,260000.00,547.10,525
1777266782374,573.00,8936.00,260000.00,545.26,525
1777266782400,596.00,8868.00,260000.00,546.64,525
1777266782427,610.00,8883.00,260000.00,548.48,525
1777266782477,594.00,8880.00,260000.00,551.24,525
1777266782503,621.00,8904.00,260000.00,546.64,525
1777266782529,608.00,8940.00,260000.00,550.78,525
1777266782577,597.00,8880.00,260000.00,546.18,525
1777266782603,582.00,8880.00,260000.00,542.04,525
1777266782630,619.00,8921.00,260000.00,552.16,525
1777266782677,578.00,8880.00,260000.00,542.96,525
1777266782704,605.00,8880.00,260000.00,549.86,525
1777266782730,599.00,8842.00,260000.00,547.56,525
1777266782757,602.00,8886.00,260000.00,547.10,525
1777266782805,599.00,8919.00,260000.00,551.24,525
1777266782832,586.00,8979.00,260000.00,549.40,525
1777266782858,596.00,9000.00,260000.00,548.02,525
1777266782907,588.00,8978.00,260000.00,548.94,525
1777266782935,583.00,9000.00,260000.00,546.64,525
1777266782963,576.00,8997.00,260000.00,545.26,525
1777266782991,622.00,9000.00,260000.00,554.92,525
1777266783039,607.00,9000.00,260000.00,551.24,525
1777266783067,629.00,9040.00,260000.00,553.54,525
1777266783095,610.00,9037.00,260000.00,549.40,525
1777266783122,598.00,8976.00,260000.00,544.34,525
1777266783172,589.00,8979.00,260000.00,543.88,525
1777266783201,583.00,8979.00,260000.00,546.18,525
1777266783229,605.00,9011.00,260000.00,553.08,525
1777266783257,567.00,9017.00,260000.00,541.12,525
1777266783307,602.00,8995.00,260000.00,551.24,525
1777266783336,613.00,9039.00,260000.00,550.78,525
1777266783364,585.00,9036.00,260000.00,546.64,525
1777266783392,619.00,9019.00,260000.00,551.24,525
1777266783420,594.00,8962.00,260000.00,549.40,525
1777266783471,577.00,9000.00,260000.00,546.64,525
1777266783501,618.00,8979.00,260000.00,549.86,525
1777266783533,595.00,8941.00,260000.00,550.32,525
1777266783563,614.00,9001.00,260000.00,553.54,525
1777266783591,572.00,8957.00,260000.00,544.34,525
1777266783621,587.00,8966.00,260000.00,553.08,525
1777266783673,590.00,9035.00,260000.00,545.72,525
1777266783703,609.00,9039.00,260000.00,555.84,525
1777266783732,577.00,9036.00,260000.00,547.56,525
1777266783762,598.00,8990.00,260000.00,544.80,525
1777266783791,586.00,9000.00,260000.00,545.72,525
1777266783821,602.00,9000.00,260000.00,554.46,525
1777266783872,585.00,8974.00,260000.00,541.58,525
1777266783902,581.00,8965.00,260000.00,540.20,525
1777266783986,594.00,8880.00,260000.00,549.40,525
1777266784011,598.00,8880.00,260000.00,551.70,525
1777266784035,604.00,8880.00,260000.00,550.78,525
1777266784081,559.00,8880.00,260000.00,543.88,525
1777266784106,590.00,8918.00,260000.00,547.56,525
1777266784131,620.00,8881.00,260000.00,555.84,525
1777266784177,599.00,8887.00,260000.00,547.10,525
1777266784202,613.00,8934.00,260000.00,551.24,525
1777266784228,614.00,8903.00,260000.00,551.24,525
1777266784275,602.00,8880.00,260000.00,551.24,525
1777266784300,607.00,8920.00,260000.00,548.02,525
1777266784346,601.00,8917.00,260000.00,552.16,525
1777266784372,607.00,8918.00,260000.00,554.92,525
1777266784397,600.00,8916.00,260000.00,552.16,525
1777266784446,629.00,8919.00,260000.00,549.40,525
1777266784472,594.00,8880.00,260000.00,550.78,525
1777266784498,612.00,8880.00,260000.00,550.78,525
1777266784545,575.00,8880.00,260000.00,550.78,525
1777266784571,603.00,8880.00,260000.00,551.24,525
1777266784597,603.00,8901.00,260000.00,547.56,525
1777266784644,584.00,8880.00,260000.00,546.64,525
1777266784670,612.00,8880.00,260000.00,551.70,525
1777266784696,594.00,8895.00,260000.00,548.48,525
1777266784745,589.00,8880.00,260000.00,542.96,525
1777266784771,615.00,8880.00,260000.00,553.08,525
1777266784797,601.00,8940.00,260000.00,549.86,525
1777266784823,616.00,8935.00,260000.00,555.84,525
1777266784871,614.00,8916.00,260000.00,554.00,525
1777266784898,584.00,8878.00,260000.00,545.72,525
1777266784923,563.00,8879.00,260000.00,544.80,525
1777266784971,579.00,8880.00,260000.00,547.10,525
1777266784998,620.00,8881.00,260000.00,552.16,525
1777266785025,578.00,8915.00,260000.00,547.56,525
1777266785072,600.00,8870.00,260000.00,545.72,525
1777266785100,575.00,8845.00,260000.00,543.88,525
1777266785127,595.00,8846.00,260000.00,554.46,525
1777266785154,603.00,8902.00,260000.00,553.08,525
1777266785203,571.00,8919.00,260000.00,544.80,525
1777266785230,619.00,8881.00,260000.00,555.84,525
1777266785258,589.00,8899.00,260000.00,544.80,525
1777266785306,619.00,8844.00,260000.00,554.00,525
1777266785334,599.00,8840.00,260000.00,552.16,525
1777266785360,585.00,8840.00,260000.00,546.64,525
1777266785387,607.00,8940.00,260000.00,547.10,525
1777266785435,612.00,8918.00,260000.00,548.02,525
1777266785462,584.00,8919.00,260000.00,548.02,525
1777266785488,578.00,8938.00,260000.00,545.26,525
1777266785515,587.00,8918.00,260000.00,548.94,525
1777266785565,626.00,8880.00,260000.00,551.24,525
1777266785592,631.00,8880.00,260000.00,555.84,525
1777266785619,586.00,8940.00,260000.00,548.94,525
1777266785668,613.00,8880.00,260000.00,548.94,525
1777266785695,590.00,8880.00,260000.00,547.56,525
1777266785723,598.00,8880.00,260000.00,554.46,525
1777266785751,600.00,8940.00,260000.00,547.56,525
1777266785800,604.00,8920.00,260000.00,546.18,525
1777266785828,595.00,8918.00,260000.00,551.24,525
1777266785856,600.00,8940.00,260000.00,551.70,525
1777266785884,607.00,8940.00,260000.00,553.54,525
1777266785912,602.00,8889.00,260000.00,543.42,525
1777266785962,587.00,8920.00,260000.00,552.62,525
1777266785990,606.00,8965.00,260000.00,550.32,525
1777266786018,600.00,9060.00,260000.00,550.78,525
1777266786047,593.00,8980.00,260000.00,544.80,525
1777266786097,600.00,8940.00,260000.00,549.86,525
1777266786124,583.00,8979.00,260000.00,547.10,525
1777266786153,597.00,8966.00,260000.00,551.24,525
1777266786182,619.00,8954.00,260000.00,548.94,525
1777266786232,578.00,8940.00,260000.00,542.96,525
1777266786261,590.00,8974.00,260000.00,542.96,525
1777266786291,558.00,8980.00,260000.00,546.18,525
1777266786320,606.00,8965.00,260000.00,555.84,525
1777266786350,596.00,8899.00,260000.00,552.62,525
1777266786379,597.00,8965.00,260000.00,552.16,525
1777266786430,590.00,8978.00,260000.00,548.02,525
1777266786459,610.00,8980.00,260000.00,548.48,525
1777266786487,594.00,8973.00,260000.00,547.10,525
1777266786515,618.00,8940.00,260000.00,554.92,525
1777266786544,624.00,8998.00,260000.00,554.46,525
1777266786595,590.00,8982.00,260000.00,547.56,525
1777266786624,586.00,8977.00,260000.00,542.96,525
1777266786654,604.00,8953.00,260000.00,550.32,525
1777266786683,603.00,8939.00,260000.00,557.22,525
1777266786712,621.00,8958.00,260000.00,554.46,525
1777266786763,597.00,8976.00,260000.00,550.32,525
1777266786792,620.00,9000.00,260000.00,552.62,525
1777266786820,620.00,9011.00,260000.00,550.78,525
1777266786849,592.00,8982.00,260000.00,545.26,525
1777266786877,594.00,9000.00,260000.00,546.18,525
1777266786907,636.00,9040.00,260000.00,547.56,525
1777266786955,596.00,8940.00,260000.00,546.18,525
1777266786984,608.00,9000.00,260000.00,551.24,525
1777266787013,610.00,8961.00,260000.00,556.30,525
1777266787042,605.00,8926.00,260000.00,550.78,525
1777266787093,593.00,8979.00,260000.00,548.02,525
1777266787122,598.00,9039.00,260000.00,554.00,525
1777266787151,622.00,9035.00,260000.00,551.70,525
1777266787181,596.00,9029.00,260000.00,546.64,525
1777266787212,575.00,8990.00,260000.00,553.08,525
1777266787241,592.00,9016.00,260000.00,550.78,525
1777266787269,611.00,9037.00,260000.00,548.48,525
1777266787321,612.00,8946.00,260000.00,552.16,525
1777266787352,593.00,8941.00,260000.00,547.10,525
1777266787381,609.00,8966.00,260000.00,553.54,525
1777266787412,604.00,8979.00,260000.00,554.92,525
1777266787442,612.00,8940.00,260000.00,549.86,525
1777266787472,599.00,8964.00,260000.00,554.92,525
1777266787525,579.00,8940.00,260000.00,548.94,525
1777266787557,569.00,8940.00,260000.00,543.88,525
1777266787584,610.00,8962.00,260000.00,550.78,525
1777266787615,603.00,8935.00,260000.00,550.32,525
1777266787646,597.00,8940.00,260000.00,547.10,525
1777266787677,587.00,9000.00,260000.00,542.96,525
1777266787708,579.00,8966.00,260000.00,548.94,525
1777266787739,610.00,8990.00,260000.00,556.76,525
1777266787769,595.00,8940.00,260000.00,549.86,525
1777266787819,605.00,8901.00,260000.00,550.78,525
1777266787849,596.00,8903.00,260000.00,543.42,525
1777266787880,600.00,8940.00,260000.00,549.40,525
1777266787910,607.00,9000.00,260000.00,548.02,525
1777266787940,599.00,8963.00,260000.00,543.42,525
1777266787971,587.00,8967.00,260000.00,547.10,525
1777266787999,608.00,8965.00,260000.00,552.16,525
1777266788095,628.00,8880.00,260000.00,554.00,525
1777266788118,605.00,8865.00,260000.00,547.10,525
1777266788163,598.00,8880.00,260000.00,546.18,525
1777266788187,623.00,8845.00,260000.00,549.86,525
1777266788232,621.00,8879.00,260000.00,555.38,525
1777266788256,557.00,8880.00,260000.00,537.44,525
1777266788610,601.00,8315.00,260000.00,548.48,525
1777266788633,612.00,8280.00,260000.00,592.18,525
1777266788655,591.00,8340.00,260000.00,592.64,525
1777266788699,587.00,8340.00,260000.00,591.72,525
1777266788724,615.00,8286.00,260000.00,594.02,525
1777266788747,584.00,8282.00,260000.00,590.80,525
1777266788791,609.00,8340.00,260000.00,593.10,525
1777266788815,615.00,8283.00,260000.00,594.94,525
1777266788859,596.00,8282.00,260000.00,592.64,525
1777266788882,587.00,8374.00,260000.00,594.02,525
1777266788927,596.00,8289.00,260000.00,591.72,525
1777266788950,591.00,8343.00,260000.00,590.80,525
1777266788995,603.00,8365.00,260000.00,592.18,525
1777266789019,609.00,8343.00,260000.00,591.26,525
1777266789063,611.00,8400.00,260000.00,594.94,525
1777266789088,597.00,8375.00,260000.00,594.94,525
1777266789132,602.00,8423.00,260000.00,592.64,525
1777266789155,600.00,8440.00,260000.00,591.26,525
1777266789178,593.00,8460.00,260000.00,592.18,525
1777266789222,614.00,8438.00,260000.00,594.02,525
1777266789247,592.00,8342.00,260000.00,593.56,525
1777266789292,608.00,8347.00,260000.00,595.86,525
1777266789315,621.00,8341.00,260000.00,595.40,525
1777266789359,599.00,8400.00,260000.00,594.02,525
1777266789385,609.00,8386.00,260000.00,593.10,525
1777266789431,577.00,8400.00,260000.00,594.02,525
1777266789456,594.00,8380.00,260000.00,593.10,525
1777266789481,590.00,8381.00,260000.00,593.56,525
1777266789527,597.00,8354.00,260000.00,592.64,525
1777266789551,599.00,8362.00,260000.00,592.64,525
1777266789575,596.00,8388.00,260000.00,593.56,525
1777266789620,618.00,8342.00,260000.00,594.48,525
1777266789665,593.00,8400.00,260000.00,592.18,525
1777266789689,608.00,8400.00,260000.00,593.10,525
1777266789713,607.00,8400.00,260000.00,593.10,525
1777266789759,639.00,8400.00,260000.00,594.48,525
1777266789785,591.00,8342.00,260000.00,591.26,525
1777266789831,606.00,8338.00,260000.00,594.48,525
1777266789856,609.00,8342.00,260000.00,592.18,525
1777266789881,579.00,8383.00,260000.00,592.64,525
1777266789929,571.00,8379.00,260000.00,591.72,525
1777266789954,593.00,8343.00,260000.00,591.72,525
1777266789978,588.00,8380.00,260000.00,594.02,525
1777266790023,580.00,8437.00,260000.00,593.10,525
1777266790049,619.00,8414.00,260000.00,593.10,525
1777266790096,621.00,8436.00,260000.00,591.72,525
1777266790121,590.00,8435.00,260000.00,589.42,525
1777266790146,608.00,8440.00,260000.00,593.56,525
1777266790194,598.00,8400.00,260000.00,593.56,525
1777266790220,609.00,8436.00,260000.00,592.18,525
1777266790245,611.00,8473.00,260000.00,593.56,525
1777266790296,603.00,8436.00,260000.00,591.72,525
1777266790322,614.00,8440.00,260000.00,593.56,525
1777266790348,607.00,8383.00,260000.00,592.64,525
1777266790395,588.00,8340.00,260000.00,592.18,525
1777266790419,607.00,8400.00,260000.00,592.18,525
1777266790445,599.00,8400.00,260000.00,593.10,525
1777266790494,593.00,8418.00,260000.00,593.56,525
1777266790520,604.00,8393.00,260000.00,593.56,525
1777266790545,626.00,8400.00,260000.00,593.56,525
1777266790593,629.00,8400.00,260000.00,594.94,525
1777266790620,600.00,8342.00,260000.00,593.56,525
1777266790646,596.00,8342.00,260000.00,592.64,525
1777266790694,586.00,8400.00,260000.00,594.48,525
1777266790721,598.00,8400.00,260000.00,592.18,525
1777266790746,605.00,8400.00,260000.00,596.32,525
1777266790793,621.00,8400.00,260000.00,594.02,525
1777266790820,613.00,8343.00,260000.00,594.94,525
1777266790845,608.00,8342.00,260000.00,590.34,525
1777266790893,584.00,8400.00,260000.00,592.18,525
1777266790921,586.00,8347.00,260000.00,591.26,525
1777266790948,586.00,8379.00,260000.00,593.56,525
1777266790977,580.00,8439.00,260000.00,592.18,525
1777266791026,583.00,8382.00,260000.00,592.64,525
1777266791053,605.00,8393.00,260000.00,591.72,525
1777266791080,607.00,8343.00,260000.00,594.94,525
1777266791107,611.00,8374.00,260000.00,591.72,525
1777266791155,572.00,8376.00,260000.00,591.72,525
1777266791180,587.00,8379.00,260000.00,593.10,525
1777266791209,624.00,8437.00,260000.00,592.64,525
1777266791257,622.00,8400.00,260000.00,594.02,525
1777266791284,607.00,8435.00,260000.00,594.02,525
1777266791311,597.00,8379.00,260000.00,592.64,525
1777266791339,590.00,8384.00,260000.00,593.56,525
1777266791387,595.00,8368.00,260000.00,591.26,525
1777266791414,614.00,8400.00,260000.00,593.56,525
1777266791441,605.00,8342.00,260000.00,594.48,525
1777266791468,608.00,8351.00,260000.00,592.64,525
1777266791516,608.00,8400.00,260000.00,590.34,525
1777266791543,612.00,8401.00,260000.00,591.72,525
1777266791570,594.00,8440.00,260000.00,594.48,525
1777266791618,623.00,8358.00,260000.00,594.48,525
1777266791646,612.00,8435.00,260000.00,592.64,525
1777266791674,604.00,8438.00,260000.00,591.26,525
1777266791701,609.00,8437.00,260000.00,595.40,525
1777266791749,614.00,8350.00,260000.00,593.10,525
1777266791776,595.00,8343.00,260000.00,592.64,525
1777266791803,609.00,8343.00,260000.00,595.40,525
1777266791851,591.00,8342.00,260000.00,592.64,525
1777266791879,604.00,8343.00,260000.00,591.26,525
1777266791908,617.00,8400.00,260000.00,592.18,525
1777266791933,602.00,8400.00,260000.00,593.10,525
1777266791983,607.00,8400.00,260000.00,593.10,525
1777266792011,580.00,8438.00,260000.00,589.88,525
1777266792041,594.00,8441.00,260000.00,593.56,525
1777266792069,605.00,8438.00,260000.00,589.88,525
1777266792097,602.00,8460.00,260000.00,594.94,525
1777266792146,581.00,8348.00,260000.00,593.56,525
1777266792175,607.00,8400.00,260000.00,591.26,525
1777266792204,591.00,8400.00,260000.00,594.94,525
1777266792310,609.00,8317.00,260000.00,593.56,525
1777266792333,617.00,8319.00,260000.00,595.40,525
1777266792378,619.00,8313.00,260000.00,592.64,525
1777266792402,621.00,8228.00,260000.00,593.10,525
1777266792447,598.00,8206.00,260000.00,594.48,525
1777266792470,614.00,8257.00,260000.00,595.40,525
1777266792494,604.00,8262.00,260000.00,594.48,525
1777266792539,604.00,8254.00,260000.00,592.18,525
1777266792564,603.00,8266.00,260000.00,592.18,525
1777266792608,609.00,8318.00,260000.00,592.18,525
1777266792633,605.00,8280.00,260000.00,594.48,525
1777266792658,594.00,8221.00,260000.00,591.72,525
1777266792703,586.00,8257.00,260000.00,589.42,525
1777266792728,596.00,8262.00,260000.00,593.10,525
1777266792773,601.00,8288.00,260000.00,589.88,525
1777266792798,579.00,8266.00,260000.00,592.64,525
1777266792823,592.00,8321.00,260000.00,592.18,525
1777266792867,595.00,8223.00,260000.00,591.26,525
1777266792890,576.00,8223.00,260000.00,591.26,525
1777266792936,600.00,8316.00,260000.00,594.94,525
1777266792962,592.00,8257.00,260000.00,593.56,525
1777266793008,616.00,8176.00,260000.00,591.72,525
1777266793033,609.00,8223.00,260000.00,592.64,525
1777266793058,598.00,8283.00,260000.00,591.26,525
1777266793105,573.00,8336.00,260000.00,593.56,525
1777266793130,613.00,8377.00,260000.00,592.64,525
1777266793154,564.00,8343.00,260000.00,593.56,525
1777266793201,615.00,8378.00,260000.00,592.64,525
1777266793227,582.00,8348.00,260000.00,594.02,525
1777266793274,595.00,8340.00,260000.00,592.64,525
1777266793300,615.00,8400.00,260000.00,594.48,525
1777266793325,590.00,8460.00,260000.00,592.64,525
1777266793371,595.00,8477.00,260000.00,592.64,525
1777266793396,610.00,8523.00,260000.00,594.02,525
1777266793424,580.00,8582.00,260000.00,591.72,525
1777266793470,598.00,8677.00,260000.00,590.80,525
1777266793496,612.00,8760.00,260000.00,591.72,525
1777266793521,625.00,8820.00,260000.00,595.40,525
1777266793568,606.00,8880.00,260000.00,592.18,525
1777266793593,599.00,8883.00,260000.00,592.18,525
1777266793618,622.00,8895.00,260000.00,593.56,525
1777266793665,571.00,8894.00,260000.00,545.72,525
1777266793691,598.00,8908.00,260000.00,551.70,525
1777266793717,608.00,8957.00,260000.00,550.32,525
1777266793763,580.00,8898.00,260000.00,546.18,525
1777266793789,579.00,8906.00,260000.00,547.56,525
1777266793837,612.00,8997.00,260000.00,547.10,525
1777266793863,589.00,8997.00,260000.00,545.72,525
1777266793890,599.00,8906.00,260000.00,549.40,525
1777266793916,593.00,8961.00,260000.00,542.96,525
1777266793964,605.00,8903.00,260000.00,550.32,525
1777266793991,595.00,8957.00,260000.00,549.40,525
1777266794017,597.00,8958.00,260000.00,545.26,525
1777266794065,613.00,8911.00,260000.00,554.92,525
1777266794093,603.00,8942.00,260000.00,548.94,525
1777266794119,579.00,8904.00,260000.00,549.40,525
1777266794168,616.00,8880.00,260000.00,549.40,525
1777266794194,602.00,8936.00,260000.00,552.16,525
1777266794221,591.00,8903.00,260000.00,547.10,525
1777266794249,559.00,8962.00,260000.00,544.80,525
1777266794297,609.00,8987.00,260000.00,548.02,525
1777266794326,596.00,8913.00,260000.00,549.86,525
1777266794355,595.00,8901.00,260000.00,544.80,525
1777266794383,603.00,8961.00,260000.00,548.48,525
1777266794434,592.00,8909.00,260000.00,546.64,525
1777266794463,587.00,8972.00,260000.00,547.10,525
1777266794492,614.00,8962.00,260000.00,552.16,525
1777266794519,591.00,8961.00,260000.00,550.32,525
1777266794547,597.00,8964.00,260000.00,548.94,525
1777266794598,599.00,8996.00,260000.00,547.10,525
1777266794626,609.00,8960.00,260000.00,552.16,525
1777266794654,571.00,8900.00,260000.00,548.94,525
1777266794683,621.00,8940.00,260000.00,550.78,525
1777266794733,603.00,8937.00,260000.00,545.72,525
1777266794761,600.00,8940.00,260000.00,550.32,525
1777266794790,581.00,8997.00,260000.00,547.10,525
1777266794819,613.00,8961.00,260000.00,549.86,525
1777266794848,581.00,8962.00,260000.00,543.88,525
1777266794897,607.00,8936.00,260000.00,548.02,525
1777266794927,580.00,8996.00,260000.00,550.78,525
1777266794957,603.00,8996.00,260000.00,547.56,525
1777266794986,586.00,8934.00,260000.00,547.56,525
1777266795013,594.00,8902.00,260000.00,546.18,525
1777266795063,608.00,8843.00,260000.00,548.02,525
1777266795089,613.00,8902.00,260000.00,550.78,525
1777266795113,624.00,8940.00,260000.00,551.24,525
1777266795161,589.00,8880.00,260000.00,544.34,525
1777266795189,588.00,8940.00,260000.00,539.74,525
1777266795217,619.00,8940.00,260000.00,551.70,525
1777266795245,610.00,8940.00,260000.00,548.02,525
1777266795297,618.00,8940.00,260000.00,551.24,525
1777266795327,580.00,8905.00,260000.00,546.18,525
1777266795357,595.00,8978.00,260000.00,548.48,525
1777266795386,617.00,8940.00,260000.00,551.24,525
1777266795414,596.00,8902.00,260000.00,551.24,525
1777266795443,630.00,8901.00,260000.00,555.84,525
1777266795473,602.00,8924.00,260000.00,556.76,525
1777266795530,609.00,8935.00,260000.00,554.92,525
1777266795560,599.00,8880.00,260000.00,547.56,525
1777266795590,606.00,8940.00,260000.00,544.80,525
1777266795619,579.00,8997.00,260000.00,547.56,525
1777266795648,603.00,8997.00,260000.00,545.72,525
1777266795678,608.00,8957.00,260000.00,547.10,525
1777266795731,585.00,8918.00,260000.00,542.50,525
1777266795762,589.00,8938.00,260000.00,547.56,525
1777266795847,592.00,8852.00,260000.00,545.72,525
1777266795870,582.00,8875.00,260000.00,590.80,525
1777266795894,629.00,8880.00,260000.00,595.40,525
1777266795938,605.00,8876.00,260000.00,593.10,525
1777266795962,588.00,8820.00,260000.00,594.48,525
1777266795986,600.00,8821.00,260000.00,593.56,525
1777266796031,597.00,8861.00,260000.00,592.18,525
1777266796055,596.00,8823.00,260000.00,549.86,525
1777266796101,596.00,8845.00,260000.00,551.70,525
1777266796125,603.00,8866.00,260000.00,553.08,525
1777266796149,592.00,8936.00,260000.00,550.78,525
1777266796194,602.00,8820.00,260000.00,549.40,525
1777266796218,591.00,8782.00,260000.00,546.18,525
1777266796264,604.00,8836.00,260000.00,551.24,525
1777266796289,606.00,8877.00,260000.00,552.62,525
1777266796335,573.00,8876.00,260000.00,550.78,525
1777266796360,605.00,8838.00,260000.00,548.02,525
1777266796385,609.00,8842.00,260000.00,554.92,525
1777266796430,583.00,8844.00,260000.00,544.34,525
1777266796455,631.00,8898.00,260000.00,553.54,525
1777266796501,622.00,8819.00,260000.00,553.54,525
1777266796526,617.00,8820.00,260000.00,553.54,525
1777266796551,606.00,8780.00,260000.00,551.24,525
1777266796597,577.00,8877.00,260000.00,545.26,525
1777266796623,623.00,8901.00,260000.00,551.70,525
1777266796648,600.00,8842.00,260000.00,549.40,525
1777266796694,581.00,8825.00,260000.00,545.26,525
1777266796719,577.00,8880.00,260000.00,545.26,525
1777266796766,596.00,8841.00,260000.00,550.32,525
1777266796791,610.00,8838.00,260000.00,549.86,525
1777266796817,613.00,8896.00,260000.00,551.70,525
1777266796863,607.00,8876.00,260000.00,553.54,525
1777266796889,609.00,8807.00,260000.00,553.54,525
1777266796915,588.00,8812.00,260000.00,550.32,525
1777266796961,612.00,8842.00,260000.00,553.08,525
1777266796987,593.00,8880.00,260000.00,549.86,525
1777266797012,593.00,8841.00,260000.00,545.72,525
1777266797059,608.00,8791.00,260000.00,548.94,525
1777266797085,583.00,8783.00,260000.00,544.80,525
1777266797110,605.00,8841.00,260000.00,550.78,525
1777266797158,615.00,8787.00,260000.00,550.78,525
1777266797184,610.00,8808.00,260000.00,551.24,525
1777266797210,628.00,8869.00,260000.00,555.84,525
1777266797258,595.00,8893.00,260000.00,553.54,525
1777266797284,627.00,8953.00,260000.00,555.38,525
1777266797311,603.00,8968.00,260000.00,549.86,525
1777266797359,591.00,8998.00,260000.00,548.94,525
1777266797386,588.00,8996.00,260000.00,544.80,525
1777266797417,607.00,8997.00,260000.00,551.70,525
1777266797445,580.00,9057.00,260000.00,546.18,525
1777266797493,587.00,8993.00,260000.00,544.34,525
1777266797521,583.00,8963.00,260000.00,549.40,525
1777266797548,606.00,8962.00,260000.00,548.94,525
1777266797576,585.00,8996.00,260000.00,547.10,525
1777266797629,609.00,8940.00,260000.00,552.62,525
1777266797656,582.00,9000.00,260000.00,545.26,525
1777266797684,610.00,9008.00,260000.00,544.34,525
1777266797712,615.00,9050.00,260000.00,552.62,525
1777266797740,613.00,8995.00,260000.00,557.68,525
1777266797790,623.00,8995.00,260000.00,551.24,525
1777266797817,600.00,8996.00,260000.00,551.70,525
1777266797845,573.00,8996.00,260000.00,543.88,525
1777266797873,578.00,9014.00,260000.00,550.32,525
1777266797923,579.00,8940.00,260000.00,545.26,525
1777266797951,615.00,9000.00,260000.00,553.54,525
1777266797979,621.00,9057.00,260000.00,553.08,525
1777266798008,604.00,9035.00,260000.00,549.86,525
1777266798037,594.00,9056.00,260000.00,548.48,525
1777266798087,573.00,8996.00,260000.00,548.94,525
1777266798115,598.00,8913.00,260000.00,542.04,525
1777266798143,584.00,8963.00,260000.00,550.78,525
1777266798171,570.00,8958.00,260000.00,545.26,525
1777266798221,595.00,8996.00,260000.00,552.16,525
1777266798251,600.00,8997.00,260000.00,550.78,525
1777266798279,577.00,9000.00,260000.00,552.62,525
1777266798306,635.00,8959.00,260000.00,550.78,525
1777266798335,585.00,8961.00,260000.00,554.92,525
1777266798386,600.00,8970.00,260000.00,544.34,525
1777266798415,610.00,8997.00,260000.00,549.40,525
1777266798444,584.00,8996.00,260000.00,548.94,525
1777266798473,593.00,9023.00,260000.00,545.26,525
1777266798501,607.00,8964.00,260000.00,544.80,525
1777266798551,593.00,8940.00,260000.00,552.62,525
1777266798581,578.00,8996.00,260000.00,548.48,525
1777266798610,599.00,9056.00,260000.00,545.72,525
1777266798639,593.00,9056.00,260000.00,548.48,525
1777266798668,599.00,9042.00,260000.00,551.70,525
1777266798718,610.00,8940.00,260000.00,550.32,525
1777266798748,592.00,8940.00,260000.00,548.02,525
1777266798778,601.00,8939.00,260000.00,548.02,525
1777266798808,606.00,8902.00,260000.00,559.52,525
1777266798836,623.00,9000.00,260000.00,550.78,525
1777266798866,602.00,9000.00,260000.00,548.94,525
1777266798917,595.00,8978.00,260000.00,546.64,525
1777266798947,596.00,8983.00,260000.00,553.54,525
1777266798978,604.00,8978.00,260000.00,548.02,525
1777266799008,603.00,8979.00,260000.00,548.94,525
1777266799038,581.00,8976.00,260000.00,544.80,525
1777266799069,587.00,9028.00,260000.00,551.24,525
1777266799097,608.00,9036.00,260000.00,546.64,525
1777266799146,618.00,8978.00,260000.00,548.48,525
1777266799174,600.00,9000.00,260000.00,546.18,525
1777266799203,586.00,8971.00,260000.00,548.94,525
1777266799306,602.00,8857.00,260000.00,548.02,525
1777266799330,597.00,8877.00,260000.00,546.64,525
1777266799375,590.00,8829.00,260000.00,545.26,525
1777266799399,594.00,8829.00,260000.00,545.26,525
1777266799423,596.00,8881.00,260000.00,548.48,525
1777266799467,613.00,8842.00,260000.00,552.16,525
1777266799491,597.00,8877.00,260000.00,550.32,525
1777266799536,598.00,8858.00,260000.00,553.54,525
1777266799560,612.00,8857.00,260000.00,548.48,525
1777266799604,620.00,8857.00,260000.00,552.62,525
1777266799629,590.00,8917.00,260000.00,548.94,525
1777266799674,599.00,8820.00,260000.00,547.56,525
1777266799698,595.00,8783.00,260000.00,548.48,525
1777266799725,608.00,8842.00,260000.00,549.40,525
1777266799769,597.00,8814.00,260000.00,550.78,525
1777266799794,572.00,8843.00,260000.00,548.94,525
1777266799839,599.00,8858.00,260000.00,553.54,525
1777266799864,597.00,8855.00,260000.00,548.02,525
1777266799889,625.00,8880.00,260000.00,549.86,525
1777266799936,583.00,8820.00,260000.00,543.88,525
1777266799962,605.00,8878.00,260000.00,551.70,525
1777266799987,613.00,8917.00,260000.00,549.40,525
1777266800033,606.00,8856.00,260000.00,550.32,525
1777266800059,590.00,8916.00,260000.00,547.10,525
1777266800105,619.00,8820.00,260000.00,549.86,525
1777266800130,621.00,8801.00,260000.00,556.76,525
1777266800155,599.00,8841.00,260000.00,549.86,525
1777266800202,617.00,8820.00,260000.00,552.16,525
1777266800227,630.00,8820.00,260000.00,553.08,525
1777266800253,583.00,8857.00,260000.00,547.56,525
1777266800300,594.00,8880.00,260000.00,550.78,525
1777266800326,596.00,8914.00,260000.00,544.80,525
1777266800352,602.00,8880.00,260000.00,549.86,525
1777266800399,607.00,8858.00,260000.00,548.94,525
1777266800425,601.00,8858.00,260000.00,545.72,525
1777266800451,601.00,8825.00,260000.00,548.02,525
1777266800499,599.00,8823.00,260000.00,551.24,525
1777266800525,603.00,8880.00,260000.00,550.78,525
1777266800551,608.00,8866.00,260000.00,549.86,525
1777266800599,598.00,8840.00,260000.00,547.56,525
1777266800626,592.00,8864.00,260000.00,549.40,525
1777266800652,599.00,8880.00,260000.00,545.26,525
1777266800700,587.00,8857.00,260000.00,546.18,525
1777266800726,595.00,8901.00,260000.00,547.56,525
1777266800753,599.00,8880.00,260000.00,548.02,525
1777266800780,613.00,8880.00,260000.00,549.40,525
1777266800827,606.00,8940.00,260000.00,548.02,525
1777266800854,601.00,8948.00,260000.00,542.50,525
1777266800881,594.00,8918.00,260000.00,548.48,525
1777266800928,604.00,8940.00,260000.00,552.62,525
1777266800955,604.00,8940.00,260000.00,551.24,525
1777266800983,599.00,8997.00,260000.00,544.80,525
1777266801030,594.00,8940.00,260000.00,548.48,525
1777266801057,583.00,8959.00,260000.00,542.04,525
1777266801085,595.00,8943.00,260000.00,553.08,525
1777266801112,576.00,8939.00,260000.00,549.40,525
1777266801161,583.00,8880.00,260000.00,548.48,525
1777266801186,585.00,8902.00,260000.00,545.26,525
1777266801212,583.00,8922.00,260000.00,544.80,525
1777266801261,617.00,8905.00,260000.00,557.68,525
1777266801287,584.00,8941.00,260000.00,546.64,525
1777266801313,581.00,8940.00,260000.00,545.72,525
1777266801362,596.00,8978.00,260000.00,543.42,525
1777266801389,578.00,8977.00,260000.00,547.56,525
1777266801418,591.00,8946.00,260000.00,549.86,525
1777266801447,600.00,8940.00,260000.00,548.94,525
1777266801495,586.00,8947.00,260000.00,547.56,525
1777266801524,601.00,8940.00,260000.00,543.88,525
1777266801552,598.00,8979.00,260000.00,553.54,525
1777266801580,607.00,8929.00,260000.00,544.34,525
1777266801630,599.00,8940.00,260000.00,548.48,525
1777266801659,611.00,8918.00,260000.00,553.54,525
1777266801687,607.00,8940.00,260000.00,549.40,525
1777266801715,618.00,8940.00,260000.00,551.70,525
1777266801744,585.00,8938.00,260000.00,545.26,525
1777266801794,600.00,8978.00,260000.00,549.86,525
1777266801822,612.00,8970.00,260000.00,546.64,525
1777266801850,598.00,8940.00,260000.00,549.86,525
1777266801877,612.00,8979.00,260000.00,551.70,525
1777266801926,585.00,8863.00,260000.00,549.40,525
1777266801953,612.00,8904.00,260000.00,552.62,525
1777266801981,595.00,8903.00,260000.00,547.10,525
1777266802009,587.00,8978.00,260000.00,544.34,525
1777266802061,601.00,8968.00,260000.00,550.78,525
1777266802088,598.00,8976.00,260000.00,548.94,525
1777266802113,619.00,8967.00,260000.00,555.84,525
1777266802141,582.00,8939.00,260000.00,546.64,525
1777266802190,606.00,8977.00,260000.00,548.02,525
1777266802217,588.00,8925.00,260000.00,543.42,525
1777266802244,591.00,8904.00,260000.00,546.18,525
1777266802272,609.00,8903.00,260000.00,548.48,525
1777266802321,623.00,8896.00,260000.00,551.70,525
1777266802347,604.00,8940.00,260000.00,549.40,525
1777266802372,613.00,8940.00,260000.00,555.38,525
1777266802420,595.00,8940.00,260000.00,546.18,525
1777266802446,615.00,8940.00,260000.00,547.10,525
1777266802475,586.00,8940.00,260000.00,553.54,525
1777266802504,609.00,8975.00,260000.00,545.72,525
1777266802553,577.00,8943.00,260000.00,544.34,525
1777266802582,609.00,8940.00,260000.00,554.46,525
1777266802668,606.00,8820.00,260000.00,549.40,525
1777266802690,593.00,8820.00,260000.00,545.26,525
1777266802713,602.00,8880.00,260000.00,551.24,525
1777266802757,609.00,8820.00,260000.00,552.16,525
1777266802781,589.00,8880.00,260000.00,543.42,525
1777266802825,611.00,8820.00,260000.00,552.62,525
1777266802850,622.00,8835.00,260000.00,550.78,525
1777266802896,585.00,8858.00,260000.00,548.02,525
1777266802920,600.00,8845.00,260000.00,553.08,525
1777266802946,609.00,8880.00,260000.00,550.78,525
1777266802992,606.00,8843.00,260000.00,548.94,525
1777266803018,584.00,8827.00,260000.00,543.88,525
1777266803064,608.00,8784.00,260000.00,555.84,525
1777266803089,606.00,8839.00,260000.00,555.38,525
1777266803116,578.00,8874.00,260000.00,546.18,525
1777266803163,599.00,8858.00,260000.00,550.32,525
1777266803189,590.00,8856.00,260000.00,548.02,525
1777266803215,587.00,8843.00,260000.00,547.10,525
1777266803262,590.00,8820.00,260000.00,547.10,525
1777266803287,611.00,8822.00,260000.00,550.32,525
1777266803314,609.00,8867.00,260000.00,553.54,525
1777266803361,614.00,8835.00,260000.00,552.16,525
1777266803387,584.00,8867.00,260000.00,546.64,525
1777266803413,586.00,8843.00,260000.00,550.32,525
1777266803460,618.00,8781.00,260000.00,551.24,525
1777266803486,601.00,8817.00,260000.00,549.40,525
1777266803513,625.00,8856.00,260000.00,552.16,525
1777266803561,595.00,8824.00,260000.00,545.72,525
1777266803587,590.00,8877.00,260000.00,549.86,525
1777266803615,592.00,8880.00,260000.00,552.16,525
1777266803664,590.00,8820.00,260000.00,548.48,525
1777266803691,620.00,8859.00,260000.00,553.54,525
1777266803718,597.00,8918.00,260000.00,548.02,525
1777266803745,607.00,8918.00,260000.00,546.18,525
1777266803794,604.00,8857.00,260000.00,552.62,525
1777266803820,592.00,8820.00,260000.00,548.94,525
1777266803848,621.00,8820.00,260000.00,552.62,525
1777266803876,597.00,8820.00,260000.00,547.10,525
1777266803927,601.00,8820.00,260000.00,548.02,525
1777266803955,617.00,8869.00,260000.00,551.24,525
1777266803983,602.00,8880.00,260000.00,553.54,525
1777266804009,585.00,8917.00,260000.00,552.16,525
1777266804058,597.00,8840.00,260000.00,543.88,525
1777266804087,587.00,8820.00,260000.00,549.40,525
1777266804116,581.00,8820.00,260000.00,548.02,525
1777266804144,590.00,8880.00,260000.00,547.56,525
1777266804194,584.00,8832.00,260000.00,552.16,525
1777266804223,581.00,8857.00,260000.00,546.64,525
1777266804253,582.00,8917.00,260000.00,549.40,525
1777266804282,620.00,8977.00,260000.00,548.48,525
1777266804311,594.00,9000.00,260000.00,550.78,525
1777266804339,636.00,8978.00,260000.00,554.92,525
1777266804388,581.00,8976.00,260000.00,547.56,525
1777266804416,583.00,8939.00,260000.00,547.10,525
1777266804444,627.00,8940.00,260000.00,549.40,525
1777266804472,624.00,8989.00,260000.00,547.56,525
1777266804521,333.00,8953.00,260000.00,307.32,291
1777266804548,339.00,8913.00,260000.00,303.18,293
1777266804574,308.00,8906.00,260000.00,298.42,291
1777266804602,322.00,8903.00,260000.00,302.26,291
1777266804650,328.00,8823.00,260000.00,305.48,293
1777266804678,344.00,8846.00,260000.00,307.62,291
1777266804705,331.00,8839.00,260000.00,305.94,291
1777266804753,312.00,8791.00,260000.00,302.72,293
1777266804780,317.00,8765.00,260000.00,299.34,291
1777266804807,316.00,8721.00,260000.00,303.18,291
1777266804834,342.00,8714.00,260000.00,306.40,293
1777266804882,351.00,8646.00,260000.00,302.10,291
1777266804908,327.00,8658.00,260000.00,306.86,291
1777266804936,338.00,8630.00,260000.00,308.24,293
1777266804981,336.00,8566.00,260000.00,304.86,291
1777266805007,349.00,8540.00,260000.00,306.40,291
1777266805034,329.00,8546.00,260000.00,305.94,293
1777266805085,339.00,8516.00,260000.00,307.16,291
1777266805111,332.00,8500.00,260000.00,301.34,291
1777266805139,331.00,8484.00,260000.00,303.64,293
1777266805169,337.00,8407.00,260000.00,304.86,291
1777266805217,318.00,8380.00,260000.00,307.32,291
1777266805245,318.00,8333.00,260000.00,305.02,293
1777266805274,323.00,8364.00,260000.00,304.40,291
1777266805301,344.00,8338.00,260000.00,309.16,291
1777266805351,323.00,8273.00,260000.00,305.48,293
1777266805378,319.00,8246.00,260000.00,303.02,291
1777266805405,323.00,8260.00,260000.00,305.02,291
1777266805456,338.00,8228.00,260000.00,302.72,293
1777266805483,329.00,8204.00,260000.00,306.70,291
1777266805511,316.00,8184.00,260000.00,305.48,291
1777266805539,324.00,8128.00,260000.00,306.40,293
1777266805566,338.00,8125.00,260000.00,303.94,291
1777266805614,323.00,8045.00,260000.00,302.26,291
1777266805642,346.00,8033.00,260000.00,307.78,293
1777266805670,326.00,8006.00,260000.00,307.62,291
1777266805698,344.00,8040.00,260000.00,304.10,291
1777266805750,338.00,7953.00,260000.00,305.48,293
1777266805777,334.00,7926.00,260000.00,305.32,291
1777266805806,327.00,7938.00,260000.00,308.24,291
1777266805834,334.00,7911.00,260000.00,302.26,293
1777266805860,334.00,7887.00,260000.00,302.10,291
1777266805910,326.00,7855.00,260000.00,304.10,291
1777266805937,338.00,7788.00,260000.00,309.16,293
1777266805965,350.00,7789.00,260000.00,310.38,291
1777266806015,343.00,7740.00,260000.00,305.94,291
1777266806043,327.00,7751.00,260000.00,301.80,293
1777266806072,351.00,7703.00,260000.00,304.86,291
1777266806100,324.00,7680.00,260000.00,304.56,291
1777266806128,343.00,7671.00,260000.00,311.46,293
1777266806180,334.00,7644.00,260000.00,306.24,291
1777266806208,345.00,7677.00,260000.00,307.32,291
1777266806235,330.00,7648.00,260000.00,304.10,293
1777266806262,361.00,7600.00,260000.00,309.46,291
1777266806311,318.00,7500.00,260000.00,299.50,291
1777266806339,330.00,7473.00,260000.00,305.02,293
1777266806367,310.00,7486.00,260000.00,298.88,291
1777266806393,345.00,7464.00,260000.00,309.16,291
1777266806444,331.00,7431.00,260000.00,302.26,293
1777266806471,297.00,7404.00,260000.00,288.76,291
1777266806500,328.00,7385.00,260000.00,309.16,291
1777266806525,339.00,7373.00,260000.00,305.94,293
1777266806576,318.00,7326.00,260000.00,298.42,291
1777266806604,334.00,7260.00,260000.00,304.56,291
1777266806632,340.00,7293.00,260000.00,308.70,293
1777266806658,321.00,7244.00,260000.00,300.72,291
1777266806709,344.00,7173.00,260000.00,307.78,291
1777266806737,326.00,7192.00,260000.00,301.34,293
1777266806764,334.00,7144.00,260000.00,301.18,291
1777266806791,340.00,7160.00,260000.00,309.16,291
1777266806841,321.00,7073.00,260000.00,299.50,293
1777266806873,341.00,7046.00,260000.00,307.62,291
1777266806899,328.00,7053.00,260000.00,304.10,291
1777266806928,363.00,7083.00,260000.00,306.40,293
1777266806954,329.00,7062.00,260000.00,303.02,291
1777266807005,342.00,6922.00,260000.00,307.78,291
1777266807029,336.00,6913.00,260000.00,309.62,293
1777266807057,337.00,6946.00,260000.00,304.40,291
1777266807084,351.00,6899.00,260000.00,310.08,291
1777266807135,338.00,6874.00,260000.00,304.56,293
1777266807164,328.00,6843.00,260000.00,300.72,291
1777266807191,344.00,6840.00,260000.00,307.32,291
1777266807218,330.00,6813.00,260000.00,303.18,293
1777266807269,358.00,6757.00,260000.00,306.70,291
1777266807296,331.00,6737.00,260000.00,306.86,291
1777266807323,326.00,6749.00,260000.00,304.56,293
1777266807352,335.00,6689.00,260000.00,305.78,291
1777266807405,337.00,6620.00,260000.00,306.40,291
1777266807435,317.00,6593.00,260000.00,300.88,293
1777266807463,327.00,6603.00,260000.00,302.10,291
1777266807493,333.00,6540.00,260000.00,304.56,291
1777266807520,353.00,6573.00,260000.00,311.46,293
1777266807550,329.00,6549.00,260000.00,301.18,291
1777266807600,342.00,6450.00,260000.00,311.46,291
1777266807628,339.00,6493.00,260000.00,307.32,293
1777266807655,330.00,6506.00,260000.00,305.78,291
1777266807684,327.00,6500.00,260000.00,304.56,291
1777266807736,333.00,6452.00,260000.00,299.04,293
1777266807764,327.00,6427.00,260000.00,305.78,291
1777266807795,327.00,6362.00,260000.00,303.64,291
1777266807822,334.00,6393.00,260000.00,307.32,293
1777266807850,331.00,6384.00,260000.00,303.02,291
1777266807901,343.00,6340.00,260000.00,312.38,291
1777266807929,326.00,6301.00,260000.00,305.94,293
1777266808021,333.00,6132.00,260000.00,305.78,291
1777266808043,334.00,6175.00,260000.00,309.16,291
1777266808070,345.00,6154.00,260000.00,306.40,293
1777266808093,335.00,6136.00,260000.00,304.40,291
1777266808136,338.00,6096.00,260000.00,306.86,291
1777266808159,345.00,6072.00,260000.00,309.62,293
1777266808205,321.00,6021.00,260000.00,298.88,291
1777266808228,332.00,5987.00,260000.00,305.02,291
1777266808273,328.00,5969.00,260000.00,305.94,293
1777266808296,332.00,5981.00,260000.00,302.10,291
1777266808340,338.00,5931.00,260000.00,304.56,291
1777266808365,324.00,5903.00,260000.00,305.94,293
1777266808409,329.00,5871.00,260000.00,306.24,291
1777266808432,322.00,5858.00,260000.00,305.48,291
1777266808477,339.00,5832.00,260000.00,304.56,293
1777266808500,331.00,5746.00,260000.00,303.94,291
1777266808546,314.00,5761.00,260000.00,304.56,291
1777266808569,351.00,5713.00,260000.00,312.84,293
1777266808593,319.00,5723.00,260000.00,306.24,291
1777266808637,319.00,5673.00,260000.00,305.94,291
1777266808660,340.00,5693.00,260000.00,311.46,293
1777266808705,352.00,5583.00,260000.00,305.78,291
1777266808728,330.00,5558.00,260000.00,304.56,291
1777266808773,350.00,5553.00,260000.00,307.32,293
1777266808796,358.00,5586.00,260000.00,307.16,291
1777266808841,331.00,5500.00,260000.00,304.56,291
1777266808864,327.00,5512.00,260000.00,305.94,293
1777266808909,326.00,5446.00,260000.00,303.48,291
1777266808933,327.00,5452.00,260000.00,303.64,291
1777266808957,339.00,5453.00,260000.00,304.56,293
1777266809005,330.00,5346.00,260000.00,304.86,291
1777266809028,342.00,5340.00,260000.00,304.56,291
1777266809073,331.00,5313.00,260000.00,305.48,293
1777266809097,314.00,5269.00,260000.00,301.64,291
1777266809121,332.00,5290.00,260000.00,307.78,291
1777266809165,332.00,5233.00,260000.00,306.40,293
1777266809189,350.00,5236.00,260000.00,303.94,291
1777266809238,331.00,5168.00,260000.00,303.64,291
1777266809262,316.00,5153.00,260000.00,300.42,293
1777266809306,317.00,5126.00,260000.00,303.48,291
1777266809331,342.00,5079.00,260000.00,309.62,291
1777266809376,340.00,5057.00,260000.00,306.40,293
1777266809400,329.00,5084.00,260000.00,305.78,291
1777266809436,332.00,5057.00,260000.00,305.48,291
1777266809460,350.00,5011.00,260000.00,310.08,293
1777266809506,335.00,4966.00,260000.00,303.02,291
1777266809551,334.00,4964.00,260000.00,310.08,291
1777266809575,322.00,4984.00,260000.00,301.34,293
1777266809620,328.00,4966.00,260000.00,302.10,291
1777266809644,323.00,4970.00,260000.00,303.18,291
1777266809673,329.00,4987.00,260000.00,303.64,293
1777266809697,337.00,4966.00,260000.00,305.32,291
1777266809741,339.00,4966.00,260000.00,309.16,291
1777266809766,332.00,4966.00,260000.00,305.48,293
1777266809816,337.00,4932.00,260000.00,302.10,291
1777266809839,352.00,4954.00,260000.00,307.78,291
1777266809865,332.00,4966.00,260000.00,304.10,293
1777266809910,316.00,4953.00,260000.00,298.88,291
1777266809934,343.00,4971.00,260000.00,306.86,291
1777266809979,342.00,4966.00,260000.00,310.54,293
1777266810004,318.00,4966.00,260000.00,303.02,291
1777266810049,340.00,4957.00,260000.00,311.46,291
1777266810073,346.00,4958.00,260000.00,306.40,293
1777266810099,335.00,4985.00,260000.00,303.02,291
1777266810144,336.00,4958.00,260000.00,308.24,291
1777266810168,337.00,4966.00,260000.00,306.40,293
1777266810214,339.00,4966.00,260000.00,302.10,291
1777266810238,351.00,4987.00,260000.00,309.16,291
1777266810261,340.00,4966.00,260000.00,308.24,293
1777266810307,337.00,4973.00,260000.00,303.48,291
1777266810331,336.00,4966.00,260000.00,302.72,291
1777266810376,348.00,4946.00,260000.00,309.62,293
1777266810400,331.00,4979.00,260000.00,305.32,291
1777266810444,357.00,4966.00,260000.00,310.08,291
1777266810471,329.00,4943.00,260000.00,305.02,293
1777266810497,321.00,4956.00,260000.00,302.10,291
1777266810542,347.00,4966.00,260000.00,310.08,291
1777266810567,346.00,4946.00,260000.00,307.32,293
1777266810617,312.00,4966.00,260000.00,300.26,291
1777266810642,337.00,4966.00,260000.00,311.46,291
1777266810667,333.00,4966.00,260000.00,307.32,293
1777266810713,348.00,4953.00,260000.00,304.40,291
1777266810739,340.00,4966.00,260000.00,305.02,291
1777266810767,332.00,4946.00,260000.00,305.02,293
1777266810812,327.00,4955.00,260000.00,304.40,291
1777266810837,313.00,4972.00,260000.00,306.40,291
1777266810862,338.00,4957.00,260000.00,307.32,293
1777266810909,334.00,4955.00,260000.00,305.78,291
1777266810934,335.00,4987.00,260000.00,304.56,291
1777266810959,326.00,4989.00,260000.00,299.96,293
1777266811005,339.00,4955.00,260000.00,305.78,291
1777266811030,351.00,4966.00,260000.00,310.08,291
1777266811076,345.00,4946.00,260000.00,308.70,293
1777266811103,337.00,4986.00,260000.00,303.48,291
1777266811129,338.00,4966.00,260000.00,305.02,291
1777266811175,333.00,4966.00,260000.00,305.48,293
1777266811201,329.00,4966.00,260000.00,304.40,291
1777266811226,324.00,4950.00,260000.00,303.64,291
1777266811272,329.00,4977.00,260000.00,305.48,293
1777266811297,321.00,4966.00,260000.00,304.40,291
1777266811344,332.00,4965.00,260000.00,304.56,291
1777266811369,326.00,4967.00,260000.00,309.16,293
1777266811394,335.00,4982.00,260000.00,303.02,291
1777266811440,332.00,4966.00,260000.00,308.24,291
1777266811466,320.00,4948.00,260000.00,305.48,293
1777266811492,328.00,4981.00,260000.00,301.18,291
1777266811538,337.00,4933.00,260000.00,305.48,291
1777266811563,335.00,4966.00,260000.00,306.40,293
1777266811611,342.00,4945.00,260000.00,306.24,291
1777266811636,342.00,4966.00,260000.00,307.32,291
1777266811662,312.00,4983.00,260000.00,300.88,293
1777266811709,311.00,4969.00,260000.00,297.50,291
1777266811735,331.00,4966.00,260000.00,301.80,291
1777266811760,324.00,4957.00,260000.00,304.56,293
1777266811807,323.00,4933.00,260000.00,298.88,291
1777266811833,332.00,4966.00,260000.00,302.72,291
1777266811879,325.00,4956.00,260000.00,302.26,293
1777266811904,333.00,4969.00,260000.00,301.64,291
1777266811930,330.00,4966.00,260000.00,310.54,291
1777266811976,335.00,4939.00,260000.00,302.72,293
1777266812004,326.00,4984.00,260000.00,303.02,291
1777266812029,335.00,4949.00,260000.00,307.32,291
1777266812076,336.00,4954.00,260000.00,308.70,293
1777266812101,323.00,4956.00,260000.00,299.80,291
1777266812127,345.00,4954.00,260000.00,308.24,291
1777266812174,335.00,4936.00,260000.00,304.56,293
1777266812200,343.00,4933.00,260000.00,308.54,291
1777266812226,330.00,4923.00,260000.00,305.02,291
1777266812275,334.00,4969.00,260000.00,304.10,293
1777266812301,347.00,4946.00,260000.00,304.86,291
1777266812326,320.00,4977.00,260000.00,303.18,291
1777266812372,334.00,4914.00,260000.00,305.48,293
1777266812397,331.00,4950.00,260000.00,306.70,291
1777266812445,337.00,4933.00,260000.00,308.24,291
1777266812471,340.00,4954.00,260000.00,304.56,293
1777266812497,337.00,4966.00,260000.00,303.02,291
1777266812544,328.00,4966.00,260000.00,303.64,291
1777266812571,327.00,4956.00,260000.00,305.02,293
1777266812597,332.00,4975.00,260000.00,304.86,291
1777266812644,323.00,4955.00,260000.00,306.86,291
1777266812670,324.00,4933.00,260000.00,304.10,293
1777266812696,333.00,4934.00,260000.00,305.32,291
1777266812748,321.00,4951.00,260000.00,303.18,291
1777266812773,337.00,4942.00,260000.00,303.64,293
1777266812799,334.00,4966.00,260000.00,303.94,291
1777266812846,326.00,4955.00,260000.00,307.32,291
1777266812872,335.00,4935.00,260000.00,305.48,293
1777266812901,332.00,4966.00,260000.00,303.48,291
1777266812930,320.00,4946.00,260000.00,299.96,291
1777266812976,339.00,4987.00,260000.00,310.08,293
1777266813155,327.00,4855.00,260000.00,306.24,291
1777266813179,688.00,4853.00,260000.00,613.72,584
1777266813225,318.00,4902.00,260000.00,301.18,291
1777266813247,340.00,4914.00,260000.00,306.86,291
1777266813291,332.00,4887.00,260000.00,305.94,293
1777266813314,324.00,4921.00,260000.00,303.94,291
1777266813358,339.00,4887.00,260000.00,308.24,291
1777266813381,331.00,4867.00,260000.00,301.34,293
1777266813427,315.00,4866.00,260000.00,299.80,291
1777266813449,359.00,4849.00,260000.00,306.86,291
1777266813473,315.00,4881.00,260000.00,304.56,293
1777266813517,335.00,4887.00,260000.00,303.02,291
1777266813540,337.00,4879.00,260000.00,310.54,291
1777266813584,332.00,4866.00,260000.00,304.56,293
1777266813607,338.00,4868.00,260000.00,304.40,291
1777266813651,321.00,4851.00,260000.00,306.40,291
1777266813675,329.00,4872.00,260000.00,304.56,293
1777266813719,337.00,4888.00,260000.00,302.56,291
1777266813742,337.00,4909.00,260000.00,307.32,291
1777266813787,333.00,4866.00,260000.00,305.02,293
1777266813811,333.00,4846.00,260000.00,307.62,291
1777266813855,342.00,4866.00,260000.00,308.24,291
1777266813879,347.00,4887.00,260000.00,306.40,293
1777266813903,330.00,4881.00,260000.00,298.42,291
1777266813947,353.00,4866.00,260000.00,305.94,291
1777266813971,326.00,4878.00,260000.00,298.58,293
1777266814015,339.00,4866.00,260000.00,304.40,291
1777266814040,328.00,4866.00,260000.00,305.48,291
1777266814086,342.00,4887.00,260000.00,309.16,293
1777266814110,337.00,4866.00,260000.00,303.02,291
1777266814155,324.00,4866.00,260000.00,307.78,291
1777266814178,345.00,4900.00,260000.00,302.72,293
1777266814202,330.00,4890.00,260000.00,305.32,291
1777266814248,328.00,4866.00,260000.00,306.86,291
1777266814273,327.00,4866.00,260000.00,302.26,293
1777266814318,338.00,4876.00,260000.00,307.16,291
1777266814342,309.00,4889.00,260000.00,300.88,291
1777266814366,344.00,4922.00,260000.00,308.70,293
1777266814410,322.00,4853.00,260000.00,302.10,291
1777266814434,344.00,4885.00,260000.00,305.48,291
1777266814479,335.00,4889.00,260000.00,308.70,293
1777266814502,339.00,4900.00,260000.00,304.40,291
1777266814546,326.00,4900.00,260000.00,305.48,291
1777266814570,330.00,4900.00,260000.00,305.48,293
1777266814614,325.00,4900.00,260000.00,304.40,291
1777266814638,325.00,4920.00,260000.00,305.02,291
1777266814682,317.00,4856.00,260000.00,301.34,293
1777266814706,327.00,4874.00,260000.00,304.86,291
1777266814730,321.00,4900.00,260000.00,304.10,291
1777266814774,338.00,4900.00,260000.00,307.32,293
1777266814798,323.00,4901.00,260000.00,300.26,291
1777266814842,341.00,4898.00,260000.00,306.40,291
1777266814866,341.00,4900.00,260000.00,310.08,293
1777266814911,325.00,4885.00,260000.00,303.94,291
1777266814935,337.00,4918.00,260000.00,306.40,291
1777266814979,338.00,4900.00,260000.00,302.72,293
1777266815003,337.00,4882.00,260000.00,302.10,291
1777266815048,327.00,4900.00,260000.00,305.02,291
1777266815072,346.00,4933.00,260000.00,305.48,293
1777266815096,342.00,4887.00,260000.00,302.56,291
1777266815142,322.00,4900.00,260000.00,303.64,291
1777266815166,323.00,4879.00,260000.00,305.02,293
1777266815211,323.00,4912.00,260000.00,303.94,291
1777266815235,363.00,4903.00,260000.00,310.08,291
1777266815280,348.00,4900.00,260000.00,309.62,293
1777266815305,350.00,4901.00,260000.00,309.92,291
1777266815330,331.00,4878.00,260000.00,302.26,291
1777266815375,334.00,4919.00,260000.00,307.78,293
1777266815401,334.00,4887.00,260000.00,303.94,291
1777266815446,341.00,4900.00,260000.00,304.56,291
1777266815470,336.00,4923.00,260000.00,303.18,293
1777266815518,330.00,4847.00,260000.00,301.64,291
1777266815543,331.00,4900.00,260000.00,306.40,291
1777266815568,338.00,4919.00,260000.00,306.86,293
1777266815616,353.00,4900.00,260000.00,311.76,291
1777266815640,350.00,4877.00,260000.00,308.24,291
1777266815665,319.00,4900.00,260000.00,301.80,293
1777266815711,344.00,4900.00,260000.00,305.32,291
1777266815735,325.00,4880.00,260000.00,305.02,291
1777266815781,346.00,4866.00,260000.00,308.70,293
1777266815810,338.00,4900.00,260000.00,304.40,291
1777266815835,326.00,4900.00,260000.00,303.18,291
1777266815859,326.00,4921.00,260000.00,305.48,293
1777266815905,329.00,4900.00,260000.00,303.48,291
1777266815930,333.00,4900.00,260000.00,307.32,291
1777266815977,330.00,4900.00,260000.00,304.10,293
1777266816001,335.00,4902.00,260000.00,304.86,291
1777266816027,323.00,4880.00,260000.00,305.48,291
1777266816071,327.00,4923.00,260000.00,304.10,293
1777266816095,336.00,4900.00,260000.00,306.24,291
1777266816139,341.00,4865.00,260000.00,310.54,291
1777266816163,336.00,4891.00,260000.00,306.40,293
1777266816207,324.00,4888.00,260000.00,304.40,291
1777266816230,330.00,4871.00,260000.00,305.02,291
1777266816274,337.00,4900.00,260000.00,304.56,293
1777266816297,329.00,4900.00,260000.00,303.48,291
1777266816342,319.00,4900.00,260000.00,305.48,291
1777266816365,335.00,4920.00,260000.00,305.02,293
1777266816409,326.00,4887.00,260000.00,308.54,291
1777266816432,330.00,4900.00,260000.00,301.34,291
1777266816455,322.00,4922.00,260000.00,305.94,293
1777266816501,319.00,4873.00,260000.00,305.32,291
1777266816527,342.00,4901.00,260000.00,307.78,291
1777266816574,335.00,4888.00,260000.00,302.26,293
1777266816599,338.00,4900.00,260000.00,305.32,291
1777266816625,342.00,4900.00,260000.00,308.24,291
1777266816672,346.00,4885.00,260000.00,303.64,293
1777266816696,338.00,4903.00,260000.00,308.54,291
1777266816742,337.00,4900.00,260000.00,305.94,291
1777266816766,336.00,4928.00,260000.00,303.64,293
1777266816791,317.00,4900.00,260000.00,304.40,291
1777266816838,344.00,4900.00,260000.00,311.00,291
1777266816863,347.00,4900.00,260000.00,305.48,293
1777266816889,336.00,4919.00,260000.00,305.78,291
1777266816936,336.00,4900.00,260000.00,305.94,291
1777266817104,348.00,4753.00,260000.00,305.94,293
1777266817127,317.00,4779.00,260000.00,303.94,291
1777266817150,330.00,4766.00,260000.00,303.64,291
1777266817172,325.00,4800.00,260000.00,305.02,293
1777266817216,336.00,4800.00,260000.00,305.78,291
1777266817239,339.00,4776.00,260000.00,308.24,291
1777266817282,351.00,4787.00,260000.00,312.38,293
1777266817305,332.00,4769.00,260000.00,305.78,291
1777266817348,334.00,4786.00,260000.00,306.40,291
1777266817371,340.00,4800.00,260000.00,306.86,293
1777266817415,343.00,4766.00,260000.00,304.86,291
1777266817438,323.00,4780.00,260000.00,304.10,291
1777266817484,335.00,4766.00,260000.00,307.32,293
1777266817507,328.00,4766.00,260000.00,299.34,291
1777266817550,336.00,4786.00,260000.00,305.48,291
1777266817573,320.00,4795.00,260000.00,301.34,293
1777266817617,317.00,4766.00,260000.00,302.10,291
1777266817640,341.00,4781.00,260000.00,306.86,291
1777266817684,339.00,4787.00,260000.00,309.62,293
1777266817707,356.00,4744.00,260000.00,306.70,291
1777266817751,350.00,4782.00,260000.00,309.62,291
1777266817775,322.00,4800.00,260000.00,304.10,293
1777266817819,337.00,4766.00,260000.00,302.56,291
1777266817842,318.00,4779.00,260000.00,301.34,291
1777266817887,334.00,4766.00,260000.00,304.10,293
1777266817910,350.00,4787.00,260000.00,304.86,291
1777266817934,344.00,4785.00,260000.00,308.24,291
1777266817979,343.00,4799.00,260000.00,305.94,293
1777266818003,326.00,4782.00,260000.00,302.56,291
1777266818048,317.00,4833.00,260000.00,301.34,291
1777266818071,338.00,4851.00,260000.00,305.48,293
1777266818119,343.00,4900.00,260000.00,305.78,291
1777266818143,311.00,4933.00,260000.00,302.72,291
1777266818167,336.00,4955.00,260000.00,302.72,293
1777266818212,333.00,4900.00,260000.00,303.02,291
1777266818235,349.00,4900.00,260000.00,307.32,291
1777266818280,334.00,4890.00,260000.00,308.70,293
1777266818304,344.00,4881.00,260000.00,306.24,291
1777266818350,331.00,4890.00,260000.00,306.40,291
1777266818374,335.00,4922.00,260000.00,304.56,293
1777266818398,355.00,4919.00,260000.00,309.00,291
1777266818443,336.00,4919.00,260000.00,307.78,291
1777266818467,329.00,4921.00,260000.00,305.94,293
1777266818512,338.00,4900.00,260000.00,305.32,291
1777266818536,339.00,4899.00,260000.00,308.70,291
1777266818581,320.00,4900.00,260000.00,299.96,293
1777266818605,335.00,4920.00,260000.00,304.86,291
1777266818628,346.00,4934.00,260000.00,308.70,291
1777266818674,341.00,4921.00,260000.00,305.94,293
1777266818699,313.00,4900.00,260000.00,299.34,291
1777266818745,315.00,4900.00,260000.00,300.88,291
1777266818770,344.00,4900.00,260000.00,309.62,293
1777266818794,310.00,4920.00,260000.00,303.02,291
1777266818842,329.00,4879.00,260000.00,304.56,291
1777266818867,324.00,4900.00,260000.00,302.72,293
1777266818892,321.00,4921.00,260000.00,303.94,291
1777266818938,339.00,4895.00,260000.00,305.94,291
1777266818962,334.00,4906.00,260000.00,305.94,293
1777266819008,341.00,4900.00,260000.00,305.78,291
1777266819033,356.00,4900.00,260000.00,306.86,291
1777266819079,327.00,4900.00,260000.00,306.40,293
1777266819103,337.00,4922.00,260000.00,303.02,291
1777266819129,342.00,4920.00,260000.00,310.54,291
1777266819175,336.00,4900.00,260000.00,305.02,293
1777266819201,342.00,4925.00,260000.00,306.24,291
1777266819227,322.00,4878.00,260000.00,306.86,291
1777266819274,327.00,4900.00,260000.00,300.88,293
1777266819299,326.00,4919.00,260000.00,304.40,291
1777266819322,346.00,4892.00,260000.00,307.78,291
1777266819366,318.00,4900.00,260000.00,307.32,293
1777266819391,332.00,4901.00,260000.00,300.26,291
1777266819437,353.00,4905.00,260000.00,312.84,291
1777266819462,318.00,4900.00,260000.00,301.34,293
1777266819486,319.00,4889.00,260000.00,302.10,291
1777266819533,317.00,4900.00,260000.00,301.80,291
1777266819558,336.00,4900.00,260000.00,305.94,293
1777266819605,331.00,4900.00,260000.00,303.94,291
1777266819630,330.00,4881.00,260000.00,304.10,291
1777266819653,317.00,4901.00,260000.00,300.88,293
1777266819699,311.00,4919.00,260000.00,303.48,291
1777266819724,345.00,4900.00,260000.00,302.72,291
1777266819770,342.00,4900.00,260000.00,309.16,293
1777266819797,310.00,4921.00,260000.00,300.72,291
1777266819823,321.00,4899.00,260000.00,302.72,291
1777266819869,331.00,4900.00,260000.00,304.10,293
1777266819895,340.00,4923.00,260000.00,306.24,291
1777266819920,363.00,4880.00,260000.00,309.62,291
1777266819966,340.00,4900.00,260000.00,304.56,293
1777266819991,321.00,4919.00,260000.00,301.64,291
1777266820016,337.00,4900.00,260000.00,307.32,291
1777266820063,331.00,4900.00,260000.00,307.32,293
1777266820088,337.00,4921.00,260000.00,305.32,291
1777266820135,345.00,4900.00,260000.00,306.40,291
1777266820160,343.00,4920.00,260000.00,308.24,293
1777266820185,346.00,4918.00,260000.00,305.32,291
1777266820233,356.00,4900.00,260000.00,304.10,291
1777266820258,336.00,4900.00,260000.00,308.70,293
1777266820283,316.00,4915.00,260000.00,305.78,291
1777266820330,332.00,4923.00,260000.00,306.40,291
1777266820356,327.00,4878.00,260000.00,306.40,293
1777266820381,327.00,4922.00,260000.00,298.42,291
1777266820427,339.00,4881.00,260000.00,312.84,291
1777266820453,318.00,4900.00,260000.00,301.80,293
1777266820477,345.00,4901.00,260000.00,307.62,291
1777266820632,327.00,4801.00,260000.00,310.08,291
1777266820668,350.00,4732.00,260000.00,307.32,293
1777266820693,347.00,4800.00,260000.00,307.16,291
1777266820717,339.00,4821.00,260000.00,309.16,291
1777266820761,332.00,4800.00,260000.00,306.86,293
1777266820787,342.00,4778.00,260000.00,303.48,291
1777266820813,314.00,4790.00,260000.00,304.56,291
1777266820857,350.00,4781.00,260000.00,307.32,293
1777266820879,329.00,4799.00,260000.00,303.94,291
1777266820923,327.00,4791.00,260000.00,306.86,291
1777266820946,320.00,4780.00,260000.00,303.64,293
1777266820991,324.00,4820.00,260000.00,300.26,291
1777266821014,323.00,4821.00,260000.00,303.64,291
1777266821057,327.00,4800.00,260000.00,304.56,293
1777266821080,323.00,4800.00,260000.00,301.64,291
1777266821125,357.00,4822.00,260000.00,311.46,291
1777266821148,332.00,4845.00,260000.00,308.70,293
1777266821194,330.00,4800.00,260000.00,301.64,291
1777266821218,339.00,4804.00,260000.00,309.62,291
1777266821242,340.00,4784.00,260000.00,307.32,293
1777266821286,330.00,4800.00,260000.00,303.48,291
1777266821310,340.00,4820.00,260000.00,308.70,291
1777266821355,317.00,4800.00,260000.00,301.34,293
1777266821404,335.00,4800.00,260000.00,306.24,291
1777266821426,324.00,4800.00,260000.00,303.64,291
1777266821449,326.00,4800.00,260000.00,305.94,293
1777266821494,331.00,4821.00,260000.00,301.64,291
1777266821517,334.00,4780.00,260000.00,305.94,291
1777266821562,302.00,4800.00,260000.00,298.58,293
1777266821587,325.00,4800.00,260000.00,304.40,291
1777266821611,328.00,4800.00,260000.00,305.94,291
1777266821656,326.00,4780.00,260000.00,302.72,293
1777266821678,319.00,4780.00,260000.00,297.50,291
1777266821723,328.00,4800.00,260000.00,301.34,291
1777266821747,329.00,4800.00,260000.00,307.78,293
1777266821794,342.00,4800.00,260000.00,303.48,291
1777266821819,327.00,4780.00,260000.00,303.64,291
1777266821843,322.00,4816.00,260000.00,304.56,293
1777266821888,349.00,4800.00,260000.00,305.32,291
1777266821912,350.00,4819.00,260000.00,307.32,291
1777266821957,323.00,4800.00,260000.00,305.48,293
1777266821981,323.00,4833.00,260000.00,302.56,291
1777266822005,333.00,4866.00,260000.00,304.10,291
1777266822051,323.00,4879.00,260000.00,302.26,293
1777266822077,317.00,4933.00,260000.00,303.02,291
1777266822122,326.00,4933.00,260000.00,301.80,291
1777266822147,340.00,4933.00,260000.00,307.78,293
1777266822171,334.00,4913.00,260000.00,303.02,291
1777266822216,342.00,4933.00,260000.00,310.54,291
1777266822240,329.00,4933.00,260000.00,303.64,293
1777266822285,312.00,4917.00,260000.00,299.34,291
1777266822310,324.00,4914.00,260000.00,295.82,291
1777266822356,341.00,4921.00,260000.00,306.86,293
1777266822380,315.00,4921.00,260000.00,300.72,291
1777266823024,353.00,4320.00,260000.00,309.16,291
1777266823048,332.00,4333.00,260000.00,188.50,0
1777266823094,329.00,4321.00,260000.00,187.50,0
1777266823118,315.00,4331.00,260000.00,189.50,0
1777266823142,333.00,4332.00,260000.00,188.50,0
1777266823187,352.00,4319.00,260000.00,328.78,291
1777266823210,317.00,4301.00,260000.00,189.50,0
1777266823256,339.00,4321.00,260000.00,188.50,0
1777266823280,326.00,4353.00,260000.00,187.50,0
1777266823325,337.00,4322.00,260000.00,330.32,291
1777266823349,344.00,4319.00,260000.00,188.50,0
1777266823394,344.00,4300.00,260000.00,187.50,0
1777266823418,335.00,4323.00,260000.00,189.50,0
1777266823443,323.00,4331.00,260000.00,330.32,293
1777266823488,322.00,4300.00,260000.00,329.24,291
1777266823514,341.00,4333.00,260000.00,330.32,291
1777266823559,324.00,4279.00,260000.00,329.40,293
1777266823583,333.00,4309.00,260000.00,328.78,291
1777266823608,339.00,4333.00,260000.00,328.94,291
1777266823655,335.00,4300.00,260000.00,329.86,293
1777266823680,336.00,4273.00,260000.00,329.70,291
1777266823726,339.00,4300.00,260000.00,332.16,291
1777266823751,342.00,4300.00,260000.00,331.70,293
1777266823775,319.00,4300.00,260000.00,328.32,291
1777266823821,332.00,4320.00,260000.00,330.32,291
1777266823846,324.00,4332.00,260000.00,328.94,293
1777266823871,322.00,4300.00,260000.00,326.94,291
1777266823917,363.00,4321.00,260000.00,330.78,291
1777266823942,332.00,4333.00,260000.00,330.78,293
1777266823989,333.00,4300.00,260000.00,326.94,291
1777266824013,336.00,4307.00,260000.00,328.94,291
1777266824038,339.00,4290.00,260000.00,329.86,293
1777266824085,313.00,4311.00,260000.00,325.56,291
1777266824110,324.00,4323.00,260000.00,330.78,291
1777266824135,344.00,4333.00,260000.00,330.78,293
1777266824182,339.00,4268.00,260000.00,325.56,291
1777266824208,355.00,4322.00,260000.00,331.70,291
1777266824254,347.00,4300.00,260000.00,328.94,293
1777266824279,308.00,4292.00,260000.00,326.02,291
1777266824385,341.00,4224.00,260000.00,330.78,291
1777266824407,345.00,4252.00,260000.00,330.78,293
1777266824428,311.00,4266.00,260000.00,326.48,291
1777266824552,324.00,4252.00,260000.00,330.32,291
1777266824575,333.00,4137.00,260000.00,329.86,293
1777266824598,333.00,4200.00,260000.00,326.02,291
1777266824642,313.00,4187.00,260000.00,329.86,291
1777266824665,328.00,4185.00,260000.00,329.40,293
1777266824709,326.00,4166.00,260000.00,328.78,291
1777266824732,321.00,4186.00,260000.00,329.86,291
1777266824776,340.00,4166.00,260000.00,329.86,293
1777266824799,336.00,4200.00,260000.00,328.78,291
1777266824843,325.00,4186.00,260000.00,328.48,291
1777266824867,351.00,4200.00,260000.00,330.32,293
1777266824911,317.00,4161.00,260000.00,327.40,291
1777266824935,338.00,4159.00,260000.00,331.70,291
1777266824979,339.00,4166.00,260000.00,330.32,293
1777266825002,360.00,4158.00,260000.00,329.24,291
1777266825026,329.00,4156.00,260000.00,329.40,291
1777266825070,342.00,4135.00,260000.00,330.32,293
1777266825093,320.00,4156.00,260000.00,325.56,291
1777266825138,323.00,4191.00,260000.00,330.78,291
1777266825161,333.00,4200.00,260000.00,331.70,293
1777266825206,328.00,4166.00,260000.00,325.56,291
1777266825230,326.00,4170.00,260000.00,329.40,291
1777266825278,351.00,4189.00,260000.00,330.78,293
1777266825302,330.00,4137.00,260000.00,328.32,291
1777266825326,343.00,4168.00,260000.00,329.40,291
1777266825371,332.00,4166.00,260000.00,331.24,293
1777266825395,328.00,4200.00,260000.00,327.86,291
1777266825440,339.00,4185.00,260000.00,329.86,291
1777266825464,333.00,4186.00,260000.00,332.16,293
1777266825509,342.00,4189.00,260000.00,328.32,291
1777266825533,306.00,4191.00,260000.00,329.86,291
1777266825558,335.00,4256.00,260000.00,330.78,293
1777266825603,323.00,4289.00,260000.00,326.94,291
1777266825627,332.00,4295.00,260000.00,327.56,291
1777266825673,324.00,4345.00,260000.00,330.78,293
1777266825697,334.00,4298.00,260000.00,327.86,291
1777266825721,340.00,4271.00,260000.00,329.40,291
1777266825766,327.00,4288.00,260000.00,330.78,293
1777266825791,317.00,4296.00,260000.00,326.48,291
1777266825836,336.00,4287.00,260000.00,328.02,291
1777266825861,319.00,4297.00,260000.00,329.86,293
1777266825910,315.00,4278.00,260000.00,326.94,291
1777266825934,324.00,4259.00,260000.00,329.40,291
1777266825959,324.00,4266.00,260000.00,330.32,293
1777266826004,334.00,4235.00,260000.00,329.24,291
1777266826029,338.00,4276.00,260000.00,328.02,291
1777266826053,348.00,4271.00,260000.00,331.24,293
1777266826099,334.00,4276.00,260000.00,329.24,291
1777266826124,329.00,4268.00,260000.00,331.24,291
1777266826169,322.00,4289.00,260000.00,330.78,293
1777266826194,325.00,4300.00,260000.00,330.16,291
1777266826218,341.00,4320.00,260000.00,330.32,291
1777266826265,321.00,4281.00,260000.00,329.86,293
1777266826289,322.00,4271.00,260000.00,328.32,291
1777266826335,314.00,4276.00,260000.00,330.78,291
1777266826360,329.00,4286.00,260000.00,329.40,293
1777266826385,329.00,4300.00,260000.00,326.48,291
1777266826431,341.00,4287.00,260000.00,328.94,291
1777266826455,328.00,4256.00,260000.00,330.78,293
1777266826501,313.00,4286.00,260000.00,328.32,291
1777266826525,334.00,4266.00,260000.00,328.94,291
1777266826552,330.00,4269.00,260000.00,330.78,293
1777266826598,345.00,4266.00,260000.00,328.78,291
1777266826623,327.00,4300.00,260000.00,332.16,291
1777266826669,330.00,4286.00,260000.00,330.78,293
1777266826697,340.00,4287.00,260000.00,328.32,291
1777266826721,336.00,4268.00,260000.00,330.78,291
1777266826767,352.00,4288.00,260000.00,330.78,293
1777266826793,309.00,4300.00,260000.00,327.86,291
1777266826817,335.00,4289.00,260000.00,329.40,291
1777266826864,336.00,4266.00,260000.00,330.78,293
1777266826890,334.00,4300.00,260000.00,326.02,291
1777266826914,326.00,4273.00,260000.00,330.78,291
1777266826961,310.00,4300.00,260000.00,329.86,293
1777266826986,313.00,4255.00,260000.00,326.48,291
1777266827032,330.00,4287.00,260000.00,329.86,291
1777266827058,351.00,4268.00,260000.00,331.24,293
1777266827083,334.00,4266.00,260000.00,326.94,291
1777266827129,337.00,4246.00,260000.00,328.94,291
1777266827155,339.00,4288.00,260000.00,330.78,293
1777266827184,340.00,4287.00,260000.00,329.24,291
1777266827209,321.00,4273.00,260000.00,330.78,291
1777266827256,326.00,4300.00,260000.00,331.24,293
1777266827282,341.00,4320.00,260000.00,329.24,291
1777266827328,341.00,4266.00,260000.00,331.70,291
1777266827354,338.00,4300.00,260000.00,330.32,293
1777266827379,315.00,4268.00,260000.00,326.94,291
1777266827425,333.00,4269.00,260000.00,330.78,291
1777266827450,342.00,4333.00,260000.00,330.78,293
1777266827475,329.00,4366.00,260000.00,327.86,291
1777266827521,341.00,4383.00,260000.00,331.70,291
1777266827546,331.00,4433.00,260000.00,330.32,293
1777266827592,337.00,4466.00,260000.00,327.40,291
1777266827618,342.00,4474.00,260000.00,330.78,291
1777266827642,343.00,4533.00,260000.00,331.24,293
1777266827689,342.00,4566.00,260000.00,327.86,291
1777266827714,347.00,4600.00,260000.00,330.32,291
1777266827739,335.00,4633.00,260000.00,328.02,293
1777266827785,333.00,4636.00,260000.00,329.24,291
1777266827811,325.00,4700.00,260000.00,327.56,291
1777266827858,338.00,4733.00,260000.00,331.24,293
1777266827883,320.00,4740.00,260000.00,326.02,291
1777266827908,339.00,4775.00,260000.00,330.78,291
1777266827955,328.00,4833.00,260000.00,329.86,293
1777266827979,338.00,4866.00,260000.00,328.32,291
1777266828004,320.00,4868.00,260000.00,330.32,291
1777266828051,331.00,4900.00,260000.00,328.48,293
1777266828076,332.00,4900.00,260000.00,327.86,291
1777266828123,329.00,4883.00,260000.00,330.32,291
1777266828147,338.00,4868.00,260000.00,328.94,293
1777266828172,339.00,4900.00,260000.00,328.78,291
1777266828218,320.00,4900.00,260000.00,328.94,291
1777266828242,345.00,4870.00,260000.00,331.24,293
1777266828289,325.00,4866.00,260000.00,326.94,291
1777266828315,327.00,4900.00,260000.00,329.40,291
1777266828340,334.00,4900.00,260000.00,328.48,293
1777266828387,332.00,4900.00,260000.00,328.78,291
1777266828412,320.00,4900.00,260000.00,329.86,291
1777266828437,350.00,4875.00,260000.00,329.86,293
1777266828484,326.00,4900.00,260000.00,329.24,291
1777266828509,329.00,4873.00,260000.00,329.40,291
1777266828555,361.00,4931.00,260000.00,331.24,293
1777266828581,323.00,4931.00,260000.00,327.40,291
1777266828605,333.00,4900.00,260000.00,329.40,291
1777266828651,342.00,4900.00,260000.00,331.24,293
1777266828684,329.00,4918.00,260000.00,329.70,291
1777266828711,326.00,4873.00,260000.00,328.48,291
1777266828738,331.00,4900.00,260000.00,329.86,293
1777266828790,330.00,4898.00,260000.00,328.78,291
1777266828816,336.00,4900.00,260000.00,330.32,291
1777266828843,354.00,4900.00,260000.00,330.32,293
1777266828870,326.00,4905.00,260000.00,327.86,291
1777266828917,348.00,4900.00,260000.00,330.32,291
1777266828944,312.00,4900.00,260000.00,329.40,293
1777266828970,322.00,4868.00,260000.00,326.94,291
1777266829018,329.00,4900.00,260000.00,329.40,291
1777266829045,329.00,4929.00,260000.00,329.86,293
1777266829071,351.00,4868.00,260000.00,328.32,291
1777266829118,351.00,4866.00,260000.00,330.32,291
1777266829143,331.00,4900.00,260000.00,329.86,293
1777266829168,326.00,4900.00,260000.00,326.94,291
1777266829217,326.00,4866.00,260000.00,330.32,291
1777266829242,324.00,4900.00,260000.00,332.62,293
1777266829268,311.00,4931.00,260000.00,328.32,291
1777266829316,338.00,4930.00,260000.00,328.94,291
1777266829342,346.00,4964.00,260000.00,330.32,293
1777266829372,332.00,4997.00,260000.00,327.86,291
1777266829399,322.00,4935.00,260000.00,328.94,291
1777266829447,337.00,4933.00,260000.00,329.86,293
1777266829475,335.00,4953.00,260000.00,326.94,291
1777266829504,336.00,4969.00,260000.00,328.94,291
1777266829530,346.00,5033.00,260000.00,331.70,293
1777266829630,353.00,4966.00,260000.00,328.32,291
1777266829652,317.00,4966.00,260000.00,328.94,291
1777266829696,328.00,4966.00,260000.00,329.40,293
1777266829719,330.00,4966.00,260000.00,329.70,291
1777266829763,345.00,4966.00,260000.00,330.78,291
1777266829786,325.00,4966.00,260000.00,329.40,293
1777266829829,329.00,4966.00,260000.00,329.70,291
1777266829852,318.00,4938.00,260000.00,331.24,291
1777266829896,328.00,4998.00,260000.00,331.24,293
1777266829919,338.00,4971.00,260000.00,329.24,291
1777266829963,346.00,4966.00,260000.00,331.24,291
1777266829986,340.00,4998.00,260000.00,331.24,293
1777266830030,340.00,4966.00,260000.00,327.86,291
1777266830053,330.00,4998.00,260000.00,328.48,291
1777266830097,326.00,4995.00,260000.00,329.86,293
1777266830120,334.00,4935.00,260000.00,328.32,291
1777266830166,343.00,4950.00,260000.00,330.78,291
1777266830189,347.00,4938.00,260000.00,329.86,293
1777266830234,319.00,4964.00,260000.00,328.78,291
1777266830257,317.00,4981.00,260000.00,328.48,291
1777266830301,336.00,4997.00,260000.00,330.78,293
1777266830324,326.00,4998.00,260000.00,327.40,291
1777266830369,341.00,4944.00,260000.00,328.94,291
1777266830394,346.00,4942.00,260000.00,328.02,293
1777266830417,336.00,4975.00,260000.00,330.16,291
1777266830460,338.00,4966.00,260000.00,331.24,291
1777266830482,347.00,4966.00,260000.00,331.70,293
1777266830524,331.00,4998.00,260000.00,329.24,291
1777266830546,329.00,4934.00,260000.00,328.94,291
1777266830591,340.00,4966.00,260000.00,330.78,293
1777266830615,333.00,4997.00,260000.00,328.78,291
1777266830659,326.00,4949.00,260000.00,331.70,291
1777266830683,335.00,4938.00,260000.00,331.24,293
1777266830728,317.00,4914.00,260000.00,328.78,291
1777266830753,335.00,4966.00,260000.00,330.32,291
1777266830798,318.00,4956.00,260000.00,328.02,293
1777266830823,324.00,4966.00,260000.00,327.86,291
1777266830868,326.00,4964.00,260000.00,329.86,291
1777266830892,325.00,4966.00,260000.00,330.32,293
1777266830916,345.00,4966.00,260000.00,328.32,291
1777266830961,342.00,4966.00,260000.00,330.78,291
1777266830985,334.00,4998.00,260000.00,329.40,293
1777266831030,321.00,4977.00,260000.00,327.86,291
1777266831054,344.00,4969.00,260000.00,331.70,291
1777266831100,324.00,4966.00,260000.00,329.86,293
1777266831124,349.00,4998.00,260000.00,330.62,291
1777266831171,341.00,4966.00,260000.00,331.24,291
1777266831194,343.00,4938.00,260000.00,331.24,293
1777266831219,330.00,4966.00,260000.00,327.86,291
1777266831264,315.00,4948.00,260000.00,328.94,291
1777266831290,335.00,4963.00,260000.00,329.40,293
1777266831315,332.00,4993.00,260000.00,327.40,291
1777266831360,343.00,4966.00,260000.00,331.70,291
1777266831385,328.00,4937.00,260000.00,329.86,293
1777266831430,337.00,4966.00,260000.00,328.32,291
1777266831454,322.00,4997.00,260000.00,329.86,291
1777266831478,315.00,4966.00,260000.00,331.24,293
1777266831523,345.00,4966.00,260000.00,328.32,291
1777266831547,339.00,4997.00,260000.00,330.78,291
1777266831597,339.00,4934.00,260000.00,329.40,293
1777266831622,340.00,4966.00,260000.00,327.40,291
1777266831646,356.00,4999.00,260000.00,331.70,291
1777266831691,349.00,4947.00,260000.00,330.78,293
1777266831716,346.00,4973.00,260000.00,329.24,291
1777266831761,318.00,4966.00,260000.00,328.94,291
1777266831786,325.00,4966.00,260000.00,330.32,293
1777266831810,313.00,4971.00,260000.00,326.94,291
1777266831855,331.00,4935.00,260000.00,330.78,291
1777266831880,321.00,4966.00,260000.00,330.32,293
1777266831925,321.00,4965.00,260000.00,328.32,291
1777266831949,345.00,4937.00,260000.00,331.24,291
1777266831973,325.00,5000.00,260000.00,331.24,293
1777266832020,319.00,4934.00,260000.00,328.32,291
1777266832045,331.00,4935.00,260000.00,330.78,291
1777266832092,342.00,4964.00,260000.00,330.32,293
1777266832117,336.00,4997.00,260000.00,329.24,291
1777266832141,345.00,4966.00,260000.00,329.40,291
1777266832192,342.00,4965.00,260000.00,329.40,293
1777266832217,333.00,4965.00,260000.00,328.78,291
1777266832241,346.00,4951.00,260000.00,330.78,291
1777266832288,346.00,4965.00,260000.00,331.24,293
1777266832313,331.00,4966.00,260000.00,326.48,291
1777266832359,325.00,4966.00,260000.00,329.40,291
1777266832383,346.00,4998.00,260000.00,330.32,293
1777266832408,328.00,4997.00,260000.00,328.78,291
1777266832454,333.00,4966.00,260000.00,328.48,291
1777266832479,313.00,4964.00,260000.00,331.24,293
1777266832504,329.00,4966.00,260000.00,327.40,291
1777266832550,333.00,4966.00,260000.00,329.86,291
1777266832575,338.00,4966.00,260000.00,330.78,293
1777266832621,314.00,4987.00,260000.00,327.86,291
1777266832647,351.00,4966.00,260000.00,331.24,291
1777266832679,325.00,4933.00,260000.00,329.86,293
1777266832704,323.00,4935.00,260000.00,328.78,291
1777266832752,321.00,4964.00,260000.00,328.94,291
1777266832777,321.00,4997.00,260000.00,330.78,293
1777266832802,332.00,4934.00,260000.00,326.94,291
1777266832849,319.00,4966.00,260000.00,332.16,291
1777266832877,349.00,4998.00,260000.00,331.70,293
1777266832902,312.00,4965.00,260000.00,328.32,291
1777266832949,316.00,4966.00,260000.00,328.94,291
1777266832974,345.00,4966.00,260000.00,330.78,293
1777266833001,338.00,4972.00,260000.00,326.48,291
1777266833047,337.00,4966.00,260000.00,329.40,291
1777266833073,316.00,4936.00,260000.00,328.94,293
1777266833099,334.00,4998.00,260000.00,327.40,291
1777266833146,323.00,4966.00,260000.00,333.54,291
1777266833171,317.00,4933.00,260000.00,328.94,293
1777266833219,339.00,4966.00,260000.00,328.78,291
1777266833244,329.00,4997.00,260000.00,330.32,291
1777266833270,336.00,4940.00,260000.00,331.70,293
1777266833318,339.00,4966.00,260000.00,327.86,291
1777266833342,343.00,4998.00,260000.00,329.40,291
1777266833369,336.00,4966.00,260000.00,330.32,293
1777266833417,336.00,4966.00,260000.00,329.70,291
1777266833443,343.00,4963.00,260000.00,330.32,291
1777266833468,338.00,4966.00,260000.00,328.94,293
1777266833516,315.00,4939.00,260000.00,327.86,291
1777266833541,336.00,4939.00,260000.00,330.78,291
1777266833567,326.00,4966.00,260000.00,329.40,293
1777266833614,315.00,4933.00,260000.00,327.40,291
1777266833641,337.00,4966.00,260000.00,330.78,291
1777266833667,333.00,4940.00,260000.00,330.32,293
1777266833715,326.00,4976.00,260000.00,329.24,291
1777266833742,320.00,4966.00,260000.00,328.48,291
1777266833767,344.00,4984.00,260000.00,329.86,293
1777266833815,324.00,4966.00,260000.00,328.32,291
1777266833841,324.00,4966.00,260000.00,330.32,291
1777266833958,337.00,4898.00,260000.00,330.78,293
1777266833982,323.00,4929.00,260000.00,327.86,291
1777266834072,328.00,4864.00,260000.00,330.78,291
1777266834093,340.00,4833.00,260000.00,328.48,293
1777266834116,336.00,4845.00,260000.00,328.78,291
1777266834159,324.00,4866.00,260000.00,328.94,291
1777266834182,334.00,4896.00,260000.00,329.40,293
1777266834226,316.00,4833.00,260000.00,326.94,291
1777266834249,332.00,4833.00,260000.00,330.78,291
1777266834272,318.00,4865.00,260000.00,329.86,293
1777266834316,320.00,4866.00,260000.00,326.94,291
1777266834360,320.00,4833.00,260000.00,330.32,291
1777266834383,330.00,4864.00,260000.00,329.40,293
1777266834426,324.00,4833.00,260000.00,328.78,291
1777266834449,336.00,4834.00,260000.00,332.16,291
1777266834494,328.00,4832.00,260000.00,329.86,293
1777266834517,315.00,4864.00,260000.00,327.40,291
1777266834540,324.00,4864.00,260000.00,330.32,291
1777266834585,335.00,4899.00,260000.00,328.48,293
1777266834608,326.00,4932.00,260000.00,328.78,291
1777266834652,353.00,4900.00,260000.00,332.62,291
1777266834676,312.00,4916.00,260000.00,329.40,293
1777266834720,319.00,4882.00,260000.00,325.56,291
1777266834743,308.00,4873.00,260000.00,328.02,291
1777266834788,329.00,4900.00,260000.00,329.40,293
1777266834811,338.00,4900.00,260000.00,329.70,291
1777266834856,326.00,4898.00,260000.00,328.94,291
1777266834879,344.00,4900.00,260000.00,331.70,293
1777266834923,335.00,4898.00,260000.00,327.86,291
1777266834949,343.00,4900.00,260000.00,329.40,291
1777266834978,307.00,4868.00,260000.00,330.78,293
1777266835023,329.00,4868.00,260000.00,329.24,291
1777266835046,334.00,4871.00,260000.00,331.70,291
1777266835091,332.00,4900.00,260000.00,331.70,293
1777266835115,346.00,4931.00,260000.00,329.24,291
1777266835139,330.00,4931.00,260000.00,329.86,291
1777266835188,328.00,4932.00,260000.00,329.86,293
1777266835212,318.00,4931.00,260000.00,326.48,291
1777266835258,337.00,4900.00,260000.00,328.02,291
1777266835281,330.00,4873.00,260000.00,330.78,293
1777266835306,344.00,4882.00,260000.00,329.70,291
1777266835351,325.00,4931.00,260000.00,328.02,291
1777266835375,330.00,4931.00,260000.00,328.48,293
1777266835420,311.00,4899.00,260000.00,325.56,291
1777266835444,331.00,4900.00,260000.00,329.86,291
1777266835468,343.00,4900.00,260000.00,329.86,293
1777266835513,310.00,4900.00,260000.00,329.70,291
1777266835536,327.00,4932.00,260000.00,330.32,291
1777266835581,338.00,4868.00,260000.00,331.70,293
1777266835607,327.00,4900.00,260000.00,328.78,291
1777266835651,306.00,4931.00,260000.00,328.02,291
1777266835674,332.00,4932.00,260000.00,330.32,293
1777266835719,331.00,4932.00,260000.00,328.32,291
1777266835743,337.00,4900.00,260000.00,331.24,291
1777266835766,343.00,4931.00,260000.00,331.24,293
1777266835811,335.00,4900.00,260000.00,329.70,291
1777266835835,335.00,4931.00,260000.00,328.48,291
1777266835885,337.00,4869.00,260000.00,329.40,293
1777266835909,340.00,4931.00,260000.00,326.48,291
1777266835935,333.00,4963.00,260000.00,330.32,291
1777266835980,337.00,4887.00,260000.00,330.32,293
1777266836004,331.00,4876.00,260000.00,326.48,291
1777266836051,327.00,4931.00,260000.00,328.94,291
1777266836074,342.00,4902.00,260000.00,329.86,293
1777266836098,334.00,4902.00,260000.00,328.78,291
1777266836145,349.00,4900.00,260000.00,332.16,291
1777266836168,328.00,4900.00,260000.00,331.24,293
1777266836214,341.00,4900.00,260000.00,327.86,291
1777266836237,342.00,4931.00,260000.00,332.16,291
1777266836282,316.00,4912.00,260000.00,329.40,293
1777266836306,329.00,4874.00,260000.00,329.70,291
1777266836351,344.00,4900.00,260000.00,331.24,291
1777266836375,333.00,4932.00,260000.00,327.56,293
1777266836399,338.00,4931.00,260000.00,328.32,291
1777266836445,336.00,4900.00,260000.00,328.94,291
1777266836470,330.00,4900.00,260000.00,331.24,293
1777266836515,319.00,4900.00,260000.00,326.48,291
1777266836539,324.00,4900.00,260000.00,329.40,291
1777266836564,317.00,4933.00,260000.00,327.10,293
1777266836609,307.00,4869.00,260000.00,326.94,291
1777266836633,320.00,4869.00,260000.00,329.86,291
1777266836682,327.00,4932.00,260000.00,331.70,293
1777266836707,309.00,4905.00,260000.00,326.48,291
1777266836731,341.00,4874.00,260000.00,331.24,291
1777266836778,340.00,4900.00,260000.00,330.32,293
1777266836803,329.00,4931.00,260000.00,328.32,291
1777266836827,354.00,4933.00,260000.00,331.24,291
1777266836872,351.00,4908.00,260000.00,330.78,293
1777266836896,332.00,4868.00,260000.00,327.40,291
1777266836942,332.00,4931.00,260000.00,328.48,291
1777266836967,349.00,4870.00,260000.00,331.70,293
1777266837012,317.00,4899.00,260000.00,326.48,291
1777266837037,325.00,4931.00,260000.00,328.48,291
1777266837061,327.00,4900.00,260000.00,330.32,293
1777266837107,335.00,4868.00,260000.00,328.32,291
1777266837132,338.00,4900.00,260000.00,331.24,291
1777266837178,328.00,4900.00,260000.00,328.94,293
1777266837205,332.00,4869.00,260000.00,326.94,291
1777266837230,341.00,4921.00,260000.00,330.78,291
1777266837278,322.00,4900.00,260000.00,329.40,293
1777266837303,357.00,4900.00,260000.00,327.86,291
1777266837330,315.00,4897.00,260000.00,330.78,291
1777266837377,328.00,4900.00,260000.00,329.86,293
1777266837402,336.00,4900.00,260000.00,328.32,291
1777266837427,334.00,4900.00,260000.00,328.94,291
1777266837474,341.00,4900.00,260000.00,328.94,293
1777266837499,334.00,4932.00,260000.00,328.32,291
1777266837526,349.00,4931.00,260000.00,329.40,291
1777266837574,324.00,4900.00,260000.00,328.94,293
1777266837599,312.00,4932.00,260000.00,328.32,291
1777266837625,321.00,4933.00,260000.00,330.78,291
1777266837672,347.00,4933.00,260000.00,329.86,293
1777266837697,331.00,4900.00,260000.00,326.94,291
1777266837723,326.00,4873.00,260000.00,330.32,291
1777266837772,345.00,4868.00,260000.00,330.78,293
1777266837798,330.00,4933.00,260000.00,328.32,291
1777266837821,332.00,4931.00,260000.00,329.40,291
1777266837868,324.00,4878.00,260000.00,330.78,293
1777266837895,327.00,4932.00,260000.00,329.24,291
1777266837920,336.00,4937.00,260000.00,330.78,291
1777266838004,329.00,4822.00,260000.00,329.40,293
1777266838027,332.00,4866.00,260000.00,328.32,291
1777266838071,330.00,4896.00,260000.00,328.48,291
1777266838094,321.00,4866.00,260000.00,328.48,293
1777266838139,356.00,4866.00,260000.00,327.86,291
1777266838162,342.00,4899.00,260000.00,328.94,291
1777266838206,319.00,4866.00,260000.00,328.02,293
1777266838229,320.00,4838.00,260000.00,328.32,291
1777266838252,350.00,4870.00,260000.00,328.94,291
1777266838296,328.00,4866.00,260000.00,329.86,293
1777266838320,341.00,4900.00,260000.00,328.32,291
1777266838364,346.00,4866.00,260000.00,331.24,291
1777266838387,333.00,4898.00,260000.00,329.86,293
1777266838431,325.00,4845.00,260000.00,327.86,291
1777266838458,331.00,4835.00,260000.00,330.32,291
1777266838502,344.00,4866.00,260000.00,331.24,293
1777266838525,319.00,4898.00,260000.00,327.86,291
1777266838549,339.00,4866.00,260000.00,331.24,291
1777266838596,338.00,4866.00,260000.00,331.70,293
1777266838620,343.00,4843.00,260000.00,328.32,291
1777266838664,328.00,4892.00,260000.00,331.24,291
1777266838688,345.00,4898.00,260000.00,330.78,293
1777266838733,323.00,4866.00,260000.00,327.40,291
1777266838756,331.00,4837.00,260000.00,329.86,291
1777266838801,337.00,4836.00,260000.00,330.32,293
1777266838824,328.00,4866.00,260000.00,328.32,291
1777266838848,350.00,4898.00,260000.00,330.78,291
1777266838892,330.00,4931.00,260000.00,331.24,293
1777266838916,332.00,4937.00,260000.00,329.24,291
1777266838960,321.00,4966.00,260000.00,329.86,291
1777266838984,352.00,4966.00,260000.00,330.32,293
1777266839029,330.00,4935.00,260000.00,326.94,291
1777266839053,321.00,5000.00,260000.00,329.40,291
1777266839098,328.00,4997.00,260000.00,328.48,293
1777266839122,310.00,4998.00,260000.00,326.94,291
1777266839146,341.00,4972.00,260000.00,328.94,291
1777266839192,340.00,4970.00,260000.00,330.32,293
1777266839216,312.00,5000.00,260000.00,328.32,291
1777266839262,358.00,4966.00,260000.00,331.24,291
1777266839286,332.00,4969.00,260000.00,328.48,293
1777266839332,333.00,4966.00,260000.00,329.24,291
1777266839356,329.00,4968.00,260000.00,331.24,291
1777266839381,332.00,4967.00,260000.00,327.10,293
1777266839426,343.00,5000.00,260000.00,330.62,291
1777266839451,322.00,5031.00,260000.00,329.86,291
1777266839497,341.00,4987.00,260000.00,332.62,293
1777266839521,329.00,4998.00,260000.00,329.70,291
1777266839546,320.00,4998.00,260000.00,330.78,291
1777266839591,319.00,4968.00,260000.00,328.94,293
1777266839616,329.00,4998.00,260000.00,329.24,291
1777266839663,346.00,4966.00,260000.00,330.78,291
1777266839687,337.00,4998.00,260000.00,332.16,293
1777266839711,352.00,5031.00,260000.00,329.24,291
1777266839758,349.00,4965.00,260000.00,330.32,291
1777266839783,355.00,5000.00,260000.00,330.78,293
1777266839808,339.00,5000.00,260000.00,329.70,291
1777266839854,347.00,5000.00,260000.00,332.16,291
1777266839879,315.00,5000.00,260000.00,329.86,293
1777266839924,343.00,4986.00,260000.00,329.70,291
1777266839949,349.00,5000.00,260000.00,330.32,291
1777266839974,341.00,4999.00,260000.00,329.86,293
1777266840020,317.00,5032.00,260000.00,326.94,291
1777266840047,336.00,5028.00,260000.00,330.32,291
1777266840093,314.00,4977.00,260000.00,328.94,293
1777266840118,323.00,4972.00,260000.00,328.78,291
1777266840147,341.00,4966.00,260000.00,330.32,291
1777266840172,334.00,4970.00,260000.00,329.86,293
1777266840218,330.00,4966.00,260000.00,329.24,291
1777266840244,328.00,5000.00,260000.00,329.86,291
1777266840290,320.00,4998.00,260000.00,328.48,293
1777266840315,330.00,5001.00,260000.00,328.78,291
1777266840340,360.00,4968.00,260000.00,331.70,291
1777266840386,338.00,4997.00,260000.00,329.40,293
1777266840415,334.00,4968.00,260000.00,328.32,291
1777266840441,325.00,5000.00,260000.00,328.94,291
1777266840488,325.00,4998.00,260000.00,330.32,293
1777266840513,342.00,4970.00,260000.00,326.48,291
1777266840539,342.00,4969.00,260000.00,328.94,291
1777266840586,342.00,5008.00,260000.00,330.78,293
1777266840611,341.00,5000.00,260000.00,328.32,291
1777266840636,337.00,5000.00,260000.00,330.78,291
1777266840683,332.00,4973.00,260000.00,332.16,293
1777266840711,338.00,5000.00,260000.00,328.32,291
1777266840735,341.00,4968.00,260000.00,330.32,291
1777266840782,338.00,4998.00,260000.00,331.24,293
1777266840806,313.00,5000.00,260000.00,327.86,291
1777266840853,348.00,5000.00,260000.00,329.86,291
1777266840878,338.00,5031.00,260000.00,330.78,293
1777266840903,347.00,5000.00,260000.00,328.32,291
1777266840950,330.00,4998.00,260000.00,329.40,291
1777266840975,354.00,5031.00,260000.00,330.32,293
1777266841000,322.00,5000.00,260000.00,328.78,291
1777266841047,348.00,5000.00,260000.00,331.24,291
1777266841072,338.00,5031.00,260000.00,329.86,293
1777266841118,345.00,4998.00,260000.00,329.24,291
1777266841143,347.00,5000.00,260000.00,329.40,291
1777266841169,333.00,5032.00,260000.00,330.78,293
1777266841215,325.00,5000.00,260000.00,328.32,291
1777266841240,344.00,5000.00,260000.00,329.86,291
1777266841266,319.00,5032.00,260000.00,332.16,293
1777266841311,330.00,4999.00,260000.00,327.40,291
1777266841336,323.00,4968.00,260000.00,329.86,291
1777266841382,342.00,4966.00,260000.00,329.40,293
1777266841407,325.00,4966.00,260000.00,328.32,291
1777266841538,345.00,4972.00,260000.00,331.24,291
1777266841574,329.00,4897.00,260000.00,331.24,293
1777266841597,328.00,4930.00,260000.00,328.32,291
1777266841620,331.00,4901.00,260000.00,329.40,291
1777266841643,317.00,4868.00,260000.00,329.40,293
1777266841686,330.00,4932.00,260000.00,326.94,291
1777266841709,339.00,4906.00,260000.00,330.32,291
1777266841753,349.00,4932.00,260000.00,330.78,293
1777266841776,341.00,4933.00,260000.00,328.32,291
1777266841930,691.00,4786.00,260000.00,659.72,584
1777266841976,329.00,4833.00,260000.00,329.24,291
1777266842000,332.00,4865.00,260000.00,331.70,291
1777266842046,338.00,4800.00,260000.00,330.78,293
1777266842070,319.00,4803.00,260000.00,326.94,291
1777266842093,342.00,4839.00,260000.00,332.16,291
1777266842138,340.00,4800.00,260000.00,330.78,293
1777266842161,322.00,4802.00,260000.00,327.40,291
1777266842206,343.00,4864.00,260000.00,328.02,291
1777266842229,345.00,4833.00,260000.00,330.32,293
1777266842274,331.00,4801.00,260000.00,328.32,291
1777266842300,328.00,4801.00,260000.00,330.78,291
1777266842347,325.00,4863.00,260000.00,328.48,293
1777266842371,328.00,4805.00,260000.00,329.24,291
1777266842395,360.00,4803.00,260000.00,330.32,291
1777266842439,332.00,4862.00,260000.00,330.78,293
1777266842463,315.00,4830.00,260000.00,326.94,291
1777266842507,333.00,4831.00,260000.00,331.70,291
1777266842530,335.00,4831.00,260000.00,329.40,293
1777266842575,323.00,4833.00,260000.00,326.94,291
1777266842599,330.00,4804.00,260000.00,330.32,291
1777266842622,336.00,4801.00,260000.00,328.48,293
1777266842666,329.00,4833.00,260000.00,329.70,291
1777266842688,329.00,4864.00,260000.00,330.32,291
1777266842733,352.00,4831.00,260000.00,331.24,293
1777266842757,336.00,4835.00,260000.00,326.48,291
1777266842801,324.00,4816.00,260000.00,329.86,291
1777266842824,330.00,4831.00,260000.00,333.08,293
1777266842872,344.00,4799.00,260000.00,329.24,291
1777266842896,338.00,4833.00,260000.00,330.32,291
1777266842941,339.00,4833.00,260000.00,330.32,293
1777266842965,350.00,4866.00,260000.00,329.24,291
1777266842989,349.00,4900.00,260000.00,331.70,291
1777266843037,328.00,4835.00,260000.00,332.16,293
1777266843061,326.00,4849.00,260000.00,328.32,291
1777266843107,331.00,4833.00,260000.00,331.70,291
1777266843132,320.00,4866.00,260000.00,329.40,293
1777266843156,332.00,4866.00,260000.00,330.16,291
1777266843202,326.00,4836.00,260000.00,330.78,291
1777266843229,338.00,4897.00,260000.00,329.86,293
1777266843255,326.00,4887.00,260000.00,327.40,291
1777266843302,355.00,4864.00,260000.00,331.24,291
1777266843327,351.00,4836.00,260000.00,329.86,293
1777266843352,322.00,4835.00,260000.00,328.32,291
1777266843396,328.00,4866.00,260000.00,331.24,291
1777266843421,337.00,4898.00,260000.00,330.32,293
1777266843467,333.00,4833.00,260000.00,325.56,291
1777266843493,342.00,4866.00,260000.00,331.70,291
1777266843517,345.00,4866.00,260000.00,329.86,293
1777266843565,347.00,4834.00,260000.00,327.40,291
1777266843590,339.00,4866.00,260000.00,329.86,291
1777266843615,357.00,4896.00,260000.00,330.32,293
1777266843661,343.00,4866.00,260000.00,329.24,291
1777266843686,323.00,4837.00,260000.00,329.40,291
1777266843732,344.00,4866.00,260000.00,330.32,293
1777266843757,334.00,4897.00,260000.00,329.24,291
1777266843782,321.00,4898.00,260000.00,329.40,291
1777266843828,330.00,4866.00,260000.00,329.86,293
1777266843856,329.00,4833.00,260000.00,326.94,291
1777266843903,332.00,4834.00,260000.00,328.94,291
1777266843928,327.00,4865.00,260000.00,330.32,293
1777266843954,323.00,4866.00,260000.00,326.94,291
1777266843979,323.00,4838.00,260000.00,329.86,291
1777266844025,327.00,4898.00,260000.00,329.86,293
1777266844050,333.00,4878.00,260000.00,328.32,291
1777266844097,324.00,4866.00,260000.00,331.24,291
1777266844122,317.00,4866.00,260000.00,330.32,293
1777266844147,331.00,4894.00,260000.00,329.24,291
1777266844193,327.00,4894.00,260000.00,328.94,291
1777266844219,329.00,4866.00,260000.00,328.94,293
1777266844244,329.00,4835.00,260000.00,328.78,291
1777266844291,336.00,4872.00,260000.00,331.70,291
1777266844317,348.00,4866.00,260000.00,329.86,293
1777266844363,324.00,4865.00,260000.00,328.78,291
1777266844389,341.00,4895.00,260000.00,329.86,291
1777266844414,331.00,4835.00,260000.00,329.40,293
1777266844460,333.00,4865.00,260000.00,328.32,291
1777266844487,349.00,4898.00,260000.00,329.40,291
1777266844512,335.00,4835.00,260000.00,329.40,293
1777266844557,340.00,4846.00,260000.00,327.40,291
1777266844583,329.00,4866.00,260000.00,329.86,291
1777266844609,336.00,4866.00,260000.00,329.86,293
1777266844655,326.00,4845.00,260000.00,327.86,291
1777266844681,333.00,4866.00,260000.00,328.48,291
1777266844707,328.00,4866.00,260000.00,331.70,293
1777266844757,334.00,4898.00,260000.00,327.86,291
1777266844781,349.00,4866.00,260000.00,330.78,291
1777266844807,345.00,4834.00,260000.00,330.32,293
1777266844853,324.00,4866.00,260000.00,328.32,291
1777266844879,338.00,4866.00,260000.00,329.86,291
1777266844904,337.00,4866.00,260000.00,331.70,293
1777266844951,334.00,4866.00,260000.00,329.70,291
1777266844977,325.00,4898.00,260000.00,331.24,291
1777266845023,330.00,4866.00,260000.00,328.02,293
1777266845049,323.00,4866.00,260000.00,328.78,291
1777266845075,340.00,4898.00,260000.00,330.32,291
1777266845122,326.00,4878.00,260000.00,332.16,293
1777266845147,330.00,4834.00,260000.00,330.16,291
1777266845174,332.00,4869.00,260000.00,330.78,291
1777266845221,322.00,4866.00,260000.00,328.94,293
1777266845247,324.00,4836.00,260000.00,327.40,291
1777266845276,357.00,4866.00,260000.00,329.86,291
1777266845301,351.00,4868.00,260000.00,330.78,293
1777266845348,326.00,4854.00,260000.00,328.78,291
1777266845375,319.00,4866.00,260000.00,329.86,291
1777266845400,303.00,4870.00,260000.00,328.94,293
1777266845447,314.00,4835.00,260000.00,329.24,291
1777266845473,335.00,4866.00,260000.00,330.32,291
1777266845499,346.00,4898.00,260000.00,331.24,293
1777266845546,338.00,4830.00,260000.00,329.24,291
1777266845572,355.00,4866.00,260000.00,331.24,291
1777266845620,329.00,4833.00,260000.00,328.48,293
1777266845647,334.00,4866.00,260000.00,327.86,291
1777266845673,309.00,4870.00,260000.00,326.64,291
1777266845700,328.00,4836.00,260000.00,328.02,293
1777266845747,330.00,4898.00,260000.00,329.24,291
1777266845774,339.00,4866.00,260000.00,328.94,291
1777266845800,326.00,4835.00,260000.00,333.08,293
1777266845849,344.00,4866.00,260000.00,330.16,291
1777266845874,313.00,4838.00,260000.00,328.94,291
1777266845901,335.00,4835.00,260000.00,330.78,293
1777266845949,334.00,4866.00,260000.00,328.78,291
1777266845975,317.00,4866.00,260000.00,328.48,291
1777266846004,324.00,4898.00,260000.00,329.86,293
1777266846030,346.00,4838.00,260000.00,328.78,291
1777266846078,342.00,4837.00,260000.00,329.86,291
1777266846104,323.00,4866.00,260000.00,329.86,293
1777266846130,341.00,4835.00,260000.00,325.56,291
1777266846178,347.00,4865.00,260000.00,332.16,291
1777266846205,354.00,4866.00,260000.00,331.24,293
1777266846231,354.00,4834.00,260000.00,329.70,291
1777266846280,322.00,4833.00,260000.00,328.94,291
1777266846306,333.00,4866.00,260000.00,328.94,293
1777266846333,350.00,4866.00,260000.00,327.40,291
1777266846381,326.00,4866.00,260000.00,328.48,291
1777266846407,330.00,4866.00,260000.00,330.78,293
1777266846434,339.00,4894.00,260000.00,327.86,291
1777266846491,344.00,4927.00,260000.00,331.70,291
1777266846518,331.00,4960.00,260000.00,329.86,293
1777266846545,337.00,4966.00,260000.00,329.24,291
1777266846572,330.00,4966.00,260000.00,329.86,291
1777266846600,321.00,4966.00,260000.00,328.94,293
1777266846649,319.00,4950.00,260000.00,328.32,291
1777266846677,336.00,4933.00,260000.00,329.86,291
1777266846703,334.00,4964.00,260000.00,330.32,293
1777266846730,351.00,4965.00,260000.00,329.24,291
1777266846779,327.00,4933.00,260000.00,329.86,291
1777266846806,325.00,4937.00,260000.00,330.32,293
1777266846833,328.00,4998.00,260000.00,327.86,291
1777266846881,343.00,5012.00,260000.00,327.56,291
1777266846909,335.00,5065.00,260000.00,328.48,293
1777266846936,341.00,5066.00,260000.00,327.40,291
1777266846984,344.00,5022.00,260000.00,330.78,291
1777266847015,340.00,5000.00,260000.00,329.40,293
1777266847043,333.00,5002.00,260000.00,329.24,291
1777266847070,334.00,5065.00,260000.00,330.32,291
1777266847119,328.00,5032.00,260000.00,330.78,293
1777266847146,326.00,5032.00,260000.00,328.78,291
1777266847173,327.00,5031.00,260000.00,329.86,291
1777266847200,330.00,5033.00,260000.00,331.24,293
1777266847247,323.00,5031.00,260000.00,328.32,291
1777266847275,313.00,5065.00,260000.00,331.70,291
1777266847302,352.00,5065.00,260000.00,331.70,293
1777266847351,331.00,5033.00,260000.00,329.24,291
1777266847377,325.00,5032.00,260000.00,329.40,291
1777266847403,321.00,4973.00,260000.00,328.02,293
1777266847435,332.00,5033.00,260000.00,329.24,291
1777266847484,330.00,5009.00,260000.00,328.48,291
1777266847512,335.00,5033.00,260000.00,329.40,293
1777266847538,344.00,5000.00,260000.00,328.78,291
1777266847585,329.00,5031.00,260000.00,331.24,291
1777266847616,307.00,5031.00,260000.00,328.94,293
1777266847642,324.00,5062.00,260000.00,329.24,291
1777266847690,342.00,5000.00,260000.00,330.32,291
1777266847717,349.00,5000.00,260000.00,332.16,293
1777266847743,333.00,5032.00,260000.00,329.70,291
1777266847789,337.00,5000.00,260000.00,331.24,291
1777266847815,342.00,5000.00,260000.00,331.70,293
1777266847862,334.00,5033.00,260000.00,329.70,291
1777266847888,327.00,4969.00,260000.00,330.32,291
1777266847913,344.00,5000.00,260000.00,330.32,293
1777266847959,341.00,5000.00,260000.00,328.78,291
1777266848006,330.00,4999.00,260000.00,329.40,291
1777266848033,337.00,5000.00,260000.00,329.86,293
1777266848060,323.00,4991.00,260000.00,326.48,291
1777266848084,344.00,5000.00,260000.00,331.70,291
1777266848132,330.00,4996.00,260000.00,330.32,293
1777266848179,326.00,4978.00,260000.00,327.40,291
1777266848204,345.00,5023.00,260000.00,330.32,291
1777266848230,322.00,4968.00,260000.00,328.94,293
1777266848278,330.00,4966.00,260000.00,327.86,291
1777266848309,319.00,4967.00,260000.00,328.94,291
1777266848333,328.00,4998.00,260000.00,329.86,293
1777266848387,337.00,4966.00,260000.00,328.78,291
1777266848413,334.00,4966.00,260000.00,332.16,291
1777266848442,330.00,4998.00,260000.00,327.10,293
1777266848468,327.00,5000.00,260000.00,325.10,291
1777266848518,341.00,4944.00,260000.00,327.10,291
1777266848548,339.00,4998.00,260000.00,332.16,293
1777266848575,330.00,4935.00,260000.00,328.32,291
1777266848606,323.00,4966.00,260000.00,329.86,291
1777266848656,320.00,4966.00,260000.00,329.86,293
1777266848683,343.00,4998.00,260000.00,329.24,291
1777266848710,356.00,4998.00,260000.00,330.78,291
1777266848738,338.00,4966.00,260000.00,331.24,293
1777266848793,338.00,4964.00,260000.00,326.94,291
1777266848821,331.00,4966.00,260000.00,328.94,291
1777266848848,345.00,4966.00,260000.00,330.78,293
1777266848876,330.00,4997.00,260000.00,327.40,291
1777266848904,316.00,5003.00,260000.00,328.48,291
1777266848954,328.00,4966.00,260000.00,329.86,293
1777266848980,320.00,4995.00,260000.00,327.86,291
1777266849009,338.00,4940.00,260000.00,331.24,291
1777266849036,332.00,4966.00,260000.00,328.94,293
1777266849091,325.00,4935.00,260000.00,328.78,291
1777266849119,345.00,4966.00,260000.00,330.78,291
1777266849149,327.00,4966.00,260000.00,330.78,293
1777266849176,325.00,4955.00,260000.00,328.32,291
1777266849227,363.00,4966.00,260000.00,329.86,291
1777266849255,352.00,4997.00,260000.00,332.16,293
1777266849283,327.00,4966.00,260000.00,327.40,291
1777266849310,319.00,4966.00,260000.00,329.86,291
1777266849360,346.00,4942.00,260000.00,330.78,293
1777266849387,328.00,4966.00,260000.00,328.78,291
1777266849415,338.00,4971.00,260000.00,330.78,291
1777266849447,342.00,4966.00,260000.00,329.86,293
1777266849473,329.00,4935.00,260000.00,326.94,291
1777266849524,332.00,4998.00,260000.00,328.02,291
1777266849552,330.00,4998.00,260000.00,328.48,293
1777266849581,320.00,4938.00,260000.00,325.56,291
1777266849609,337.00,4966.00,260000.00,328.94,291
1777266849658,350.00,4988.00,260000.00,329.86,293
1777266849685,339.00,4966.00,260000.00,327.86,291
1777266849715,344.00,4965.00,260000.00,331.70,291
1777266849744,352.00,4943.00,260000.00,330.32,293
1777266849771,353.00,4966.00,260000.00,325.56,291
1777266849822,325.00,4997.00,260000.00,328.48,291
1777266849850,340.00,4935.00,260000.00,329.86,293
1777266849900,330.00,4965.00,260000.00,327.40,291
1777266849926,340.00,4908.00,260000.00,329.86,291
1777266849954,313.00,4966.00,260000.00,328.94,293
1777266849982,344.00,4966.00,260000.00,327.40,291
1777266850032,335.00,4966.00,260000.00,330.78,291
1777266850059,328.00,4933.00,260000.00,331.70,293
1777266850086,338.00,4933.00,260000.00,327.40,291
1777266850115,348.00,4935.00,260000.00,329.86,291
1777266850165,333.00,4998.00,260000.00,329.86,293
1777266850194,325.00,4933.00,260000.00,326.02,291
1777266850223,323.00,4966.00,260000.00,328.94,291
1777266850252,334.00,4977.00,260000.00,331.24,293
1777266850279,331.00,4937.00,260000.00,329.70,291
1777266850330,348.00,4965.00,260000.00,331.24,291
1777266850358,327.00,4933.00,260000.00,330.32,293
1777266850386,339.00,4965.00,260000.00,327.40,291
1777266850416,342.00,4966.00,260000.00,330.78,291
1777266850443,323.00,4997.00,260000.00,330.78,293
1777266850492,343.00,4906.00,260000.00,328.78,291
1777266850520,348.00,4966.00,260000.00,331.24,291
1777266850550,332.00,4958.00,260000.00,331.70,293
1777266850578,357.00,4966.00,260000.00,327.86,291
1777266850637,337.00,4933.00,260000.00,331.24,291
1777266850665,330.00,4932.00,260000.00,328.94,293
1777266850692,320.00,4963.00,260000.00,329.70,291
1777266850719,348.00,4933.00,260000.00,331.70,291
1777266850746,338.00,4934.00,260000.00,329.40,293
1777266850796,345.00,4966.00,260000.00,328.78,291
1777266850824,340.00,4933.00,260000.00,330.32,291
1777266850852,327.00,4966.00,260000.00,331.70,293
1777266850880,343.00,4988.00,260000.00,327.86,291
1777266850908,333.00,4942.00,260000.00,329.86,291
1777266850958,313.00,4964.00,260000.00,329.40,293
1777266850986,333.00,4933.00,260000.00,326.94,291
1777266851014,328.00,4964.00,260000.00,330.78,291
1777266851043,335.00,4938.00,260000.00,330.32,293
1777266851093,331.00,4933.00,260000.00,329.70,291
1777266851122,329.00,4964.00,260000.00,329.40,291
1777266851149,336.00,4965.00,260000.00,330.78,293
1777266851178,335.00,4966.00,260000.00,328.32,291
1777266851228,326.00,4954.00,260000.00,331.24,291
1777266851257,343.00,4933.00,260000.00,330.32,293
1777266851286,329.00,4966.00,260000.00,327.86,291
1777266851314,336.00,4966.00,260000.00,329.40,291
1777266851341,319.00,4995.00,260000.00,329.86,293
1777266851390,341.00,4940.00,260000.00,329.24,291
1777266851418,327.00,4913.00,260000.00,329.86,291
1777266851447,344.00,4933.00,260000.00,329.86,293
1777266851475,326.00,4940.00,260000.00,327.86,291
1777266851525,332.00,4966.00,260000.00,329.86,291
1777266851553,320.00,4946.00,260000.00,328.02,293
1777266851580,354.00,4911.00,260000.00,327.40,291
1777266851610,335.00,4964.00,260000.00,330.32,291
1777266851637,330.00,4943.00,260000.00,331.24,293
1777266851686,338.00,4916.00,260000.00,328.78,291
1777266851714,330.00,4956.00,260000.00,329.40,291
1777266851741,317.00,4933.00,260000.00,328.94,293
1777266851791,321.00,4965.00,260000.00,326.94,291
1777266851819,329.00,4933.00,260000.00,330.32,291
1777266851847,336.00,4936.00,260000.00,330.78,293
1777266851874,333.00,4997.00,260000.00,326.02,291
1777266851925,342.00,4902.00,260000.00,330.78,291
1777266851952,327.00,4933.00,260000.00,330.78,293
1777266851979,321.00,4966.00,260000.00,326.94,291
1777266852006,332.00,4966.00,260000.00,328.94,291
1777266852055,323.00,4908.00,260000.00,329.40,293
1777266852083,338.00,4965.00,260000.00,328.32,291
1777266852112,321.00,4935.00,260000.00,329.40,291
1777266852162,321.00,4933.00,260000.00,329.86,293
1777266852189,321.00,4933.00,260000.00,328.32,291
1777266852215,334.00,4965.00,260000.00,328.94,291
1777266852264,334.00,4933.00,260000.00,331.24,293
1777266852292,332.00,4933.00,260000.00,327.86,291
1777266852321,327.00,4901.00,260000.00,330.32,291
1777266852349,324.00,4927.00,260000.00,328.48,293
1777266852381,339.00,4966.00,260000.00,328.32,291
1777266852409,344.00,4955.00,260000.00,330.78,291
1777266852458,328.00,4965.00,260000.00,329.40,293
1777266852484,335.00,4988.00,260000.00,327.86,291
1777266852513,324.00,4966.00,260000.00,331.24,291
1777266852542,325.00,4966.00,260000.00,328.94,293
1777266852591,321.00,4935.00,260000.00,328.32,291
1777266852619,323.00,4966.00,260000.00,328.94,291
1777266852648,314.00,4965.00,260000.00,327.10,293
1777266852676,333.00,4937.00,260000.00,328.32,291
1777266852725,338.00,4966.00,260000.00,329.86,291
1777266852752,359.00,4935.00,260000.00,330.32,293
1777266852781,337.00,4966.00,260000.00,328.32,291
1777266852830,330.00,4933.00,260000.00,332.16,291
1777266852858,345.00,4934.00,260000.00,330.32,293
1777266852886,347.00,4999.00,260000.00,329.70,291
1777266852913,337.00,4966.00,260000.00,331.24,291
1777266852963,352.00,4940.00,260000.00,330.78,293
1777266852992,334.00,4966.00,260000.00,326.94,291
1777266853018,362.00,4937.00,260000.00,331.70,291
1777266853045,324.00,4998.00,260000.00,328.94,293
1777266853100,315.00,4966.00,260000.00,327.40,291
1777266853129,333.00,4975.00,260000.00,331.24,291
1777266853158,326.00,5000.00,260000.00,330.78,293
1777266853187,334.00,4990.00,260000.00,327.40,291
1777266853215,335.00,4970.00,260000.00,329.40,291
1777266853242,340.00,4966.00,260000.00,328.94,293
1777266853290,334.00,4971.00,260000.00,327.40,291
1777266853318,338.00,4977.00,260000.00,329.86,291
1777266853347,329.00,4966.00,260000.00,329.86,293
1777266853375,342.00,4970.00,260000.00,327.40,291
1777266853430,335.00,4966.00,260000.00,329.40,291
1777266853463,329.00,4966.00,260000.00,330.32,293
1777266853490,336.00,4968.00,260000.00,326.94,291
1777266853518,337.00,5022.00,260000.00,328.02,291
1777266853544,340.00,5000.00,260000.00,331.70,293
1777266853572,332.00,5032.00,260000.00,329.70,291
1777266853622,358.00,4998.00,260000.00,330.32,291
1777266853650,338.00,5000.00,260000.00,330.32,293
1777266853679,322.00,5000.00,260000.00,328.32,291
1777266853706,334.00,4970.00,260000.00,329.86,291
1777266853756,330.00,5033.00,260000.00,328.94,293
1777266853785,331.00,4969.00,260000.00,327.86,291
1777266853812,337.00,5000.00,260000.00,330.78,291
1777266853841,353.00,5000.00,260000.00,331.24,293
1777266853891,329.00,4998.00,260000.00,330.62,291
1777266853918,330.00,4935.00,260000.00,328.94,291
1777266853947,336.00,5000.00,260000.00,328.94,293
1777266853979,337.00,4969.00,260000.00,329.24,291
1777266854008,352.00,4999.00,260000.00,329.40,291
1777266854058,322.00,5000.00,260000.00,328.48,293
1777266854085,322.00,5031.00,260000.00,328.78,291
1777266854112,332.00,4968.00,260000.00,329.40,291
1777266854140,335.00,4973.00,260000.00,328.94,293
1777266854190,336.00,4966.00,260000.00,327.40,291
1777266854217,321.00,5000.00,260000.00,329.86,291
1777266854246,326.00,5000.00,260000.00,329.40,293
1777266854274,345.00,4971.00,260000.00,329.70,291
1777266854332,334.00,5000.00,260000.00,332.62,291
1777266854361,360.00,5024.00,260000.00,329.40,293
1777266854389,362.00,5000.00,260000.00,328.32,291
1777266854418,304.00,5028.00,260000.00,330.78,291
1777266854446,347.00,5000.00,260000.00,331.24,293
1777266854474,332.00,5002.00,260000.00,328.78,291
1777266854501,353.00,5000.00,260000.00,330.78,291
1777266854551,325.00,4974.00,260000.00,328.94,293
1777266854579,330.00,5030.00,260000.00,329.24,291
1777266854608,322.00,5000.00,260000.00,328.48,291
1777266854636,341.00,4970.00,260000.00,330.32,293
1777266854692,344.00,5000.00,260000.00,329.70,291
1777266854722,343.00,4999.00,260000.00,329.86,291
1777266854749,344.00,4975.00,260000.00,329.86,293
1777266854777,317.00,5000.00,260000.00,326.94,291
1777266854803,330.00,5020.00,260000.00,329.40,291
1777266854853,339.00,5012.00,260000.00,331.70,293
1777266854881,337.00,5000.00,260000.00,328.78,291
1777266854908,322.00,5004.00,260000.00,329.86,291
1777266854934,335.00,5024.00,260000.00,330.32,293
1777266854989,337.00,5000.00,260000.00,325.56,291
1777266855016,320.00,5002.00,260000.00,330.78,291
1777266855044,313.00,5016.00,260000.00,328.02,293
1777266855071,332.00,5000.00,260000.00,328.32,291
1777266855100,338.00,5033.00,260000.00,330.32,291
1777266855149,332.00,5000.00,260000.00,330.32,293
1777266855176,314.00,4970.00,260000.00,327.40,291
1777266855204,326.00,5008.00,260000.00,328.48,291
1777266855233,347.00,5002.00,260000.00,330.78,293
1777266855283,344.00,5029.00,260000.00,325.56,291
1777266855311,334.00,5000.00,260000.00,332.62,291
1777266855338,327.00,5033.00,260000.00,330.78,293
1777266855366,333.00,4990.00,260000.00,328.32,291
1777266855416,326.00,5000.00,260000.00,331.24,291
1777266855444,337.00,4967.00,260000.00,328.48,293
1777266855473,332.00,5032.00,260000.00,328.32,291
1777266855500,356.00,5020.00,260000.00,331.70,291
1777266855529,325.00,5004.00,260000.00,329.86,293
1777266855577,328.00,5000.00,260000.00,327.40,291
1777266855605,320.00,5000.00,260000.00,329.86,291
1777266855633,313.00,5001.00,260000.00,328.94,293
1777266855685,331.00,5032.00,260000.00,327.86,291
1777266855713,342.00,5000.00,260000.00,332.16,291
1777266855740,320.00,5005.00,260000.00,329.86,293
1777266855768,320.00,5051.00,260000.00,327.86,291
1777266855796,327.00,5001.00,260000.00,328.94,291
1777266855846,310.00,5000.00,260000.00,328.94,293
1777266855877,351.00,5000.00,260000.00,328.78,291
1777266855906,331.00,5031.00,260000.00,329.40,291
1777266855936,330.00,5000.00,260000.00,329.86,293
1777266855964,315.00,5033.00,260000.00,327.40,291
1777266856014,336.00,5000.00,260000.00,329.86,291
1777266856046,335.00,5028.00,260000.00,329.40,293
1777266856075,334.00,4968.00,260000.00,328.78,291
1777266856105,333.00,5000.00,260000.00,328.94,291
1777266856133,332.00,5002.00,260000.00,327.10,293
1777266856160,331.00,4971.00,260000.00,329.24,291
1777266856208,327.00,5031.00,260000.00,330.32,291
1777266856235,355.00,5028.00,260000.00,330.32,293
1777266856263,333.00,5001.00,260000.00,329.24,291
1777266856317,325.00,5000.00,260000.00,330.32,291
1777266856345,344.00,5000.00,260000.00,330.78,293
1777266856372,324.00,5000.00,260000.00,328.32,291
1777266856401,345.00,5032.00,260000.00,331.24,291
1777266856429,347.00,4999.00,260000.00,329.40,293
1777266856458,328.00,5031.00,260000.00,329.24,291
1777266856507,355.00,5000.00,260000.00,329.86,291
1777266856535,334.00,5000.00,260000.00,331.70,293
1777266856563,340.00,5030.00,260000.00,328.78,291
1777266856590,308.00,4969.00,260000.00,328.02,291
1777266856639,335.00,4992.00,260000.00,330.32,293
1777266856668,329.00,5033.00,260000.00,327.86,291
1777266856695,327.00,5065.00,260000.00,330.78,291
1777266856724,324.00,4982.00,260000.00,328.94,293
1777266856773,335.00,5000.00,260000.00,327.86,291
1777266856800,319.00,4970.00,260000.00,330.32,291
1777266856851,333.00,5030.00,260000.00,330.32,293
1777266856880,336.00,5000.00,260000.00,328.32,291
1777266856908,332.00,5030.00,260000.00,330.32,291
1777266856937,350.00,5000.00,260000.00,330.78,293
1777266856965,355.00,5026.00,260000.00,326.94,291
1777266856992,323.00,4969.00,260000.00,330.32,291
1777266857019,330.00,5033.00,260000.00,331.24,293
1777266857068,345.00,4975.00,260000.00,327.40,291
1777266857096,339.00,5033.00,260000.00,328.94,291
1777266857125,334.00,5065.00,260000.00,330.32,293
1777266857154,326.00,5001.00,260000.00,328.32,291
1777266857206,332.00,5000.00,260000.00,329.86,291
1777266857233,335.00,5000.00,260000.00,331.70,293
1777266857261,333.00,5001.00,260000.00,327.40,291
1777266857288,336.00,5033.00,260000.00,331.24,291
1777266857340,344.00,5031.00,260000.00,331.24,293
1777266857369,317.00,5000.00,260000.00,328.78,291
1777266857396,334.00,5031.00,260000.00,331.70,291
1777266857423,321.00,4967.00,260000.00,330.32,293
1777266857478,319.00,5000.00,260000.00,328.78,291
1777266857506,341.00,5000.00,260000.00,328.94,291
1777266857533,315.00,4968.00,260000.00,330.32,293
1777266857563,327.00,5006.00,260000.00,327.40,291
1777266857589,321.00,5064.00,260000.00,331.24,291
1777266857639,330.00,4967.00,260000.00,329.86,293
1777266857670,319.00,5030.00,260000.00,327.40,291
1777266857697,335.00,4970.00,260000.00,328.48,291
1777266857725,325.00,5033.00,260000.00,331.70,293
1777266857775,335.00,5000.00,260000.00,325.56,291
1777266857803,328.00,5031.00,260000.00,331.24,291
1777266857830,343.00,5033.00,260000.00,328.48,293
1777266857857,321.00,5066.00,260000.00,327.86,291
1777266857908,332.00,4968.00,260000.00,330.32,291
1777266857936,345.00,5033.00,260000.00,330.78,293
1777266857963,332.00,5059.00,260000.00,328.78,291
1777266857990,333.00,5004.00,260000.00,330.32,291
1777266858041,347.00,5000.00,260000.00,330.78,293
1777266858069,341.00,5031.00,260000.00,328.32,291
1777266858096,342.00,5033.00,260000.00,328.48,291
1777266858124,344.00,5005.00,260000.00,328.48,293
1777266858152,332.00,5018.00,260000.00,326.02,291
1777266858204,337.00,5031.00,260000.00,329.40,291
1777266858232,338.00,5000.00,260000.00,330.78,293
1777266858260,336.00,5033.00,260000.00,328.32,291
1777266858288,367.00,5064.00,260000.00,330.78,291
1777266858339,341.00,5000.00,260000.00,330.32,293
1777266858367,334.00,5031.00,260000.00,328.78,291
1777266858396,344.00,4968.00,260000.00,330.78,291
1777266858425,338.00,5033.00,260000.00,332.16,293
1777266858457,322.00,5033.00,260000.00,327.86,291
1777266858483,340.00,5065.00,260000.00,331.70,291
1777266858532,339.00,4967.00,260000.00,330.32,293
1777266858559,318.00,5000.00,260000.00,327.40,291
1777266858586,313.00,5000.00,260000.00,328.94,291
1777266858613,321.00,5033.00,260000.00,331.24,293
1777266858660,320.00,5003.00,260000.00,326.94,291
1777266858686,331.00,5003.00,260000.00,332.16,291
1777266858738,333.00,5000.00,260000.00,330.78,293
1777266858764,344.00,5031.00,260000.00,327.86,291
1777266858790,334.00,5018.00,260000.00,328.94,291
1777266858816,341.00,4991.00,260000.00,329.40,293
1777266858864,329.00,5000.00,260000.00,328.78,291
1777266858890,321.00,5033.00,260000.00,329.86,291
1777266858917,332.00,5065.00,260000.00,329.86,293
1777266858964,340.00,5031.00,260000.00,328.78,291
1777266858991,342.00,5032.00,260000.00,330.32,291
1777266859018,323.00,4968.00,260000.00,328.94,293
1777266859066,331.00,5019.00,260000.00,327.40,291
1777266859092,330.00,5033.00,260000.00,329.40,291
1777266859118,349.00,5063.00,260000.00,329.86,293
1777266859145,354.00,5048.00,260000.00,329.24,291
1777266859194,336.00,5033.00,260000.00,330.32,291
1777266859220,339.00,5001.00,260000.00,330.78,293
1777266859246,315.00,5001.00,260000.00,327.40,291
1777266859294,333.00,5000.00,260000.00,328.94,291
1777266859321,321.00,5033.00,260000.00,329.86,293
1777266859347,346.00,5033.00,260000.00,327.86,291
1777266859394,311.00,5033.00,260000.00,331.24,291
1777266859420,312.00,5001.00,260000.00,329.86,293
1777266859468,345.00,5032.00,260000.00,329.24,291
1777266859495,353.00,5000.00,260000.00,330.32,291
1777266859521,305.00,5033.00,260000.00,328.48,293
1777266859547,339.00,5061.00,260000.00,327.40,291
1777266859595,355.00,5000.00,260000.00,331.24,291
1777266859620,345.00,5031.00,260000.00,332.16,293
1777266859646,331.00,4981.00,260000.00,327.86,291
1777266859694,343.00,5033.00,260000.00,329.86,291
1777266859720,338.00,5033.00,260000.00,329.86,293
1777266859746,328.00,5033.00,260000.00,327.40,291
1777266859794,343.00,5000.00,260000.00,329.86,291
1777266859820,337.00,5033.00,260000.00,329.40,293
1777266859847,331.00,5058.00,260000.00,327.40,291
1777266859894,326.00,5031.00,260000.00,330.78,291
1777266859921,338.00,5000.00,260000.00,331.24,293
1777266859947,315.00,5031.00,260000.00,327.86,291
1777266859994,324.00,5033.00,260000.00,329.86,291
1777266860185,349.00,4808.00,260000.00,329.86,293
1777266860207,338.00,4841.00,260000.00,328.32,291
1777266860250,329.00,4865.00,260000.00,330.32,291
1777266860273,334.00,4839.00,260000.00,329.86,293
1777266860316,325.00,4833.00,260000.00,328.32,291
1777266860339,344.00,4835.00,260000.00,332.16,291
1777266860385,348.00,4801.00,260000.00,330.78,293
1777266860408,327.00,4866.00,260000.00,326.94,291
1777266860451,332.00,4881.00,260000.00,328.94,291
1777266860474,337.00,4836.00,260000.00,332.16,293
1777266860518,319.00,4865.00,260000.00,326.94,291
1777266860541,327.00,4833.00,260000.00,330.78,291
1777266860584,335.00,4833.00,260000.00,332.16,293
1777266860607,324.00,4866.00,260000.00,327.86,291
1777266860653,313.00,4896.00,260000.00,330.78,291
1777266860677,327.00,4866.00,260000.00,330.32,293
1777266860700,329.00,4837.00,260000.00,328.32,291
1777266860743,339.00,4860.00,260000.00,328.48,291
1777266860767,339.00,4866.00,260000.00,330.32,293
1777266860811,342.00,4833.00,260000.00,327.86,291
1777266860834,334.00,4866.00,260000.00,329.86,291
1777266860878,350.00,4840.00,260000.00,330.32,293
1777266860901,344.00,4835.00,260000.00,328.78,291
1777266860945,346.00,4833.00,260000.00,331.70,291
1777266860969,318.00,4820.00,260000.00,329.40,293
1777266861013,345.00,4866.00,260000.00,329.70,291
1777266861037,313.00,4866.00,260000.00,328.94,291
1777266861081,343.00,4874.00,260000.00,328.94,293
1777266861104,340.00,4835.00,260000.00,328.78,291
1777266861148,335.00,4831.00,260000.00,330.32,291
1777266861172,340.00,4801.00,260000.00,329.86,293
1777266861195,339.00,4866.00,260000.00,329.24,291
1777266861240,347.00,4866.00,260000.00,328.94,291
1777266861263,325.00,4869.00,260000.00,330.32,293
1777266861308,314.00,4866.00,260000.00,326.94,291
1777266861332,330.00,4858.00,260000.00,329.40,291
1777266861379,309.00,4833.00,260000.00,329.40,293
1777266861405,333.00,4835.00,260000.00,328.32,291
1777266861429,342.00,4867.00,260000.00,331.70,291
1777266861473,334.00,4833.00,260000.00,329.86,293
1777266861497,345.00,4866.00,260000.00,328.32,291
1777266861541,347.00,4816.00,260000.00,330.32,291
1777266861565,345.00,4834.00,260000.00,330.78,293
1777266861610,345.00,4850.00,260000.00,329.24,291
1777266861634,323.00,4897.00,260000.00,330.32,291
1777266861659,329.00,4834.00,260000.00,329.86,293
1777266861704,320.00,4866.00,260000.00,329.24,291
1777266861728,347.00,4854.00,260000.00,329.86,291
1777266861773,322.00,4866.00,260000.00,329.86,293
1777266861797,331.00,4870.00,260000.00,326.48,291
1777266861842,317.00,4864.00,260000.00,328.02,291
1777266861868,326.00,4836.00,260000.00,330.78,293
1777266861892,329.00,4866.00,260000.00,328.32,291
1777266861937,325.00,4866.00,260000.00,330.32,291
1777266861961,335.00,4857.00,260000.00,329.86,293
1777266862007,319.00,4833.00,260000.00,328.78,291
1777266862031,323.00,4866.00,260000.00,328.02,291
1777266862055,337.00,4868.00,260000.00,329.86,293
1777266862101,333.00,4856.00,260000.00,328.32,291
1777266862125,332.00,4866.00,260000.00,330.78,291
1777266862171,354.00,4806.00,260000.00,330.78,293
1777266862195,325.00,4834.00,260000.00,328.78,291
1777266862220,336.00,4866.00,260000.00,332.16,291
1777266862266,335.00,4867.00,260000.00,329.86,293
1777266862290,328.00,4838.00,260000.00,328.78,291
1777266862336,333.00,4898.00,260000.00,329.86,291
1777266862361,334.00,4866.00,260000.00,329.86,293
1777266862386,333.00,4866.00,260000.00,327.40,291
1777266862431,358.00,4833.00,260000.00,331.70,291
1777266862456,316.00,4866.00,260000.00,329.40,293
1777266862502,325.00,4843.00,260000.00,328.78,291
1777266862527,339.00,4872.00,260000.00,331.24,291
1777266862576,336.00,4833.00,260000.00,330.78,293
1777266862601,334.00,4865.00,260000.00,326.94,291
1777266862626,356.00,4898.00,260000.00,330.78,291
1777266862651,353.00,4834.00,260000.00,331.70,293
1777266862697,332.00,4895.00,260000.00,329.70,291
1777266862723,335.00,4866.00,260000.00,331.24,291
1777266862748,321.00,4866.00,260000.00,329.86,293
1777266862794,315.00,4838.00,260000.00,328.78,291
1777266862819,329.00,4866.00,260000.00,328.48,291
1777266862865,329.00,4866.00,260000.00,328.48,293
1777266862891,328.00,4868.00,260000.00,326.94,291
1777266862916,339.00,4835.00,260000.00,329.86,291
1777266862962,340.00,4866.00,260000.00,330.78,293
1777266862987,338.00,4864.00,260000.00,326.94,291
1777266863034,331.00,4866.00,260000.00,333.08,291
1777266863060,332.00,4866.00,260000.00,329.86,293
1777266863084,326.00,4835.00,260000.00,328.78,291
1777266863131,323.00,4850.00,260000.00,328.48,291
1777266863156,338.00,4863.00,260000.00,332.16,293
1777266863181,323.00,4836.00,260000.00,327.40,291
1777266863227,312.00,4866.00,260000.00,328.48,291
1777266863253,350.00,4866.00,260000.00,330.78,293
1777266863278,341.00,4838.00,260000.00,328.78,291
1777266863325,334.00,4866.00,260000.00,329.40,291
1777266863349,326.00,4835.00,260000.00,330.78,293
1777266863396,337.00,4898.00,260000.00,327.86,291
1777266863422,333.00,4866.00,260000.00,331.24,291
1777266863451,354.00,4834.00,260000.00,330.78,293
1777266863477,347.00,4866.00,260000.00,328.32,291
1777266863526,341.00,4899.00,260000.00,328.94,291
1777266863551,356.00,4849.00,260000.00,329.86,293
1777266863577,343.00,4835.00,260000.00,327.86,291
1777266863624,330.00,4833.00,260000.00,330.78,291
1777266863651,336.00,4866.00,260000.00,329.40,293
1777266863676,313.00,4897.00,260000.00,326.02,291
1777266863723,325.00,4845.00,260000.00,329.86,291
1777266863749,349.00,4866.00,260000.00,329.86,293
1777266863776,348.00,4895.00,260000.00,328.32,291
1777266863823,359.00,4887.00,260000.00,329.86,291
1777266863849,325.00,4866.00,260000.00,328.94,293
1777266863875,336.00,4840.00,260000.00,328.32,291
1777266863922,335.00,4866.00,260000.00,330.78,291
1777266863948,329.00,4866.00,260000.00,329.40,293
1777266863974,339.00,4839.00,260000.00,326.02,291
1777266864021,326.00,4894.00,260000.00,328.94,291
1777266864052,334.00,4835.00,260000.00,330.78,293
1777266864079,350.00,4866.00,260000.00,328.78,291
1777266864127,323.00,4862.00,260000.00,329.40,291
1777266864153,324.00,4844.00,260000.00,328.94,293
1777266864179,341.00,4866.00,260000.00,329.70,291
1777266864203,324.00,4866.00,260000.00,330.32,291
1777266864251,344.00,4895.00,260000.00,332.16,293
1777266864278,342.00,4866.00,260000.00,328.78,291
1777266864304,325.00,4841.00,260000.00,330.78,291
1777266864352,336.00,4866.00,260000.00,329.86,293
1777266864378,333.00,4835.00,260000.00,328.78,291
1777266864403,332.00,4898.00,260000.00,331.70,291
1777266864451,346.00,4886.00,260000.00,329.86,293
1777266864478,305.00,4866.00,260000.00,328.32,291
1777266864526,342.00,4866.00,260000.00,328.48,291
1777266864551,341.00,4835.00,260000.00,329.86,293
1777266864578,337.00,4876.00,260000.00,326.02,291
1777266864604,317.00,4837.00,260000.00,328.48,291
1777266864652,332.00,4886.00,260000.00,328.94,293
1777266864681,329.00,4866.00,260000.00,328.78,291
1777266864707,357.00,4839.00,260000.00,330.32,291
1777266864755,329.00,4896.00,260000.00,328.94,293
1777266864781,336.00,4836.00,260000.00,328.78,291
1777266864807,327.00,4834.00,260000.00,328.02,291
1777266864858,334.00,4833.00,260000.00,328.02,293
1777266864885,326.00,4866.00,260000.00,328.78,291
1777266864912,337.00,4866.00,260000.00,329.86,291
1777266864938,323.00,4866.00,260000.00,329.86,293
1777266864985,345.00,4842.00,260000.00,329.70,291
1777266865011,331.00,4900.00,260000.00,329.86,291
1777266865062,326.00,4933.00,260000.00,329.40,293
1777266865087,321.00,4966.00,260000.00,328.32,291
1777266865113,63.00,5000.00,260000.00,66.62,59
1777266865139,60.00,5000.00,260000.00,66.00,59
1777266865164,66.00,5010.00,260000.00,64.62,57
1777266865193,135.00,4953.00,260000.00,132.16,118
1777266865240,66.00,4933.00,260000.00,65.08,57
1777266865269,70.00,4938.00,260000.00,67.08,59
1777266865294,60.00,4911.00,260000.00,65.08,59
1777266865327,135.00,4886.00,260000.00,132.62,116
1777266865352,68.00,4898.00,260000.00,64.62,59
1777266865377,61.00,4872.00,260000.00,65.54,57
1777266865402,136.00,4813.00,260000.00,132.62,118
1777266865447,72.00,4793.00,260000.00,65.54,57
1777266865472,129.00,4797.00,260000.00,133.08,118
1777266865517,60.00,4746.00,260000.00,65.54,57
1777266865543,136.00,4720.00,260000.00,133.54,118
1777266865589,129.00,4700.00,260000.00,133.08,116
1777266865614,82.00,4671.00,260000.00,65.54,59
1777266865639,65.00,4653.00,260000.00,65.54,57
1777266865664,59.00,4626.00,260000.00,67.08,59
1777266865695,62.00,4631.00,260000.00,64.62,59
1777266865720,62.00,4605.00,260000.00,65.08,57
1777266865746,132.00,4580.00,260000.00,133.08,118
1777266865793,65.00,4554.00,260000.00,65.08,57
1777266865819,135.00,4511.00,260000.00,133.54,118
1777266865867,61.00,4511.00,260000.00,65.08,57
1777266865895,124.00,4485.00,260000.00,132.16,118
1777266865920,66.00,4465.00,260000.00,65.08,57
1777266865945,71.00,4440.00,260000.00,67.54,59
1777266865973,131.00,4442.00,260000.00,130.16,116
1777266865998,57.00,4393.00,260000.00,66.62,59
1777266866024,63.00,4366.00,260000.00,64.62,59
1777266866052,65.00,4373.00,260000.00,65.54,57
1777266866078,73.00,4375.00,260000.00,68.00,59
1777266866110,60.00,4339.00,260000.00,65.54,59
1777266866136,61.00,4325.00,260000.00,66.00,57
1777266866161,70.00,4298.00,260000.00,67.08,59
1777266866192,127.00,4240.00,260000.00,131.08,116
1777266866220,70.00,4220.00,260000.00,67.54,59
1777266866252,79.00,4224.00,260000.00,66.00,59
1777266866279,63.00,4195.00,260000.00,65.54,57
1777266866315,123.00,4171.00,260000.00,132.16,118
1777266866340,59.00,4151.00,260000.00,66.00,57
1777266866366,68.00,4126.00,260000.00,67.08,59
1777266866393,120.00,4131.00,260000.00,129.24,116
1777266866440,135.00,4110.00,260000.00,133.54,118
1777266866467,62.00,4053.00,260000.00,65.08,57
1777266866493,71.00,4032.00,260000.00,68.00,59
1777266866524,67.00,4038.00,260000.00,65.54,59
1777266866549,62.00,4011.00,260000.00,64.62,57
1777266866573,71.00,3985.00,260000.00,68.00,59
1777266866600,133.00,3976.00,260000.00,131.08,116
1777266866646,138.00,3940.00,260000.00,133.08,118
1777266866672,68.00,3943.00,260000.00,65.08,57
1777266866726,133.00,3860.00,260000.00,132.62,118
1777266866752,72.00,3833.00,260000.00,65.08,57
1777266866780,64.00,3844.00,260000.00,68.00,59
1777266866805,137.00,3817.00,260000.00,130.62,116
1777266866852,124.00,3797.00,260000.00,132.16,118
1777266866877,71.00,3740.00,260000.00,65.08,57
1777266866902,73.00,3720.00,260000.00,68.00,59
1777266866928,68.00,3726.00,260000.00,66.00,59
1777266866953,138.00,3711.00,260000.00,133.54,116
1777266866977,65.00,3711.00,260000.00,64.62,59
1777266867003,64.00,3686.00,260000.00,65.08,57
1777266867027,72.00,3658.00,260000.00,67.08,59
1777266867052,72.00,3664.00,260000.00,64.62,59
1777266867076,142.00,3663.00,260000.00,132.16,116
1777266867293,141.00,3418.00,260000.00,130.62,116
1777266867315,70.00,3402.00,260000.00,67.54,59
1777266867336,142.00,3406.00,260000.00,130.62,116
1777266867358,72.00,3380.00,260000.00,68.00,59
1777266867388,67.00,3349.00,260000.00,64.62,59
1777266867410,134.00,3344.00,260000.00,133.08,116
1777266867432,125.00,3339.00,260000.00,129.70,116
1777266867455,72.00,3326.00,260000.00,68.00,59
1777266867477,138.00,3331.00,260000.00,131.54,116
1777266867499,136.00,3331.00,260000.00,132.16,118
1777266867522,70.00,3306.00,260000.00,64.62,57
1777266867545,139.00,3266.00,260000.00,132.62,118
1777266867567,59.00,3271.00,260000.00,64.16,57
1777266867589,143.00,3252.00,260000.00,132.62,118
1777266867613,67.00,3233.00,260000.00,65.08,57
1777266867635,136.00,3233.00,260000.00,131.70,118
1777266867657,136.00,3244.00,260000.00,132.16,116
1777266867680,66.00,3195.00,260000.00,65.54,59
1777266867705,128.00,3176.00,260000.00,133.54,116
1777266867728,139.00,3146.00,260000.00,131.08,116
1777266867750,71.00,3159.00,260000.00,68.00,59
1777266867773,133.00,3169.00,260000.00,129.70,116
1777266867795,75.00,3163.00,260000.00,68.00,59
1777266867817,132.00,3126.00,260000.00,131.08,116
1777266867840,127.00,3100.00,260000.00,132.16,118
1777266867862,70.00,3112.00,260000.00,66.00,57
1777266867885,136.00,3123.00,260000.00,133.08,118
1777266867907,71.00,3098.00,260000.00,66.00,57
1777266867930,134.00,3077.00,260000.00,132.62,118
1777266867952,66.00,3051.00,260000.00,64.62,57
1777266867974,125.00,3065.00,260000.00,132.16,118
1777266867997,65.00,3063.00,260000.00,65.08,57
1777266868020,141.00,3018.00,260000.00,133.54,118
1777266868042,130.00,2990.00,260000.00,131.70,116
1777266868064,60.00,3002.00,260000.00,65.54,59
1777266868087,137.00,3018.00,260000.00,132.16,116
1777266868109,68.00,2966.00,260000.00,64.62,59
1777266868131,131.00,2973.00,260000.00,132.16,116
1777266868155,73.00,2941.00,260000.00,65.08,59
1777266868178,137.00,2952.00,260000.00,130.78,116
1777266868200,138.00,2938.00,260000.00,131.08,116
1777266868223,72.00,2910.00,260000.00,66.62,59
1777266868245,132.00,2888.00,260000.00,131.08,116
1777266868267,71.00,2904.00,260000.00,66.62,59
1777266868290,141.00,2878.00,260000.00,130.62,116
1777266868312,134.00,2853.00,260000.00,131.70,118
1777266868334,63.00,2865.00,260000.00,66.00,57
1777266868356,139.00,2834.00,260000.00,132.62,118
1777266868378,70.00,2818.00,260000.00,65.54,57
1777266868401,132.00,2796.00,260000.00,132.16,118
1777266868422,57.00,2807.00,260000.00,65.08,57
1777266868444,125.00,2818.00,260000.00,132.62,118
1777266868466,68.00,2760.00,260000.00,65.54,57
1777266868488,134.00,2731.00,260000.00,131.24,118
1777266868512,70.00,2747.00,260000.00,65.54,57
1777266868535,123.00,2757.00,260000.00,133.08,118
1777266868557,60.00,2738.00,260000.00,65.08,57
1777266868579,121.00,2711.00,260000.00,132.62,118
1777266868605,65.00,2680.00,260000.00,65.08,57
1777266868627,138.00,2688.00,260000.00,133.08,118
1777266868650,69.00,2673.00,260000.00,66.00,57
1777266868672,140.00,2648.00,260000.00,133.54,118
1777266868695,70.00,2666.00,260000.00,65.08,57
1777266868718,144.00,2664.00,260000.00,133.54,118
1777266868741,63.00,2611.00,260000.00,65.54,57
1777266868763,128.00,2596.00,260000.00,132.62,118
1777266868786,74.00,2598.00,260000.00,66.00,57
1777266868808,135.00,2580.00,260000.00,132.62,118
1777266868831,63.00,2553.00,260000.00,65.08,57
1777266868854,152.00,2564.00,260000.00,132.62,118
1777266868877,134.00,2542.00,260000.00,132.16,116
1777266868900,65.00,2520.00,260000.00,65.08,59
1777266868922,131.00,2533.00,260000.00,131.70,116
1777266868945,69.00,2506.00,260000.00,65.08,59
1777266868967,130.00,2515.00,260000.00,131.70,116
1777266868990,77.00,2460.00,260000.00,66.00,59
1777266869012,125.00,2473.00,260000.00,132.16,116
1777266869035,63.00,2477.00,260000.00,66.00,59
1777266869057,64.00,2417.00,260000.00,64.62,57
1777266869080,136.00,2433.00,260000.00,132.62,118
1777266869103,143.00,2413.00,260000.00,133.54,116
1777266869125,71.00,2420.00,260000.00,65.08,59
1777266869149,138.00,2389.00,260000.00,131.70,116
1777266869176,124.00,2374.00,260000.00,129.70,116
1777266869199,65.00,2385.00,260000.00,67.08,59
1777266869222,131.00,2365.00,260000.00,131.08,116
1777266869245,70.00,2340.00,260000.00,67.54,59
1777266869268,124.00,2320.00,260000.00,130.62,116
1777266869291,65.00,2325.00,260000.00,67.54,59
1777266869314,123.00,2273.00,260000.00,130.16,116
1777266869337,129.00,2280.00,260000.00,131.70,118
1777266869360,60.00,2293.00,260000.00,65.08,57
1777266869388,134.00,2245.00,260000.00,131.70,118
1777266869411,139.00,2252.00,260000.00,133.08,116
1777266869434,56.00,2233.00,260000.00,66.00,59
1777266869457,136.00,2210.00,260000.00,132.16,116
1777266869480,138.00,2214.00,260000.00,131.08,116
1777266869503,74.00,2194.00,260000.00,67.54,59
1777266869526,137.00,2206.00,260000.00,130.62,116
1777266869549,132.00,2211.00,260000.00,132.62,118
1777266869572,67.00,2163.00,260000.00,66.00,57
1777266869595,135.00,2170.00,260000.00,131.24,118
1777266869618,72.00,2120.00,260000.00,66.00,57
1777266869641,132.00,2120.00,260000.00,132.62,118
1777266869663,69.00,2100.00,260000.00,65.08,57
1777266869686,67.00,2111.00,260000.00,67.08,59
1777266869709,134.00,2095.00,260000.00,132.00,116
1777266869731,67.00,2060.00,260000.00,68.00,59
1777266869754,129.00,2073.00,260000.00,131.08,116
1777266869777,71.00,2078.00,260000.00,67.08,59
1777266869799,126.00,2058.00,260000.00,129.24,116
1777266869822,73.00,2000.00,260000.00,67.08,59
1777266869845,137.00,2006.00,260000.00,130.16,116
1777266869867,76.00,1987.00,260000.00,67.08,59
1777266869889,125.00,1966.00,260000.00,129.70,116
1777266869912,71.00,1973.00,260000.00,67.08,59
1777266869934,139.00,1946.00,260000.00,130.16,116
1777266869957,64.00,1960.00,260000.00,68.00,59
1777266869979,128.00,1971.00,260000.00,129.70,116
1777266870002,70.00,1914.00,260000.00,67.08,59
1777266870024,140.00,1924.00,260000.00,130.62,116
1777266870047,136.00,1932.00,260000.00,133.08,118
1777266870069,65.00,1886.00,260000.00,64.62,57
1777266870092,74.00,1854.00,260000.00,66.62,59
1777266870114,135.00,1861.00,260000.00,131.54,116
1777266870137,75.00,1872.00,260000.00,67.54,59
1777266870159,127.00,1880.00,260000.00,132.00,116
1777266870182,68.00,1873.00,260000.00,68.00,59
1777266870204,143.00,1879.00,260000.00,129.70,116
1777266870227,72.00,1893.00,260000.00,67.08,59
1777266870250,119.00,1886.00,260000.00,130.62,116
1777266870272,70.00,1887.00,260000.00,66.62,59
1777266870295,137.00,1900.00,260000.00,130.62,116
1777266870318,128.00,1900.00,260000.00,131.70,118
1777266870341,56.00,1906.00,260000.00,65.08,57
1777266870363,138.00,1900.00,260000.00,133.08,118
1777266870386,70.00,1909.00,260000.00,66.00,57
1777266870409,61.00,1919.00,260000.00,66.62,59
1777266870432,135.00,1913.00,260000.00,130.62,116
1777266870454,70.00,1913.00,260000.00,67.54,59
1777266870477,131.00,1919.00,260000.00,131.08,116
1777266870500,58.00,1920.00,260000.00,66.62,59
1777266870526,135.00,1926.00,260000.00,129.70,116
1777266870548,72.00,1920.00,260000.00,68.00,59
1777266870571,67.00,1933.00,260000.00,65.54,59
1777266870593,142.00,1940.00,260000.00,133.08,116
1777266870618,57.00,1920.00,260000.00,64.16,59
1777266870641,144.00,1937.00,260000.00,132.62,116
1777266870663,63.00,1946.00,260000.00,65.54,59
1777266870686,146.00,1946.00,260000.00,133.08,116
1777266870709,69.00,1946.00,260000.00,65.08,59
1777266870731,138.00,1953.00,260000.00,133.08,116
1777266870754,57.00,1940.00,260000.00,65.08,59
1777266870777,139.00,1960.00,260000.00,133.08,116
1777266870800,68.00,1961.00,260000.00,65.08,59
1777266870822,72.00,1960.00,260000.00,65.54,57
1777266870845,135.00,1960.00,260000.00,132.16,118
1777266870868,67.00,1976.00,260000.00,65.54,57
1777266870891,137.00,1980.00,260000.00,133.54,118
1777266870915,69.00,1980.00,260000.00,65.08,57
1777266870938,70.00,1973.00,260000.00,67.08,59
1777266870961,128.00,1980.00,260000.00,131.08,116
1777266870984,82.00,1976.00,260000.00,68.00,59
1777266871007,129.00,1980.00,260000.00,129.24,116
1777266871030,72.00,1980.00,260000.00,68.00,59
1777266871053,63.00,1993.00,260000.00,65.54,59
1777266871076,122.00,1996.00,260000.00,132.16,116
1777266871100,67.00,1998.00,260000.00,65.08,59
1777266871123,142.00,2000.00,260000.00,133.08,116
1777266871147,60.00,2000.00,260000.00,66.00,59
1777266871170,135.00,2006.00,260000.00,132.62,116
1777266871193,61.00,2013.00,260000.00,64.62,59
1777266871217,62.00,2001.00,260000.00,64.62,57
1777266871240,136.00,2013.00,260000.00,131.70,118
1777266871263,56.00,2026.00,260000.00,64.62,57
1777266871287,133.00,2020.00,260000.00,132.62,118
1777266871310,68.00,2025.00,260000.00,66.00,57
1777266871336,128.00,2026.00,260000.00,132.62,118
1777266871380,140.00,2026.00,260000.00,132.16,116
1777266871403,69.00,2020.00,260000.00,66.00,59
1777266871429,66.00,2026.00,260000.00,65.08,57
1777266871453,140.00,2033.00,260000.00,132.16,118
1777266871476,74.00,2046.00,260000.00,66.00,57
1777266871500,142.00,2033.00,260000.00,133.08,118
1777266871524,72.00,2046.00,260000.00,64.62,57
1777266871549,136.00,2046.00,260000.00,132.16,118
1777266871593,130.00,2046.00,260000.00,132.62,116
1777266871617,64.00,2040.00,260000.00,65.08,59
1777266871640,57.00,2053.00,260000.00,65.54,57
1777266871664,140.00,2053.00,260000.00,132.62,118
1777266871687,65.00,2053.00,260000.00,64.62,57
1777266873201,77.00,1494.00,260000.00,38.70,0
1777266873299,66.00,1454.00,260000.00,36.70,0
1777266873322,133.00,1459.00,260000.00,76.40,0
1777266873347,59.00,1454.00,260000.00,36.70,0
1777266873369,64.00,1460.00,260000.00,37.70,0
1777266873393,140.00,1447.00,260000.00,75.40,0
1777266873416,64.00,1447.00,260000.00,37.70,0
1777266873438,135.00,1441.00,260000.00,75.40,0
1777266873461,69.00,1447.00,260000.00,37.70,0
1777266873484,135.00,1453.00,260000.00,75.40,0
1777266873512,68.00,1446.00,260000.00,37.70,0
1777266873534,130.00,1440.00,260000.00,75.40,0
1777266873558,73.00,1441.00,260000.00,37.70,0
1777266873581,62.00,1441.00,260000.00,38.70,0
1777266873772,138.00,1448.00,260000.00,74.40,0
1777266873794,75.00,1361.00,260000.00,38.70,0
1777266873818,138.00,1361.00,260000.00,74.40,0
1777266873839,64.00,1373.00,260000.00,38.70,0
1777266873863,137.00,1360.00,260000.00,74.40,0
1777266873890,131.00,1360.00,260000.00,75.40,0
1777266873912,122.00,1361.00,260000.00,76.40,0
1777266873934,73.00,1368.00,260000.00,36.70,0
1777266873956,65.00,1373.00,260000.00,37.70,0
1777266873978,143.00,1360.00,260000.00,75.40,0
1777266874000,64.00,1366.00,260000.00,37.70,0
1777266874022,129.00,1360.00,260000.00,75.40,0
1777266874044,66.00,1374.00,260000.00,37.70,0
1777266874066,125.00,1361.00,260000.00,75.40,0
1777266874088,50.00,1360.00,260000.00,37.70,0
1777266874111,132.00,1361.00,260000.00,133.08,118
1777266874134,75.00,1361.00,260000.00,66.00,57
1777266874157,73.00,1360.00,260000.00,67.54,59
1777266874181,128.00,1354.00,260000.00,130.62,116
1777266874203,62.00,1360.00,260000.00,66.62,59
1777266874227,134.00,1348.00,260000.00,130.62,116
1777266874252,143.00,1367.00,260000.00,133.08,118
1777266874274,68.00,1361.00,260000.00,65.08,57
1777266874296,129.00,1348.00,260000.00,132.62,118
1777266874318,61.00,1353.00,260000.00,65.08,57
1777266874340,135.00,1366.00,260000.00,133.08,118
1777266874367,144.00,1360.00,260000.00,132.16,116
1777266874389,61.00,1361.00,260000.00,65.08,59
1777266874411,136.00,1361.00,260000.00,132.62,116
1777266874433,66.00,1352.00,260000.00,66.00,59
1777266874455,138.00,1361.00,260000.00,131.70,116
1777266874478,56.00,1361.00,260000.00,65.54,59
1777266874500,130.00,1359.00,260000.00,131.24,116
1777266874523,59.00,1353.00,260000.00,65.54,59
1777266874546,63.00,1360.00,260000.00,65.08,57
1777266874568,145.00,1367.00,260000.00,132.62,118
1777266874590,138.00,1354.00,260000.00,132.16,116
1777266874612,67.00,1338.00,260000.00,64.62,59
1777266874635,129.00,1361.00,260000.00,131.70,116
1777266874657,72.00,1374.00,260000.00,65.54,59
1777266874680,130.00,1360.00,260000.00,133.54,116
1777266874702,136.00,1361.00,260000.00,131.08,116
1777266874725,65.00,1360.00,260000.00,67.54,59
1777266874747,131.00,1374.00,260000.00,131.54,116
1777266874769,71.00,1367.00,260000.00,67.08,59
1777266874792,132.00,1361.00,260000.00,131.08,116
1777266874814,69.00,1354.00,260000.00,68.00,59
1777266874837,127.00,1373.00,260000.00,131.08,116
1777266874859,63.00,1367.00,260000.00,67.54,59
1777266874882,130.00,1361.00,260000.00,131.54,116
1777266874905,67.00,1357.00,260000.00,67.08,59
1777266874927,134.00,1374.00,260000.00,130.16,116
1777266874949,131.00,1358.00,260000.00,133.08,118
1777266874971,71.00,1358.00,260000.00,65.54,57
1777266874996,129.00,1367.00,260000.00,132.62,118
1777266875018,136.00,1373.00,260000.00,132.62,116
1777266875040,71.00,1366.00,260000.00,65.08,59
1777266875063,66.00,1359.00,260000.00,65.08,57
1777266875085,134.00,1367.00,260000.00,133.54,118
1777266875108,133.00,1380.00,260000.00,132.16,116
1777266875130,72.00,1367.00,260000.00,66.00,59
1777266875153,127.00,1366.00,260000.00,132.62,116
1777266875175,68.00,1368.00,260000.00,65.54,59
1777266875198,125.00,1381.00,260000.00,132.16,116
1777266875221,131.00,1367.00,260000.00,130.16,116
1777266875243,64.00,1367.00,260000.00,67.54,59
1777266875267,69.00,1362.00,260000.00,65.54,59
1777266875290,126.00,1380.00,260000.00,133.08,116
1777266875313,141.00,1374.00,260000.00,131.54,116
1777266875335,70.00,1361.00,260000.00,66.62,59
1777266875358,135.00,1373.00,260000.00,130.16,116
1777266875383,66.00,1374.00,260000.00,66.62,59
1777266875406,126.00,1374.00,260000.00,129.70,116
1777266875429,140.00,1374.00,260000.00,133.08,118
1777266875452,72.00,1374.00,260000.00,65.54,57
1777266875474,133.00,1374.00,260000.00,132.62,118
1777266875497,65.00,1374.00,260000.00,65.54,57
1777266875519,133.00,1364.00,260000.00,132.62,118
1777266875543,123.00,1377.00,260000.00,131.70,116
1777266875565,57.00,1381.00,260000.00,65.08,59
1777266875588,122.00,1375.00,260000.00,132.16,116
1777266875610,63.00,1394.00,260000.00,64.62,59
1777266875635,135.00,1379.00,260000.00,133.08,116
1777266875657,145.00,1381.00,260000.00,130.16,116
1777266875680,75.00,1375.00,260000.00,68.00,59
1777266875703,131.00,1392.00,260000.00,130.16,116
1777266875726,132.00,1379.00,260000.00,133.08,118
1777266875749,65.00,1394.00,260000.00,65.54,57
1777266875773,139.00,1407.00,260000.00,132.62,118
1777266875795,63.00,1388.00,260000.00,66.00,57
1777266875818,68.00,1387.00,260000.00,68.00,59
1777266875841,142.00,1392.00,260000.00,130.16,116
1777266875863,76.00,1406.00,260000.00,67.08,59
1777266875886,136.00,1388.00,260000.00,130.16,116
1777266875909,71.00,1380.00,260000.00,68.00,59
1777266875931,61.00,1392.00,260000.00,64.62,59
1777266875954,132.00,1400.00,260000.00,132.16,116
1777266875976,65.00,1381.00,260000.00,65.08,59
1777266875999,134.00,1387.00,260000.00,132.16,116
1777266876022,70.00,1385.00,260000.00,65.54,59
1777266876045,66.00,1387.00,260000.00,65.08,57
1777266876067,136.00,1381.00,260000.00,132.62,118
1777266876090,69.00,1390.00,260000.00,66.00,57
1777266876112,144.00,1385.00,260000.00,132.62,118
1777266876135,70.00,1394.00,260000.00,65.54,57
1777266876158,140.00,1381.00,260000.00,132.62,118
1777266876181,64.00,1386.00,260000.00,65.08,57
1777266876204,139.00,1397.00,260000.00,133.08,118
1777266876226,69.00,1394.00,260000.00,65.54,57
1777266876251,137.00,1381.00,260000.00,132.16,118
1777266876273,132.00,1394.00,260000.00,132.62,116
1777266876296,73.00,1397.00,260000.00,65.54,59
1777266876319,146.00,1394.00,260000.00,131.70,116
1777266876345,67.00,1394.00,260000.00,65.08,59
1777266876368,136.00,1401.00,260000.00,132.16,116
1777266876390,68.00,1408.00,260000.00,66.00,59
1777266876413,137.00,1414.00,260000.00,132.16,116
1777266876437,61.00,1401.00,260000.00,65.54,59
1777266876460,121.00,1401.00,260000.00,132.16,116
1777266876482,73.00,1408.00,260000.00,66.00,59
1777266876505,149.00,1414.00,260000.00,132.62,116
1777266876528,70.00,1395.00,260000.00,65.54,59
1777266876552,133.00,1409.00,260000.00,132.62,116
1777266876574,74.00,1414.00,260000.00,65.54,59
1777266876597,138.00,1414.00,260000.00,133.08,116
1777266876620,65.00,1418.00,260000.00,65.08,59
1777266876646,131.00,1414.00,260000.00,132.62,116
1777266876669,64.00,1414.00,260000.00,65.08,59
1777266876692,66.00,1433.00,260000.00,65.08,57
1777266876715,70.00,1440.00,260000.00,66.62,59
1777266876738,127.00,1446.00,260000.00,130.16,116
1777266876761,69.00,1447.00,260000.00,67.54,59
1777266876785,129.00,1466.00,260000.00,130.62,116
1777266876808,76.00,1480.00,260000.00,67.08,59
1777266876831,146.00,1486.00,260000.00,131.54,116
1777266876855,72.00,1487.00,260000.00,67.54,59
1777266876878,131.00,1506.00,260000.00,130.16,116
1777266876901,72.00,1520.00,260000.00,67.54,59
1777266876924,130.00,1526.00,260000.00,130.62,116
1777266876948,71.00,1539.00,260000.00,67.54,59
1777266876971,75.00,1546.00,260000.00,65.54,59
1777266876993,66.00,1547.00,260000.00,64.62,57
1777266877016,146.00,1558.00,260000.00,132.16,118
1777266877039,66.00,1570.00,260000.00,65.08,57
1777266877062,64.00,1580.00,260000.00,67.54,59
1777266877086,125.00,1586.00,260000.00,130.62,116
1777266877108,74.00,1600.00,260000.00,67.54,59
1777266877132,131.00,1606.00,260000.00,130.62,116
1777266877155,63.00,1607.00,260000.00,67.54,59
1777266877180,140.00,1620.00,260000.00,131.08,116
1777266877203,68.00,1640.00,260000.00,67.54,59
1777266877226,133.00,1646.00,260000.00,129.70,116
1777266877249,60.00,1658.00,260000.00,67.08,59
1777266877272,64.00,1666.00,260000.00,65.08,59
1777266877295,67.00,1667.00,260000.00,65.08,57
1777266877318,149.00,1673.00,260000.00,134.00,118
1777266877341,71.00,1686.00,260000.00,64.62,57
1777266877366,153.00,1700.00,260000.00,133.08,118
1777266877390,69.00,1706.00,260000.00,65.54,57
1777266877413,79.00,1720.00,260000.00,67.54,59
1777266877436,127.00,1726.00,260000.00,131.08,116
1777266877459,68.00,1732.00,260000.00,67.54,59
1777266877482,66.00,1746.00,260000.00,65.08,59
1777266877505,72.00,1747.00,260000.00,65.54,57
1777266877528,137.00,1760.00,260000.00,133.08,118
1777266877551,73.00,1767.00,260000.00,65.54,57
1777266877576,141.00,1780.00,260000.00,132.16,118
1777266877600,67.00,1786.00,260000.00,65.54,57
1777266877623,75.00,1800.00,260000.00,67.54,59
1777266877646,146.00,1806.00,260000.00,131.54,116
1777266877669,63.00,1812.00,260000.00,67.54,59
1777266877693,67.00,1826.00,260000.00,65.08,59
1777266877716,70.00,1827.00,260000.00,66.00,57
1777266877739,144.00,1840.00,260000.00,132.62,118
1777266877762,66.00,1847.00,260000.00,65.54,57
1777266877787,135.00,1860.00,260000.00,131.24,118
1777266877810,67.00,1866.00,260000.00,65.54,57
1777266877832,66.00,1880.00,260000.00,67.54,59
1777266877856,131.00,1886.00,260000.00,130.16,116
1777266877879,64.00,1893.00,260000.00,67.54,59
1777266877903,67.00,1906.00,260000.00,65.54,59
1777266877926,64.00,1907.00,260000.00,65.08,57
1777266877949,136.00,1920.00,260000.00,131.70,118
1777266877972,65.00,1926.00,260000.00,65.54,57
1777266877996,78.00,1927.00,260000.00,67.54,59
1777266878020,127.00,1946.00,260000.00,130.62,116
1777266878043,67.00,1960.00,260000.00,66.16,59
1777266878067,65.00,1966.00,260000.00,65.08,59
1777266878091,63.00,1971.00,260000.00,65.54,57
1777266878120,135.00,1980.00,260000.00,132.62,118
1777266878143,71.00,1987.00,260000.00,60.94,57
1777266878166,133.00,2000.00,260000.00,122.96,118
1777266878190,65.00,2006.00,260000.00,62.32,57
1777266878213,66.00,2014.00,260000.00,62.48,59
1777266878238,68.00,2021.00,260000.00,61.40,59
1777266878262,68.00,2027.00,260000.00,63.70,57
1777266878284,68.00,2033.00,260000.00,62.02,59
1777266878309,135.00,2033.00,260000.00,120.50,116
1777266878332,67.00,2033.00,260000.00,65.70,59
1777266878360,66.00,2033.00,260000.00,58.18,59
1777266878383,68.00,2034.00,260000.00,59.56,57
1777266878406,129.00,2026.00,260000.00,119.74,118
1777266878431,67.00,2026.00,260000.00,60.02,57
1777266878479,62.00,2020.00,260000.00,65.70,59
1777266878503,65.00,2013.00,260000.00,60.94,59
1777266878526,130.00,2014.00,260000.00,125.26,116
1777266878550,63.00,2007.00,260000.00,60.02,59
1777266878575,67.00,2014.00,260000.00,63.70,57
1777266878599,70.00,2013.00,260000.00,62.94,59
1777266878621,70.00,2015.00,260000.00,61.40,59
1777266878645,71.00,2026.00,260000.00,60.94,57
1777266878668,119.00,2033.00,260000.00,119.28,118
1777266878712,60.00,2046.00,260000.00,59.10,57
1777266878736,125.00,2053.00,260000.00,120.66,118
1777266878759,68.00,2066.00,260000.00,61.86,57
1777266878783,70.00,2060.00,260000.00,65.70,59
1777266878807,68.00,2056.00,260000.00,62.32,59
1777266878830,69.00,2053.00,260000.00,60.48,57
1777266878854,131.00,2053.00,260000.00,122.04,118
1777266878899,139.00,2040.00,260000.00,122.04,116
1777266878923,66.00,2036.00,260000.00,60.48,59
1777266878946,60.00,2040.00,260000.00,59.56,57
1777266878970,142.00,2040.00,260000.00,123.42,118
1777266879018,139.00,2034.00,260000.00,123.88,116
1777266879042,62.00,2029.00,260000.00,60.94,59
1777266879065,70.00,2033.00,260000.00,63.70,57
1777266879089,136.00,2027.00,260000.00,123.88,118
1777266879134,130.00,2033.00,260000.00,122.50,116
1777266879159,68.00,2022.00,260000.00,63.70,59
1777266879182,67.00,2026.00,260000.00,60.48,57
1777266879207,136.00,2020.00,260000.00,123.88,118
1777266879251,143.00,2013.00,260000.00,122.96,116
1777266879275,72.00,2006.00,260000.00,63.70,59
1777266879298,54.00,2019.00,260000.00,63.70,57
1777266879322,72.00,2000.00,260000.00,61.56,59
1777266879345,68.00,1993.00,260000.00,63.70,59
1777266879368,70.00,2000.00,260000.00,63.70,57
1777266879391,71.00,1994.00,260000.00,62.48,59
1777266879414,124.00,1992.00,260000.00,120.50,116
1777266879438,72.00,1981.00,260000.00,62.94,59
1777266879461,63.00,1992.00,260000.00,59.10,59
1777266879485,118.00,1998.00,260000.00,129.40,116
1777266879508,63.00,1992.00,260000.00,60.48,59
1777266879531,70.00,1986.00,260000.00,63.70,57
1777266879555,66.00,1976.00,260000.00,62.94,59
1777266879578,135.00,1979.00,260000.00,120.04,116
1777266879602,70.00,1985.00,260000.00,65.70,59
1777266879625,65.00,1979.00,260000.00,60.48,59
1777266879649,129.00,1966.00,260000.00,121.58,116
1777266879673,62.00,1965.00,260000.00,59.10,59
1777266879697,61.00,1966.00,260000.00,63.70,57
1777266879720,66.00,1972.00,260000.00,62.48,59
1777266879743,131.00,1960.00,260000.00,120.04,116
1777266879767,70.00,1955.00,260000.00,61.56,59
1777266879790,124.00,1960.00,260000.00,120.96,116
1777266879813,70.00,1968.00,260000.00,65.70,59
1777266879837,72.00,1959.00,260000.00,60.94,59
1777266879860,63.00,1953.00,260000.00,63.70,57
1777266879885,65.00,1947.00,260000.00,62.02,59
1777266879908,128.00,1940.00,260000.00,119.58,116
1777266879932,64.00,1945.00,260000.00,60.64,59
1777266879955,68.00,1946.00,260000.00,61.40,59
1777266879978,119.00,1933.00,260000.00,129.40,116
1777266880022,133.00,1939.00,260000.00,120.96,116
1777266880046,66.00,1932.00,260000.00,62.02,59
1777266880069,65.00,1926.00,260000.00,63.70,59
1777266880092,143.00,1920.00,260000.00,126.18,116
1777266880116,71.00,1926.00,260000.00,60.48,59
1777266880139,66.00,1932.00,260000.00,59.10,57
1777266880163,70.00,1919.00,260000.00,62.02,59
1777266880186,62.00,1913.00,260000.00,60.48,59
1777266880209,60.00,1913.00,260000.00,59.56,57
1777266880232,130.00,1919.00,260000.00,122.50,118
1777266880256,69.00,1912.00,260000.00,63.70,57
1777266880282,71.00,1903.00,260000.00,62.48,59
1777266880305,128.00,1900.00,260000.00,121.42,116
1777266880328,65.00,1900.00,260000.00,65.70,59
1777266880351,62.00,1912.00,260000.00,63.70,59
1777266880394,65.00,1886.00,260000.00,63.70,57
1777266880418,129.00,1880.00,260000.00,121.58,118
1777266880441,60.00,1886.00,260000.00,59.10,57
1777266880464,127.00,1892.00,260000.00,120.66,118
1777266880509,134.00,1886.00,260000.00,122.04,116
1777266880533,70.00,1873.00,260000.00,63.70,59
1777266880581,128.00,1866.00,260000.00,122.04,116
1777266880627,108.00,1859.00,260000.00,127.40,116
1777266880650,64.00,1846.00,260000.00,62.48,59
1777266880673,59.00,1859.00,260000.00,57.72,59
1777266880696,134.00,1865.00,260000.00,122.04,116
1777266880740,130.00,1831.00,260000.00,118.20,116
1777266880763,67.00,1840.00,260000.00,62.48,59
1777266880789,69.00,1846.00,260000.00,61.40,59
1777266880812,65.00,1852.00,260000.00,60.48,57
1777266880835,70.00,1840.00,260000.00,65.70,59
1777266880858,71.00,1826.00,260000.00,63.70,59
1777266880902,140.00,1832.00,260000.00,125.26,116
1777266880924,66.00,1820.00,260000.00,60.94,59
1777266880948,63.00,1820.00,260000.00,59.10,57
1777266880971,127.00,1825.00,260000.00,121.12,118
1777266881014,66.00,1819.00,260000.00,63.70,57
1777266881037,119.00,1806.00,260000.00,122.50,118
1777266881086,140.00,1819.00,260000.00,123.88,116
1777266881109,56.00,1813.00,260000.00,63.70,59
1777266881132,73.00,1800.00,260000.00,61.40,57
1777266881156,65.00,1806.00,260000.00,62.02,59
1777266881179,68.00,1806.00,260000.00,63.70,59
1777266881209,147.00,1799.00,260000.00,125.72,116
1777266881232,63.00,1788.00,260000.00,63.70,59
1777266881275,141.00,1780.00,260000.00,122.50,116
1777266881298,61.00,1770.00,260000.00,58.64,59
1777266881510,66.00,1780.00,260000.00,59.56,57
1777266881564,70.00,1673.00,260000.00,62.02,59
1777266881586,132.00,1673.00,260000.00,120.96,116
1777266881608,71.00,1683.00,260000.00,65.70,59
1777266881630,127.00,1671.00,260000.00,117.74,116
1777266881652,67.00,1686.00,260000.00,65.70,59
1777266881673,120.00,1686.00,260000.00,120.04,116
1777266881695,63.00,1684.00,260000.00,60.64,59
1777266881717,135.00,1680.00,260000.00,120.50,116
1777266881739,58.00,1688.00,260000.00,59.72,59
1777266881761,125.00,1699.00,260000.00,118.20,116
1777266881783,140.00,1693.00,260000.00,122.96,118
1777266881805,58.00,1686.00,260000.00,63.70,57
1777266881827,135.00,1683.00,260000.00,121.58,118
1777266881849,67.00,1697.00,260000.00,60.02,57
1777266881871,131.00,1693.00,260000.00,120.66,118
1777266881899,69.00,1686.00,260000.00,61.40,57
1777266881921,74.00,1693.00,260000.00,63.40,59
1777266881944,129.00,1698.00,260000.00,120.04,116
1777266881966,119.00,1689.00,260000.00,120.20,118
1777266881990,70.00,1706.00,260000.00,63.70,57
1777266882014,64.00,1704.00,260000.00,62.02,59
1777266882036,114.00,1699.00,260000.00,115.44,116
1777266882059,131.00,1695.00,260000.00,122.04,118
1777266882081,50.00,1699.00,260000.00,57.72,57
1777266882103,139.00,1700.00,260000.00,125.26,118
1777266882125,65.00,1706.00,260000.00,63.70,57
1777266882147,137.00,1712.00,260000.00,125.26,118
1777266882176,130.00,1703.00,260000.00,121.58,116
1777266882199,64.00,1702.00,260000.00,60.02,59
1777266882221,127.00,1706.00,260000.00,122.04,116
1777266882243,57.00,1719.00,260000.00,57.26,59
1777266882266,148.00,1706.00,260000.00,125.72,116
1777266882288,70.00,1711.00,260000.00,63.70,59
1777266882310,124.00,1720.00,260000.00,122.04,116
1777266882333,66.00,1716.00,260000.00,63.70,59
1777266882355,127.00,1712.00,260000.00,119.74,116
1777266882377,66.00,1716.00,260000.00,60.02,59
1777266882400,146.00,1713.00,260000.00,123.88,116
1777266882422,72.00,1713.00,260000.00,61.40,59
1777266882445,140.00,1725.00,260000.00,123.42,116
1777266882467,72.00,1716.00,260000.00,60.94,59
1777266882489,124.00,1726.00,260000.00,121.12,116
1777266882512,123.00,1734.00,260000.00,120.96,116
1777266882534,70.00,1726.00,260000.00,62.48,59
1777266882556,80.00,1726.00,260000.00,64.16,59
1777266882578,143.00,1720.00,260000.00,124.80,116
1777266882601,133.00,1727.00,260000.00,121.88,116
1777266882623,72.00,1733.00,260000.00,62.48,59
1777266882646,130.00,1740.00,260000.00,118.66,116
1777266882669,73.00,1740.00,260000.00,65.70,59
1777266882691,129.00,1737.00,260000.00,122.34,116
1777266882714,127.00,1746.00,260000.00,122.04,118
1777266882737,65.00,1755.00,260000.00,63.70,57
1777266882759,123.00,1753.00,260000.00,120.20,118
1777266882781,66.00,1743.00,260000.00,60.94,57
1777266882804,125.00,1751.00,260000.00,122.96,118
1777266882830,61.00,1745.00,260000.00,63.70,57
1777266882852,137.00,1753.00,260000.00,121.58,118
1777266882874,132.00,1765.00,260000.00,122.96,116
1777266882897,61.00,1753.00,260000.00,63.70,59
1777266882920,151.00,1765.00,260000.00,123.42,116
1777266882942,61.00,1768.00,260000.00,60.02,59
1777266882964,136.00,1766.00,260000.00,123.42,116
1777266882987,137.00,1772.00,260000.00,120.04,116
1777266883012,68.00,1771.00,260000.00,62.48,59
1777266883037,125.00,1762.00,260000.00,116.82,116
1777266883059,144.00,1773.00,260000.00,124.34,118
1777266883081,77.00,1786.00,260000.00,63.70,57
1777266883104,140.00,1780.00,260000.00,123.42,118
1777266883128,62.00,1780.00,260000.00,63.70,57
1777266883151,147.00,1780.00,260000.00,126.18,118
1777266883173,133.00,1786.00,260000.00,122.04,116
1777266883196,64.00,1789.00,260000.00,59.56,59
1777266883222,133.00,1778.00,260000.00,121.58,116
1777266883245,133.00,1793.00,260000.00,119.12,116
1777266883269,65.00,1800.00,260000.00,61.10,59
1777266883292,121.00,1800.00,260000.00,119.12,116
1777266883315,135.00,1808.00,260000.00,122.96,118
1777266883342,66.00,1798.00,260000.00,59.56,57
1777266883364,67.00,1809.00,260000.00,62.02,59
1777266883387,139.00,1806.00,260000.00,120.96,116
1777266883409,57.00,1806.00,260000.00,65.70,59
1777266883432,135.00,1815.00,260000.00,121.42,116
1777266883455,139.00,1815.00,260000.00,122.04,118
1777266883479,73.00,1833.00,260000.00,61.40,57
1777266883501,133.00,1839.00,260000.00,123.42,118
1777266883524,63.00,1833.00,260000.00,59.56,57
1777266883547,133.00,1840.00,260000.00,122.04,118
1777266883570,59.00,1845.00,260000.00,63.70,57
1777266883593,131.00,1837.00,260000.00,122.96,118
1777266883615,65.00,1847.00,260000.00,60.02,57
1777266883638,137.00,1855.00,260000.00,123.88,118
1777266883661,68.00,1844.00,260000.00,62.32,57
1777266883686,138.00,1853.00,260000.00,122.50,118
1777266883710,140.00,1853.00,260000.00,123.88,116
1777266883732,65.00,1862.00,260000.00,60.02,59
1777266883758,56.00,1860.00,260000.00,59.10,57
1777266883780,126.00,1856.00,260000.00,121.12,118
1777266883803,64.00,1867.00,260000.00,59.56,57
1777266883826,71.00,1865.00,260000.00,62.48,59
1777266883849,128.00,1866.00,260000.00,121.42,116
1777266883872,62.00,1854.00,260000.00,60.64,59
1777266883895,61.00,1873.00,260000.00,57.26,59
1777266883918,61.00,1871.00,260000.00,61.86,57
1777266883940,124.00,1866.00,260000.00,122.04,118
1777266883963,60.00,1869.00,260000.00,60.02,57
1777266883987,138.00,1875.00,260000.00,125.72,118
1777266884011,68.00,1880.00,260000.00,60.02,57
1777266884034,63.00,1877.00,260000.00,65.70,59
1777266884057,140.00,1882.00,260000.00,121.88,116
1777266884080,71.00,1871.00,260000.00,62.94,59
1777266884103,59.00,1881.00,260000.00,58.18,59
1777266884126,65.00,1879.00,260000.00,59.56,57
1777266884148,138.00,1877.00,260000.00,122.50,118
1777266884171,67.00,1875.00,260000.00,63.70,57
1777266884194,69.00,1880.00,260000.00,63.40,59
1777266884216,136.00,1882.00,260000.00,122.34,116
1777266884239,64.00,1880.00,260000.00,65.70,59
1777266884262,136.00,1886.00,260000.00,121.88,116
1777266884284,62.00,1879.00,260000.00,65.70,59
1777266884308,142.00,1884.00,260000.00,122.34,116
1777266884351,129.00,1886.00,260000.00,122.96,118
1777266884374,66.00,1896.00,260000.00,63.24,57
1777266884398,143.00,1901.00,260000.00,124.80,118
1777266884421,129.00,1893.00,260000.00,120.20,116
1777266884448,68.00,1900.00,260000.00,60.94,59
1777266884471,127.00,1895.00,260000.00,121.58,116
1777266884494,128.00,1896.00,260000.00,118.66,116
1777266884518,67.00,1906.00,260000.00,62.94,59
1777266884541,67.00,1912.00,260000.00,60.02,59
1777266884564,63.00,1906.00,260000.00,59.56,57
1777266884587,124.00,1906.00,260000.00,119.28,118
1777266884611,64.00,1909.00,260000.00,61.40,57
1777266884634,131.00,1905.00,260000.00,122.50,118
1777266884657,131.00,1910.00,260000.00,120.20,116
1777266884681,65.00,1925.00,260000.00,60.94,59
1777266884705,133.00,1909.00,260000.00,120.20,116
1777266884729,118.00,1916.00,260000.00,118.66,116
1777266884752,72.00,1922.00,260000.00,62.94,59
1777266884776,137.00,1920.00,260000.00,123.26,116
1777266884798,129.00,1924.00,260000.00,121.12,118
1777266884822,62.00,1930.00,260000.00,58.64,57
1777266884845,133.00,1926.00,260000.00,120.66,118
1777266884869,71.00,1937.00,260000.00,62.78,57
1777266884892,136.00,1938.00,260000.00,121.58,118
1777266884916,65.00,1933.00,260000.00,63.70,57
1777266884939,134.00,1937.00,260000.00,122.04,118
1777266884962,68.00,1935.00,260000.00,61.86,57
1777266884987,137.00,1944.00,260000.00,123.42,118
1777266885010,64.00,1942.00,260000.00,59.56,57
1777266885032,63.00,1946.00,260000.00,61.56,59
1777266885056,129.00,1949.00,260000.00,119.58,116
1777266885079,67.00,1940.00,260000.00,62.02,59
1777266885103,127.00,1940.00,260000.00,120.04,116
1777266885126,131.00,1946.00,260000.00,122.96,118
1777266885149,62.00,1950.00,260000.00,59.10,57
1777266885172,73.00,1952.00,260000.00,62.94,59
1777266885195,140.00,1957.00,260000.00,121.88,116
1777266885218,67.00,1960.00,260000.00,65.70,59
1777266885241,135.00,1960.00,260000.00,120.04,116
1777266885264,61.00,1965.00,260000.00,60.64,59
1777266885288,133.00,1960.00,260000.00,121.88,116
1777266885311,68.00,1959.00,260000.00,62.94,59
1777266885335,132.00,1960.00,260000.00,119.12,116
1777266885358,63.00,1972.00,260000.00,65.70,59
1777266885382,144.00,1973.00,260000.00,123.26,116
1777266885407,77.00,1970.00,260000.00,65.70,59
1777266885430,76.00,1973.00,260000.00,62.78,59
1777266885453,66.00,1973.00,260000.00,60.94,57
1777266885476,145.00,1974.00,260000.00,122.04,118
1777266885503,67.00,1972.00,260000.00,62.32,57
1777266885527,128.00,1980.00,260000.00,119.74,118
1777266885550,58.00,1990.00,260000.00,58.18,57
1777266885574,141.00,1986.00,260000.00,121.58,118
1777266885598,134.00,1987.00,260000.00,123.88,116
1777266885621,71.00,1995.00,260000.00,60.94,59
1777266885645,68.00,2000.00,260000.00,60.48,57
1777266885668,132.00,2003.00,260000.00,121.12,118
1777266885691,134.00,2000.00,260000.00,123.42,116
1777266885715,71.00,2001.00,260000.00,60.94,59
1777266885738,134.00,2005.00,260000.00,124.34,116
1777266885761,73.00,1998.00,260000.00,61.40,59
1777266885784,63.00,2006.00,260000.00,60.94,57
1777266885807,136.00,2006.00,260000.00,122.96,118
1777266885830,68.00,2009.00,260000.00,62.32,57
1777266885854,129.00,2013.00,260000.00,121.12,118
1777266885877,65.00,2017.00,260000.00,62.32,57
1777266885900,66.00,2026.00,260000.00,62.02,59
1777266885924,67.00,2026.00,260000.00,63.70,59
1777266885946,54.00,2024.00,260000.00,58.18,57
1777266885970,81.00,2016.00,260000.00,63.40,59
1777266885993,139.00,2017.00,260000.00,121.88,116
1777266886016,64.00,2019.00,260000.00,65.70,59
1777266886040,68.00,2017.00,260000.00,63.70,59
1777266886064,131.00,2020.00,260000.00,122.96,116
1777266886087,68.00,2033.00,260000.00,60.48,59
1777266886110,151.00,2026.00,260000.00,124.34,116
1777266886133,73.00,2027.00,260000.00,60.02,59
1777266886157,139.00,2033.00,260000.00,124.34,116
1777266886181,76.00,2030.00,260000.00,62.32,59
1777266886204,65.00,2040.00,260000.00,60.02,57
1777266886227,126.00,2038.00,260000.00,121.12,118
1777266886250,62.00,2040.00,260000.00,59.56,57
1777266886274,67.00,2046.00,260000.00,65.70,59
1777266886297,132.00,2044.00,260000.00,120.50,116
1777266886320,58.00,2040.00,260000.00,61.56,59
1777266886344,137.00,2053.00,260000.00,125.56,116
1777266886367,68.00,2061.00,260000.00,63.40,59
1777266886391,132.00,2073.00,260000.00,120.96,116
1777266886414,64.00,2080.00,260000.00,62.02,59
1777266886437,71.00,2093.00,260000.00,61.86,59
1777266886461,125.00,2100.00,260000.00,122.04,116
1777266886484,64.00,2105.00,260000.00,62.78,59
1777266886509,69.00,2120.00,260000.00,61.86,57
1777266886532,63.00,2120.00,260000.00,62.02,59
1777266886555,121.00,2126.00,260000.00,119.12,116
1777266886579,62.00,2130.00,260000.00,65.70,59
1777266886603,67.00,2135.00,260000.00,60.48,59
1777266886637,62.00,2113.00,260000.00,59.56,57
1777266886661,134.00,2120.00,260000.00,122.96,118
1777266886685,132.00,2127.00,260000.00,121.58,116
1777266886709,66.00,2123.00,260000.00,60.02,59
1777266886732,62.00,2117.00,260000.00,60.02,57
1777266886755,137.00,2120.00,260000.00,121.58,118
1777266886779,71.00,2116.00,260000.00,63.70,57
1777266886802,63.00,2106.00,260000.00,62.02,59
1777266886827,135.00,2116.00,260000.00,122.34,116
1777266886850,74.00,2115.00,260000.00,61.56,59
1777266886876,124.00,2101.00,260000.00,121.42,116
1777266886899,66.00,2112.00,260000.00,62.94,59
1777266886923,140.00,2106.00,260000.00,120.04,116
1777266886945,70.00,2106.00,260000.00,62.02,59
1777266886970,70.00,2090.00,260000.00,63.70,59
1777266886994,133.00,2100.00,260000.00,122.50,116
1777266887017,57.00,2094.00,260000.00,63.70,59
1777266887041,63.00,2099.00,260000.00,60.48,57
1777266887064,73.00,2094.00,260000.00,62.48,59
1777266887090,67.00,2086.00,260000.00,63.70,59
1777266887113,134.00,2080.00,260000.00,121.12,116
1777266887136,63.00,2086.00,260000.00,63.70,59
1777266887159,72.00,2089.00,260000.00,61.86,57
1777266887203,138.00,2066.00,260000.00,122.04,118
1777266887227,65.00,2060.00,260000.00,62.78,57
1777266887250,135.00,2066.00,260000.00,123.88,118
1777266887274,69.00,2069.00,260000.00,63.70,57
1777266887300,67.00,2062.00,260000.00,62.02,59
1777266887323,133.00,2073.00,260000.00,119.12,116
1777266887347,75.00,2072.00,260000.00,63.40,59
1777266887371,143.00,2063.00,260000.00,122.34,116
1777266887395,70.00,2066.00,260000.00,62.94,59
1777266887419,129.00,2066.00,260000.00,120.04,116
1777266887463,63.00,2062.00,260000.00,61.56,59
1777266887486,62.00,2049.00,260000.00,61.40,59
1777266887512,74.00,2046.00,260000.00,60.94,57
1777266887536,134.00,2040.00,260000.00,123.42,118
1777266887560,61.00,2045.00,260000.00,63.70,57
1777266887583,74.00,2048.00,260000.00,65.70,59
1777266887606,60.00,2031.00,260000.00,60.48,59
1777266887629,138.00,2026.00,260000.00,122.96,116
1777266887653,79.00,2030.00,260000.00,62.78,59
1777266887676,135.00,2039.00,260000.00,121.58,116
1777266887699,73.00,2029.00,260000.00,63.70,59
1777266887723,60.00,2017.00,260000.00,63.70,57
1777266887746,134.00,2020.00,260000.00,122.04,118
1777266887770,56.00,2033.00,260000.00,58.64,57
1777266887793,131.00,2031.00,260000.00,121.58,118
1777266887816,70.00,2024.00,260000.00,63.70,57
1777266887841,62.00,2020.00,260000.00,61.56,59
1777266887864,58.00,2013.00,260000.00,63.70,59
1777266887887,148.00,2013.00,260000.00,122.96,116
1777266887911,65.00,2016.00,260000.00,59.56,59
1777266887934,66.00,2011.00,260000.00,60.48,57
1777266887958,73.00,2006.00,260000.00,62.94,59
1777266887981,126.00,2002.00,260000.00,121.42,116
1777266888005,70.00,2012.00,260000.00,65.70,59
1777266888028,65.00,2004.00,260000.00,60.94,59
1777266888052,138.00,1993.00,260000.00,123.42,116
1777266888075,66.00,1989.00,260000.00,60.94,59
1777266888099,126.00,1993.00,260000.00,123.88,116
1777266888122,59.00,1995.00,260000.00,58.64,59
1777266888145,132.00,1993.00,260000.00,122.96,116
1777266888168,61.00,1989.00,260000.00,60.48,59
1777266888191,137.00,1993.00,260000.00,123.88,116
1777266888214,65.00,1996.00,260000.00,60.02,59
1777266888237,59.00,1991.00,260000.00,58.64,57
1777266888260,112.00,1984.00,260000.00,129.40,118
1777266888284,72.00,1975.00,260000.00,63.70,57
1777266888309,133.00,1980.00,260000.00,122.96,118
1777266888332,57.00,1988.00,260000.00,56.80,57
1777266888355,74.00,1980.00,260000.00,63.86,59
1777266888378,126.00,1977.00,260000.00,120.96,116
1777266888401,70.00,1986.00,260000.00,61.56,59
1777266888424,65.00,1986.00,260000.00,60.02,59
1777266888447,144.00,1977.00,260000.00,126.18,116
1777266888470,73.00,1971.00,260000.00,63.70,59
1777266888496,126.00,1973.00,260000.00,122.04,116
1777266888519,62.00,1976.00,260000.00,63.70,59
1777266888542,143.00,1981.00,260000.00,123.88,116
1777266888565,69.00,1970.00,260000.00,63.70,59
1777266888588,64.00,1973.00,260000.00,63.70,57
1777266888612,133.00,1970.00,260000.00,122.96,118
1777266888635,63.00,1973.00,260000.00,59.10,57
1777266888658,139.00,1975.00,260000.00,123.42,118
1777266888682,67.00,1977.00,260000.00,60.02,57
1777266888706,72.00,1975.00,260000.00,65.70,59
1777266888729,61.00,1966.00,260000.00,63.70,59
1777266888752,131.00,1960.00,260000.00,118.82,116
1777266888775,73.00,1963.00,260000.00,63.70,59
1777266888802,61.00,1958.00,260000.00,59.56,57
1777266888825,123.00,1963.00,260000.00,121.58,118
1777266888849,70.00,1966.00,260000.00,63.70,57
1777266888873,139.00,1971.00,260000.00,122.96,118
1777266888896,71.00,1964.00,260000.00,61.40,57
1777266888920,135.00,1966.00,260000.00,129.40,118
1777266888943,67.00,1959.00,260000.00,60.48,57
1777266888966,76.00,1960.00,260000.00,62.94,59
1777266888989,136.00,1966.00,260000.00,122.34,116
1777266889013,63.00,1966.00,260000.00,62.48,59
1777266889041,131.00,1960.00,260000.00,121.88,116
1777266889068,74.00,1964.00,260000.00,63.86,59
1777266889091,145.00,1973.00,260000.00,120.96,116
1777266889114,71.00,1969.00,260000.00,62.94,59
1777266889137,128.00,1966.00,260000.00,121.42,116
1777266889160,78.00,1966.00,260000.00,65.70,59
1777266889186,133.00,1966.00,260000.00,123.26,116
1777266889209,64.00,1963.00,260000.00,61.56,59
1777266889232,138.00,1975.00,260000.00,122.34,116
1777266889254,67.00,1968.00,260000.00,62.94,59
1777266889277,69.00,1980.00,260000.00,61.40,59
1777266889300,127.00,1976.00,260000.00,121.12,116
1777266889323,72.00,1972.00,260000.00,63.70,59
1777266889347,66.00,1973.00,260000.00,60.48,57
1777266889370,122.00,1970.00,260000.00,118.82,118
1777266889394,62.00,1978.00,260000.00,59.56,57
1777266889417,137.00,1971.00,260000.00,122.04,118
1777266889440,74.00,1960.00,260000.00,62.32,57
1777266889463,65.00,1971.00,260000.00,62.48,59
1777266889487,131.00,1972.00,260000.00,118.66,116
1777266889510,69.00,1960.00,260000.00,63.40,59
1777266889533,126.00,1960.00,260000.00,117.74,116
1777266889556,76.00,1966.00,260000.00,63.40,59
1777266889579,132.00,1966.00,260000.00,120.50,116
1777266889607,59.00,1965.00,260000.00,60.18,59
1777266889631,129.00,1974.00,260000.00,118.20,116
1777266889654,70.00,1970.00,260000.00,63.40,59
1777266889677,135.00,1960.00,260000.00,121.88,116
1777266889701,67.00,1970.00,260000.00,65.70,59
1777266889725,134.00,1967.00,260000.00,119.58,116
1777266889749,63.00,1959.00,260000.00,65.70,59
1777266889772,55.00,1960.00,260000.00,63.70,59
1777266889795,69.00,1951.00,260000.00,63.70,57
1777266889824,118.00,1947.00,260000.00,119.74,118
1777266889848,138.00,1947.00,260000.00,121.12,116
1777266889871,70.00,1953.00,260000.00,63.70,59
1777266889894,132.00,1943.00,260000.00,123.42,116
1777266889917,62.00,1946.00,260000.00,60.02,59
1777266889940,63.00,1952.00,260000.00,61.40,57
1777266889963,145.00,1946.00,260000.00,122.96,118
1777266889986,70.00,1949.00,260000.00,61.40,57
1777266890010,141.00,1950.00,260000.00,123.42,118
1777266890033,67.00,1946.00,260000.00,61.40,57
1777266890061,64.00,1938.00,260000.00,63.40,59
1777266890084,58.00,1940.00,260000.00,63.70,59
1777266890107,67.00,1933.00,260000.00,60.94,57
1777266890130,134.00,1933.00,260000.00,124.34,118
1777266890153,69.00,1935.00,260000.00,61.40,57
1777266890176,137.00,1933.00,260000.00,125.26,118
1777266890198,70.00,1929.00,260000.00,60.94,57
1777266890222,124.00,1933.00,260000.00,129.40,118
1777266890246,65.00,1934.00,260000.00,61.40,57
1777266890290,139.00,1933.00,260000.00,123.88,118
1777266890313,73.00,1935.00,260000.00,63.70,57
1777266890336,77.00,1932.00,260000.00,64.78,59
1777266890360,64.00,1926.00,260000.00,61.86,59
1777266890383,71.00,1925.00,260000.00,61.40,57
1777266890407,134.00,1929.00,260000.00,121.58,118
1777266890430,70.00,1920.00,260000.00,63.70,57
1777266890456,69.00,1910.00,260000.00,64.78,59
1777266890479,120.00,1921.00,260000.00,120.96,116
1777266890503,75.00,1934.00,260000.00,64.32,59
1777266890526,65.00,1926.00,260000.00,60.02,59
1777266890549,71.00,1920.00,260000.00,60.48,57
1777266890572,68.00,1920.00,260000.00,62.48,59
1777266890595,62.00,1921.00,260000.00,58.18,59
1777266890618,123.00,1911.00,260000.00,129.40,116
1777266890642,67.00,1906.00,260000.00,59.10,59
1777266890665,66.00,1913.00,260000.00,59.56,57
1777266890689,129.00,1906.00,260000.00,122.96,118
1777266890712,62.00,1913.00,260000.00,59.56,57
1777266890735,136.00,1915.00,260000.00,124.34,118
1777266890758,66.00,1917.00,260000.00,63.70,57
1777266890786,143.00,1902.00,260000.00,125.26,118
1777266890831,141.00,1904.00,260000.00,122.50,116
1777266890856,68.00,1902.00,260000.00,61.86,59
1777266890879,136.00,1903.00,260000.00,122.50,116
1777266890903,67.00,1902.00,260000.00,61.86,59
1777266890935,65.00,1900.00,260000.00,63.70,57
1777266890958,70.00,1903.00,260000.00,65.70,59
1777266890981,135.00,1900.00,260000.00,122.34,116
1777266891007,66.00,1900.00,260000.00,62.48,59
1777266891241,66.00,1803.00,260000.00,60.02,59
1777266891312,71.00,1786.00,260000.00,63.70,57
1777266891334,136.00,1801.00,260000.00,124.34,118
1777266891356,128.00,1794.00,260000.00,123.88,116
1777266891378,124.00,1791.00,260000.00,118.66,116
1777266891400,74.00,1802.00,260000.00,62.48,59
1777266891427,63.00,1801.00,260000.00,59.56,59
1777266891455,139.00,1800.00,260000.00,121.12,116
1777266891477,135.00,1808.00,260000.00,121.42,116
1777266891499,71.00,1809.00,260000.00,65.70,59
1777266891524,138.00,1801.00,260000.00,120.96,116
1777266891546,132.00,1813.00,260000.00,121.58,118
1777266891568,64.00,1816.00,260000.00,60.94,57
1777266891590,141.00,1808.00,260000.00,124.80,118
1777266891612,68.00,1806.00,260000.00,63.70,57
1777266891634,123.00,1821.00,260000.00,122.04,118
1777266891657,66.00,1828.00,260000.00,58.64,57
1777266891679,141.00,1826.00,260000.00,124.34,118
1777266891701,70.00,1822.00,260000.00,61.40,57
1777266891724,134.00,1826.00,260000.00,122.96,118
1777266891746,72.00,1837.00,260000.00,63.70,57
1777266891768,127.00,1826.00,260000.00,122.96,118
1777266891790,138.00,1831.00,260000.00,121.12,116
1777266891813,59.00,1845.00,260000.00,63.70,59
1777266891835,143.00,1832.00,260000.00,124.34,116
1777266891857,62.00,1834.00,260000.00,63.70,59
1777266891880,66.00,1837.00,260000.00,60.94,57
1777266891902,134.00,1833.00,260000.00,124.80,118
1777266891924,130.00,1834.00,260000.00,122.04,116
1777266891947,64.00,1848.00,260000.00,58.64,59
1777266891969,128.00,1851.00,260000.00,120.66,116
1777266891991,72.00,1852.00,260000.00,60.94,59
1777266892013,140.00,1853.00,260000.00,123.42,116
1777266892035,70.00,1849.00,260000.00,63.70,59
1777266892057,142.00,1857.00,260000.00,123.42,116
1777266892080,138.00,1856.00,260000.00,121.88,116
1777266892102,61.00,1854.00,260000.00,62.48,59
1777266892124,64.00,1860.00,260000.00,60.02,59
1777266892146,127.00,1860.00,260000.00,120.66,116
1777266892168,131.00,1868.00,260000.00,120.50,116
1777266892191,75.00,1877.00,260000.00,63.40,59
1777266892214,135.00,1880.00,260000.00,119.58,116
1777266892236,78.00,1872.00,260000.00,65.70,59
1777266892258,66.00,1880.00,260000.00,60.94,59
1777266892281,148.00,1883.00,260000.00,124.80,116
1777266892304,72.00,1880.00,260000.00,63.70,59
1777266892326,138.00,1873.00,260000.00,124.34,116
1777266892349,73.00,1875.00,260000.00,60.48,59
1777266892372,143.00,1886.00,260000.00,123.88,116
1777266892394,122.00,1882.00,260000.00,118.20,116
1777266892417,65.00,1893.00,260000.00,62.02,59
1777266892439,138.00,1894.00,260000.00,121.42,116
1777266892462,131.00,1900.00,260000.00,122.04,118
1777266892486,58.00,1902.00,260000.00,59.56,57
1777266892508,129.00,1915.00,260000.00,120.66,118
1777266892530,71.00,1913.00,260000.00,61.86,57
1777266892552,126.00,1906.00,260000.00,129.40,118
1777266892575,143.00,1905.00,260000.00,124.34,116
1777266892597,65.00,1916.00,260000.00,59.56,59
1777266892619,65.00,1920.00,260000.00,60.02,57
1777266892641,131.00,1917.00,260000.00,122.96,118
1777266892664,70.00,1915.00,260000.00,60.48,57
1777266892686,155.00,1920.00,260000.00,129.40,118
1777266892708,68.00,1923.00,260000.00,60.02,57
1777266892730,130.00,1920.00,260000.00,121.58,118
1777266892757,62.00,1917.00,260000.00,63.70,57
1777266892780,139.00,1920.00,260000.00,123.42,118
1777266892802,132.00,1928.00,260000.00,123.42,116
1777266892825,142.00,1926.00,260000.00,121.42,116
1777266892847,67.00,1932.00,260000.00,62.02,59
1777266892869,121.00,1933.00,260000.00,117.28,116
1777266892892,66.00,1940.00,260000.00,61.56,59
1777266892914,132.00,1937.00,260000.00,119.58,116
1777266892936,69.00,1928.00,260000.00,61.56,59
1777266892958,68.00,1946.00,260000.00,61.40,59
1777266892981,137.00,1951.00,260000.00,121.58,116
1777266893003,74.00,1948.00,260000.00,62.32,59
1777266893027,128.00,1937.00,260000.00,119.74,116
1777266893049,68.00,1949.00,260000.00,60.02,59
1777266893071,126.00,1950.00,260000.00,119.74,116
1777266893093,135.00,1950.00,260000.00,120.96,116
1777266893115,70.00,1960.00,260000.00,65.70,59
1777266893138,132.00,1955.00,260000.00,121.88,116
1777266893160,71.00,1952.00,260000.00,63.40,59
1777266893182,131.00,1953.00,260000.00,121.42,116
1777266893205,71.00,1958.00,260000.00,62.48,59
1777266893227,134.00,1953.00,260000.00,119.12,116
1777266893250,74.00,1957.00,260000.00,63.86,59
1777266893272,130.00,1966.00,260000.00,121.88,116
1777266893294,80.00,1971.00,260000.00,64.78,59
1777266893317,128.00,1948.00,260000.00,120.04,116
1777266893339,63.00,1959.00,260000.00,61.56,59
1777266893362,134.00,1965.00,260000.00,127.40,116
1777266893385,67.00,1960.00,260000.00,62.48,59
1777266893408,66.00,1964.00,260000.00,63.70,59
1777266893430,121.00,1968.00,260000.00,120.20,116
1777266893453,72.00,1959.00,260000.00,60.02,59
1777266893475,64.00,1952.00,260000.00,58.64,57
1777266893498,143.00,1964.00,260000.00,124.80,118
1777266893520,63.00,1970.00,260000.00,60.48,57
1777266893542,74.00,1966.00,260000.00,62.02,59
1777266893565,67.00,1966.00,260000.00,59.56,59
1777266893587,125.00,1970.00,260000.00,129.40,116
1777266893609,60.00,1960.00,260000.00,63.70,59
1777266893633,129.00,1960.00,260000.00,121.58,116
1777266893656,71.00,1962.00,260000.00,60.94,59
1777266893679,131.00,1968.00,260000.00,122.04,116
1777266893701,68.00,1960.00,260000.00,60.94,59
1777266893724,140.00,1972.00,260000.00,125.26,116
1777266893746,64.00,1968.00,260000.00,59.56,59
1777266893769,133.00,1973.00,260000.00,122.96,116
1777266893791,67.00,1976.00,260000.00,60.02,59
1777266893816,62.00,1972.00,260000.00,57.26,57
1777266893839,65.00,1966.00,260000.00,65.70,59
1777266893873,122.00,1966.00,260000.00,118.20,116
1777266893905,133.00,1956.00,260000.00,122.04,118
1777266893927,142.00,1965.00,260000.00,123.42,116
1777266893958,55.00,1966.00,260000.00,63.70,59
1777266893981,135.00,1961.00,260000.00,122.96,116
1777266894003,122.00,1972.00,260000.00,121.42,116
1777266894026,66.00,1969.00,260000.00,60.64,59
1777266894048,58.00,1975.00,260000.00,59.10,59
1777266894071,137.00,1963.00,260000.00,124.80,116
1777266894093,136.00,1966.00,260000.00,121.88,116
1777266894116,73.00,1970.00,260000.00,63.40,59
1777266894138,133.00,1975.00,260000.00,120.96,116
1777266894161,59.00,1971.00,260000.00,59.72,59
1777266894184,139.00,1980.00,260000.00,121.42,116
1777266894206,72.00,1986.00,260000.00,62.94,59
1777266894229,69.00,1984.00,260000.00,62.32,59
1777266894251,140.00,1977.00,260000.00,125.72,116
1777266894274,71.00,1980.00,260000.00,61.40,59
1777266894297,142.00,1984.00,260000.00,124.80,116
1777266894319,69.00,1992.00,260000.00,61.40,59
1777266894342,141.00,1975.00,260000.00,122.04,116
1777266894364,66.00,1984.00,260000.00,63.70,59
1777266894387,54.00,1984.00,260000.00,63.70,57
1777266894411,129.00,1980.00,260000.00,122.50,118
1777266894434,64.00,1982.00,260000.00,59.10,57
1777266894457,142.00,1989.00,260000.00,122.96,118
1777266894480,58.00,1980.00,260000.00,63.70,57
1777266894503,133.00,1979.00,260000.00,120.66,118
1777266894526,64.00,1982.00,260000.00,62.32,57
1777266894548,136.00,1987.00,260000.00,129.40,118
1777266894571,70.00,1980.00,260000.00,63.70,57
1777266894594,129.00,1987.00,260000.00,124.80,118
1777266894617,70.00,1981.00,260000.00,63.70,57
1777266894640,130.00,1980.00,260000.00,124.34,118
1777266894663,63.00,1982.00,260000.00,59.56,57
1777266894686,127.00,1984.00,260000.00,122.04,118
1777266894709,69.00,1983.00,260000.00,62.78,57
1777266894732,135.00,1993.00,260000.00,122.04,118
1777266894755,66.00,1996.00,260000.00,60.94,57
1777266894778,144.00,1992.00,260000.00,122.04,118
1777266894801,66.00,1989.00,260000.00,59.56,57
1777266894824,132.00,2000.00,260000.00,124.34,118
1777266894849,70.00,1995.00,260000.00,60.94,57
1777266894872,126.00,1993.00,260000.00,121.12,118
1777266894895,66.00,1999.00,260000.00,60.48,57
1777266894919,63.00,1996.00,260000.00,61.10,59
1777266894942,134.00,1993.00,260000.00,120.96,116
1777266894965,61.00,2000.00,260000.00,65.70,59
1777266894988,139.00,1997.00,260000.00,122.34,116
1777266895015,67.00,1984.00,260000.00,64.32,59
1777266895038,130.00,1996.00,260000.00,122.80,116
1777266895061,73.00,2009.00,260000.00,65.70,59
1777266895085,133.00,2000.00,260000.00,121.88,116
1777266895107,131.00,2006.00,260000.00,122.50,118
1777266895131,63.00,2006.00,260000.00,60.48,57
1777266895156,63.00,1991.00,260000.00,65.70,59
1777266895180,121.00,2006.00,260000.00,120.04,116
1777266895202,65.00,2002.00,260000.00,64.32,59
1777266895226,136.00,2000.00,260000.00,122.34,116
1777266895253,70.00,2006.00,260000.00,65.24,59
1777266895276,129.00,2006.00,260000.00,120.04,116
1777266895300,130.00,2013.00,260000.00,121.58,118
1777266895323,70.00,2019.00,260000.00,63.70,57
1777266895346,61.00,2011.00,260000.00,65.70,59
1777266895371,66.00,2020.00,260000.00,60.02,59
1777266895394,63.00,2013.00,260000.00,63.70,57
1777266895417,137.00,2013.00,260000.00,123.42,118
1777266895440,72.00,2016.00,260000.00,63.70,57
1777266895473,68.00,2007.00,260000.00,63.86,59
1777266895496,64.00,2006.00,260000.00,59.10,59
1777266895519,131.00,2006.00,260000.00,123.88,116
1777266895542,70.00,2009.00,260000.00,60.02,59
1777266895564,61.00,2013.00,260000.00,63.70,57
1777266895587,141.00,2017.00,260000.00,123.88,118
1777266895610,71.00,2014.00,260000.00,60.48,57
1777266895637,73.00,2020.00,260000.00,62.94,59
1777266895660,68.00,2018.00,260000.00,60.48,59
1777266895683,125.00,2013.00,260000.00,121.12,116
1777266895706,69.00,2013.00,260000.00,60.94,59
1777266895749,62.00,2000.00,260000.00,59.10,57
1777266895773,134.00,2000.00,260000.00,119.28,118
1777266895796,69.00,2006.00,260000.00,59.56,57
1777266895823,71.00,2006.00,260000.00,63.86,59
1777266895852,135.00,1999.00,260000.00,120.04,116
1777266895876,126.00,2015.00,260000.00,122.04,118
1777266895899,71.00,2011.00,260000.00,60.48,57
1777266895922,137.00,2006.00,260000.00,121.58,118
1777266895945,71.00,2008.00,260000.00,60.94,57
1777266895972,70.00,2013.00,260000.00,64.32,59
1777266895995,127.00,2008.00,260000.00,117.74,116
1777266896018,69.00,2023.00,260000.00,62.94,59
1777266896041,61.00,2029.00,260000.00,60.02,59
1777266896064,139.00,2036.00,260000.00,124.34,116
1777266896087,67.00,2045.00,260000.00,61.40,59
1777266896110,69.00,2056.00,260000.00,63.70,57
1777266896133,73.00,2063.00,260000.00,65.70,59
1777266896156,55.00,2068.00,260000.00,58.18,59
1777266896179,136.00,2076.00,260000.00,124.80,116
1777266896203,63.00,2084.00,260000.00,58.64,59
1777266896226,61.00,2096.00,260000.00,61.40,57
1777266896249,70.00,2100.00,260000.00,65.70,59
1777266896272,63.00,2104.00,260000.00,59.10,59
1777266896296,140.00,2113.00,260000.00,125.72,116
1777266896319,66.00,2100.00,260000.00,62.78,59
1777266896342,67.00,2104.00,260000.00,60.02,57
1777266896366,134.00,2102.00,260000.00,122.96,118
1777266896389,58.00,2107.00,260000.00,60.02,57
1777266896413,63.00,2102.00,260000.00,62.02,59
1777266896436,66.00,2089.00,260000.00,59.56,59
1777266896459,142.00,2082.00,260000.00,123.42,116
1777266896483,67.00,2091.00,260000.00,63.70,59
1777266896506,124.00,2092.00,260000.00,120.20,116
1777266896529,74.00,2080.00,260000.00,61.40,59
1777266896552,72.00,2080.00,260000.00,63.70,57
1777266896576,139.00,2086.00,260000.00,122.04,118
1777266896599,70.00,2089.00,260000.00,60.94,57
1777266896622,138.00,2085.00,260000.00,124.34,118
1777266896645,69.00,2087.00,260000.00,60.94,57
1777266896669,68.00,2087.00,260000.00,61.10,59
1777266896692,68.00,2078.00,260000.00,63.70,59
1777266896718,137.00,2082.00,260000.00,121.58,116
1777266896741,71.00,2069.00,260000.00,61.86,59
1777266896764,59.00,2073.00,260000.00,63.70,57
1777266896788,122.00,2075.00,260000.00,120.20,118
1777266896811,70.00,2066.00,260000.00,63.70,57
1777266896839,138.00,2062.00,260000.00,122.96,118
1777266896862,66.00,2051.00,260000.00,61.86,57
1777266896886,143.00,2060.00,260000.00,122.96,118
1777266896908,70.00,2066.00,260000.00,61.40,57
1777266896933,67.00,2065.00,260000.00,61.56,59
1777266896956,57.00,2056.00,260000.00,63.70,59
1777266896979,124.00,2055.00,260000.00,120.66,116
1777266897003,77.00,2051.00,260000.00,61.86,59
1777266897026,125.00,2050.00,260000.00,120.20,116
1777266897049,58.00,2049.00,260000.00,59.10,59
1777266897072,123.00,2050.00,260000.00,123.42,116
1777266897095,67.00,2057.00,260000.00,60.94,59
1777266897118,65.00,2055.00,260000.00,59.56,57
1777266897142,131.00,2046.00,260000.00,124.34,118
1777266897169,67.00,2041.00,260000.00,61.40,57
1777266897192,131.00,2040.00,260000.00,123.88,118
1777266897215,68.00,2046.00,260000.00,61.40,57
1777266897239,129.00,2046.00,260000.00,123.42,118
1777266897262,70.00,2040.00,260000.00,60.48,57
1777266897285,74.00,2037.00,260000.00,63.40,59
1777266897308,69.00,2028.00,260000.00,63.24,59
1777266897332,128.00,2033.00,260000.00,122.04,116
1777266897356,71.00,2038.00,260000.00,59.56,59
1777266897379,114.00,2031.00,260000.00,118.82,116
1777266897423,69.00,2020.00,260000.00,61.86,59
1777266897446,127.00,2013.00,260000.00,122.96,116
1777266897472,61.00,2013.00,260000.00,60.02,59
1777266897496,132.00,2013.00,260000.00,120.20,116
1777266897519,69.00,2013.00,260000.00,63.70,59
1777266897542,132.00,2013.00,260000.00,121.58,116
1777266897565,68.00,2022.00,260000.00,63.70,59
1777266897589,70.00,2015.00,260000.00,63.70,57
1777266897612,131.00,2014.00,260000.00,122.96,118
1777266897635,63.00,2013.00,260000.00,59.10,57
1777266897659,60.00,2010.00,260000.00,60.18,59
1777266897682,142.00,2006.00,260000.00,123.72,116
1777266897705,68.00,2009.00,260000.00,62.48,59
1777266897728,119.00,2016.00,260000.00,116.36,116
1777266897752,73.00,2003.00,260000.00,62.02,59
1777266897778,54.00,1999.00,260000.00,58.64,59
1777266897801,62.00,2000.00,260000.00,59.56,57
1777266897824,68.00,1993.00,260000.00,61.10,59
1777266897850,136.00,1981.00,260000.00,120.96,116
1777266897873,71.00,1980.00,260000.00,62.02,59
1777266897896,66.00,1986.00,260000.00,60.02,59
1777266897919,63.00,1985.00,260000.00,60.94,57
1777266897942,69.00,1991.00,260000.00,63.40,59
1777266897965,134.00,1973.00,260000.00,122.34,116
1777266897988,73.00,1975.00,260000.00,64.32,59
1777266898011,66.00,1982.00,260000.00,60.48,59
1777266898035,134.00,1966.00,260000.00,121.58,116
1777266898209,67.00,1904.00,260000.00,60.48,59
1777266898230,128.00,1905.00,260000.00,122.96,116
1777266898252,59.00,1900.00,260000.00,58.18,59
1777266898281,137.00,1886.00,260000.00,123.42,116
1777266898303,135.00,1900.00,260000.00,122.34,116
1777266898325,73.00,1910.00,260000.00,64.78,59
1777266898347,128.00,1903.00,260000.00,120.96,116
1777266898369,58.00,1895.00,260000.00,60.18,59
1777266898391,139.00,1900.00,260000.00,120.04,116
1777266898413,131.00,1906.00,260000.00,119.74,118
1777266898435,64.00,1909.00,260000.00,59.56,57
1777266898456,121.00,1910.00,260000.00,117.90,118
1777266898479,68.00,1914.00,260000.00,63.70,57
1777266898501,131.00,1901.00,260000.00,120.66,118
1777266898522,75.00,1907.00,260000.00,62.32,57
1777266898545,135.00,1917.00,260000.00,124.34,118
1777266898566,124.00,1915.00,260000.00,118.82,116
1777266898589,65.00,1922.00,260000.00,60.48,59
1777266898612,134.00,1931.00,260000.00,121.12,116
1777266898638,70.00,1920.00,260000.00,63.70,59
1777266898660,129.00,1920.00,260000.00,122.50,116
1777266898682,138.00,1925.00,260000.00,127.40,116
1777266898704,66.00,1926.00,260000.00,61.10,59
1777266898726,136.00,1925.00,260000.00,122.80,116
1777266898748,73.00,1923.00,260000.00,63.40,59
1777266898770,143.00,1928.00,260000.00,122.34,116
1777266898792,70.00,1935.00,260000.00,65.70,59
1777266898814,128.00,1936.00,260000.00,121.88,116
1777266898836,129.00,1935.00,260000.00,122.96,118
1777266898858,62.00,1943.00,260000.00,60.94,57
1777266898881,140.00,1944.00,260000.00,122.96,118
1777266898903,63.00,1953.00,260000.00,59.10,57
1777266898925,109.00,1946.00,260000.00,120.20,118
1777266898947,127.00,1940.00,260000.00,122.04,116
1777266898969,71.00,1953.00,260000.00,60.94,59
1777266898993,125.00,1951.00,260000.00,123.88,116
1777266899015,77.00,1946.00,260000.00,61.86,59
1777266899037,125.00,1946.00,260000.00,120.66,116
1777266899059,79.00,1955.00,260000.00,62.78,59
1777266899081,130.00,1950.00,260000.00,122.04,116
1777266899104,131.00,1955.00,260000.00,119.58,116
1777266899126,64.00,1946.00,260000.00,61.56,59
1777266899149,134.00,1955.00,260000.00,122.34,116
1777266899173,68.00,1958.00,260000.00,62.48,59
1777266899195,141.00,1955.00,260000.00,121.42,116
1777266899218,131.00,1947.00,260000.00,121.12,118
1777266899240,64.00,1962.00,260000.00,58.64,57
1777266899262,129.00,1968.00,260000.00,122.50,118
1777266899284,73.00,1964.00,260000.00,63.70,57
1777266899306,149.00,1953.00,260000.00,124.80,118
1777266899329,71.00,1958.00,260000.00,62.78,57
1777266899354,132.00,1961.00,260000.00,125.26,118
1777266899376,124.00,1955.00,260000.00,121.58,116
1777266899399,63.00,1965.00,260000.00,58.64,59
1777266899421,127.00,1964.00,260000.00,122.96,116
1777266899444,68.00,1966.00,260000.00,60.48,59
1777266899467,138.00,1962.00,260000.00,122.04,116
1777266899489,58.00,1970.00,260000.00,58.18,59
1777266899511,136.00,1964.00,260000.00,121.12,116
1777266899533,119.00,1962.00,260000.00,119.12,116
1777266899556,70.00,1973.00,260000.00,62.94,59
1777266899578,127.00,1978.00,260000.00,121.88,116
1777266899600,68.00,1964.00,260000.00,65.70,59
1777266899623,64.00,1961.00,260000.00,60.02,59
1777266899645,138.00,1973.00,260000.00,124.80,116
1777266899668,129.00,1971.00,260000.00,120.96,116
1777266899690,73.00,1967.00,260000.00,62.02,59
1777266899714,141.00,1966.00,260000.00,124.18,116
1777266899736,63.00,1960.00,260000.00,65.70,59
1777266899758,129.00,1975.00,260000.00,117.74,116
1777266899781,126.00,1966.00,260000.00,123.88,118
1777266899802,63.00,1971.00,260000.00,59.56,57
1777266899825,140.00,1980.00,260000.00,122.04,118
1777266899847,63.00,1977.00,260000.00,59.56,57
1777266899869,130.00,1980.00,260000.00,122.04,118
1777266899894,60.00,1978.00,260000.00,63.70,57
1777266899917,138.00,1987.00,260000.00,124.80,118
1777266899939,131.00,1986.00,260000.00,124.34,116
1777266899961,68.00,1980.00,260000.00,60.48,59
1777266899986,66.00,1980.00,260000.00,61.40,57
1777266900009,128.00,1989.00,260000.00,122.96,118
1777266900031,60.00,1986.00,260000.00,60.94,57
1777266900054,127.00,1980.00,260000.00,121.58,118
1777266900079,66.00,1986.00,260000.00,63.70,57
1777266900102,132.00,1974.00,260000.00,123.42,118
1777266900124,134.00,1982.00,260000.00,122.50,116
1777266900146,129.00,1985.00,260000.00,120.04,116
1777266900169,65.00,1989.00,260000.00,61.56,59
1777266900192,61.00,1986.00,260000.00,60.48,59
1777266900214,133.00,1982.00,260000.00,122.04,116
1777266900237,135.00,1991.00,260000.00,122.34,116
1777266900260,78.00,1984.00,260000.00,63.40,59
1777266900283,132.00,1986.00,260000.00,120.04,116
1777266900305,69.00,1990.00,260000.00,62.48,59
1777266900328,133.00,1996.00,260000.00,121.42,116
1777266900350,129.00,1989.00,260000.00,121.58,118
1777266900373,67.00,1999.00,260000.00,63.70,57
1777266900395,148.00,2000.00,260000.00,124.34,118
1777266900418,133.00,2006.00,260000.00,121.12,116
1777266900441,70.00,2017.00,260000.00,63.24,59
1777266900463,72.00,2024.00,260000.00,62.78,57
1777266900486,141.00,2013.00,260000.00,124.80,118
1777266900509,71.00,2020.00,260000.00,60.48,57
1777266900531,132.00,2017.00,260000.00,121.12,118
1777266900555,73.00,2012.00,260000.00,62.78,57
1777266900578,132.00,2020.00,260000.00,122.04,118
1777266900601,133.00,2029.00,260000.00,122.04,116
1777266900624,61.00,2020.00,260000.00,59.56,59
1777266900646,135.00,2028.00,260000.00,121.12,116
1777266900669,126.00,2034.00,260000.00,116.82,116
1777266900692,65.00,2029.00,260000.00,62.94,59
1777266900715,134.00,2034.00,260000.00,120.04,116
1777266900738,72.00,2043.00,260000.00,64.78,59
1777266900760,132.00,2046.00,260000.00,118.66,116
1777266900782,68.00,2050.00,260000.00,62.02,59
1777266900805,131.00,2043.00,260000.00,121.42,116
1777266900827,125.00,2050.00,260000.00,122.04,118
1777266900849,58.00,2071.00,260000.00,60.02,57
1777266900870,133.00,2053.00,260000.00,121.12,118
1777266900892,58.00,2052.00,260000.00,58.18,57
1777266900914,64.00,2058.00,260000.00,61.56,59
1777266900935,123.00,2061.00,260000.00,118.66,116
1777266900957,66.00,2052.00,260000.00,61.56,59
1777266900979,130.00,2065.00,260000.00,123.26,116
1777266901005,68.00,2056.00,260000.00,65.70,59
1777266901028,62.00,2055.00,260000.00,63.70,59
1777266901050,140.00,2060.00,260000.00,123.42,116
1777266901072,64.00,2058.00,260000.00,59.56,59
1777266901098,134.00,2061.00,260000.00,121.58,116
1777266901120,69.00,2062.00,260000.00,63.70,59
1777266901142,138.00,2072.00,260000.00,121.58,116
1777266901165,70.00,2066.00,260000.00,62.32,59
1777266901187,131.00,2067.00,260000.00,124.80,116
1777266901210,63.00,2068.00,260000.00,63.70,59
1777266901233,130.00,2073.00,260000.00,122.50,116
1777266901256,75.00,2079.00,260000.00,62.32,59
1777266901279,128.00,2080.00,260000.00,121.58,116
1777266901302,70.00,2084.00,260000.00,60.94,59
1777266901324,133.00,2080.00,260000.00,122.04,116
1777266901348,136.00,2080.00,260000.00,124.64,116
1777266901373,65.00,2082.00,260000.00,61.56,59
1777266901396,127.00,2086.00,260000.00,121.88,116
1777266901419,63.00,2097.00,260000.00,65.70,59
1777266901442,140.00,2095.00,260000.00,121.88,116
1777266901465,138.00,2092.00,260000.00,122.50,118
1777266901487,59.00,2098.00,260000.00,63.70,57
1777266901510,131.00,2100.00,260000.00,122.50,118
1777266901533,76.00,2091.00,260000.00,63.70,57
1777266901556,72.00,2089.00,260000.00,63.40,59
1777266901578,135.00,2101.00,260000.00,121.42,116
1777266901601,69.00,2100.00,260000.00,65.70,59
1777266901624,63.00,2101.00,260000.00,59.56,59
1777266901647,126.00,2103.00,260000.00,124.34,116
1777266901670,63.00,2102.00,260000.00,60.94,59
1777266901693,125.00,2106.00,260000.00,123.88,116
1777266901716,54.00,2109.00,260000.00,56.80,59
1777266901739,65.00,2111.00,260000.00,59.56,57
1777266901762,131.00,2106.00,260000.00,123.88,118
1777266901785,68.00,2104.00,260000.00,60.48,57
1777266901808,131.00,2113.00,260000.00,122.96,118
1777266901831,63.00,2113.00,260000.00,60.02,57
1777266901854,128.00,2115.00,260000.00,120.20,118
1777266901881,66.00,2114.00,260000.00,61.40,57
1777266901904,130.00,2106.00,260000.00,122.04,118
1777266901927,68.00,2113.00,260000.00,62.32,57
1777266901951,134.00,2117.00,260000.00,123.42,118
1777266901974,64.00,2118.00,260000.00,60.02,57
1777266901997,134.00,2120.00,260000.00,122.96,118
1777266902020,65.00,2129.00,260000.00,61.40,57
1777266902043,138.00,2117.00,260000.00,122.96,118
1777266902066,68.00,2115.00,260000.00,59.56,57
1777266902090,128.00,2117.00,260000.00,125.26,118
1777266902116,66.00,2110.00,260000.00,60.48,57
1777266902139,68.00,2120.00,260000.00,62.02,59
1777266902162,124.00,2126.00,260000.00,118.66,116
1777266902186,68.00,2113.00,260000.00,63.86,59
1777266902209,124.00,2104.00,260000.00,119.12,116
1777266902232,69.00,2116.00,260000.00,65.70,59
1777266902255,134.00,2122.00,260000.00,123.72,116
1777266902278,70.00,2113.00,260000.00,62.48,59
1777266902302,125.00,2124.00,260000.00,118.66,116
1777266902325,71.00,2132.00,260000.00,65.70,59
1777266902348,66.00,2124.00,260000.00,62.32,59
1777266902371,141.00,2120.00,260000.00,122.96,116
1777266902394,68.00,2117.00,260000.00,61.40,59
1777266902418,131.00,2126.00,260000.00,129.40,116
1777266902445,61.00,2122.00,260000.00,63.70,59
1777266902469,137.00,2135.00,260000.00,125.72,116
1777266902492,63.00,2133.00,260000.00,59.56,59
1777266902515,127.00,2126.00,260000.00,121.12,116
1777266902540,60.00,2125.00,260000.00,60.48,59
1777266902563,146.00,2134.00,260000.00,122.96,116
1777266902586,72.00,2133.00,260000.00,60.94,59
1777266902610,125.00,2139.00,260000.00,117.90,116
1777266902634,66.00,2142.00,260000.00,60.02,59
1777266902657,67.00,2133.00,260000.00,63.24,57
1777266902680,68.00,2133.00,260000.00,63.40,59
1777266902703,129.00,2131.00,260000.00,120.50,116
1777266902727,70.00,2126.00,260000.00,62.48,59
1777266902751,134.00,2133.00,260000.00,120.96,116
1777266902774,69.00,2136.00,260000.00,60.64,59
1777266902797,125.00,2133.00,260000.00,117.28,116
1777266902821,70.00,2133.00,260000.00,65.70,59
1777266902845,65.00,2138.00,260000.00,63.70,59
1777266902868,141.00,2133.00,260000.00,124.80,116
1777266902912,128.00,2133.00,260000.00,121.88,116
1777266902936,70.00,2133.00,260000.00,62.48,59
1777266902959,73.00,2131.00,260000.00,60.94,59
1777266902983,73.00,2142.00,260000.00,60.48,57
1777266903006,68.00,2133.00,260000.00,62.02,59
1777266903029,141.00,2137.00,260000.00,121.42,116
1777266903053,72.00,2132.00,260000.00,65.70,59
1777266903082,128.00,2144.00,260000.00,122.80,116
1777266903105,68.00,2153.00,260000.00,62.48,59
1777266903129,141.00,2164.00,260000.00,121.88,116
1777266903153,68.00,2173.00,260000.00,62.94,59
1777266903177,135.00,2184.00,260000.00,122.80,116
1777266903200,75.00,2193.00,260000.00,62.94,59
1777266903226,134.00,2193.00,260000.00,121.42,116
1777266903250,69.00,2196.00,260000.00,62.94,59
1777266903273,73.00,2200.00,260000.00,63.70,59
1777266903297,142.00,2191.00,260000.00,123.42,116
1777266903320,64.00,2201.00,260000.00,63.70,59
1777266903347,67.00,2192.00,260000.00,60.02,57
1777266903370,141.00,2180.00,260000.00,120.66,118
1777266903393,68.00,2182.00,260000.00,60.94,57
1777266903417,135.00,2173.00,260000.00,122.50,118
1777266903440,64.00,2180.00,260000.00,59.10,57
1777266903464,74.00,2173.00,260000.00,65.70,59
1777266903487,130.00,2183.00,260000.00,120.96,116
1777266903511,77.00,2176.00,260000.00,63.40,59
1777266903534,65.00,2175.00,260000.00,60.02,59
1777266903557,138.00,2164.00,260000.00,123.88,116
1777266903581,63.00,2165.00,260000.00,63.70,59
1777266903604,75.00,2166.00,260000.00,62.78,57
1777266903627,145.00,2157.00,260000.00,123.88,118
1777266903651,63.00,2160.00,260000.00,61.40,57
1777266903674,64.00,2157.00,260000.00,62.48,59
1777266903698,125.00,2158.00,260000.00,119.58,116
1777266903721,69.00,2146.00,260000.00,65.70,59
1777266903745,62.00,2156.00,260000.00,58.64,59
1777266903768,139.00,2162.00,260000.00,125.26,116
1777266903792,62.00,2146.00,260000.00,63.70,59
1777266903815,130.00,2152.00,260000.00,122.96,116
1777266903839,66.00,2147.00,260000.00,61.40,59
1777266903862,64.00,2137.00,260000.00,62.32,57
1777266903885,72.00,2129.00,260000.00,62.94,59
1777266903909,139.00,2126.00,260000.00,120.96,116
1777266903932,69.00,2126.00,260000.00,62.48,59
1777266903955,57.00,2133.00,260000.00,57.26,59
1777266903979,129.00,2129.00,260000.00,122.50,116
1777266904002,63.00,2121.00,260000.00,61.40,59
1777266904026,144.00,2129.00,260000.00,124.34,116
1777266904049,70.00,2127.00,260000.00,61.86,59
1777266904072,64.00,2120.00,260000.00,63.70,57
1777266904096,70.00,2110.00,260000.00,65.70,59
1777266904119,130.00,2113.00,260000.00,118.66,116
1777266904142,78.00,2114.00,260000.00,62.94,59
1777266904165,70.00,2115.00,260000.00,61.86,59
1777266904189,126.00,2106.00,260000.00,119.74,116
1777266904213,63.00,2108.00,260000.00,59.10,59
1777266904236,67.00,2107.00,260000.00,60.48,57
1777266904259,134.00,2100.00,260000.00,125.26,118
1777266904283,58.00,2100.00,260000.00,60.02,57
1777266904306,70.00,2097.00,260000.00,62.48,59
1777266904329,136.00,2099.00,260000.00,121.42,116
1777266904353,64.00,2100.00,260000.00,60.64,59
1777266904376,68.00,2098.00,260000.00,61.86,59
1777266904400,131.00,2088.00,260000.00,122.96,116
1777266904422,64.00,2084.00,260000.00,60.48,59
1777266904446,129.00,2086.00,260000.00,124.34,116
1777266904469,59.00,2094.00,260000.00,58.64,59
1777266904492,64.00,2087.00,260000.00,63.70,57
1777266904516,75.00,2073.00,260000.00,63.86,59
1777266904539,128.00,2084.00,260000.00,121.88,116
1777266904562,62.00,2066.00,260000.00,65.70,59
1777266904585,57.00,2072.00,260000.00,59.56,59
1777266904608,130.00,2077.00,260000.00,122.96,116
1777266904631,67.00,2064.00,260000.00,63.70,59
1777266904655,66.00,2075.00,260000.00,59.10,57
1777266904678,65.00,2068.00,260000.00,65.70,59
1777266904701,135.00,2060.00,260000.00,121.88,116
1777266904724,66.00,2065.00,260000.00,65.70,59
1777266904748,131.00,2075.00,260000.00,120.50,116
1777266904771,70.00,2060.00,260000.00,63.40,59
1777266904794,68.00,2058.00,260000.00,60.02,59
1777266904818,63.00,2053.00,260000.00,60.48,57
1777266904841,64.00,2049.00,260000.00,62.48,59
1777266904865,125.00,2053.00,260000.00,117.28,116
1777266904888,63.00,2054.00,260000.00,60.64,59
1777266904911,135.00,2046.00,260000.00,120.50,116
1777266904934,71.00,2042.00,260000.00,65.70,59
1777266904958,128.00,2046.00,260000.00,121.42,116
1777266904981,65.00,2051.00,260000.00,65.70,59
1777266905004,74.00,2046.00,260000.00,63.70,59
1777266905029,130.00,2040.00,260000.00,124.34,116
1777266905052,69.00,2042.00,260000.00,60.48,59
1777266905076,141.00,2040.00,260000.00,124.34,116
1777266905099,65.00,2052.00,260000.00,60.48,59
1777266905123,65.00,2044.00,260000.00,63.70,57
1777266905146,71.00,2043.00,260000.00,65.24,59
1777266905169,142.00,2030.00,260000.00,123.26,116
1777266905193,70.00,2026.00,260000.00,62.94,59
1777266905216,67.00,2037.00,260000.00,59.56,59
1777266905240,125.00,2023.00,260000.00,122.04,116
1777266905263,72.00,2012.00,260000.00,60.94,59
1777266905287,131.00,2013.00,260000.00,129.40,116
1777266905310,68.00,2020.00,260000.00,60.94,59
1777266905333,68.00,2022.00,260000.00,63.70,57
1777266905356,73.00,2009.00,260000.00,62.02,59
1777266905379,134.00,2006.00,260000.00,119.58,116
1777266905403,69.00,2009.00,260000.00,62.94,59
1777266905426,68.00,2007.00,260000.00,60.02,59
1777266905449,136.00,2005.00,260000.00,123.42,116
1777266905476,65.00,1998.00,260000.00,59.10,59
1777266905499,128.00,2000.00,260000.00,121.12,116
1777266905522,78.00,2006.00,260000.00,62.78,59
1777266905546,133.00,2007.00,260000.00,124.34,116
1777266905569,62.00,2001.00,260000.00,63.70,59
1777266905592,78.00,2000.00,260000.00,63.24,57
1777266905615,70.00,1994.00,260000.00,62.02,59
1777266905638,72.00,2000.00,260000.00,60.48,59
1777266905661,134.00,1994.00,260000.00,120.66,116
1777266905685,64.00,1990.00,260000.00,58.18,59
1777266905709,138.00,1994.00,260000.00,122.50,116
1777266905732,54.00,1991.00,260000.00,58.64,59
1777266905755,129.00,1986.00,260000.00,122.96,116
1777266905778,70.00,1987.00,260000.00,60.48,59
1777266905801,68.00,1994.00,260000.00,63.70,57
1777266905825,64.00,1988.00,260000.00,62.02,59
1777266905847,62.00,1973.00,260000.00,58.64,59
1777266905871,142.00,1980.00,260000.00,122.04,116
1777266905894,69.00,1972.00,260000.00,62.32,59
1777266905919,69.00,1966.00,260000.00,61.86,57
1777266905942,63.00,1967.00,260000.00,61.10,59
1777266905966,139.00,1960.00,260000.00,121.42,116
1777266905989,61.00,1964.00,260000.00,62.02,59
1777266906014,145.00,1965.00,260000.00,120.96,116
1777266906037,67.00,1962.00,260000.00,63.40,59
1777266906060,70.00,1966.00,260000.00,61.86,59
1777266906083,144.00,1968.00,260000.00,125.72,116
1777266906108,62.00,1954.00,260000.00,58.18,59
1777266906132,125.00,1960.00,260000.00,122.04,116
1777266906155,79.00,1966.00,260000.00,63.70,59
1777266906178,147.00,1969.00,260000.00,122.04,116
1777266906201,71.00,1960.00,260000.00,63.24,59
1777266906227,71.00,1960.00,260000.00,60.94,57
1777266906250,74.00,1960.00,260000.00,62.02,59
1777266906273,116.00,1963.00,260000.00,116.36,116
1777266906296,67.00,1950.00,260000.00,62.48,59
1777266906320,129.00,1953.00,260000.00,121.42,116
1777266906343,67.00,1956.00,260000.00,65.70,59
1777266906366,62.00,1960.00,260000.00,58.64,59
1777266906389,131.00,1950.00,260000.00,122.96,116
1777266906412,68.00,1942.00,260000.00,60.94,59
1777266906442,140.00,1952.00,260000.00,124.80,116
1777266906465,73.00,1946.00,260000.00,63.70,59
1777266906489,135.00,1940.00,260000.00,121.58,116
1777266906512,62.00,1940.00,260000.00,61.86,59
1777266906535,136.00,1947.00,260000.00,123.42,116
1777266906559,61.00,1940.00,260000.00,58.64,59
1777266906582,144.00,1933.00,260000.00,124.80,116
1777266906606,65.00,1942.00,260000.00,60.48,59
1777266906629,75.00,1949.00,260000.00,61.40,57
1777266906652,133.00,1937.00,260000.00,123.42,118
1777266906696,132.00,1940.00,260000.00,119.74,116
1777266906720,67.00,1926.00,260000.00,63.70,59
1777266906743,131.00,1932.00,260000.00,121.58,116
1777266906767,75.00,1938.00,260000.00,62.32,59
1777266906792,77.00,1948.00,260000.00,63.70,57
1777266906816,137.00,1926.00,260000.00,122.04,118
1777266906839,62.00,1930.00,260000.00,60.94,57
1777266906865,136.00,1934.00,260000.00,124.34,118
1777266906909,127.00,1920.00,260000.00,120.66,116
1777266906932,62.00,1920.00,260000.00,59.10,59
1777266906956,132.00,1928.00,260000.00,124.34,116
1777266906979,68.00,1921.00,260000.00,59.56,59
1777266907002,63.00,1920.00,260000.00,58.64,57
1777266907026,135.00,1926.00,260000.00,123.42,118
1777266907049,65.00,1924.00,260000.00,59.10,57
1777266907072,128.00,1920.00,260000.00,122.50,118
1777266907098,59.00,1921.00,260000.00,59.56,57
1777266907122,121.00,1920.00,260000.00,121.12,118
1777266907145,62.00,1926.00,260000.00,60.48,57
1777266907168,62.00,1926.00,260000.00,63.40,59
1777266907191,134.00,1928.00,260000.00,127.40,116
1777266907215,73.00,1941.00,260000.00,62.94,59
1777266907238,69.00,1915.00,260000.00,59.56,59
1777266907261,138.00,1920.00,260000.00,122.04,116
1777266907458,67.00,1929.00,260000.00,60.48,59
1777266907483,212.00,1842.00,260000.00,181.60,175
1777266907505,70.00,1855.00,260000.00,63.70,57
1777266907527,135.00,1861.00,260000.00,121.58,118
1777266907553,69.00,1855.00,260000.00,61.86,57
1777266907575,128.00,1853.00,260000.00,120.66,118
1777266907597,145.00,1860.00,260000.00,124.80,116
1777266907619,69.00,1856.00,260000.00,63.70,59
1777266907641,123.00,1859.00,260000.00,120.20,116
1777266907666,70.00,1871.00,260000.00,61.86,59
1777266907688,132.00,1861.00,260000.00,121.58,116
1777266907710,130.00,1871.00,260000.00,122.34,116
1777266907732,58.00,1879.00,260000.00,58.80,59
1777266907755,139.00,1868.00,260000.00,121.42,116
1777266907777,142.00,1873.00,260000.00,123.42,118
1777266907799,64.00,1876.00,260000.00,60.48,57
1777266907821,129.00,1884.00,260000.00,122.04,118
1777266907843,74.00,1881.00,260000.00,63.70,57
1777266907865,140.00,1876.00,260000.00,122.96,118
1777266907887,66.00,1890.00,260000.00,60.02,57
1777266907910,148.00,1893.00,260000.00,123.88,118
1777266907932,62.00,1891.00,260000.00,59.56,57
1777266907954,127.00,1898.00,260000.00,122.04,118
1777266907976,134.00,1899.00,260000.00,123.88,116
1777266907998,74.00,1904.00,260000.00,63.70,59
1777266908022,148.00,1901.00,260000.00,126.64,116
1777266908045,69.00,1915.00,260000.00,60.48,59
1777266908067,126.00,1906.00,260000.00,122.96,116
1777266908089,63.00,1904.00,260000.00,63.70,59
1777266908111,139.00,1897.00,260000.00,124.34,116
1777266908134,145.00,1904.00,260000.00,123.72,116
1777266908156,67.00,1915.00,260000.00,61.56,59
1777266908179,136.00,1911.00,260000.00,120.96,116
1777266908204,66.00,1909.00,260000.00,61.10,59
1777266908227,140.00,1919.00,260000.00,121.88,116
1777266908250,115.00,1924.00,260000.00,121.58,118
1777266908272,59.00,1920.00,260000.00,58.18,57
1777266908295,133.00,1919.00,260000.00,124.34,118
1777266908317,72.00,1926.00,260000.00,61.86,57
1777266908339,129.00,1926.00,260000.00,121.12,118
1777266908362,128.00,1936.00,260000.00,124.34,116
1777266908384,66.00,1940.00,260000.00,63.70,59
1777266908407,132.00,1937.00,260000.00,121.58,116
1777266908429,69.00,1933.00,260000.00,60.48,59
1777266908452,128.00,1937.00,260000.00,123.88,116
1777266908475,59.00,1931.00,260000.00,56.34,59
1777266908498,141.00,1937.00,260000.00,123.42,116
1777266908520,60.00,1949.00,260000.00,63.70,59
1777266908542,128.00,1936.00,260000.00,122.50,116
1777266908565,127.00,1949.00,260000.00,119.58,116
1777266908587,75.00,1953.00,260000.00,63.86,59
1777266908609,137.00,1951.00,260000.00,120.04,116
1777266908632,60.00,1941.00,260000.00,62.94,59
1777266908655,121.00,1951.00,260000.00,119.12,116
1777266908677,123.00,1953.00,260000.00,119.28,118
1777266908700,65.00,1955.00,260000.00,60.02,57
1777266908723,141.00,1963.00,260000.00,123.42,118
1777266908745,68.00,1962.00,260000.00,63.70,57
1777266908768,144.00,1966.00,260000.00,124.80,118
1777266908790,131.00,1969.00,260000.00,121.12,116
1777266908812,66.00,1972.00,260000.00,59.10,59
1777266908835,61.00,1966.00,260000.00,59.10,57
1777266908858,66.00,1966.00,260000.00,61.10,59
1777266908880,120.00,1971.00,260000.00,120.50,116
1777266908903,122.00,1973.00,260000.00,129.40,118
1777266908926,65.00,1968.00,260000.00,60.48,57
1777266908948,143.00,1977.00,260000.00,124.34,118
1777266908971,135.00,1975.00,260000.00,123.88,116
1777266908993,65.00,1985.00,260000.00,60.02,59
1777266909015,125.00,1989.00,260000.00,120.66,116
1777266909036,66.00,1980.00,260000.00,60.48,59
1777266909057,67.00,1980.00,260000.00,63.70,57
1777266909079,126.00,1981.00,260000.00,122.50,118
1777266909100,74.00,1982.00,260000.00,62.32,57
1777266909121,137.00,1986.00,260000.00,120.20,118
1777266909142,59.00,1990.00,260000.00,58.18,57
1777266909167,128.00,1979.00,260000.00,122.96,118
1777266909189,64.00,1994.00,260000.00,60.02,57
1777266909210,131.00,2000.00,260000.00,120.66,118
1777266909231,56.00,1992.00,260000.00,63.70,57
1777266909252,121.00,2000.00,260000.00,119.74,118
1777266909274,64.00,1992.00,260000.00,63.70,57
1777266909297,137.00,2002.00,260000.00,125.26,118
1777266909320,61.00,2006.00,260000.00,63.70,57
1777266909342,138.00,2004.00,260000.00,124.80,118
1777266909365,139.00,2010.00,260000.00,125.72,116
1777266909387,65.00,2006.00,260000.00,60.94,59
1777266909410,135.00,2015.00,260000.00,122.50,116
1777266909433,67.00,2018.00,260000.00,60.94,59
1777266909455,127.00,2006.00,260000.00,120.66,116
1777266909478,135.00,2013.00,260000.00,120.96,116
1777266909500,57.00,2025.00,260000.00,58.80,59
1777266909523,133.00,2020.00,260000.00,121.42,116
1777266909545,133.00,2026.00,260000.00,122.50,118
1777266909568,75.00,2037.00,260000.00,62.32,57
1777266909594,134.00,2026.00,260000.00,122.04,118
1777266909616,145.00,2031.00,260000.00,124.34,116
1777266909639,63.00,2043.00,260000.00,59.56,59
1777266909662,133.00,2033.00,260000.00,120.66,116
1777266909684,69.00,2033.00,260000.00,59.10,59
1777266909708,125.00,2030.00,260000.00,121.12,116
1777266909735,123.00,2036.00,260000.00,120.96,116
1777266909758,127.00,2046.00,260000.00,120.66,118
1777266909781,65.00,2055.00,260000.00,59.10,57
1777266909803,134.00,2046.00,260000.00,123.88,118
1777266909826,65.00,2052.00,260000.00,63.70,57
1777266909848,128.00,2057.00,260000.00,120.66,118
1777266909871,60.00,2053.00,260000.00,58.64,57
1777266909894,130.00,2053.00,260000.00,129.40,118
1777266909917,134.00,2051.00,260000.00,122.50,116
1777266909940,72.00,2056.00,260000.00,62.78,59
1777266909963,60.00,2057.00,260000.00,60.02,57
1777266909987,137.00,2062.00,260000.00,123.88,118
1777266910010,60.00,2056.00,260000.00,61.40,57
1777266910036,136.00,2062.00,260000.00,123.42,118
1777266910059,68.00,2065.00,260000.00,60.94,57
1777266910082,124.00,2053.00,260000.00,118.36,118
1777266910105,58.00,2053.00,260000.00,63.70,57
1777266910128,128.00,2065.00,260000.00,120.66,118
1777266910151,65.00,2062.00,260000.00,60.48,57
1777266910174,70.00,2066.00,260000.00,65.70,59
1777266910197,134.00,2069.00,260000.00,119.58,116
1777266910221,66.00,2062.00,260000.00,65.70,59
1777266910246,117.00,2068.00,260000.00,117.28,116
1777266910269,72.00,2069.00,260000.00,65.70,59
1777266910292,136.00,2059.00,260000.00,120.96,116
1777266910315,63.00,2064.00,260000.00,60.18,59
1777266910337,145.00,2072.00,260000.00,125.10,116
1777266910360,69.00,2063.00,260000.00,61.10,59
1777266910383,127.00,2080.00,260000.00,127.40,116
1777266910405,68.00,2075.00,260000.00,62.48,59
1777266910428,138.00,2073.00,260000.00,122.80,116
1777266910450,69.00,2077.00,260000.00,62.94,59
1777266910473,134.00,2088.00,260000.00,121.42,116
1777266910496,72.00,2084.00,260000.00,62.48,59
1777266910519,65.00,2080.00,260000.00,61.40,59
1777266910542,68.00,2080.00,260000.00,63.24,57
1777266910564,135.00,2082.00,260000.00,123.88,118
1777266910587,67.00,2073.00,260000.00,60.94,57
1777266910610,69.00,2085.00,260000.00,62.02,59
1777266910633,133.00,2085.00,260000.00,121.88,116
1777266910656,142.00,2086.00,260000.00,122.96,118
1777266910679,64.00,2087.00,260000.00,63.70,57
1777266910702,75.00,2086.00,260000.00,64.32,59
1777266910725,133.00,2080.00,260000.00,123.72,116
1777266910748,59.00,2086.00,260000.00,65.70,59
1777266910770,136.00,2088.00,260000.00,120.50,116
1777266910793,64.00,2084.00,260000.00,61.56,59
1777266910816,149.00,2086.00,260000.00,122.80,116
1777266910839,65.00,2084.00,260000.00,65.70,59
1777266910862,129.00,2093.00,260000.00,119.58,116
1777266910885,143.00,2100.00,260000.00,125.26,118
1777266910907,68.00,2103.00,260000.00,61.40,57
1777266910930,130.00,2100.00,260000.00,121.12,118
1777266910953,73.00,2102.00,260000.00,60.94,57
1777266910976,148.00,2104.00,260000.00,124.34,118
1777266910999,75.00,2102.00,260000.00,61.40,57
1777266911023,132.00,2104.00,260000.00,120.66,118
1777266911045,65.00,2103.00,260000.00,58.64,57
1777266911068,137.00,2106.00,260000.00,122.04,118
1777266911091,66.00,2113.00,260000.00,61.40,57
1777266911115,130.00,2106.00,260000.00,122.04,118
1777266911138,140.00,2102.00,260000.00,122.04,116
1777266911161,70.00,2110.00,260000.00,63.70,59
1777266911183,128.00,2113.00,260000.00,122.04,116
1777266911206,61.00,2113.00,260000.00,63.70,59
1777266911229,74.00,2119.00,260000.00,63.70,57
1777266911252,135.00,2119.00,260000.00,122.50,118
1777266911276,67.00,2120.00,260000.00,60.48,57
1777266911300,66.00,2110.00,260000.00,62.02,59
1777266911323,124.00,2111.00,260000.00,120.96,116
1777266911345,71.00,2114.00,260000.00,65.70,59
1777266911368,66.00,2116.00,260000.00,63.70,59
1777266911391,133.00,2116.00,260000.00,124.80,116
1777266911414,58.00,2120.00,260000.00,59.10,59
1777266911437,136.00,2116.00,260000.00,123.42,116
1777266911459,65.00,2119.00,260000.00,63.70,59
1777266911482,67.00,2117.00,260000.00,63.70,57
1777266911506,150.00,2120.00,260000.00,124.80,118
1777266911529,66.00,2125.00,260000.00,63.70,57
1777266911552,138.00,2117.00,260000.00,123.42,118
1777266911575,73.00,2117.00,260000.00,61.40,57
1777266911597,130.00,2118.00,260000.00,124.34,118
1777266911620,67.00,2123.00,260000.00,61.40,57
1777266911643,136.00,2120.00,260000.00,122.04,118
1777266911666,69.00,2122.00,260000.00,59.56,57
1777266911689,133.00,2126.00,260000.00,119.74,118
1777266911712,68.00,2129.00,260000.00,60.48,57
1777266911735,126.00,2135.00,260000.00,120.66,118
1777266911758,60.00,2124.00,260000.00,60.94,57
1777266911780,64.00,2126.00,260000.00,61.56,59
1777266911806,140.00,2126.00,260000.00,124.18,116
1777266911829,62.00,2125.00,260000.00,65.70,59
1777266911852,70.00,2124.00,260000.00,60.02,59
1777266911875,68.00,2129.00,260000.00,61.40,57
1777266911898,121.00,2126.00,260000.00,120.20,118
1777266911921,68.00,2129.00,260000.00,60.02,57
1777266911944,68.00,2133.00,260000.00,62.94,59
1777266911966,129.00,2125.00,260000.00,120.50,116
1777266911989,62.00,2123.00,260000.00,65.70,59
1777266912012,70.00,2126.00,260000.00,60.48,59
1777266912035,66.00,2124.00,260000.00,60.02,57
1777266912058,135.00,2120.00,260000.00,122.50,118
1777266912080,63.00,2124.00,260000.00,60.94,57
1777266912103,61.00,2120.00,260000.00,65.70,59
1777266912126,132.00,2113.00,260000.00,120.96,116
1777266912149,72.00,2120.00,260000.00,62.94,59
1777266912172,126.00,2124.00,260000.00,120.96,116
1777266912194,65.00,2115.00,260000.00,62.48,59
1777266912217,66.00,2124.00,260000.00,60.02,59
1777266912240,65.00,2124.00,260000.00,60.94,57
1777266912263,140.00,2123.00,260000.00,124.34,118
1777266912286,55.00,2121.00,260000.00,57.72,57
1777266912309,132.00,2133.00,260000.00,120.66,118
1777266912332,61.00,2140.00,260000.00,63.70,57
1777266912354,73.00,2152.00,260000.00,65.70,59
1777266912378,130.00,2160.00,260000.00,119.58,116
1777266912401,67.00,2165.00,260000.00,61.56,59
1777266912424,65.00,2179.00,260000.00,63.70,59
1777266912447,59.00,2184.00,260000.00,58.64,57
1777266912470,129.00,2190.00,260000.00,123.42,118
1777266912493,63.00,2180.00,260000.00,60.48,57
1777266912515,65.00,2189.00,260000.00,62.94,59
1777266912538,134.00,2177.00,260000.00,120.96,116
1777266912561,72.00,2177.00,260000.00,63.86,59
1777266912586,75.00,2173.00,260000.00,60.94,59
1777266912609,134.00,2175.00,260000.00,122.96,116
1777266912632,69.00,2184.00,260000.00,60.94,59
1777266912655,64.00,2173.00,260000.00,59.56,57
1777266912678,132.00,2171.00,260000.00,129.40,118
1777266912701,66.00,2173.00,260000.00,63.70,57
1777266912724,69.00,2169.00,260000.00,65.70,59
1777266912747,123.00,2162.00,260000.00,119.12,116
1777266912769,70.00,2155.00,260000.00,62.48,59
1777266912792,65.00,2162.00,260000.00,63.70,59
1777266912815,64.00,2152.00,260000.00,63.70,57
1777266912838,141.00,2144.00,260000.00,123.88,118
1777266912861,70.00,2159.00,260000.00,60.48,57
1777266912887,136.00,2157.00,260000.00,124.80,118
1777266912910,65.00,2153.00,260000.00,60.02,57
1777266912933,138.00,2155.00,260000.00,121.12,118
1777266912955,65.00,2150.00,260000.00,63.70,57
1777266912979,70.00,2129.00,260000.00,62.94,59
1777266913002,128.00,2139.00,260000.00,120.04,116
1777266913025,67.00,2133.00,260000.00,62.48,59
1777266913049,126.00,2133.00,260000.00,118.20,116
1777266913093,68.00,2136.00,260000.00,62.02,59
1777266913117,63.00,2142.00,260000.00,60.94,59
1777266913161,126.00,2115.00,260000.00,121.58,116
1777266913184,61.00,2107.00,260000.00,63.70,59
1777266913208,64.00,2106.00,260000.00,63.70,57
1777266913231,70.00,2100.00,260000.00,62.94,59
1777266913256,63.00,2100.00,260000.00,60.94,59
1777266913279,133.00,2100.00,260000.00,122.50,116
1777266913303,64.00,2098.00,260000.00,60.02,59
1777266913326,130.00,2107.00,260000.00,122.50,116
1777266913350,62.00,2094.00,260000.00,61.40,59
1777266913373,67.00,2091.00,260000.00,60.48,57
1777266913399,58.00,2086.00,260000.00,60.18,59
1777266913422,63.00,2079.00,260000.00,58.64,59
1777266913446,127.00,2080.00,260000.00,122.04,116
1777266913470,69.00,2082.00,260000.00,60.94,59
1777266913496,65.00,2074.00,260000.00,60.94,57
1777266913520,132.00,2073.00,260000.00,121.12,118
1777266913550,68.00,2084.00,260000.00,61.40,57
1777266913573,131.00,2067.00,260000.00,120.20,118
1777266913638,66.00,2051.00,260000.00,60.02,57
1777266913662,126.00,2040.00,260000.00,120.20,118
1777266913712,67.00,2040.00,260000.00,63.70,57
1777266913739,135.00,2031.00,260000.00,122.96,118
1777266913783,62.00,2026.00,260000.00,60.02,57
1777266913810,76.00,2024.00,260000.00,65.70,59
1777266913833,69.00,2011.00,260000.00,60.02,59
1777266913861,60.00,1999.00,260000.00,59.56,57
1777266913884,69.00,2000.00,260000.00,63.86,59
1777266913909,64.00,2004.00,260000.00,59.10,59
1777266913932,60.00,1997.00,260000.00,60.48,57
1777266913956,64.00,2000.00,260000.00,61.56,59
1777266913979,129.00,1989.00,260000.00,120.04,116
1777266914003,64.00,1984.00,260000.00,60.64,59
1777266914030,62.00,1980.00,260000.00,63.70,59
1777266914053,68.00,1976.00,260000.00,61.40,57
1777266914076,137.00,1985.00,260000.00,125.26,118
1777266914099,77.00,1977.00,260000.00,63.24,57
1777266914122,66.00,1979.00,260000.00,62.02,59
1777266914149,70.00,1974.00,260000.00,60.48,59
1777266914173,126.00,1961.00,260000.00,120.66,116
1777266914196,58.00,1968.00,260000.00,60.02,59
1777266914219,71.00,1967.00,260000.00,61.40,57
1777266914242,136.00,1960.00,260000.00,120.20,118
1777266914265,63.00,1962.00,260000.00,61.40,57
1777266914288,66.00,1972.00,260000.00,62.94,59
1777266914312,59.00,1963.00,260000.00,63.70,59
1777266914336,64.00,1949.00,260000.00,60.94,57
1777266914359,66.00,1946.00,260000.00,65.70,59
1777266914382,140.00,1946.00,260000.00,122.80,116
1777266914427,144.00,1937.00,260000.00,124.80,118
1777266914450,66.00,1943.00,260000.00,60.48,57
1777266914475,73.00,1933.00,260000.00,63.86,59
1777266914500,63.00,1926.00,260000.00,63.70,59
1777266914523,65.00,1929.00,260000.00,60.48,57
1777266914546,123.00,1920.00,260000.00,120.66,118
1777266914569,61.00,1916.00,260000.00,59.56,57
1777266914592,71.00,1920.00,260000.00,62.48,59
1777266914615,72.00,1921.00,260000.00,60.48,59
1777266914638,65.00,1911.00,260000.00,63.70,57
1777266914664,63.00,1900.00,260000.00,61.56,59
1777266914687,146.00,1901.00,260000.00,124.18,116
1777266914710,69.00,1899.00,260000.00,63.86,59
1777266914734,133.00,1904.00,260000.00,121.42,116
1777266914784,69.00,1886.00,260000.00,62.48,59
1777266914807,63.00,1882.00,260000.00,59.56,59
1777266914831,64.00,1873.00,260000.00,61.40,57
1777266914855,140.00,1866.00,260000.00,123.88,118
1777266914880,73.00,1873.00,260000.00,61.40,57
1777266914904,63.00,1878.00,260000.00,60.64,59
1777266914927,65.00,1861.00,260000.00,63.70,59
1777266914951,135.00,1860.00,260000.00,123.88,116
1777266914974,74.00,1860.00,260000.00,63.70,59
1777266914997,67.00,1869.00,260000.00,60.02,57
1777266915022,71.00,1860.00,260000.00,62.94,59
1777266915045,140.00,1852.00,260000.00,127.40,116
1777266915069,66.00,1853.00,260000.00,60.64,59
1777266915093,61.00,1860.00,260000.00,57.72,59
1777266915116,148.00,1861.00,260000.00,124.34,116
1777266915140,64.00,1853.00,260000.00,63.70,59
1777266915163,69.00,1853.00,260000.00,61.40,57
1777266915186,73.00,1853.00,260000.00,62.94,59
1777266915209,62.00,1850.00,260000.00,63.70,59
1777266915234,66.00,1836.00,260000.00,60.94,57
1777266915258,128.00,1846.00,260000.00,123.42,118
1777266915281,66.00,1853.00,260000.00,60.94,57
1777266915304,74.00,1848.00,260000.00,64.32,59
1777266915327,68.00,1840.00,260000.00,59.10,59
1777266915351,135.00,1843.00,260000.00,122.04,116
1777266915374,72.00,1846.00,260000.00,60.02,59
1777266915398,68.00,1844.00,260000.00,60.02,57
1777266915421,69.00,1833.00,260000.00,62.94,59
1777266915466,134.00,1828.00,260000.00,120.04,116
1777266915702,74.00,1736.00,260000.00,62.48,59
1777266915724,130.00,1740.00,260000.00,121.88,116
1777266915746,71.00,1733.00,260000.00,65.70,59
1777266915768,133.00,1740.00,260000.00,119.58,116
1777266915790,61.00,1744.00,260000.00,65.70,59
1777266915820,70.00,1732.00,260000.00,63.70,59
1777266915843,129.00,1741.00,260000.00,122.96,116
1777266915865,134.00,1731.00,260000.00,122.80,116
1777266915889,64.00,1726.00,260000.00,62.02,59
1777266915914,121.00,1726.00,260000.00,119.12,116
1777266915936,136.00,1730.00,260000.00,125.72,118
1777266915958,133.00,1735.00,260000.00,121.12,116
1777266915980,69.00,1733.00,260000.00,61.40,59
1777266916005,132.00,1733.00,260000.00,119.74,116
1777266916027,62.00,1729.00,260000.00,63.70,59
1777266916050,123.00,1738.00,260000.00,119.28,116
1777266916072,143.00,1732.00,260000.00,121.88,116
1777266916095,73.00,1731.00,260000.00,62.94,59
1777266916117,129.00,1737.00,260000.00,121.42,116
1777266916139,73.00,1742.00,260000.00,62.94,59
1777266916162,127.00,1740.00,260000.00,120.04,116
1777266916184,66.00,1747.00,260000.00,62.48,59
1777266916206,140.00,1735.00,260000.00,127.40,116
1777266916228,75.00,1738.00,260000.00,63.86,59
1777266916251,141.00,1746.00,260000.00,121.42,116
1777266916273,65.00,1749.00,260000.00,60.64,59
1777266916295,127.00,1757.00,260000.00,118.66,116
1777266916317,134.00,1749.00,260000.00,129.40,118
1777266916340,63.00,1747.00,260000.00,60.94,57
1777266916364,131.00,1743.00,260000.00,122.96,118
1777266916387,146.00,1761.00,260000.00,124.34,116
1777266916409,62.00,1755.00,260000.00,59.56,59
1777266916431,137.00,1762.00,260000.00,123.42,116
1777266916455,62.00,1771.00,260000.00,59.56,59
1777266916477,126.00,1761.00,260000.00,122.04,116
1777266916499,57.00,1763.00,260000.00,58.64,59
1777266916522,131.00,1764.00,260000.00,122.96,116
1777266916544,67.00,1772.00,260000.00,63.70,59
1777266916567,126.00,1764.00,260000.00,121.58,116
1777266916589,139.00,1760.00,260000.00,120.96,116
1777266916611,69.00,1766.00,260000.00,64.32,59
1777266916634,142.00,1761.00,260000.00,123.72,116
1777266916656,70.00,1768.00,260000.00,65.70,59
1777266916678,72.00,1775.00,260000.00,61.40,59
1777266916701,147.00,1763.00,260000.00,123.88,116
1777266916724,67.00,1757.00,260000.00,63.70,59
1777266916746,139.00,1766.00,260000.00,129.40,116
1777266916769,67.00,1766.00,260000.00,63.70,59
1777266916791,134.00,1766.00,260000.00,120.66,116
1777266916814,64.00,1776.00,260000.00,60.94,59
1777266916836,137.00,1777.00,260000.00,122.50,116
1777266916859,149.00,1771.00,260000.00,123.26,116
1777266916882,72.00,1774.00,260000.00,65.70,59
1777266916905,138.00,1777.00,260000.00,121.88,116
1777266916927,129.00,1780.00,260000.00,118.82,118
1777266916950,63.00,1780.00,260000.00,59.10,57
1777266916975,64.00,1788.00,260000.00,61.56,59
1777266916997,70.00,1780.00,260000.00,60.48,59
1777266917020,130.00,1784.00,260000.00,121.58,116
1777266917043,131.00,1790.00,260000.00,120.50,116
1777266917066,74.00,1785.00,260000.00,63.86,59
1777266917089,72.00,1785.00,260000.00,61.40,59
1777266917112,69.00,1786.00,260000.00,61.86,57
1777266917135,126.00,1775.00,260000.00,122.50,118
1777266917157,139.00,1783.00,260000.00,124.34,116
1777266917180,75.00,1786.00,260000.00,60.94,59
1777266917203,124.00,1785.00,260000.00,121.12,116
1777266917225,63.00,1800.00,260000.00,63.70,59
1777266917248,72.00,1801.00,260000.00,61.86,57
1777266917270,130.00,1791.00,260000.00,123.42,118
1777266917293,125.00,1788.00,260000.00,122.96,116
1777266917315,69.00,1800.00,260000.00,60.94,59
1777266917338,131.00,1802.00,260000.00,122.50,116
1777266917365,69.00,1791.00,260000.00,60.48,59
1777266917388,131.00,1801.00,260000.00,122.96,116
1777266917411,137.00,1811.00,260000.00,121.42,116
1777266917434,73.00,1808.00,260000.00,63.86,59
1777266917456,143.00,1802.00,260000.00,120.96,116
1777266917479,59.00,1807.00,260000.00,61.56,59
1777266917503,141.00,1806.00,260000.00,121.88,116
1777266917526,141.00,1808.00,260000.00,122.96,118
1777266917549,64.00,1817.00,260000.00,59.10,57
1777266917572,63.00,1813.00,260000.00,65.70,59
1777266917595,136.00,1817.00,260000.00,122.80,116
1777266917618,135.00,1826.00,260000.00,123.42,118
1777266917642,60.00,1817.00,260000.00,63.70,57
1777266917665,141.00,1818.00,260000.00,125.72,118
1777266917688,68.00,1819.00,260000.00,62.32,57
1777266917712,119.00,1820.00,260000.00,118.36,118
1777266917735,141.00,1823.00,260000.00,123.42,116
1777266917758,73.00,1829.00,260000.00,63.70,59
1777266917780,67.00,1825.00,260000.00,61.40,57
1777266917803,71.00,1832.00,260000.00,61.56,59
1777266917826,114.00,1834.00,260000.00,117.74,116
1777266917849,66.00,1829.00,260000.00,62.02,59
1777266917872,141.00,1826.00,260000.00,123.72,116
1777266917895,68.00,1831.00,260000.00,63.40,59
1777266917917,126.00,1822.00,260000.00,117.74,116
1777266917940,75.00,1830.00,260000.00,65.70,59
1777266917963,137.00,1839.00,260000.00,119.58,116
1777266917986,67.00,1833.00,260000.00,63.40,59
1777266918009,131.00,1822.00,260000.00,120.50,116
1777266918032,126.00,1831.00,260000.00,121.12,118
1777266918055,69.00,1838.00,260000.00,61.86,57
1777266918078,130.00,1840.00,260000.00,120.66,118
1777266918101,65.00,1839.00,260000.00,60.48,57
1777266918125,140.00,1846.00,260000.00,123.88,118
1777266918148,64.00,1860.00,260000.00,60.02,57
1777266918171,127.00,1857.00,260000.00,120.66,118
1777266918195,63.00,1852.00,260000.00,63.70,57
1777266918219,137.00,1854.00,260000.00,122.50,118
1777266918242,68.00,1871.00,260000.00,61.86,57
1777266918265,141.00,1866.00,260000.00,123.88,118
1777266918288,63.00,1866.00,260000.00,60.02,57
1777266918312,136.00,1866.00,260000.00,120.66,118
1777266918335,138.00,1873.00,260000.00,124.34,116
1777266918358,61.00,1875.00,260000.00,57.72,59
1777266918381,127.00,1873.00,260000.00,122.96,116
1777266918404,61.00,1879.00,260000.00,59.56,59
1777266918426,65.00,1880.00,260000.00,60.48,57
1777266918450,66.00,1875.00,260000.00,65.70,59
1777266918473,135.00,1882.00,260000.00,120.50,116
1777266918496,60.00,1891.00,260000.00,59.26,59
1777266918520,133.00,1886.00,260000.00,120.96,116
1777266918543,145.00,1882.00,260000.00,125.26,118
1777266918567,66.00,1893.00,260000.00,63.70,57
1777266918590,72.00,1894.00,260000.00,63.40,59
1777266918614,126.00,1893.00,260000.00,120.96,116
1777266918638,68.00,1902.00,260000.00,62.02,59
1777266918661,131.00,1906.00,260000.00,119.58,116
1777266918707,135.00,1906.00,260000.00,122.04,118
1777266918730,67.00,1909.00,260000.00,60.02,57
1777266918753,134.00,1915.00,260000.00,121.12,118
1777266918776,65.00,1916.00,260000.00,60.48,57
1777266918799,127.00,1920.00,260000.00,122.96,118
1777266918823,138.00,1928.00,260000.00,122.96,116
1777266918846,67.00,1938.00,260000.00,60.94,59
1777266918869,132.00,1933.00,260000.00,125.26,116
1777266918893,131.00,1940.00,260000.00,121.42,116
1777266918916,70.00,1943.00,260000.00,62.02,59
1777266918940,129.00,1946.00,260000.00,119.58,116
1777266918963,68.00,1953.00,260000.00,65.70,59
1777266918987,137.00,1954.00,260000.00,121.88,116
1777266919011,124.00,1952.00,260000.00,121.58,118
1777266919034,67.00,1962.00,260000.00,58.64,57
1777266919057,138.00,1960.00,260000.00,123.42,118
1777266919081,64.00,1960.00,260000.00,60.94,57
1777266919104,128.00,1969.00,260000.00,123.88,118
1777266919127,74.00,1962.00,260000.00,63.70,57
1777266919151,62.00,1973.00,260000.00,61.56,59
1777266919174,141.00,1977.00,260000.00,121.42,116
1777266919197,134.00,1972.00,260000.00,121.12,118
1777266919220,64.00,1973.00,260000.00,60.02,57
1777266919243,144.00,1972.00,260000.00,123.88,118
1777266919267,61.00,1973.00,260000.00,60.48,57
1777266919290,67.00,1979.00,260000.00,62.48,59
1777266919313,130.00,1980.00,260000.00,120.04,116
1777266919339,69.00,1974.00,260000.00,63.40,59
1777266919362,129.00,1980.00,260000.00,118.66,116
1777266919385,136.00,1980.00,260000.00,124.34,118
1777266919409,59.00,1986.00,260000.00,58.64,57
1777266919432,68.00,2000.00,260000.00,62.48,59
1777266919456,136.00,1986.00,260000.00,120.50,116
1777266919480,65.00,2000.00,260000.00,62.94,59
1777266919504,139.00,1993.00,260000.00,120.04,116
1777266919528,65.00,2000.00,260000.00,65.70,59
1777266919551,141.00,1997.00,260000.00,120.04,116
1777266919574,67.00,1992.00,260000.00,65.70,59
1777266919599,58.00,1994.00,260000.00,63.70,59
1777266919622,70.00,2004.00,260000.00,60.94,57
1777266919646,127.00,2000.00,260000.00,123.88,118
1777266919669,63.00,2002.00,260000.00,59.56,57
1777266919694,128.00,2000.00,260000.00,121.58,118
1777266919717,65.00,2002.00,260000.00,58.64,57
1777266919741,129.00,2008.00,260000.00,121.12,118
1777266919765,59.00,2009.00,260000.00,60.02,57
1777266919789,137.00,2013.00,260000.00,123.88,118
1777266919834,132.00,2020.00,260000.00,125.26,116
1777266919858,79.00,2020.00,260000.00,62.78,59
1777266919887,120.00,2003.00,260000.00,121.12,116
1777266919911,63.00,2019.00,260000.00,59.56,59
1777266919935,125.00,2020.00,260000.00,129.40,116
1777266919958,71.00,2021.00,260000.00,61.86,59
1777266919982,134.00,2020.00,260000.00,124.34,116
1777266920006,66.00,2022.00,260000.00,61.40,59
1777266920029,63.00,2031.00,260000.00,59.10,57
1777266920053,65.00,2035.00,260000.00,62.02,59
1777266920076,74.00,2020.00,260000.00,61.86,59
1777266920100,131.00,2020.00,260000.00,119.74,116
1777266920123,67.00,2021.00,260000.00,63.70,59
1777266920147,59.00,2020.00,260000.00,60.02,57
1777266920171,141.00,2016.00,260000.00,122.96,118
1777266920194,71.00,2029.00,260000.00,61.86,57
1777266920217,141.00,2036.00,260000.00,124.80,118
1777266920241,59.00,2033.00,260000.00,63.70,57
1777266920264,70.00,2034.00,260000.00,61.10,59
1777266920288,135.00,2026.00,260000.00,120.50,116
1777266920312,67.00,2031.00,260000.00,63.40,59
1777266920335,65.00,2033.00,260000.00,59.56,59
1777266920358,69.00,2030.00,260000.00,63.70,57
1777266920382,141.00,2021.00,260000.00,123.88,118
1777266920406,67.00,2033.00,260000.00,61.86,57
1777266920429,154.00,2037.00,260000.00,124.34,118
1777266920453,67.00,2046.00,260000.00,63.70,57
1777266920497,56.00,2046.00,260000.00,61.56,59
1777266920521,58.00,2053.00,260000.00,63.70,59
1777266920544,65.00,2059.00,260000.00,60.94,57
1777266920568,139.00,2066.00,260000.00,122.96,118
1777266920613,127.00,2071.00,260000.00,122.50,116
1777266920637,65.00,2088.00,260000.00,63.70,59
1777266920661,62.00,2100.00,260000.00,60.94,57
1777266920686,132.00,2104.00,260000.00,121.12,118
1777266920710,71.00,2106.00,260000.00,63.24,57
1777266920734,128.00,2111.00,260000.00,122.50,118
1777266920758,66.00,2116.00,260000.00,60.48,57
1777266920781,67.00,2103.00,260000.00,61.56,59
1777266920804,67.00,2109.00,260000.00,63.70,59
1777266920828,141.00,2100.00,260000.00,124.34,116
1777266920851,68.00,2101.00,260000.00,63.70,59
1777266920875,126.00,2102.00,260000.00,120.66,116
1777266920899,71.00,2096.00,260000.00,63.70,59
1777266920922,66.00,2093.00,260000.00,61.86,57
1777266920946,141.00,2096.00,260000.00,124.34,118
1777266920970,67.00,2090.00,260000.00,61.86,57
1777266920993,137.00,2086.00,260000.00,123.88,118
1777266921017,69.00,2088.00,260000.00,60.94,57
1777266921040,70.00,2099.00,260000.00,62.94,59
1777266921065,65.00,2082.00,260000.00,59.10,59
1777266921089,67.00,2082.00,260000.00,63.70,57
1777266921113,75.00,2070.00,260000.00,64.32,59
1777266921136,139.00,2075.00,260000.00,121.42,116
1777266921160,64.00,2066.00,260000.00,65.70,59
1777266921183,59.00,2066.00,260000.00,63.70,59
1777266921207,61.00,2071.00,260000.00,60.48,57
1777266921230,73.00,2065.00,260000.00,65.70,59
1777266921254,120.00,2051.00,260000.00,118.66,116
1777266921278,71.00,2061.00,260000.00,65.70,59
1777266921302,125.00,2050.00,260000.00,121.42,116
1777266921347,134.00,2050.00,260000.00,122.96,118
1777266921370,61.00,2045.00,260000.00,63.70,57
1777266921394,74.00,2046.00,260000.00,62.48,59
1777266921417,137.00,2037.00,260000.00,122.80,116
1777266921440,73.00,2033.00,260000.00,62.94,59
1777266921468,70.00,2037.00,260000.00,62.78,59
1777266921491,61.00,2038.00,260000.00,58.64,57
1777266921514,127.00,2030.00,260000.00,119.28,118
1777266921538,77.00,2024.00,260000.00,62.32,57
1777266921567,127.00,2018.00,260000.00,121.12,118
1777266921590,66.00,2033.00,260000.00,60.02,57
1777266921618,136.00,2018.00,260000.00,122.04,118
1777266921642,62.00,2027.00,260000.00,60.02,57
1777266921666,131.00,2013.00,260000.00,123.42,118
1777266921690,69.00,2013.00,260000.00,61.40,57
1777266921714,149.00,2022.00,260000.00,124.80,118
1777266921737,70.00,2025.00,260000.00,63.70,57
1777266921760,75.00,2024.00,260000.00,65.70,59
1777266921784,136.00,2019.00,260000.00,123.26,116
1777266921808,59.00,2009.00,260000.00,65.70,59
1777266921831,133.00,2017.00,260000.00,123.26,116
1777266921854,63.00,2021.00,260000.00,61.56,59
1777266921877,70.00,2016.00,260000.00,60.02,59
1777266921900,67.00,2002.00,260000.00,60.94,57
1777266921923,129.00,2000.00,260000.00,121.58,118
1777266921946,64.00,2002.00,260000.00,62.32,57
1777266921970,68.00,2006.00,260000.00,65.70,59
1777266921993,123.00,2000.00,260000.00,120.96,116
1777266922017,64.00,2003.00,260000.00,61.56,59
1777266922040,135.00,2004.00,260000.00,121.42,116
1777266922067,74.00,1996.00,260000.00,65.70,59
1777266922090,134.00,2001.00,260000.00,121.42,116
1777266922113,62.00,2006.00,260000.00,60.64,59
1777266922137,135.00,2011.00,260000.00,120.04,116
1777266922160,67.00,2003.00,260000.00,65.70,59
1777266922183,64.00,2007.00,260000.00,63.70,59
1777266922209,60.00,1980.00,260000.00,58.64,57
1777266922233,141.00,1986.00,260000.00,123.88,118
1777266922256,66.00,1993.00,260000.00,59.10,57
1777266922280,132.00,1991.00,260000.00,122.96,118
1777266922304,66.00,1986.00,260000.00,63.70,57
1777266922328,64.00,1986.00,260000.00,65.70,59
1777266922352,129.00,1988.00,260000.00,127.40,116
1777266922397,141.00,1973.00,260000.00,122.96,118
1777266922421,58.00,1971.00,260000.00,63.70,57
1777266922444,74.00,1982.00,260000.00,62.48,59
1777266922468,125.00,1970.00,260000.00,116.36,116
1777266922491,65.00,1969.00,260000.00,59.72,59
1777266922517,71.00,1971.00,260000.00,63.70,59
1777266922541,68.00,1973.00,260000.00,60.48,57
1777266922564,140.00,1963.00,260000.00,121.12,118
1777266922588,69.00,1966.00,260000.00,60.94,57
1777266922610,61.00,1955.00,260000.00,65.70,59
1777266922634,124.00,1959.00,260000.00,118.66,116
1777266922658,71.00,1970.00,260000.00,63.40,59
1777266922681,133.00,1963.00,260000.00,120.96,116
1777266922704,69.00,1955.00,260000.00,65.70,59
1777266922728,67.00,1956.00,260000.00,63.70,59
1777266922752,129.00,1952.00,260000.00,119.74,116
1777266922776,69.00,1956.00,260000.00,61.86,59
1777266922800,67.00,1953.00,260000.00,60.48,57
1777266922823,130.00,1957.00,260000.00,123.88,118
1777266922847,69.00,1956.00,260000.00,63.70,57
1777266922870,139.00,1957.00,260000.00,124.80,118
1777266922894,67.00,1948.00,260000.00,60.48,57
1777266922917,142.00,1953.00,260000.00,125.26,118
1777266922940,70.00,1950.00,260000.00,60.48,57
1777266922966,133.00,1951.00,260000.00,122.04,118
1777266922988,67.00,1949.00,260000.00,63.70,57
1777266923011,132.00,1956.00,260000.00,122.96,118
1777266923034,56.00,1946.00,260000.00,57.26,57
1777266923059,61.00,1927.00,260000.00,61.10,59
1777266923082,133.00,1941.00,260000.00,122.34,116
1777266923105,69.00,1951.00,260000.00,61.56,59
1777266923127,126.00,1946.00,260000.00,116.82,116
1777266923150,70.00,1940.00,260000.00,65.70,59
1777266923176,68.00,1941.00,260000.00,60.48,59
1777266923199,130.00,1942.00,260000.00,122.50,116
1777266923395,64.00,1851.00,260000.00,60.94,59
1777266923417,138.00,1860.00,260000.00,122.96,116
1777266923439,130.00,1873.00,260000.00,123.26,116
1777266923465,67.00,1879.00,260000.00,65.70,59
1777266923487,135.00,1870.00,260000.00,120.50,116
1777266923511,131.00,1873.00,260000.00,123.42,118
1777266923537,134.00,1868.00,260000.00,124.80,116
1777266923559,64.00,1877.00,260000.00,60.02,59
1777266923581,133.00,1875.00,260000.00,122.50,116
1777266923603,138.00,1873.00,260000.00,122.80,116
1777266923625,79.00,1880.00,260000.00,65.70,59
1777266923647,141.00,1882.00,260000.00,122.80,116
1777266923668,73.00,1876.00,260000.00,63.40,59
1777266923690,137.00,1886.00,260000.00,120.96,116
1777266923715,65.00,1885.00,260000.00,62.02,59
1777266923737,134.00,1894.00,260000.00,121.88,116
1777266923759,133.00,1890.00,260000.00,121.12,118
1777266923781,65.00,1886.00,260000.00,61.86,57
1777266923803,131.00,1882.00,260000.00,121.58,118
1777266923825,64.00,1890.00,260000.00,60.48,57
1777266923847,131.00,1895.00,260000.00,120.20,118
1777266923869,136.00,1898.00,260000.00,124.34,116
1777266923892,66.00,1891.00,260000.00,63.70,59
1777266923914,134.00,1902.00,260000.00,122.96,116
1777266923936,71.00,1895.00,260000.00,61.40,59
1777266923957,61.00,1888.00,260000.00,59.10,57
1777266923982,135.00,1885.00,260000.00,124.34,118
1777266924004,142.00,1898.00,260000.00,126.18,116
1777266924027,55.00,1890.00,260000.00,58.18,59
1777266924049,132.00,1893.00,260000.00,122.96,116
1777266924071,64.00,1896.00,260000.00,60.94,59
1777266924093,117.00,1901.00,260000.00,129.40,116
1777266924115,66.00,1889.00,260000.00,63.70,59
1777266924137,128.00,1893.00,260000.00,123.88,116
1777266924159,128.00,1891.00,260000.00,121.88,116
1777266924181,71.00,1895.00,260000.00,61.10,59
1777266924203,62.00,1889.00,260000.00,59.56,59
1777266924229,144.00,1897.00,260000.00,125.72,116
1777266924251,142.00,1911.00,260000.00,121.88,116
1777266924273,75.00,1900.00,260000.00,62.94,59
1777266924295,129.00,1895.00,260000.00,119.58,116
1777266924317,147.00,1905.00,260000.00,125.26,118
1777266924339,64.00,1903.00,260000.00,63.70,57
1777266924361,128.00,1913.00,260000.00,122.04,118
1777266924383,55.00,1909.00,260000.00,63.70,57
1777266924406,126.00,1911.00,260000.00,119.28,118
1777266924428,71.00,1921.00,260000.00,63.70,57
1777266924450,138.00,1907.00,260000.00,120.66,118
1777266924472,57.00,1910.00,260000.00,63.70,57
1777266924495,131.00,1907.00,260000.00,125.26,118
1777266924517,63.00,1908.00,260000.00,63.70,57
1777266924539,121.00,1912.00,260000.00,123.88,118
1777266924562,143.00,1917.00,260000.00,125.26,116
1777266924585,65.00,1933.00,260000.00,60.02,59
1777266924607,136.00,1916.00,260000.00,122.96,116
1777266924629,68.00,1924.00,260000.00,60.94,59
1777266924652,125.00,1924.00,260000.00,117.90,116
1777266924674,66.00,1926.00,260000.00,60.94,59
1777266924696,141.00,1923.00,260000.00,124.34,116
1777266924719,67.00,1930.00,260000.00,63.70,59
1777266924741,130.00,1931.00,260000.00,124.80,116
1777266924764,134.00,1931.00,260000.00,120.96,116
1777266924786,68.00,1940.00,260000.00,62.48,59
1777266924809,69.00,1933.00,260000.00,60.02,59
1777266924831,134.00,1940.00,260000.00,121.58,116
1777266924854,132.00,1943.00,260000.00,122.34,116
1777266924878,75.00,1949.00,260000.00,62.48,59
1777266924900,129.00,1944.00,260000.00,118.66,116
1777266924923,145.00,1940.00,260000.00,125.26,118
1777266924945,63.00,1941.00,260000.00,61.86,57
1777266924968,139.00,1952.00,260000.00,121.58,118
1777266924990,64.00,1951.00,260000.00,60.48,57
1777266925013,132.00,1946.00,260000.00,124.80,118
1777266925035,67.00,1953.00,260000.00,60.94,57
1777266925058,135.00,1948.00,260000.00,123.88,118
1777266925080,65.00,1953.00,260000.00,59.56,57
1777266925102,133.00,1960.00,260000.00,122.50,118
1777266925124,63.00,1956.00,260000.00,60.48,57
1777266925147,121.00,1966.00,260000.00,121.12,118
1777266925169,61.00,1970.00,260000.00,63.70,57
1777266925192,146.00,1979.00,260000.00,123.88,118
1777266925214,136.00,1970.00,260000.00,121.12,116
1777266925237,70.00,1973.00,260000.00,61.40,59
1777266925259,146.00,1974.00,260000.00,122.96,116
1777266925283,68.00,1967.00,260000.00,60.48,59
1777266925308,123.00,1976.00,260000.00,119.28,116
1777266925330,147.00,1989.00,260000.00,123.26,116
1777266925353,75.00,1986.00,260000.00,62.48,59
1777266925375,131.00,1992.00,260000.00,119.12,116
1777266925398,67.00,1990.00,260000.00,62.02,59
1777266925421,132.00,1986.00,260000.00,121.42,116
1777266925444,131.00,1986.00,260000.00,121.58,118
1777266925466,62.00,1992.00,260000.00,60.94,57
1777266925492,124.00,1992.00,260000.00,119.74,118
1777266925515,132.00,2004.00,260000.00,122.04,116
1777266925537,61.00,2019.00,260000.00,63.70,59
1777266925560,125.00,2007.00,260000.00,122.04,116
1777266925582,60.00,2019.00,260000.00,63.70,59
1777266925605,65.00,2023.00,260000.00,63.70,57
1777266925628,69.00,2017.00,260000.00,61.56,59
1777266925650,125.00,2013.00,260000.00,120.96,116
1777266925673,64.00,2020.00,260000.00,61.56,59
1777266925701,610.00,2009.00,260000.00,541.58,525
1777266925725,616.00,2066.00,260000.00,551.70,525
1777266925749,581.00,2113.00,260000.00,554.00,525
1777266925773,609.00,2126.00,260000.00,549.40,525
1777266925817,607.00,2213.00,260000.00,555.84,525
1777266925841,594.00,2266.00,260000.00,556.76,525
1777266925885,591.00,2303.00,260000.00,546.64,525
1777266925910,598.00,2319.00,260000.00,554.00,525
1777266925954,580.00,2393.00,260000.00,544.34,525
1777266925979,579.00,2446.00,260000.00,548.48,525
1777266926023,620.00,2486.00,260000.00,550.78,525
1777266926048,610.00,2546.00,260000.00,554.46,525
1777266926072,604.00,2561.00,260000.00,551.70,525
1777266926116,598.00,2640.00,260000.00,549.40,525
1777266926141,639.00,2693.00,260000.00,553.54,525
1777266926186,601.00,2706.00,260000.00,552.62,525
1777266926210,617.00,2756.00,260000.00,550.78,525
1777266926255,586.00,2840.00,260000.00,545.72,525
1777266926280,598.00,2867.00,260000.00,551.24,525
1777266926304,598.00,2904.00,260000.00,541.58,525
1777266926349,599.00,2986.00,260000.00,548.94,525
1777266926374,617.00,3037.00,260000.00,552.16,525
1777266926419,611.00,3080.00,260000.00,554.46,525
1777266926444,608.00,3126.00,260000.00,547.56,525
1777266926468,605.00,3142.00,260000.00,551.24,525
1777266926514,607.00,3201.00,260000.00,542.96,525
1777266926538,582.00,3279.00,260000.00,546.64,525
1777266926584,620.00,3313.00,260000.00,551.70,525
1777266926609,584.00,3330.00,260000.00,546.64,525
1777266926634,581.00,3380.00,260000.00,552.16,525
1777266926681,582.00,3460.00,260000.00,545.26,525
1777266926707,578.00,3515.00,260000.00,548.94,525
1777266926753,605.00,3546.00,260000.00,554.00,525
1777266926778,591.00,3560.00,260000.00,546.64,525
1777266926805,583.00,3655.00,260000.00,546.64,525
1777266926852,595.00,3696.00,260000.00,555.38,525
1777266926877,584.00,3701.00,260000.00,548.94,525
1777266926903,602.00,3759.00,260000.00,550.78,525
1777266926951,601.00,3836.00,260000.00,554.46,525
1777266926978,608.00,3878.00,260000.00,552.16,525
1777266927004,607.00,3935.00,260000.00,544.34,525
1777266927031,614.00,3980.00,260000.00,556.30,525
1777266927078,608.00,4020.00,260000.00,553.54,525
1777266927104,608.00,4066.00,260000.00,548.48,525
1777266927131,598.00,4082.00,260000.00,550.78,525
1777266927179,574.00,4160.00,260000.00,545.72,525
1777266927206,601.00,4220.00,260000.00,553.54,525
1777266927232,609.00,4239.00,260000.00,557.22,525
1777266927281,598.00,4306.00,260000.00,550.32,525
1777266927308,594.00,4353.00,260000.00,548.48,525
1777266927336,600.00,4400.00,260000.00,550.32,525
1777266927362,614.00,4458.00,260000.00,551.70,525
1777266927412,610.00,4465.00,260000.00,551.70,525
1777266927438,592.00,4546.00,260000.00,542.96,525
1777266927466,605.00,4600.00,260000.00,554.92,525
1777266927492,587.00,4612.00,260000.00,547.10,525
1777266927542,611.00,4670.00,260000.00,543.88,525
1777266927569,605.00,4746.00,260000.00,550.78,525
1777266927596,619.00,4791.00,260000.00,549.40,525
1777266927646,629.00,4826.00,260000.00,552.62,525
1777266927674,599.00,4840.00,260000.00,547.10,525
1777266927702,587.00,4935.00,260000.00,544.80,525
1777266927730,567.00,4980.00,260000.00,536.06,525
1777266927779,605.00,4997.00,260000.00,546.18,525
1777266927807,591.00,5031.00,260000.00,555.38,525
1777266927836,590.00,5117.00,260000.00,548.48,525
1777266927863,597.00,5132.00,260000.00,547.10,525
1777266927913,599.00,5215.00,260000.00,550.78,525
1777266927942,588.00,5258.00,260000.00,548.48,525
1777266927971,616.00,5306.00,260000.00,554.46,525
1777266927998,585.00,5306.00,260000.00,545.26,525
1777266928027,597.00,5364.00,260000.00,548.94,525
1777266928077,614.00,5440.00,260000.00,548.94,525
1777266928105,593.00,5450.00,260000.00,547.10,525
1777266928133,622.00,5503.00,260000.00,552.62,525
1777266928162,576.00,5580.00,260000.00,545.72,525
1777266928189,597.00,5605.00,260000.00,549.40,525
1777266928244,596.00,5695.00,260000.00,542.04,525
1777266928271,608.00,5755.00,260000.00,551.70,525
1777266928299,598.00,5815.00,260000.00,552.62,525
1777266928326,621.00,5835.00,260000.00,553.54,525
1777266928376,591.00,5932.00,260000.00,550.78,525
1777266928404,594.00,5973.00,260000.00,546.18,525
1777266928439,628.00,5983.00,260000.00,556.76,525
1777266928467,602.00,6076.00,260000.00,551.24,525
1777266928496,607.00,6106.00,260000.00,548.02,525
1777266928523,586.00,6162.00,260000.00,547.56,525
1777266928572,620.00,6206.00,260000.00,551.24,525
1777266928600,612.00,6252.00,260000.00,549.86,525
1777266928628,598.00,6257.00,260000.00,556.30,525
1777266928656,616.00,6309.00,260000.00,548.48,525
1777266928706,598.00,6371.00,260000.00,546.18,525
1777266928734,595.00,6388.00,260000.00,553.54,525
1777266928763,602.00,6466.00,260000.00,544.34,525
1777266928793,600.00,6515.00,260000.00,547.56,525
1777266928822,619.00,6540.00,260000.00,553.08,525
1777266928875,597.00,6600.00,260000.00,546.18,525
1777266928904,588.00,6633.00,260000.00,548.02,525
1777266928933,603.00,6688.00,260000.00,549.86,525
1777266928961,610.00,6740.00,260000.00,546.18,525
1777266928989,601.00,6790.00,260000.00,551.24,525
1777266929040,607.00,6821.00,260000.00,549.40,525
1777266929070,597.00,6826.00,260000.00,545.26,525
1777266929100,587.00,6878.00,260000.00,548.02,525
1777266929129,566.00,6953.00,260000.00,541.12,525
1777266929158,592.00,6974.00,260000.00,547.10,525
1777266929188,601.00,7022.00,260000.00,545.72,525
1777266929240,620.00,7083.00,260000.00,553.54,525
1777266929272,603.00,7126.00,260000.00,543.88,525
1777266929304,595.00,7149.00,260000.00,551.70,525
1777266929335,608.00,7223.00,260000.00,547.10,525
1777266929365,593.00,7278.00,260000.00,549.40,525
1777266929395,600.00,7312.00,260000.00,548.94,525
1777266929426,600.00,7318.00,260000.00,550.32,525
1777266929456,626.00,7413.00,260000.00,552.16,525
1777266929514,599.00,7438.00,260000.00,549.40,525
1777266929544,604.00,7497.00,260000.00,555.38,525
1777266929574,601.00,7520.00,260000.00,548.94,525
1777266929606,594.00,7577.00,260000.00,552.16,525
1777266929635,603.00,7628.00,260000.00,549.40,525
1777266929664,615.00,7660.00,260000.00,551.24,525
1777266929694,594.00,7674.00,260000.00,547.10,525
1777266929725,599.00,7729.00,260000.00,550.78,525
1777266929758,585.00,7805.00,260000.00,545.26,525
1777266929788,573.00,7846.00,260000.00,541.58,525
1777266929817,626.00,7868.00,260000.00,549.40,525
1777266929994,599.00,7871.00,260000.00,549.86,525
1777266930018,587.00,7913.00,260000.00,548.94,525
1777266930062,582.00,7969.00,260000.00,548.02,525
1777266930086,579.00,7978.00,260000.00,546.64,525
1777266930131,622.00,8046.00,260000.00,554.46,525
1777266930155,610.00,8100.00,260000.00,549.86,525
1777266930179,598.00,8110.00,260000.00,551.24,525
1777266930224,585.00,8150.00,260000.00,546.64,525
1777266930248,588.00,8203.00,260000.00,545.26,525
1777266930293,610.00,8241.00,260000.00,552.16,525
1777266930317,576.00,8320.00,260000.00,545.26,525
1777266930364,615.00,8360.00,260000.00,551.24,525
1777266930388,587.00,8378.00,260000.00,543.88,525
1777266930413,606.00,8427.00,260000.00,542.96,525
1777266930459,569.00,8500.00,260000.00,544.80,525
1777266930484,580.00,8554.00,260000.00,548.02,525
1777266930529,588.00,8580.00,260000.00,547.10,525
1777266930555,591.00,8640.00,260000.00,548.48,525
1777266930580,602.00,8693.00,260000.00,549.86,525
1777266930626,594.00,8697.00,260000.00,548.02,525
1777266930651,593.00,8746.00,260000.00,550.78,525
1777266930697,627.00,8824.00,260000.00,554.00,525
1777266930722,616.00,8820.00,260000.00,551.24,525
1777266930746,590.00,8783.00,260000.00,559.98,525
1777266930793,595.00,8838.00,260000.00,550.32,525
1777266930818,597.00,8820.00,260000.00,543.88,525
1777266930843,579.00,8820.00,260000.00,546.64,525
1777266930890,603.00,8820.00,260000.00,550.78,525
1777266930915,598.00,8779.00,260000.00,547.56,525
1777266930961,584.00,8769.00,260000.00,543.42,525
1777266930987,595.00,8764.00,260000.00,544.80,525
1777266931013,583.00,8785.00,260000.00,550.78,525
1777266931060,577.00,8800.00,260000.00,548.02,525
1777266931086,588.00,8839.00,260000.00,550.78,525
1777266931112,599.00,8820.00,260000.00,551.24,525
1777266931159,610.00,8778.00,260000.00,549.86,525
1777266931185,618.00,8822.00,260000.00,548.48,525
1777266931208,594.00,8821.00,260000.00,548.02,525
1777266931254,621.00,8782.00,260000.00,550.32,525
1777266931280,588.00,8805.00,260000.00,548.48,525
1777266931306,593.00,8819.00,260000.00,548.02,525
1777266931353,618.00,8820.00,260000.00,554.92,525
1777266931379,617.00,8777.00,260000.00,547.10,525
1777266931405,612.00,8783.00,260000.00,553.54,525
1777266931453,612.00,8797.00,260000.00,552.16,525
1777266931478,583.00,8818.00,260000.00,545.72,525
1777266931504,579.00,8822.00,260000.00,542.96,525
1777266931552,612.00,8740.00,260000.00,548.48,525
1777266931579,607.00,8791.00,260000.00,549.86,525
1777266931606,604.00,8825.00,260000.00,543.42,525
1777266931657,597.00,8760.00,260000.00,546.64,525
1777266931684,598.00,8790.00,260000.00,548.48,525
1777266931711,604.00,8820.00,260000.00,548.02,525
1777266931737,559.00,8763.00,260000.00,542.50,525
1777266931786,607.00,8784.00,260000.00,550.78,525
1777266931813,600.00,8740.00,260000.00,554.92,525
1777266931840,599.00,8779.00,260000.00,551.24,525
1777266931889,605.00,8797.00,260000.00,554.92,525
1777266931915,602.00,8760.00,260000.00,547.56,525
1777266931942,588.00,8820.00,260000.00,543.42,525
1777266931969,614.00,8823.00,260000.00,557.22,525
1777266932017,607.00,8760.00,260000.00,548.02,525
1777266932042,590.00,8801.00,260000.00,550.32,525
1777266932069,605.00,8783.00,260000.00,542.96,525
1777266932119,619.00,8797.00,260000.00,549.40,525
1777266932147,614.00,8797.00,260000.00,548.48,525
1777266932174,596.00,8820.00,260000.00,554.92,525
1777266932201,605.00,8779.00,260000.00,544.34,525
1777266932250,615.00,8775.00,260000.00,552.62,525
1777266932278,615.00,8782.00,260000.00,548.02,525
1777266932305,613.00,8784.00,260000.00,551.70,525
1777266932332,591.00,8820.00,260000.00,547.10,525
1777266932381,588.00,8820.00,260000.00,548.48,525
1777266932408,622.00,8859.00,260000.00,550.32,525
1777266932436,589.00,8820.00,260000.00,548.94,525
1777266932465,593.00,8819.00,260000.00,550.32,525
1777266932514,598.00,8809.00,260000.00,544.80,525
1777266932542,597.00,8842.00,260000.00,546.18,525
1777266932571,578.00,8785.00,260000.00,547.56,525
1777266932600,619.00,8785.00,260000.00,556.76,525
1777266932649,585.00,8820.00,260000.00,548.48,525
1777266932677,608.00,8859.00,260000.00,550.32,525
1777266932705,591.00,8820.00,260000.00,544.80,525
1777266932733,591.00,8786.00,260000.00,543.88,525
1777266932783,605.00,8849.00,260000.00,550.78,525
1777266932812,621.00,8855.00,260000.00,549.40,525
1777266932839,617.00,8820.00,260000.00,548.94,525
1777266932868,579.00,8854.00,260000.00,548.94,525
1777266932897,604.00,8782.00,260000.00,553.08,525
1777266932948,618.00,8788.00,260000.00,548.02,525
1777266932975,589.00,8804.00,260000.00,549.86,525
1777266933003,599.00,8860.00,260000.00,551.24,525
1777266933032,611.00,8855.00,260000.00,551.70,525
1777266933083,603.00,8820.00,260000.00,554.92,525
1777266933112,618.00,8835.00,260000.00,551.70,525
1777266933143,597.00,8828.00,260000.00,553.08,525
1777266933172,597.00,8756.00,260000.00,547.10,525
1777266933203,606.00,8798.00,260000.00,548.94,525
1777266933233,608.00,8820.00,260000.00,553.54,525
1777266933263,597.00,8820.00,260000.00,546.18,525
1777266933291,587.00,8785.00,260000.00,548.94,525
1777266933344,592.00,8786.00,260000.00,551.24,525
1777266933374,625.00,8820.00,260000.00,548.94,525
1777266933403,610.00,8820.00,260000.00,551.24,525
1777266933434,612.00,8856.00,260000.00,553.08,525
1777266933464,606.00,8820.00,260000.00,554.00,525
1777266933493,573.00,8780.00,260000.00,544.80,525
1777266933546,610.00,8769.00,260000.00,548.02,525
1777266933576,601.00,8820.00,260000.00,547.56,525
1777266933606,596.00,8820.00,260000.00,549.86,525
1777266933636,595.00,8858.00,260000.00,552.16,525
1777266933665,616.00,8793.00,260000.00,552.16,525
1777266933696,617.00,8820.00,260000.00,563.66,525
1777266933728,615.00,8856.00,260000.00,559.06,525
1777266933758,597.00,8820.00,260000.00,551.70,525
1777266933809,612.00,8797.00,260000.00,548.94,525
1777266933840,590.00,8763.00,260000.00,546.18,525
1777266933870,585.00,8783.00,260000.00,550.32,525
1777266933901,592.00,8820.00,260000.00,547.56,525
1777266933932,588.00,8820.00,260000.00,549.40,525
1777266933963,596.00,8787.00,260000.00,552.62,525
1777266933992,584.00,8784.00,260000.00,551.24,525
1777266934023,616.00,8787.00,260000.00,552.62,525
1777266934057,620.00,8858.00,260000.00,553.08,525
1777266934089,596.00,8856.00,260000.00,545.26,525
1777266934119,584.00,8820.00,260000.00,544.80,525
1777266934173,606.00,8768.00,260000.00,548.02,525
1777266934206,601.00,8722.00,260000.00,543.42,525
1777266934234,582.00,8789.00,260000.00,548.02,525
1777266934267,597.00,8820.00,260000.00,552.62,525
1777266934299,611.00,8855.00,260000.00,551.70,525
1777266934332,599.00,8820.00,260000.00,546.64,525
1777266934365,602.00,8820.00,260000.00,547.56,525
1777266934395,611.00,8820.00,260000.00,553.08,525
1777266934427,612.00,8815.00,260000.00,551.70,525
1777266934459,610.00,8820.00,260000.00,550.78,525
1777266934490,605.00,8820.00,260000.00,545.72,525
1777266934520,584.00,8844.00,260000.00,539.74,525
1777266934575,569.00,8808.00,260000.00,545.72,525
1777266934605,608.00,8820.00,260000.00,550.78,525
1777266934637,616.00,8820.00,260000.00,553.54,525
1777266934669,597.00,8820.00,260000.00,545.72,525
1777266934703,612.00,8853.00,260000.00,549.86,525
1777266934733,608.00,8819.00,260000.00,549.86,525
1777266934765,584.00,8820.00,260000.00,548.02,525
1777266934797,615.00,8820.00,260000.00,553.54,525
1777266934833,618.00,8779.00,260000.00,548.94,525
1777266934867,585.00,8841.00,260000.00,543.88,525
1777266934902,572.00,8939.00,260000.00,544.34,525
1777266934934,598.00,8999.00,260000.00,547.56,525
1777266934965,604.00,9059.00,260000.00,554.46,525
1777266934998,604.00,9065.00,260000.00,547.10,525
1777266935032,620.00,9051.00,260000.00,558.14,525
1777266935063,595.00,9060.00,260000.00,549.86,525
1777266935096,605.00,9092.00,260000.00,545.72,525
1777266935130,591.00,9023.00,260000.00,549.86,525
1777266935161,616.00,9021.00,260000.00,549.40,525
1777266935193,603.00,9098.00,260000.00,550.32,525
1777266935226,598.00,9098.00,260000.00,546.18,525
1777266935256,598.00,9065.00,260000.00,547.56,525
1777266935290,606.00,9096.00,260000.00,548.94,525
1777266935322,595.00,9060.00,260000.00,544.80,525
1777266935354,582.00,9060.00,260000.00,548.02,525
1777266935386,605.00,9098.00,260000.00,547.56,525
1777266935419,590.00,9095.00,260000.00,542.04,525
1777266935451,608.00,9025.00,260000.00,551.70,525
1777266935483,609.00,9021.00,260000.00,549.40,525
1777266935515,584.00,9056.00,260000.00,549.40,525
1777266935547,598.00,9060.00,260000.00,554.46,525
1777266935603,586.00,9038.00,260000.00,544.34,525
1777266935635,587.00,9084.00,260000.00,547.10,525
1777266935684,609.00,9001.00,260000.00,548.02,525
1777266935718,1163.00,9000.00,260000.00,1094.66,1050
1777266935755,589.00,9062.00,260000.00,555.38,525
1777266935791,591.00,9019.00,260000.00,554.46,525
1777266935825,609.00,9060.00,260000.00,547.10,525
1777266935859,580.00,9036.00,260000.00,541.58,525
1777266935893,603.00,9025.00,260000.00,551.70,525
1777266935928,613.00,9068.00,260000.00,553.08,525
1777266935966,592.00,9097.00,260000.00,545.26,525
1777266935999,599.00,9076.00,260000.00,550.78,525
1777266936029,580.00,9038.00,260000.00,544.80,525
1777266936058,579.00,9026.00,260000.00,546.64,525
1777266936100,600.00,8993.00,260000.00,550.32,525
1777266936130,629.00,9060.00,260000.00,551.70,525
1777266936160,596.00,9098.00,260000.00,551.70,525
1777266936190,617.00,9097.00,260000.00,557.22,525
1777266936219,592.00,9068.00,260000.00,546.64,525
1777266936250,604.00,9060.00,260000.00,558.60,525
1777266936285,592.00,9098.00,260000.00,548.94,525
1777266936319,576.00,9076.00,260000.00,544.34,525
1777266936354,606.00,9026.00,260000.00,548.94,525
1777266936388,566.00,9098.00,260000.00,548.02,525
1777266936420,611.00,9039.00,260000.00,549.86,525
1777266936451,613.00,9024.00,260000.00,546.64,525
1777266936481,620.00,9062.00,260000.00,553.08,525
1777266936515,601.00,9096.00,260000.00,548.02,525
1777266936545,617.00,9063.00,260000.00,554.46,525
1777266936575,605.00,9097.00,260000.00,551.24,525
1777266936630,599.00,9005.00,260000.00,542.50,525
1777266936666,603.00,9060.00,260000.00,554.00,525
1777266936698,570.00,9018.00,260000.00,544.34,525
1777266936730,646.00,9025.00,260000.00,557.22,525
1777266936763,573.00,9061.00,260000.00,542.04,525
1777266936796,576.00,9080.00,260000.00,547.10,525
1777266936828,617.00,9045.00,260000.00,548.48,525
1777266936861,599.00,9040.00,260000.00,553.54,525
1777266936893,620.00,9060.00,260000.00,548.94,525
1777266936927,596.00,9022.00,260000.00,554.92,525
1777266936959,638.00,9000.00,260000.00,554.00,525
1777266936990,592.00,9041.00,260000.00,544.80,525
1777266937022,594.00,9060.00,260000.00,542.50,525
1777266937054,605.00,9013.00,260000.00,549.40,525
1777266937086,589.00,8997.00,260000.00,549.86,525
1777266937118,594.00,9060.00,260000.00,543.88,525
1777266937152,615.00,9060.00,260000.00,549.40,525
1777266937185,609.00,9060.00,260000.00,547.10,525
1777266937219,610.00,9076.00,260000.00,547.56,525
1777266937252,610.00,9058.00,260000.00,551.70,525
1777266937284,626.00,9097.00,260000.00,549.86,525
1777266937316,592.00,9057.00,260000.00,549.40,525
1777266937351,602.00,8962.00,260000.00,547.56,525
1777266937383,586.00,9023.00,260000.00,549.86,525
1777266937417,608.00,9060.00,260000.00,550.32,525
1777266937451,631.00,9055.00,260000.00,552.16,525
1777266937486,599.00,9038.00,260000.00,555.84,525
1777266937518,630.00,9019.00,260000.00,557.68,525
1777266937552,605.00,9060.00,260000.00,548.48,525
1777266937593,593.00,9037.00,260000.00,548.48,525
1777266937625,623.00,9006.00,260000.00,553.08,525
1777266937658,610.00,9060.00,260000.00,550.78,525
1777266937692,590.00,9059.00,260000.00,550.32,525
1777266937725,623.00,9036.00,260000.00,555.84,525
1777266937761,608.00,9000.00,260000.00,547.10,525
1777266937793,613.00,9045.00,260000.00,552.16,525
1777266937827,605.00,9022.00,260000.00,549.40,525
1777266937862,621.00,9000.00,260000.00,553.54,525
1777266937897,603.00,8998.00,260000.00,551.70,525
1777266937932,592.00,9039.00,260000.00,546.64,525
1777266937968,593.00,9043.00,260000.00,548.94,525
1777266938009,609.00,9000.00,260000.00,548.48,525
1777266938046,1207.00,9000.00,260000.00,1108.46,1050
1777266938081,600.00,9060.00,260000.00,554.92,525
1777266938113,600.00,9060.00,260000.00,552.16,525
1777266938143,619.00,9060.00,260000.00,550.78,525
1777266938174,618.00,9060.00,260000.00,550.32,525
1777266938205,578.00,9060.00,260000.00,547.56,525
1777266938256,596.00,9000.00,260000.00,550.32,525
1777266938286,620.00,9036.00,260000.00,551.24,525
1777266938316,585.00,9037.00,260000.00,542.04,525
1777266938346,606.00,9041.00,260000.00,544.80,525
1777266938377,579.00,9060.00,260000.00,546.18,525
1777266938408,596.00,9060.00,260000.00,547.56,525
1777266938440,601.00,9060.00,260000.00,546.18,525
1777266938470,594.00,9060.00,260000.00,553.08,525
1777266938500,578.00,9100.00,260000.00,545.72,525
1777266938552,610.00,9056.00,260000.00,544.34,525
1777266938582,596.00,9060.00,260000.00,547.56,525
1777266938613,586.00,9060.00,260000.00,542.50,525
1777266938644,603.00,9026.00,260000.00,548.94,525
1777266938675,610.00,9023.00,260000.00,548.48,525
1777266938706,583.00,9060.00,260000.00,553.08,525
1777266938738,609.00,9060.00,260000.00,554.92,525
1777266938768,600.00,9049.00,260000.00,548.02,525
1777266938798,587.00,9060.00,260000.00,549.40,525
1777266938850,600.00,9064.00,260000.00,550.78,525
1777266938880,592.00,9017.00,260000.00,549.86,525
1777266939047,602.00,9056.00,260000.00,548.48,525
1777266939069,596.00,8760.00,260000.00,547.10,525
1777266939092,627.00,8819.00,260000.00,554.92,525
1777266939115,608.00,8762.00,260000.00,548.94,525
1777266939160,612.00,8818.00,260000.00,551.24,525
1777266939184,602.00,8818.00,260000.00,548.02,525
1777266939229,598.00,8850.00,260000.00,544.34,525
1777266939254,621.00,8784.00,260000.00,550.78,525
1777266939299,572.00,8790.00,260000.00,546.18,525
1777266939323,591.00,8787.00,260000.00,542.96,525
1777266939369,583.00,8820.00,260000.00,545.72,525
1777266939393,601.00,8820.00,260000.00,551.24,525
1777266939417,609.00,8861.00,260000.00,543.42,525
1777266939465,601.00,8797.00,260000.00,544.80,525
1777266939489,587.00,8784.00,260000.00,548.48,525
1777266939534,596.00,8760.00,260000.00,547.56,525
1777266939559,603.00,8803.00,260000.00,551.70,525
1777266939583,596.00,8782.00,260000.00,548.48,525
1777266939628,599.00,8783.00,260000.00,553.08,525
1777266939653,594.00,8782.00,260000.00,544.34,525
1777266939699,609.00,8820.00,260000.00,554.46,525
1777266939724,599.00,8858.00,260000.00,545.26,525
1777266939749,607.00,8763.00,260000.00,552.62,525
1777266939795,611.00,8789.00,260000.00,550.32,525
1777266939821,584.00,8821.00,260000.00,545.72,525
1777266939846,614.00,8821.00,260000.00,550.32,525
1777266939893,629.00,8789.00,260000.00,553.54,525
1777266939919,592.00,8781.00,260000.00,546.18,525
1777266939966,598.00,8820.00,260000.00,548.48,525
1777266939991,591.00,8819.00,260000.00,547.10,525
1777266940017,617.00,8784.00,260000.00,552.62,525
1777266940064,609.00,8820.00,260000.00,551.24,525
1777266940090,617.00,8820.00,260000.00,552.16,525
1777266940115,625.00,8817.00,260000.00,554.92,525
1777266940163,600.00,8829.00,260000.00,550.32,525
1777266940189,604.00,8785.00,260000.00,550.78,525
1777266940216,611.00,8781.00,260000.00,550.78,525
1777266940264,602.00,8800.00,260000.00,553.54,525
1777266940291,609.00,8820.00,260000.00,543.42,525
1777266940317,623.00,8820.00,260000.00,551.70,525
1777266940344,620.00,8781.00,260000.00,551.24,525
1777266940391,605.00,8820.00,260000.00,554.00,525
1777266940416,608.00,8820.00,260000.00,547.56,525
1777266940462,601.00,8854.00,260000.00,549.86,525
1777266940487,602.00,8857.00,260000.00,546.64,525
1777266940515,640.00,8857.00,260000.00,554.00,525
1777266940563,604.00,8800.00,260000.00,546.18,525
1777266940589,596.00,8783.00,260000.00,546.64,525
1777266940615,609.00,8784.00,260000.00,555.38,525
1777266940640,599.00,8839.00,260000.00,544.34,525
1777266940686,613.00,8916.00,260000.00,554.46,525
1777266940712,623.00,8872.00,260000.00,554.00,525
1777266940759,600.00,8856.00,260000.00,552.16,525
1777266940787,611.00,8860.00,260000.00,555.84,525
1777266940815,609.00,8820.00,260000.00,555.38,525
1777266940863,590.00,8820.00,260000.00,546.18,525
1777266940891,603.00,8818.00,260000.00,552.16,525
1777266940919,592.00,8780.00,260000.00,550.78,525
1777266940946,611.00,8781.00,260000.00,545.26,525
1777266940995,585.00,8820.00,260000.00,546.18,525
1777266941021,591.00,8820.00,260000.00,548.94,525
1777266941048,621.00,8818.00,260000.00,550.78,525
1777266941077,604.00,8818.00,260000.00,546.64,525
1777266941124,602.00,8820.00,260000.00,547.10,525
1777266941154,612.00,8820.00,260000.00,553.54,525
1777266941180,589.00,8820.00,260000.00,547.56,525
1777266941208,591.00,8820.00,260000.00,551.24,525
1777266941258,598.00,8856.00,260000.00,546.18,525
1777266941288,604.00,8820.00,260000.00,548.48,525
1777266941315,583.00,8782.00,260000.00,541.58,525
1777266941343,591.00,8855.00,260000.00,549.40,525
1777266941373,603.00,8820.00,260000.00,547.56,525
1777266941423,600.00,8820.00,260000.00,558.14,525
1777266941451,591.00,8855.00,260000.00,549.40,525
1777266941481,618.00,8856.00,260000.00,550.78,525
1777266941510,585.00,8781.00,260000.00,545.26,525
1777266941541,596.00,8817.00,260000.00,550.78,525
1777266941576,578.00,8781.00,260000.00,545.72,525
1777266941606,598.00,8861.00,260000.00,545.72,525
1777266941636,605.00,8910.00,260000.00,552.62,525
1777266941687,598.00,8820.00,260000.00,548.02,525
1777266941719,604.00,8855.00,260000.00,551.70,525
1777266941748,620.00,8862.00,260000.00,553.08,525
1777266941778,599.00,8820.00,260000.00,549.86,525
1777266941806,609.00,8793.00,260000.00,550.78,525
1777266941837,602.00,8880.00,260000.00,548.94,525
1777266941867,613.00,8880.00,260000.00,551.70,525
1777266941919,597.00,8857.00,260000.00,553.08,525
1777266941949,588.00,8820.00,260000.00,552.16,525
1777266941979,582.00,8820.00,260000.00,543.42,525
1777266942009,589.00,8820.00,260000.00,549.40,525
1777266942038,607.00,8855.00,260000.00,546.64,525
1777266942069,610.00,8858.00,260000.00,548.48,525
1777266942099,605.00,8833.00,260000.00,548.48,525
1777266942151,582.00,8820.00,260000.00,546.64,525
1777266942182,598.00,8783.00,260000.00,554.92,525
1777266942212,626.00,8781.00,260000.00,554.46,525
1777266942241,566.00,8857.00,260000.00,546.64,525
1777266942271,573.00,8820.00,260000.00,549.40,525
1777266942302,599.00,8782.00,260000.00,548.48,525
1777266942332,597.00,8820.00,260000.00,551.70,525
1777266942361,584.00,8837.00,260000.00,548.94,525
1777266942413,610.00,8782.00,260000.00,550.78,525
1777266942439,599.00,8820.00,260000.00,548.48,525
1777266942466,608.00,8820.00,260000.00,548.02,525
1777266942493,592.00,8869.00,260000.00,548.94,525
1777266942545,613.00,8788.00,260000.00,550.78,525
1777266942573,602.00,8781.00,260000.00,550.32,525
1777266942600,594.00,8862.00,260000.00,552.16,525
1777266942629,603.00,8915.00,260000.00,553.54,525
1777266942680,598.00,8820.00,260000.00,547.56,525
1777266942711,593.00,8820.00,260000.00,548.94,525
1777266942744,590.00,8820.00,260000.00,550.32,525
1777266942775,603.00,8798.00,260000.00,549.40,525
1777266942806,605.00,8860.00,260000.00,550.32,525
1777266942837,581.00,8880.00,260000.00,544.80,525
1777266942867,595.00,8880.00,260000.00,547.10,525
1777266942898,612.00,8884.00,260000.00,550.32,525
1777266942927,577.00,8841.00,260000.00,543.42,525
1777266942958,592.00,8844.00,260000.00,548.48,525
1777266943011,602.00,8880.00,260000.00,550.78,525
1777266943043,603.00,8880.00,260000.00,554.92,525
1777266943074,602.00,8820.00,260000.00,545.72,525
1777266943103,590.00,8784.00,260000.00,545.72,525
1777266943135,617.00,8820.00,260000.00,550.32,525
1777266943168,611.00,8858.00,260000.00,553.54,525
1777266943199,610.00,8781.00,260000.00,551.24,525
1777266943231,598.00,8781.00,260000.00,551.70,525
1777266943262,608.00,8841.00,260000.00,554.00,525
1777266943293,604.00,8880.00,260000.00,551.24,525
1777266943325,585.00,8880.00,260000.00,544.80,525
1777266943357,583.00,8870.00,260000.00,550.32,525
1777266943389,606.00,8837.00,260000.00,550.78,525
1777266943442,575.00,8820.00,260000.00,543.42,525
1777266943474,589.00,8785.00,260000.00,545.72,525
1777266943505,576.00,8820.00,260000.00,545.72,525
1777266943537,595.00,8856.00,260000.00,546.64,525
1777266943570,618.00,8820.00,260000.00,555.38,525
1777266943602,594.00,8820.00,260000.00,552.62,525
1777266943633,599.00,8855.00,260000.00,553.54,525
1777266943667,596.00,8857.00,260000.00,548.02,525
1777266943704,587.00,8820.00,260000.00,544.80,525
1777266943736,593.00,8820.00,260000.00,546.18,525
1777266943769,576.00,8783.00,260000.00,550.32,525
1777266943801,620.00,8781.00,260000.00,550.78,525
1777266943832,603.00,8820.00,260000.00,550.32,525
1777266943865,604.00,8858.00,260000.00,551.70,525
1777266943898,602.00,8781.00,260000.00,549.86,525
1777266943930,601.00,8880.00,260000.00,550.32,525
1777266943962,611.00,8940.00,260000.00,548.48,525
1777266943995,599.00,9000.00,260000.00,545.26,525
1777266944029,602.00,9060.00,260000.00,549.86,525
1777266944062,605.00,9105.00,260000.00,552.16,525
1777266944094,606.00,9020.00,260000.00,548.02,525
1777266944127,606.00,9100.00,260000.00,547.10,525
1777266944160,615.00,9097.00,260000.00,552.16,525
1777266944193,616.00,9059.00,260000.00,549.86,525
1777266944225,608.00,9044.00,260000.00,552.16,525
1777266944255,623.00,9095.00,260000.00,554.46,525
1777266944287,607.00,9058.00,260000.00,554.92,525
1777266944315,604.00,9056.00,260000.00,555.38,525
1777266944367,593.00,9060.00,260000.00,549.86,525
1777266944399,609.00,9023.00,260000.00,556.30,525
1777266944427,611.00,9035.00,260000.00,549.86,525
1777266944457,583.00,9060.00,260000.00,551.70,525
1777266944491,591.00,9059.00,260000.00,544.34,525
1777266944520,596.00,9062.00,260000.00,546.64,525
1777266944549,592.00,9097.00,260000.00,548.02,525
1777266944603,606.00,9037.00,260000.00,543.88,525
1777266944634,574.00,9097.00,260000.00,542.50,525
1777266944666,590.00,8999.00,260000.00,545.26,525
1777266944695,604.00,9060.00,260000.00,549.86,525
1777266944725,617.00,9060.00,260000.00,549.86,525
1777266944766,632.00,9058.00,260000.00,551.70,525
1777266944795,591.00,9099.00,260000.00,550.78,525
1777266944825,592.00,9098.00,260000.00,554.92,525
1777266944855,597.00,9056.00,260000.00,557.22,525
1777266944884,608.00,9098.00,260000.00,548.48,525
1777266944915,572.00,9099.00,260000.00,543.88,525
1777266944947,580.00,9061.00,260000.00,544.34,525
1777266944996,600.00,9060.00,260000.00,545.26,525
1777266945027,589.00,9042.00,260000.00,544.80,525
1777266945055,599.00,9060.00,260000.00,548.94,525
1777266945085,595.00,9060.00,260000.00,543.42,525
1777266945115,609.00,9064.00,260000.00,546.18,525
1777266945144,613.00,9073.00,260000.00,550.32,525
1777266945199,586.00,9094.00,260000.00,544.80,525
1777266945229,597.00,9038.00,260000.00,548.02,525
1777266945259,595.00,9060.00,260000.00,546.64,525
1777266945288,617.00,9060.00,260000.00,551.24,525
1777266945317,607.00,9021.00,260000.00,547.56,525
1777266945347,630.00,9098.00,260000.00,550.32,525
1777266945378,602.00,9060.00,260000.00,542.96,525
1777266945421,617.00,9024.00,260000.00,550.78,525
1777266945585,608.00,8818.00,260000.00,549.40,525
1777266945607,611.00,8856.00,260000.00,549.86,525
1777266945629,591.00,8860.00,260000.00,543.42,525
1777266945674,582.00,8792.00,260000.00,549.86,525
1777266945697,600.00,8790.00,260000.00,552.62,525
1777266945741,588.00,8793.00,260000.00,546.64,525
1777266945763,598.00,8859.00,260000.00,551.70,525
1777266945808,586.00,8820.00,260000.00,550.78,525
1777266945832,628.00,8783.00,260000.00,554.92,525
1777266945877,603.00,8856.00,260000.00,549.40,525
1777266945900,591.00,8859.00,260000.00,546.64,525
1777266945924,593.00,8801.00,260000.00,547.10,525
1777266945968,610.00,8855.00,260000.00,545.26,525
1777266945991,581.00,8880.00,260000.00,547.56,525
1777266946037,597.00,8857.00,260000.00,550.78,525
1777266946062,611.00,8896.00,260000.00,555.84,525
1777266946107,611.00,8820.00,260000.00,550.78,525
1777266946132,596.00,8783.00,260000.00,551.24,525
1777266946157,624.00,8842.00,260000.00,556.76,525
1777266946204,620.00,8820.00,260000.00,551.70,525
1777266946228,608.00,8821.00,260000.00,548.02,525
1777266946275,604.00,8820.00,260000.00,557.22,525
1777266946300,590.00,8857.00,260000.00,547.56,525
1777266946326,585.00,8820.00,260000.00,550.32,525
1777266946373,587.00,8781.00,260000.00,546.64,525
1777266946397,588.00,8808.00,260000.00,550.78,525
1777266946421,590.00,8841.00,260000.00,545.26,525
1777266946467,596.00,8783.00,260000.00,554.00,525
1777266946491,606.00,8819.00,260000.00,548.02,525
1777266946536,569.00,8856.00,260000.00,544.80,525
1777266946560,594.00,8858.00,260000.00,550.32,525
1777266946606,594.00,8820.00,260000.00,553.08,525
1777266946632,615.00,8820.00,260000.00,556.30,525
1777266946658,615.00,8859.00,260000.00,559.98,525
1777266946706,612.00,8820.00,260000.00,550.32,525
1777266946733,607.00,8784.00,260000.00,548.02,525
1777266946760,602.00,8784.00,260000.00,545.72,525
1777266946787,626.00,8845.00,260000.00,551.24,525
1777266946836,603.00,8820.00,260000.00,547.10,525
1777266946862,614.00,8784.00,260000.00,553.54,525
1777266946888,616.00,8789.00,260000.00,551.24,525
1777266946934,610.00,8820.00,260000.00,552.16,525
1777266946959,573.00,8820.00,260000.00,543.88,525
1777266946985,621.00,8875.00,260000.00,548.94,525
1777266947033,611.00,8790.00,260000.00,549.86,525
1777266947059,580.00,8782.00,260000.00,549.86,525
1777266947107,589.00,8772.00,260000.00,547.10,525
1777266947133,575.00,8820.00,260000.00,544.34,525
1777266947159,598.00,8826.00,260000.00,551.24,525
1777266947184,609.00,8873.00,260000.00,553.54,525
1777266947233,620.00,8780.00,260000.00,548.94,525
1777266947259,617.00,8782.00,260000.00,549.86,525
1777266947287,623.00,8813.00,260000.00,551.70,525
1777266947334,604.00,8818.00,260000.00,549.86,525
1777266947358,612.00,8846.00,260000.00,552.16,525
1777266947383,591.00,8880.00,260000.00,544.34,525
1777266947430,600.00,8820.00,260000.00,551.24,525
1777266947456,589.00,8820.00,260000.00,548.94,525
1777266947511,579.00,8797.00,260000.00,549.40,525
1777266947536,620.00,8857.00,260000.00,552.62,525
1777266947561,615.00,8858.00,260000.00,554.46,525
1777266947586,614.00,8822.00,260000.00,555.84,525
1777266947632,593.00,8820.00,260000.00,554.00,525
1777266947657,609.00,8820.00,260000.00,551.70,525
1777266947681,578.00,8880.00,260000.00,548.48,525
1777266947727,614.00,8820.00,260000.00,550.32,525
1777266947791,587.00,8721.00,260000.00,547.56,525
1777266947816,1212.00,8760.00,260000.00,1100.64,1050
1777266947863,608.00,8820.00,260000.00,554.92,525
1777266947890,590.00,8857.00,260000.00,548.48,525
1777266947917,595.00,8858.00,260000.00,547.56,525
1777266947965,576.00,8832.00,260000.00,542.50,525
1777266947991,562.00,8785.00,260000.00,540.20,525
1777266948018,621.00,8837.00,260000.00,551.24,525
1777266948067,583.00,8820.00,260000.00,547.56,525
1777266948094,620.00,8856.00,260000.00,547.10,525
1777266948121,607.00,8783.00,260000.00,549.40,525
1777266948150,591.00,8820.00,260000.00,554.46,525
1777266948178,607.00,8859.00,260000.00,550.32,525
1777266948227,574.00,8858.00,260000.00,541.12,525
1777266948255,610.00,8859.00,260000.00,549.86,525
1777266948282,611.00,8820.00,260000.00,545.26,525
1777266948330,606.00,8820.00,260000.00,553.08,525
1777266948357,574.00,8802.00,260000.00,547.10,525
1777266948384,604.00,8810.00,260000.00,548.02,525
1777266948412,570.00,8782.00,260000.00,545.72,525
1777266948461,592.00,8855.00,260000.00,554.00,525
1777266948488,616.00,8878.00,260000.00,553.08,525
1777266948515,612.00,8810.00,260000.00,549.86,525
1777266948544,606.00,8880.00,260000.00,553.54,525
1777266948594,592.00,8820.00,260000.00,553.08,525
1777266948621,609.00,8780.00,260000.00,549.40,525
1777266948649,621.00,8785.00,260000.00,554.46,525
1777266948678,616.00,8837.00,260000.00,551.70,525
1777266948725,598.00,8820.00,260000.00,553.54,525
1777266948750,579.00,8856.00,260000.00,548.94,525
1777266948776,619.00,8829.00,260000.00,548.94,525
1777266948823,595.00,8820.00,260000.00,544.34,525
1777266948848,604.00,8820.00,260000.00,554.00,525
1777266948872,600.00,8859.00,260000.00,551.70,525
1777266948921,608.00,8785.00,260000.00,546.18,525
1777266948946,617.00,8820.00,260000.00,549.86,525
1777266948994,595.00,8820.00,260000.00,545.26,525
1777266949019,574.00,8820.00,260000.00,546.18,525
1777266949047,617.00,8786.00,260000.00,554.92,525
1777266949099,594.00,8859.00,260000.00,547.56,525
1777266949126,592.00,8820.00,260000.00,548.02,525
1777266949150,611.00,8820.00,260000.00,550.32,525
1777266949175,606.00,8859.00,260000.00,549.40,525
1777266949224,606.00,8835.00,260000.00,549.86,525
1777266949250,594.00,8820.00,260000.00,548.02,525
1777266949275,606.00,8860.00,260000.00,552.16,525
1777266949325,602.00,8853.00,260000.00,549.86,525
1777266949351,608.00,8820.00,260000.00,547.56,525
1777266949380,600.00,8822.00,260000.00,548.02,525
1777266949406,597.00,8853.00,260000.00,553.54,525
1777266949455,580.00,8820.00,260000.00,543.88,525
1777266949481,596.00,8859.00,260000.00,545.72,525
1777266949506,594.00,8855.00,260000.00,554.46,525
1777266949555,610.00,8820.00,260000.00,541.12,525
1777266949582,616.00,8820.00,260000.00,547.56,525
1777266949611,567.00,8834.00,260000.00,539.74,525
1777266949636,612.00,8846.00,260000.00,556.76,525
1777266949685,609.00,8778.00,260000.00,547.56,525
1777266949710,591.00,8820.00,260000.00,552.62,525
1777266949735,579.00,8858.00,260000.00,548.94,525
1777266949784,597.00,8820.00,260000.00,544.34,525
1777266949815,597.00,8820.00,260000.00,551.70,525
1777266949844,626.00,8860.00,260000.00,551.24,525
1777266949872,599.00,8781.00,260000.00,548.02,525
1777266949921,604.00,8820.00,260000.00,550.78,525
1777266949948,601.00,8855.00,260000.00,552.62,525
1777266949979,604.00,8820.00,260000.00,551.70,525
1777266950009,608.00,8819.00,260000.00,548.02,525
1777266950040,582.00,8810.00,260000.00,547.56,525
1777266950072,581.00,8820.00,260000.00,545.72,525
1777266950127,580.00,8847.00,260000.00,544.80,525
1777266950160,590.00,8775.00,260000.00,546.64,525
1777266950193,609.00,8783.00,260000.00,549.86,525
1777266950223,587.00,8820.00,260000.00,552.16,525
1777266950253,610.00,8820.00,260000.00,548.48,525
1777266950284,602.00,8820.00,260000.00,554.92,525
1777266950315,599.00,8821.00,260000.00,552.16,525
1777266950347,578.00,8820.00,260000.00,547.56,525
1777266950379,593.00,8820.00,260000.00,547.56,525
1777266950411,598.00,8855.00,260000.00,545.72,525
1777266950443,609.00,8846.00,260000.00,548.48,525
1777266950473,607.00,8918.00,260000.00,550.78,525
1777266950503,603.00,8939.00,260000.00,552.16,525
1777266950556,595.00,9007.00,260000.00,545.72,525
1777266950586,602.00,9098.00,260000.00,548.94,525
1777266950615,587.00,9060.00,260000.00,546.18,525
1777266950645,600.00,9024.00,260000.00,556.76,525
1777266950675,601.00,9095.00,260000.00,548.48,525
1777266950704,607.00,9040.00,260000.00,552.16,525
1777266950736,627.00,9056.00,260000.00,553.54,525
1777266950768,593.00,9060.00,260000.00,552.16,525
1777266950799,606.00,9020.00,260000.00,552.62,525
1777266950853,601.00,9040.00,260000.00,549.86,525
1777266950883,588.00,9060.00,260000.00,551.24,525
1777266950914,615.00,9060.00,260000.00,549.86,525
1777266950945,614.00,9035.00,260000.00,552.16,525
1777266950978,599.00,9050.00,260000.00,543.88,525
1777266951011,603.00,9037.00,260000.00,550.32,525
1777266951043,598.00,9060.00,260000.00,549.86,525
1777266951075,627.00,9023.00,260000.00,554.46,525
1777266951108,590.00,9060.00,260000.00,548.02,525
1777266951141,585.00,9098.00,260000.00,549.40,525
1777266951175,594.00,9003.00,260000.00,551.70,525
1777266951207,600.00,9060.00,260000.00,550.78,525
1777266951242,622.00,9066.00,260000.00,554.92,525
1777266951277,586.00,9020.00,260000.00,549.40,525
1777266951310,595.00,9060.00,260000.00,545.26,525
1777266951344,593.00,9038.00,260000.00,553.54,525
1777266951377,586.00,9098.00,260000.00,550.32,525
1777266951411,596.00,9056.00,260000.00,548.48,525
1777266951445,590.00,9037.00,260000.00,549.40,525
1777266951479,610.00,9047.00,260000.00,551.24,525
1777266951513,608.00,9037.00,260000.00,549.40,525
1777266951543,617.00,9060.00,260000.00,554.00,525
1777266951575,616.00,8960.00,260000.00,548.02,525
1777266951610,601.00,9058.00,260000.00,550.32,525
1777266951646,626.00,9060.00,260000.00,548.02,525
1777266951679,580.00,9000.00,260000.00,553.08,525
1777266951716,611.00,9060.00,260000.00,550.78,525
1777266951751,585.00,9037.00,260000.00,547.10,525
1777266951786,595.00,8999.00,260000.00,552.16,525
1777266951818,621.00,9038.00,260000.00,547.10,525
1777266951851,587.00,9037.00,260000.00,543.88,525
1777266951885,584.00,9030.00,260000.00,542.50,525
1777266951924,645.00,9000.00,260000.00,559.06,525
1777266951957,591.00,9000.00,260000.00,543.42,525
1777266951989,599.00,9000.00,260000.00,549.40,525
1777266952021,613.00,9037.00,260000.00,555.84,525
1777266952054,611.00,9038.00,260000.00,548.94,525
1777266952086,577.00,9001.00,260000.00,547.56,525
1777266952120,601.00,9060.00,260000.00,549.40,525
1777266952154,595.00,9035.00,260000.00,546.64,525
1777266952189,586.00,9038.00,260000.00,548.02,525
1777266952223,589.00,9039.00,260000.00,555.84,525
1777266952257,619.00,9071.00,260000.00,551.70,525
1777266952286,606.00,9049.00,260000.00,546.64,525
1777266952316,618.00,9039.00,260000.00,550.78,525
1777266952346,575.00,9000.00,260000.00,545.26,525
1777266952374,589.00,9000.00,260000.00,547.56,525
1777266952406,589.00,9000.00,260000.00,547.10,525
1777266952440,606.00,9060.00,260000.00,548.94,525
1777266952472,590.00,8962.00,260000.00,554.92,525
1777266952505,619.00,9020.00,260000.00,547.10,525
1777266952536,587.00,9060.00,260000.00,548.02,525
1777266952569,630.00,9060.00,260000.00,549.40,525
1777266952600,599.00,9042.00,260000.00,556.30,525
1777266952632,585.00,9060.00,260000.00,549.40,525
1777266952667,604.00,9060.00,260000.00,555.38,525
1777266952700,624.00,9000.00,260000.00,554.46,525
1777266952730,618.00,9060.00,260000.00,546.64,525
1777266952771,571.00,9061.00,260000.00,546.18,525
1777266952800,589.00,9104.00,260000.00,549.86,525
1777266952830,588.00,9047.00,260000.00,547.10,525
1777266952861,591.00,9024.00,260000.00,553.54,525
1777266952892,608.00,9020.00,260000.00,549.86,525
1777266952923,600.00,9060.00,260000.00,545.26,525
1777266952954,598.00,9024.00,260000.00,543.88,525
1777266952988,614.00,9095.00,260000.00,555.84,525
1777266953020,585.00,9053.00,260000.00,542.50,525
1777266953052,592.00,9060.00,260000.00,551.70,525
1777266953082,585.00,9060.00,260000.00,544.80,525
1777266953133,603.00,9033.00,260000.00,546.18,525
1777266953162,574.00,8964.00,260000.00,542.04,525
1777266953192,602.00,9003.00,260000.00,556.30,525
1777266953222,594.00,9024.00,260000.00,551.70,525
1777266953253,583.00,9060.00,260000.00,546.18,525
1777266953283,584.00,9023.00,260000.00,543.42,525
1777266953313,582.00,9044.00,260000.00,547.10,525
1777266953364,610.00,9099.00,260000.00,548.48,525
1777266953392,597.00,9057.00,260000.00,552.16,525
1777266953420,610.00,9058.00,260000.00,554.92,525
1777266953447,587.00,9060.00,260000.00,542.96,525
1777266953500,615.00,9039.00,260000.00,547.10,525
1777266953528,601.00,9006.00,260000.00,555.38,525
1777266953555,600.00,9022.00,260000.00,544.34,525
1777266953586,578.00,9025.00,260000.00,545.72,525
1777266953614,585.00,9099.00,260000.00,548.48,525
1777266953641,587.00,9090.00,260000.00,548.48,525
1777266953694,597.00,9000.00,260000.00,547.56,525
1777266953723,611.00,9060.00,260000.00,548.94,525
1777266953755,586.00,9060.00,260000.00,550.78,525
1777266953787,595.00,9032.00,260000.00,546.64,525
1777266953817,604.00,9023.00,260000.00,546.18,525
1777266953849,607.00,9060.00,260000.00,552.16,525
1777266953880,581.00,9021.00,260000.00,547.10,525
1777266953911,584.00,9062.00,260000.00,545.72,525
1777266953942,619.00,9060.00,260000.00,556.76,525
1777266953995,606.00,9060.00,260000.00,553.08,525
1777266954028,605.00,9060.00,260000.00,552.16,525
1777266954062,568.00,9044.00,260000.00,546.64,525
1777266954097,609.00,9060.00,260000.00,549.86,525
1777266954134,607.00,9051.00,260000.00,550.78,525
1777266954171,602.00,9025.00,260000.00,551.24,525
1777266954206,610.00,9002.00,260000.00,549.86,525
1777266954239,588.00,9012.00,260000.00,549.40,525
1777266954272,599.00,9000.00,260000.00,549.86,525
1777266954308,594.00,9039.00,260000.00,549.86,525
1777266954344,1221.00,9014.00,260000.00,1093.74,1050
1777266954380,641.00,9097.00,260000.00,552.16,525
1777266954415,622.00,9020.00,260000.00,553.08,525
1777266954445,594.00,9022.00,260000.00,548.48,525
1777266954480,608.00,9060.00,260000.00,552.16,525
1777266954515,611.00,9060.00,260000.00,552.62,525
1777266954549,578.00,9058.00,260000.00,540.66,525
1777266954583,593.00,9060.00,260000.00,549.40,525
1777266954615,594.00,9057.00,260000.00,553.54,525
1777266954656,580.00,9041.00,260000.00,542.96,525
1777266954690,580.00,9101.00,260000.00,543.42,525
1777266954725,611.00,9008.00,260000.00,554.46,525
1777266954758,573.00,9037.00,260000.00,547.10,525
1777266954790,601.00,9060.00,260000.00,548.94,525
1777266954823,614.00,9060.00,260000.00,549.40,525
1777266954856,594.00,9060.00,260000.00,548.94,525
1777266954891,585.00,9038.00,260000.00,543.42,525
1777266954925,605.00,9060.00,260000.00,551.70,525
1777266954959,585.00,9060.00,260000.00,544.34,525
1777266954993,595.00,9054.00,260000.00,547.10,525
1777266955027,592.00,9037.00,260000.00,548.02,525
1777266955062,580.00,8962.00,260000.00,545.72,525
1777266955096,607.00,9036.00,260000.00,550.32,525
1777266955131,617.00,9060.00,260000.00,553.54,525
1777266955165,600.00,9060.00,260000.00,553.54,525
1777266955198,591.00,9096.00,260000.00,544.80,525
1777266955234,600.00,9060.00,260000.00,548.94,525
1777266955269,568.00,9003.00,260000.00,548.48,525
1777266955305,1168.00,9040.00,260000.00,1087.30,1050
1777266955341,623.00,9060.00,260000.00,559.98,525
1777266955375,595.00,9017.00,260000.00,545.72,525
1777266955410,588.00,9023.00,260000.00,545.72,525
1777266955444,616.00,9035.00,260000.00,548.94,525
1777266955479,585.00,9060.00,260000.00,547.56,525
1777266955513,587.00,9098.00,260000.00,545.26,525
1777266955544,592.00,9099.00,260000.00,553.08,525
1777266955576,585.00,9060.00,260000.00,554.00,525
1777266955606,587.00,9060.00,260000.00,549.40,525
1777266955637,603.00,9096.00,260000.00,548.02,525
1777266955668,599.00,9060.00,260000.00,548.02,525
1777266955725,588.00,9076.00,260000.00,546.64,525
1777266955758,613.00,9000.00,260000.00,556.76,525
1777266955792,601.00,9039.00,260000.00,551.70,525
1777266955825,624.00,9000.00,260000.00,553.08,525
1777266955858,614.00,9060.00,260000.00,552.16,525
1777266955890,593.00,9022.00,260000.00,548.02,525
1777266955925,596.00,9060.00,260000.00,549.86,525
1777266955961,613.00,9057.00,260000.00,551.24,525
1777266955995,583.00,9000.00,260000.00,550.78,525
1777266956030,597.00,9000.00,260000.00,553.08,525
1777266956064,593.00,9000.00,260000.00,555.84,525
1777266956098,617.00,9000.00,260000.00,553.08,525
1777266956129,597.00,9000.00,260000.00,548.94,525
1777266956161,586.00,9001.00,260000.00,545.26,525
1777266956195,585.00,9000.00,260000.00,543.42,525
1777266956228,612.00,8992.00,260000.00,553.08,525
1777266956262,613.00,9040.00,260000.00,553.54,525
1777266956295,599.00,9086.00,260000.00,553.08,525
1777266956328,619.00,9000.00,260000.00,552.16,525
1777266956363,592.00,9000.00,260000.00,548.94,525
1777266956395,574.00,9000.00,260000.00,543.88,525
1777266956427,627.00,9000.00,260000.00,553.54,525
1777266956460,599.00,9038.00,260000.00,551.70,525
1777266956492,586.00,9028.00,260000.00,548.48,525
1777266956526,611.00,9059.00,260000.00,551.24,525
1777266956559,591.00,9040.00,260000.00,544.80,525
1777266956593,599.00,9026.00,260000.00,551.24,525
1777266956626,594.00,9011.00,260000.00,550.78,525
1777266956660,600.00,9047.00,260000.00,546.64,525
1777266956693,604.00,9024.00,260000.00,549.86,525
1777266956727,624.00,9060.00,260000.00,554.00,525
1777266956760,614.00,9020.00,260000.00,556.30,525
1777266956793,588.00,9096.00,260000.00,551.70,525
1777266956828,589.00,9060.00,260000.00,550.32,525
1777266956861,578.00,9060.00,260000.00,539.74,525
1777266956894,601.00,9060.00,260000.00,547.10,525
1777266956927,599.00,9060.00,260000.00,547.56,525
1777266956969,600.00,9060.00,260000.00,548.48,525
1777266957001,1191.00,9041.00,260000.00,1105.70,1050
1777266957035,600.00,9104.00,260000.00,541.58,525
1777266957070,591.00,9063.00,260000.00,546.64,525
1777266957103,586.00,9060.00,260000.00,544.34,525
1777266957136,574.00,9120.00,260000.00,551.70,525
1777266957175,582.00,9060.00,260000.00,541.12,525
1777266957209,605.00,9060.00,260000.00,553.08,525
1777266957241,580.00,9020.00,260000.00,543.88,525
1777266957274,605.00,9024.00,260000.00,551.24,525
1777266957307,600.00,9060.00,260000.00,552.16,525
1777266957338,631.00,9060.00,260000.00,556.30,525
1777266957368,603.00,9019.00,260000.00,548.48,525
1777266957545,595.00,8817.00,260000.00,544.80,525
1777266957567,597.00,8820.00,260000.00,549.86,525
1777266957611,602.00,8722.00,260000.00,548.94,525
1777266957635,592.00,8782.00,260000.00,543.88,525
1777266957680,580.00,8760.00,260000.00,544.34,525
1777266957704,622.00,8769.00,260000.00,552.62,525
1777266957750,589.00,8796.00,260000.00,553.54,525
1777266957774,584.00,8782.00,260000.00,543.42,525
1777266957797,590.00,8820.00,260000.00,543.42,525
1777266957842,583.00,8797.00,260000.00,542.96,525
1777266957866,598.00,8766.00,260000.00,551.24,525
1777266957911,602.00,8760.00,260000.00,547.56,525
1777266957936,596.00,8796.00,260000.00,547.10,525
1777266957981,603.00,8760.00,260000.00,542.96,525
1777266958006,579.00,8800.00,260000.00,548.02,525
1777266958030,610.00,8763.00,260000.00,559.98,525
1777266958075,595.00,8724.00,260000.00,545.72,525
1777266958100,579.00,8724.00,260000.00,549.40,525
1777266958145,604.00,8796.00,260000.00,546.64,525
1777266958170,595.00,8794.00,260000.00,543.88,525
1777266958195,607.00,8820.00,260000.00,551.24,525
1777266958240,617.00,8760.00,260000.00,548.48,525
1777266958265,581.00,8759.00,260000.00,542.04,525
1777266958310,613.00,8752.00,260000.00,550.78,525
1777266958335,581.00,8723.00,260000.00,544.34,525
1777266958361,619.00,8784.00,260000.00,557.22,525
1777266958406,609.00,8730.00,260000.00,549.86,525
1777266958431,602.00,8760.00,260000.00,546.64,525
1777266958477,583.00,8760.00,260000.00,547.10,525
1777266958502,604.00,8783.00,260000.00,547.10,525
1777266958528,611.00,8768.00,260000.00,548.94,525
1777266958575,586.00,8764.00,260000.00,544.80,525
1777266958602,604.00,8726.00,260000.00,548.94,525
1777266958627,605.00,8730.00,260000.00,548.48,525
1777266958673,610.00,8722.00,260000.00,552.16,525
1777266958699,602.00,8780.00,260000.00,551.24,525
1777266958746,598.00,8760.00,260000.00,548.94,525
1777266958771,637.00,8798.00,260000.00,550.78,525
1777266958797,609.00,8758.00,260000.00,549.40,525
1777266958844,589.00,8760.00,260000.00,547.56,525
1777266958870,607.00,8799.00,260000.00,546.64,525
1777266958896,593.00,8797.00,260000.00,545.72,525
1777266958943,596.00,8760.00,260000.00,546.64,525
1777266958970,596.00,8778.00,260000.00,548.02,525
1777266958997,621.00,8820.00,260000.00,557.68,525
1777266959045,611.00,8760.00,260000.00,549.86,525
1777266959070,600.00,8764.00,260000.00,549.40,525
1777266959096,593.00,8820.00,260000.00,546.18,525
1777266959146,599.00,8723.00,260000.00,542.50,525
1777266959172,596.00,8820.00,260000.00,547.10,525
1777266959198,621.00,8783.00,260000.00,553.08,525
1777266959224,590.00,8780.00,260000.00,546.18,525
1777266959272,604.00,8820.00,260000.00,547.56,525
1777266959300,584.00,8820.00,260000.00,547.56,525
1777266959328,586.00,8820.00,260000.00,544.80,525
1777266959376,599.00,8760.00,260000.00,548.94,525
1777266959403,602.00,8799.00,260000.00,552.62,525
1777266959430,628.00,8761.00,260000.00,553.08,525
1777266959457,611.00,8720.00,260000.00,555.38,525
1777266959506,624.00,8760.00,260000.00,551.24,525
1777266959534,590.00,8762.00,260000.00,545.72,525
1777266959563,603.00,8760.00,260000.00,549.86,525
1777266959590,601.00,8806.00,260000.00,547.10,525
1777266959640,594.00,8727.00,260000.00,555.84,525
1777266959668,617.00,8722.00,260000.00,554.00,525
1777266959696,621.00,8780.00,260000.00,553.54,525
1777266959724,603.00,8818.00,260000.00,550.32,525
1777266959774,601.00,8760.00,260000.00,549.86,525
1777266959803,608.00,8760.00,260000.00,553.08,525
1777266959832,592.00,8820.00,260000.00,544.34,525
1777266959861,595.00,8820.00,260000.00,550.78,525
1777266959890,612.00,8820.00,260000.00,546.64,525
1777266959940,591.00,8723.00,260000.00,545.72,525
1777266959968,607.00,8743.00,260000.00,546.18,525
1777266959997,616.00,8820.00,260000.00,552.62,525
1777266960026,612.00,8820.00,260000.00,554.00,525
1777266960056,593.00,8857.00,260000.00,548.02,525
1777266960113,610.00,8760.00,260000.00,551.24,525
1777266960141,603.00,8763.00,260000.00,552.16,525
1777266960171,611.00,8820.00,260000.00,548.02,525
1777266960202,622.00,8782.00,260000.00,556.30,525
1777266960231,592.00,8820.00,260000.00,541.58,525
1777266960261,602.00,8857.00,260000.00,548.94,525
1777266960291,621.00,8834.00,260000.00,556.30,525
1777266960341,609.00,8760.00,260000.00,552.62,525
1777266960371,623.00,8802.00,260000.00,555.38,525
1777266960401,626.00,8777.00,260000.00,556.30,525
1777266960429,623.00,8796.00,260000.00,554.92,525
1777266960459,602.00,8760.00,260000.00,546.64,525
1777266960488,577.00,8820.00,260000.00,547.10,525
1777266960538,592.00,8760.00,260000.00,546.64,525
1777266960566,604.00,8760.00,260000.00,550.78,525
1777266960596,584.00,8722.00,260000.00,551.70,525
1777266960625,595.00,8723.00,260000.00,548.94,525
1777266960653,599.00,8722.00,260000.00,553.54,525
1777266960705,597.00,8764.00,260000.00,552.16,525
1777266960735,594.00,8810.00,260000.00,549.40,525
1777266960763,611.00,8820.00,260000.00,552.16,525
1777266960794,602.00,8820.00,260000.00,550.78,525
1777266960824,626.00,8820.00,260000.00,555.84,525
1777266960853,626.00,8779.00,260000.00,554.92,525
1777266960907,562.00,8735.00,260000.00,540.66,525
1777266960938,617.00,8786.00,260000.00,547.10,525
1777266960967,594.00,8820.00,260000.00,550.32,525
1777266960997,613.00,8820.00,260000.00,551.24,525
1777266961027,612.00,8820.00,260000.00,550.78,525
1777266961056,600.00,8820.00,260000.00,549.86,525
1777266961087,580.00,8820.00,260000.00,551.24,525
1777266961118,596.00,8855.00,260000.00,548.02,525
1777266961170,611.00,8829.00,260000.00,547.10,525
1777266961200,604.00,8820.00,260000.00,546.18,525
1777266961230,613.00,8792.00,260000.00,557.22,525
1777266961259,610.00,8778.00,260000.00,549.86,525
1777266961290,610.00,8820.00,260000.00,553.54,525
1777266961321,593.00,8820.00,260000.00,550.32,525
1777266961352,608.00,8785.00,260000.00,552.16,525
1777266961380,618.00,8780.00,260000.00,553.08,525
1777266961435,607.00,8820.00,260000.00,551.24,525
1777266961466,597.00,8783.00,260000.00,548.02,525
1777266961497,615.00,8858.00,260000.00,557.22,525
1777266961529,598.00,8820.00,260000.00,548.48,525
1777266961560,587.00,8785.00,260000.00,541.12,525
1777266961590,581.00,8785.00,260000.00,548.02,525
1777266961622,573.00,8785.00,260000.00,542.04,525
1777266961654,599.00,8820.00,260000.00,551.24,525
1777266961687,619.00,8781.00,260000.00,549.86,525
1777266961720,579.00,8820.00,260000.00,550.32,525
1777266961751,600.00,8860.00,260000.00,553.08,525
1777266961782,588.00,8761.00,260000.00,540.20,525
1777266961814,599.00,8786.00,260000.00,552.16,525
1777266961847,587.00,8820.00,260000.00,544.80,525
1777266961903,625.00,8820.00,260000.00,553.08,525
1777266961936,594.00,8820.00,260000.00,546.18,525
1777266961970,627.00,8820.00,260000.00,553.54,525
1777266962007,620.00,8820.00,260000.00,550.32,525
1777266962038,577.00,8760.00,260000.00,548.48,525
1777266962068,601.00,8794.00,260000.00,547.10,525
1777266962101,611.00,8760.00,260000.00,560.90,525
1777266962133,611.00,8720.00,260000.00,548.94,525
1777266962163,600.00,8760.00,260000.00,547.56,525
1777266962194,583.00,8760.00,260000.00,546.18,525
1777266962225,623.00,8799.00,260000.00,553.08,525
1777266962256,606.00,8770.00,260000.00,553.54,525
1777266962289,604.00,8805.00,260000.00,549.40,525
1777266962324,588.00,8805.00,260000.00,548.48,525
1777266962357,588.00,8801.00,260000.00,547.56,525
1777266962391,622.00,8815.00,260000.00,554.00,525
1777266962430,627.00,8836.00,260000.00,553.54,525
1777266962465,616.00,8935.00,260000.00,553.08,525
1777266962499,593.00,8995.00,260000.00,547.10,525
1777266962534,615.00,9055.00,260000.00,555.38,525
1777266962569,605.00,9000.00,260000.00,547.10,525
1777266962603,609.00,9038.00,260000.00,548.94,525
1777266962639,605.00,9037.00,260000.00,550.78,525
1777266962672,613.00,9000.00,260000.00,548.94,525
1777266962707,1212.00,9035.00,260000.00,1096.04,1050
1777266962743,621.00,9065.00,260000.00,558.14,525
1777266962778,580.00,9099.00,260000.00,546.64,525
1777266962811,594.00,8998.00,260000.00,546.64,525
1777266962842,590.00,9060.00,260000.00,545.26,525
1777266962876,575.00,9093.00,260000.00,544.34,525
1777266962905,584.00,9024.00,260000.00,543.88,525
1777266962934,596.00,9024.00,260000.00,552.62,525
1777266962990,594.00,9060.00,260000.00,546.64,525
1777266963023,605.00,9037.00,260000.00,551.70,525
1777266963055,627.00,9045.00,260000.00,554.46,525
1777266963087,619.00,9050.00,260000.00,554.00,525
1777266963120,581.00,8998.00,260000.00,545.72,525
1777266963152,586.00,9060.00,260000.00,542.04,525
1777266963185,589.00,9035.00,260000.00,550.32,525
1777266963218,564.00,9028.00,260000.00,543.88,525
1777266963253,596.00,9038.00,260000.00,546.64,525
1777266963286,585.00,9097.00,260000.00,555.38,525
1777266963318,596.00,9083.00,260000.00,545.72,525
1777266963349,608.00,9035.00,260000.00,549.40,525
1777266963379,602.00,9006.00,260000.00,553.54,525
1777266963414,584.00,9096.00,260000.00,549.40,525
1777266963446,589.00,9015.00,260000.00,544.80,525
1777266963477,594.00,9060.00,260000.00,553.08,525
1777266963512,596.00,9058.00,260000.00,546.64,525
1777266963545,596.00,9097.00,260000.00,551.70,525
1777266963578,623.00,9097.00,260000.00,555.84,525
1777266963610,592.00,9096.00,260000.00,548.02,525
1777266963642,619.00,9087.00,260000.00,557.68,525
1777266963672,577.00,9056.00,260000.00,546.64,525
1777266963701,601.00,9099.00,260000.00,550.32,525
1777266963731,574.00,9066.00,260000.00,548.02,525
1777266963782,611.00,9015.00,260000.00,548.02,525
1777266963811,597.00,9010.00,260000.00,549.40,525
1777266963841,613.00,9060.00,260000.00,552.62,525
1777266963870,589.00,9020.00,260000.00,555.84,525
1777266963900,607.00,9019.00,260000.00,550.78,525
1777266963930,576.00,9021.00,260000.00,546.64,525
1777266963983,604.00,9011.00,260000.00,549.40,525
1777266964013,601.00,9000.00,260000.00,548.02,525
1777266964044,603.00,9060.00,260000.00,551.24,525
1777266964074,601.00,9060.00,260000.00,551.24,525
1777266964103,606.00,9022.00,260000.00,549.40,525
1777266964133,621.00,9060.00,260000.00,556.76,525
1777266964162,605.00,9060.00,260000.00,550.78,525
1777266964192,579.00,9097.00,260000.00,549.40,525
1777266964247,605.00,9076.00,260000.00,549.86,525
1777266964282,587.00,9060.00,260000.00,548.02,525
1777266964322,622.00,9000.00,260000.00,551.24,525
1777266964356,609.00,9000.00,260000.00,550.32,525
1777266964389,575.00,9051.00,260000.00,542.04,525
1777266964423,615.00,9039.00,260000.00,557.68,525
1777266964456,608.00,9039.00,260000.00,550.32,525
1777266964492,618.00,9040.00,260000.00,550.32,525
1777266964536,583.00,9000.00,260000.00,544.34,525
1777266964572,1200.00,9000.00,260000.00,1092.82,1050
1777266964606,582.00,9037.00,260000.00,553.54,525
1777266964636,599.00,9097.00,260000.00,551.24,525
1777266964666,602.00,9100.00,260000.00,553.54,525
1777266964695,605.00,9100.00,260000.00,553.08,525
1777266964725,595.00,9057.00,260000.00,543.42,525
1777266964776,632.00,9025.00,260000.00,557.68,525
1777266964808,602.00,9060.00,260000.00,548.94,525
1777266964839,602.00,9060.00,260000.00,543.42,525
1777266964870,595.00,9060.00,260000.00,547.10,525
1777266964898,608.00,9060.00,260000.00,550.78,525
1777266964925,606.00,9096.00,260000.00,548.02,525
1777266964953,621.00,9096.00,260000.00,553.54,525
1777266965005,578.00,9021.00,260000.00,542.96,525
1777266965035,582.00,9060.00,260000.00,544.80,525
1777266965067,592.00,9059.00,260000.00,550.32,525
1777266965097,594.00,9021.00,260000.00,553.54,525
1777266965125,603.00,9020.00,260000.00,549.40,525
1777266965150,604.00,9073.00,260000.00,552.16,525
1777266965201,578.00,9097.00,260000.00,544.80,525
1777266965232,583.00,9060.00,260000.00,536.98,525
1777266965264,588.00,9060.00,260000.00,543.88,525
1777266965298,581.00,9060.00,260000.00,545.26,525
1777266965331,614.00,9060.00,260000.00,546.18,525
1777266965366,603.00,9060.00,260000.00,550.32,525
1777266965396,595.00,9043.00,260000.00,548.94,525
1777266965427,623.00,9060.00,260000.00,554.00,525
1777266965458,577.00,9060.00,260000.00,547.10,525
1777266965488,597.00,9026.00,260000.00,547.56,525
1777266965519,561.00,9031.00,260000.00,543.88,525
1777266965552,622.00,9099.00,260000.00,551.70,525
1777266965582,627.00,9060.00,260000.00,554.00,525
1777266965635,597.00,9091.00,260000.00,545.72,525
1777266965669,595.00,9063.00,260000.00,547.56,525
1777266965833,605.00,8763.00,260000.00,549.86,525
1777266965855,597.00,8827.00,260000.00,552.16,525
1777266965879,603.00,8860.00,260000.00,556.30,525
1777266965903,615.00,8875.00,260000.00,544.80,525
1777266965947,599.00,8822.00,260000.00,547.56,525
1777266965971,616.00,8842.00,260000.00,547.56,525
1777266966016,605.00,8792.00,260000.00,546.64,525
1777266966041,611.00,8820.00,260000.00,552.16,525
1777266966087,596.00,8820.00,260000.00,554.46,525
1777266966111,604.00,8783.00,260000.00,549.86,525
1777266966157,581.00,8820.00,260000.00,549.86,525
1777266966181,601.00,8820.00,260000.00,551.24,525
1777266966205,628.00,8856.00,260000.00,553.54,525
1777266966251,582.00,8821.00,260000.00,542.50,525
1777266966276,609.00,8785.00,260000.00,549.40,525
1777266966300,600.00,8778.00,260000.00,549.86,525
1777266966346,592.00,8819.00,260000.00,547.10,525
1777266966371,618.00,8822.00,260000.00,551.70,525
1777266966417,588.00,8781.00,260000.00,547.56,525
1777266966442,603.00,8858.00,260000.00,549.40,525
1777266966488,611.00,8820.00,260000.00,555.38,525
1777266966513,604.00,8820.00,260000.00,548.48,525
1777266966538,624.00,8822.00,260000.00,551.24,525
1777266966584,587.00,8854.00,260000.00,548.48,525
1777266966610,610.00,8819.00,260000.00,548.02,525
1777266966635,611.00,8782.00,260000.00,546.64,525
1777266966682,612.00,8829.00,260000.00,555.38,525
1777266966707,594.00,8782.00,260000.00,548.48,525
1777266966754,617.00,8820.00,260000.00,551.70,525
1777266966779,594.00,8878.00,260000.00,548.02,525
1777266966805,613.00,8854.00,260000.00,556.76,525
1777266966852,602.00,8778.00,260000.00,555.84,525
1777266966877,638.00,8820.00,260000.00,557.22,525
1777266966903,593.00,8866.00,260000.00,546.18,525
1777266966950,611.00,8820.00,260000.00,543.88,525
1777266966976,580.00,8860.00,260000.00,544.34,525
1777266967001,599.00,8880.00,260000.00,545.26,525
1777266967048,599.00,8785.00,260000.00,547.10,525
1777266967074,590.00,8836.00,260000.00,548.02,525
1777266967100,603.00,8842.00,260000.00,546.64,525
1777266967147,596.00,8820.00,260000.00,546.64,525
1777266967173,605.00,8820.00,260000.00,545.26,525
1777266967221,598.00,8820.00,260000.00,555.38,525
1777266967247,590.00,8808.00,260000.00,543.42,525
1777266967273,588.00,8784.00,260000.00,551.70,525
1777266967320,590.00,8781.00,260000.00,549.86,525
1777266967347,602.00,8781.00,260000.00,549.40,525
1777266967373,593.00,8782.00,260000.00,552.62,525
1777266967399,611.00,8820.00,260000.00,547.56,525
1777266967448,603.00,8820.00,260000.00,547.56,525
1777266967475,589.00,8851.00,260000.00,545.72,525
1777266967501,610.00,8880.00,260000.00,555.38,525
1777266967549,599.00,8783.00,260000.00,547.10,525
1777266967576,610.00,8828.00,260000.00,550.78,525
1777266967603,610.00,8841.00,260000.00,554.46,525
1777266967651,632.00,8780.00,260000.00,558.60,525
1777266967679,616.00,8837.00,260000.00,552.62,525
1777266967706,589.00,8840.00,260000.00,551.24,525
1777266967732,617.00,8785.00,260000.00,552.62,525
1777266967781,606.00,8820.00,260000.00,542.50,525
1777266967809,614.00,8856.00,260000.00,550.78,525
1777266967836,562.00,8781.00,260000.00,544.80,525
1777266967862,626.00,8782.00,260000.00,551.70,525
1777266967911,606.00,8816.00,260000.00,548.94,525
1777266967942,577.00,8825.00,260000.00,543.88,525
1777266967968,588.00,8820.00,260000.00,541.58,525
1777266968016,575.00,8820.00,260000.00,542.04,525
1777266968042,604.00,8820.00,260000.00,548.94,525
1777266968068,620.00,8820.00,260000.00,550.78,525
1777266968095,595.00,8823.00,260000.00,548.02,525
1777266968144,602.00,8820.00,260000.00,554.46,525
1777266968171,598.00,8820.00,260000.00,548.94,525
1777266968199,590.00,8832.00,260000.00,549.40,525
1777266968247,592.00,8841.00,260000.00,549.40,525
1777266968275,609.00,8820.00,260000.00,551.24,525
1777266968303,602.00,8783.00,260000.00,550.78,525
1777266968332,603.00,8785.00,260000.00,554.00,525
1777266968381,600.00,8857.00,260000.00,544.80,525
1777266968410,601.00,8820.00,260000.00,548.02,525
1777266968438,591.00,8820.00,260000.00,550.32,525
1777266968467,609.00,8820.00,260000.00,545.26,525
1777266968495,602.00,8859.00,260000.00,548.02,525
1777266968544,603.00,8791.00,260000.00,550.32,525
1777266968572,584.00,8781.00,260000.00,545.26,525
1777266968601,601.00,8783.00,260000.00,553.08,525
1777266968630,611.00,8820.00,260000.00,550.78,525
1777266968681,596.00,8861.00,260000.00,550.78,525
1777266968709,611.00,8809.00,260000.00,554.92,525
1777266968738,583.00,8820.00,260000.00,546.18,525
1777266968766,615.00,8857.00,260000.00,549.86,525
1777266968794,606.00,8810.00,260000.00,548.94,525
1777266968843,587.00,8820.00,260000.00,547.10,525
1777266968871,580.00,8859.00,260000.00,543.88,525
1777266968899,597.00,8824.00,260000.00,552.16,525
1777266968929,599.00,8819.00,260000.00,542.96,525
1777266968979,619.00,8855.00,260000.00,554.46,525
1777266969006,631.00,8820.00,260000.00,551.24,525
1777266969035,597.00,8820.00,260000.00,548.48,525
1777266969063,575.00,8782.00,260000.00,542.04,525
1777266969113,635.00,8811.00,260000.00,555.84,525
1777266969141,595.00,8815.00,260000.00,549.86,525
1777266969169,609.00,8820.00,260000.00,554.00,525
1777266969197,603.00,8780.00,260000.00,554.92,525
1777266969227,607.00,8820.00,260000.00,545.72,525
1777266969276,590.00,8819.00,260000.00,543.88,525
1777266969307,608.00,8820.00,260000.00,553.08,525
1777266969336,600.00,8820.00,260000.00,553.54,525
1777266969366,594.00,8861.00,260000.00,552.62,525
1777266969397,586.00,8880.00,260000.00,550.78,525
1777266969425,581.00,8875.00,260000.00,546.18,525
1777266969474,601.00,8820.00,260000.00,548.02,525
1777266969498,597.00,8855.00,260000.00,543.88,525
1777266969529,596.00,8880.00,260000.00,542.96,525
1777266969559,596.00,8845.00,260000.00,550.32,525
1777266969608,594.00,8820.00,260000.00,550.32,525
1777266969635,607.00,8820.00,260000.00,548.94,525
1777266969669,605.00,8820.00,260000.00,555.84,525
1777266969699,618.00,8820.00,260000.00,553.08,525
1777266969728,585.00,8859.00,260000.00,546.64,525
1777266969757,604.00,8818.00,260000.00,548.48,525
1777266969807,606.00,8820.00,260000.00,548.48,525
1777266969835,617.00,8820.00,260000.00,554.92,525
1777266969865,607.00,8820.00,260000.00,550.78,525
1777266969909,608.00,8820.00,260000.00,552.62,525
1777266969937,618.00,8820.00,260000.00,553.54,525
1777266969968,596.00,8820.00,260000.00,550.32,525
1777266969999,602.00,8859.00,260000.00,549.86,525
1777266970045,626.00,8820.00,260000.00,556.30,525
1777266970096,622.00,8759.00,260000.00,557.22,525
1777266970127,605.00,8799.00,260000.00,546.64,525
1777266970157,590.00,8723.00,260000.00,546.18,525
1777266970187,587.00,8723.00,260000.00,548.48,525
1777266970216,610.00,8760.00,260000.00,554.46,525
1777266970266,600.00,8760.00,260000.00,551.70,525
1777266970295,590.00,8758.00,260000.00,547.10,525
1777266970325,586.00,8760.00,260000.00,547.10,525
1777266970354,576.00,8760.00,260000.00,541.12,525
1777266970383,598.00,8798.00,260000.00,550.32,525
1777266970433,595.00,8760.00,260000.00,548.02,525
1777266970463,597.00,8760.00,260000.00,551.24,525
1777266970492,584.00,8793.00,260000.00,547.10,525
1777266970521,596.00,8760.00,260000.00,550.78,525
1777266970550,599.00,8721.00,260000.00,544.80,525
1777266970601,613.00,8740.00,260000.00,547.10,525
1777266970634,599.00,8760.00,260000.00,553.54,525
1777266970665,579.00,8760.00,260000.00,548.48,525
1777266970696,610.00,8801.00,260000.00,545.72,525
1777266970728,606.00,8861.00,260000.00,552.16,525
1777266970760,581.00,8921.00,260000.00,548.02,525
1777266970790,587.00,8981.00,260000.00,549.40,525
1777266970824,587.00,9003.00,260000.00,542.96,525
1777266970857,578.00,9075.00,260000.00,546.64,525
1777266970888,621.00,9000.00,260000.00,553.08,525
1777266970918,590.00,8961.00,260000.00,552.16,525
1777266970949,595.00,8996.00,260000.00,551.70,525
1777266971005,600.00,9000.00,260000.00,548.02,525
1777266971040,604.00,8940.00,260000.00,555.84,525
1777266971073,617.00,8899.00,260000.00,550.32,525
1777266971106,600.00,8980.00,260000.00,550.78,525
1777266971137,624.00,8978.00,260000.00,555.38,525
1777266971168,592.00,8943.00,260000.00,554.46,525
1777266971199,612.00,8940.00,260000.00,547.56,525
1777266971231,620.00,9000.00,260000.00,552.16,525
1777266971261,647.00,9038.00,260000.00,554.46,525
1777266971293,613.00,9020.00,260000.00,558.60,525
1777266971326,587.00,9038.00,260000.00,547.10,525
1777266971357,609.00,8998.00,260000.00,549.40,525
1777266971388,598.00,8979.00,260000.00,550.78,525
1777266971421,609.00,9000.00,260000.00,551.70,525
1777266971452,593.00,9000.00,260000.00,544.34,525
1777266971482,587.00,9000.00,260000.00,553.08,525
1777266971513,589.00,8960.00,260000.00,554.46,525
1777266971566,603.00,8978.00,260000.00,545.26,525
1777266971598,572.00,8977.00,260000.00,547.56,525
1777266971630,582.00,9011.00,260000.00,545.26,525
1777266971661,606.00,9019.00,260000.00,548.48,525
1777266971691,597.00,8995.00,260000.00,542.96,525
1777266971722,618.00,8910.00,260000.00,550.78,525
1777266971752,590.00,9000.00,260000.00,545.72,525
1777266971782,614.00,9000.00,260000.00,554.46,525
1777266971811,587.00,8961.00,260000.00,543.88,525
1777266971839,593.00,9005.00,260000.00,548.94,525
1777266971892,612.00,8990.00,260000.00,548.94,525
1777266971923,600.00,8976.00,260000.00,549.86,525
1777266971956,561.00,9000.00,260000.00,545.72,525
1777266971988,597.00,8987.00,260000.00,549.86,525
1777266972021,588.00,8976.00,260000.00,548.94,525
1777266972054,596.00,9034.00,260000.00,550.78,525
1777266972087,598.00,8952.00,260000.00,547.10,525
1777266972119,613.00,8976.00,260000.00,554.46,525
1777266972152,592.00,9000.00,260000.00,546.64,525
1777266972182,599.00,8963.00,260000.00,549.40,525
1777266972214,585.00,8985.00,260000.00,548.02,525
1777266972246,595.00,9040.00,260000.00,552.16,525
1777266972279,581.00,9035.00,260000.00,544.34,525
1777266972310,618.00,9039.00,260000.00,552.16,525
1777266972342,603.00,8999.00,260000.00,549.86,525
1777266972376,608.00,9038.00,260000.00,549.86,525
1777266972409,596.00,9039.00,260000.00,544.80,525
1777266972442,601.00,9000.00,260000.00,550.78,525
1777266972476,585.00,8961.00,260000.00,549.40,525
1777266972509,585.00,9000.00,260000.00,547.10,525
1777266972542,586.00,9040.00,260000.00,542.04,525
1777266972573,597.00,9004.00,260000.00,550.32,525
1777266972629,599.00,8980.00,260000.00,546.64,525
1777266972661,588.00,9000.00,260000.00,548.94,525
1777266972694,609.00,8979.00,260000.00,550.32,525
1777266972726,603.00,8978.00,260000.00,552.16,525
1777266972759,611.00,8979.00,260000.00,547.56,525
1777266972794,592.00,8963.00,260000.00,549.86,525
1777266972825,606.00,8978.00,260000.00,548.48,525
1777266972857,607.00,9022.00,260000.00,551.70,525
1777266972890,592.00,9028.00,260000.00,548.48,525
1777266972924,604.00,8969.00,260000.00,550.32,525
1777266972955,593.00,8950.00,260000.00,545.26,525
1777266972988,598.00,8940.00,260000.00,546.18,525
1777266973019,626.00,9000.00,260000.00,552.16,525
1777266973050,597.00,8961.00,260000.00,543.42,525
1777266973084,586.00,8978.00,260000.00,548.02,525
1777266973117,618.00,8977.00,260000.00,558.60,525
1777266973150,593.00,9000.00,260000.00,547.10,525
1777266973182,585.00,9000.00,260000.00,542.04,525
1777266973222,613.00,8940.00,260000.00,550.78,525
1777266973254,580.00,9000.00,260000.00,548.02,525
1777266973283,594.00,9000.00,260000.00,555.38,525
1777266973312,586.00,8951.00,260000.00,548.02,525
1777266973342,598.00,8996.00,260000.00,546.18,525
1777266973375,604.00,9000.00,260000.00,548.48,525
1777266973406,614.00,8962.00,260000.00,550.32,525
1777266973439,586.00,8961.00,260000.00,551.24,525
1777266973472,594.00,9000.00,260000.00,549.86,525
1777266973506,589.00,9000.00,260000.00,552.62,525
1777266973540,600.00,9037.00,260000.00,553.08,525
1777266973571,580.00,9038.00,260000.00,545.72,525
1777266973604,608.00,8999.00,260000.00,550.78,525
1777266973638,595.00,9000.00,260000.00,545.72,525
1777266973672,604.00,9000.00,260000.00,550.78,525
1777266973704,609.00,8961.00,260000.00,552.62,525
1777266973738,608.00,8960.00,260000.00,550.78,525
1777266973772,630.00,9000.00,260000.00,554.00,525
1777266973806,607.00,9014.00,260000.00,547.56,525
1777266973839,615.00,8963.00,260000.00,553.54,525
1777266973868,574.00,9000.00,260000.00,550.78,525
1777266973899,615.00,9035.00,260000.00,548.94,525
1777266973929,606.00,9039.00,260000.00,548.48,525
1777266973958,609.00,9000.00,260000.00,549.86,525
1777266974012,603.00,8961.00,260000.00,548.48,525
1777266974043,579.00,9000.00,260000.00,551.24,525
1777266974073,599.00,8993.00,260000.00,548.94,525
1777266974101,570.00,8962.00,260000.00,543.88,525
1777266974128,615.00,8982.00,260000.00,556.30,525
1777266974183,637.00,8994.00,260000.00,556.76,525
1777266974213,579.00,8997.00,260000.00,545.26,525
1777266974244,571.00,8976.00,260000.00,545.26,525
1777266974273,580.00,9005.00,260000.00,544.34,525
1777266974305,596.00,8964.00,260000.00,545.72,525
1777266974335,588.00,9000.00,260000.00,547.10,525
1777266974365,598.00,9000.00,260000.00,546.64,525
1777266974398,576.00,8964.00,260000.00,548.02,525
1777266974427,606.00,8967.00,260000.00,554.46,525
1777266974482,600.00,9000.00,260000.00,548.94,525
1777266974510,599.00,8946.00,260000.00,546.18,525
1777266974540,594.00,8981.00,260000.00,551.70,525
1777266974574,595.00,8992.00,260000.00,549.86,525
1777266974609,593.00,8964.00,260000.00,549.86,525
1777266974643,601.00,9000.00,260000.00,552.62,525
1777266974676,618.00,9000.00,260000.00,548.48,525
1777266974711,580.00,9000.00,260000.00,547.56,525
1777266974744,621.00,8976.00,260000.00,555.38,525
1777266974776,583.00,8992.00,260000.00,544.80,525
1777266974808,600.00,9000.00,260000.00,552.62,525
1777266974841,627.00,9000.00,260000.00,554.92,525
1777266974876,611.00,9000.00,260000.00,552.62,525
1777266974914,590.00,8960.00,260000.00,543.42,525
1777266974946,591.00,9000.00,260000.00,552.62,525
1777266974980,608.00,9000.00,260000.00,550.78,525
1777266975014,602.00,8977.00,260000.00,550.32,525
1777266975048,614.00,9000.00,260000.00,554.46,525
1777266975080,618.00,9041.00,260000.00,554.00,525
1777266975117,587.00,9000.00,260000.00,545.72,525
1777266975151,598.00,9036.00,260000.00,550.32,525
1777266975183,600.00,9036.00,260000.00,545.26,525
1777266975213,575.00,9000.00,260000.00,545.72,525
1777266975243,607.00,9000.00,260000.00,550.78,525
1777266975273,597.00,9060.00,260000.00,550.78,525
1777266975304,599.00,9021.00,260000.00,554.00,525
1777266975332,595.00,9055.00,260000.00,549.86,525
1777266975361,585.00,9060.00,260000.00,548.48,525
1777266975390,608.00,9022.00,260000.00,549.40,525
1777266975419,604.00,9022.00,260000.00,547.56,525
1777266975472,583.00,9060.00,260000.00,547.56,525
1777266975501,589.00,9059.00,260000.00,550.32,525
1777266975532,580.00,9053.00,260000.00,543.88,525
1777266975562,588.00,9047.00,260000.00,548.94,525
1777266975593,611.00,9022.00,260000.00,549.86,525
1777266975622,612.00,9060.00,260000.00,542.50,525
1777266975652,605.00,9060.00,260000.00,549.40,525
1777266975682,597.00,9060.00,260000.00,553.08,525
1777266975733,586.00,9054.00,260000.00,547.10,525
1777266975762,615.00,9060.00,260000.00,551.70,525
1777266975791,602.00,9060.00,260000.00,547.10,525
1777266975820,603.00,9098.00,260000.00,552.62,525
1777266975848,618.00,9060.00,260000.00,550.78,525
1777266975899,597.00,9047.00,260000.00,548.02,525
1777266975928,604.00,9049.00,260000.00,548.02,525
1777266975956,597.00,9084.00,260000.00,551.24,525
1777266975986,579.00,9021.00,260000.00,547.56,525
1777266976014,579.00,9106.00,260000.00,550.32,525
1777266976043,606.00,9120.00,260000.00,543.42,525
1777266976094,590.00,9060.00,260000.00,547.10,525
1777266976123,603.00,9110.00,260000.00,551.70,525
1777266976155,606.00,9100.00,260000.00,550.32,525
1777266976186,588.00,9060.00,260000.00,547.56,525
1777266976214,604.00,9022.00,260000.00,552.16,525
1777266976245,617.00,9069.00,260000.00,554.00,525
1777266976277,610.00,9073.00,260000.00,557.68,525
1777266976331,601.00,9060.00,260000.00,547.10,525
1777266976364,603.00,9053.00,260000.00,548.48,525
1777266976395,564.00,9060.00,260000.00,546.18,525
1777266976426,554.00,9098.00,260000.00,538.36,525
1777266976460,588.00,9060.00,260000.00,555.84,525
1777266976491,604.00,9060.00,260000.00,550.78,525
1777266976524,581.00,9076.00,260000.00,544.80,525
1777266976557,604.00,9024.00,260000.00,550.78,525
1777266976588,609.00,9060.00,260000.00,548.94,525
1777266976619,610.00,9060.00,260000.00,547.56,525
1777266976651,607.00,9060.00,260000.00,548.48,525
1777266976683,589.00,9022.00,260000.00,544.80,525
1777266976717,632.00,9095.00,260000.00,553.54,525
1777266976751,627.00,9062.00,260000.00,554.00,525
1777266976785,595.00,9020.00,260000.00,552.16,525
1777266976818,624.00,9098.00,260000.00,554.00,525
1777266976852,578.00,9038.00,260000.00,549.86,525
1777266976884,595.00,9060.00,260000.00,549.86,525
1777266976917,598.00,9060.00,260000.00,547.56,525
1777266976950,602.00,9060.00,260000.00,551.70,525
1777266976982,591.00,9021.00,260000.00,549.40,525
1777266977012,600.00,9022.00,260000.00,549.40,525
1777266977044,583.00,9060.00,260000.00,546.18,525
1777266977078,620.00,9098.00,260000.00,559.52,525
1777266977244,569.00,9060.00,260000.00,543.42,525
1777266977267,596.00,8820.00,260000.00,547.56,525
1777266977291,599.00,8820.00,260000.00,546.18,525
1777266977336,612.00,8834.00,260000.00,555.84,525
1777266977360,592.00,8781.00,260000.00,548.02,525
1777266977385,595.00,8789.00,260000.00,554.46,525
1777266977430,600.00,8785.00,260000.00,551.70,525
1777266977454,607.00,8819.00,260000.00,548.94,525
1777266977499,599.00,8820.00,260000.00,552.16,525
1777266977524,608.00,8820.00,260000.00,550.78,525
1777266977569,574.00,8820.00,260000.00,541.12,525
1777266977595,616.00,8807.00,260000.00,548.94,525
1777266977620,597.00,8842.00,260000.00,555.38,525
1777266977666,631.00,8854.00,260000.00,553.08,525
1777266977691,575.00,8880.00,260000.00,551.70,525
1777266977716,595.00,8880.00,260000.00,550.78,525
1777266977762,591.00,8847.00,260000.00,553.54,525
1777266977787,608.00,8878.00,260000.00,548.02,525
1777266977833,586.00,8835.00,260000.00,547.10,525
1777266977858,617.00,8880.00,260000.00,552.62,525
1777266977883,606.00,8880.00,260000.00,549.40,525
1777266977929,599.00,8832.00,260000.00,550.78,525
1777266977957,603.00,8841.00,260000.00,553.54,525
1777266977983,593.00,8880.00,260000.00,550.78,525
1777266978030,605.00,8859.00,260000.00,554.46,525
1777266978056,608.00,8876.00,260000.00,551.70,525
1777266978081,604.00,8842.00,260000.00,550.78,525
1777266978128,592.00,8820.00,260000.00,542.96,525
1777266978153,598.00,8844.00,260000.00,542.50,525
1777266978200,614.00,8794.00,260000.00,550.78,525
1777266978226,618.00,8844.00,260000.00,556.76,525
1777266978252,608.00,8838.00,260000.00,548.48,525
1777266978299,568.00,8829.00,260000.00,543.42,525
1777266978325,590.00,8787.00,260000.00,548.94,525
1777266978351,596.00,8783.00,260000.00,545.72,525
1777266978398,612.00,8857.00,260000.00,550.32,525
1777266978425,609.00,8858.00,260000.00,553.08,525
1777266978452,600.00,8796.00,260000.00,551.70,525
1777266978500,622.00,8820.00,260000.00,559.06,525
1777266978528,612.00,8820.00,260000.00,555.84,525
1777266978556,598.00,8820.00,260000.00,552.62,525
1777266978583,593.00,8856.00,260000.00,553.54,525
1777266978611,595.00,8916.00,260000.00,547.56,525
1777266978659,573.00,8790.00,260000.00,543.42,525
1777266978686,592.00,8824.00,260000.00,546.18,525
1777266978714,619.00,8822.00,260000.00,552.62,525
1777266978762,619.00,8820.00,260000.00,557.68,525
1777266978791,603.00,8820.00,260000.00,549.86,525
1777266978818,599.00,8857.00,260000.00,548.94,525
1777266978845,589.00,8879.00,260000.00,546.64,525
1777266978894,606.00,8793.00,260000.00,559.98,525
1777266978920,593.00,8777.00,260000.00,548.02,525
1777266978949,595.00,8820.00,260000.00,547.10,525
1777266978998,593.00,8858.00,260000.00,550.32,525
1777266979025,602.00,8820.00,260000.00,552.62,525
1777266979053,597.00,8818.00,260000.00,551.70,525
1777266979082,585.00,8831.00,260000.00,548.02,525
1777266979131,575.00,8837.00,260000.00,538.82,525
1777266979158,609.00,8820.00,260000.00,552.62,525
1777266979187,584.00,8880.00,260000.00,541.12,525
1777266979214,612.00,8845.00,260000.00,558.14,525
1777266979265,614.00,8783.00,260000.00,549.86,525
1777266979293,592.00,8817.00,260000.00,541.58,525
1777266979321,612.00,8820.00,260000.00,553.08,525
1777266979350,604.00,8820.00,260000.00,553.54,525
1777266979378,601.00,8819.00,260000.00,551.24,525
1777266979428,598.00,8857.00,260000.00,549.86,525
1777266979458,616.00,8820.00,260000.00,546.64,525
1777266979488,629.00,8880.00,260000.00,554.92,525
1777266979518,584.00,8839.00,260000.00,548.02,525
1777266979547,611.00,8842.00,260000.00,552.16,525
1777266979578,605.00,8880.00,260000.00,553.08,525
1777266979629,608.00,8820.00,260000.00,550.32,525
1777266979658,614.00,8820.00,260000.00,549.86,525
1777266979687,594.00,8866.00,260000.00,547.56,525
1777266979718,585.00,8880.00,260000.00,541.12,525
1777266979748,602.00,8880.00,260000.00,547.10,525
1777266979777,574.00,8880.00,260000.00,541.58,525
1777266979829,595.00,8820.00,260000.00,546.18,525
1777266979859,618.00,8784.00,260000.00,555.38,525
1777266979890,592.00,8859.00,260000.00,543.42,525
1777266979920,581.00,8919.00,260000.00,546.18,525
1777266979948,593.00,8880.00,260000.00,544.80,525
1777266979977,572.00,8846.00,260000.00,548.94,525
1777266980005,624.00,8846.00,260000.00,549.86,525
1777266980054,590.00,8880.00,260000.00,548.94,525
1777266980085,604.00,8880.00,260000.00,549.86,525
1777266980113,561.00,8841.00,260000.00,542.50,525
1777266980144,620.00,8880.00,260000.00,554.92,525
1777266980174,605.00,8880.00,260000.00,549.40,525
1777266980223,586.00,8853.00,260000.00,545.72,525
1777266980254,607.00,8829.00,260000.00,552.62,525
1777266980283,597.00,8831.00,260000.00,544.34,525
1777266980313,589.00,8884.00,260000.00,543.42,525
1777266980344,583.00,8850.00,260000.00,552.62,525
1777266980374,625.00,8818.00,260000.00,558.60,525
1777266980425,611.00,8857.00,260000.00,552.62,525
1777266980456,594.00,8820.00,260000.00,552.16,525
1777266980486,607.00,8784.00,260000.00,544.34,525
1777266980515,598.00,8825.00,260000.00,548.94,525
1777266980546,599.00,8828.00,260000.00,556.76,525
1777266980576,604.00,8857.00,260000.00,550.78,525
1777266980606,593.00,8819.00,260000.00,547.56,525
1777266980660,603.00,8820.00,260000.00,549.86,525
1777266980690,599.00,8820.00,260000.00,549.40,525
1777266980722,584.00,8790.00,260000.00,551.70,525
1777266980752,605.00,8838.00,260000.00,555.84,525
1777266980782,603.00,8820.00,260000.00,547.56,525
1777266980813,586.00,8820.00,260000.00,543.42,525
1777266980842,601.00,8784.00,260000.00,551.70,525
1777266980872,640.00,8781.00,260000.00,555.84,525
1777266980903,607.00,8880.00,260000.00,547.56,525
1777266980954,588.00,8820.00,260000.00,549.86,525
1777266980986,613.00,8858.00,260000.00,551.70,525
1777266981014,600.00,8820.00,260000.00,550.32,525
1777266981044,584.00,8781.00,260000.00,542.04,525
1777266981075,595.00,8820.00,260000.00,549.86,525
1777266981107,617.00,8859.00,260000.00,552.62,525
1777266981138,605.00,8820.00,260000.00,544.80,525
1777266981166,618.00,8844.00,260000.00,554.46,525
1777266981219,586.00,8857.00,260000.00,549.86,525
1777266981250,605.00,8820.00,260000.00,548.94,525
1777266981280,602.00,8820.00,260000.00,546.18,525
1777266981311,615.00,8820.00,260000.00,548.94,525
1777266981342,612.00,8873.00,260000.00,552.16,525
1777266981372,603.00,8886.00,260000.00,548.94,525
1777266981401,599.00,8842.00,260000.00,549.40,525
1777266981454,610.00,8782.00,260000.00,554.00,525
1777266981484,590.00,8820.00,260000.00,542.04,525
1777266981513,577.00,8820.00,260000.00,540.20,525
1777266981545,587.00,8824.00,260000.00,548.94,525
1777266981576,603.00,8792.00,260000.00,548.48,525
1777266981609,602.00,8820.00,260000.00,547.56,525
1777266981640,578.00,8820.00,260000.00,546.18,525
1777266981673,603.00,8857.00,260000.00,548.02,525
1777266981704,587.00,8820.00,260000.00,544.80,525
1777266981734,598.00,8820.00,260000.00,546.64,525
1777266981763,596.00,8823.00,260000.00,549.40,525
1777266981818,625.00,8788.00,260000.00,554.46,525
1777266981849,614.00,8860.00,260000.00,544.34,525
1777266981881,591.00,8820.00,260000.00,548.02,525
1777266981914,578.00,8811.00,260000.00,550.32,525
1777266981946,597.00,8820.00,260000.00,548.94,525
1777266981978,621.00,8859.00,260000.00,549.86,525
1777266982012,607.00,8858.00,260000.00,545.72,525
1777266982045,627.00,8820.00,260000.00,550.32,525
1777266982078,588.00,8820.00,260000.00,545.72,525
1777266982113,600.00,8783.00,260000.00,549.40,525
1777266982145,611.00,8845.00,260000.00,551.70,525
1777266982176,596.00,8940.00,260000.00,550.32,525
1777266982209,616.00,9000.00,260000.00,558.14,525
1777266982242,612.00,9060.00,260000.00,551.70,525
1777266982275,620.00,9060.00,260000.00,548.94,525
1777266982307,601.00,9036.00,260000.00,553.54,525
1777266982341,581.00,9096.00,260000.00,546.64,525
1777266982371,579.00,9054.00,260000.00,542.96,525
1777266982401,609.00,9040.00,260000.00,554.92,525
1777266982431,601.00,9054.00,260000.00,553.08,525
1777266982461,598.00,9091.00,260000.00,550.32,525
1777266982490,578.00,9060.00,260000.00,550.32,525
1777266982539,587.00,9048.00,260000.00,548.02,525
1777266982568,610.00,9098.00,260000.00,550.78,525
1777266982597,597.00,9094.00,260000.00,541.58,525
1777266982626,604.00,9097.00,260000.00,548.48,525
1777266982656,601.00,9100.00,260000.00,544.34,525
1777266982706,595.00,9002.00,260000.00,550.32,525
1777266982740,598.00,9000.00,260000.00,542.50,525
1777266982776,596.00,9030.00,260000.00,548.02,525
1777266982805,592.00,9037.00,260000.00,552.62,525
1777266982835,594.00,9060.00,260000.00,547.10,525
1777266982867,609.00,9059.00,260000.00,550.32,525
1777266982898,600.00,9060.00,260000.00,554.00,525
1777266982934,587.00,9098.00,260000.00,548.48,525
1777266982967,605.00,9097.00,260000.00,542.50,525
1777266982998,594.00,9000.00,260000.00,550.32,525
1777266983034,598.00,9021.00,260000.00,550.78,525
1777266983068,598.00,9024.00,260000.00,553.08,525
1777266983100,579.00,9038.00,260000.00,548.94,525
1777266983135,597.00,9060.00,260000.00,544.34,525
1777266983169,617.00,9059.00,260000.00,558.14,525
1777266983203,575.00,9053.00,260000.00,542.96,525
1777266983237,611.00,9088.00,260000.00,548.94,525
1777266983272,622.00,9037.00,260000.00,549.86,525
1777266983306,625.00,9091.00,260000.00,549.86,525
1777266983339,603.00,9038.00,260000.00,548.48,525
1777266983375,596.00,8999.00,260000.00,549.86,525
1777266983409,601.00,9021.00,260000.00,550.78,525
1777266983440,593.00,9042.00,260000.00,542.04,525
1777266983473,600.00,9039.00,260000.00,555.38,525
1777266983508,612.00,9060.00,260000.00,548.94,525
1777266983539,622.00,9053.00,260000.00,550.32,525
1777266983568,591.00,9023.00,260000.00,546.18,525
1777266983600,623.00,9000.00,260000.00,556.76,525
1777266983629,606.00,9037.00,260000.00,559.06,525
1777266983659,608.00,9097.00,260000.00,557.22,525
1777266983689,577.00,9052.00,260000.00,550.32,525
1777266983719,592.00,9096.00,260000.00,547.10,525
1777266983749,604.00,9060.00,260000.00,551.70,525
1777266983802,603.00,9026.00,260000.00,551.24,525
1777266983831,609.00,9037.00,260000.00,549.86,525
1777266983860,598.00,9097.00,260000.00,543.42,525
1777266983889,593.00,9096.00,260000.00,552.62,525
1777266983920,585.00,9102.00,260000.00,543.88,525
1777266983953,608.00,9024.00,260000.00,550.32,525
1777266983987,609.00,9060.00,260000.00,549.86,525
1777266984021,597.00,9060.00,260000.00,549.86,525
1777266984053,596.00,9054.00,260000.00,542.50,525
1777266984089,604.00,9060.00,260000.00,552.16,525
1777266984120,589.00,9060.00,260000.00,545.72,525
1777266984154,598.00,9060.00,260000.00,548.94,525
1777266984187,569.00,9022.00,260000.00,542.96,525
1777266984223,587.00,9094.00,260000.00,547.10,525
1777266984256,591.00,9059.00,260000.00,547.10,525
1777266984289,622.00,9098.00,260000.00,554.92,525
1777266984322,589.00,9060.00,260000.00,546.18,525
1777266984354,595.00,9023.00,260000.00,550.78,525
1777266984383,608.00,9059.00,260000.00,554.46,525
1777266984414,591.00,9060.00,260000.00,545.26,525
1777266984445,591.00,9023.00,260000.00,547.56,525
1777266984501,597.00,9060.00,260000.00,549.40,525
1777266984536,622.00,9037.00,260000.00,551.70,525
1777266984571,618.00,9017.00,260000.00,553.54,525
1777266984604,570.00,9000.00,260000.00,546.18,525
1777266984633,600.00,9060.00,260000.00,549.86,525
1777266984668,598.00,9023.00,260000.00,549.40,525
1777266984704,618.00,9036.00,260000.00,553.54,525
1777266984738,598.00,9000.00,260000.00,551.70,525
1777266984943,580.00,9000.00,260000.00,545.26,525
1777266984966,1205.00,8736.00,260000.00,1096.96,1050
1777266984991,596.00,8797.00,260000.00,552.62,525
1777266985035,596.00,8729.00,260000.00,339.30,0
1777266985059,591.00,8798.00,260000.00,592.18,525
1777266985104,629.00,8798.00,260000.00,595.40,525
1777266985127,598.00,8740.00,260000.00,339.30,0
1777266985172,603.00,8760.00,260000.00,594.48,525
1777266985196,578.00,8708.00,260000.00,592.64,525
1777266985220,604.00,8763.00,260000.00,594.02,525
1777266985266,598.00,8799.00,260000.00,592.18,525
1777266985290,603.00,8793.00,260000.00,591.72,525
1777266985335,604.00,8760.00,260000.00,593.10,525
1777266985359,597.00,8799.00,260000.00,594.02,525
1777266985406,624.00,8760.00,260000.00,594.02,525
1777266985431,605.00,8799.00,260000.00,594.48,525
1777266985456,583.00,8766.00,260000.00,592.18,525
1777266985502,577.00,8760.00,260000.00,593.10,525
1777266985528,620.00,8707.00,260000.00,591.72,525
1777266985553,600.00,8743.00,260000.00,589.42,525
1777266985599,603.00,8798.00,260000.00,593.56,525
1777266985624,613.00,8797.00,260000.00,591.72,525
1777266985671,591.00,8760.00,260000.00,592.64,525
1777266985696,580.00,8798.00,260000.00,591.26,525
1777266985724,582.00,8857.00,260000.00,588.96,525
1777266985749,595.00,8820.00,260000.00,593.56,525
1777266985795,574.00,8760.00,260000.00,592.18,525
1777266985821,595.00,8795.00,260000.00,594.94,525
1777266985869,625.00,8799.00,260000.00,594.02,525
1777266985895,586.00,8760.00,260000.00,591.26,525
1777266985920,600.00,8710.00,260000.00,593.56,525
1777266985968,617.00,8760.00,260000.00,595.40,525
1777266985996,613.00,8765.00,260000.00,592.64,525
1777266986022,589.00,8798.00,260000.00,592.64,525
1777266986048,591.00,8801.00,260000.00,592.64,525
1777266986095,591.00,8703.00,260000.00,591.72,525
1777266986122,613.00,8703.00,260000.00,592.18,525
1777266986148,607.00,8739.00,260000.00,594.48,525
1777266986195,587.00,8800.00,260000.00,591.26,525
1777266986222,566.00,8769.00,260000.00,591.72,525
1777266986248,629.00,8763.00,260000.00,592.18,525
