Timestamp,Profit,CurrentTPS,CurrentTokens,TokensUsed,TransactionsUpgraded
1777324461334,57610.00,0.00,259637.64,4800.00,575
1777324461385,24010.00,32.00,260000.00,4530.00,0
1777324461429,23970.00,179.00,258211.80,4530.00,0
1777324461462,12010.00,327.00,260000.00,2265.00,0
1777324461515,12060.00,441.00,260000.00,2265.00,0
1777324461545,11800.00,547.00,260000.00,2265.00,0
1777324461572,11530.00,627.00,260000.00,2265.00,0
1777324461599,11720.00,707.00,260000.00,2265.00,0
1777324461630,11950.00,787.00,258904.14,2265.00,0
1777324461661,11930.00,866.00,258333.06,2265.00,0
1777324461717,11840.00,960.00,260000.00,2265.00,0
1777324461756,11910.00,1040.00,260000.00,2265.00,0
1777324461788,12360.00,1107.00,260000.00,2265.00,0
1777324461826,11850.00,1187.00,260000.00,2265.00,0
1777324461860,11820.00,1276.00,260000.00,2265.00,0
1777324461917,23820.00,1360.00,260000.00,4530.00,0
1777324461960,12000.00,1520.00,260000.00,2265.00,0
1777324461988,12250.00,1587.00,257996.32,2265.00,0
1777324462016,12020.00,1680.00,260000.00,2265.00,0
1777324462049,11870.00,1760.00,260000.00,2265.00,0
1777324462084,11900.00,1827.00,260000.00,2265.00,0
1777324462117,12170.00,1907.00,260000.00,2265.00,0
1777324462152,11900.00,1987.00,260000.00,2265.00,0
1777324462186,12050.00,2080.00,260000.00,2265.00,0
1777324462219,12050.00,2160.00,260000.00,2265.00,0
1777324462253,12040.00,2240.00,260000.00,2265.00,0
1777324462288,12060.00,2320.00,260000.00,2265.00,0
1777324462321,11710.00,2387.00,260000.00,2265.00,0
1777324462371,11740.00,2467.00,260000.00,2265.00,0
1777324462408,24340.00,2560.00,260000.00,4530.00,0
1777324462441,11880.00,2694.00,260000.00,2265.00,0
1777324462478,11730.00,2787.00,260000.00,2265.00,0
1777324462515,12080.00,2867.00,260000.00,2265.00,0
1777324462547,11960.00,2960.00,260000.00,2265.00,0
1777324462576,12300.00,3040.00,260000.00,2265.00,0
1777324462606,12010.00,3120.00,260000.00,2265.00,0
1777324462636,11940.00,3200.00,260000.00,2265.00,0
1777324462668,12280.00,3280.00,260000.00,2265.00,0
1777324462695,11920.00,3360.00,260000.00,2265.00,0
1777324462723,12090.00,3429.00,259480.42,2265.00,0
1777324462772,11860.00,3520.00,260000.00,2265.00,0
1777324462803,12010.00,3587.00,260000.00,2265.00,0
1777324462845,11910.00,3680.00,260000.00,2265.00,0
1777324462874,12050.00,3753.00,260000.00,2265.00,0
1777324462903,12180.00,3834.00,260000.00,2265.00,0
1777324462931,11860.00,3920.00,258845.26,2265.00,0
1777324462980,12150.00,4000.00,260000.00,2265.00,0
1777324463010,11850.00,4067.00,260000.00,2265.00,0
1777324463039,12170.00,4147.00,260000.00,2265.00,0
1777324463068,11960.00,4240.00,259426.07,2265.00,0
1777324463096,11800.00,4320.00,258502.10,2265.00,0
1777324463146,12250.00,4400.00,260000.00,2265.00,0
1777324463174,11790.00,4480.00,260000.00,2265.00,0
1777324463202,12000.00,4560.00,260000.00,2265.00,0
1777324463231,12030.00,4640.00,260000.00,2265.00,0
1777324463296,24080.00,4720.00,258460.02,4530.00,0
1777324463327,11950.00,4880.00,260000.00,2265.00,0
1777324463372,11980.00,4960.00,260000.00,2265.00,0
1777324463397,11990.00,5027.00,260000.00,2265.00,0
1777324463426,12070.00,5120.00,259566.38,2265.00,0
1777324463454,12120.00,5200.00,258382.73,2265.00,0
1777324463502,11910.00,5280.00,260000.00,2265.00,0
1777324463529,11850.00,5360.00,260000.00,2265.00,0
1777324463555,12030.00,5427.00,259071.20,2265.00,0
1777324463604,11960.00,5520.00,260000.00,2265.00,0
1777324463633,12150.00,5600.00,260000.00,2265.00,0
1777324463662,12390.00,5680.00,260000.00,2265.00,0
1777324463691,11900.00,5760.00,259581.15,2265.00,0
1777324463719,12230.00,5840.00,258328.10,2265.00,0
1777324463772,34130.00,5920.00,260000.00,2505.00,320
1777324463807,33240.00,6000.00,260000.00,2505.00,320
1777324463834,34180.00,6080.00,260000.00,2505.00,320
1777324463861,33570.00,6131.00,260000.00,2505.00,320
1777324463894,33440.00,6240.00,259678.08,2505.00,320
1777324463924,33230.00,6320.00,260000.00,2505.00,320
1777324463976,33840.00,6400.00,260000.00,2505.00,320
1777324464007,33590.00,6451.00,260000.00,2505.00,320
1777324464035,33020.00,6531.00,260000.00,2505.00,320
1777324464068,33640.00,6611.00,260000.00,2505.00,320
1777324464096,34350.00,6691.00,260000.00,2505.00,320
1777324464123,32520.00,6771.00,260000.00,2505.00,320
1777324464151,33660.00,6851.00,258664.31,2505.00,320
1777324464198,54340.00,6960.00,260000.00,3999.00,532
1777324464229,53620.00,7040.00,260000.00,3936.00,541
1777324464260,57280.00,7120.00,260000.00,3378.00,564
1777324464289,57020.00,7200.00,259965.49,3963.00,575
1777324464318,56770.00,7280.00,259659.67,3963.00,575
1777324464368,56820.00,7360.00,260000.00,3900.00,575
1777324464400,56810.00,7411.00,260000.00,3882.00,575
1777324464429,57490.00,7491.00,260000.00,3972.00,575
1777324464459,55990.00,7571.00,260000.00,4035.00,575
1777324464488,56850.00,7651.00,260000.00,4008.00,575
1777324464538,57050.00,7760.00,260000.00,3954.00,575
1777324464568,57160.00,7840.00,260000.00,3900.00,575
1777324464599,56880.00,7920.00,260000.00,3945.00,575
1777324464628,56360.00,8000.00,260000.00,4008.00,575
1777324464658,57020.00,8080.00,260000.00,3963.00,575
1777324464688,55320.00,8160.00,260000.00,4044.00,575
1777324464717,56850.00,8240.00,259416.46,3981.00,575
1777324464747,55840.00,8320.00,259815.64,3990.00,575
1777324464776,55590.00,8400.00,258983.03,3252.00,575
1777324464829,57120.00,8480.00,260000.00,3981.00,575
1777324464865,57820.00,8560.00,260000.00,3342.00,575
1777324464898,56540.00,8640.00,260000.00,3405.00,575
1777324464936,55630.00,8720.00,260000.00,3315.00,575
1777324464973,56190.00,8771.00,260000.00,3243.00,575
1777324465009,55580.00,8871.00,260000.00,3333.00,575
1777324465043,56780.00,8960.00,260000.00,3324.00,575
1777324465075,55390.00,9040.00,260000.00,3261.00,575
1777324465123,55790.00,9120.00,260000.00,3270.00,575
1777324465151,113670.00,9200.00,259308.10,6648.00,1150
1777324465179,55260.00,9302.00,260000.00,3333.00,575
1777324465205,57030.00,9411.00,258356.02,3351.00,575
1777324465253,56660.00,9520.00,260000.00,3396.00,575
1777324465281,56660.00,9600.00,260000.00,3135.00,575
1777324465308,57450.00,9680.00,259390.71,3261.00,575
1777324465359,57130.00,9760.00,260000.00,3261.00,575
1777324465387,56100.00,9811.00,260000.00,3342.00,575
1777324465417,57420.00,9891.00,260000.00,3333.00,575
1777324465446,54640.00,9971.00,260000.00,3279.00,575
1777324465476,56120.00,10051.00,259111.23,3324.00,575
1777324465508,57670.00,10131.00,259488.92,3378.00,575
1777324465538,57360.00,10211.00,259186.00,3243.00,575
1777324465588,55820.00,10320.00,260000.00,3306.00,575
1777324465617,57110.00,10400.00,260000.00,3396.00,575
1777324465651,57710.00,10480.00,260000.00,3261.00,575
1777324465692,55810.00,10531.00,260000.00,3414.00,575
1777324465722,56300.00,10611.00,260000.00,3252.00,575
1777324465753,56330.00,10691.00,260000.00,3225.00,575
1777324465783,56640.00,10771.00,260000.00,3369.00,575
1777324465812,57030.00,10871.00,260000.00,3288.00,575
1777324465842,55370.00,10931.00,260000.00,3441.00,575
1777324465872,55580.00,11011.00,259915.38,3423.00,575
1777324465924,55910.00,11120.00,260000.00,3387.00,575
1777324465955,57460.00,11171.00,260000.00,3387.00,575
1777324465991,55750.00,11251.00,260000.00,3315.00,575
1777324466024,56010.00,11331.00,260000.00,3216.00,575
1777324466058,56550.00,11440.00,260000.00,3306.00,575
1777324466089,55510.00,11520.00,260000.00,3423.00,575
1777324466121,56780.00,11600.00,260000.00,3306.00,575
1777324466155,56310.00,11680.00,260000.00,3216.00,575
1777324466187,56710.00,11760.00,260000.00,3315.00,575
1777324466219,56990.00,11840.00,260000.00,3135.00,575
1777324466252,55960.00,11891.00,260000.00,3252.00,575
1777324466287,56650.00,11971.00,260000.00,3351.00,575
1777324466321,56190.00,12051.00,260000.00,3423.00,575
1777324466354,55880.00,12131.00,260000.00,3342.00,575
1777324466393,56760.00,12189.00,260000.00,3306.00,575
1777324466429,56640.00,12141.00,260000.00,3171.00,575
1777324466463,55790.00,12093.00,260000.00,3315.00,575
1777324466496,56120.00,12022.00,260000.00,3378.00,575
1777324466530,57170.00,12034.00,260000.00,3234.00,575
1777324466565,57450.00,11984.00,260000.00,3315.00,575
1777324466600,56700.00,12013.00,260000.00,3171.00,575
1777324466634,56800.00,12013.00,260000.00,3288.00,575
1777324466671,56540.00,12013.00,260000.00,3207.00,575
1777324466705,111060.00,11984.00,260000.00,6567.00,1150
1777324466742,55530.00,12022.00,260000.00,3414.00,575
1777324466815,57840.00,12013.00,260000.00,3261.00,575
1777324466844,55510.00,12013.00,260000.00,3234.00,575
1777324466873,56950.00,12013.00,260000.00,3324.00,575
1777324466904,56380.00,12080.00,259927.54,3225.00,575
1777324466934,56750.00,12026.00,259341.23,3288.00,575
1777324466963,57300.00,12080.00,258527.15,3378.00,575
1777324467012,55870.00,12000.00,260000.00,3333.00,575
1777324467041,57200.00,12000.00,260000.00,3315.00,575
1777324467070,56650.00,11984.00,260000.00,3180.00,575
1777324467099,57200.00,11984.00,259817.00,3423.00,575
1777324467130,56310.00,11984.00,259017.71,3360.00,575
1777324467180,57370.00,12013.00,260000.00,3270.00,575
1777324467210,55630.00,11984.00,260000.00,3324.00,575
1777324467240,56210.00,11984.00,260000.00,3468.00,575
1777324467275,57430.00,11984.00,260000.00,3297.00,575
1777324467307,55670.00,11984.00,260000.00,3360.00,575
1777324467337,55970.00,11984.00,260000.00,3279.00,575
1777324467371,57470.00,12064.00,260000.00,3387.00,575
1777324467400,57080.00,12051.00,260000.00,3441.00,575
1777324467427,56250.00,11997.00,259368.10,3324.00,575
1777324467477,56520.00,12013.00,260000.00,3387.00,575
1777324467507,56610.00,12013.00,260000.00,3315.00,575
1777324467539,58110.00,12013.00,260000.00,3315.00,575
1777324467567,57140.00,12013.00,260000.00,3360.00,575
1777324467594,55100.00,12013.00,259793.33,3342.00,575
1777324467645,55830.00,11952.00,260000.00,3234.00,575
1777324467676,56260.00,12000.00,260000.00,3450.00,575
1777324467705,53950.00,11933.00,260000.00,3297.00,575
1777324467741,56620.00,11904.00,260000.00,3279.00,575
1777324467772,55810.00,12000.00,260000.00,3207.00,575
1777324467803,55820.00,12013.00,260000.00,3297.00,575
1777324467835,57090.00,12013.00,260000.00,3324.00,575
1777324467870,57550.00,12013.00,260000.00,3459.00,575
1777324467909,56690.00,11984.00,260000.00,3405.00,575
1777324467941,57480.00,11954.00,260000.00,3306.00,575
1777324467975,54430.00,11971.00,260000.00,3351.00,575
1777324468016,56120.00,12006.00,260000.00,3297.00,575
1777324468066,56570.00,11988.00,260000.00,3252.00,575
1777324468097,112760.00,11909.00,259877.14,6729.00,1150
1777324468132,55890.00,11942.00,259637.17,3333.00,575
1777324468167,58080.00,12013.00,260000.00,3351.00,575
1777324468211,56870.00,12013.00,260000.00,3450.00,575
1777324468269,56770.00,11904.00,260000.00,3360.00,575
1777324468307,113140.00,11971.00,260000.00,6630.00,1150
1777324468344,56130.00,11875.00,260000.00,3378.00,575
1777324468401,55670.00,11898.00,260000.00,3315.00,575
1777324468427,57170.00,11920.00,260000.00,3315.00,575
1777324468457,57760.00,11920.00,260000.00,3486.00,575
1777324468487,56730.00,11920.00,260000.00,3369.00,575
1777324468517,56070.00,11933.00,259680.34,3405.00,575
1777324468549,56430.00,11933.00,259111.71,3225.00,575
1777324468580,56190.00,11933.00,258992.94,3360.00,575
1777324468611,56110.00,12000.00,258664.92,3315.00,575
1777324468663,55740.00,11920.00,260000.00,3360.00,575
1777324468697,55580.00,11897.00,260000.00,3297.00,575
1777324468730,57230.00,11872.00,260000.00,3342.00,575
1777324468760,55470.00,11920.00,260000.00,3360.00,575
1777324468790,56160.00,11949.00,259096.88,3306.00,575
1777324468820,55130.00,11974.00,260000.00,3171.00,575
1777324468850,57470.00,11953.00,260000.00,3414.00,575
1777324468883,57800.00,11949.00,259964.02,3306.00,575
1777324468916,56910.00,11949.00,260000.00,3261.00,575
1777324468950,56120.00,11949.00,260000.00,3270.00,575
1777324468981,55430.00,11971.00,260000.00,3171.00,575
1777324469014,55800.00,11953.00,258814.94,3297.00,575
1777324469047,56340.00,11971.00,260000.00,3396.00,575
1777324469078,56780.00,12000.00,259708.57,3297.00,575
1777324469115,55510.00,11928.00,259280.02,3351.00,575
1777324469149,56000.00,11920.00,260000.00,3324.00,575
1777324469204,56330.00,11891.00,260000.00,3333.00,575
1777324469239,55550.00,11916.00,260000.00,3414.00,575
1777324469278,57180.00,11901.00,260000.00,3333.00,575
1777324469313,113790.00,11869.00,260000.00,6612.00,1150
1777324469350,55560.00,11862.00,260000.00,3324.00,575
1777324469385,56180.00,11920.00,260000.00,3387.00,575
1777324469418,56050.00,11949.00,260000.00,3405.00,575
1777324469453,55440.00,11949.00,260000.00,3216.00,575
1777324469486,57020.00,11949.00,260000.00,3225.00,575
1777324469520,55210.00,11949.00,260000.00,3351.00,575
1777324469553,56440.00,11920.00,260000.00,3234.00,575
1777324469586,56610.00,11891.00,260000.00,3234.00,575
1777324469618,56460.00,11920.00,260000.00,3351.00,575
1777324469650,57280.00,11891.00,260000.00,3306.00,575
1777324469683,56570.00,11891.00,260000.00,3405.00,575
1777324469717,56690.00,11920.00,260000.00,3234.00,575
1777324469749,56050.00,11920.00,260000.00,3360.00,575
1777324469780,56320.00,11920.00,260000.00,3342.00,575
1777324469813,54480.00,11920.00,260000.00,3495.00,575
1777324469846,55650.00,11949.00,260000.00,3315.00,575
1777324469879,57630.00,11956.00,260000.00,3360.00,575
1777324469912,55800.00,11970.00,260000.00,3198.00,575
1777324469946,56570.00,11971.00,260000.00,3162.00,575
1777324470011,56260.00,11971.00,260000.00,3243.00,575
1777324470035,55430.00,11892.00,260000.00,3333.00,575
1777324470062,56930.00,11891.00,260000.00,3189.00,575
1777324470093,55880.00,11891.00,259626.22,3324.00,575
1777324470122,57640.00,11971.00,258672.25,3270.00,575
1777324470172,55400.00,11898.00,260000.00,3342.00,575
1777324470203,55900.00,11869.00,260000.00,3369.00,575
1777324470233,57450.00,11869.00,260000.00,3279.00,575
1777324470262,56520.00,11896.00,260000.00,3387.00,575
1777324470296,54680.00,11869.00,259978.41,3297.00,575
1777324470325,56160.00,11869.00,259743.90,3468.00,575
1777324470358,56560.00,11920.00,259233.84,3306.00,575
1777324470386,56680.00,11949.00,259060.90,3369.00,575
1777324470437,58030.00,11869.00,260000.00,3405.00,575
1777324470467,56830.00,11869.00,260000.00,3279.00,575
1777324470498,57130.00,11869.00,260000.00,3216.00,575
1777324470529,55700.00,11869.00,260000.00,3180.00,575
1777324470561,56270.00,11869.00,260000.00,3279.00,575
1777324470593,56640.00,11920.00,260000.00,3342.00,575
1777324470623,56600.00,11920.00,260000.00,3396.00,575
1777324470654,56640.00,11920.00,259748.80,3342.00,575
1777324470686,56840.00,11949.00,259091.57,3243.00,575
1777324470718,57140.00,11949.00,259430.71,3279.00,575
1777324470748,56410.00,11949.00,258950.30,3360.00,575
1777324470799,56250.00,11869.00,260000.00,3243.00,575
1777324470829,56150.00,11869.00,260000.00,3198.00,575
1777324470859,54330.00,11869.00,260000.00,3225.00,575
1777324470889,56080.00,11869.00,260000.00,3198.00,575
1777324470919,58830.00,11920.00,260000.00,3333.00,575
1777324470949,56960.00,11949.00,259321.43,3243.00,575
1777324471001,56840.00,11920.00,260000.00,3342.00,575
1777324471034,57010.00,11891.00,260000.00,3297.00,575
1777324471065,55120.00,11920.00,260000.00,3306.00,575
1777324471095,56100.00,11920.00,260000.00,3378.00,575
1777324471124,55380.00,11920.00,260000.00,3162.00,575
1777324471155,57530.00,11920.00,260000.00,3270.00,575
1777324471184,57020.00,11920.00,260000.00,3288.00,575
1777324471213,55940.00,11920.00,258762.78,3315.00,575
1777324471265,57320.00,11881.00,260000.00,3387.00,575
1777324471295,57490.00,11891.00,260000.00,3351.00,575
1777324471327,56840.00,11891.00,260000.00,3378.00,575
1777324471357,57820.00,11891.00,260000.00,3315.00,575
1777324471388,57020.00,11891.00,260000.00,3414.00,575
1777324471421,55830.00,11891.00,260000.00,3315.00,575
1777324471450,54950.00,11891.00,260000.00,3270.00,575
1777324471480,56380.00,11920.00,259056.40,3342.00,575
1777324471532,56530.00,11949.00,260000.00,3279.00,575
1777324471563,57670.00,11920.00,260000.00,3225.00,575
1777324471594,56490.00,11891.00,260000.00,3198.00,575
1777324471625,56400.00,11920.00,260000.00,3396.00,575
1777324471657,57000.00,11891.00,260000.00,3261.00,575
1777324471690,57280.00,11915.00,260000.00,3315.00,575
1777324471721,56810.00,11904.00,260000.00,3279.00,575
1777324471754,55950.00,11866.00,260000.00,3441.00,575
1777324471786,57260.00,11949.00,260000.00,3342.00,575
1777324471819,55070.00,12000.00,260000.00,3216.00,575
1777324471849,58060.00,12000.00,259530.49,3324.00,575
1777324471878,57020.00,12000.00,259280.32,3333.00,575
1777324471932,57110.00,11920.00,260000.00,3171.00,575
1777324471965,56750.00,11920.00,260000.00,3225.00,575
1777324472060,57700.00,11920.00,260000.00,3324.00,575
1777324472092,112800.00,11789.00,260000.00,6612.00,1150
1777324472123,55840.00,11869.00,260000.00,3324.00,575
1777324472152,57770.00,11869.00,260000.00,3360.00,575
1777324472182,56250.00,11920.00,260000.00,3306.00,575
1777324472211,58080.00,11949.00,259573.91,3459.00,575
1777324472261,57870.00,11869.00,260000.00,3288.00,575
1777324472289,55160.00,11840.00,260000.00,3153.00,575
1777324472321,56380.00,11840.00,260000.00,3315.00,575
1777324472351,56880.00,11869.00,260000.00,3180.00,575
1777324472380,57540.00,11883.00,260000.00,3333.00,575
1777324472423,55650.00,11844.00,260000.00,3225.00,575
1777324472452,58270.00,11869.00,260000.00,3270.00,575
1777324472483,56420.00,11920.00,260000.00,3306.00,575
1777324472514,57060.00,11920.00,260000.00,3252.00,575
1777324472545,55740.00,11920.00,260000.00,3351.00,575
1777324472577,56830.00,11919.00,260000.00,3387.00,575
1777324472610,58990.00,11869.00,259513.38,3342.00,575
1777324472643,57910.00,11891.00,260000.00,3459.00,575
1777324472677,55530.00,11891.00,260000.00,3279.00,575
1777324472712,57900.00,11891.00,260000.00,3243.00,575
1777324472761,56100.00,11891.00,260000.00,3495.00,575
1777324472791,55990.00,11840.00,260000.00,3360.00,575
1777324472821,56910.00,11840.00,260000.00,3279.00,575
1777324472860,56430.00,11840.00,260000.00,3351.00,575
1777324472891,56770.00,11840.00,260000.00,3234.00,575
1777324472925,57160.00,11840.00,260000.00,3270.00,575
1777324472959,55180.00,11869.00,260000.00,3351.00,575
1777324472997,57010.00,11869.00,260000.00,3414.00,575
1777324473033,56230.00,11890.00,260000.00,3315.00,575
1777324473069,56340.00,11891.00,260000.00,3297.00,575
1777324473104,56140.00,11891.00,260000.00,3315.00,575
1777324473139,56240.00,11811.00,260000.00,3198.00,575
1777324473174,113750.00,11840.00,259354.96,6603.00,1150
1777324473213,56880.00,11920.00,260000.00,3306.00,575
1777324473249,55190.00,11891.00,260000.00,3342.00,575
1777324473284,55200.00,11949.00,260000.00,3180.00,575
1777324473320,57040.00,12000.00,260000.00,3387.00,575
1777324473354,56810.00,11920.00,260000.00,3423.00,575
1777324473390,57960.00,11958.00,260000.00,3234.00,575
1777324473427,57390.00,11920.00,260000.00,3351.00,575
1777324473463,55880.00,11891.00,260000.00,3216.00,575
1777324473499,56420.00,11920.00,260000.00,3324.00,575
1777324473536,56190.00,11869.00,260000.00,3369.00,575
1777324473573,113260.00,11869.00,259445.69,6585.00,1150
1777324473612,57200.00,11891.00,260000.00,3189.00,575
1777324473650,54850.00,11914.00,260000.00,3306.00,575
1777324473687,55310.00,11949.00,260000.00,3459.00,575
1777324473722,57480.00,11949.00,260000.00,3333.00,575
1777324473759,56720.00,11891.00,260000.00,3306.00,575
1777324473796,56870.00,11891.00,260000.00,3333.00,575
1777324473834,57900.00,11920.00,260000.00,3405.00,575
1777324473870,112970.00,11869.00,259803.39,6468.00,1150
1777324473906,56470.00,11891.00,260000.00,3171.00,575
1777324473943,57030.00,11891.00,260000.00,3333.00,575
1777324473978,56090.00,11920.00,260000.00,3162.00,575
1777324474057,57060.00,11985.00,260000.00,3252.00,575
1777324474081,56400.00,11811.00,260000.00,3324.00,575
1777324474109,55450.00,11840.00,260000.00,3198.00,575
1777324474136,57320.00,11838.00,259651.85,3207.00,575
1777324474187,56460.00,11869.00,260000.00,3369.00,575
1777324474215,55870.00,11869.00,260000.00,3225.00,575
1777324474244,57530.00,11920.00,260000.00,3468.00,575
1777324474274,57510.00,11920.00,260000.00,3216.00,575
1777324474303,55560.00,11920.00,260000.00,3351.00,575
1777324474334,57240.00,11898.00,258519.12,3279.00,575
1777324474384,56350.00,11840.00,260000.00,3252.00,575
1777324474414,56720.00,11811.00,260000.00,3270.00,575
1777324474444,57320.00,11811.00,260000.00,3333.00,575
1777324474473,56960.00,11811.00,260000.00,3306.00,575
1777324474503,55760.00,11811.00,259773.43,3333.00,575
1777324474533,56950.00,11840.00,259244.05,3243.00,575
1777324474585,56090.00,11869.00,260000.00,3180.00,575
1777324474616,55820.00,11869.00,260000.00,3261.00,575
1777324474647,56800.00,11869.00,260000.00,3288.00,575
1777324474676,54930.00,11869.00,260000.00,3369.00,575
1777324474707,56460.00,11869.00,260000.00,3297.00,575
1777324474739,57450.00,11869.00,260000.00,3270.00,575
1777324474769,56140.00,11840.00,260000.00,3198.00,575
1777324474799,57430.00,11869.00,259931.46,3360.00,575
1777324474831,55210.00,11811.00,259814.69,3261.00,575
1777324474861,56190.00,11811.00,259020.78,3261.00,575
1777324474913,56610.00,11869.00,260000.00,3297.00,575
1777324474943,56010.00,11869.00,260000.00,3234.00,575
1777324474973,57060.00,11869.00,260000.00,3324.00,575
1777324475003,55530.00,11949.00,260000.00,3306.00,575
1777324475033,56850.00,11949.00,260000.00,3495.00,575
1777324475063,57270.00,11949.00,259886.96,3369.00,575
1777324475094,57990.00,11949.00,259255.54,3504.00,575
1777324475146,56980.00,11869.00,260000.00,3252.00,575
1777324475178,56800.00,11920.00,260000.00,3315.00,575
1777324475215,56880.00,11920.00,260000.00,3432.00,575
1777324475247,56430.00,11869.00,260000.00,3279.00,575
1777324475278,56870.00,11869.00,260000.00,3414.00,575
1777324475310,56510.00,11869.00,260000.00,3360.00,575
1777324475341,56760.00,11840.00,260000.00,3324.00,575
1777324475373,57310.00,11840.00,260000.00,3324.00,575
1777324475405,57430.00,11811.00,260000.00,3252.00,575
1777324475437,56280.00,11891.00,260000.00,3252.00,575
1777324475471,55470.00,11891.00,260000.00,3324.00,575
1777324475504,55650.00,11891.00,260000.00,3324.00,575
1777324475538,57680.00,11920.00,260000.00,3270.00,575
1777324475570,56010.00,11920.00,260000.00,3333.00,575
1777324475602,56620.00,11920.00,260000.00,3387.00,575
1777324475635,58000.00,11920.00,260000.00,3333.00,575
1777324475666,56910.00,11884.00,260000.00,3342.00,575
1777324475697,55830.00,11900.00,260000.00,3369.00,575
1777324475730,57170.00,11920.00,260000.00,3261.00,575
1777324475762,56720.00,11840.00,260000.00,3279.00,575
1777324475795,55890.00,11862.00,260000.00,3378.00,575
1777324475830,57200.00,11891.00,260000.00,3504.00,575
1777324475865,56710.00,11891.00,260000.00,3288.00,575
1777324475899,56200.00,11920.00,260000.00,3369.00,575
1777324475933,56210.00,11884.00,260000.00,3396.00,575
1777324475967,56550.00,11869.00,260000.00,3378.00,575
1777324476056,55850.00,11920.00,260000.00,3234.00,575
1777324476086,56160.00,11789.00,260000.00,3315.00,575
1777324476113,57840.00,11789.00,260000.00,3315.00,575
1777324476141,55850.00,11789.00,260000.00,3351.00,575
1777324476168,55960.00,11789.00,260000.00,3441.00,575
1777324476194,56220.00,11789.00,258700.26,3360.00,575
1777324476242,56660.00,11789.00,260000.00,3486.00,575
1777324476338,56360.00,11600.00,260000.00,3306.00,575
1777324476389,113570.00,11629.00,259160.12,6585.00,1150
1777324476422,56270.00,11622.00,259145.41,3180.00,575
1777324476453,57040.00,11627.00,258547.45,3270.00,575
1777324476505,57280.00,11629.00,260000.00,3243.00,575
1777324476535,56250.00,11680.00,260000.00,3225.00,575
1777324476565,57110.00,11709.00,260000.00,3369.00,575
1777324476595,56430.00,11709.00,260000.00,3207.00,575
1777324476622,54600.00,11709.00,260000.00,3270.00,575
1777324476649,57840.00,11709.00,258351.59,3306.00,575
1777324476699,56140.00,11652.00,260000.00,3270.00,575
1777324476730,57730.00,11645.00,260000.00,3378.00,575
1777324476761,56860.00,11651.00,260000.00,3315.00,575
1777324476794,57260.00,11651.00,260000.00,3288.00,575
1777324476823,54960.00,11666.00,260000.00,3369.00,575
1777324476853,54700.00,11680.00,259336.07,3198.00,575
1777324476882,56090.00,11671.00,258690.51,3270.00,575
1777324476935,57440.00,11680.00,260000.00,3351.00,575
1777324476966,57230.00,11651.00,260000.00,3324.00,575
1777324476998,56660.00,11651.00,260000.00,3387.00,575
1777324477031,57170.00,11731.00,260000.00,3279.00,575
1777324477066,56790.00,11839.00,260000.00,3369.00,575
1777324477098,56080.00,11840.00,260000.00,3135.00,575
1777324477127,56780.00,11760.00,260000.00,3243.00,575
1777324477155,55730.00,11760.00,260000.00,3333.00,575
1777324477183,56370.00,11760.00,259726.95,3423.00,575
1777324477212,56240.00,11751.00,258631.30,3297.00,575
1777324477267,56840.00,11760.00,260000.00,3369.00,575
1777324477298,59050.00,11760.00,260000.00,3396.00,575
1777324477332,57360.00,11731.00,260000.00,3351.00,575
1777324477364,58250.00,11700.00,260000.00,3297.00,575
1777324477395,54960.00,11709.00,260000.00,3351.00,575
1777324477426,56940.00,11760.00,260000.00,3306.00,575
1777324477458,56380.00,11760.00,260000.00,3378.00,575
1777324477490,55550.00,11760.00,260000.00,3324.00,575
1777324477524,56150.00,11760.00,260000.00,3396.00,575
1777324477553,57390.00,11760.00,260000.00,3279.00,575
1777324477584,57040.00,11760.00,259913.36,3243.00,575
1777324477616,54400.00,11760.00,259680.92,3297.00,575
1777324477647,55980.00,11789.00,259691.39,3234.00,575
1777324477677,58460.00,11789.00,258728.91,3333.00,575
1777324477729,57620.00,11709.00,260000.00,3324.00,575
1777324477761,58770.00,11760.00,260000.00,3252.00,575
1777324477795,54880.00,11789.00,260000.00,3540.00,575
1777324477828,56070.00,11789.00,260000.00,3261.00,575
1777324477861,56780.00,11789.00,260000.00,3315.00,575
1777324477893,57480.00,11731.00,260000.00,3387.00,575
1777324477928,56440.00,11760.00,260000.00,3324.00,575
1777324477966,54660.00,11731.00,260000.00,3387.00,575
1777324478002,56720.00,11760.00,260000.00,3396.00,575
1777324478037,57540.00,11760.00,260000.00,3279.00,575
1777324478109,112270.00,11670.00,260000.00,6549.00,1150
1777324478136,57740.00,11702.00,259327.94,3288.00,575
1777324478164,57790.00,11731.00,258376.76,3522.00,575
1777324478214,55750.00,11680.00,260000.00,3297.00,575
1777324478242,56260.00,11709.00,260000.00,3216.00,575
1777324478269,56700.00,11709.00,260000.00,3369.00,575
1777324478298,56170.00,11709.00,258944.86,3324.00,575
1777324478327,57080.00,11760.00,258408.99,3315.00,575
1777324478377,57660.00,11680.00,260000.00,3396.00,575
1777324478406,56750.00,11680.00,260000.00,3306.00,575
1777324478435,56550.00,11722.00,259888.84,3270.00,575
1777324478464,57190.00,11731.00,258933.70,3234.00,575
1777324478514,56560.00,11709.00,260000.00,3333.00,575
1777324478544,57220.00,11760.00,260000.00,3216.00,575
1777324478573,56020.00,11760.00,260000.00,3405.00,575
1777324478602,56910.00,11738.00,260000.00,3207.00,575
1777324478632,57730.00,11709.00,259374.08,3396.00,575
1777324478683,57950.00,11680.00,260000.00,3243.00,575
1777324478713,56000.00,11680.00,260000.00,3270.00,575
1777324478744,56940.00,11703.00,260000.00,3252.00,575
1777324478775,56960.00,11709.00,260000.00,3360.00,575
1777324478805,56660.00,11760.00,260000.00,3342.00,575
1777324478836,56970.00,11760.00,260000.00,3162.00,575
1777324478867,57480.00,11760.00,259999.87,3207.00,575
1777324478898,56500.00,11738.00,259801.98,3297.00,575
1777324478929,57820.00,11709.00,258871.61,3288.00,575
1777324478959,58290.00,11709.00,258926.29,3207.00,575
1777324479011,56560.00,11680.00,260000.00,3351.00,575
1777324479042,56850.00,11760.00,260000.00,3405.00,575
1777324479072,56820.00,11789.00,260000.00,3333.00,575
1777324479103,56450.00,11789.00,260000.00,3225.00,575
1777324479134,55140.00,11795.00,260000.00,3351.00,575
1777324479165,57400.00,11760.00,260000.00,3216.00,575
1777324479195,58100.00,11840.00,260000.00,3261.00,575
1777324479226,55560.00,11840.00,259204.03,3324.00,575
1777324479277,55730.00,11760.00,260000.00,3234.00,575
1777324479308,57180.00,11731.00,260000.00,3324.00,575
1777324479339,57070.00,11731.00,260000.00,3252.00,575
1777324479371,57400.00,11731.00,260000.00,3234.00,575
1777324479401,57210.00,11760.00,260000.00,3387.00,575
1777324479433,56520.00,11760.00,260000.00,3225.00,575
1777324479465,55780.00,11789.00,260000.00,3315.00,575
1777324479498,55610.00,11789.00,260000.00,3297.00,575
1777324479529,56530.00,11789.00,260000.00,3351.00,575
1777324479562,56660.00,11789.00,260000.00,3270.00,575
1777324479594,57410.00,11840.00,259951.89,3333.00,575
1777324479626,54930.00,11840.00,259395.38,3306.00,575
1777324479659,56410.00,11813.00,259407.19,3486.00,575
1777324479691,56100.00,11790.00,259465.11,3180.00,575
1777324479745,56650.00,11760.00,260000.00,3270.00,575
1777324479779,56450.00,11789.00,260000.00,3405.00,575
1777324479812,56520.00,11760.00,260000.00,3423.00,575
1777324479844,56860.00,11748.00,260000.00,3396.00,575
1777324479876,56080.00,11680.00,260000.00,3270.00,575
1777324479909,57330.00,11731.00,260000.00,3423.00,575
1777324479942,56200.00,11731.00,260000.00,3459.00,575
1777324479975,57590.00,11760.00,260000.00,3288.00,575
1777324480009,55380.00,11759.00,260000.00,3378.00,575
1777324480043,56600.00,11760.00,260000.00,3387.00,575
1777324480076,57660.00,11736.00,260000.00,3315.00,575
1777324480109,56830.00,11709.00,260000.00,3351.00,575
1777324480141,56780.00,11760.00,260000.00,3243.00,575
1777324480175,56020.00,11731.00,260000.00,3360.00,575
1777324480209,57180.00,11731.00,260000.00,3306.00,575
1777324480265,57900.00,11731.00,260000.00,3297.00,575
1777324480298,58030.00,11651.00,260000.00,3324.00,575
1777324480336,112490.00,11680.00,260000.00,6801.00,1150
1777324480374,56930.00,11781.00,260000.00,3270.00,575
1777324480410,55800.00,11789.00,260000.00,3306.00,575
1777324480448,58330.00,11760.00,260000.00,3342.00,575
1777324480509,57060.00,11608.00,260000.00,3378.00,575
1777324480534,56800.00,11651.00,260000.00,3360.00,575
1777324480560,55840.00,11680.00,260000.00,3279.00,575
1777324480587,56380.00,11621.00,259889.00,3144.00,575
1777324480635,56680.00,11680.00,260000.00,3378.00,575
1777324480663,56260.00,11680.00,260000.00,3378.00,575
1777324480690,56940.00,11680.00,260000.00,3315.00,575
1777324480719,56230.00,11651.00,259448.78,3288.00,575
1777324480767,55740.00,11709.00,260000.00,3360.00,575
1777324480795,56510.00,11722.00,260000.00,3360.00,575
1777324480823,56240.00,11709.00,260000.00,3288.00,575
1777324480851,56600.00,11709.00,259059.49,3279.00,575
1777324480901,56130.00,11680.00,260000.00,3135.00,575
1777324480929,56650.00,11651.00,260000.00,3414.00,575
1777324480958,53820.00,11651.00,260000.00,3306.00,575
1777324480986,57770.00,11651.00,260000.00,3306.00,575
1777324481015,57390.00,11731.00,258834.77,3342.00,575
1777324481065,55620.00,11840.00,260000.00,3423.00,575
1777324481094,55340.00,11798.00,260000.00,3351.00,575
1777324481124,55910.00,11789.00,260000.00,3360.00,575
1777324481153,57130.00,11789.00,260000.00,3288.00,575
1777324481182,56660.00,11789.00,259266.26,3423.00,575
1777324481233,57110.00,11760.00,260000.00,3324.00,575
1777324481263,55150.00,11840.00,260000.00,3369.00,575
1777324481293,55620.00,11920.00,260000.00,3306.00,575
1777324481322,56730.00,11949.00,260000.00,3261.00,575
1777324481351,56620.00,11969.00,260000.00,3333.00,575
1777324481382,56350.00,12000.00,259496.33,3270.00,575
1777324481413,57960.00,11978.00,259017.75,3378.00,575
1777324481464,55780.00,11896.00,260000.00,3252.00,575
1777324481517,57300.00,11891.00,260000.00,3306.00,575
1777324481546,56850.00,11874.00,260000.00,3306.00,575
1777324481575,56290.00,11886.00,260000.00,3333.00,575
1777324481606,56800.00,11893.00,260000.00,3207.00,575
1777324481638,55960.00,11869.00,260000.00,3297.00,575
1777324481682,57390.00,11869.00,260000.00,3315.00,575
1777324481715,113690.00,11853.00,258896.31,6747.00,1150
1777324481749,56510.00,11949.00,259313.80,3342.00,575
1777324481780,57360.00,11949.00,259311.53,3288.00,575
1777324481833,56160.00,11920.00,260000.00,3306.00,575
1777324481866,54480.00,11873.00,260000.00,3297.00,575
1777324481898,57390.00,11869.00,260000.00,3144.00,575
1777324481931,56550.00,11920.00,260000.00,3261.00,575
1777324481962,56450.00,11949.00,260000.00,3333.00,575
1777324481995,57930.00,11949.00,260000.00,3216.00,575
1777324482030,56060.00,11949.00,260000.00,3279.00,575
1777324482063,56720.00,11920.00,260000.00,3333.00,575
1777324482097,55350.00,11891.00,260000.00,3378.00,575
1777324482132,55790.00,11891.00,260000.00,3288.00,575
1777324482166,56100.00,11920.00,260000.00,3306.00,575
1777324482199,55740.00,11869.00,260000.00,3369.00,575
1777324482233,57070.00,11869.00,260000.00,3288.00,575
1777324482269,55480.00,11920.00,260000.00,3405.00,575
1777324482305,55600.00,11949.00,260000.00,3243.00,575
1777324482338,56680.00,11920.00,260000.00,3378.00,575
1777324482374,55960.00,11891.00,259335.61,3297.00,575
1777324482407,113520.00,11899.00,259221.63,6621.00,1150
1777324482463,56060.00,11920.00,260000.00,3306.00,575
1777324482494,56540.00,11920.00,260000.00,3306.00,575
1777324482529,56180.00,11891.00,260000.00,3297.00,575
1777324482563,55400.00,11920.00,260000.00,3270.00,575
1777324482596,56790.00,11905.00,260000.00,3423.00,575
1777324482628,56870.00,11906.00,260000.00,3315.00,575
1777324482660,57190.00,11892.00,260000.00,3270.00,575
1777324482692,56440.00,11840.00,260000.00,3243.00,575
1777324482726,55080.00,11891.00,260000.00,3351.00,575
1777324482756,57440.00,11920.00,260000.00,3333.00,575
1777324482788,58360.00,11891.00,260000.00,3288.00,575
1777324482819,55260.00,11891.00,260000.00,3180.00,575
1777324482851,56310.00,11891.00,260000.00,3369.00,575
1777324482926,55630.00,11869.00,260000.00,3297.00,575
1777324482953,58420.00,11869.00,260000.00,3225.00,575
1777324482982,56140.00,11869.00,259358.96,3270.00,575
1777324483032,56910.00,11840.00,260000.00,3324.00,575
1777324483061,56900.00,11920.00,260000.00,3279.00,575
1777324483089,56270.00,11971.00,260000.00,3315.00,575
1777324483115,56560.00,11923.00,259461.23,3306.00,575
1777324483165,56210.00,11869.00,260000.00,3324.00,575
1777324483195,54980.00,11869.00,260000.00,3432.00,575
1777324483225,56730.00,11869.00,260000.00,3387.00,575
1777324483253,57480.00,11869.00,260000.00,3288.00,575
1777324483279,56280.00,11869.00,259159.10,3306.00,575
1777324483328,56830.00,11840.00,260000.00,3351.00,575
1777324483355,55630.00,11811.00,260000.00,3288.00,575
1777324483385,56250.00,11891.00,259572.01,3378.00,575
1777324483416,56110.00,11872.00,259975.25,3306.00,575
1777324483449,57480.00,11840.00,259939.30,3198.00,575
1777324483479,56590.00,11840.00,259127.64,3297.00,575
1777324483530,54710.00,11869.00,260000.00,3225.00,575
1777324483559,57950.00,11811.00,260000.00,3261.00,575
1777324483589,58130.00,11840.00,260000.00,3207.00,575
1777324483619,56660.00,11838.00,260000.00,3387.00,575
1777324483650,56970.00,11869.00,260000.00,3288.00,575
1777324483682,55240.00,11891.00,259860.34,3333.00,575
1777324483713,56020.00,11891.00,258983.87,3477.00,575
1777324483745,58510.00,11891.00,259463.35,3459.00,575
1777324483776,55620.00,11891.00,259021.68,3369.00,575
1777324483829,56490.00,11869.00,260000.00,3288.00,575
1777324483861,56730.00,11869.00,260000.00,3297.00,575
1777324483893,56920.00,11811.00,260000.00,3261.00,575
1777324483926,56420.00,11811.00,260000.00,3351.00,575
1777324483958,57160.00,11811.00,260000.00,3315.00,575
1777324483987,56680.00,11811.00,260000.00,3270.00,575
1777324484019,56750.00,11891.00,260000.00,3261.00,575
1777324484051,57180.00,11891.00,260000.00,3225.00,575
1777324484082,55960.00,11870.00,260000.00,3297.00,575
1777324484114,57140.00,11874.00,260000.00,3297.00,575
1777324484145,55370.00,11884.00,260000.00,3144.00,575
1777324484175,57470.00,11886.00,259488.74,3189.00,575
1777324484206,57520.00,11894.00,259196.71,3279.00,575
1777324484260,57500.00,11840.00,260000.00,3396.00,575
1777324484292,56640.00,11840.00,260000.00,3378.00,575
1777324484323,56910.00,11869.00,260000.00,3333.00,575
1777324484356,56100.00,11869.00,260000.00,3459.00,575
1777324484389,55470.00,11869.00,260000.00,3351.00,575
1777324484421,56640.00,11869.00,260000.00,3270.00,575
1777324484454,56820.00,11869.00,260000.00,3261.00,575
1777324484488,58840.00,11869.00,260000.00,3297.00,575
1777324484520,56820.00,11869.00,260000.00,3306.00,575
1777324484553,56720.00,11811.00,260000.00,3189.00,575
1777324484586,55720.00,11811.00,260000.00,3279.00,575
1777324484620,56080.00,11811.00,260000.00,3297.00,575
1777324484653,57660.00,11811.00,260000.00,3396.00,575
1777324484687,57280.00,11840.00,260000.00,3423.00,575
1777324484720,57280.00,11869.00,260000.00,3234.00,575
1777324484752,56690.00,11920.00,260000.00,3360.00,575
1777324484785,57520.00,11920.00,260000.00,3315.00,575
1777324484819,55200.00,11920.00,260000.00,3270.00,575
1777324484852,55690.00,11949.00,260000.00,3315.00,575
1777324484886,56010.00,11920.00,260000.00,3225.00,575
1777324484921,56190.00,11891.00,260000.00,3324.00,575
1777324484956,56380.00,11891.00,260000.00,3387.00,575
1777324484993,57230.00,11869.00,260000.00,3387.00,575
1777324485028,56690.00,11869.00,260000.00,3306.00,575
1777324485063,57260.00,11869.00,260000.00,3279.00,575
1777324485099,57320.00,11811.00,260000.00,3315.00,575
1777324485134,55350.00,11811.00,259470.94,3261.00,575
1777324485233,113490.00,11869.00,260000.00,6702.00,1150
1777324485263,57510.00,11840.00,260000.00,3945.00,575
1777324485291,55750.00,11869.00,260000.00,4035.00,575
1777324485320,54790.00,11869.00,260000.00,4089.00,575
1777324485349,58600.00,11828.00,260000.00,3828.00,575
1777324485379,53940.00,11840.00,260000.00,3261.00,575
1777324485408,55720.00,11840.00,259441.61,3279.00,575
1777324485458,57980.00,11797.00,260000.00,3306.00,575
1777324485488,56260.00,11840.00,260000.00,3252.00,575
1777324485518,56440.00,11840.00,260000.00,3315.00,575
1777324485549,56000.00,11840.00,260000.00,3270.00,575
1777324485580,56040.00,11873.00,260000.00,3522.00,575
1777324485611,58030.00,11847.00,260000.00,3396.00,575
1777324485641,56340.00,11891.00,259208.70,3261.00,575
1777324485693,57040.00,11840.00,260000.00,3297.00,575
1777324485723,57420.00,11811.00,260000.00,3288.00,575
1777324485754,56660.00,11811.00,260000.00,3297.00,575
1777324485785,55490.00,11811.00,260000.00,3216.00,575
1777324485815,57060.00,11811.00,260000.00,3432.00,575
1777324485847,57140.00,11811.00,260000.00,3288.00,575
1777324485877,57230.00,11811.00,260000.00,3315.00,575
1777324485908,54880.00,11891.00,259622.42,3369.00,575
1777324485937,56190.00,11891.00,258935.38,3369.00,575
1777324485989,56550.00,11869.00,260000.00,3396.00,575
1777324486021,55360.00,11840.00,260000.00,3360.00,575
1777324486053,56480.00,11811.00,260000.00,3360.00,575
1777324486086,54940.00,11811.00,260000.00,3216.00,575
1777324486118,56540.00,11811.00,260000.00,3351.00,575
1777324486150,56250.00,11811.00,260000.00,3333.00,575
1777324486184,57980.00,11811.00,260000.00,3405.00,575
1777324486217,56660.00,11840.00,260000.00,3243.00,575
1777324486250,57300.00,11869.00,260000.00,3324.00,575
1777324486283,56920.00,11869.00,260000.00,3315.00,575
1777324486317,55250.00,11869.00,260000.00,3324.00,575
1777324486349,58320.00,11869.00,260000.00,3468.00,575
1777324486384,58720.00,11869.00,260000.00,3279.00,575
1777324486418,57310.00,11811.00,260000.00,3324.00,575
1777324486451,56510.00,11811.00,260000.00,3486.00,575
1777324486485,57320.00,11860.00,260000.00,3414.00,575
1777324486519,56800.00,11911.00,260000.00,3360.00,575
1777324486552,56710.00,11920.00,260000.00,3396.00,575
1777324486587,56700.00,11920.00,260000.00,3360.00,575
1777324486621,56620.00,11880.00,260000.00,3342.00,575
1777324486654,55970.00,11852.00,260000.00,3342.00,575
1777324486689,56910.00,11891.00,260000.00,3378.00,575
1777324486723,55600.00,11891.00,260000.00,3306.00,575
1777324486756,56160.00,11840.00,260000.00,3180.00,575
1777324486790,55480.00,11840.00,260000.00,3297.00,575
1777324486823,57110.00,11840.00,260000.00,3207.00,575
1777324486857,56030.00,11869.00,260000.00,3288.00,575
1777324486891,55820.00,11869.00,260000.00,3270.00,575
1777324486925,55440.00,11811.00,260000.00,3234.00,575
1777324486961,57280.00,11811.00,260000.00,3342.00,575
1777324486998,57790.00,11831.00,260000.00,3315.00,575
1777324487034,112610.00,11840.00,259827.06,6657.00,1150
1777324487070,56040.00,11949.00,260000.00,3315.00,575
1777324487105,55190.00,11920.00,260000.00,3342.00,575
1777324487140,57060.00,11891.00,260000.00,3369.00,575
1777324487175,55080.00,11891.00,260000.00,3198.00,575
1777324487211,56440.00,11920.00,260000.00,3306.00,575
1777324487245,56480.00,11920.00,260000.00,3306.00,575
1777324487280,56690.00,11920.00,260000.00,3378.00,575
1777324487315,56760.00,11891.00,260000.00,3387.00,575
1777324487352,56830.00,11891.00,260000.00,3261.00,575
1777324487389,55490.00,11920.00,260000.00,3342.00,575
1777324487468,57340.00,11731.00,260000.00,3270.00,575
1777324487498,58340.00,11731.00,260000.00,3279.00,575
1777324487527,55570.00,11731.00,260000.00,3396.00,575
1777324487557,56530.00,11731.00,260000.00,3315.00,575
1777324487587,56410.00,11731.00,260000.00,3279.00,575
1777324487617,55410.00,11731.00,260000.00,3333.00,575
1777324487649,57240.00,11731.00,260000.00,3324.00,575
1777324487682,56840.00,11760.00,260000.00,3324.00,575
1777324487712,57240.00,11789.00,260000.00,3288.00,575
1777324487744,56380.00,11789.00,260000.00,3432.00,575
1777324487775,56390.00,11789.00,258966.18,3360.00,575
1777324487806,55710.00,11789.00,258997.66,3126.00,575
1777324487859,56860.00,11760.00,260000.00,3315.00,575
1777324487892,56820.00,11760.00,260000.00,3288.00,575
1777324487924,56730.00,11840.00,260000.00,3279.00,575
1777324487955,56230.00,11840.00,260000.00,3378.00,575
1777324487986,56310.00,11840.00,260000.00,3324.00,575
1777324488018,57520.00,11840.00,260000.00,3324.00,575
1777324488048,55890.00,11869.00,260000.00,3306.00,575
1777324488079,55340.00,11869.00,260000.00,3342.00,575
1777324488112,55100.00,11869.00,260000.00,3342.00,575
1777324488145,57280.00,11869.00,260000.00,3396.00,575
1777324488177,56130.00,11886.00,260000.00,3171.00,575
1777324488208,57760.00,11869.00,259844.08,3423.00,575
1777324488243,55890.00,11871.00,260000.00,3297.00,575
1777324488283,55240.00,11811.00,260000.00,3252.00,575
1777324488315,55410.00,11811.00,260000.00,3414.00,575
1777324488348,56230.00,11869.00,260000.00,3306.00,575
1777324488379,56100.00,11869.00,260000.00,3306.00,575
1777324488412,57970.00,11869.00,260000.00,3360.00,575
1777324488446,56980.00,11869.00,260000.00,3171.00,575
1777324488479,55310.00,11869.00,260000.00,3342.00,575
1777324488511,56620.00,11869.00,260000.00,3450.00,575
1777324488547,57020.00,11840.00,260000.00,3405.00,575
1777324488578,55930.00,11840.00,260000.00,3279.00,575
1777324488611,56790.00,11846.00,260000.00,3261.00,575
1777324488644,55740.00,11840.00,260000.00,3333.00,575
1777324488677,56500.00,11869.00,260000.00,3270.00,575
1777324488710,57030.00,11869.00,260000.00,3342.00,575
1777324488742,57920.00,11869.00,260000.00,3387.00,575
1777324488776,55790.00,11869.00,260000.00,3333.00,575
1777324488809,57800.00,11869.00,260000.00,3423.00,575
1777324488843,56790.00,11883.00,260000.00,3324.00,575
1777324488877,57720.00,11886.00,260000.00,3270.00,575
1777324488911,56020.00,11840.00,260000.00,3234.00,575
1777324488945,56710.00,11840.00,260000.00,3288.00,575
1777324488978,56330.00,11869.00,260000.00,3450.00,575
1777324489012,56440.00,11869.00,260000.00,3369.00,575
1777324489044,56850.00,11869.00,260000.00,3261.00,575
1777324489085,56760.00,11869.00,260000.00,3414.00,575
1777324489115,56420.00,11811.00,260000.00,3288.00,575
1777324489150,57910.00,11811.00,260000.00,3243.00,575
1777324489184,56350.00,11811.00,260000.00,3351.00,575
1777324489221,56720.00,11836.00,260000.00,4008.00,575
1777324489256,56890.00,11840.00,260000.00,3909.00,575
1777324489313,56400.00,11869.00,260000.00,3936.00,575
1777324489347,112520.00,11789.00,260000.00,8133.00,1150
1777324489383,56340.00,11869.00,260000.00,3999.00,575
1777324489418,55730.00,11811.00,260000.00,4107.00,575
1777324489460,57250.00,11811.00,260000.00,3954.00,575
1777324489493,57090.00,11840.00,260000.00,3945.00,575
1777324489525,55020.00,11840.00,260000.00,4053.00,575
1777324489561,55870.00,11869.00,260000.00,4044.00,575
1777324489605,115080.00,11760.00,260000.00,7836.00,1150
1777324489645,57060.00,11811.00,260000.00,3972.00,575
1777324489683,56920.00,11869.00,260000.00,4008.00,575
1777324489719,54800.00,11840.00,260000.00,4161.00,575
1777324489755,57360.00,11811.00,260000.00,3927.00,575
1777324489793,55310.00,11811.00,260000.00,4035.00,575
1777324489830,55810.00,11840.00,260000.00,4017.00,575
1777324489868,57300.00,11808.00,260000.00,3990.00,575
1777324489906,110860.00,11760.00,260000.00,6603.00,1150
1777324489944,55990.00,11833.00,260000.00,3351.00,575
1777324489980,57510.00,11869.00,260000.00,3324.00,575
1777324490025,56600.00,11811.00,260000.00,3270.00,575
1777324490063,56790.00,11840.00,260000.00,3387.00,575
1777324490101,112110.00,11869.00,260000.00,6531.00,1150
1777324490212,112380.00,11782.00,260000.00,6477.00,1150
1777324490314,11870.00,11709.00,260000.00,2265.00,0
1777324490446,24000.00,11638.00,260000.00,4530.00,0
1777324490478,24010.00,11549.00,260000.00,4530.00,0
1777324490508,11930.00,11629.00,260000.00,2265.00,0
1777324490536,11930.00,11629.00,260000.00,2265.00,0
1777324490565,11810.00,11629.00,259992.91,2265.00,0
1777324490595,11940.00,11629.00,259941.73,2265.00,0
1777324490644,11810.00,11600.00,260000.00,2265.00,0
1777324490671,11860.00,11587.00,260000.00,2265.00,0
1777324490699,11970.00,11661.00,260000.00,2265.00,0
1777324490727,12040.00,11709.00,259394.58,2265.00,0
1777324490776,11970.00,11629.00,260000.00,2265.00,0
1777324490804,12230.00,11629.00,260000.00,2265.00,0
1777324490832,56940.00,11629.00,260000.00,3288.00,575
1777324490860,56250.00,11629.00,259695.29,3288.00,575
1777324490888,57290.00,11600.00,258355.08,3288.00,575
1777324490937,55290.00,11629.00,260000.00,3198.00,575
1777324490966,56490.00,11629.00,260000.00,3216.00,575
1777324490996,56810.00,11680.00,260000.00,3333.00,575
1777324491026,56220.00,11709.00,259275.79,3360.00,575
1777324491057,56150.00,11709.00,259012.76,3252.00,575
1777324491107,56750.00,11629.00,260000.00,3297.00,575
1777324491137,56470.00,11629.00,260000.00,3423.00,575
1777324491168,57690.00,11629.00,260000.00,3216.00,575
1777324491198,54190.00,11629.00,260000.00,3243.00,575
1777324491227,55760.00,11632.00,260000.00,3351.00,575
1777324491257,56960.00,11680.00,259592.75,3306.00,575
1777324491308,54560.00,11600.00,260000.00,3333.00,575
1777324491337,56550.00,11571.00,260000.00,3378.00,575
1777324491367,56900.00,11571.00,260000.00,3225.00,575
1777324491397,56380.00,11600.00,260000.00,3270.00,575
1777324491426,57160.00,11617.00,260000.00,3342.00,575
1777324491456,56200.00,11651.00,259175.35,3243.00,575
1777324491507,55690.00,11629.00,260000.00,3315.00,575
1777324491537,56890.00,11629.00,260000.00,3288.00,575
1777324491568,57160.00,11629.00,260000.00,3252.00,575
1777324491599,57140.00,11678.00,260000.00,3243.00,575
1777324491629,56770.00,11680.00,260000.00,3270.00,575
1777324491663,57820.00,11680.00,260000.00,3360.00,575
1777324491695,57780.00,11651.00,260000.00,3333.00,575
1777324491727,56090.00,11651.00,260000.00,3342.00,575
1777324491759,57570.00,11651.00,260000.00,3225.00,575
1777324491791,56090.00,11651.00,260000.00,3378.00,575
1777324491823,57640.00,11651.00,260000.00,3351.00,575
1777324491855,57940.00,11680.00,259950.84,3306.00,575
1777324491887,56750.00,11680.00,259705.26,3495.00,575
1777324491919,56910.00,11709.00,259442.46,3288.00,575
1777324491951,56590.00,11709.00,259118.11,3342.00,575
1777324492004,57060.00,11680.00,260000.00,3351.00,575
1777324492035,57950.00,11680.00,260000.00,3297.00,575
1777324492067,56510.00,11600.00,260000.00,3315.00,575
1777324492100,56120.00,11629.00,260000.00,3342.00,575
1777324492133,56410.00,11629.00,260000.00,3315.00,575
1777324492164,55600.00,11629.00,260000.00,3387.00,575
1777324492197,57500.00,11629.00,260000.00,3315.00,575
1777324492230,56410.00,11629.00,260000.00,3396.00,575
1777324492262,55590.00,11600.00,260000.00,3252.00,575
1777324492295,57520.00,11600.00,260000.00,3342.00,575
1777324492327,56140.00,11618.00,260000.00,3297.00,575
1777324492364,55670.00,11647.00,260000.00,3324.00,575
1777324492395,58150.00,11680.00,260000.00,3441.00,575
1777324492426,56840.00,11709.00,260000.00,3279.00,575
1777324492457,56730.00,11789.00,260000.00,3333.00,575
1777324492489,56240.00,11789.00,260000.00,3279.00,575
1777324492522,56330.00,11789.00,260000.00,3360.00,575
1777324492556,56250.00,11789.00,260000.00,3378.00,575
1777324492588,55200.00,11789.00,260000.00,3324.00,575
1777324492621,56550.00,11789.00,260000.00,3441.00,575
1777324492654,56690.00,11731.00,260000.00,3351.00,575
1777324492688,57020.00,11731.00,260000.00,3342.00,575
1777324492721,56410.00,11731.00,260000.00,3198.00,575
1777324492755,58170.00,11731.00,260000.00,3315.00,575
1777324492789,56630.00,11726.00,260000.00,3297.00,575
1777324492823,55200.00,11709.00,260000.00,3396.00,575
1777324492860,55230.00,11760.00,260000.00,3189.00,575
1777324492893,55420.00,11760.00,260000.00,3432.00,575
1777324492929,56220.00,11731.00,260000.00,3369.00,575
1777324492964,56830.00,11731.00,260000.00,3405.00,575
1777324493002,56120.00,11731.00,260000.00,3270.00,575
1777324493038,56110.00,11709.00,260000.00,3288.00,575
1777324493074,56680.00,11709.00,260000.00,3225.00,575
1777324493171,113600.00,11651.00,259560.94,6513.00,1150
1777324493197,56560.00,11544.00,260000.00,3378.00,575
1777324493226,57010.00,11571.00,260000.00,3315.00,575
1777324493253,55700.00,11604.00,260000.00,3297.00,575
1777324493281,55930.00,11651.00,258966.35,3360.00,575
1777324493330,57680.00,11629.00,260000.00,3198.00,575
1777324493358,56020.00,11629.00,260000.00,3351.00,575
1777324493387,56790.00,11657.00,260000.00,3459.00,575
1777324493415,55840.00,11680.00,259492.50,3351.00,575
1777324493465,55420.00,11600.00,260000.00,3279.00,575
1777324493494,56690.00,11571.00,260000.00,3270.00,575
1777324493523,56500.00,11600.00,260000.00,3315.00,575
1777324493552,56230.00,11651.00,260000.00,3342.00,575
1777324493582,56440.00,11651.00,259122.21,3342.00,575
1777324493632,56620.00,11629.00,260000.00,3288.00,575
1777324493661,56380.00,11629.00,260000.00,3162.00,575
1777324493691,55740.00,11629.00,260000.00,3441.00,575
1777324493720,56870.00,11630.00,260000.00,3234.00,575
1777324493749,57400.00,11680.00,259841.80,3234.00,575
1777324493779,57440.00,11680.00,258951.69,3297.00,575
1777324493831,56360.00,11629.00,260000.00,3225.00,575
1777324493862,56510.00,11601.00,260000.00,3180.00,575
1777324493892,57320.00,11629.00,260000.00,3234.00,575
1777324493922,55600.00,11629.00,260000.00,3234.00,575
1777324493952,56460.00,11680.00,260000.00,3378.00,575
1777324493983,57420.00,11680.00,260000.00,3306.00,575
1777324494012,57180.00,11680.00,259866.55,3297.00,575
1777324494060,56710.00,11629.00,260000.00,3432.00,575
1777324494088,55690.00,11651.00,260000.00,3333.00,575
1777324494118,56280.00,11679.00,260000.00,3342.00,575
1777324494148,57080.00,11709.00,260000.00,3351.00,575
1777324494179,55800.00,11709.00,259603.83,3324.00,575
1777324494232,55930.00,11680.00,260000.00,3360.00,575
1777324494264,56930.00,11680.00,260000.00,3333.00,575
1777324494295,56880.00,11680.00,260000.00,3297.00,575
1777324494325,57520.00,11712.00,260000.00,3225.00,575
1777324494356,56760.00,11760.00,260000.00,3297.00,575
1777324494387,55190.00,11680.00,260000.00,3306.00,575
1777324494420,56840.00,11709.00,260000.00,3243.00,575
1777324494450,57080.00,11680.00,260000.00,3333.00,575
1777324494483,57570.00,11686.00,260000.00,3342.00,575
1777324494514,57570.00,11627.00,260000.00,3414.00,575
1777324494544,56910.00,11651.00,259196.68,3351.00,575
1777324494597,57160.00,11709.00,260000.00,3378.00,575
1777324494626,56620.00,11658.00,260000.00,3333.00,575
1777324494656,56220.00,11674.00,260000.00,3324.00,575
1777324494688,56560.00,11680.00,260000.00,3261.00,575
1777324494720,57960.00,11709.00,260000.00,3207.00,575
1777324494751,58330.00,11680.00,260000.00,3333.00,575
1777324494784,56250.00,11680.00,260000.00,3306.00,575
1777324494817,55860.00,11651.00,260000.00,3441.00,575
1777324494850,56820.00,11680.00,260000.00,3261.00,575
1777324494881,55190.00,11680.00,260000.00,3477.00,575
1777324494913,57260.00,11731.00,260000.00,3405.00,575
1777324494946,56690.00,11680.00,260000.00,3297.00,575
1777324494981,57020.00,11680.00,260000.00,3288.00,575
1777324495016,56300.00,11709.00,260000.00,3405.00,575
1777324495051,57200.00,11709.00,260000.00,3297.00,575
1777324495083,57060.00,11680.00,260000.00,3432.00,575
1777324495117,55870.00,11731.00,260000.00,3324.00,575
1777324495151,57260.00,11811.00,260000.00,3405.00,575
1777324495184,57250.00,11891.00,260000.00,3333.00,575
1777324495219,56360.00,11898.00,260000.00,3261.00,575
1777324495255,57040.00,11876.00,260000.00,3270.00,575
1777324495290,56530.00,11840.00,260000.00,3387.00,575
1777324495327,55100.00,11889.00,260000.00,3351.00,575
1777324495363,56490.00,11891.00,260000.00,3216.00,575
1777324495397,58310.00,12000.00,260000.00,3405.00,575
1777324495431,55390.00,12080.00,260000.00,3360.00,575
1777324495467,55740.00,12026.00,260000.00,3270.00,575
1777324495502,57360.00,11946.00,260000.00,3369.00,575
1777324495536,57720.00,11891.00,260000.00,3225.00,575
1777324495570,56970.00,11891.00,260000.00,3450.00,575
1777324495608,114010.00,11892.00,260000.00,6531.00,1150
1777324495643,55850.00,12000.00,260000.00,3243.00,575
1777324495680,57320.00,12013.00,260000.00,3306.00,575
1777324495717,55080.00,11920.00,260000.00,3297.00,575
1777324495802,55390.00,11840.00,260000.00,3351.00,575
1777324495829,58020.00,11811.00,260000.00,3333.00,575
1777324495859,56620.00,11812.00,260000.00,3369.00,575
1777324495888,55520.00,11847.00,259709.24,3306.00,575
1777324495918,57140.00,11869.00,258854.96,3189.00,575
1777324495968,56790.00,11840.00,260000.00,3351.00,575
1777324495997,56290.00,11840.00,260000.00,3297.00,575
1777324496028,56730.00,11840.00,260000.00,3414.00,575
1777324496057,55870.00,11840.00,260000.00,3333.00,575
1777324496087,55120.00,11840.00,259392.22,3324.00,575
1777324496138,56600.00,11840.00,260000.00,3387.00,575
1777324496169,56160.00,11811.00,260000.00,3324.00,575
1777324496200,55640.00,11811.00,260000.00,3288.00,575
1777324496229,56010.00,11811.00,260000.00,3198.00,575
1777324496259,56600.00,11811.00,260000.00,3387.00,575
1777324496289,57360.00,11840.00,260000.00,3333.00,575
1777324496319,56640.00,11847.00,259662.07,3225.00,575
1777324496350,55840.00,11840.00,259276.50,3360.00,575
1777324496403,56500.00,11840.00,260000.00,3306.00,575
1777324496433,56330.00,11811.00,260000.00,3270.00,575
1777324496464,55490.00,11811.00,260000.00,3378.00,575
1777324496495,57830.00,11811.00,260000.00,3279.00,575
1777324496525,57280.00,11811.00,260000.00,3306.00,575
1777324496555,57440.00,11811.00,260000.00,3423.00,575
1777324496586,55360.00,11811.00,260000.00,3261.00,575
1777324496617,56040.00,11811.00,259496.74,3243.00,575
1777324496650,56640.00,11840.00,259531.25,3351.00,575
1777324496682,57610.00,11840.00,259230.71,3405.00,575
1777324496715,56120.00,11869.00,259158.87,3351.00,575
1777324496768,57520.00,11840.00,260000.00,3279.00,575
1777324496799,55590.00,11811.00,260000.00,3288.00,575
1777324496832,55810.00,11811.00,260000.00,3342.00,575
1777324496864,56710.00,11840.00,260000.00,3288.00,575
1777324496896,56440.00,11840.00,260000.00,3333.00,575
1777324496928,57110.00,11840.00,260000.00,3270.00,575
1777324496960,56650.00,11840.00,260000.00,3324.00,575
1777324496993,56020.00,11840.00,260000.00,3396.00,575
1777324497026,56380.00,11869.00,260000.00,3243.00,575
1777324497058,56360.00,11869.00,260000.00,3288.00,575
1777324497091,57660.00,11869.00,260000.00,3297.00,575
1777324497123,57510.00,11811.00,260000.00,3315.00,575
1777324497157,56380.00,11811.00,260000.00,3360.00,575
1777324497193,56920.00,11811.00,260000.00,3279.00,575
1777324497228,57680.00,11840.00,260000.00,3252.00,575
1777324497262,58390.00,11869.00,260000.00,3261.00,575
1777324497294,56340.00,11869.00,260000.00,3342.00,575
1777324497330,57540.00,11869.00,260000.00,3360.00,575
1777324497366,57620.00,11840.00,260000.00,3216.00,575
1777324497400,56520.00,11811.00,260000.00,3270.00,575
1777324497436,56980.00,11840.00,260000.00,3288.00,575
1777324497471,58600.00,11826.00,260000.00,3324.00,575
1777324497506,56790.00,11789.00,260000.00,3414.00,575
1777324497541,56010.00,11789.00,260000.00,3396.00,575
1777324497576,57060.00,11769.00,260000.00,3450.00,575
1777324497611,56910.00,11731.00,260000.00,3315.00,575
1777324497649,112270.00,11789.00,259948.81,6459.00,1150
1777324497685,55910.00,11869.00,260000.00,3216.00,575
1777324497720,58070.00,11869.00,260000.00,3270.00,575
1777324497756,57720.00,11811.00,260000.00,3324.00,575
1777324497791,56650.00,11811.00,260000.00,3315.00,575
1777324497830,58420.00,11811.00,260000.00,3261.00,575
1777324497865,56660.00,11840.00,260000.00,3252.00,575
1777324497901,56780.00,11869.00,260000.00,3369.00,575
1777324497936,54670.00,11811.00,260000.00,3486.00,575
1777324497973,57660.00,11811.00,260000.00,3261.00,575
1777324498007,55910.00,11840.00,260000.00,3315.00,575
1777324498040,56070.00,11840.00,260000.00,3288.00,575
1777324498074,57230.00,11840.00,260000.00,3378.00,575
1777324498110,55950.00,11869.00,260000.00,3315.00,575
1777324498147,111520.00,11891.00,260000.00,6693.00,1150
1777324498184,57630.00,12022.00,260000.00,3360.00,575
1777324498220,55600.00,11949.00,260000.00,3369.00,575
1777324498291,56430.00,11760.00,260000.00,3351.00,575
1777324498318,55730.00,11811.00,260000.00,3225.00,575
1777324498347,56570.00,11869.00,260000.00,3333.00,575
1777324498376,56350.00,11869.00,260000.00,3369.00,575
1777324498405,57110.00,11869.00,260000.00,3342.00,575
1777324498435,55000.00,11869.00,260000.00,3387.00,575
1777324498465,56570.00,11920.00,258561.70,3306.00,575
1777324498515,56780.00,11869.00,260000.00,3270.00,575
1777324498546,56030.00,11869.00,260000.00,3414.00,575
1777324498576,56740.00,11869.00,260000.00,3324.00,575
1777324498607,57320.00,11869.00,260000.00,3351.00,575
1777324498637,58460.00,11920.00,259939.86,3261.00,575
1777324498667,56370.00,11920.00,259305.88,3396.00,575
1777324498699,56010.00,11920.00,259218.97,3297.00,575
1777324498730,56310.00,11920.00,258929.63,3369.00,575
1777324498782,57190.00,11840.00,260000.00,3243.00,575
1777324498813,56140.00,11840.00,260000.00,3225.00,575
1777324498845,57480.00,11869.00,260000.00,3261.00,575
1777324498875,56960.00,11869.00,260000.00,3270.00,575
1777324498908,56960.00,11869.00,260000.00,3261.00,575
1777324498937,54950.00,11869.00,260000.00,3297.00,575
1777324498968,55930.00,11869.00,259922.97,3369.00,575
1777324498998,56480.00,11869.00,259183.62,3342.00,575
1777324499029,57000.00,11869.00,259071.57,3297.00,575
1777324499081,55790.00,11869.00,260000.00,3297.00,575
1777324499116,56700.00,11872.00,260000.00,3216.00,575
1777324499147,57770.00,11840.00,260000.00,3306.00,575
1777324499179,56600.00,11840.00,260000.00,3342.00,575
1777324499211,56160.00,11869.00,260000.00,3396.00,575
1777324499245,56900.00,11893.00,260000.00,3225.00,575
1777324499280,56380.00,11869.00,260000.00,3261.00,575
1777324499316,57530.00,11811.00,260000.00,3450.00,575
1777324499349,55720.00,11811.00,260000.00,3288.00,575
1777324499382,55070.00,11811.00,260000.00,3369.00,575
1777324499414,56680.00,11840.00,260000.00,3387.00,575
1777324499448,58780.00,11869.00,260000.00,3270.00,575
1777324499480,57270.00,11901.00,260000.00,3225.00,575
1777324499511,56780.00,11901.00,260000.00,3297.00,575
1777324499543,55610.00,11869.00,260000.00,3288.00,575
1777324499575,57320.00,11869.00,260000.00,3333.00,575
1777324499608,54910.00,11890.00,260000.00,3396.00,575
1777324499640,57110.00,11869.00,260000.00,3315.00,575
1777324499671,57400.00,11849.00,260000.00,3144.00,575
1777324499704,58040.00,11840.00,260000.00,3360.00,575
1777324499737,55760.00,11840.00,260000.00,3369.00,575
1777324499769,55840.00,11840.00,260000.00,4089.00,575
1777324499802,56290.00,11840.00,260000.00,3252.00,575
1777324499835,55370.00,11869.00,260000.00,3207.00,575
1777324499868,57430.00,11869.00,260000.00,3333.00,575
1777324499899,57890.00,11869.00,260000.00,3288.00,575
1777324499931,55780.00,11869.00,260000.00,3288.00,575
1777324499963,55670.00,11869.00,260000.00,3261.00,575
1777324499996,54800.00,11869.00,260000.00,3297.00,575
1777324500032,57450.00,11869.00,260000.00,3396.00,575
1777324500064,57080.00,11840.00,260000.00,3297.00,575
1777324500097,56510.00,11858.00,260000.00,3270.00,575
1777324500132,57680.00,11840.00,260000.00,3189.00,575
1777324500165,57310.00,11869.00,260000.00,3387.00,575
1777324500200,55950.00,11869.00,260000.00,3333.00,575
1777324500233,56250.00,11877.00,260000.00,3252.00,575
1777324500266,58010.00,11920.00,260000.00,3396.00,575
1777324500300,55180.00,11920.00,260000.00,3324.00,575
1777324500335,56780.00,11920.00,260000.00,3261.00,575
1777324500369,56470.00,11891.00,260000.00,3378.00,575
1777324500404,57300.00,11891.00,260000.00,3288.00,575
1777324500438,57800.00,11920.00,260000.00,3234.00,575
1777324500471,55880.00,11920.00,260000.00,3342.00,575
1777324500505,55010.00,11920.00,260000.00,3396.00,575
1777324500539,55780.00,11949.00,260000.00,3315.00,575
1777324500576,56520.00,11920.00,260000.00,3297.00,575
1777324500609,56380.00,11891.00,260000.00,3315.00,575
1777324500643,56690.00,11811.00,260000.00,3180.00,575
1777324500678,56130.00,11840.00,260000.00,3342.00,575
1777324500714,55810.00,11869.00,260000.00,3297.00,575
1777324500749,56980.00,11917.00,260000.00,3360.00,575
1777324500790,114530.00,11921.00,260000.00,6630.00,1150
1777324500827,56100.00,11971.00,260000.00,3270.00,575
1777324500864,57140.00,12061.00,260000.00,3261.00,575
1777324500902,56440.00,12000.00,260000.00,3288.00,575
1777324500938,57390.00,11936.00,260000.00,3360.00,575
1777324500972,55350.00,11971.00,260000.00,3216.00,575
1777324501008,55350.00,11976.00,260000.00,3342.00,575
1777324501044,55810.00,11966.00,260000.00,3297.00,575
1777324501079,55580.00,11949.00,260000.00,3252.00,575
1777324501116,58090.00,11949.00,260000.00,3306.00,575
1777324501155,114160.00,11971.00,260000.00,6558.00,1150
1777324501188,56730.00,11971.00,260000.00,3252.00,575
1777324501223,57430.00,12029.00,260000.00,3342.00,575
1777324501259,57140.00,12029.00,260000.00,3252.00,575
1777324501295,57280.00,11971.00,260000.00,3306.00,575
1777324501331,56960.00,11971.00,260000.00,3243.00,575
1777324501370,57100.00,11930.00,260000.00,3360.00,575
1777324501408,57390.00,12000.00,260000.00,3279.00,575
1777324501449,56220.00,12029.00,260000.00,3360.00,575
1777324501490,114170.00,11920.00,260000.00,6585.00,1150
1777324501586,56480.00,12029.00,260000.00,3324.00,575
1777324501614,56670.00,11869.00,260000.00,3351.00,575
1777324501640,57790.00,11869.00,260000.00,3207.00,575
1777324501668,57210.00,11869.00,260000.00,3288.00,575
1777324501696,56210.00,11869.00,259149.00,3243.00,575
1777324501745,57300.00,11840.00,260000.00,3189.00,575
1777324501773,56610.00,11891.00,260000.00,3396.00,575
1777324501802,56400.00,11891.00,260000.00,3369.00,575
1777324501831,57320.00,11896.00,259495.14,3279.00,575
1777324501859,55850.00,11885.00,258579.08,3315.00,575
1777324501909,59270.00,11869.00,260000.00,3288.00,575
1777324501939,57400.00,11869.00,260000.00,3252.00,575
1777324501967,56420.00,11920.00,260000.00,3342.00,575
1777324501996,56410.00,11920.00,259662.44,3279.00,575
1777324502024,58610.00,11920.00,258607.45,3369.00,575
1777324502074,55850.00,11840.00,260000.00,3315.00,575
1777324502103,57080.00,11840.00,260000.00,3207.00,575
1777324502133,55060.00,11847.00,260000.00,3297.00,575
1777324502162,56920.00,11891.00,259972.84,3441.00,575
1777324502192,55770.00,11920.00,259242.54,3225.00,575
1777324502242,57320.00,11869.00,260000.00,3342.00,575
1777324502272,56670.00,11869.00,260000.00,3378.00,575
1777324502302,56550.00,11920.00,260000.00,3207.00,575
1777324502332,57650.00,11920.00,260000.00,3378.00,575
1777324502362,55360.00,11949.00,260000.00,3297.00,575
1777324502391,57460.00,11949.00,259475.57,3261.00,575
1777324502441,57440.00,11920.00,260000.00,3252.00,575
1777324502471,56910.00,11920.00,260000.00,3216.00,575
1777324502502,56370.00,11891.00,260000.00,3315.00,575
1777324502534,56940.00,11920.00,260000.00,3315.00,575
1777324502565,57510.00,11949.00,260000.00,3252.00,575
1777324502596,57510.00,11949.00,260000.00,3297.00,575
1777324502627,56180.00,11949.00,260000.00,3441.00,575
1777324502658,55450.00,12000.00,259666.11,3216.00,575
1777324502689,56240.00,11920.00,259445.92,3378.00,575
1777324502743,56870.00,11869.00,260000.00,3279.00,575
1777324502775,55730.00,11869.00,260000.00,3333.00,575
1777324502807,56160.00,11869.00,260000.00,3351.00,575
1777324502839,56570.00,11920.00,260000.00,3270.00,575
1777324502871,56700.00,11920.00,260000.00,3270.00,575
1777324502904,56740.00,11920.00,260000.00,3306.00,575
1777324502937,57520.00,11949.00,260000.00,3324.00,575
1777324502968,56990.00,11949.00,260000.00,3333.00,575
1777324503001,57110.00,11949.00,260000.00,3450.00,575
1777324503034,55860.00,11920.00,260000.00,3243.00,575
1777324503067,57110.00,11891.00,260000.00,3297.00,575
1777324503100,57760.00,11891.00,260000.00,3369.00,575
1777324503134,55690.00,11920.00,260000.00,3189.00,575
1777324503168,57100.00,11898.00,260000.00,3261.00,575
1777324503201,57110.00,11869.00,260000.00,3333.00,575
1777324503235,55580.00,11869.00,260000.00,3297.00,575
1777324503270,56060.00,11949.00,260000.00,3288.00,575
1777324503311,55170.00,11920.00,260000.00,3234.00,575
1777324503346,55710.00,11891.00,260000.00,3342.00,575
1777324503380,56270.00,11920.00,260000.00,3432.00,575
1777324503414,57080.00,11920.00,260000.00,3333.00,575
1777324503449,55940.00,11915.00,260000.00,3243.00,575
1777324503482,57490.00,11869.00,260000.00,3324.00,575
1777324503517,57220.00,11891.00,260000.00,3324.00,575
1777324503552,55110.00,11891.00,260000.00,3216.00,575
1777324503588,56150.00,11891.00,260000.00,3216.00,575
1777324503624,113350.00,11881.00,260000.00,6684.00,1150
1777324503661,56300.00,11949.00,260000.00,3270.00,575
1777324503696,56240.00,11920.00,260000.00,3405.00,575
1777324503731,56460.00,11891.00,260000.00,3162.00,575
1777324503767,58980.00,11891.00,260000.00,3261.00,575
1777324503804,55050.00,11949.00,260000.00,3414.00,575
1777324503841,57210.00,11949.00,260000.00,3378.00,575
1777324503876,56670.00,11920.00,260000.00,3207.00,575
1777324503912,56720.00,11891.00,260000.00,3342.00,575
1777324503948,55600.00,11920.00,260000.00,3369.00,575
1777324503985,55890.00,11869.00,260000.00,3288.00,575
1777324504022,56820.00,11869.00,260000.00,3279.00,575
1777324504060,113540.00,11811.00,260000.00,6648.00,1150
1777324504100,55900.00,11942.00,260000.00,3288.00,575
1777324504136,57120.00,11949.00,260000.00,3288.00,575
1777324504175,56750.00,11949.00,260000.00,3297.00,575
1777324504213,56780.00,11891.00,260000.00,3351.00,575
1777324504252,56960.00,11920.00,260000.00,3351.00,575
1777324504292,113950.00,11920.00,260000.00,6612.00,1150
1777324504331,57280.00,11942.00,260000.00,3270.00,575
1777324504370,56510.00,11920.00,260000.00,3198.00,575
1777324504409,55560.00,11949.00,260000.00,3261.00,575
1777324504446,57640.00,11949.00,260000.00,3360.00,575
1777324504485,56800.00,11891.00,260000.00,3306.00,575
1777324504525,111720.00,11920.00,260000.00,6585.00,1150
1777324504565,56620.00,11949.00,260000.00,3243.00,575
1777324504605,57240.00,11891.00,260000.00,3387.00,575
1777324504644,56010.00,11920.00,260000.00,3306.00,575
1777324504683,56070.00,11949.00,260000.00,3342.00,575
1777324504723,114530.00,11920.00,260000.00,6675.00,1150
1777324504805,54980.00,11840.00,260000.00,3306.00,575
1777324504832,56750.00,11811.00,260000.00,3351.00,575
1777324504859,56280.00,11811.00,258869.11,3396.00,575
1777324504908,57840.00,11789.00,260000.00,3378.00,575
1777324504937,56610.00,11840.00,260000.00,3342.00,575
1777324504965,56390.00,11840.00,260000.00,3342.00,575
1777324504992,57940.00,11840.00,259232.51,3270.00,575
1777324505042,57260.00,11789.00,260000.00,3405.00,575
1777324505071,56590.00,11808.00,260000.00,3432.00,575
1777324505100,57340.00,11811.00,260000.00,3405.00,575
1777324505128,55740.00,11814.00,260000.00,3261.00,575
1777324505157,55900.00,11839.00,259123.64,3288.00,575
1777324505206,58330.00,11840.00,260000.00,3414.00,575
1777324505234,56590.00,11840.00,260000.00,3396.00,575
1777324505263,56840.00,11840.00,260000.00,3360.00,575
1777324505292,56010.00,11840.00,259847.50,3315.00,575
1777324505322,56640.00,11869.00,258862.89,3333.00,575
1777324505373,56640.00,11840.00,260000.00,3252.00,575
1777324505403,55940.00,11840.00,260000.00,3297.00,575
1777324505432,55240.00,11811.00,260000.00,3315.00,575
1777324505462,55340.00,11782.00,260000.00,3315.00,575
1777324505492,58090.00,11811.00,260000.00,3315.00,575
1777324505522,57120.00,11811.00,259457.91,3270.00,575
1777324505553,56270.00,11857.00,258798.51,3342.00,575
1777324505605,56110.00,11869.00,260000.00,3315.00,575
1777324505635,56570.00,11869.00,260000.00,3351.00,575
1777324505665,55270.00,11869.00,260000.00,3225.00,575
1777324505695,56520.00,11869.00,260000.00,3243.00,575
1777324505726,57820.00,11869.00,260000.00,3234.00,575
1777324505758,57300.00,11920.00,260000.00,3396.00,575
1777324505789,57990.00,11949.00,259907.96,3252.00,575
1777324505820,57180.00,11869.00,259499.86,3360.00,575
1777324505851,56630.00,11782.00,259088.08,3360.00,575
1777324505886,56780.00,11787.00,259174.57,3378.00,575
1777324505938,56100.00,11869.00,260000.00,3342.00,575
1777324505969,57240.00,11869.00,260000.00,3270.00,575
1777324506001,56390.00,11840.00,260000.00,3252.00,575
1777324506031,57150.00,11840.00,260000.00,3243.00,575
1777324506064,53480.00,11811.00,260000.00,3261.00,575
1777324506096,56160.00,11811.00,260000.00,3279.00,575
1777324506128,57100.00,11867.00,260000.00,3333.00,575
1777324506161,57160.00,11891.00,260000.00,3306.00,575
1777324506192,55330.00,11831.00,260000.00,3387.00,575
1777324506225,56800.00,11840.00,260000.00,3198.00,575
1777324506258,56240.00,11840.00,260000.00,3360.00,575
1777324506289,57570.00,11869.00,260000.00,3261.00,575
1777324506322,56190.00,11869.00,260000.00,3243.00,575
1777324506355,56410.00,11869.00,260000.00,3342.00,575
1777324506388,57110.00,11869.00,260000.00,3252.00,575
1777324506422,56660.00,11889.00,260000.00,3324.00,575
1777324506456,56320.00,11891.00,260000.00,3315.00,575
1777324506490,56610.00,11891.00,260000.00,3306.00,575
1777324506525,55780.00,11784.00,260000.00,3279.00,575
1777324506559,56440.00,11920.00,260000.00,3261.00,575
1777324506592,56030.00,12000.00,260000.00,3261.00,575
1777324506626,56300.00,12000.00,260000.00,3270.00,575
1777324506660,56660.00,11949.00,260000.00,3252.00,575
1777324506692,57350.00,11920.00,260000.00,3270.00,575
1777324506725,57530.00,11891.00,260000.00,3243.00,575
1777324506762,56810.00,11931.00,260000.00,3225.00,575
1777324506797,57410.00,11949.00,260000.00,3243.00,575
1777324506832,56490.00,11980.00,260000.00,3288.00,575
1777324506867,57280.00,11954.00,260000.00,3450.00,575
1777324506903,56790.00,11949.00,260000.00,3198.00,575
1777324506940,55940.00,11891.00,260000.00,3351.00,575
1777324506976,56830.00,11891.00,260000.00,3297.00,575
1777324507010,57630.00,11892.00,260000.00,3333.00,575
1777324507046,113650.00,11869.00,259708.75,6558.00,1150
1777324507085,57530.00,12000.00,260000.00,3252.00,575
1777324507121,58040.00,11920.00,260000.00,3261.00,575
1777324507156,56510.00,11893.00,260000.00,3288.00,575
1777324507192,57490.00,11949.00,260000.00,3423.00,575
1777324507227,56300.00,11949.00,260000.00,3414.00,575
1777324507263,57010.00,11949.00,260000.00,3297.00,575
1777324507298,57220.00,11891.00,260000.00,3324.00,575
1777324507336,56740.00,11891.00,260000.00,3198.00,575
1777324507372,58210.00,11920.00,260000.00,3360.00,575
1777324507408,56790.00,11877.00,260000.00,3342.00,575
1777324507447,113260.00,11920.00,260000.00,6711.00,1150
1777324507486,55980.00,11942.00,260000.00,3405.00,575
1777324507524,57680.00,11949.00,260000.00,3261.00,575
1777324507561,57170.00,11949.00,260000.00,3360.00,575
1777324507598,54940.00,11891.00,260000.00,3270.00,575
1777324507636,55610.00,11891.00,260000.00,3297.00,575
1777324507673,57860.00,11920.00,260000.00,3306.00,575
1777324507711,112900.00,11869.00,260000.00,6576.00,1150
1777324507751,55660.00,11942.00,260000.00,3297.00,575
1777324507839,56190.00,11781.00,260000.00,3396.00,575
1777324507864,56900.00,11811.00,260000.00,3450.00,575
1777324507889,56600.00,11811.00,260000.00,3279.00,575
1777324507917,57180.00,11840.00,259942.40,3360.00,575
1777324507945,56460.00,11878.00,259011.73,3297.00,575
1777324507994,56350.00,11840.00,260000.00,3324.00,575
1777324508024,56840.00,11869.00,260000.00,3360.00,575
1777324508053,55820.00,11869.00,260000.00,3333.00,575
1777324508081,58090.00,11869.00,259761.04,3333.00,575
1777324508111,54960.00,11868.00,258539.44,3396.00,575
1777324508161,56990.00,11840.00,260000.00,3306.00,575
1777324508191,57590.00,11811.00,260000.00,3252.00,575
1777324508222,55760.00,11840.00,260000.00,3324.00,575
1777324508251,56530.00,11811.00,260000.00,3450.00,575
1777324508281,56230.00,11891.00,259455.56,3369.00,575
1777324508332,56680.00,11869.00,260000.00,3351.00,575
1777324508363,57490.00,11869.00,260000.00,3315.00,575
1777324508393,57840.00,11869.00,260000.00,3279.00,575
1777324508423,55180.00,11897.00,260000.00,3387.00,575
1777324508453,55270.00,11920.00,260000.00,3405.00,575
1777324508484,57070.00,11920.00,260000.00,3360.00,575
1777324508515,56010.00,11949.00,259789.62,3342.00,575
1777324508546,55770.00,11949.00,259488.36,3441.00,575
1777324508578,55920.00,11949.00,259083.24,3234.00,575
1777324508630,55180.00,11920.00,260000.00,3432.00,575
1777324508660,56910.00,11840.00,260000.00,3351.00,575
1777324508689,57710.00,11869.00,260000.00,3378.00,575
1777324508720,56000.00,11869.00,260000.00,3243.00,575
1777324508752,58490.00,11869.00,260000.00,3315.00,575
1777324508783,57340.00,11869.00,260000.00,3189.00,575
1777324508814,53900.00,11915.00,260000.00,3225.00,575
1777324508844,55870.00,11920.00,259983.68,3306.00,575
1777324508873,58120.00,11949.00,259419.28,3315.00,575
1777324508923,55660.00,11884.00,260000.00,3288.00,575
1777324508953,57570.00,11920.00,260000.00,3297.00,575
1777324508982,56200.00,11920.00,260000.00,3261.00,575
1777324509011,56520.00,11891.00,260000.00,3360.00,575
1777324509041,56780.00,11949.00,259517.59,3333.00,575
1777324509092,56050.00,11898.00,260000.00,3360.00,575
1777324509122,56530.00,11840.00,260000.00,3270.00,575
1777324509153,56890.00,11811.00,260000.00,3279.00,575
1777324509184,55340.00,11891.00,260000.00,3369.00,575
1777324509216,55920.00,11891.00,260000.00,3270.00,575
1777324509247,56440.00,11891.00,260000.00,3279.00,575
1777324509277,56590.00,11891.00,260000.00,3360.00,575
1777324509310,56120.00,11869.00,259920.38,3306.00,575
1777324509344,56000.00,11949.00,260000.00,3162.00,575
1777324509378,56460.00,11920.00,260000.00,3333.00,575
1777324509409,56770.00,11920.00,259962.32,3315.00,575
1777324509439,56520.00,11920.00,259838.89,3261.00,575
1777324509470,56830.00,11949.00,259259.26,3324.00,575
1777324509524,56540.00,11920.00,260000.00,3423.00,575
1777324509556,57890.00,11840.00,260000.00,3279.00,575
1777324509590,55960.00,11869.00,260000.00,3288.00,575
1777324509622,56550.00,11869.00,260000.00,3306.00,575
1777324509654,56800.00,11920.00,260000.00,3171.00,575
1777324509686,57570.00,11920.00,260000.00,3441.00,575
1777324509719,56170.00,11949.00,260000.00,3306.00,575
1777324509753,56440.00,11963.00,260000.00,3261.00,575
1777324509785,55660.00,12043.00,260000.00,3261.00,575
1777324509821,55420.00,11920.00,260000.00,3288.00,575
1777324509858,56270.00,11920.00,260000.00,3360.00,575
1777324509894,55140.00,11977.00,260000.00,3306.00,575
1777324509929,56990.00,11949.00,260000.00,3324.00,575
1777324509965,56370.00,11920.00,260000.00,3252.00,575
1777324510004,56950.00,11891.00,260000.00,3252.00,575
1777324510038,111730.00,11920.00,259586.71,6396.00,1150
1777324510075,57580.00,11971.00,260000.00,3333.00,575
1777324510111,57250.00,12029.00,260000.00,3261.00,575
1777324510147,56710.00,11983.00,260000.00,3351.00,575
1777324510183,55950.00,11891.00,260000.00,3252.00,575
1777324510219,57170.00,12000.00,260000.00,3324.00,575
1777324510255,55540.00,11949.00,260000.00,3342.00,575
1777324510292,57130.00,11949.00,260000.00,3378.00,575
1777324510330,56490.00,11891.00,260000.00,3315.00,575
1777324510366,56450.00,11891.00,260000.00,3297.00,575
1777324510405,111250.00,11949.00,260000.00,6954.00,1150
1777324510444,55910.00,12029.00,260000.00,3351.00,575
1777324510481,58630.00,11920.00,260000.00,3342.00,575
1777324510518,55940.00,11923.00,260000.00,3369.00,575
1777324510564,54750.00,11949.00,260000.00,3288.00,575
1777324510603,56920.00,11891.00,260000.00,3288.00,575
1777324510639,111100.00,11920.00,260000.00,6702.00,1150
1777324510675,56830.00,12000.00,260000.00,3297.00,575
1777324510708,56450.00,11992.00,260000.00,3450.00,575
1777324510797,56110.00,11789.00,260000.00,3360.00,575
1777324510822,55470.00,11869.00,259989.96,3279.00,575
1777324510870,56760.00,11821.00,260000.00,3459.00,575
1777324510898,54740.00,11760.00,260000.00,3279.00,575
1777324510926,57280.00,11811.00,260000.00,3279.00,575
1777324510953,55990.00,11811.00,259344.89,3342.00,575
1777324511002,57690.00,11869.00,260000.00,3315.00,575
1777324511030,55210.00,11869.00,260000.00,3243.00,575
1777324511060,56350.00,11869.00,260000.00,3216.00,575
1777324511090,57070.00,11869.00,260000.00,3450.00,575
1777324511119,55300.00,11869.00,259306.81,3297.00,575
1777324511149,57410.00,11869.00,258617.93,3234.00,575
1777324511199,56800.00,11840.00,260000.00,3486.00,575
1777324511230,57250.00,11811.00,260000.00,3486.00,575
1777324511260,55980.00,11811.00,260000.00,3369.00,575
1777324511290,56830.00,11811.00,260000.00,3369.00,575
1777324511322,56180.00,11811.00,260000.00,3342.00,575
1777324511351,57760.00,11837.00,259349.56,3306.00,575
1777324511403,56370.00,11760.00,260000.00,3378.00,575
1777324511435,56410.00,11760.00,260000.00,3270.00,575
1777324511466,56420.00,11774.00,260000.00,3387.00,575
1777324511497,56250.00,11840.00,260000.00,3378.00,575
1777324511530,56640.00,11811.00,260000.00,3288.00,575
1777324511561,56970.00,11811.00,260000.00,3261.00,575
1777324511592,57100.00,11811.00,260000.00,3396.00,575
1777324511624,56870.00,11811.00,260000.00,3324.00,575
1777324511656,57110.00,11840.00,260000.00,3387.00,575
1777324511689,55270.00,11869.00,260000.00,3270.00,575
1777324511722,57750.00,11869.00,260000.00,3369.00,575
1777324511753,56790.00,11869.00,259967.10,3306.00,575
1777324511786,56440.00,11869.00,259873.08,3297.00,575
1777324511820,57400.00,11869.00,259923.76,3234.00,575
1777324511853,56090.00,11811.00,259964.28,3279.00,575
1777324511886,56710.00,11811.00,259560.81,3378.00,575
1777324511919,57690.00,11840.00,259925.80,3342.00,575
1777324511953,56490.00,11847.00,259852.76,3252.00,575
1777324511986,57180.00,11911.00,259966.72,3432.00,575
1777324512019,56520.00,11920.00,259938.60,3387.00,575
1777324512053,56830.00,11920.00,260000.00,3279.00,575
1777324512085,56200.00,11840.00,259768.60,3261.00,575
1777324512119,56500.00,11869.00,260000.00,3261.00,575
1777324512153,56510.00,11899.00,260000.00,3306.00,575
1777324512186,56980.00,11811.00,260000.00,3522.00,575
1777324512219,57530.00,11811.00,260000.00,3225.00,575
1777324512253,56310.00,11811.00,260000.00,3243.00,575
1777324512286,56230.00,11869.00,260000.00,3270.00,575
1777324512320,55380.00,11869.00,260000.00,3333.00,575
1777324512355,56570.00,11869.00,260000.00,3324.00,575
1777324512388,55790.00,11869.00,260000.00,3360.00,575
1777324512420,56620.00,11889.00,260000.00,3270.00,575
1777324512454,55890.00,11891.00,260000.00,3306.00,575
1777324512488,55730.00,11811.00,260000.00,3360.00,575
1777324512522,57660.00,11811.00,260000.00,3369.00,575
1777324512557,56590.00,11835.00,260000.00,3261.00,575
1777324512590,57470.00,11869.00,260000.00,3324.00,575
1777324512623,56870.00,11869.00,260000.00,3261.00,575
1777324512657,56610.00,11869.00,260000.00,3342.00,575
1777324512693,56770.00,11869.00,260000.00,3297.00,575
1777324512728,56350.00,11835.00,260000.00,3315.00,575
1777324512763,58250.00,11869.00,260000.00,3351.00,575
1777324512798,56210.00,11873.00,260000.00,3369.00,575
1777324512833,57030.00,11982.00,260000.00,3306.00,575
1777324512868,55780.00,11949.00,260000.00,3369.00,575
1777324512903,56920.00,11931.00,260000.00,3171.00,575
1777324512938,56920.00,11811.00,260000.00,3405.00,575
1777324512973,57030.00,11811.00,260000.00,4098.00,575
1777324513009,57600.00,11884.00,259573.34,3261.00,575
1777324513046,114320.00,11869.00,260000.00,6612.00,1150
1777324513083,56030.00,11949.00,260000.00,3315.00,575
1777324513118,56930.00,11891.00,260000.00,3297.00,575
1777324513153,56110.00,11891.00,260000.00,3306.00,575
1777324513188,56340.00,11949.00,260000.00,3306.00,575
1777324513222,55750.00,11949.00,260000.00,3252.00,575
1777324513261,56140.00,11949.00,260000.00,3387.00,575
1777324513297,57430.00,11870.00,260000.00,3369.00,575
1777324513333,56390.00,11891.00,260000.00,3351.00,575
1777324513366,57640.00,11920.00,260000.00,3288.00,575
1777324513401,55650.00,11920.00,260000.00,3315.00,575
1777324513434,55360.00,11920.00,260000.00,3342.00,575
1777324513471,57330.00,11869.00,260000.00,3279.00,575
1777324513507,57490.00,11811.00,260000.00,3396.00,575
1777324513543,113770.00,11811.00,259931.90,6693.00,1150
1777324513580,54070.00,11862.00,260000.00,3225.00,575
1777324513615,56800.00,11920.00,260000.00,3441.00,575
1777324513649,57650.00,11949.00,260000.00,3351.00,575
1777324513686,56890.00,11920.00,260000.00,3279.00,575
1777324513721,57240.00,11891.00,260000.00,3342.00,575
1777324513756,57540.00,11920.00,260000.00,3288.00,575
1777324513790,55320.00,11920.00,260000.00,3261.00,575
1777324513829,56510.00,11901.00,260000.00,3270.00,575
1777324513873,57580.00,11811.00,260000.00,3441.00,575
1777324513910,112270.00,11840.00,259554.71,6603.00,1150
1777324513952,56890.00,11949.00,260000.00,3450.00,575
1777324513994,55370.00,11891.00,260000.00,3297.00,575
1777324514032,57490.00,11869.00,260000.00,3297.00,575
1777324514070,56110.00,11869.00,260000.00,3279.00,575
1777324514104,55840.00,11891.00,260000.00,3261.00,575
1777324514138,57050.00,11840.00,260000.00,3261.00,575
1777324514175,110480.00,11840.00,260000.00,6702.00,1150
1777324514215,55630.00,11949.00,260000.00,3243.00,575
1777324514252,58190.00,11949.00,260000.00,3297.00,575
1777324514297,57090.00,11840.00,260000.00,3288.00,575
1777324514337,55960.00,11869.00,260000.00,3288.00,575
1777324514376,56300.00,11869.00,259805.02,3351.00,575
1777324514417,112190.00,11811.00,260000.00,6639.00,1150
1777324514458,56040.00,11920.00,260000.00,3288.00,575
1777324514498,56180.00,11869.00,260000.00,3261.00,575
1777324514538,56300.00,11891.00,260000.00,3315.00,575
1777324514580,113530.00,11887.00,260000.00,6666.00,1150
1777324514621,54890.00,11891.00,260000.00,3351.00,575
1777324514659,55730.00,11891.00,260000.00,3234.00,575
1777324514771,56230.00,11911.00,260000.00,3315.00,575
1777324514805,112230.00,11709.00,260000.00,6522.00,1150
1777324514835,56400.00,11789.00,260000.00,3333.00,575
1777324514864,57310.00,11840.00,260000.00,3432.00,575
1777324514893,56740.00,11811.00,260000.00,3279.00,575
1777324514921,56390.00,11840.00,259848.62,3369.00,575
1777324514952,55370.00,11840.00,259196.88,3324.00,575
1777324515002,56100.00,11840.00,260000.00,3243.00,575
1777324515033,56360.00,11811.00,260000.00,3315.00,575
1777324515066,56400.00,11789.00,260000.00,3270.00,575
1777324515098,58070.00,11731.00,260000.00,3351.00,575
1777324515131,56650.00,11760.00,260000.00,3261.00,575
1777324515166,55230.00,11789.00,260000.00,3351.00,575
1777324515199,56240.00,11789.00,260000.00,3387.00,575
1777324515232,57460.00,11804.00,260000.00,3234.00,575
1777324515267,55960.00,11840.00,260000.00,3468.00,575
1777324515300,57310.00,11840.00,260000.00,3414.00,575
1777324515338,56800.00,11811.00,260000.00,3225.00,575
1777324515374,57170.00,11811.00,260000.00,3324.00,575
1777324515409,57410.00,11840.00,260000.00,3405.00,575
1777324515444,56350.00,11760.00,260000.00,3342.00,575
1777324515479,56570.00,11789.00,260000.00,3270.00,575
1777324515513,57200.00,11789.00,260000.00,3270.00,575
1777324515549,56030.00,11731.00,260000.00,3306.00,575
1777324515582,55920.00,11760.00,260000.00,3207.00,575
1777324515617,56220.00,11840.00,260000.00,3252.00,575
1777324515653,111310.00,11840.00,260000.00,6603.00,1150
1777324515690,55540.00,11836.00,260000.00,3216.00,575
1777324515725,58150.00,11787.00,260000.00,3171.00,575
1777324515761,55650.00,11867.00,260000.00,3342.00,575
1777324515796,57180.00,11891.00,260000.00,3306.00,575
1777324515831,59030.00,11920.00,260000.00,3297.00,575
1777324515866,56060.00,11920.00,260000.00,3414.00,575
1777324515903,55650.00,11949.00,260000.00,3252.00,575
1777324515939,55900.00,11891.00,260000.00,3252.00,575
1777324515974,56520.00,11840.00,260000.00,3315.00,575
1777324516009,56280.00,11920.00,260000.00,3306.00,575
1777324516044,56780.00,11896.00,260000.00,3324.00,575
1777324516081,57570.00,11869.00,260000.00,3288.00,575
1777324516117,57220.00,11840.00,260000.00,3234.00,575
1777324516159,111340.00,11811.00,260000.00,6648.00,1150
1777324516196,57020.00,11920.00,260000.00,3342.00,575
1777324516233,57620.00,11949.00,260000.00,3324.00,575
1777324516270,57100.00,11891.00,260000.00,3306.00,575
1777324516305,54440.00,11872.00,260000.00,3324.00,575
1777324516342,55930.00,11875.00,260000.00,3405.00,575
1777324516375,57420.00,11869.00,260000.00,3441.00,575
1777324516412,56940.00,11920.00,260000.00,3432.00,575
1777324516447,56860.00,11891.00,260000.00,3315.00,575
1777324516484,56250.00,11859.00,259939.90,3324.00,575
1777324516523,113510.00,11869.00,260000.00,6666.00,1150
1777324516563,55640.00,11949.00,260000.00,3423.00,575
1777324516605,57490.00,11891.00,260000.00,3351.00,575
1777324516644,55670.00,11880.00,260000.00,3306.00,575
1777324516683,56960.00,11869.00,260000.00,3270.00,575
1777324516721,110760.00,11811.00,260000.00,6441.00,1150
1777324516759,55970.00,11862.00,260000.00,3297.00,575
1777324516795,55620.00,11920.00,260000.00,3333.00,575
1777324516832,56560.00,11920.00,260000.00,3369.00,575
1777324516869,56690.00,11902.00,260000.00,3324.00,575
1777324516909,56790.00,11840.00,260000.00,3324.00,575
1777324516948,56960.00,11869.00,260000.00,3270.00,575
1777324516988,112170.00,11869.00,260000.00,6585.00,1150
1777324517028,57980.00,11862.00,260000.00,3279.00,575
1777324517067,56340.00,11920.00,260000.00,3261.00,575
1777324517106,57290.00,11874.00,260000.00,3405.00,575
1777324517146,56690.00,11811.00,260000.00,3297.00,575
1777324517186,112350.00,11869.00,260000.00,6693.00,1150
1777324517227,56130.00,11949.00,260000.00,3306.00,575
1777324517266,55780.00,11891.00,260000.00,3378.00,575
1777324517305,55770.00,11891.00,260000.00,3423.00,575
1777324517344,56230.00,11869.00,260000.00,3414.00,575
1777324517384,112980.00,11811.00,260000.00,6603.00,1150
1777324517424,55890.00,11862.00,260000.00,3252.00,575
1777324517460,56670.00,11949.00,260000.00,3477.00,575
1777324517500,57520.00,11891.00,260000.00,3432.00,575
1777324517539,54990.00,11891.00,260000.00,3396.00,575
1777324517579,56800.00,11869.00,260000.00,3441.00,575
1777324517618,113160.00,11869.00,260000.00,6531.00,1150
1777324517659,57190.00,11862.00,260000.00,3261.00,575
1777324517698,56020.00,11920.00,260000.00,3342.00,575
1777324517739,56850.00,11949.00,260000.00,3252.00,575
1777324517778,55870.00,11891.00,260000.00,3297.00,575
1777324517816,111160.00,11880.00,260000.00,6630.00,1150
1777324517854,57490.00,11949.00,260000.00,3468.00,575
1777324517894,55940.00,11891.00,260000.00,3351.00,575
1777324517934,57600.00,11949.00,260000.00,3360.00,575
1777324517974,57540.00,11949.00,260000.00,3351.00,575
1777324518012,113060.00,11920.00,260000.00,6747.00,1150
1777324518053,56000.00,11942.00,260000.00,3288.00,575
1777324518094,56700.00,11920.00,260000.00,3270.00,575
1777324518136,56260.00,11891.00,260000.00,3297.00,575
1777324518175,54420.00,11869.00,260000.00,3342.00,575
1777324518218,114940.00,11869.00,260000.00,6504.00,1150
1777324518269,56350.00,11862.00,260000.00,3306.00,575
1777324518330,114780.00,11876.00,260000.00,6594.00,1150
1777324518421,56220.00,11731.00,260000.00,3297.00,575
1777324518446,57520.00,11731.00,260000.00,3252.00,575
1777324518470,55470.00,11840.00,260000.00,3351.00,575
1777324518494,56810.00,11869.00,259366.29,3324.00,575
1777324518540,56140.00,11840.00,260000.00,3342.00,575
1777324518724,114010.00,11411.00,260000.00,6639.00,1150
1777324518877,11890.00,11280.00,260000.00,2265.00,0
1777324518905,11900.00,11267.00,260000.00,2265.00,0
1777324518932,12320.00,11187.00,260000.00,2265.00,0
1777324518959,12030.00,11240.00,260000.00,2265.00,0
1777324518986,12060.00,11309.00,260000.00,2265.00,0
1777324519013,12030.00,11309.00,259480.58,2265.00,0
1777324519061,11790.00,11280.00,260000.00,2265.00,0
1777324519090,11880.00,11296.00,260000.00,2265.00,0
1777324519119,11890.00,11297.00,260000.00,2265.00,0
1777324519147,12000.00,11296.00,260000.00,2265.00,0
1777324519175,11960.00,11347.00,258781.46,2265.00,0
1777324519215,11910.00,11280.00,260000.00,2265.00,0
1777324519243,57480.00,11280.00,259289.16,4800.00,575
1777324519294,57610.00,11280.00,260000.00,4800.00,575
1777324519325,55120.00,11251.00,260000.00,4800.00,575
1777324519355,55380.00,11251.00,260000.00,4800.00,575
1777324519386,57240.00,11281.00,260000.00,4800.00,575
1777324519417,57200.00,11331.00,260000.00,4800.00,575
1777324519446,56380.00,11251.00,260000.00,4800.00,575
1777324519477,57600.00,11322.00,259326.54,4800.00,575
1777324519509,57260.00,11291.00,259676.02,4800.00,575
1777324519560,56350.00,11309.00,260000.00,4800.00,575
1777324519591,48830.00,11294.00,260000.00,3980.00,451
1777324519621,56490.00,11309.00,260000.00,4800.00,575
1777324519652,57060.00,11251.00,260000.00,4800.00,575
1777324519683,55310.00,11280.00,260000.00,4800.00,575
1777324519713,56510.00,11331.00,260000.00,4800.00,575
1777324519749,58140.00,11411.00,260000.00,4800.00,575
1777324519780,57010.00,11482.00,260000.00,4800.00,575
1777324519811,57890.00,11491.00,260000.00,4800.00,575
1777324519846,55610.00,11411.00,260000.00,4800.00,575
1777324519894,56470.00,11389.00,260000.00,4800.00,575
1777324519932,58370.00,11331.00,260000.00,4800.00,575
1777324519966,57660.00,11280.00,260000.00,4800.00,575
1777324519996,56200.00,11360.00,260000.00,4800.00,575
1777324520038,57600.00,11389.00,260000.00,4800.00,575
1777324520075,55510.00,11389.00,260000.00,4800.00,575
1777324520112,110280.00,11360.00,259638.21,9600.00,1150
1777324520151,55890.00,11331.00,260000.00,4800.00,575
1777324520187,56540.00,11389.00,260000.00,4800.00,575
1777324520220,58630.00,11389.00,260000.00,4800.00,575
1777324520256,55890.00,11331.00,260000.00,4800.00,575
1777324520292,58470.00,11331.00,260000.00,4800.00,575
1777324520328,55490.00,11360.00,260000.00,4800.00,575
1777324520362,56170.00,11389.00,260000.00,4800.00,575
1777324520398,57630.00,11389.00,260000.00,4800.00,575
1777324520433,55710.00,11389.00,260000.00,4800.00,575
1777324520469,56320.00,11331.00,260000.00,4800.00,575
1777324520506,56800.00,11331.00,260000.00,4800.00,575
1777324520544,111380.00,11385.00,259323.48,9600.00,1150
1777324520580,55450.00,11469.00,260000.00,4800.00,575
1777324520615,55420.00,11440.00,260000.00,4800.00,575
1777324520651,56300.00,11411.00,260000.00,4800.00,575
1777324520687,57320.00,11331.00,260000.00,4800.00,575
1777324520723,56920.00,11389.00,260000.00,4800.00,575
1777324520759,55320.00,11389.00,260000.00,4800.00,575
1777324520797,55930.00,11331.00,260000.00,4800.00,575
1777324520832,56220.00,11331.00,260000.00,4800.00,575
1777324520866,55840.00,11331.00,260000.00,4800.00,575
1777324520900,56910.00,11360.00,260000.00,4800.00,575
1777324520935,56600.00,11389.00,260000.00,4800.00,575
1777324520971,113300.00,11389.00,259357.88,9600.00,1150
1777324521011,56320.00,11382.00,260000.00,4800.00,575
1777324521049,57280.00,11411.00,260000.00,4800.00,575
1777324521086,55920.00,11440.00,260000.00,4800.00,575
1777324521122,54870.00,11469.00,260000.00,4800.00,575
1777324521159,58050.00,11440.00,260000.00,4800.00,575
1777324521199,55090.00,11331.00,260000.00,4800.00,575
1777324521242,114070.00,11360.00,259936.12,9600.00,1150
1777324521281,58850.00,11382.00,260000.00,4800.00,575
1777324521321,56380.00,11411.00,260000.00,4800.00,575
1777324521360,56520.00,11407.00,260000.00,4800.00,575
1777324521399,56840.00,11331.00,260000.00,4800.00,575
1777324521442,111820.00,11360.00,260000.00,9600.00,1150
1777324521482,56940.00,11469.00,260000.00,4800.00,575
1777324521519,55590.00,11411.00,260000.00,4800.00,575
1777324521557,55940.00,11331.00,260000.00,4800.00,575
1777324521596,56560.00,11360.00,260000.00,4800.00,575
1777324521637,113150.00,11389.00,259896.23,9600.00,1150
1777324521680,54790.00,11382.00,260000.00,4800.00,575
1777324521718,56270.00,11469.00,260000.00,4800.00,575
1777324521755,55840.00,11418.00,260000.00,4800.00,575
1777324521790,55460.00,11331.00,260000.00,4800.00,575
1777324521825,57640.00,11331.00,260000.00,4800.00,575
1777324521862,56860.00,11370.00,260000.00,4800.00,575
1777324521896,114610.00,11389.00,259466.22,9600.00,1150
1777324521932,56390.00,11469.00,260000.00,4800.00,575
1777324521967,56510.00,11411.00,260000.00,4800.00,575
1777324522004,55750.00,11491.00,260000.00,4800.00,575
1777324522048,57050.00,11411.00,260000.00,4800.00,575
1777324522091,55790.00,11389.00,260000.00,4800.00,575
1777324522130,56310.00,11360.00,260000.00,4800.00,575
1777324522172,111930.00,11389.00,260000.00,9600.00,1150
1777324522209,56360.00,11460.00,260000.00,4800.00,575
1777324522249,56380.00,11360.00,260000.00,4800.00,575
1777324522291,55900.00,11389.00,260000.00,4800.00,575
1777324522331,113500.00,11331.00,260000.00,9600.00,1150
1777324522371,57400.00,11411.00,260000.00,4800.00,575
1777324522479,112530.00,11229.00,260000.00,9600.00,1150
1777324522508,56090.00,11251.00,260000.00,4800.00,575
1777324522539,57960.00,11331.00,260000.00,4800.00,575
1777324522568,56480.00,11331.00,259845.77,4800.00,575
1777324522602,57380.00,11331.00,258850.16,4800.00,575
1777324522633,57360.00,11338.00,258691.05,4800.00,575
1777324522686,56310.00,11280.00,260000.00,4800.00,575
1777324522713,55710.00,11251.00,260000.00,4800.00,575
1777324522739,56910.00,11331.00,260000.00,4800.00,575
1777324522768,56420.00,11389.00,259474.93,4800.00,575
1777324522798,56060.00,11389.00,258550.48,4800.00,575
1777324522846,55440.00,11280.00,260000.00,4800.00,575
1777324522874,54430.00,11309.00,260000.00,4800.00,575
1777324522901,58030.00,11292.00,259753.44,4800.00,575
1777324522929,56170.00,11331.00,258632.20,4800.00,575
1777324522980,55610.00,11360.00,260000.00,4800.00,575
1777324523009,55880.00,11331.00,260000.00,4800.00,575
1777324523038,57850.00,11309.00,260000.00,4800.00,575
1777324523067,58520.00,11309.00,259569.76,4800.00,575
1777324523094,57210.00,11360.00,258679.75,4800.00,575
1777324523143,56400.00,11360.00,260000.00,4800.00,575
1777324523176,57740.00,11360.00,260000.00,4800.00,575
1777324523207,56350.00,11360.00,260000.00,4800.00,575
1777324523237,56690.00,11338.00,260000.00,4800.00,575
1777324523267,57240.00,11418.00,259605.17,4800.00,575
1777324523299,56730.00,11360.00,259248.57,4800.00,575
1777324523331,56220.00,11440.00,258883.10,4800.00,575
1777324523384,56030.00,11418.00,260000.00,4800.00,575
1777324523416,57470.00,11498.00,260000.00,4800.00,575
1777324523448,56140.00,11469.00,260000.00,4800.00,575
1777324523483,56620.00,11389.00,260000.00,4800.00,575
1777324523515,56520.00,11389.00,260000.00,4800.00,575
1777324523547,55550.00,11440.00,260000.00,4800.00,575
1777324523579,57690.00,11520.00,260000.00,4800.00,575
1777324523612,56710.00,11600.00,260000.00,4800.00,575
1777324523644,56070.00,11651.00,260000.00,4800.00,575
1777324523678,56480.00,11731.00,260000.00,4800.00,575
1777324523711,55990.00,11810.00,260000.00,4800.00,575
1777324523743,56220.00,11738.00,260000.00,4800.00,575
1777324523777,56760.00,11847.00,260000.00,4800.00,575
1777324523811,55490.00,11927.00,260000.00,4800.00,575
1777324523844,56770.00,11978.00,260000.00,4800.00,575
1777324523878,55810.00,12000.00,260000.00,4800.00,575
1777324523912,55140.00,12000.00,260000.00,4800.00,575
1777324523945,56490.00,11904.00,260000.00,4800.00,575
1777324523981,56140.00,11891.00,260000.00,4800.00,575
1777324524018,55710.00,11891.00,260000.00,4800.00,575
1777324524051,57370.00,11920.00,260000.00,4800.00,575
1777324524086,56020.00,11933.00,260000.00,4800.00,575
1777324524123,56560.00,11933.00,260000.00,4800.00,575
1777324524160,56800.00,11891.00,260000.00,4800.00,575
1777324524195,111010.00,11840.00,259802.67,9600.00,1150
1777324524231,57170.00,11883.00,260000.00,4800.00,575
1777324524266,56650.00,11949.00,260000.00,4800.00,575
1777324524299,57730.00,12000.00,260000.00,4800.00,575
1777324524335,57000.00,12000.00,260000.00,4800.00,575
1777324524371,57250.00,11920.00,260000.00,4800.00,575
1777324524407,57320.00,11920.00,260000.00,4800.00,575
1777324524441,57850.00,11949.00,260000.00,4800.00,575
1777324524477,57090.00,11949.00,260000.00,4800.00,575
1777324524513,57500.00,11949.00,260000.00,4800.00,575
1777324524549,56010.00,11891.00,260000.00,4800.00,575
1777324524585,55680.00,11920.00,260000.00,4800.00,575
1777324524620,56620.00,11949.00,260000.00,4800.00,575
1777324524656,56970.00,11949.00,260000.00,4800.00,575
1777324524693,113200.00,11949.00,259708.84,9600.00,1150
1777324524731,56930.00,11891.00,260000.00,4800.00,575
1777324524767,56140.00,11920.00,260000.00,4800.00,575
1777324524803,57450.00,11949.00,260000.00,4800.00,575
1777324524843,57820.00,11949.00,260000.00,4800.00,575
1777324524877,56730.00,11920.00,260000.00,4800.00,575
1777324524914,57570.00,11920.00,260000.00,4800.00,575
1777324524950,55150.00,11949.00,260000.00,4800.00,575
1777324524989,56160.00,11949.00,260000.00,4800.00,575
1777324525031,111920.00,11949.00,259806.79,9600.00,1150
1777324525070,54800.00,11942.00,260000.00,4800.00,575
1777324525107,55780.00,12029.00,260000.00,4800.00,575
1777324525146,55580.00,11978.00,260000.00,4800.00,575
1777324525183,55690.00,11891.00,260000.00,4800.00,575
1777324525221,56290.00,11891.00,260000.00,4800.00,575
1777324525261,113110.00,11949.00,259937.29,9600.00,1150
1777324525298,56330.00,11942.00,260000.00,4800.00,575
1777324525336,56450.00,11971.00,260000.00,4800.00,575
1777324525373,56180.00,12000.00,260000.00,4800.00,575
1777324525410,55420.00,12000.00,260000.00,4800.00,575
1777324525451,57370.00,11920.00,260000.00,4800.00,575
1777324525491,113810.00,11920.00,259886.73,9600.00,1150
1777324525532,56370.00,12029.00,260000.00,4800.00,575
1777324525571,58100.00,11949.00,260000.00,4800.00,575
1777324525612,57240.00,11920.00,260000.00,4800.00,575
1777324525650,57580.00,11949.00,260000.00,4800.00,575
1777324525691,111660.00,11920.00,260000.00,9600.00,1150
1777324525733,56880.00,11942.00,260000.00,4800.00,575
1777324525773,56650.00,12000.00,260000.00,4800.00,575
1777324525813,54890.00,12000.00,260000.00,4800.00,575
1777324525853,54770.00,11920.00,260000.00,4800.00,575
1777324525973,113740.00,11949.00,260000.00,9600.00,1150
1777324526002,57340.00,11818.00,260000.00,4800.00,575
1777324526031,54500.00,11789.00,260000.00,4800.00,575
1777324526061,57340.00,11789.00,260000.00,4800.00,575
1777324526090,57450.00,11840.00,260000.00,4800.00,575
1777324526122,57850.00,11840.00,259905.88,4800.00,575
1777324526152,56390.00,11869.00,260000.00,4800.00,575
1777324526181,56400.00,11869.00,259245.54,4800.00,575
1777324526232,55900.00,11840.00,260000.00,4800.00,575
1777324526265,11800.00,11789.00,260000.00,2265.00,0
1777324526296,57770.00,11789.00,260000.00,4800.00,575
1777324526327,57540.00,11840.00,260000.00,4800.00,575
1777324526359,56760.00,11840.00,260000.00,4800.00,575
1777324526389,58310.00,11869.00,260000.00,4800.00,575
1777324526420,56130.00,11869.00,260000.00,4800.00,575
1777324526450,56530.00,11920.00,259965.71,4800.00,575
1777324526482,57760.00,11840.00,258810.02,4800.00,575
1777324526514,56180.00,11869.00,259103.88,4800.00,575
1777324526546,56690.00,11869.00,258862.60,4800.00,575
1777324526579,57960.00,11869.00,258570.44,4800.00,575
1777324526612,57650.00,11869.00,258727.19,4800.00,575
1777324526642,55240.00,11891.00,258494.07,4800.00,575
1777324526694,55020.00,11789.00,260000.00,4800.00,575
1777324526726,55840.00,11840.00,260000.00,4800.00,575
1777324526756,57430.00,11840.00,260000.00,4800.00,575
1777324526788,55700.00,11869.00,260000.00,4800.00,575
1777324526820,56720.00,11869.00,260000.00,4800.00,575
1777324526852,57340.00,11840.00,260000.00,4800.00,575
1777324526885,56720.00,11840.00,260000.00,4800.00,575
1777324526919,56450.00,11789.00,260000.00,4800.00,575
1777324526953,56930.00,11760.00,260000.00,4800.00,575
1777324526987,56460.00,11789.00,260000.00,4800.00,575
1777324527021,56700.00,11789.00,260000.00,4800.00,575
1777324527055,56850.00,11840.00,260000.00,4800.00,575
1777324527089,57630.00,11840.00,260000.00,4800.00,575
1777324527123,56090.00,11869.00,260000.00,4800.00,575
1777324527157,55800.00,11811.00,260000.00,4800.00,575
1777324527191,56560.00,11789.00,260000.00,4800.00,575
1777324527227,57550.00,11760.00,260000.00,4800.00,575
1777324527261,56860.00,11840.00,260000.00,4800.00,575
1777324527296,56200.00,11840.00,260000.00,4800.00,575
1777324527330,57300.00,11869.00,260000.00,4800.00,575
1777324527367,55870.00,11789.00,260000.00,4800.00,575
1777324527401,57100.00,11760.00,260000.00,4800.00,575
1777324527437,57830.00,11840.00,260000.00,4800.00,575
1777324527474,113600.00,11920.00,259445.01,9600.00,1150
1777324527512,56990.00,11978.00,260000.00,4800.00,575
1777324527547,56100.00,11920.00,260000.00,4800.00,575
1777324527582,56780.00,11840.00,260000.00,4800.00,575
1777324527620,56210.00,11840.00,260000.00,4800.00,575
1777324527654,57040.00,11869.00,260000.00,4800.00,575
1777324527691,56730.00,11920.00,260000.00,4800.00,575
1777324527726,57830.00,11884.00,260000.00,4800.00,575
1777324527761,57920.00,11811.00,260000.00,4800.00,575
1777324527795,57420.00,11811.00,260000.00,4800.00,575
1777324527830,56890.00,11840.00,260000.00,4800.00,575
1777324527865,57650.00,11869.00,260000.00,4800.00,575
1777324527900,56360.00,11869.00,259158.84,4800.00,575
1777324527936,112450.00,11840.00,259532.63,9600.00,1150
1777324527974,56710.00,11862.00,260000.00,4800.00,575
1777324528009,57540.00,11949.00,260000.00,4800.00,575
1777324528045,56320.00,11949.00,260000.00,4800.00,575
1777324528084,55920.00,11920.00,260000.00,4800.00,575
1777324528120,56270.00,11840.00,260000.00,4800.00,575
1777324528157,56280.00,11891.00,260000.00,4800.00,575
1777324528193,56530.00,11869.00,260000.00,4800.00,575
1777324528230,56300.00,11869.00,260000.00,4800.00,575
1777324528268,114040.00,11840.00,259246.36,9600.00,1150
1777324528309,58380.00,11862.00,260000.00,4800.00,575
1777324528347,55960.00,11920.00,260000.00,4800.00,575
1777324528385,55860.00,11920.00,260000.00,4800.00,575
1777324528421,58370.00,11891.00,260000.00,4800.00,575
1777324528458,57220.00,11891.00,260000.00,4800.00,575
1777324528496,55590.00,11920.00,260000.00,4800.00,575
1777324528534,114790.00,11869.00,260000.00,9600.00,1150
1777324528573,55770.00,11862.00,260000.00,4800.00,575
1777324528614,57350.00,11904.00,260000.00,4800.00,575
1777324528654,58490.00,11949.00,260000.00,4800.00,575
1777324528693,55550.00,11891.00,260000.00,4800.00,575
1777324528733,112010.00,11866.00,259832.35,9600.00,1150
1777324528774,56450.00,11949.00,260000.00,4800.00,575
1777324528815,55260.00,11891.00,260000.00,4800.00,575
1777324528854,55590.00,11920.00,260000.00,4800.00,575
1777324528895,57220.00,11920.00,260000.00,4800.00,575
1777324528936,112890.00,11840.00,260000.00,9600.00,1150
1777324528978,57140.00,11891.00,260000.00,4800.00,575
1777324529017,56910.00,11949.00,260000.00,4800.00,575
1777324529056,58870.00,11891.00,260000.00,4800.00,575
1777324529095,56860.00,11920.00,259485.53,4800.00,575
1777324529136,111550.00,11920.00,260000.00,9600.00,1150
1777324529178,56620.00,11942.00,260000.00,4800.00,575
1777324529216,57020.00,11889.00,260000.00,4800.00,575
1777324529256,55640.00,11869.00,260000.00,4800.00,575
1777324529297,113530.00,11811.00,260000.00,9600.00,1150
1777324529340,55880.00,11949.00,260000.00,4800.00,575
1777324529380,55820.00,11920.00,260000.00,4800.00,575
1777324529420,57640.00,11891.00,260000.00,4800.00,575
1777324529460,57420.00,11869.00,260000.00,4800.00,575
1777324529500,112900.00,11840.00,260000.00,9600.00,1150
1777324529540,58170.00,11891.00,260000.00,4800.00,575
1777324529580,56220.00,11949.00,260000.00,4800.00,575
1777324529618,57370.00,11920.00,260000.00,4800.00,575
1777324529659,110180.00,11891.00,260000.00,9600.00,1150
1777324529702,55930.00,12000.00,260000.00,4800.00,575
1777324529742,56280.00,11949.00,260000.00,4800.00,575
1777324529783,56260.00,11891.00,260000.00,4800.00,575
1777324529822,57480.00,11920.00,259642.18,4800.00,575
1777324529868,115040.00,11840.00,260000.00,9600.00,1150
1777324529912,56170.00,11949.00,260000.00,4800.00,575
1777324529955,57020.00,11920.00,260000.00,4800.00,575
1777324529996,114330.00,11920.00,260000.00,9600.00,1150
1777324530037,55000.00,12000.00,260000.00,4800.00,575
1777324530078,55730.00,11891.00,260000.00,4800.00,575
1777324530118,56590.00,11920.00,260000.00,4800.00,575
1777324530161,111160.00,11920.00,260000.00,9600.00,1150
1777324530205,55860.00,11942.00,260000.00,4800.00,575
1777324530246,57150.00,11949.00,260000.00,4800.00,575
1777324530287,114650.00,11869.00,260000.00,9600.00,1150
1777324530327,56610.00,11891.00,260000.00,4800.00,575
1777324530368,57700.00,11949.00,260000.00,4800.00,575
1777324530446,57590.00,11840.00,260000.00,4800.00,575
1777324530471,56440.00,11869.00,260000.00,4800.00,575
1777324530500,57580.00,11818.00,260000.00,4800.00,575
1777324530530,55300.00,11840.00,260000.00,4800.00,575
1777324530560,55710.00,11869.00,260000.00,4800.00,575
1777324530590,55890.00,11869.00,259371.10,4800.00,575
1777324530621,56380.00,11869.00,259296.89,4800.00,575
1777324530651,57280.00,11920.00,258575.93,4800.00,575
1777324530703,57100.00,11818.00,260000.00,4800.00,575
1777324530733,55880.00,11831.00,260000.00,4800.00,575
1777324530763,56330.00,11840.00,260000.00,4800.00,575
1777324530793,57000.00,11869.00,260000.00,4800.00,575
1777324530823,56520.00,11869.00,259939.43,4800.00,575
1777324530854,56590.00,11920.00,258914.63,4800.00,575
1777324530906,56770.00,11920.00,260000.00,4800.00,575
1777324530937,55200.00,11971.00,260000.00,4800.00,575
1777324530968,57420.00,12051.00,260000.00,4800.00,575
1777324530999,56460.00,11971.00,260000.00,4800.00,575
1777324531031,56360.00,11971.00,260000.00,4800.00,575
1777324531062,56320.00,11971.00,260000.00,4800.00,575
1777324531093,56970.00,11971.00,260000.00,4800.00,575
1777324531124,55350.00,12000.00,260000.00,4800.00,575
1777324531155,56790.00,12000.00,259850.90,4800.00,575
1777324531187,56440.00,12000.00,259351.81,4800.00,575
1777324531219,55360.00,12000.00,258763.69,4800.00,575
1777324531251,56490.00,12029.00,258818.83,4800.00,575
1777324531284,56120.00,12013.00,258992.18,4800.00,575
1777324531316,56280.00,12029.00,258673.47,4800.00,575
1777324531369,56040.00,12000.00,260000.00,4800.00,575
1777324531402,56400.00,11949.00,260000.00,4800.00,575
1777324531436,55090.00,11949.00,260000.00,4800.00,575
1777324531469,57750.00,11949.00,260000.00,4800.00,575
1777324531502,56030.00,11949.00,260000.00,4800.00,575
1777324531536,56700.00,11920.00,260000.00,4800.00,575
1777324531568,56160.00,11891.00,260000.00,4800.00,575
1777324531603,56890.00,11891.00,260000.00,4800.00,575
1777324531636,56360.00,11940.00,260000.00,4800.00,575
1777324531670,55690.00,11949.00,260000.00,4800.00,575
1777324531705,56010.00,12000.00,260000.00,4800.00,575
1777324531739,76510.00,11949.00,258331.05,9337.00,676
1777324531775,76150.00,11897.00,258305.02,9326.00,674
1777324531811,76270.00,11921.00,258136.04,9337.00,675
1777324531847,75760.00,12004.00,250409.99,9337.00,676
1777324531885,152860.00,12155.00,250356.52,18663.00,1349
1777324531925,76210.00,12230.00,250296.79,9337.00,676
1777324531961,75150.00,12268.00,250446.54,9326.00,674
1777324531998,77450.00,12321.00,250769.83,9337.00,675
1777324532036,75710.00,12480.00,250988.09,9337.00,676
1777324532074,77130.00,12482.00,251481.62,9326.00,674
1777324532112,75990.00,12430.00,252172.00,9337.00,675
1777324532150,154040.00,12484.00,244523.17,18663.00,1350
1777324532189,77490.00,12565.00,244387.81,9337.00,675
1777324532227,75850.00,12724.00,244411.01,9337.00,676
1777324532269,74260.00,12748.00,245855.65,9326.00,674
1777324532308,78050.00,12906.00,246890.03,9337.00,675
1777324532348,77310.00,12960.00,247717.07,9337.00,676
1777324532388,154920.00,12857.00,240616.69,18663.00,1349
1777324532433,77250.00,12939.00,242010.70,9337.00,676
1777324532472,76790.00,13068.00,242722.78,9326.00,674
1777324532513,76540.00,13041.00,243839.89,9337.00,675
1777324532554,152810.00,13229.00,237510.94,18663.00,1350
1777324532592,74880.00,13176.00,237189.27,9337.00,675
1777324532626,20070.00,13335.00,236592.91,7925.00,0
1777324532665,19740.00,13493.00,238579.35,7924.00,0
1777324532702,20210.00,13546.00,240340.57,7926.00,0
1777324532741,19970.00,13604.00,242209.24,7925.00,0
1777324532783,150180.00,13577.00,236746.59,18663.00,1349
1777324532827,76790.00,13579.00,237941.25,9337.00,676
1777324532867,75340.00,13708.00,239056.33,9326.00,674
1777324532905,77270.00,13761.00,239894.76,9337.00,675
1777324532943,76490.00,13949.00,240266.91,9337.00,676
1777324532984,151930.00,13846.00,232956.37,18663.00,1349
1777324533026,20220.00,13870.00,233695.83,7925.00,0
1777324533066,19960.00,14082.00,236151.55,7924.00,0
1777324533106,19990.00,14110.00,238677.02,7926.00,0
1777324533148,153780.00,14189.00,233224.93,18663.00,1350
1777324533191,77330.00,14316.00,234110.40,9337.00,675
1777324533231,76450.00,14295.00,235025.84,9337.00,676
1777324533272,75960.00,14482.00,236390.48,9326.00,674
1777324533313,153570.00,14379.00,229537.30,18674.00,1351
1777324533357,20230.00,14403.00,230333.06,7924.00,0
1777324533400,76740.00,14666.00,233605.55,9337.00,675
1777324533442,75620.00,14564.00,235232.93,9337.00,676
1777324533485,151590.00,14722.00,228748.19,18663.00,1349
1777324533528,76580.00,14670.00,229611.39,9337.00,676
1777324533570,20130.00,14872.00,231208.22,7924.00,0
1777324533612,153580.00,14910.00,226004.79,18674.00,1351
1777324533657,20090.00,14883.00,227278.19,7924.00,0
1777324533701,20120.00,15175.00,230316.66,7926.00,0
1777324533743,20300.00,15175.00,233714.03,7925.00,0
1777324533786,40280.00,15173.00,228842.18,15850.00,0
1777324533835,19900.00,15310.00,233637.58,7925.00,0
1777324533877,20260.00,15362.00,236813.15,7924.00,0
1777324533921,40200.00,15390.00,232092.39,15851.00,0
1777324533967,20460.00,15526.00,236396.52,7924.00,0
1777324534011,75960.00,15521.00,239657.89,9337.00,675
1777324534055,149430.00,15524.00,233631.03,18663.00,1308
1777324534101,19980.00,15585.00,235155.30,7926.00,0
1777324534146,39850.00,15840.00,230764.97,15849.00,0
1777324534192,19760.00,15954.00,234915.65,7926.00,0
1777324534236,19830.00,16000.00,238444.38,7925.00,0
1777324534282,40750.00,15977.00,234483.47,15850.00,0
1777324534329,19800.00,16138.00,238966.53,7925.00,0
1777324534375,74330.00,16137.00,242582.78,9326.00,651
1777324534424,40140.00,16215.00,237971.97,15851.00,0
1777324534475,19970.00,16323.00,243606.26,7924.00,0
1777324534522,39820.00,16401.00,239898.59,15851.00,0
1777324534570,73960.00,16452.00,244286.94,9326.00,638
1777324534618,40110.00,16437.00,239486.44,15851.00,0
1777324534667,19950.00,16722.00,244363.04,7924.00,0
1777324534714,40250.00,16666.00,240630.59,15851.00,0
1777324534764,20230.00,16803.00,245926.03,7924.00,0
1777324534813,40040.00,16855.00,242479.60,15851.00,0
1777324534864,19820.00,16992.00,247994.76,7924.00,0
1777324535019,39670.00,16961.00,246316.68,15851.00,0
1777324535054,40150.00,16832.00,251832.96,15850.00,0
1777324535087,19450.00,17019.00,252570.55,7925.00,0
1777324535121,20190.00,17173.00,253169.39,7924.00,0
1777324535154,20060.00,17226.00,253851.66,7926.00,0
1777324535188,20070.00,17258.00,254644.45,7925.00,0
1777324535222,20000.00,17282.00,255645.99,7924.00,0
1777324535256,19910.00,17361.00,256497.16,7926.00,0
1777324535291,20160.00,17415.00,257611.70,7925.00,0
1777324535326,19930.00,17388.00,258630.05,7924.00,0
1777324535361,20130.00,17466.00,259354.29,7926.00,0
1777324535396,20310.00,17549.00,259344.69,7925.00,0
1777324535433,39540.00,17682.00,251562.56,15850.00,0
1777324535470,19660.00,17790.00,253533.94,7925.00,0
1777324535506,19620.00,17868.00,254915.67,7924.00,0
1777324535543,19980.00,17946.00,256501.62,7926.00,0
1777324535580,72710.00,17949.00,257200.80,9337.00,606
1777324535618,72550.00,17882.00,257643.37,9326.00,603
1777324535656,70940.00,17935.00,258177.69,9337.00,577
1777324535694,72250.00,18080.00,258863.25,9337.00,578
1777324535733,71500.00,18162.00,250828.68,9326.00,569
1777324535774,140470.00,18102.00,252061.79,18674.00,1142
1777324535817,19980.00,18154.00,252940.81,7924.00,0
1777324535855,20240.00,18375.00,254932.47,7926.00,0
1777324535896,68380.00,18375.00,256969.28,9337.00,544
1777324535945,135190.00,18403.00,250951.42,18663.00,1070
1777324535989,67550.00,18434.00,253170.56,9337.00,537
1777324536030,19960.00,18565.00,254785.89,7924.00,0
1777324536076,137060.00,18670.00,249240.62,18674.00,1073
1777324536117,65670.00,18648.00,251150.32,9326.00,513
1777324536154,65700.00,18855.00,251697.80,9337.00,508
1777324536191,66190.00,18808.00,251889.94,9337.00,509
1777324536232,125960.00,18861.00,244742.18,18663.00,962
1777324536276,61570.00,18936.00,245586.69,9337.00,476
1777324536318,62480.00,19028.00,247228.56,9326.00,473
1777324536360,62260.00,19081.00,248651.84,9337.00,468
1777324536401,127140.00,19136.00,242107.50,18663.00,936
1777324536445,60900.00,19259.00,242926.76,9337.00,450
1777324536487,60460.00,19440.00,244376.07,9337.00,458
1777324536531,59530.00,19381.00,246299.00,9326.00,449
1777324536574,40550.00,19435.00,240165.62,15851.00,0
1777324536617,20000.00,19603.00,243730.67,7924.00,0
1777324536659,19850.00,19655.00,246483.30,7926.00,0
1777324536704,39870.00,19709.00,241750.25,15849.00,0
1777324536751,57560.00,19816.00,246765.84,9337.00,418
1777324536806,115020.00,19784.00,243003.31,18663.00,837
1777324536854,57340.00,19864.00,245124.98,9337.00,418
1777324536902,40310.00,19837.00,240266.63,15849.00,0
1777324536948,57590.00,19816.00,244768.27,9337.00,418
1777324536990,56940.00,19784.00,246323.00,9337.00,413
1777324537036,112250.00,19786.00,240399.57,18663.00,805
1777324537084,55460.00,19765.00,242371.51,9337.00,393
1777324537129,110440.00,19923.00,236671.41,18663.00,784
1777324537178,54650.00,19903.00,238531.71,9337.00,393
1777324537227,54010.00,19790.00,241962.23,9326.00,385
1777324537274,109430.00,19838.00,237019.03,18674.00,774
1777324537320,19790.00,19772.00,238484.63,7924.00,0
1777324537365,40050.00,19841.00,234182.69,15851.00,0
1777324537413,51150.00,19950.00,238892.95,9326.00,371
1777324537459,52890.00,19793.00,241413.52,9337.00,372
1777324537506,40060.00,19838.00,236299.11,15849.00,0
1777324537553,19810.00,19816.00,240756.86,7926.00,0
1777324537601,40390.00,19943.00,236840.21,15849.00,0
1777324537653,20050.00,19795.00,242513.63,7926.00,0
1777324537703,39900.00,19733.00,239412.52,15849.00,0
1777324537752,20010.00,19891.00,244530.17,7926.00,0
1777324537800,40090.00,19866.00,240951.57,15849.00,0
1777324537865,39840.00,19788.00,241967.01,15851.00,0
1777324537917,19960.00,19816.00,247925.44,7924.00,0
1777324537966,40210.00,19866.00,244467.51,15851.00,0
1777324538017,20030.00,19998.00,249702.02,7924.00,0
1777324538075,39600.00,19708.00,248914.91,15851.00,0
1777324538125,39710.00,19816.00,246203.42,15850.00,0
1777324538176,20080.00,20000.00,251434.42,7925.00,0
1777324538226,39910.00,19838.00,248313.47,15850.00,0
1777324538289,19790.00,19816.00,256774.58,7925.00,0
1777324538338,39680.00,19946.00,253162.99,15850.00,0
1777324538389,40430.00,19758.00,250555.71,15849.00,0
1777324538440,19900.00,19921.00,256003.27,7926.00,0
1777324538493,40020.00,19841.00,253749.27,15849.00,0
1777324538544,19890.00,20026.00,259196.07,7926.00,0
1777324538593,40090.00,19866.00,253140.20,15849.00,0
1777324538644,19920.00,19893.00,258550.47,7926.00,0
1777324538708,40010.00,19708.00,256458.92,15849.00,0
1777324538761,39910.00,19816.00,253762.26,15851.00,0
1777324538813,19630.00,19950.00,259622.67,7924.00,0
1777324538863,40110.00,19895.00,253271.57,15851.00,0
1777324538915,19950.00,19841.00,258868.75,7924.00,0
1777324538967,39720.00,19758.00,253456.92,15851.00,0
1777324539023,39870.00,19891.00,251899.71,15850.00,0
1777324539076,20040.00,19975.00,258184.85,7925.00,0
1777324539129,40640.00,19852.00,253714.05,15850.00,0
1777324539227,19770.00,19550.00,260000.00,7925.00,0
1777324539256,19710.00,19625.00,258826.30,7924.00,0
1777324539288,20050.00,19733.00,258584.10,7926.00,0
1777324539321,19950.00,19600.00,258205.55,7925.00,0
1777324539354,19960.00,19625.00,258213.33,7924.00,0
1777324539388,20350.00,19700.00,258205.43,7926.00,0
1777324539420,20190.00,19733.00,258795.95,7925.00,0
1777324539454,19590.00,19625.00,258221.20,7924.00,0
1777324539488,19980.00,19600.00,257949.91,7926.00,0
1777324539521,19720.00,19708.00,258769.69,7925.00,0
1777324539556,19850.00,19575.00,259274.25,7924.00,0
1777324539590,19830.00,19697.00,259318.56,7926.00,0
1777324539624,20080.00,19733.00,258966.19,7925.00,0
1777324539659,28790.00,19600.00,259286.41,8057.00,136
1777324539693,31580.00,19625.00,259110.24,8059.00,161
1777324539728,32280.00,19649.00,259164.56,8059.00,167
1777324539764,32650.00,19568.00,259332.41,8057.00,171
1777324539802,65130.00,19600.00,251390.11,16118.00,344
1777324539838,33660.00,19650.00,253388.78,8057.00,177
1777324539872,36430.00,19733.00,254181.74,8059.00,199
1777324539906,36690.00,19720.00,254801.73,8059.00,205
1777324539944,40600.00,19827.00,256294.91,8462.00,251
1777324539981,43660.00,19969.00,256958.61,8473.00,271
1777324540019,42280.00,20133.00,257688.97,8590.00,270
1777324540055,43090.00,20050.00,258675.92,8543.00,273
1777324540094,47750.00,19882.00,259141.59,8482.00,310
1777324540130,47990.00,19824.00,259126.47,8482.00,312
1777324540170,94400.00,19866.00,251800.35,16962.00,600
1777324540211,46420.00,19813.00,252841.39,8446.00,299
1777324540250,46830.00,19851.00,254255.25,8471.00,308
1777324540289,47440.00,19891.00,255623.71,8527.00,310
1777324540329,46660.00,19849.00,257063.51,8500.00,301
1777324540371,94530.00,19827.00,250685.34,16908.00,601
1777324540410,45900.00,19998.00,251389.65,8518.00,299
1777324540448,48640.00,19959.00,252655.35,8444.00,312
1777324540487,47690.00,19848.00,253596.07,8482.00,305
1777324540527,48590.00,19758.00,254935.01,8419.00,309
1777324540568,93560.00,19758.00,248243.57,16944.00,605
1777324540610,46120.00,19878.00,249828.66,8500.00,298
1777324540647,46910.00,19957.00,250598.64,8399.00,298
1777324540687,47090.00,19952.00,251860.60,8482.00,302
1777324540729,47270.00,19913.00,253734.28,8473.00,302
1777324540772,92800.00,19950.00,247514.95,16854.00,594
1777324540815,46730.00,19956.00,249294.64,8581.00,301
1777324540856,44870.00,19840.00,251004.58,8435.00,291
1777324540900,46490.00,19891.00,245373.14,8473.00,298
1777324540944,93190.00,19906.00,248035.35,16980.00,598
1777324540988,46180.00,20020.00,249537.02,8464.00,297
1777324541030,45430.00,19905.00,251635.12,8905.00,294
1777324541074,91420.00,19891.00,245949.34,16890.00,587
1777324541119,46850.00,19942.00,247993.81,8509.00,299
1777324541160,44540.00,19866.00,249831.92,8435.00,286
1777324541215,89760.00,19827.00,246560.46,16802.00,572
1777324541262,44260.00,19866.00,249807.33,8462.00,276
1777324541308,78510.00,19764.00,244299.37,16118.00,463
1777324541354,40380.00,19906.00,248611.59,8057.00,230
1777324541401,78000.00,19885.00,244823.84,16118.00,446
1777324541445,38300.00,19908.00,248426.88,8057.00,222
1777324541488,38740.00,19866.00,251429.08,8059.00,221
1777324541533,77770.00,19928.00,246508.19,16116.00,444
1777324541582,38630.00,19914.00,250842.22,8059.00,221
1777324541642,77760.00,19874.00,250287.64,16116.00,448
1777324541689,20090.00,19805.00,255219.26,7926.00,0
1777324541734,40320.00,19783.00,250902.44,15849.00,0
1777324541780,20050.00,19950.00,255225.03,7926.00,0
1777324541825,19980.00,19975.00,258626.67,7925.00,0
1777324541871,39250.00,19841.00,253067.75,15850.00,0
1777324541918,20130.00,20000.00,257523.28,7925.00,0
1777324541964,39850.00,19891.00,253057.56,15850.00,0
1777324542012,39470.00,20000.00,257681.21,8059.00,223
1777324542057,38490.00,19957.00,260000.00,8057.00,221
1777324542105,76900.00,19866.00,253043.47,16118.00,444
1777324542154,38040.00,19914.00,257852.81,8057.00,214
1777324542204,74980.00,19825.00,253548.99,16118.00,431
1777324542253,38010.00,19917.00,258213.98,8057.00,214
1777324542302,73390.00,19958.00,253270.37,16118.00,415
1777324542351,37170.00,19812.00,258110.16,8057.00,206
1777324542400,74180.00,19783.00,253281.01,16118.00,417
1777324542454,36860.00,19831.00,259144.25,8057.00,208
1777324542604,19780.00,19411.00,260000.00,7926.00,0
1777324542645,19940.00,19358.00,260000.00,7925.00,0
1777324542691,39980.00,19358.00,253244.93,15850.00,0
1777324542733,19960.00,19333.00,256438.78,7925.00,0
1777324542775,20000.00,19358.00,258993.28,7924.00,0
1777324542816,20240.00,19466.00,259930.65,7926.00,0
1777324542857,40110.00,19358.00,252186.30,15849.00,0
1777324542900,20190.00,19368.00,255674.65,7926.00,0
1777324542940,19880.00,19333.00,258152.74,7925.00,0
1777324542978,19980.00,19441.00,259676.97,7924.00,0
1777324543022,39920.00,19333.00,252158.80,15851.00,0
1777324543066,20140.00,19416.00,256158.16,7924.00,0
1777324543108,19890.00,19383.00,259199.82,7926.00,0
1777324543150,39700.00,19250.00,252571.64,15849.00,0
1777324543189,19840.00,19416.00,254903.38,7926.00,0
1777324543229,19770.00,19466.00,256818.20,7925.00,0
1777324543273,38270.00,19383.00,260000.00,8057.00,220
1777324543320,38370.00,19316.00,260000.00,8059.00,220
1777324543363,75200.00,19207.00,252164.30,16116.00,431
1777324543408,38280.00,19340.00,256407.64,8059.00,215
1777324543448,75660.00,19333.00,250612.32,16116.00,431
1777324543493,37430.00,19383.00,254092.45,8059.00,215
1777324543538,39120.00,19383.00,257710.93,8059.00,221
1777324543579,38570.00,19291.00,252165.15,8057.00,220
1777324543621,77220.00,19250.00,254612.78,16118.00,442
1777324543665,38430.00,19381.00,258121.79,8057.00,220
1777324543706,40100.00,19424.00,259797.39,8059.00,233
1777324543749,80150.00,19383.00,252183.76,16116.00,467
1777324543794,41370.00,19293.00,255790.43,8059.00,241
1777324543836,40930.00,19358.00,258876.52,8059.00,242
1777324543879,40430.00,19420.00,260000.00,8057.00,240
1777324543922,82130.00,19286.00,252411.53,16118.00,483
1777324543970,40720.00,19373.00,256283.77,8057.00,240
1777324544015,84520.00,19333.00,252277.53,16118.00,504
1777324544061,42440.00,19286.00,256400.29,8057.00,251
1777324544103,42460.00,19358.00,259414.52,8059.00,252
1777324544156,84670.00,19201.00,254698.84,16116.00,506
1777324544201,42240.00,19516.00,258573.16,8059.00,252
1777324544244,87480.00,19601.00,252493.53,16116.00,523
1777324544288,44520.00,19625.00,255806.46,8059.00,271
1777324544340,44660.00,19547.00,260000.00,8059.00,272
1777324544385,87120.00,19439.00,252686.60,16116.00,522
1777324544431,42760.00,19498.00,256600.68,8059.00,256
1777324544475,40140.00,19568.00,252065.89,15850.00,0
1777324544521,42050.00,19575.00,256076.69,8059.00,256
1777324544577,85130.00,19550.00,254274.74,16116.00,511
1777324544623,43040.00,19625.00,258214.91,8059.00,256
1777324544666,43630.00,19550.00,260000.00,8057.00,260
1777324544711,83220.00,19600.00,252571.98,16118.00,490
1777324544758,41550.00,19537.00,256801.58,8057.00,244
1777324544805,40190.00,19632.00,252828.20,8059.00,235
1777324544850,40420.00,19421.00,256340.64,15849.00,0
1777324544896,19900.00,19527.00,260000.00,7926.00,0
1777324544942,39230.00,19480.00,260000.00,8059.00,229
1777324544998,40140.00,19422.00,255477.47,15850.00,0
1777324545044,39520.00,19581.00,251705.31,15849.00,0
1777324545090,20130.00,19584.00,255927.14,7926.00,0
1777324545134,20210.00,19617.00,259505.44,7925.00,0
1777324545186,39890.00,19575.00,253926.75,15850.00,0
1777324545235,19950.00,19628.00,258925.31,7925.00,0
1777324545282,19830.00,19484.00,253295.32,7924.00,0
1777324545330,39350.00,19484.00,257684.03,15851.00,0
1777324545379,40420.00,19589.00,253695.90,15850.00,0
1777324545543,19860.00,19548.00,259276.92,7925.00,0
1777324545579,40220.00,19175.00,251965.89,15850.00,0
1777324545611,20380.00,19229.00,252496.16,7925.00,0
1777324545705,20110.00,18947.00,260000.00,7924.00,0
1777324545739,19950.00,19041.00,259363.22,7926.00,0
1777324545773,20130.00,19066.00,259212.07,7925.00,0
1777324545808,20150.00,19011.00,259351.61,7924.00,0
1777324545842,19870.00,18971.00,258936.89,7926.00,0
1777324545878,19820.00,18908.00,251528.73,7925.00,0
1777324545915,40460.00,19037.00,252931.53,15850.00,0
1777324545955,20060.00,19175.00,255561.97,7925.00,0
1777324545991,19870.00,19066.00,257024.43,7924.00,0
1777324546027,20170.00,19041.00,257299.80,7926.00,0
1777324546063,19790.00,19041.00,257901.85,7925.00,0
1777324546101,20100.00,18986.00,258458.01,7924.00,0
1777324546136,19830.00,18971.00,259233.57,7926.00,0
1777324546172,20130.00,19066.00,259310.33,7925.00,0
1777324546208,20300.00,19081.00,259408.58,7924.00,0
1777324546247,40380.00,18985.00,251571.39,15851.00,0
1777324546292,19900.00,19051.00,255448.56,7924.00,0
1777324546329,19790.00,18997.00,257567.87,7926.00,0
1777324546366,20150.00,19041.00,258497.69,7925.00,0
1777324546405,29380.00,19066.00,259683.80,8057.00,143
1777324546440,24070.00,19019.00,259121.78,7981.00,55
1777324546481,57910.00,18951.00,251610.07,16116.00,288
1777324546871,39830.00,17679.00,250118.97,15851.00,0
1777324547297,19840.00,16266.00,253485.59,7924.00,0
1777324547474,19820.00,15655.00,254045.39,7926.00,0
1777324547507,20010.00,15788.00,254568.29,7925.00,0
1777324547538,20320.00,15922.00,254858.09,7924.00,0
1777324547578,40190.00,16055.00,248884.81,15851.00,0
1777324547612,20020.00,16240.00,250095.46,7924.00,0
1777324547647,19490.00,16266.00,251112.56,7926.00,0
1777324547682,20020.00,16241.00,252218.79,7925.00,0
1777324547718,19930.00,16158.00,253748.91,7924.00,0
1777324547754,20530.00,16158.00,254305.46,7926.00,0
1777324547789,20060.00,16158.00,255155.11,7925.00,0
1777324547823,19840.00,16266.00,255913.37,7924.00,0
1777324547858,19820.00,16266.00,256757.73,7926.00,0
1777324547896,20370.00,16108.00,257812.52,7925.00,0
1777324547931,20230.00,16158.00,258451.88,7924.00,0
1777324547966,20330.00,16158.00,258453.89,7926.00,0
1777324548001,19960.00,16158.00,259478.72,7925.00,0
1777324548038,19590.00,16188.00,259530.59,7924.00,0
1777324548075,20170.00,16158.00,259686.40,7926.00,0
1777324548113,40040.00,16133.00,251882.01,15849.00,0
1777324548151,19970.00,16266.00,254244.32,7926.00,0
1777324548187,19940.00,16158.00,255487.45,7925.00,0
1777324548225,19730.00,16108.00,256889.70,7924.00,0
1777324548262,20340.00,16108.00,258024.73,7926.00,0
1777324548299,19830.00,16175.00,258559.69,7925.00,0
1777324548343,19980.00,16150.00,260000.00,7924.00,0
1777324548382,40220.00,16241.00,251674.32,15851.00,0
1777324548422,19990.00,16216.00,254889.84,7924.00,0
1777324548460,20280.00,16241.00,256547.06,7926.00,0
1777324548498,20330.00,16191.00,258848.62,7925.00,0
1777324548536,20020.00,16108.00,259985.26,7924.00,0
1777324548574,20200.00,16175.00,259700.29,7926.00,0
1777324548614,40100.00,16108.00,251579.47,15849.00,0
1777324548654,19930.00,16168.00,254782.35,7926.00,0
1777324548693,20190.00,16175.00,256985.47,7925.00,0
1777324548733,20040.00,16153.00,259163.86,7924.00,0
1777324548775,19790.00,16065.00,260000.00,7926.00,0
1777324548817,39640.00,16046.00,252074.08,15849.00,0
1777324548864,20160.00,16129.00,257282.65,7926.00,0
1777324548904,19890.00,16179.00,259546.62,7925.00,0
1777324548947,39570.00,16100.00,252304.83,15850.00,0
1777324548989,19830.00,16129.00,256166.10,7925.00,0
1777324549026,19790.00,16266.00,258016.06,7924.00,0
1777324549065,20160.00,16205.00,259731.91,7926.00,0
1777324549107,19930.00,16108.00,260000.00,7925.00,0
1777324549148,39990.00,16182.00,252155.00,15850.00,0
1777324549189,20020.00,16181.00,255532.92,7925.00,0
1777324549230,19830.00,16182.00,257869.07,7924.00,0
1777324549269,20150.00,16076.00,259861.33,7926.00,0
1777324549311,40070.00,16027.00,252094.58,15849.00,0
1777324549358,20160.00,16216.00,256784.86,7926.00,0
1777324549400,19840.00,16241.00,259630.72,7925.00,0
1777324549442,39570.00,16133.00,252300.30,15850.00,0
1777324549487,20230.00,16266.00,256048.91,7925.00,0
1777324549532,20100.00,16108.00,259804.78,7924.00,0
1777324549573,20150.00,16157.00,260000.00,7926.00,0
1777324549613,39760.00,16074.00,251953.85,15849.00,0
1777324549656,20320.00,16132.00,255268.48,7926.00,0
1777324549697,19930.00,16108.00,257800.19,7925.00,0
1777324549740,19710.00,16069.00,260000.00,7924.00,0
1777324549784,40010.00,16022.00,252371.64,15851.00,0
1777324549828,19690.00,16128.00,256140.40,7924.00,0
1777324549869,19670.00,16266.00,251244.08,7926.00,0
1777324549914,40650.00,16108.00,254434.07,15849.00,0
1777324549960,19730.00,16256.00,258886.58,7926.00,0
1777324550003,19900.00,16241.00,260000.00,7925.00,0
1777324550045,39930.00,16133.00,252300.46,15850.00,0
1777324550089,19920.00,16133.00,255961.38,7925.00,0
1777324550130,20110.00,16158.00,258637.62,7924.00,0
1777324550174,39980.00,16133.00,252495.78,15851.00,0
1777324550217,20150.00,16133.00,256239.84,7924.00,0
1777324550258,19930.00,16158.00,259029.74,7926.00,0
1777324550298,19860.00,16241.00,259898.26,7925.00,0
1777324550339,40170.00,16266.00,252028.23,15850.00,0
1777324550382,19940.00,16266.00,255414.41,7925.00,0
1777324550426,20050.00,16151.00,258578.80,7924.00,0
1777324550470,40020.00,16266.00,252560.79,15851.00,0
1777324550513,19960.00,16483.00,256048.18,7924.00,0
1777324550557,20190.00,16666.00,259113.08,7926.00,0
1777324550600,39960.00,16613.00,252546.39,15849.00,0
1777324550647,20090.00,16508.00,256519.33,7926.00,0
1777324550692,20040.00,16666.00,260000.00,7925.00,0
1777324550738,40300.00,16691.00,252706.20,15850.00,0
1777324550791,19940.00,16750.00,258773.36,7925.00,0
1777324550839,40180.00,16666.00,252933.75,15850.00,0
1777324550889,19680.00,16775.00,258137.03,7925.00,0
1777324550935,39600.00,16775.00,253003.56,15850.00,0
1777324550980,20210.00,16773.00,256968.88,7925.00,0
1777324551024,19870.00,16666.00,260000.00,7924.00,0
1777324551068,40240.00,16691.00,252214.58,15851.00,0
1777324551118,20030.00,16750.00,257375.47,7924.00,0
1777324551164,40050.00,16691.00,252856.94,15851.00,0
1777324551212,20480.00,16775.00,257343.31,7924.00,0
1777324551257,20140.00,16800.00,260000.00,7926.00,0
1777324551302,40200.00,16666.00,252465.12,15849.00,0
1777324551350,20050.00,16775.00,257115.02,7926.00,0
1777324551396,40890.00,16691.00,252957.76,15849.00,0
1777324551444,20120.00,16777.00,257511.34,7926.00,0
1777324551490,19650.00,16825.00,260000.00,7925.00,0
1777324551536,40110.00,16908.00,252703.96,15850.00,0
1777324551586,20210.00,17200.00,257861.89,7925.00,0
1777324551636,40340.00,17333.00,253344.55,15850.00,0
1777324551686,20140.00,17550.00,258786.02,7925.00,0
1777324551736,40140.00,17708.00,253299.21,15850.00,0
1777324551786,19730.00,17950.00,258750.93,7925.00,0
1777324551835,40130.00,18108.00,253029.92,15850.00,0
1777324551886,20250.00,18185.00,258683.71,7925.00,0
1777324551939,59320.00,18104.00,253805.06,16116.00,292
1777324551992,57550.00,18315.00,251638.46,16116.00,273
1777324552043,28240.00,18586.00,256984.77,8059.00,136
1777324552094,56720.00,18770.00,253518.71,16116.00,274
1777324552146,28830.00,18986.00,258911.73,8059.00,136
1777324552196,39740.00,19145.00,253537.16,15849.00,0
1777324552249,20050.00,19383.00,259283.90,7926.00,0
1777324552301,39630.00,19441.00,253650.00,15849.00,0
1777324552359,19680.00,19575.00,260000.00,7926.00,0
1777324552412,40270.00,19708.00,253841.40,15849.00,0
1777324552465,40100.00,19950.00,251912.64,15851.00,0
1777324552519,19970.00,20108.00,258157.25,7924.00,0
1777324552575,40190.00,20106.00,254368.05,15851.00,0
1777324552630,40240.00,20000.00,252942.91,15850.00,0
1777324552685,19840.00,19975.00,259566.39,7925.00,0
1777324552740,40000.00,19975.00,254263.92,15850.00,0
1777324552796,39980.00,19975.00,252784.04,15849.00,0
1777324552850,19990.00,20133.00,259283.75,7926.00,0
1777324552902,39910.00,20025.00,253745.97,15849.00,0
1777324552958,40490.00,20083.00,252302.40,15851.00,0
1777324553013,19920.00,20083.00,258976.70,7924.00,0
1777324553067,39600.00,20108.00,254106.83,15851.00,0
1777324553128,19990.00,20108.00,253879.06,7924.00,0
1777324553300,40430.00,19466.00,260000.00,15851.00,0
1777324553400,19830.00,19363.00,260000.00,7924.00,0
1777324553437,39750.00,19200.00,251757.72,15851.00,0
1777324553477,20120.00,19390.00,254051.85,7924.00,0
1777324553514,19950.00,19439.00,256078.99,7926.00,0
1777324553548,19810.00,19466.00,257068.45,7925.00,0
1777324553581,20250.00,19466.00,257552.08,7924.00,0
1777324553611,20250.00,19466.00,256800.17,7926.00,0
1777324553649,20310.00,19358.00,257768.97,7925.00,0
1777324553685,19970.00,19308.00,258008.22,7924.00,0
1777324553720,19710.00,19341.00,258565.79,7926.00,0
1777324553757,19810.00,19358.00,259905.83,7925.00,0
1777324553792,20250.00,19358.00,259401.16,7924.00,0
1777324553829,20120.00,19441.00,259798.93,7926.00,0
1777324553869,40400.00,19358.00,252300.00,15849.00,0
1777324553907,20150.00,19416.00,254356.00,7926.00,0
1777324553944,19570.00,19491.00,256008.86,7925.00,0
1777324553983,19910.00,19358.00,258125.20,7924.00,0
1777324554020,19700.00,19308.00,259218.37,7926.00,0
1777324554057,19800.00,19358.00,259579.52,7925.00,0
1777324554095,19880.00,19358.00,259701.61,7924.00,0
1777324554135,40480.00,19333.00,252023.22,15855.00,4
1777324554177,22130.00,19333.00,255292.52,7951.00,27
1777324554217,24040.00,19358.00,257486.13,7979.00,53
1777324554259,25120.00,19333.00,260000.00,7994.00,69
1777324554300,46210.00,19358.00,252044.22,15926.00,76
1777324554340,24640.00,19333.00,255149.40,7990.00,65
1777324554381,26230.00,19333.00,257438.56,8020.00,96
1777324554420,26660.00,19358.00,259535.71,8024.00,98
1777324554460,27900.00,19403.00,259991.16,8059.00,135
1777324554500,27510.00,19358.00,252152.70,8057.00,134
1777324554544,52890.00,19333.00,255187.89,16045.00,194
1777324554586,25240.00,19441.00,258407.41,8003.00,79
1777324554622,25340.00,19466.00,259601.05,8007.00,81
1777324554659,28360.00,19333.00,259397.58,8059.00,135
1777324554699,50830.00,19358.00,252039.51,16003.00,153
1777324554741,28270.00,19416.00,254899.77,8059.00,135
1777324554783,27550.00,19491.00,257739.34,8057.00,134
1777324554824,30230.00,19358.00,260000.00,8059.00,153
1777324554866,30650.00,19308.00,252531.13,8059.00,154
1777324554907,59530.00,19358.00,254786.92,16116.00,296
1777324554949,29760.00,19327.00,257843.52,8059.00,149
1777324554989,30290.00,19358.00,260000.00,8057.00,148
1777324555029,59470.00,19358.00,252094.91,16118.00,299
1777324555071,30680.00,19327.00,254858.23,8057.00,154
1777324555112,31130.00,19329.00,257084.10,8059.00,158
1777324555156,31300.00,19328.00,259924.05,8059.00,165
1777324555203,61240.00,19244.00,252792.20,16116.00,317
1777324555250,29990.00,19273.00,257194.42,8059.00,154
1777324555288,30750.00,19358.00,259844.85,8057.00,154
1777324555328,62510.00,19358.00,251865.28,16118.00,318
1777324555367,31570.00,19323.00,254134.18,8057.00,163
1777324555407,31760.00,19327.00,256257.47,8059.00,164
1777324555447,31800.00,19358.00,258476.11,8059.00,165
1777324555492,31540.00,19435.00,260000.00,8057.00,163
1777324555534,63620.00,19200.00,252478.83,16118.00,329
1777324555578,31400.00,19377.00,255727.77,8057.00,163
1777324555619,31070.00,19441.00,258314.77,8059.00,164
1777324555660,63450.00,19333.00,252050.00,16116.00,328
1777324555703,32390.00,19404.00,255290.03,8059.00,169
1777324555746,32140.00,19434.00,257957.34,8059.00,170
1777324555791,31370.00,19351.00,260000.00,8057.00,169
1777324555836,64270.00,19358.00,252744.09,16118.00,339
1777324555879,31350.00,19319.00,255953.06,8057.00,163
1777324555923,65130.00,19358.00,251179.31,16118.00,339
1777324555979,31230.00,19269.00,257654.10,8057.00,163
1777324556025,62980.00,19327.00,252782.46,16118.00,329
1777324556071,31510.00,19404.00,256702.54,8057.00,163
1777324556114,32380.00,19352.00,259997.60,8059.00,169
1777324556158,64130.00,19301.00,252525.06,16116.00,339
1777324556206,31970.00,19383.00,256668.48,8059.00,169
1777324556253,32360.00,19358.00,260000.00,8059.00,170
1777324556299,64670.00,19326.00,252919.49,16116.00,338
1777324556346,31990.00,19319.00,257096.35,8059.00,165
1777324556398,63340.00,19302.00,254228.16,16116.00,327
1777324556444,31440.00,19383.00,258426.15,8059.00,165
1777324556490,63580.00,19333.00,252756.34,16116.00,327
1777324556537,31530.00,19429.00,256768.52,8059.00,165
1777324556588,31950.00,19302.00,260000.00,8057.00,163
1777324556635,62450.00,19302.00,252731.48,16118.00,328
1777324556682,32010.00,19358.00,257110.57,8057.00,163
1777324556728,65360.00,19327.00,252736.03,16118.00,340
1777324556776,31890.00,19383.00,257169.67,8057.00,169
1777324556822,65020.00,19358.00,252710.26,16118.00,340
1777324556868,34650.00,19318.00,256700.16,8057.00,183
1777324556915,34210.00,19358.00,260000.00,8059.00,183
1777324556963,67810.00,19431.00,253021.18,16116.00,367
1777324557010,33660.00,19396.00,257405.29,8059.00,183
1777324557059,67830.00,19298.00,253165.11,16116.00,367
1777324557111,34290.00,19466.00,258443.49,8059.00,183
1777324557166,68300.00,19333.00,253754.87,16116.00,367
1777324557222,33650.00,19343.00,260000.00,8059.00,183
1777324557272,40330.00,19298.00,253571.61,15849.00,0
1777324557326,39920.00,19416.00,251580.38,15851.00,0
1777324557378,19720.00,19466.00,257548.03,7924.00,0
1777324557436,39750.00,19441.00,255374.04,15851.00,0
1777324557489,19870.00,19416.00,260000.00,7924.00,0
1777324557539,40370.00,19357.00,253530.92,15851.00,0
1777324557592,39910.00,19416.00,251154.01,15850.00,0
1777324557645,20030.00,19416.00,257267.94,7925.00,0
1777324557762,40100.00,19308.00,253743.57,15850.00,0
1777324557792,20270.00,19150.00,259109.36,7925.00,0
1777324557819,19640.00,19041.00,257866.41,7924.00,0
1777324557849,19650.00,19175.00,256650.04,7926.00,0
1777324557877,20160.00,19175.00,255516.39,7925.00,0
1777324557905,19880.00,19308.00,253963.00,7924.00,0
1777324557954,20340.00,19250.00,257980.01,7926.00,0
1777324557982,20280.00,19116.00,256726.70,7925.00,0
1777324558011,19710.00,19200.00,254762.75,7924.00,0
1777324558039,20020.00,19225.00,253740.35,7926.00,0
1777324558068,37680.00,19333.00,252997.20,8059.00,212
1777324558125,37520.00,19200.00,258090.13,8057.00,210
1777324558160,39190.00,19159.00,258806.06,8059.00,230
1777324558195,40700.00,19333.00,258525.40,8059.00,232
1777324558229,39720.00,19466.00,259194.26,8057.00,231
1777324558269,39660.00,19555.00,260000.00,8059.00,231
1777324558306,40510.00,19688.00,259626.38,8059.00,238
1777324558343,86340.00,19650.00,251507.86,16116.00,516
1777324558382,43290.00,19916.00,253934.79,8059.00,259
1777324558419,45940.00,19841.00,255657.65,8057.00,287
1777324558457,48750.00,19727.00,257152.93,8059.00,309
1777324558494,47970.00,19758.00,258675.26,8059.00,310
1777324558532,47620.00,19758.00,259820.63,8057.00,309
1777324558569,46980.00,19698.00,259924.87,8059.00,298
1777324558606,46190.00,19700.00,259586.26,8059.00,290
1777324558651,91940.00,19760.00,253235.59,16116.00,578
1777324558698,46080.00,19754.00,257316.22,8059.00,290
1777324558737,45130.00,19840.00,259443.96,8057.00,288
1777324558779,91510.00,19758.00,252051.03,16118.00,577
1777324558822,46290.00,19779.00,255722.42,8057.00,288
1777324558861,46920.00,19891.00,257818.94,8059.00,288
1777324558907,46170.00,19727.00,260000.00,8059.00,295
1777324558951,91170.00,19733.00,252304.07,16116.00,576
1777324558993,45270.00,19754.00,255967.94,8059.00,279
1777324559032,43810.00,19812.00,258083.39,8057.00,266
1777324559072,43980.00,19866.00,260000.00,8059.00,267
1777324559118,88200.00,19706.00,253460.87,16116.00,534
1777324559161,42880.00,19688.00,256751.91,8059.00,267
1777324559202,44220.00,19706.00,259392.25,8059.00,268
1777324559246,87750.00,19706.00,252664.50,16116.00,533
1777324559289,43250.00,19891.00,256333.45,8059.00,268
1777324559328,44040.00,19731.00,258397.31,8057.00,266
1777324559367,43440.00,19706.00,260000.00,8059.00,267
1777324559407,88690.00,19758.00,252164.04,16116.00,534
1777324559448,44840.00,19788.00,254958.61,8059.00,267
1777324559489,44010.00,19891.00,257512.12,8059.00,268
1777324559541,88080.00,19815.00,254432.18,16116.00,533
1777324559585,44400.00,19916.00,258129.69,8059.00,273
1777324559627,45520.00,19814.00,260000.00,8057.00,283
1777324559669,45300.00,19825.00,260000.00,8059.00,272
1777324559713,88320.00,19813.00,252702.85,16116.00,546
1777324559759,43430.00,19760.00,256499.82,8059.00,267
1777324559803,44240.00,19814.00,259981.51,8059.00,268
1777324559850,87820.00,19815.00,253142.03,16116.00,533
1777324559897,44370.00,19849.00,257701.70,8059.00,268
1777324559942,84480.00,19737.00,252896.41,16116.00,513
1777324559988,42590.00,19795.00,256198.12,8059.00,258
1777324560034,43640.00,19866.00,260000.00,8057.00,256
1777324560080,85640.00,19740.00,253009.18,16118.00,515
1777324560127,19980.00,19767.00,257828.98,7924.00,0
1777324560176,83460.00,19841.00,254070.42,16118.00,491
1777324560219,41840.00,20000.00,257520.01,8057.00,245
1777324560260,41410.00,19879.00,259924.61,8059.00,246
1777324560302,82180.00,19866.00,252409.51,16116.00,492
1777324560344,41360.00,19905.00,255416.68,8059.00,246
1777324560388,19680.00,19863.00,258596.54,7925.00,0
1777324560432,19790.00,19764.00,260000.00,7924.00,0
1777324560475,40210.00,19739.00,252649.49,15851.00,0
1777324560520,20040.00,19897.00,256554.98,7924.00,0
1777324560569,20080.00,19770.00,260000.00,7926.00,0
1777324560615,40110.00,19739.00,253125.59,15849.00,0
1777324560663,20020.00,19816.00,257783.87,7926.00,0
1777324560710,40110.00,19770.00,253429.20,15849.00,0
1777324560756,20070.00,19816.00,257609.31,7926.00,0
1777324560808,40090.00,19841.00,254738.16,15849.00,0
1777324560856,19930.00,20000.00,259352.38,7926.00,0
1777324560900,40010.00,19866.00,252877.52,15849.00,0
1777324560947,38490.00,19950.00,257146.56,8059.00,219
1777324560995,38550.00,19824.00,260000.00,8059.00,225
1777324561041,77490.00,19823.00,253009.27,16116.00,447
1777324561090,37970.00,19780.00,257735.46,8059.00,219
1777324561137,76160.00,19824.00,253218.49,16116.00,436
1777324561185,38690.00,19923.00,257805.51,8059.00,219
1777324561231,38510.00,19866.00,260000.00,8057.00,218
1777324561282,75880.00,19824.00,254098.75,16118.00,437
1777324561332,76860.00,19753.00,251148.70,16116.00,436
1777324561382,37530.00,19813.00,255981.57,8059.00,219
1777324561486,60170.00,19645.00,254187.13,23775.00,0
1777324561594,20110.00,19525.00,260000.00,7924.00,0
1777324561621,20220.00,19575.00,258465.73,7926.00,0
1777324561653,19500.00,19503.00,257875.43,7925.00,0
1777324561685,20160.00,19575.00,257909.74,7924.00,0
1777324561720,19970.00,19575.00,258357.57,7926.00,0
1777324561754,19890.00,19506.00,258490.65,7925.00,0
1777324561788,20030.00,19507.00,258459.33,7924.00,0
1777324561822,19930.00,19600.00,258472.52,7926.00,0
1777324561855,19780.00,19531.00,259256.57,7925.00,0
1777324562030,20080.00,19501.00,260000.00,7924.00,0
1777324562066,19710.00,19066.00,259931.25,7926.00,0
1777324562101,19940.00,18933.00,259692.66,7925.00,0
1777324562136,19970.00,18943.00,259338.38,7924.00,0
1777324562173,40340.00,19041.00,251838.05,15851.00,0
1777324562212,20020.00,19086.00,254443.61,7924.00,0
1777324562247,20010.00,19101.00,254545.82,7926.00,0
1777324562284,19410.00,19199.00,255012.00,7925.00,0
1777324562323,20550.00,19091.00,257363.15,7924.00,0
1777324562359,19760.00,18908.00,258724.36,7926.00,0
1777324562395,19600.00,18958.00,258718.30,7925.00,0
1777324562431,19870.00,19066.00,259602.01,7924.00,0
1777324562468,38060.00,18958.00,259839.17,8059.00,215
1777324562505,39890.00,18917.00,259668.78,8059.00,229
1777324562542,39620.00,19035.00,251800.14,8057.00,228
1777324562582,78150.00,18983.00,253583.51,16118.00,457
1777324562622,39200.00,18895.00,256354.15,8057.00,228
1777324562660,40210.00,18993.00,257775.87,8059.00,237
1777324562697,40900.00,19066.00,259366.88,8059.00,238
1777324562733,39940.00,19200.00,259542.52,8057.00,236
1777324562772,79900.00,19287.00,252007.83,16118.00,475
1777324562810,42450.00,19133.00,254282.44,8057.00,256
1777324562844,44080.00,19225.00,254892.48,8059.00,262
1777324562881,43490.00,19225.00,255713.60,8059.00,264
1777324562923,43510.00,19041.00,258318.48,8057.00,263
1777324562965,42730.00,19150.00,260000.00,8059.00,262
1777324563003,43450.00,19091.00,259933.73,8059.00,263
1777324563042,87220.00,19016.00,251824.54,16116.00,525
1777324563083,41360.00,19098.00,254834.42,8059.00,243
1777324563119,40410.00,19153.00,256179.67,8057.00,242
1777324563157,40980.00,19240.00,257494.69,8059.00,242
1777324563197,40370.00,19153.00,259823.92,8059.00,235
1777324563240,40480.00,19200.00,252508.26,8057.00,234
1777324563283,77720.00,19199.00,255467.21,16118.00,460
1777324563325,39480.00,19157.00,258613.04,8057.00,229
1777324563368,39330.00,19191.00,260000.00,8059.00,228
1777324563412,77670.00,19072.00,252579.39,16116.00,457
1777324563457,39660.00,19167.00,256783.88,8059.00,228
1777324563498,37850.00,19156.00,259386.78,8059.00,211
1777324563541,74790.00,19159.00,252365.64,16116.00,417
1777324563585,37450.00,19253.00,256292.83,8059.00,210
1777324563630,36940.00,19216.00,259669.40,8057.00,208
1777324563673,37020.00,19293.00,260000.00,8059.00,209
1777324563719,74460.00,19159.00,253195.67,16116.00,418
1777324563777,72880.00,19119.00,252109.65,16118.00,408
1777324563824,36170.00,19287.00,256560.43,8057.00,203
1777324563870,36530.00,19161.00,260000.00,8059.00,203
1777324563914,73460.00,19217.00,252778.22,16116.00,408
1777324563958,35390.00,19255.00,256521.64,8059.00,196
1777324564002,34670.00,19274.00,259680.96,8059.00,197
1777324564047,39840.00,19162.00,253151.58,15850.00,0
1777324564091,19960.00,19333.00,257226.59,7925.00,0
1777324564132,20020.00,19308.00,259757.37,7924.00,0
1777324564175,39970.00,19175.00,252460.29,15851.00,0
1777324564218,19850.00,19283.00,256521.76,7924.00,0
1777324564260,19550.00,19329.00,259360.31,7926.00,0
1777324564301,40120.00,19175.00,252401.60,15849.00,0
1777324564346,35600.00,19283.00,256052.02,8059.00,191
1777324564388,34740.00,19272.00,259131.38,8059.00,191
1777324564430,35060.00,19234.00,260000.00,8057.00,189
1777324564473,68800.00,19118.00,252606.56,16118.00,371
1777324564518,34750.00,19262.00,256114.84,8057.00,185
1777324564561,34830.00,19301.00,259436.57,8059.00,185
1777324564613,39910.00,19084.00,254774.18,15849.00,0
1777324564658,19830.00,19205.00,258881.71,7926.00,0
1777324564703,40190.00,19227.00,252998.53,15849.00,0
1777324564770,33020.00,19255.00,260000.00,8059.00,171
1777324564826,66050.00,19167.00,255565.75,16116.00,344
1777324564873,40080.00,19333.00,251985.69,15851.00,0
1777324564918,20110.00,19386.00,255977.11,7924.00,0
1777324564963,31400.00,19333.00,259420.42,8059.00,167
1777324565009,63000.00,19267.00,253013.24,16116.00,336
1777324565072,32490.00,19290.00,259983.16,8059.00,166
1777324565118,63900.00,19134.00,253130.48,16116.00,334
1777324565166,19780.00,19161.00,257641.34,7926.00,0
1777324565212,39910.00,19136.00,253069.11,15849.00,0
1777324565261,20560.00,19197.00,258198.53,7926.00,0
1777324565313,40110.00,19175.00,253335.97,15849.00,0
1777324565368,20290.00,19245.00,260000.00,7926.00,0
1777324565415,40620.00,19091.00,253448.26,15849.00,0
1777324565464,20350.00,19175.00,258272.24,7926.00,0
1777324565511,39880.00,19091.00,253468.92,15849.00,0
1777324565563,20020.00,19175.00,259301.98,7926.00,0
1777324565611,39740.00,19200.00,253456.58,15849.00,0
1777324565676,39980.00,19150.00,254329.67,15851.00,0
1777324565727,19650.00,19283.00,259931.11,7924.00,0
1777324565777,40080.00,19200.00,253832.01,15851.00,0
1777324565827,20100.00,19283.00,259126.81,7924.00,0
1777324565883,40200.00,19175.00,255158.80,15851.00,0
1777324565934,39850.00,19066.00,252781.63,15850.00,0
1777324565987,20170.00,19192.00,258790.19,7925.00,0
1777324566037,39790.00,19218.00,253956.99,15850.00,0
1777324566095,20350.00,19236.00,260000.00,7925.00,0
1777324566148,39760.00,19175.00,254408.26,15850.00,0
1777324566202,40550.00,19175.00,252684.61,15849.00,0
1777324566258,20280.00,19283.00,259418.55,7926.00,0
1777324566312,39760.00,19333.00,254580.36,15849.00,0
1777324566367,20010.00,19114.00,253214.00,7926.00,0
1777324566420,40000.00,19175.00,258810.04,15849.00,0
1777324566474,40370.00,19283.00,254687.80,15851.00,0
1777324566529,20430.00,19223.00,260000.00,7924.00,0
1777324566584,40520.00,19408.00,254735.02,15851.00,0
1777324566640,40190.00,19441.00,253418.20,15850.00,0
1777324566702,19690.00,19441.00,260000.00,7925.00,0
1777324566762,40250.00,19333.00,255573.49,15850.00,0
1777324566819,39990.00,19416.00,254787.10,15849.00,0
1777324566877,39830.00,19416.00,253882.99,15851.00,0
1777324566948,40060.00,19550.00,256369.70,15850.00,0
1777324567017,39570.00,19866.00,256364.44,15849.00,0
1777324567075,19660.00,19975.00,254302.94,7926.00,0
1777324567133,39730.00,19975.00,260000.00,15849.00,0
1777324567198,39790.00,19975.00,255571.55,15851.00,0
1777324567266,40230.00,19842.00,256588.75,15850.00,0
1777324567334,40200.00,19841.00,257714.75,15849.00,0
1777324567395,40470.00,19923.00,256003.23,15851.00,0
1777324567452,39940.00,19950.00,255080.66,15850.00,0
1777324567508,20380.00,20000.00,260000.00,7925.00,0
1777324567577,40520.00,19975.00,257906.87,15850.00,0
1777324567642,40280.00,19954.00,256902.59,15849.00,0
1777324567704,39860.00,19862.00,256432.37,15851.00,0
1777324567764,39940.00,19941.00,255392.57,15850.00,0
1777324567822,20010.00,19908.00,255197.81,7925.00,0
1777324567878,39560.00,19866.00,260000.00,15850.00,0
1777324567934,39980.00,19867.00,254867.90,15849.00,0
1777324567993,40180.00,19950.00,254264.95,15851.00,0
1777324568051,39720.00,20000.00,253387.93,15850.00,0
1777324568107,19680.00,20051.00,260000.00,7925.00,0
1777324568161,39220.00,19888.00,254232.51,15850.00,0
1777324568217,39770.00,19996.00,253063.06,15849.00,0
1777324568274,20230.00,20133.00,260000.00,7926.00,0
1777324568330,40030.00,19955.00,254634.17,15849.00,0
1777324568389,39750.00,19950.00,253955.97,15851.00,0
1777324568445,20000.00,20083.00,260000.00,7924.00,0
1777324568502,39710.00,19885.00,254897.77,15851.00,0
1777324568558,40960.00,19990.00,253851.09,15850.00,0
1777324568626,40040.00,19959.00,254914.79,15849.00,0
1777324568682,40310.00,19990.00,254215.58,15851.00,0
1777324568738,20230.00,20083.00,260000.00,7924.00,0
1777324568808,40310.00,19975.00,258153.33,15851.00,0
1777324568865,40100.00,19855.00,255061.45,15850.00,0
1777324568922,39540.00,19989.00,253990.40,15849.00,0
1777324568984,39480.00,20028.00,253697.46,15851.00,0
1777324569044,19950.00,19987.00,260000.00,7924.00,0
1777324569100,40080.00,19841.00,254648.40,15851.00,0
1777324569157,39920.00,19950.00,253639.31,15850.00,0
1777324569221,20370.00,19866.00,260000.00,7925.00,0
1777324569277,39550.00,19841.00,254928.38,15850.00,0
1777324569334,39820.00,19971.00,253798.34,15849.00,0
1777324569393,19790.00,19875.00,260000.00,7926.00,0
1777324569463,39870.00,19841.00,258160.78,15849.00,0
1777324569520,40040.00,19754.00,254804.47,15851.00,0
1777324569577,40170.00,19816.00,253920.48,15850.00,0
1777324569641,20340.00,19950.00,260000.00,7925.00,0
1777324569698,40040.00,19733.00,254889.91,15850.00,0
1777324569755,39960.00,19733.00,254020.93,15849.00,0
1777324569811,40050.00,19950.00,252778.84,15851.00,0
1777324569889,40320.00,19816.00,254622.98,15850.00,0
1777324569943,19840.00,19816.00,260000.00,7925.00,0
1777324570001,40340.00,19740.00,255211.87,15850.00,0
1777324570059,39910.00,19747.00,254177.85,15849.00,0
1777324570114,40030.00,19848.00,252900.16,15851.00,0
1777324570167,19780.00,19880.00,259049.28,7924.00,0
1777324570230,39660.00,19891.00,254945.48,15851.00,0
1777324570310,39710.00,19708.00,259840.22,15850.00,0
1777324570364,40120.00,19733.00,254295.03,15849.00,0
1777324570420,40200.00,19816.00,252824.82,15851.00,0
1777324570479,19850.00,19816.00,260000.00,7924.00,0
1777324570534,40240.00,19841.00,254558.06,15851.00,0
1777324570593,39730.00,19816.00,252834.51,15850.00,0
1777324570652,19940.00,19949.00,253555.84,7925.00,0
1777324570721,39870.00,19625.00,260000.00,15850.00,0
1777324570777,39880.00,19683.00,254688.54,15849.00,0
1777324570832,39740.00,19733.00,253235.41,15851.00,0
1777324570886,20320.00,19841.00,259439.43,7924.00,0
1777324570939,39300.00,19783.00,254085.84,15851.00,0
1777324571000,39850.00,19683.00,253901.80,15850.00,0
1777324571058,20150.00,19816.00,260000.00,7925.00,0
1777324571114,40100.00,19708.00,254919.52,15850.00,0
1777324571170,39970.00,19816.00,253482.65,15849.00,0
1777324571224,20160.00,19816.00,259825.31,7926.00,0
1777324571276,39470.00,19757.00,253881.51,15849.00,0
1777324571330,40470.00,19816.00,251917.51,15851.00,0
1777324571383,20220.00,19816.00,258282.86,7924.00,0
1777324571437,39840.00,19841.00,254121.25,15851.00,0
1777324571491,19570.00,19866.00,260000.00,7924.00,0
1777324571562,39930.00,19681.00,258557.73,15851.00,0
1777324571622,40020.00,19763.00,255284.75,15850.00,0
1777324571677,40600.00,19600.00,254174.72,15849.00,0
1777324571738,19810.00,19708.00,254235.22,7926.00,0
1777324571794,40150.00,19791.00,260000.00,15849.00,0
1777324571852,40300.00,19816.00,255126.14,15851.00,0
1777324571906,39880.00,19816.00,253695.76,15850.00,0
1777324571959,20050.00,19816.00,259758.25,7925.00,0
1777324572012,40400.00,19733.00,253836.88,15850.00,0
1777324572065,40430.00,19733.00,251989.98,15849.00,0
1777324572119,19940.00,19841.00,258264.16,7926.00,0
1777324572191,39790.00,19708.00,258713.72,15849.00,0
1777324572245,40210.00,19733.00,254362.67,15851.00,0
1777324572300,39940.00,19733.00,252784.25,15850.00,0
1777324572354,19840.00,20000.00,258996.73,7925.00,0
1777324572407,39970.00,19841.00,254202.16,15850.00,0
1777324572463,20060.00,19816.00,260000.00,7925.00,0
1777324572517,40030.00,19758.00,254446.08,15850.00,0
1777324572579,40180.00,19816.00,254250.95,15849.00,0
1777324572635,39580.00,19816.00,253323.04,15851.00,0
1777324572689,19850.00,19866.00,259527.50,7924.00,0
1777324572741,40040.00,19792.00,253984.14,15851.00,0
1777324572793,20290.00,19896.00,259592.65,7924.00,0
1777324572844,39850.00,19841.00,253687.45,15851.00,0
1777324572898,40440.00,19950.00,251689.24,15850.00,0
1777324572953,19960.00,19999.00,258378.62,7925.00,0
1777324573006,39520.00,19841.00,253965.63,15850.00,0
1777324573059,20180.00,19816.00,260000.00,7925.00,0
1777324573113,40440.00,19758.00,254293.99,15850.00,0
1777324573167,40020.00,19841.00,252679.01,15849.00,0
1777324573219,19950.00,19866.00,258360.33,7926.00,0
1777324573271,40100.00,19716.00,253979.80,15849.00,0
1777324573335,39640.00,19816.00,253358.01,15851.00,0
1777324573389,19780.00,19866.00,260000.00,7924.00,0
1777324573461,39470.00,19733.00,257545.28,15851.00,0
1777324573518,40070.00,19834.00,254241.12,15850.00,0
1777324573575,40410.00,19816.00,253141.62,15849.00,0
1777324573635,20000.00,19816.00,260000.00,7926.00,0
1777324573699,39820.00,19733.00,255802.67,15849.00,0
1777324573755,40010.00,19683.00,254742.52,15851.00,0
1777324573812,40220.00,19835.00,253586.22,15850.00,0
1777324573871,19610.00,19866.00,260000.00,7925.00,0
1777324573926,39530.00,19758.00,254404.15,15850.00,0
1777324573981,39910.00,19733.00,253091.87,15849.00,0
1777324574038,19930.00,19733.00,259876.45,7926.00,0
1777324574092,39880.00,19733.00,254179.36,15849.00,0
1777324574148,19890.00,19733.00,253142.66,7926.00,0
1777324574201,39640.00,19650.00,258840.27,15849.00,0
1777324574257,40290.00,19708.00,254763.86,15851.00,0
1777324574315,40350.00,19733.00,253832.61,15850.00,0
1777324574371,20050.00,19733.00,260000.00,7925.00,0
1777324574433,39920.00,19841.00,254725.51,15850.00,0
1777324574508,40140.00,19733.00,258402.80,15849.00,0
1777324574565,39530.00,19757.00,254811.85,15851.00,0
1777324574621,40030.00,19733.00,253640.24,15850.00,0
1777324574677,20000.00,19841.00,260000.00,7925.00,0
1777324574732,40200.00,19921.00,254356.71,15850.00,0
1777324574787,40330.00,19924.00,252760.32,15849.00,0
1777324574842,20100.00,19949.00,259459.73,7926.00,0
1777324574891,39760.00,19841.00,252981.20,15849.00,0
1777324574948,39780.00,19866.00,251635.34,15851.00,0
1777324575002,19940.00,19950.00,258007.56,7924.00,0
1777324575077,39870.00,19891.00,259062.95,15851.00,0
1777324575133,40330.00,19816.00,254724.96,15850.00,0
1777324575189,40160.00,19866.00,253390.99,15849.00,0
1777324575247,20210.00,19950.00,260000.00,7926.00,0
1777324575504,40630.00,19891.00,256043.87,15849.00,0
1777324575555,40110.00,18983.00,254680.73,15851.00,0
1777324575596,40290.00,19200.00,249745.85,15850.00,0
1777324575633,20220.00,19250.00,252018.65,7925.00,0
1777324575669,20310.00,19308.00,252925.47,7924.00,0
1777324575706,20150.00,19308.00,254886.89,7926.00,0
1777324575744,20180.00,19225.00,256540.88,7925.00,0
1777324575783,19980.00,19333.00,258576.95,7924.00,0
1777324575821,19830.00,19225.00,259617.87,7926.00,0
1777324575860,40050.00,19091.00,251781.75,15849.00,0
1777324575903,19840.00,19312.00,254984.01,7926.00,0
1777324575941,20040.00,19308.00,257183.98,7925.00,0
1777324575979,19780.00,19225.00,259317.40,7924.00,0
1777324576018,20100.00,19280.00,259803.33,7926.00,0
1777324576057,40090.00,19200.00,251672.25,15849.00,0
1777324576097,19740.00,19308.00,254532.01,7926.00,0
1777324576137,20140.00,19250.00,256694.91,7925.00,0
1777324576175,19680.00,19333.00,258718.95,7924.00,0
1777324576216,20030.00,19225.00,259932.81,7926.00,0
1777324576255,19910.00,19225.00,252141.37,7925.00,0
1777324576298,40190.00,19280.00,254703.92,15850.00,0
1777324576340,20000.00,19283.00,258257.90,7925.00,0
1777324576378,20030.00,19175.00,259456.65,7924.00,0
1777324576417,20400.00,19225.00,259918.77,7926.00,0
1777324576459,39720.00,19091.00,252219.34,15849.00,0
1777324576507,20290.00,19283.00,256960.48,7926.00,0
1777324576549,19570.00,19308.00,259843.78,7925.00,0
1777324576592,20120.00,19225.00,260000.00,7924.00,0
1777324576635,39580.00,19308.00,252396.53,15851.00,0
1777324576678,19730.00,19283.00,255922.52,7924.00,0
1777324576720,20300.00,19250.00,258748.79,7926.00,0
1777324576763,40060.00,19200.00,252168.72,15849.00,0
1777324576805,20160.00,19416.00,255939.60,7926.00,0
1777324576847,19830.00,19358.00,258474.96,7925.00,0
1777324576888,40000.00,19250.00,252122.87,15850.00,0
1777324576933,19760.00,19361.00,255830.85,7925.00,0
1777324576975,20030.00,19308.00,258976.08,7924.00,0
1777324577013,20270.00,19333.00,259540.29,7926.00,0
1777324577053,39770.00,19225.00,251839.28,15849.00,0
1777324577095,20120.00,19200.00,255051.82,7926.00,0
1777324577135,20030.00,19333.00,257368.73,7925.00,0
1777324577178,20010.00,19333.00,260000.00,7924.00,0
1777324577220,19850.00,19225.00,260000.00,7926.00,0
1777324577262,39570.00,19308.00,252077.51,15849.00,0
1777324577307,19980.00,19333.00,256082.95,7926.00,0
1777324577351,20120.00,19250.00,259485.97,7925.00,0
1777324577394,40220.00,19200.00,252153.54,15850.00,0
1777324577437,19990.00,19200.00,255906.52,7925.00,0
1777324577477,19980.00,19308.00,258681.07,7924.00,0
1777324577519,39980.00,19333.00,252049.05,15851.00,0
1777324577562,20150.00,19383.00,255443.26,7924.00,0
1777324577604,19730.00,19225.00,258294.72,7926.00,0
1777324577646,19970.00,19333.00,259825.00,7925.00,0
1777324577692,40500.00,19225.00,252749.23,15850.00,0
1777324577739,20510.00,19283.00,257254.49,7925.00,0
1777324577785,39090.00,19225.00,252829.18,15850.00,0
1777324577832,20100.00,19358.00,257005.02,7925.00,0
1777324577872,20310.00,19225.00,259864.26,7924.00,0
1777324577914,19970.00,19333.00,259738.32,7926.00,0
1777324577960,40160.00,19175.00,252572.27,15849.00,0
1777324578006,20200.00,19283.00,256981.51,7926.00,0
1777324578050,40500.00,19225.00,252325.22,15849.00,0
1777324578097,19830.00,19358.00,256813.12,7926.00,0
1777324578140,20050.00,19225.00,259993.66,7925.00,0
1777324578185,40020.00,19333.00,252647.74,15850.00,0
1777324578233,19970.00,19283.00,257234.29,7925.00,0
1777324578278,20140.00,19308.00,260000.00,7924.00,0
1777324578323,39580.00,19225.00,252542.01,15851.00,0
1777324578380,20000.00,19250.00,259228.64,7924.00,0
1777324578424,40020.00,19306.00,252697.58,15851.00,0
1777324578469,20210.00,19416.00,256563.16,7924.00,0
1777324578517,40010.00,19308.00,253080.23,15851.00,0
1777324578562,19850.00,19333.00,257046.51,7924.00,0
1777324578615,20160.00,19250.00,260000.00,7926.00,0
1777324578664,39810.00,19296.00,252892.93,15849.00,0
1777324578719,40070.00,19416.00,251372.20,15851.00,0
1777324578767,20240.00,19416.00,256415.64,7924.00,0
1777324578819,39810.00,19333.00,253300.49,15851.00,0
1777324578873,20040.00,19333.00,259864.54,7924.00,0
1777324578932,40080.00,19308.00,256194.96,15851.00,0
1777324578980,39720.00,19333.00,252953.23,15850.00,0
1777324579029,19650.00,19333.00,257882.65,7925.00,0
1777324579077,39520.00,19383.00,253411.64,15850.00,0
1777324579127,19930.00,19338.00,258575.00,7925.00,0
1777324579174,19940.00,19358.00,253416.07,7924.00,0
1777324579222,39700.00,19441.00,257666.98,15851.00,0
1777324579271,19880.00,19466.00,260000.00,7924.00,0
1777324579326,39980.00,19308.00,255044.49,15851.00,0
1777324579377,39600.00,19333.00,252600.31,15850.00,0
1777324579427,20240.00,19491.00,257723.99,7925.00,0
1777324579474,40490.00,19546.00,253173.21,15850.00,0
1777324579524,19950.00,19550.00,258220.27,7925.00,0
1777324579575,19890.00,19441.00,260000.00,7924.00,0
1777324579623,39660.00,19308.00,253345.83,15851.00,0
1777324579674,39680.00,19333.00,250768.34,15850.00,0
1777324579725,19780.00,19491.00,256035.38,7925.00,0
1777324579777,20210.00,19358.00,260000.00,7924.00,0
1777324579827,39660.00,19225.00,253562.91,15851.00,0
1777324579878,39760.00,19358.00,250976.39,15850.00,0
1777324579929,20200.00,19333.00,256276.73,7925.00,0
1777324579986,40250.00,19225.00,254823.80,15850.00,0
1777324580037,19840.00,19390.00,260000.00,7925.00,0
1777324580087,40400.00,19466.00,253489.19,15850.00,0
1777324580141,19710.00,19416.00,259517.63,7925.00,0
1777324580197,40100.00,19308.00,254811.37,15850.00,0
1777324580249,39810.00,19333.00,252725.15,15849.00,0
1777324580300,19700.00,19441.00,258239.27,7926.00,0
1777324580352,39750.00,19625.00,253607.51,15849.00,0
1777324580409,39950.00,19841.00,252491.96,15851.00,0
1777324580464,20390.00,20108.00,259018.85,7924.00,0
1777324580517,40190.00,20266.00,253832.50,15851.00,0
1777324580572,40690.00,20266.00,252224.03,15850.00,0
1777324580626,19470.00,20176.00,258548.89,7925.00,0
1777324580679,40430.00,20025.00,253848.16,15850.00,0
1777324580734,19860.00,20083.00,260000.00,7925.00,0
1777324580786,40260.00,20000.00,253613.35,15850.00,0
1777324580842,40150.00,20133.00,252244.37,15849.00,0
1777324580895,19970.00,20025.00,258374.72,7926.00,0
1777324580947,41050.00,20017.00,253511.29,15849.00,0
1777324581009,40260.00,20083.00,253774.49,15851.00,0
1777324581063,20430.00,20083.00,260000.00,7924.00,0
1777324581115,39530.00,20025.00,253691.99,15851.00,0
1777324581170,39800.00,20106.00,251817.41,15850.00,0
1777324581224,20360.00,20108.00,258349.33,7925.00,0
1777324581402,40100.00,19466.00,257874.94,15850.00,0
1777324581436,20460.00,19575.00,257853.32,7925.00,0
1777324581468,20080.00,19706.00,257458.06,7924.00,0
1777324581500,19950.00,19600.00,257240.29,7926.00,0
1777324581532,19760.00,19625.00,256908.98,7925.00,0
1777324581565,20050.00,19625.00,257009.89,7924.00,0
1777324581598,20030.00,19733.00,256973.40,7926.00,0
1777324581631,19940.00,19758.00,256964.74,7925.00,0
1777324581664,20020.00,19625.00,256753.44,7924.00,0
1777324581698,20020.00,19600.00,257053.84,7926.00,0
1777324581732,20190.00,19600.00,257339.53,7925.00,0
1777324581767,20440.00,19708.00,258080.97,7924.00,0
1777324581801,20300.00,19600.00,258121.55,7926.00,0
1777324581835,20420.00,19625.00,258374.85,7925.00,0
1777324581869,20170.00,19625.00,258330.88,7924.00,0
1777324581903,19570.00,19680.00,258450.09,7926.00,0
1777324581938,20020.00,19575.00,258434.06,7925.00,0
1777324581972,19810.00,19575.00,259385.11,7924.00,0
1777324582009,19720.00,19575.00,259734.90,7926.00,0
1777324582043,20230.00,19622.00,259144.75,7925.00,0
1777324582079,20080.00,19516.00,259383.04,7924.00,0
1777324582116,40010.00,19491.00,251546.47,15851.00,0
1777324582155,19720.00,19575.00,254134.85,7924.00,0
1777324582192,19510.00,19681.00,255583.81,7926.00,0
1777324582227,20100.00,19733.00,256715.98,7925.00,0
1777324582264,19920.00,19758.00,257904.99,7924.00,0
1777324582300,20200.00,19625.00,258529.21,7926.00,0
1777324582337,20110.00,19575.00,258725.76,7925.00,0
1777324582374,19990.00,19625.00,259590.89,7924.00,0
1777324582410,20080.00,19680.00,259424.94,7926.00,0
1777324582450,40340.00,19575.00,251840.30,15849.00,0
1777324582493,19810.00,19656.00,255495.01,7926.00,0
1777324582532,20200.00,19733.00,257475.79,7925.00,0
1777324582570,19990.00,19575.00,259492.56,7924.00,0
1777324582607,20430.00,19575.00,259753.19,7926.00,0
1777324582645,20100.00,19600.00,259654.85,7925.00,0
1777324582686,39930.00,19625.00,251868.62,15850.00,0
1777324582726,19990.00,19600.00,255052.60,7925.00,0
1777324582766,24670.00,19625.00,257439.16,7979.00,55
1777324582805,25500.00,19680.00,259494.89,8004.00,78
1777324582845,26170.00,19575.00,259977.14,8024.00,99
1777324582887,52880.00,19575.00,252137.38,16041.00,191
1777324582929,26700.00,19733.00,255443.79,8024.00,99
1777324582968,28190.00,19708.00,257491.43,8057.00,135
1777324583008,28660.00,19600.00,259747.33,8059.00,140
1777324583050,57610.00,19625.00,252198.84,16116.00,281
1777324583094,28730.00,19547.00,255898.01,8059.00,140
1777324583136,29690.00,19625.00,258230.81,8059.00,151
1777324583178,29560.00,19571.00,260000.00,8057.00,145
1777324583221,59110.00,19516.00,252584.34,16118.00,292
1777324583264,29290.00,19570.00,255998.53,8057.00,145
1777324583306,28860.00,19597.00,258816.14,8059.00,145
1777324583347,59650.00,19680.00,252068.81,16116.00,300
1777324583391,30740.00,19676.00,255305.08,8059.00,155
1777324583432,30840.00,19733.00,258096.02,8059.00,156
1777324583476,33040.00,19620.00,260000.00,8057.00,174
1777324583521,60690.00,19566.00,252391.08,16118.00,313
1777324583567,30300.00,19590.00,256522.19,8057.00,156
1777324583610,31180.00,19570.00,259530.67,8059.00,155
1777324583652,61660.00,19595.00,251882.57,16116.00,311
1777324583698,32850.00,19591.00,255870.17,8059.00,169
1777324583738,32770.00,19680.00,258429.10,8059.00,171
1777324583787,66650.00,19617.00,253345.84,16116.00,350
1777324583831,32320.00,19733.00,257596.51,8059.00,171
1777324583874,31840.00,19567.00,260000.00,8057.00,169
1777324583918,64970.00,19625.00,252521.21,16118.00,341
1777324583966,32380.00,19585.00,256975.94,8057.00,169
1777324584010,65620.00,19516.00,252442.17,16118.00,342
1777324584055,32000.00,19560.00,255998.31,8057.00,170
1777324584098,34230.00,19726.00,259210.48,8059.00,182
1777324584149,66560.00,19565.00,254230.66,16116.00,353
1777324584196,32530.00,19666.00,258603.98,8059.00,171
1777324584242,65180.00,19733.00,253125.26,16116.00,342
1777324584287,35220.00,19668.00,256757.62,8059.00,189
1777324584332,34680.00,19758.00,259930.41,8059.00,190
1777324584392,71310.00,19563.00,256205.96,16116.00,392
1777324584441,34030.00,19524.00,260000.00,8059.00,185
1777324584488,68040.00,19600.00,253232.36,16116.00,368
1777324584533,33750.00,19579.00,257255.88,8059.00,180
1777324584579,68630.00,19565.00,252760.70,16116.00,370
1777324584625,34590.00,19662.00,256918.65,8059.00,186
1777324584670,34170.00,19650.00,260000.00,8057.00,185
1777324584716,69260.00,19481.00,252989.15,16118.00,372
1777324584762,34330.00,19625.00,256872.98,8057.00,185
1777324584811,68470.00,19589.00,253327.15,16118.00,372
1777324584857,34230.00,19579.00,257506.70,8057.00,185
1777324584903,34150.00,19680.00,260000.00,8059.00,185
1777324584950,39570.00,19564.00,253129.28,15849.00,0
1777324584998,19970.00,19683.00,257725.12,7926.00,0
1777324585044,39720.00,19625.00,252982.79,15849.00,0
1777324585093,20200.00,19733.00,257790.25,7926.00,0
1777324585139,40460.00,19575.00,252957.44,15849.00,0
1777324585187,19610.00,19708.00,257632.24,7926.00,0
1777324585238,40060.00,19650.00,254105.16,15849.00,0
1777324585287,20070.00,19600.00,259158.05,7926.00,0
1777324585336,19990.00,19625.00,260000.00,7925.00,0
1777324585384,40330.00,19516.00,253260.03,15850.00,0
1777324585454,40040.00,19466.00,255293.11,15849.00,0
1777324585504,19980.00,19575.00,260000.00,7926.00,0
1777324585554,40400.00,19491.00,253589.75,15849.00,0
1777324585604,19930.00,19516.00,250804.47,7926.00,0
1777324585654,40150.00,19563.00,255881.64,15849.00,0
1777324585705,39750.00,19683.00,253129.69,15851.00,0
1777324585763,20200.00,19733.00,259000.33,7924.00,0
1777324585813,39490.00,19758.00,253510.74,15851.00,0
1777324585867,20130.00,19683.00,259779.34,7924.00,0
1777324585921,40160.00,19575.00,254301.08,15851.00,0
1777324585975,39940.00,19683.00,252528.36,15850.00,0
1777324586028,19800.00,19783.00,258487.95,7925.00,0
1777324586083,40310.00,19600.00,254680.11,15850.00,0
1777324586136,19930.00,19683.00,260000.00,7925.00,0
1777324586188,39920.00,19575.00,253829.32,15850.00,0
1777324586242,40250.00,19600.00,252123.88,15849.00,0
1777324586297,19710.00,19797.00,258510.26,7926.00,0
1777324586349,39530.00,19981.00,253687.18,15849.00,0
1777324586404,19780.00,20189.00,252391.89,7926.00,0
1777324586458,40290.00,20025.00,258237.85,15849.00,0
1777324586516,39930.00,19975.00,255153.90,15851.00,0
1777324586572,40120.00,20025.00,253764.17,15850.00,0
1777324586625,20250.00,20133.00,259947.63,7925.00,0
1777324586679,40090.00,20000.00,254183.37,15850.00,0
1777324586734,20020.00,19975.00,260000.00,7925.00,0
1777324586789,39950.00,20000.00,254422.25,15850.00,0
1777324586844,40100.00,19975.00,252774.23,15849.00,0
1777324586900,20470.00,20047.00,259573.32,7926.00,0
1777324586954,40570.00,20025.00,253956.16,15849.00,0
1777324587013,39950.00,19975.00,253671.21,15851.00,0
1777324587069,19720.00,20083.00,260000.00,7924.00,0
1777324587133,40070.00,19975.00,256396.44,15851.00,0
1777324587190,40590.00,19923.00,254997.55,15850.00,0
1777324587245,39850.00,19950.00,253655.85,15849.00,0
1777324587313,19880.00,19975.00,260000.00,7926.00,0
1777324587369,39650.00,19958.00,254492.12,15849.00,0
1777324587424,20010.00,19950.00,260000.00,7926.00,0
1777324587479,40290.00,20000.00,254413.78,15849.00,0
1777324587557,40240.00,19816.00,258668.42,15851.00,0
1777324587615,40590.00,19841.00,255034.26,15850.00,0
1777324587673,39930.00,19950.00,254275.37,15849.00,0
1777324587731,39940.00,19866.00,253502.93,15851.00,0
1777324587788,20360.00,19950.00,260000.00,7924.00,0
1777324587846,39990.00,19866.00,254930.66,15851.00,0
1777324587901,39780.00,19975.00,253833.39,15850.00,0
1777324587979,39940.00,19841.00,258028.37,15849.00,0
1777324588035,40490.00,19950.00,254831.80,15851.00,0
1777324588092,20190.00,19869.00,260000.00,7924.00,0
1777324588151,39970.00,19841.00,255467.71,15851.00,0
1777324588206,40520.00,19950.00,254001.87,15850.00,0
1777324588261,19830.00,19871.00,252632.76,7925.00,0
1777324588314,39440.00,19869.00,258393.53,15850.00,0
1777324588371,39850.00,19935.00,254607.21,15849.00,0
1777324588425,19950.00,19846.00,260000.00,7926.00,0
1777324588477,40200.00,19896.00,253683.67,15849.00,0
1777324588532,39870.00,19983.00,252090.08,15851.00,0
1777324588610,39670.00,19846.00,256102.11,15850.00,0
1777324588666,40140.00,20003.00,254463.69,15849.00,0
1777324588720,20080.00,19950.00,260000.00,7926.00,0
1777324588782,40080.00,19874.00,255915.52,15849.00,0
1777324588838,40840.00,19883.00,254693.49,15851.00,0
1777324588966,20090.00,19550.00,260000.00,7924.00,0
1777324588993,20180.00,19600.00,258456.74,7926.00,0
1777324589023,20140.00,19546.00,258116.04,7925.00,0
1777324589055,20190.00,19575.00,257941.95,7924.00,0
1777324589087,19520.00,19600.00,257108.18,7926.00,0
1777324589119,20060.00,19634.00,256650.58,7925.00,0
1777324589151,19550.00,19768.00,256378.37,7924.00,0
1777324589184,19460.00,19667.00,256008.74,7926.00,0
1777324589217,19980.00,19632.00,255618.84,7925.00,0
1777324589250,20010.00,19733.00,255870.42,7924.00,0
1777324589284,20020.00,19640.00,256154.41,7926.00,0
1777324589317,20460.00,19575.00,255923.52,7925.00,0
1777324589352,19810.00,19708.00,256594.82,7924.00,0
1777324589385,20000.00,19708.00,256531.40,7926.00,0
1777324589419,19460.00,19653.00,256912.17,7925.00,0
1777324589454,19740.00,19642.00,257156.90,7924.00,0
1777324589487,19880.00,19733.00,257533.44,7926.00,0
1777324589522,20110.00,19670.00,257810.51,7925.00,0
1777324589556,19900.00,19609.00,258299.11,7924.00,0
1777324589592,19920.00,19708.00,258780.60,7926.00,0
1777324589627,20050.00,19575.00,259370.99,7925.00,0
1777324589662,19850.00,19600.00,259372.06,7924.00,0
1777324589697,19800.00,19635.00,259460.45,7926.00,0
1777324589733,20250.00,19552.00,259498.25,7925.00,0
1777324589768,20190.00,19575.00,259383.43,7924.00,0
1777324589806,40200.00,19575.00,251879.69,15851.00,0
1777324589844,20330.00,19621.00,254019.90,7924.00,0
1777324589882,19890.00,19635.00,255867.11,7926.00,0
1777324589918,19880.00,19616.00,257584.56,7925.00,0
1777324589954,20060.00,19708.00,258237.18,7924.00,0
1777324589991,20160.00,19633.00,258671.76,7926.00,0
1777324590027,19790.00,19625.00,259514.15,7925.00,0
1777324590064,19940.00,19516.00,259451.93,7924.00,0
1777324590101,20050.00,19575.00,259732.46,7926.00,0
1777324590140,39790.00,19575.00,251861.46,15849.00,0
1777324590179,20000.00,19650.00,254567.90,7926.00,0
1777324590217,19990.00,19600.00,256066.46,7925.00,0
1777324590255,19930.00,19655.00,258043.01,7924.00,0
1777324590293,20200.00,19600.00,259799.59,7926.00,0
1777324590331,20100.00,19600.00,259818.69,7925.00,0
1777324590370,39950.00,19600.00,251648.13,15850.00,0
1777324590411,20020.00,19763.00,254622.59,7925.00,0
1777324590450,19710.00,19732.00,256735.38,7924.00,0
1777324590490,19790.00,19625.00,258996.66,7926.00,0
1777324590529,19960.00,19600.00,259785.31,7925.00,0
1777324590570,39960.00,19733.00,251985.46,15850.00,0
1777324590613,19780.00,19683.00,255487.99,7925.00,0
1777324590653,20000.00,19708.00,258093.31,7924.00,0
1777324590694,19980.00,19650.00,260000.00,7926.00,0
1777324590735,40390.00,19491.00,252005.38,15849.00,0
1777324590776,20180.00,19683.00,255404.37,7926.00,0
1777324590817,19900.00,19733.00,257905.63,7925.00,0
1777324590862,19890.00,19625.00,260000.00,7924.00,0
1777324590903,40090.00,19625.00,251880.99,15851.00,0
1777324590944,19930.00,19600.00,254803.33,7924.00,0
1777324590986,19780.00,19708.00,257751.22,7926.00,0
1777324591026,19980.00,19600.00,259979.48,7925.00,0
1777324591074,39630.00,19575.00,253388.34,15850.00,0
1777324591118,20240.00,19650.00,257430.91,7925.00,0
1777324591160,20260.00,19600.00,260000.00,7924.00,0
1777324591204,39590.00,19733.00,252242.29,15851.00,0
1777324591247,19750.00,19683.00,256011.08,7924.00,0
1777324591290,19960.00,19575.00,259158.92,7926.00,0
1777324591334,39740.00,19600.00,252378.76,15849.00,0
1777324591379,19790.00,19600.00,256234.42,7926.00,0
1777324591421,20160.00,19733.00,259446.06,7925.00,0
1777324591461,19990.00,19733.00,259847.95,7924.00,0
1777324591501,39980.00,19575.00,251838.59,15851.00,0
1777324591543,20000.00,19600.00,254953.59,7924.00,0
1777324591583,20030.00,19708.00,257432.18,7926.00,0
1777324591625,19830.00,19600.00,260000.00,7925.00,0
1777324591670,40170.00,19600.00,252473.43,15850.00,0
1777324591713,20280.00,19600.00,256197.16,7925.00,0
1777324591755,19880.00,19671.00,259231.00,7924.00,0
1777324591798,39540.00,19733.00,252124.28,15851.00,0
1777324591842,19530.00,19783.00,255942.96,7924.00,0
1777324591883,19910.00,19635.00,258767.86,7926.00,0
1777324591924,20410.00,19625.00,252116.82,7925.00,0
1777324591970,40200.00,19708.00,255181.52,15850.00,0
1777324592017,24860.00,19683.00,260000.00,7989.00,64
1777324592063,49770.00,19625.00,252670.48,15975.00,125
1777324592109,26170.00,19758.00,257173.25,8013.00,88
1777324592155,28660.00,19841.00,260000.00,8057.00,142
1777324592199,62130.00,19733.00,252608.04,16118.00,304
1777324592243,30080.00,19726.00,256141.18,8057.00,152
1777324592288,29840.00,19650.00,259506.28,8059.00,153
1777324592342,73400.00,19596.00,229511.60,29219.00,143
1777324592393,73850.00,19854.00,202437.92,29232.00,143
1777324592448,70150.00,20041.00,175581.83,29219.00,109
1777324592499,59800.00,20315.00,161776.43,29166.00,0
1777324592554,60350.00,20459.00,134551.26,29179.00,0
1777324592615,59600.00,20592.00,109254.03,29165.00,0
1777324592683,59280.00,20710.00,72494.62,28755.00,0
1777324592740,60040.00,20888.00,47136.52,29166.00,0
1777324592798,60410.00,20992.00,21862.00,29179.00,0
1777324592853,59940.00,21259.00,5538.46,29165.00,0
1777324592911,59560.00,21442.00,5158.52,29166.00,0
1777324592967,60370.00,21576.00,5084.84,29179.00,0
1777324593024,60250.00,21709.00,4431.73,29165.00,0
1777324593080,59680.00,21826.00,5471.87,29166.00,0
1777324593138,59990.00,22100.00,5511.87,30000.00,0
1777324593195,60020.00,22316.00,5538.66,30000.00,0
1777324593254,60050.00,22450.00,7953.55,30000.00,0
1777324593313,37850.00,22691.00,5507.18,18600.00,0
1777324593369,32280.00,22692.00,4103.85,15975.00,0
1777324593432,27980.00,22594.00,6713.04,13785.00,0
1777324593489,31700.00,22644.00,5276.81,15960.00,0
1777324593545,28910.00,22588.00,5329.51,14580.00,0
1777324593601,30810.00,22568.00,4514.14,15315.00,0
1777324593659,29580.00,22506.00,4760.29,14760.00,0
1777324593716,30020.00,22436.00,4763.97,14730.00,0
1777324593773,27710.00,22474.00,5499.38,14070.00,0
1777324593835,30190.00,22420.00,6293.45,15105.00,0
1777324593893,31670.00,22355.00,5544.17,16080.00,0
1777324593953,31560.00,22569.00,4944.71,15975.00,0
1777324594012,30460.00,22624.00,5071.92,15315.00,0
1777324594072,32820.00,22561.00,4492.96,16155.00,0
1777324594132,29860.00,22510.00,5031.11,15000.00,0
1777324594191,22340.00,22443.00,4376.09,11115.00,0
1777324594254,39540.00,22406.00,5818.31,19830.00,0
1777324594316,34110.00,22456.00,4939.60,16905.00,0
1777324594376,23120.00,22415.00,8922.15,11445.00,0
1777324594434,38480.00,22301.00,5435.27,18850.00,0
1777324594494,31260.00,22291.00,5465.96,15630.00,0
1777324594552,30830.00,22341.00,5238.56,15165.00,0
1777324594609,32550.00,22301.00,4012.85,16065.00,0
1777324594672,27430.00,22249.00,6757.88,13680.00,0
1777324594730,33700.00,22273.00,4922.76,16875.00,0
1777324594788,31000.00,22256.00,4251.39,15750.00,0
1777324594847,28120.00,22091.00,5271.99,14085.00,0
1777324594904,30710.00,22096.00,4670.35,15405.00,0
1777324594961,29430.00,22059.00,5326.64,14460.00,0
1777324595019,30640.00,22094.00,5005.17,15315.00,0
1777324595084,30030.00,22031.00,6748.27,15015.00,0
1777324595142,30860.00,21990.00,6387.59,15645.00,0
1777324595203,33320.00,21893.00,5198.81,16740.00,0
1777324595263,30780.00,21881.00,5811.14,15120.00,0
1777324595325,33000.00,21932.00,5790.98,16260.00,0
1777324595384,31970.00,21905.00,5005.94,15885.00,0
1777324595442,30900.00,21827.00,4885.80,15315.00,0
1777324595503,29630.00,21790.00,5953.90,14880.00,0
1777324595564,29470.00,21830.00,7313.69,14340.00,0
1777324595760,34910.00,21669.00,4912.37,17490.00,0
1777324595799,60010.00,21032.00,12925.04,29165.00,0
1777324595846,60430.00,21346.00,4346.79,29166.00,0
1777324595888,30550.00,21556.00,3911.72,15090.00,0
1777324595926,21580.00,21572.00,3031.87,10815.00,0
1777324595962,22660.00,21558.00,1226.98,11190.00,0
1777324595997,17060.00,21655.00,1899.71,8505.00,0
1777324596033,19050.00,21662.00,1590.08,9495.00,0
1777324596067,14390.00,21680.00,3480.83,7140.00,0
1777324596103,21710.00,21534.00,1902.95,10920.00,0
1777324596140,15040.00,21521.00,4109.28,7380.00,0
1777324596176,22370.00,21486.00,2122.10,11205.00,0
1777324596212,18060.00,21611.00,2528.65,8940.00,0
1777324596248,19570.00,21513.00,1980.63,9765.00,0
1777324596284,14600.00,21485.00,4324.09,7260.00,0
1777324596319,15310.00,21448.00,1004.55,7455.00,0
1777324596354,22370.00,21306.00,3779.73,11145.00,0
1777324596391,22320.00,21403.00,1990.54,11205.00,0
1777324596429,15120.00,21421.00,964.20,7485.00,0
1777324596466,21410.00,21387.00,3202.29,10725.00,0
1777324596502,14850.00,21397.00,1108.43,7275.00,0
1777324596538,22610.00,21277.00,3394.24,11325.00,0
1777324597164,59900.00,18978.00,133166.46,29590.00,0
1777324597203,6960.00,19208.00,143810.75,3071.00,0
1777324597818,28360.00,15474.00,248403.77,13584.00,0
1777324598272,28230.00,12545.00,251853.05,13585.00,0
1777324598314,55240.00,12331.00,235681.95,27170.00,0
1777324598355,60540.00,12404.00,206135.04,29166.00,0
1777324598403,59810.00,12607.00,177203.81,29179.00,0
1777324598444,60060.00,12970.00,147448.98,29165.00,0
1777324598485,59650.00,13186.00,117470.19,29166.00,0
1777324598530,60150.00,13376.00,88120.25,29179.00,0
1777324598578,59430.00,13579.00,59913.70,29165.00,0
1777324598619,60080.00,13987.00,29766.30,28755.00,0
1777324598661,60120.00,14154.00,3058.31,29166.00,0
1777324598709,60040.00,14378.00,3504.67,29179.00,0
1777324598754,59750.00,14581.00,3825.43,29165.00,0
1777324598800,59400.00,14794.00,3444.41,29166.00,0
1777324598845,60250.00,15194.00,3690.88,30000.00,0
1777324598893,59520.00,15466.00,3427.96,30000.00,0
1777324598938,26500.00,15652.00,3509.20,13440.00,0
1777324598987,24490.00,15618.00,3752.71,12210.00,0
1777324599030,16540.00,15781.00,1505.33,8400.00,0
1777324599215,29650.00,15689.00,2543.20,14985.00,0
1777324599248,56050.00,15325.00,23441.26,27171.00,0
1777324599281,60490.00,15360.00,586.54,29179.00,0
1777324599314,19150.00,15760.00,2270.85,9420.00,0
1777324599343,14730.00,15734.00,2092.50,7470.00,0
1777324599374,14370.00,15834.00,2640.70,7230.00,0
1777324599406,14850.00,15778.00,3537.88,7365.00,0
1777324599438,14890.00,15876.00,4358.10,7380.00,0
1777324599471,22660.00,15717.00,1595.94,11295.00,0
1777324599506,16370.00,15868.00,2534.44,8115.00,0
1777324599539,19840.00,15768.00,1290.26,9960.00,0
1777324599572,13760.00,15698.00,2899.38,7005.00,0
1777324599605,14750.00,15792.00,4041.11,7320.00,0
1777324599641,23010.00,15675.00,1740.86,11490.00,0
1777324599677,15250.00,15828.00,3309.46,7635.00,0
1777324599712,20830.00,15748.00,1736.08,10590.00,0
1777324599750,16840.00,15676.00,2888.79,8535.00,0
1777324599784,20990.00,15778.00,1669.05,10380.00,0
1777324599821,14660.00,15706.00,3750.76,7440.00,0
1777324599855,21480.00,15805.00,1832.99,10845.00,0
1777324599891,14360.00,15762.00,4032.51,7320.00,0
1777324599926,21660.00,15654.00,2009.61,10800.00,0
1777324599962,16610.00,15798.00,3312.66,8355.00,0
1777324599998,21360.00,15717.00,1783.03,10650.00,0
1777324600035,14430.00,15655.00,4214.27,7185.00,0
1777324600073,22640.00,15751.00,2652.33,11340.00,0
1777324600109,15360.00,15702.00,4563.60,7560.00,0
1777324600145,23230.00,15802.00,2264.76,11700.00,0
1777324600183,15290.00,15763.00,4574.91,7620.00,0
1777324600220,22900.00,15636.00,2295.33,11475.00,0
1777324600257,14920.00,15781.00,1255.92,7410.00,0
1777324600293,21960.00,15678.00,3229.93,10995.00,0
1777324600331,21130.00,15825.00,2052.75,10665.00,0
1777324600368,14660.00,15750.00,4444.81,7410.00,0
1777324600405,23480.00,15637.00,2233.11,11715.00,0
1777324600442,20450.00,15794.00,1306.12,10515.00,0
1777324600479,15310.00,15730.00,3425.70,7575.00,0
1777324600515,22180.00,15831.00,1836.55,11010.00,0
1777324600553,14340.00,15779.00,4201.93,7380.00,0
1777324600589,22830.00,15688.00,2077.11,11490.00,0
1777324600629,21310.00,15839.00,1628.06,10695.00,0
1777324600670,14780.00,15982.00,4922.52,7335.00,0
1777324600708,26540.00,16080.00,1515.96,13185.00,0
1777324600748,19810.00,16256.00,1955.23,9915.00,0
1777324600787,15210.00,16176.00,4536.06,7575.00,0
1777324600827,25210.00,16245.00,2179.77,12585.00,0
1777324600870,21760.00,16013.00,2451.60,10950.00,0
1777324600911,21220.00,15568.00,2682.71,10695.00,0
1777324600951,22120.00,15567.00,2020.82,11040.00,0
1777324600988,14600.00,15565.00,4450.85,7395.00,0
1777324601027,23680.00,15550.00,2362.99,11895.00,0
1777324601068,22520.00,15582.00,1581.28,11220.00,0
1777324601109,14600.00,15636.00,4749.04,7395.00,0
1777324601148,25120.00,15589.00,2381.89,12630.00,0
1777324601190,22980.00,15659.00,1564.19,11520.00,0
1777324601231,21700.00,15663.00,1829.35,10590.00,0
1777324601272,21130.00,15555.00,1844.69,10695.00,0
1777324601312,16340.00,15601.00,4114.82,8130.00,0
1777324601357,23440.00,15610.00,3546.98,11835.00,0
1777324601399,25730.00,15619.00,1603.87,12855.00,0
1777324601442,19920.00,15641.00,2905.86,9900.00,0
1777324601484,22940.00,15673.00,2530.37,11520.00,0
1777324601526,20810.00,15587.00,2917.58,10575.00,0
1777324601567,22240.00,15728.00,2590.47,10980.00,0
1777324601608,15140.00,15874.00,1656.25,7455.00,0
1777324601648,23180.00,15974.00,4753.93,11430.00,0
1777324601689,24830.00,16126.00,2960.46,12480.00,0
1777324601732,23420.00,16293.00,2141.99,11670.00,0
1777324601779,20930.00,16448.00,4121.93,10350.00,0
1777324601822,25040.00,16586.00,2522.77,12630.00,0
1777324601865,21910.00,16755.00,2859.18,10890.00,0
1777324601908,22130.00,16900.00,3113.00,11145.00,0
1777324601950,22830.00,17048.00,2463.84,11430.00,0
1777324601990,21690.00,17201.00,2357.97,10695.00,0
1777324602034,21570.00,17343.00,2513.54,10830.00,0
1777324602078,22450.00,17488.00,2632.67,11145.00,0
1777324602124,24300.00,17636.00,2423.30,12045.00,0
1777324602169,22370.00,17646.00,3293.79,10965.00,0
1777324602218,24720.00,17429.00,3143.33,12525.00,0
1777324602263,24920.00,17587.00,3174.39,12180.00,0
1777324602309,23990.00,17749.00,2807.55,12045.00,0
1777324602354,22500.00,17910.00,3300.71,11370.00,0
1777324602398,16280.00,18061.00,1894.32,8100.00,0
1777324602441,30690.00,18169.00,2675.65,15330.00,0
1777324602486,23780.00,18374.00,2348.49,11880.00,0
1777324602529,21700.00,18532.00,3002.44,10800.00,0
1777324602572,24100.00,18676.00,2323.85,11925.00,0
1777324602624,21300.00,18835.00,4914.73,10530.00,0
1777324602668,27060.00,18975.00,2829.62,13470.00,0
1777324602713,22070.00,19155.00,3481.02,11220.00,0
1777324602757,25540.00,19305.00,2247.72,12705.00,0
1777324602807,21770.00,19474.00,4157.56,10800.00,0
1777324602852,26850.00,19468.00,2718.28,13275.00,0
1777324602898,24100.00,19571.00,2685.06,12000.00,0
1777324602942,24310.00,19731.00,2151.76,12015.00,0
1777324602988,21980.00,19892.00,3064.06,10920.00,0
1777324603034,23440.00,20037.00,2873.64,12015.00,0
1777324603080,23320.00,20197.00,3318.54,11760.00,0
1777324603126,23890.00,20354.00,3077.76,12105.00,0
1777324603172,16290.00,20516.00,6952.16,8085.00,0
1777324603219,32310.00,20586.00,2750.70,16140.00,0
1777324603267,23270.00,20801.00,4142.97,11430.00,0
1777324603315,26020.00,20804.00,3441.12,12885.00,0
1777324603363,25970.00,20640.00,2995.03,12945.00,0
1777324603410,23560.00,20412.00,3186.98,12120.00,0
1777324603473,30970.00,20163.00,3346.80,15585.00,0
1777324603521,25600.00,19890.00,3793.39,12645.00,0
1777324603569,26380.00,19350.00,2993.50,13140.00,0
1777324603618,23700.00,19142.00,3537.33,12045.00,0
1777324603667,27320.00,18907.00,2757.13,13620.00,0
1777324603717,16500.00,18668.00,2606.75,8235.00,0
1777324603766,33420.00,18378.00,3568.19,16530.00,0
1777324603816,33340.00,18198.00,3465.14,13110.00,60
1777324603868,45000.00,17961.00,4081.30,12750.00,163
1777324603917,26350.00,17636.00,3791.61,13230.00,0
1777324603967,56560.00,17445.00,3827.58,12960.00,255
1777324604018,18670.00,17226.00,2669.40,9420.00,0
1777324604075,33740.00,17290.00,5245.98,16830.00,0
1777324604126,29970.00,17514.00,3972.35,15015.00,0
1777324604177,27740.00,17714.00,3297.04,13725.00,0
1777324604227,24890.00,17897.00,3718.02,12600.00,0
1777324604286,26020.00,17567.00,5534.07,13155.00,0
1777324604338,32490.00,17341.00,3196.63,16200.00,0
1777324604394,24850.00,17258.00,4001.59,12480.00,0
1777324604451,29410.00,17230.00,4719.92,14655.00,0
1777324604503,30420.00,17327.00,3140.64,15285.00,0
1777324604556,25490.00,17272.00,4223.76,12750.00,0
1777324604610,28010.00,17216.00,4238.60,13980.00,0
1777324604662,28290.00,17305.00,4017.36,13995.00,0
1777324604714,27790.00,17236.00,3562.34,13725.00,0
1777324604767,26500.00,17278.00,4081.45,13260.00,0
1777324604818,28030.00,17203.00,3574.66,13980.00,0
1777324604870,26870.00,17290.00,3712.45,13305.00,0
1777324604920,26420.00,17323.00,3373.93,13335.00,0
1777324604971,26300.00,17259.00,3880.30,12930.00,0
1777324605022,27430.00,17320.00,3471.92,13710.00,0
1777324605074,27110.00,17265.00,3406.88,13485.00,0
1777324605131,26070.00,17293.00,4798.99,13065.00,0
1777324605182,29640.00,17211.00,3737.55,14715.00,0
1777324605234,26760.00,17305.00,3771.42,13335.00,0
1777324605286,27690.00,17330.00,3684.50,13665.00,0
1777324605340,26040.00,17267.00,4216.87,13065.00,0
1777324605393,28990.00,17299.00,4000.95,14490.00,0
1777324605445,27330.00,17237.00,3723.87,13725.00,0
1777324605497,26610.00,17280.00,3940.42,13230.00,0
1777324605548,26880.00,17209.00,3559.48,13455.00,0
1777324605607,26830.00,17290.00,4137.65,13425.00,0
1777324605661,29950.00,17315.00,4641.15,15210.00,0
1777324605711,28550.00,17278.00,3717.11,14280.00,0
1777324605762,25800.00,17292.00,3824.70,12990.00,0
1777324605811,26210.00,17333.00,3564.62,13215.00,0
1777324605861,26210.00,17241.00,3698.51,12810.00,0
1777324605914,27450.00,17266.00,3511.82,13590.00,0
1777324605970,27100.00,17304.00,4734.07,13515.00,0
1777324606023,28130.00,17239.00,3990.57,14205.00,0
1777324606076,26860.00,17269.00,4428.36,13470.00,0
1777324606126,27070.00,17299.00,4004.39,13785.00,0
1777324606179,26930.00,17216.00,4209.01,13395.00,0
1777324606230,28660.00,17241.00,3059.42,14415.00,0
1777324606280,24780.00,17292.00,3741.46,12495.00,0
1777324606338,27310.00,17316.00,3257.39,13710.00,0
1777324606394,29400.00,17233.00,4314.47,14550.00,0
1777324606447,28760.00,17255.00,4060.36,14370.00,0
1777324606500,27590.00,17315.00,4055.43,13755.00,0
1777324606556,28080.00,17345.00,4264.00,13965.00,0
1777324606609,30570.00,17244.00,2873.41,15375.00,0
1777324606667,17840.00,17349.00,2919.06,8865.00,0
1777324606720,38930.00,17315.00,4016.74,19380.00,0
1777324606771,27880.00,17251.00,3558.52,13770.00,0
1777324606834,26260.00,17297.00,6826.31,12870.00,0
1777324606884,32740.00,17300.00,3547.93,16455.00,0
1777324606934,27430.00,17374.00,2857.72,13800.00,0
1777324606984,24900.00,17257.00,3414.67,12435.00,0
1777324607044,25670.00,17281.00,6003.14,12825.00,0
1777324607097,30350.00,17307.00,4373.68,15225.00,0
1777324607147,28290.00,17362.00,3600.47,14220.00,0
1777324607198,18370.00,17391.00,2577.48,9165.00,0
1777324607250,33500.00,17200.00,4679.90,16635.00,0
1777324607300,28050.00,17259.00,3644.17,13905.00,0
1777324607350,27400.00,17284.00,2928.80,13845.00,0
1777324607400,24480.00,17317.00,3345.71,12375.00,0
1777324607463,26480.00,17374.00,6415.59,13185.00,0
1777324607512,31850.00,17345.00,3597.35,15795.00,0
1777324607563,27220.00,17253.00,3073.01,13665.00,0
1777324607613,24560.00,17277.00,3775.00,12405.00,0
1777324607674,26350.00,17302.00,6304.05,13125.00,0
1777324607724,31250.00,17297.00,4070.06,15450.00,0
1777324607775,27910.00,17353.00,3332.50,13965.00,0
1777324607827,25050.00,17370.00,3740.90,12780.00,0
1777324607884,25960.00,17220.00,5515.30,13065.00,0
1777324607934,29910.00,17234.00,3859.72,14910.00,0
1777324608113,26280.00,17272.00,40377.50,13515.00,0
1777324608143,59780.00,16829.00,7260.78,29166.00,0
1777324608178,48680.00,17201.00,3929.75,23889.00,0
1777324608212,22300.00,17445.00,1493.37,11070.00,0
1777324608246,14860.00,17378.00,2899.16,7410.00,0
1777324608278,13800.00,17324.00,4324.71,6960.00,0
1777324608310,22020.00,17416.00,1352.26,11115.00,0
1777324608343,14670.00,17393.00,2741.76,7335.00,0
1777324608376,15140.00,17318.00,3595.42,7695.00,0
1777324608409,14260.00,17421.00,5038.61,7140.00,0
1777324608442,22540.00,17354.00,2219.87,11205.00,0
1777324608478,18170.00,17504.00,2692.94,8985.00,0
1777324608513,19720.00,17416.00,1518.05,9930.00,0
1777324608548,14120.00,17379.00,3582.24,7110.00,0
1777324608583,22410.00,17299.00,1389.59,11160.00,0
1777324608622,14230.00,17448.00,4368.27,7110.00,0
1777324608657,22330.00,17382.00,2233.88,11130.00,0
1777324608694,17910.00,17349.00,2986.08,8925.00,0
1777324608730,19770.00,17468.00,2504.48,9795.00,0
1777324608765,14630.00,17489.00,4321.43,7335.00,0
1777324608801,21840.00,17366.00,2591.56,11040.00,0
1777324608838,21550.00,17350.00,993.08,10995.00,0
1777324608875,15540.00,17485.00,2893.63,7950.00,0
1777324608912,20120.00,17454.00,2303.71,10095.00,0
1777324608953,16140.00,17379.00,1277.96,7830.00,0
1777324608990,23630.00,17362.00,2911.82,11895.00,0
1777324609030,20030.00,17469.00,3113.22,10020.00,0
1777324609070,21820.00,17477.00,2664.49,10950.00,0
1777324609111,21610.00,17399.00,2121.44,10950.00,0
1777324609151,22080.00,17345.00,1589.37,10965.00,0
1777324609190,14930.00,17491.00,4343.62,7470.00,0
1777324609229,23980.00,17408.00,2443.86,11940.00,0
1777324609270,22220.00,17399.00,2101.00,10980.00,0
1777324609310,20910.00,17370.00,1898.20,10620.00,0
1777324609350,15420.00,17511.00,4701.21,7680.00,0
1777324609390,24460.00,17398.00,2609.54,12195.00,0
1777324609431,22370.00,17394.00,2222.93,11130.00,0
1777324609473,22330.00,17347.00,1759.84,11115.00,0
1777324609514,21320.00,17495.00,1763.80,10515.00,0
1777324609556,14490.00,17432.00,5635.54,7470.00,0
1777324609596,27010.00,17361.00,2276.36,13470.00,0
1777324609638,21550.00,17354.00,2466.71,10800.00,0
1777324609683,25050.00,17312.00,1689.57,12555.00,0
1777324609727,18880.00,17479.00,3408.78,9480.00,0
1777324609768,15210.00,17423.00,6783.03,7575.00,0
1777324609810,28490.00,17347.00,2955.31,14310.00,0
1777324609854,22700.00,17351.00,3282.36,11385.00,0
1777324609898,23260.00,17326.00,2741.33,11730.00,0
1777324609942,21620.00,17304.00,3394.18,10845.00,0
1777324609984,23450.00,17449.00,2556.93,11895.00,0
1777324610026,21980.00,17435.00,2544.52,10815.00,0
1777324610069,14960.00,17396.00,1603.68,7350.00,0
1777324610112,29570.00,17315.00,2471.27,14655.00,0
1777324610156,21750.00,17336.00,3284.99,10935.00,0
1777324610199,22140.00,17482.00,3089.07,11250.00,0
1777324610251,23570.00,17435.00,3791.36,11835.00,0
1777324610296,26080.00,17415.00,3287.63,13140.00,0
1777324610340,22620.00,17408.00,3426.64,11325.00,0
1777324610383,24330.00,17385.00,2410.72,12030.00,0
1777324610427,22040.00,17352.00,3263.35,10860.00,0
1777324610469,23530.00,17314.00,2190.55,11820.00,0
1777324610513,21390.00,17472.00,2614.62,10740.00,0
1777324610559,22830.00,17439.00,3134.46,11490.00,0
1777324610603,25930.00,17412.00,3179.15,11430.00,29
1777324610648,25900.00,17386.00,3488.61,11385.00,29
1777324610691,28260.00,17329.00,2250.84,12345.00,31
1777324610737,26520.00,17309.00,2630.93,11385.00,30
1777324610782,26360.00,17455.00,3306.88,11310.00,30
1777324610827,27530.00,17438.00,2814.52,11910.00,31
1777324610877,27620.00,17415.00,3914.43,11805.00,31
1777324610923,28970.00,17408.00,3532.82,12495.00,33
1777324610965,31710.00,17386.00,2709.95,12030.00,61
1777324611009,28940.00,17373.00,3011.12,11025.00,56
1777324611054,29520.00,17320.00,2984.35,11430.00,58
1777324611098,31330.00,17483.00,2415.36,12060.00,64
1777324611146,29140.00,17452.00,3528.92,11130.00,59
1777324611192,32990.00,17429.00,3254.51,12405.00,66
1777324611238,33290.00,17403.00,2451.53,12615.00,67
1777324611283,30290.00,17392.00,2912.84,11520.00,61
1777324611328,31700.00,17367.00,2677.35,11835.00,65
1777324611374,34690.00,17354.00,3033.49,11820.00,94
1777324611419,34680.00,17299.00,2814.88,11760.00,94
1777324611464,35060.00,17455.00,2702.62,11955.00,95
1777324611508,33430.00,17423.00,2559.59,11355.00,90
1777324611554,34390.00,17410.00,2896.68,11760.00,94
1777324611615,36420.00,17362.00,6312.21,12405.00,99
1777324611662,44450.00,17321.00,3367.74,14925.00,119
1777324611716,36850.00,17398.00,3681.51,12405.00,99
1777324611766,41000.00,17329.00,4025.57,13905.00,111
1777324611816,44370.00,17308.00,3281.43,13695.00,140
1777324611862,40290.00,17314.00,3080.06,12255.00,130
1777324611908,27670.00,17491.00,2014.28,8400.00,89
1777324611954,50910.00,17380.00,3060.73,15540.00,165
1777324612002,40820.00,17421.00,3150.81,12435.00,132
1777324612049,39300.00,17394.00,3358.70,12090.00,128
1777324612096,40740.00,17385.00,3025.55,12480.00,133
1777324612145,23320.00,17348.00,3768.00,11700.00,0
1777324612193,26700.00,17341.00,3143.37,13245.00,0
1777324612240,25270.00,17395.00,3145.19,12480.00,0
1777324612287,24470.00,17340.00,2909.76,12315.00,0
1777324612335,24070.00,17319.00,3271.77,11955.00,0
1777324612386,24720.00,17293.00,3890.43,12495.00,0
1777324612434,26150.00,17460.00,3403.26,13140.00,0
1777324612483,25610.00,17470.00,3323.65,12870.00,0
1777324612532,25070.00,17466.00,3574.51,12495.00,0
1777324612593,25410.00,17422.00,6465.32,12600.00,0
1777324612643,32000.00,17408.00,3678.26,16020.00,0
1777324612694,27470.00,17456.00,3205.02,13635.00,0
1777324612744,24260.00,17463.00,4052.88,12195.00,0
1777324612802,26540.00,17419.00,5671.35,13230.00,0
1777324612853,30820.00,17410.00,3398.86,15465.00,0
1777324612907,27380.00,17445.00,3380.69,13935.00,0
1777324612961,25760.00,17457.00,4716.27,12765.00,0
1777324613012,29270.00,17428.00,3288.57,14670.00,0
1777324613063,26140.00,17624.00,3559.71,13005.00,0
1777324613114,25800.00,17797.00,3918.49,12930.00,0
1777324613165,26230.00,17790.00,3979.62,13230.00,0
1777324613226,27210.00,17279.00,6020.67,13590.00,0
1777324613277,31870.00,17177.00,3977.65,15780.00,0
1777324613329,27150.00,17294.00,3786.97,13605.00,0
1777324613380,28030.00,17230.00,2843.06,14145.00,0
1777324613432,18370.00,17316.00,7123.13,9135.00,0
1777324613483,33570.00,17193.00,3543.18,16785.00,0
1777324613534,28380.00,17297.00,2953.60,14010.00,0
1777324613585,25630.00,17257.00,3381.74,12690.00,0
1777324613646,25430.00,17277.00,6355.86,12660.00,0
1777324613696,31880.00,17203.00,3963.52,15900.00,0
1777324613748,27030.00,17296.00,3873.15,13425.00,0
1777324613799,19080.00,17246.00,2724.82,9525.00,0
1777324613851,33950.00,17226.00,4417.38,16830.00,0
1777324613904,27860.00,17304.00,4060.44,13920.00,0
1777324613959,27230.00,17249.00,4175.03,13695.00,0
1777324614010,28150.00,17327.00,3836.37,14205.00,0
1777324614063,26630.00,17358.00,4544.40,13065.00,0
1777324614114,28100.00,17252.00,3594.07,14070.00,0
1777324614166,26230.00,17294.00,3889.47,13185.00,0
1777324614219,26910.00,17324.00,4418.25,13500.00,0
1777324614273,28180.00,17245.00,3968.60,14355.00,0
1777324614325,27080.00,17290.00,4150.29,13380.00,0
1777324614376,19620.00,17327.00,7593.18,9975.00,0
1777324614429,35510.00,17195.00,3159.51,17760.00,0
1777324614627,25410.00,17265.00,45730.89,12750.00,0
1777324614661,28280.00,16741.00,40633.36,13584.00,0
1777324614698,56060.00,16891.00,22533.81,27171.00,0
1777324614739,59430.00,17060.00,2315.00,29179.00,0
1777324614779,21920.00,17334.00,3840.79,10815.00,0
1777324614815,22000.00,17451.00,2219.87,11115.00,0
1777324614851,14410.00,17408.00,4101.35,7365.00,0
1777324614886,21380.00,17355.00,2267.86,10710.00,0
1777324614920,14530.00,17341.00,4115.62,7290.00,0
1777324614955,22180.00,17438.00,1818.98,11130.00,0
1777324614989,16440.00,17442.00,2702.59,8220.00,0
1777324615024,20540.00,17393.00,1409.08,10185.00,0
1777324615059,14530.00,17385.00,3475.39,7155.00,0
1777324615093,22170.00,17382.00,1112.00,11055.00,0
1777324615130,15470.00,17334.00,3162.61,7710.00,0
1777324615166,21140.00,17437.00,1529.74,10710.00,0
1777324615202,15350.00,17434.00,3427.12,7620.00,0
1777324615238,21000.00,17385.00,1941.23,10650.00,0
1777324615275,13940.00,17370.00,4638.95,7005.00,0
1777324615311,24790.00,17463.00,1585.14,12300.00,0
1777324615347,13090.00,17452.00,4330.20,6615.00,0
1777324615383,22410.00,17389.00,2322.49,11295.00,0
1777324615418,16550.00,17379.00,4513.44,7215.00,16
1777324615456,25960.00,17327.00,2473.79,11370.00,26
1777324615494,17360.00,17319.00,5049.94,7620.00,17
1777324615532,28180.00,17283.00,2138.11,12360.00,28
1777324615570,17700.00,17442.00,4275.08,7755.00,18
1777324615608,27280.00,17394.00,2166.70,12075.00,27
1777324615646,16600.00,17407.00,1523.31,7305.00,17
1777324615685,24440.00,17358.00,3653.31,10830.00,26
1777324615722,26040.00,17333.00,2097.91,11505.00,27
1777324615759,16670.00,17334.00,4668.86,7260.00,17
1777324615798,27890.00,17430.00,2443.06,12135.00,29
1777324615838,25220.00,17441.00,1857.98,10965.00,26
1777324615878,24070.00,17430.00,1598.30,10590.00,25
1777324615918,17410.00,17408.00,4643.64,7710.00,18
1777324615956,27770.00,17355.00,2353.82,12015.00,29
1777324615995,24320.00,17355.00,1882.09,10635.00,25
1777324616034,19160.00,17350.00,4486.96,7515.00,35
1777324616074,30280.00,17303.00,2488.34,11925.00,55
1777324616114,27260.00,17439.00,2249.61,10905.00,50
1777324616156,19280.00,17425.00,5840.80,7440.00,34
1777324616196,33720.00,17386.00,2615.29,13365.00,61
1777324616238,28170.00,17399.00,2569.78,10980.00,50
1777324616278,27860.00,17377.00,1945.12,11070.00,51
1777324616318,21160.00,17383.00,3979.20,8340.00,40
1777324616357,29070.00,17329.00,2729.12,11430.00,54
1777324616397,28090.00,17338.00,2023.06,10965.00,52
1777324616438,22030.00,17465.00,3726.62,8730.00,42
1777324616479,29380.00,17435.00,3120.71,11400.00,54
1777324616519,29920.00,17417.00,1916.98,11760.00,56
1777324616567,27310.00,17411.00,3704.15,10530.00,50
1777324616609,32220.00,17425.00,2043.33,12405.00,59
1777324616650,27150.00,17414.00,2358.61,10470.00,50
1777324616692,31390.00,17361.00,2253.64,10935.00,78
1777324616732,30760.00,17516.00,2183.37,10710.00,76
1777324616778,32240.00,17455.00,2729.22,11190.00,80
1777324616821,31690.00,17434.00,2871.25,10980.00,78
1777324616863,32040.00,17410.00,2725.92,11145.00,79
1777324616904,30370.00,17367.00,2855.18,10680.00,76
1777324616945,32460.00,17431.00,2304.15,11040.00,82
1777324616988,34590.00,17370.00,2372.41,10965.00,104
1777324617031,35160.00,17360.00,2268.30,11220.00,107
1777324617074,34900.00,17326.00,2400.56,11145.00,106
1777324617117,34080.00,17449.00,2697.23,10785.00,103
1777324617159,34560.00,17448.00,2520.29,11040.00,105
1777324617202,34590.00,17418.00,2825.97,11040.00,105
1777324617244,35710.00,17410.00,2640.12,11115.00,110
1777324617286,33880.00,17370.00,3052.88,10755.00,106
1777324617329,24180.00,17363.00,1949.76,7470.00,74
1777324617372,48710.00,17296.00,2144.21,15195.00,150
1777324617416,34730.00,17317.00,2752.72,10875.00,107
1777324617457,35780.00,17317.00,2598.81,11205.00,110
1777324617499,38140.00,17444.00,2000.83,11310.00,134
1777324617541,35540.00,17445.00,2467.91,10425.00,124
1777324617584,38180.00,17393.00,2369.79,11130.00,132
1777324617632,38420.00,17372.00,3599.96,11190.00,133
1777324617676,42850.00,17311.00,2581.76,12300.00,152
1777324617721,26170.00,17296.00,1930.55,7455.00,92
1777324617764,53100.00,17397.00,2673.24,15330.00,189
1777324617808,41300.00,17419.00,3263.92,11130.00,159
1777324617852,42650.00,17429.00,3195.43,11490.00,164
1777324617898,43390.00,17343.00,3035.90,11715.00,167
1777324617944,44230.00,17347.00,3522.41,11805.00,168
1777324617990,44930.00,17304.00,3150.13,12090.00,172
1777324618046,45080.00,17265.00,5828.57,11880.00,176
1777324618092,55230.00,17284.00,2909.31,14640.00,216
1777324618138,43950.00,17436.00,3372.18,11610.00,172
1777324618183,46640.00,17462.00,2836.50,12405.00,183
1777324618234,43220.00,17414.00,4241.12,11475.00,170
1777324618282,52160.00,17389.00,3653.44,12990.00,216
1777324618329,51700.00,17386.00,3332.85,12885.00,214
1777324618375,49380.00,17333.00,3032.28,12330.00,205
1777324618424,47780.00,17352.00,3325.39,11790.00,203
1777324618473,51350.00,17347.00,3699.69,12630.00,218
1777324618524,52950.00,17299.00,4020.74,13005.00,224
1777324618572,51920.00,17318.00,3685.51,12780.00,220
1777324618622,25630.00,17276.00,4360.70,12630.00,0
1777324618681,26440.00,17319.00,5905.56,13320.00,0
1777324618729,30180.00,17290.00,3604.23,15090.00,0
1777324618778,17460.00,17307.00,2604.65,8835.00,0
1777324618826,32530.00,17425.00,3570.42,16080.00,0
1777324618878,18300.00,17512.00,2883.09,9255.00,0
1777324618927,34710.00,17411.00,3089.23,17445.00,0
1777324618977,25370.00,17458.00,3702.98,12480.00,0
1777324619027,25530.00,17442.00,3750.46,12840.00,0
1777324619082,26270.00,17424.00,4807.50,13065.00,0
1777324619132,28540.00,17424.00,3664.71,14355.00,0
1777324619187,25450.00,17428.00,4488.33,12645.00,0
1777324619236,29530.00,17420.00,3394.94,14820.00,0
1777324619294,25490.00,17438.00,4958.43,12915.00,0
1777324619344,28290.00,17419.00,4159.35,14295.00,0
1777324619395,26290.00,17431.00,4082.61,13230.00,0
1777324619446,26710.00,17474.00,3857.31,13350.00,0
1777324619505,27710.00,17433.00,5202.69,13770.00,0
1777324619560,30190.00,17617.00,4532.83,14985.00,0
1777324619612,28820.00,17817.00,3765.69,14310.00,0
1777324619663,27090.00,17820.00,3626.04,13545.00,0
1777324619716,26800.00,17851.00,3930.65,13395.00,0
1777324619769,26370.00,17682.00,4634.29,13140.00,0
1777324619821,28300.00,17250.00,4121.54,14055.00,0
1777324619872,26750.00,17289.00,3983.54,13365.00,0
1777324619924,26390.00,17226.00,4015.69,13260.00,0
1777324619975,27320.00,17306.00,4197.81,13425.00,0
1777324620028,27560.00,17227.00,4277.42,13620.00,0
1777324620079,28110.00,17273.00,3638.60,14025.00,0
1777324620131,26460.00,17217.00,3742.57,13275.00,0
1777324620183,26790.00,17291.00,3756.69,13350.00,0
1777324620234,26580.00,17225.00,3839.82,13245.00,0
1777324620285,26910.00,17259.00,3631.29,13620.00,0
1777324620344,26320.00,17348.00,5476.71,13110.00,0
1777324620396,30110.00,17270.00,4097.24,14940.00,0
1777324620446,27490.00,17319.00,3835.65,13695.00,0
1777324620497,28020.00,17259.00,2937.06,14025.00,0
1777324620550,25260.00,17339.00,4410.04,12405.00,0
1777324620600,27280.00,17340.00,3680.00,13650.00,0
1777324620650,26190.00,17263.00,3328.97,13365.00,0
1777324620700,27380.00,17338.00,2791.68,13560.00,0
1777324620758,23440.00,17226.00,5575.27,11865.00,0
1777324620809,25830.00,17282.00,6050.94,13320.00,0
1777324620860,31530.00,17298.00,3407.34,15645.00,0
1777324620911,17690.00,17224.00,2597.33,9030.00,0
1777324620964,34230.00,17237.00,4396.82,17115.00,0
1777324621018,29640.00,17311.00,3562.92,14910.00,0
1777324621069,26590.00,17269.00,3505.45,13230.00,0
1777324621119,27220.00,17290.00,2709.74,13755.00,0
1777324621174,23770.00,17317.00,5055.07,12060.00,0
1777324621225,29540.00,17379.00,3655.29,14805.00,0
1777324621277,26940.00,17262.00,3465.96,13485.00,0
1777324621329,26420.00,17284.00,3651.07,13260.00,0
1777324621385,26030.00,17349.00,5281.79,13080.00,0
1777324621437,24290.00,17236.00,6775.47,12090.00,0
1777324621488,32290.00,17278.00,3878.07,16005.00,0
1777324621542,19510.00,17327.00,3047.10,9630.00,0
1777324621596,36060.00,17303.00,4385.61,17910.00,0
1777324621649,28210.00,17248.00,4137.09,14175.00,0
1777324621701,28120.00,17295.00,3570.67,13935.00,0
1777324621752,26880.00,17325.00,3435.61,13725.00,0
1777324621804,25980.00,17366.00,4132.05,12675.00,0
1777324621855,28250.00,17255.00,3287.58,13995.00,0
1777324621905,25550.00,17293.00,3615.52,12810.00,0
1777324621958,26360.00,17305.00,4235.61,13170.00,0
1777324622016,26750.00,17334.00,5745.13,13290.00,0
1777324622069,26110.00,17237.00,6433.23,13185.00,0
1777324622120,33210.00,17264.00,3160.23,16560.00,0
1777324622173,17640.00,17316.00,2933.71,8865.00,0
1777324622226,34570.00,17290.00,4468.96,17340.00,0
1777324622280,29240.00,17248.00,3770.20,14730.00,0
1777324622331,26470.00,17300.00,3805.06,13260.00,0
1777324622384,27770.00,17371.00,3360.94,14085.00,0
1777324622443,26990.00,17342.00,5425.71,13485.00,0
1777324622495,30220.00,17249.00,3548.43,15195.00,0
1777324622548,26970.00,17279.00,3963.18,13560.00,0
1777324622611,26990.00,17345.00,4278.04,13545.00,0
1777324622692,46480.00,17230.00,3692.08,23145.00,0
1777324622752,29380.00,17342.00,5526.25,14655.00,0
1777324622806,32530.00,17278.00,3400.03,16110.00,0
1777324622862,26260.00,17306.00,4396.62,13185.00,0
1777324622915,29420.00,17329.00,4144.53,14715.00,0
1777324622968,28350.00,17369.00,3908.10,13890.00,0
1777324623022,27660.00,17397.00,4062.32,13845.00,0
1777324623074,27700.00,17420.00,3807.49,13875.00,0
1777324623126,26950.00,17295.00,3778.18,13530.00,0
1777324623178,27580.00,17277.00,3597.65,13665.00,0
1777324623229,26740.00,17330.00,3330.40,13545.00,0
1777324623280,26450.00,17355.00,3526.26,13200.00,0
1777324623331,26090.00,17324.00,3598.56,13110.00,0
1777324623382,27240.00,17370.00,3126.04,13635.00,0
1777324623433,18150.00,17345.00,2933.39,9105.00,0
1777324623492,34720.00,17309.00,4937.83,17250.00,0
1777324623549,31170.00,17370.00,4384.85,15450.00,0
1777324623601,29120.00,17403.00,3641.21,14505.00,0
1777324623667,28000.00,17426.00,4482.46,14100.00,0
1777324623725,33290.00,17268.00,4957.66,16635.00,0
1777324623777,29700.00,17281.00,3953.06,14925.00,0
1777324623830,27550.00,17370.00,3882.69,13770.00,0
1777324623884,18810.00,17339.00,3042.15,9555.00,0
1777324623937,29190.00,17343.00,7159.01,14655.00,0
1777324623989,33870.00,17306.00,3981.71,17010.00,0
1777324624042,27870.00,17351.00,3774.38,13875.00,0
1777324624102,20780.00,17380.00,8342.81,10125.00,0
1777324624154,38650.00,17341.00,3643.84,19030.00,0
1777324624209,27180.00,17372.00,4647.67,13500.00,0
1777324624262,29600.00,17420.00,3844.78,14550.00,0
1777324624314,27520.00,17416.00,3577.83,13755.00,0
1777324624366,26630.00,17428.00,3950.67,13320.00,0
1777324624418,27430.00,17415.00,3839.83,13635.00,0
1777324624470,27660.00,17420.00,3641.64,13725.00,0
1777324624523,27280.00,17425.00,3537.20,13590.00,0
1777324624576,27840.00,17423.00,3443.13,14055.00,0
1777324624627,26190.00,17410.00,3613.98,13200.00,0
1777324624678,27460.00,17395.00,3275.29,13650.00,0
1777324624730,27160.00,17397.00,3031.71,13650.00,0
1777324624782,18060.00,17400.00,7713.57,8970.00,0
1777324624833,35440.00,17345.00,3094.72,17700.00,0
1777324625022,15370.00,16635.00,48408.85,7680.00,0
1777324625054,55790.00,16780.00,28878.97,27171.00,0
1777324625090,59910.00,17079.00,1666.02,29179.00,0
1777324625127,35430.00,17366.00,934.29,17850.00,0
1777324625159,15350.00,17427.00,1522.37,7605.00,0
1777324625191,14770.00,17529.00,2410.90,7335.00,0
1777324625223,15060.00,17449.00,3291.38,7455.00,0
1777324625255,14700.00,17371.00,4248.32,7290.00,0
1777324625288,21900.00,17469.00,1566.28,11040.00,0
1777324625323,14600.00,17434.00,3303.89,7425.00,0
1777324625357,14390.00,17358.00,901.73,7245.00,0
1777324625390,23480.00,17455.00,1538.46,11790.00,0
1777324625425,13120.00,17413.00,4232.58,6630.00,0
1777324625458,22050.00,17319.00,1732.12,10980.00,0
1777324625494,16020.00,17465.00,2877.97,8085.00,0
1777324625528,20470.00,17386.00,1486.63,10260.00,0
1777324625563,14370.00,17357.00,3181.97,7365.00,0
1777324625598,14100.00,17456.00,974.35,7080.00,0
1777324625633,21900.00,17368.00,3123.86,10920.00,0
1777324625669,22480.00,17335.00,1426.66,11205.00,0
1777324625704,15130.00,17485.00,3117.74,7500.00,0
1777324625740,21940.00,17404.00,1349.07,10920.00,0
1777324625776,15120.00,17391.00,3376.37,7410.00,0
1777324625812,22360.00,17490.00,1517.61,11025.00,0
1777324625859,15090.00,17460.00,4535.23,7590.00,0
1777324625896,27980.00,17352.00,1515.96,13770.00,0
1777324625939,14860.00,17415.00,1171.86,7440.00,0
1777324625976,22570.00,17515.00,3667.46,11325.00,0
1777324626015,24680.00,17437.00,1822.34,12075.00,0
1777324626058,14510.00,17400.00,1246.53,7275.00,0
1777324626095,21490.00,17320.00,4580.66,10695.00,0
1777324626135,25600.00,17463.00,2275.21,12585.00,0
1777324626174,16000.00,17447.00,4731.64,7920.00,0
1777324626212,24680.00,17392.00,2138.68,12450.00,0
1777324626251,15540.00,17361.00,1120.22,7695.00,0
1777324626292,22460.00,17463.00,3905.03,11025.00,0
1777324626332,24420.00,17430.00,2100.74,12120.00,0
1777324626371,21110.00,17415.00,1878.38,10620.00,0
1777324626412,15480.00,17382.00,4791.41,7710.00,0
1777324626466,28270.00,17324.00,3330.78,13950.00,0
1777324626504,25820.00,17301.00,1943.06,12945.00,0
1777324626542,14590.00,17469.00,4521.26,7305.00,0
1777324626580,17470.00,17438.00,5309.40,8850.00,0
1777324626621,27180.00,17317.00,1993.57,13620.00,0
1777324626662,14040.00,17499.00,1571.94,7020.00,0
1777324626704,29020.00,17404.00,1851.75,14565.00,0
1777324626747,22340.00,17412.00,2135.90,11085.00,0
1777324626789,21990.00,17377.00,2020.50,11025.00,0
1777324626829,21510.00,17355.00,1795.51,10845.00,0
1777324626868,15390.00,17499.00,4368.36,7650.00,0
1777324626907,25440.00,17415.00,1731.87,12600.00,0
1777324626945,14900.00,17412.00,4561.98,7380.00,0
1777324626987,18180.00,17335.00,1646.03,9075.00,0
1777324627033,28590.00,17456.00,2509.05,14310.00,0
1777324627081,23500.00,17469.00,3182.11,11970.00,0
1777324627125,24390.00,17453.00,3022.82,12180.00,0
1777324627168,17790.00,17395.00,5326.52,8985.00,0
1777324627212,28200.00,17396.00,2652.52,13935.00,0
1777324627256,22350.00,17351.00,3038.77,11130.00,0
1777324627300,23090.00,17499.00,2832.38,11595.00,0
1777324627346,23060.00,17458.00,3229.04,11655.00,0
1777324627391,23800.00,17436.00,2737.71,11940.00,0
1777324627436,23070.00,17408.00,3227.45,11370.00,0
1777324627480,25490.00,17379.00,1935.56,12810.00,0
1777324627524,21330.00,17348.00,2675.74,10785.00,0
1777324627566,16170.00,17491.00,1760.02,7965.00,0
1777324627608,29400.00,17417.00,1856.21,14595.00,0
1777324627655,14580.00,17611.00,6981.30,7305.00,0
1777324627697,31100.00,17528.00,2317.74,15390.00,0
1777324627740,17140.00,17425.00,6134.99,7485.00,17
1777324627792,33420.00,17326.00,4428.74,14700.00,33
1777324627839,33340.00,17310.00,2472.53,14475.00,33
1777324627885,25120.00,17497.00,3197.08,11145.00,25
1777324627929,27640.00,17476.00,2557.74,12225.00,28
1777324627974,24160.00,17437.00,3621.12,10695.00,24
1777324628018,22530.00,17400.00,5233.00,9855.00,23
1777324628061,30380.00,17343.00,2899.10,13410.00,32
1777324628105,28400.00,17341.00,2066.82,12480.00,29
1777324628148,26640.00,17502.00,2930.36,10335.00,47
1777324628190,29890.00,17455.00,2108.86,11670.00,53
1777324628232,26820.00,17428.00,2401.80,10680.00,49
1777324628275,27770.00,17390.00,2745.48,10890.00,50
1777324628319,28700.00,17369.00,2871.22,11145.00,51
1777324628362,28980.00,17333.00,2763.49,11220.00,51
1777324628407,21000.00,17309.00,1919.55,8130.00,38
1777324628450,37380.00,17412.00,3003.85,14490.00,69
1777324628499,23040.00,17491.00,2486.70,8025.00,55
1777324628544,46590.00,17357.00,2875.95,16440.00,113
1777324628591,34890.00,17381.00,2688.29,12375.00,85
1777324628637,33320.00,17336.00,3089.86,11520.00,82
1777324628683,34000.00,17506.00,3117.91,12000.00,85
1777324628728,34110.00,17461.00,2947.51,11970.00,85
1777324628775,35950.00,17424.00,3301.62,11670.00,107
1777324628822,36720.00,17351.00,3913.74,11745.00,111
1777324628869,40220.00,17324.00,3115.68,12720.00,121
1777324628917,26770.00,17368.00,2623.17,8445.00,80
1777324628963,51320.00,17485.00,2996.58,16335.00,155
1777324629011,38700.00,17523.00,3015.68,12330.00,117
1777324629058,43000.00,17453.00,2605.90,12600.00,150
1777324629106,41230.00,17444.00,3105.81,11970.00,142
1777324629153,41520.00,17440.00,3133.16,12180.00,145
1777324629203,42300.00,17379.00,3481.65,12225.00,150
1777324629251,31510.00,17324.00,6979.34,9105.00,112
1777324629299,54280.00,17259.00,3439.20,16065.00,186
1777324629348,45330.00,17313.00,3338.90,13050.00,161
1777324629398,17150.00,17281.00,2824.03,8685.00,0
1777324629452,33110.00,17243.00,4843.69,16440.00,0
1777324629502,28170.00,17279.00,4268.05,13725.00,0
1777324629552,27950.00,17462.00,3378.02,14025.00,0
1777324629604,24470.00,17468.00,4190.15,12360.00,0
1777324629655,27980.00,17445.00,3472.29,13965.00,0
1777324629707,19390.00,17456.00,7400.65,9675.00,0
1777324629759,34350.00,17403.00,3273.39,17355.00,0
1777324629811,25690.00,17440.00,4296.22,12720.00,0
1777324629862,27070.00,17502.00,3923.17,13635.00,0
1777324629913,27240.00,17465.00,3639.11,13680.00,0
1777324629965,25910.00,17647.00,3967.04,13065.00,0
1777324630017,26960.00,17821.00,4007.68,13395.00,0
1777324630070,27280.00,17881.00,3938.29,13740.00,0
1777324630128,28870.00,17680.00,3857.85,14325.00,0
1777324630186,31170.00,17243.00,4162.51,15450.00,0
1777324630239,27440.00,17250.00,4492.06,13680.00,0
1777324630295,29190.00,17236.00,4364.14,14625.00,0
1777324630349,29620.00,17284.00,3389.88,14880.00,0
1777324630401,26330.00,17287.00,4187.90,12990.00,0
1777324630454,27460.00,17303.00,3928.39,13980.00,0
1777324630512,27620.00,17254.00,4840.13,13845.00,0
1777324630564,29160.00,17194.00,4112.25,14550.00,0
1777324630620,27680.00,17290.00,4014.17,13890.00,0
1777324630680,29830.00,17235.00,4677.92,14535.00,0
1777324630753,31870.00,17180.00,7652.60,16080.00,0
1777324630806,35990.00,17248.00,4405.15,17910.00,0
1777324630858,27660.00,17211.00,4525.20,13710.00,0
1777324630918,28540.00,17323.00,4617.06,14205.00,0
1777324630972,30280.00,17230.00,4088.69,15390.00,0
1777324631031,29130.00,17284.00,3318.91,14385.00,0
1777324631087,31320.00,17315.00,3871.64,15705.00,0
1777324631140,27970.00,17284.00,3940.54,14025.00,0
1777324631200,26640.00,17304.00,4569.72,13410.00,0
1777324631256,30790.00,17211.00,4628.00,15375.00,0
1777324631310,30220.00,17313.00,4065.65,15060.00,0
1777324631375,28730.00,17205.00,6512.33,14205.00,0
1777324631428,34670.00,17253.00,3267.55,17310.00,0
1777324631483,18770.00,17381.00,3373.09,9510.00,0
1777324631535,36420.00,17322.00,3361.11,18060.00,0
1777324631587,27020.00,17293.00,3748.27,13530.00,0
1777324631639,26610.00,17355.00,3779.78,13440.00,0
1777324631690,25930.00,17353.00,3990.00,13050.00,0
1777324631741,28370.00,17239.00,3110.99,14055.00,0
1777324631793,25780.00,17279.00,4130.55,12735.00,0
1777324631845,26590.00,17301.00,3891.74,13425.00,0
1777324631896,26660.00,17336.00,3828.70,13395.00,0
1777324631949,26990.00,17244.00,4038.47,13470.00,0
1777324632000,26910.00,17326.00,3795.66,13725.00,0
1777324632051,27210.00,17388.00,3521.39,13665.00,0
1777324632103,26670.00,17379.00,3490.17,13395.00,0
1777324632154,26370.00,17398.00,3728.99,13065.00,0
1777324632215,26130.00,17290.00,6402.07,13110.00,0
1777324632267,31450.00,17279.00,3779.43,16005.00,0
1777324632325,26870.00,17344.00,3720.43,13755.00,0
1777324632386,30980.00,17217.00,4559.34,15345.00,0
1777324632438,30500.00,17263.00,3976.55,15240.00,0
1777324632490,28870.00,17314.00,3109.77,14400.00,0
1777324632543,25460.00,17336.00,4389.88,12540.00,0
1777324632595,27640.00,17359.00,3911.81,13710.00,0
1777324632649,28340.00,17241.00,3982.33,14040.00,0
1777324632700,28410.00,17331.00,3138.00,14295.00,0
1777324632753,26550.00,17316.00,3884.70,13215.00,0
1777324632805,26990.00,17393.00,3670.39,13500.00,0
1777324632857,27050.00,17377.00,4052.02,13335.00,0
1777324632914,19440.00,17361.00,3186.37,9765.00,0
1777324632964,36660.00,17186.00,3625.85,18465.00,0
1777324633015,25900.00,17284.00,3819.38,13080.00,0
1777324633067,27780.00,17331.00,3330.58,13830.00,0
1777324633117,25410.00,17332.00,3675.95,12945.00,0
1777324633167,25690.00,17344.00,3760.35,12960.00,0
1777324633219,26330.00,17373.00,3786.82,13215.00,0
1777324633269,19370.00,17261.00,7155.74,9720.00,0
1777324633319,33140.00,17236.00,3603.69,16650.00,0
1777324633372,26440.00,17309.00,3668.61,13455.00,0
1777324633423,27160.00,17339.00,3614.31,13470.00,0
1777324633477,27180.00,17410.00,4065.12,13470.00,0
1777324633530,27420.00,17397.00,4179.99,13710.00,0
1777324633590,27470.00,17276.00,3540.63,13935.00,0
1777324633652,30960.00,17291.00,4807.67,15810.00,0
1777324633709,31330.00,17331.00,4936.33,15690.00,0
1777324633761,30670.00,17238.00,3521.18,15495.00,0
1777324633817,18840.00,17293.00,3389.51,9420.00,0
1777324633867,34990.00,17263.00,3826.97,17715.00,0
1777324633922,26490.00,17332.00,5116.81,13080.00,0
1777324633974,28300.00,17385.00,4129.17,14310.00,0
1777324634025,27640.00,17342.00,3874.99,13740.00,0
1777324634229,47190.00,16738.00,36834.02,23124.00,0
1777324634264,28230.00,16886.00,32478.53,13585.00,0
1777324634302,60140.00,17050.00,2042.32,29165.00,0
1777324634340,36400.00,17199.00,5031.41,18165.00,0
1777324634376,23860.00,17359.00,2050.63,11970.00,0
1777324634410,13950.00,17385.00,3620.87,7080.00,0
1777324634444,22350.00,17479.00,1378.59,11145.00,0
1777324634478,14650.00,17409.00,3064.11,7095.00,0
1777324634512,14820.00,17503.00,786.86,7395.00,0
1777324634546,22130.00,17419.00,1822.49,11370.00,0
1777324634582,16310.00,17384.00,2701.22,8265.00,0
1777324634617,19290.00,17329.00,2025.38,9780.00,0
1777324634653,15640.00,17459.00,3855.13,7590.00,0
1777324634687,22120.00,17374.00,1798.73,11010.00,0
1777324634723,15190.00,17392.00,3513.05,7650.00,0
1777324634759,21380.00,17494.00,1977.65,10725.00,0
1777324634795,14310.00,17418.00,4320.33,7065.00,0
1777324634831,24300.00,17330.00,1156.02,12255.00,0
1777324634870,14340.00,17494.00,3900.73,7140.00,0
1777324634908,24110.00,17407.00,2142.12,11835.00,0
1777324634947,21140.00,17383.00,1650.30,10515.00,0
1777324634984,14740.00,17349.00,4138.29,7290.00,0
1777324635023,25070.00,17446.00,1651.04,12570.00,0
1777324635060,19980.00,17435.00,1865.78,10110.00,0
1777324635093,14980.00,17386.00,2793.42,7440.00,0
1777324635128,14440.00,17486.00,4413.50,7200.00,0
1777324635164,23340.00,17391.00,2108.90,11580.00,0
1777324635203,15050.00,17339.00,4649.01,7620.00,0
1777324635240,23610.00,17441.00,2091.54,11865.00,0
1777324635278,21890.00,17416.00,1246.14,10845.00,0
1777324635320,14930.00,17366.00,4391.54,7395.00,0
1777324635358,24200.00,17465.00,2201.21,12015.00,0
1777324635398,21890.00,17426.00,1541.93,10995.00,0
1777324635437,14950.00,17400.00,4462.13,7560.00,0
1777324635475,24630.00,17314.00,1892.65,12345.00,0
1777324635515,20880.00,17479.00,1884.75,10425.00,0
1777324635552,14930.00,17433.00,4122.43,7470.00,0
1777324635590,23570.00,17339.00,2206.21,11565.00,0
1777324635631,21980.00,17493.00,1539.99,11130.00,0
1777324635670,15410.00,17456.00,4160.49,7695.00,0
1777324635710,23810.00,17559.00,2366.57,11955.00,0
1777324635751,21980.00,17524.00,2010.58,11040.00,0
1777324635793,22400.00,17457.00,1481.23,11190.00,0
1777324635833,13560.00,17398.00,5722.28,6720.00,0
1777324635873,26670.00,17457.00,2281.83,13425.00,0
1777324635915,22510.00,17453.00,2000.47,11160.00,0
1777324635956,20610.00,17413.00,2164.98,10575.00,0
1777324635998,22380.00,17349.00,1950.59,11085.00,0
1777324636040,21160.00,17496.00,2096.47,10695.00,0
1777324636082,22410.00,17447.00,1845.55,11190.00,0
1777324636124,14600.00,17387.00,1656.79,7305.00,0
1777324636167,22550.00,17297.00,5225.97,11295.00,0
1777324636210,26580.00,17448.00,3062.23,13380.00,0
1777324636253,22320.00,17448.00,3244.80,10980.00,0
1777324636295,22720.00,17389.00,2858.50,11220.00,0
1777324636337,22500.00,17539.00,2626.24,11025.00,0
1777324636387,22120.00,17485.00,4124.97,11010.00,0
1777324636431,25880.00,17442.00,2838.98,12975.00,0
1777324636476,24140.00,17384.00,2654.54,12135.00,0
1777324636521,22930.00,17419.00,2825.23,11400.00,0
1777324636567,26580.00,17331.00,2938.87,11730.00,27
1777324636612,25980.00,17301.00,3206.90,11415.00,27
1777324636661,27490.00,17459.00,3431.39,12045.00,29
1777324636707,28990.00,17434.00,3174.38,12720.00,30
1777324636752,26210.00,17436.00,3268.15,11580.00,27
1777324636798,27260.00,17397.00,3250.57,11925.00,28
1777324636844,27910.00,17392.00,2605.75,12420.00,29
1777324636889,26730.00,17373.00,2840.45,11700.00,28
1777324636934,25900.00,17356.00,3199.00,11250.00,28
1777324636977,30150.00,17321.00,3108.31,11700.00,55
1777324637020,31680.00,17482.00,1738.08,12300.00,58
1777324637067,26360.00,17452.00,3397.19,10245.00,48
1777324637113,30700.00,17418.00,3343.75,12105.00,57
1777324637160,31400.00,17389.00,3376.33,12270.00,58
1777324637207,32810.00,17378.00,2674.28,12570.00,60
1777324637254,21570.00,17376.00,1847.72,8475.00,40
1777324637306,40120.00,17278.00,3954.07,15645.00,74
1777324637352,35670.00,17308.00,2986.89,13815.00,65
1777324637395,34420.00,17479.00,2384.11,11910.00,85
1777324637438,33140.00,17446.00,1845.42,11655.00,83
1777324637486,28790.00,17382.00,3337.23,9945.00,71
1777324637538,37550.00,17339.00,3353.91,13170.00,94
1777324637585,27210.00,17339.00,2328.65,9420.00,67
1777324637633,45550.00,17277.00,3322.84,15990.00,114
1777324637681,37780.00,17316.00,2820.93,13275.00,94
1777324637728,33800.00,17284.00,3196.41,11865.00,84
1777324637773,34640.00,17461.00,3061.24,12195.00,87
1777324637821,33980.00,17430.00,3541.61,11745.00,87
1777324637878,37880.00,17406.00,5608.42,12030.00,114
1777324637926,42950.00,17406.00,3766.21,14970.00,110
1777324637972,39270.00,17454.00,3418.28,12465.00,118
1777324638020,38180.00,17372.00,3543.82,12120.00,115
1777324638066,24820.00,17360.00,3306.21,12540.00,0
1777324638112,37160.00,17366.00,3203.51,11805.00,112
1777324638158,24510.00,17350.00,3130.13,12135.00,0
1777324638205,37110.00,17339.00,3209.63,11955.00,113
1777324638253,38580.00,17323.00,3295.71,12195.00,120
1777324638301,39480.00,17332.00,3563.43,12405.00,122
1777324638349,39980.00,17285.00,3461.82,12570.00,124
1777324638396,28280.00,17450.00,2430.06,8940.00,88
1777324638444,54920.00,17389.00,2949.51,15945.00,189
1777324638493,26080.00,17439.00,2749.74,13125.00,0
1777324638542,24580.00,17435.00,3109.59,12420.00,0
1777324638590,24180.00,17418.00,3489.91,12120.00,0
1777324638638,30110.00,17393.00,2663.72,8670.00,103
1777324638693,58260.00,17278.00,4619.82,16680.00,205
1777324638742,27990.00,17270.00,3670.39,13905.00,0
1777324638792,26540.00,17290.00,3403.63,13185.00,0
1777324638841,24720.00,17466.00,3923.55,12375.00,0
1777324638891,25800.00,17505.00,3592.83,13035.00,0
1777324638942,26760.00,17443.00,3483.38,13395.00,0
1777324638991,25430.00,17447.00,3588.71,12825.00,0
1777324639041,25850.00,17427.00,3701.10,12810.00,0
1777324639092,26690.00,17415.00,3135.46,13590.00,0
1777324639145,25810.00,17596.00,3768.62,13035.00,0
1777324639197,27320.00,17770.00,3808.98,13605.00,0
1777324639249,26240.00,17951.00,4260.96,13035.00,0
1777324639303,28350.00,17662.00,3696.09,14295.00,0
1777324639359,27300.00,17489.00,4796.27,13470.00,0
1777324639412,29420.00,17193.00,4083.85,14760.00,0
1777324639465,27270.00,17296.00,4211.45,13620.00,0
1777324639517,27070.00,17234.00,4259.73,13410.00,0
1777324639571,20260.00,17314.00,3062.50,9975.00,0
1777324639622,34700.00,17185.00,4114.05,17565.00,0
1777324639674,27710.00,17289.00,3866.45,13950.00,0
1777324639726,27350.00,17227.00,3445.07,13800.00,0
1777324639778,26030.00,17309.00,3889.12,13110.00,0
1777324639830,26010.00,17247.00,4334.43,13005.00,0
1777324639882,27750.00,17257.00,3902.00,13875.00,0
1777324639940,27870.00,17347.00,3372.03,14070.00,0
1777324639995,30850.00,17236.00,3549.06,15360.00,0
1777324640057,26870.00,17344.00,5756.58,13320.00,0
1777324640109,31980.00,17219.00,4439.26,15960.00,0
1777324640165,26760.00,17230.00,5042.12,13695.00,0
1777324640217,30170.00,17265.00,3733.40,15045.00,0
1777324640268,28000.00,17364.00,2963.19,14130.00,0
1777324640326,26510.00,17249.00,3240.91,13200.00,0
1777324640379,29300.00,17327.00,3767.82,14400.00,0
1777324640439,26110.00,17212.00,5519.17,13035.00,0
1777324640491,32340.00,17285.00,4100.61,16155.00,0
1777324640545,26530.00,17331.00,4904.10,13080.00,0
1777324640597,27340.00,17272.00,4642.69,13740.00,0
1777324640648,20860.00,17301.00,7682.40,10470.00,0
1777324640699,33750.00,17292.00,3884.40,16950.00,0
1777324640751,26620.00,17239.00,4051.37,13290.00,0
1777324640801,27790.00,17286.00,3333.96,13905.00,0
1777324640853,26100.00,17322.00,3745.65,12945.00,0
1777324640904,26010.00,17405.00,4350.76,12795.00,0
1777324640957,27940.00,17248.00,4001.66,13845.00,0
1777324641010,26820.00,17291.00,4696.00,13305.00,0
1777324641063,29020.00,17321.00,4202.26,14160.00,0
1777324641116,27150.00,17218.00,4358.78,13545.00,0
1777324641170,27910.00,17301.00,4320.48,13905.00,0
1777324641225,28380.00,17336.00,4605.19,14010.00,0
1777324641276,28290.00,17344.00,3996.32,14205.00,0
1777324641328,27050.00,17238.00,3827.03,13590.00,0
1777324641379,26500.00,17272.00,3787.56,13380.00,0
1777324641431,26250.00,17304.00,4035.58,13140.00,0
1777324641481,27170.00,17306.00,3875.12,13425.00,0
1777324641532,26780.00,17323.00,3620.54,13410.00,0
1777324641583,26220.00,17350.00,3458.36,13395.00,0
1777324641634,24990.00,17372.00,4209.69,12600.00,0
1777324641684,27520.00,17388.00,3612.84,13740.00,0
1777324641742,26010.00,17410.00,3788.80,13095.00,0
1777324641802,30210.00,17266.00,4539.48,15360.00,0
1777324641853,32140.00,17307.00,3072.99,16020.00,0
1777324641904,25220.00,17355.00,3757.42,12585.00,0
1777324641955,25950.00,17367.00,3892.22,12915.00,0
1777324642005,26420.00,17389.00,3697.50,13230.00,0
1777324642203,26190.00,17257.00,45491.42,13140.00,0
1777324642233,28250.00,16803.00,39752.43,13584.00,0
1777324642266,56030.00,16941.00,6630.04,27171.00,0
1777324642309,54250.00,17164.00,4105.33,26739.00,0
1777324642351,18330.00,17345.00,6914.92,9015.00,0
1777324642385,26600.00,17341.00,2329.47,13230.00,0
1777324642420,15330.00,17362.00,3996.86,7560.00,0
1777324642454,21210.00,17307.00,1874.31,10710.00,0
1777324642489,14670.00,17433.00,3604.56,7515.00,0
1777324642522,14920.00,17401.00,824.63,7530.00,0
1777324642556,21390.00,17345.00,2729.14,10635.00,0
1777324642591,21680.00,17468.00,933.54,10935.00,0
1777324642625,14960.00,17501.00,2537.55,7395.00,0
1777324642661,14700.00,17396.00,4354.68,7290.00,0
1777324642695,23040.00,17312.00,1550.92,11625.00,0
1777324642731,13970.00,17448.00,3919.05,7035.00,0
1777324642766,22620.00,17384.00,1538.84,11265.00,0
1777324642803,16320.00,17389.00,2882.02,8145.00,0
1777324642838,19730.00,17480.00,2195.32,9900.00,0
1777324642874,14770.00,17456.00,4218.47,7365.00,0
1777324642910,15240.00,17393.00,1023.19,7590.00,0
1777324642946,22880.00,17317.00,3712.98,11415.00,0
1777324642983,21760.00,17447.00,2307.74,10965.00,0
1777324643022,21490.00,17451.00,1445.18,10875.00,0
1777324643060,14440.00,17411.00,4285.16,7305.00,0
1777324643096,23250.00,17341.00,1732.68,11775.00,0
1777324643133,14250.00,17363.00,4225.12,7155.00,0
1777324643170,23190.00,17436.00,2027.31,11655.00,0
1777324643208,21070.00,17429.00,1259.41,10680.00,0
1777324643245,14400.00,17412.00,3662.12,7305.00,0
1777324643283,23080.00,17371.00,1719.96,11490.00,0
1777324643324,21640.00,17359.00,1623.18,10740.00,0
1777324643365,15050.00,17478.00,5101.31,7365.00,0
1777324643404,25320.00,17409.00,2218.97,12735.00,0
1777324643445,21780.00,17459.00,2028.91,10800.00,0
1777324643487,15250.00,17391.00,1408.95,7575.00,0
1777324643527,21670.00,17317.00,5027.49,10590.00,0
1777324643568,26050.00,17292.00,2781.55,12975.00,0
1777324643608,14880.00,17304.00,1405.52,7395.00,0
1777324643647,23950.00,17402.00,1312.69,11880.00,0
1777324643687,20620.00,17466.00,4533.69,10095.00,0
1777324643729,24850.00,17398.00,2759.73,12525.00,0
1777324643770,22500.00,17339.00,2119.24,11250.00,0
1777324643811,21620.00,17313.00,1930.16,10935.00,0
1777324643850,14500.00,17459.00,4876.48,7275.00,0
1777324643886,26220.00,17391.00,1821.82,13080.00,0
1777324643928,13540.00,17392.00,5248.67,6825.00,0
1777324643970,26530.00,17304.00,2175.57,13605.00,0
1777324644012,20470.00,17314.00,2977.98,10350.00,0
1777324644050,21770.00,17452.00,2846.57,10725.00,0
1777324644088,16510.00,17425.00,5109.39,7260.00,17
1777324644126,27350.00,17340.00,3118.65,11985.00,28
1777324644164,25410.00,17321.00,1827.49,11160.00,26
1777324644202,16860.00,17470.00,4328.89,7410.00,18
1777324644242,24700.00,17392.00,3308.21,10890.00,26
1777324644284,25450.00,17359.00,3021.51,11160.00,26
1777324644329,25650.00,17317.00,3601.60,11160.00,26
1777324644379,30240.00,17466.00,4682.14,11790.00,54
1777324644421,33120.00,17448.00,2723.93,12975.00,59
1777324644465,28090.00,17413.00,3261.96,10680.00,51
1777324644507,28590.00,17385.00,3282.59,11085.00,53
1777324644548,29110.00,17354.00,2757.11,11355.00,54
1777324644589,27650.00,17495.00,2535.01,10890.00,52
1777324644629,31340.00,17518.00,1853.53,11085.00,76
1777324644669,23850.00,17432.00,1814.69,8355.00,60
1777324644709,27810.00,17345.00,4479.71,9840.00,70
1777324644750,36160.00,17304.00,2339.89,12630.00,90
1777324644801,30440.00,17280.00,4698.94,10665.00,76
1777324644844,37590.00,17440.00,2777.91,13155.00,94
1777324644888,30480.00,17423.00,3182.27,10740.00,79
1777324644932,38490.00,17400.00,2554.95,12285.00,117
1777324644975,33690.00,17353.00,3128.87,10770.00,102
1777324645019,25230.00,17500.00,6226.83,8100.00,77
1777324645063,46220.00,17408.00,2756.65,14820.00,141
1777324645107,36790.00,17415.00,2778.66,11655.00,111
1777324645152,34540.00,17392.00,3341.81,10935.00,104
1777324645201,40290.00,17328.00,4068.36,11790.00,140
1777324645246,43650.00,17278.00,3294.70,12675.00,151
1777324645290,26570.00,17464.00,2211.91,7785.00,92
1777324645334,53460.00,17372.00,2804.13,15480.00,184
1777324645383,40170.00,17384.00,3180.06,11685.00,139
1777324645434,43120.00,17356.00,4864.01,12555.00,149
1777324645478,46050.00,17378.00,3108.70,13290.00,158
1777324645523,38380.00,17313.00,3322.41,11085.00,132
1777324645568,40500.00,17487.00,3342.04,11715.00,144
1777324645619,45300.00,17440.00,4107.47,12210.00,174
1777324645666,47060.00,17449.00,3751.04,12540.00,179
1777324645715,46890.00,17441.00,3843.39,12585.00,179
1777324645761,47500.00,17400.00,3354.41,12780.00,182
1777324645807,48280.00,17411.00,2469.88,12840.00,190
1777324645857,41480.00,17359.00,4279.82,11025.00,163
1777324645903,48870.00,17372.00,3401.66,12915.00,191
1777324645950,44960.00,17335.00,3656.74,11955.00,177
1777324645997,26140.00,17313.00,2739.07,13005.00,0
1777324646045,43050.00,17344.00,3868.46,11415.00,169
1777324646093,50390.00,17274.00,3822.89,12570.00,209
1777324646144,25000.00,17475.00,4367.35,12450.00,0
1777324646191,26440.00,17460.00,3536.30,13350.00,0
1777324646239,24280.00,17453.00,3757.77,12105.00,0
1777324646290,26680.00,17428.00,3314.50,13320.00,0
1777324646342,49770.00,17416.00,3734.24,12435.00,207
1777324646394,27510.00,17359.00,4459.86,13620.00,0
1777324646443,27610.00,17404.00,3726.98,13680.00,0
1777324646492,24900.00,17411.00,3799.06,12450.00,0
1777324646541,25500.00,17398.00,3665.10,12810.00,0
1777324646592,26790.00,17390.00,3334.19,13410.00,0
1777324646642,24650.00,17390.00,4037.74,12405.00,0
1777324646706,27680.00,17387.00,6585.95,13935.00,0
1777324646757,32350.00,17390.00,4171.36,15945.00,0
1777324646808,28010.00,17428.00,3470.40,14010.00,0
1777324646860,18050.00,17410.00,3047.10,9000.00,0
1777324646914,34770.00,17316.00,4504.79,17235.00,0
1777324646967,27740.00,17378.00,4458.93,13695.00,0
1777324647026,27180.00,17389.00,4446.66,13665.00,0
1777324647082,31080.00,17395.00,4222.26,15645.00,0
1777324647135,29810.00,17603.00,3595.01,14835.00,0
1777324647190,25460.00,17801.00,4850.07,12810.00,0
1777324647252,29440.00,17797.00,5954.52,14655.00,0
1777324647314,33100.00,17506.00,5752.83,16470.00,0
1777324647370,32650.00,17330.00,4355.94,16275.00,0
1777324647424,27860.00,17207.00,4445.84,13920.00,0
1777324647481,28530.00,17295.00,4723.78,14220.00,0
1777324647554,32000.00,17241.00,7963.69,16065.00,0
1777324647610,36210.00,17213.00,4443.94,18000.00,0
1777324647668,28440.00,17181.00,5279.50,14145.00,0
1777324647728,30970.00,17300.00,5253.80,15465.00,0
1777324647784,32730.00,17258.00,3942.49,16275.00,0
1777324647840,27850.00,17216.00,4186.74,14070.00,0
1777324647893,28490.00,17272.00,4150.48,14190.00,0
1777324647948,27690.00,17261.00,4227.34,13890.00,0
1777324648001,28720.00,17294.00,3702.48,14625.00,0
1777324648055,27080.00,17343.00,4146.75,13515.00,0
1777324648114,26810.00,17281.00,4444.49,13620.00,0
1777324648176,30970.00,17210.00,6896.93,15555.00,0
1777324648227,32820.00,17262.00,3779.79,16500.00,0
1777324648279,28550.00,17235.00,3035.80,14220.00,0
1777324648330,17330.00,17279.00,2871.14,8580.00,0
1777324648391,34290.00,17250.00,5077.65,17130.00,0
1777324648444,31950.00,17210.00,3907.13,15930.00,0
1777324648499,27570.00,17279.00,4354.73,13710.00,0
1777324648552,27730.00,17361.00,4167.37,13935.00,0
1777324648605,28480.00,17232.00,3632.21,14310.00,0
1777324648657,26430.00,17324.00,4106.81,13155.00,0
1777324648715,27180.00,17341.00,4923.91,13575.00,0
1777324648771,30480.00,17221.00,4554.05,15210.00,0
1777324648827,29800.00,17274.00,4617.06,14970.00,0
1777324648883,29510.00,17327.00,4187.94,14655.00,0
1777324648936,29460.00,17251.00,3423.37,14685.00,0
1777324648990,26330.00,17356.00,4252.50,13260.00,0
1777324649045,28610.00,17352.00,4072.98,14355.00,0
1777324649098,27810.00,17262.00,4178.56,13920.00,0
1777324649153,27700.00,17351.00,4493.12,13785.00,0
1777324649208,20910.00,17231.00,2966.33,10620.00,0
1777324649262,38150.00,17269.00,3086.30,19140.00,0
1777324649318,25220.00,17379.00,5135.51,12690.00,0
1777324649374,29910.00,17256.00,4721.06,14880.00,0
1777324649439,29000.00,17292.00,6957.28,14685.00,0
1777324649493,33590.00,17326.00,4062.88,16875.00,0
1777324649549,27630.00,17245.00,4558.53,13965.00,0
1777324649603,29780.00,17295.00,3677.18,15000.00,0
1777324649662,28390.00,17339.00,3456.09,14295.00,0
1777324649717,30960.00,17282.00,3750.86,15555.00,0
1777324649778,26520.00,17346.00,5661.22,13215.00,0
1777324649831,31760.00,17261.00,4042.34,15645.00,0
1777324649884,27890.00,17262.00,4066.63,13995.00,0
1777324649938,27170.00,17304.00,4509.41,13545.00,0
1777324649990,28520.00,17329.00,3996.70,14280.00,0
1777324650044,27570.00,17352.00,4157.64,13815.00,0
1777324650098,27510.00,17259.00,4049.36,13965.00,0
1777324650150,27110.00,17284.00,4186.47,13575.00,0
1777324650202,28060.00,17318.00,3709.11,13980.00,0
1777324650253,26760.00,17354.00,3663.99,13320.00,0
1777324650309,26830.00,17335.00,4465.32,13395.00,0
1777324650361,28660.00,17409.00,3980.31,14430.00,0
1777324650413,27610.00,17395.00,3951.44,13650.00,0
1777324650465,19940.00,17236.00,2754.34,9945.00,0
1777324650518,33090.00,17241.00,4238.73,16770.00,0
1777324650570,28420.00,17285.00,3598.10,14295.00,0
1777324650624,26570.00,17349.00,4215.45,13245.00,0
1777324650674,29320.00,17334.00,2667.06,14850.00,0
1777324650727,23400.00,17364.00,4555.91,11895.00,0
1777324650779,28510.00,17391.00,3960.49,14130.00,0
1777324650831,28350.00,17373.00,3375.81,14055.00,0
1777324650882,25690.00,17389.00,3598.71,13065.00,0
1777324650933,26750.00,17417.00,3769.70,13230.00,0
1777324650985,26480.00,17297.00,3864.40,13260.00,0
1777324651036,26600.00,17265.00,3891.49,13395.00,0
1777324651089,26520.00,17325.00,4103.26,13230.00,0
1777324651141,28840.00,17300.00,3395.14,14430.00,0
1777324651194,26050.00,17326.00,4116.00,12945.00,0
1777324651370,19630.00,16858.00,43956.24,9900.00,0
1777324651399,55950.00,16948.00,23840.34,27171.00,0
1777324651439,55950.00,17140.00,6285.51,27169.00,0
1777324651477,26790.00,17257.00,3163.20,13545.00,0
1777324651510,15690.00,17345.00,4139.51,7785.00,0
1777324651544,21590.00,17449.00,1732.69,10860.00,0
1777324651577,14640.00,17423.00,3277.68,7380.00,0
1777324651610,14490.00,17343.00,4306.04,7230.00,0
1777324651643,21990.00,17439.00,1995.81,10860.00,0
1777324651678,16750.00,17419.00,2914.11,8340.00,0
1777324651713,20500.00,17530.00,1532.93,10215.00,0
1777324651747,14880.00,17480.00,3109.41,7395.00,0
1777324651783,22920.00,17369.00,1009.96,11325.00,0
1777324651817,13870.00,17517.00,3046.29,6960.00,0
1777324651852,21870.00,17423.00,863.03,10920.00,0
1777324651890,15350.00,17449.00,2900.65,7680.00,0
1777324651925,21510.00,17551.00,1286.61,10860.00,0
1777324651964,14520.00,17466.00,3995.29,7440.00,0
1777324652000,14750.00,17383.00,985.81,7275.00,0
1777324652034,22280.00,17480.00,3759.72,11175.00,0
1777324652071,21900.00,17447.00,2340.23,10800.00,0
1777324652107,21730.00,17382.00,903.63,10830.00,0
1777324652143,14940.00,17526.00,2953.27,7575.00,0
1777324652179,20750.00,17430.00,1488.46,10515.00,0
1777324652216,17630.00,17399.00,2332.70,8970.00,0
1777324652252,20680.00,17519.00,1431.64,10035.00,0
1777324652289,13830.00,17457.00,4257.22,6795.00,0
1777324652325,22530.00,17548.00,2258.73,11310.00,0
1777324652364,14410.00,17479.00,5065.52,7290.00,0
1777324652400,24400.00,17362.00,2144.65,12135.00,0
1777324652439,22150.00,17521.00,1263.22,11055.00,0
1777324652478,15130.00,17483.00,4356.72,7395.00,0
1777324652514,23590.00,17392.00,1852.30,11835.00,0
1777324652553,16600.00,17549.00,2979.79,8190.00,0
1777324652593,22170.00,17444.00,2874.53,10950.00,0
1777324652631,22100.00,17379.00,1852.17,10920.00,0
1777324652670,14190.00,17496.00,4737.37,7230.00,0
1777324652709,24880.00,17404.00,2219.83,12330.00,0
1777324652754,21760.00,17362.00,2648.70,10875.00,0
1777324652793,56800.00,17507.00,3757.48,9780.00,373
1777324652832,33470.00,17427.00,11528.25,2505.00,320
1777324652867,49930.00,17330.00,17997.41,3234.00,471
1777324652902,55820.00,17439.00,23539.39,3360.00,575
1777324652936,57230.00,17330.00,27396.70,3468.00,575
1777324652972,57120.00,17225.00,32049.98,2640.00,575
1777324653008,57570.00,17276.00,36116.55,3279.00,575
1777324653043,56720.00,17161.00,41005.36,4800.00,575
1777324653077,56950.00,17061.00,44985.35,2640.00,575
1777324653110,55320.00,17170.00,48983.10,4800.00,575
1777324653148,55640.00,17068.00,53159.01,4800.00,575
1777324653189,113610.00,17148.00,57052.11,9600.00,1150
1777324653230,56440.00,17043.00,60319.15,3306.00,575
1777324653270,56400.00,16961.00,65880.56,4800.00,575
1777324653315,55660.00,16822.00,72862.79,4800.00,575
1777324653355,112010.00,16817.00,76017.77,6927.00,1150
1777324653395,58510.00,16977.00,79277.36,4800.00,575
1777324653436,57140.00,16799.00,84920.04,4800.00,575
1777324653476,56380.00,16696.00,90466.51,4800.00,575
1777324653516,56990.00,16776.00,96090.27,4800.00,575
1777324653556,111980.00,16644.00,99461.05,9600.00,1150
1777324653598,56780.00,16638.00,103341.86,4800.00,575
1777324653637,57080.00,16537.00,108646.93,4800.00,575
1777324653677,56160.00,16412.00,114050.64,4800.00,575
1777324653718,57180.00,16512.00,117542.56,4800.00,575
1777324653759,113880.00,16420.00,123279.39,9600.00,1150
1777324653800,57270.00,16319.00,127084.50,4800.00,575
1777324653838,56070.00,16457.00,132267.93,4800.00,575
1777324653879,54940.00,16338.00,137613.19,4800.00,575
1777324653922,113360.00,16193.00,141727.98,9600.00,1150
1777324653965,57640.00,16187.00,145894.23,4800.00,575
1777324654006,55760.00,16238.00,151520.49,4800.00,575
1777324654048,56760.00,16170.00,155321.68,4800.00,575
1777324654091,113850.00,16058.00,161503.96,9600.00,1150
1777324654135,57130.00,15975.00,166006.03,4800.00,575
1777324654176,56760.00,15929.00,171776.98,4800.00,575
1777324654218,113490.00,15980.00,175413.86,9600.00,1150
1777324654262,56860.00,15993.00,179457.89,4800.00,575
1777324654303,56530.00,15823.00,185667.96,4800.00,575
1777324654349,112890.00,15734.00,190023.39,9600.00,1150
1777324654393,57780.00,15865.00,194685.80,4800.00,575
1777324654433,56170.00,15776.00,200416.64,4800.00,575
1777324654471,57430.00,15689.00,205739.92,4800.00,575
1777324654512,112740.00,15740.00,208843.43,9600.00,1150
1777324654555,56120.00,15646.00,212891.38,4800.00,575
1777324654594,55240.00,15598.00,218448.49,4800.00,575
1777324654634,56170.00,15449.00,223859.03,4800.00,575
1777324654674,111980.00,15558.00,227228.02,9600.00,1150
1777324654716,55280.00,15527.00,231013.22,4800.00,575
1777324654757,56240.00,15371.00,236523.70,4800.00,575
1777324654796,55060.00,15480.00,242117.89,4800.00,575
1777324654843,56300.00,15383.00,248259.43,4800.00,575
1777324654887,114100.00,15255.00,253172.20,9600.00,1150
1777324654931,56040.00,15228.00,257505.15,4800.00,575
1777324654976,112420.00,15099.00,260000.00,9600.00,1150
1777324655021,55530.00,15097.00,260000.00,4800.00,575
1777324655066,57720.00,15148.00,260000.00,4800.00,575
1777324655108,114420.00,15073.00,260000.00,9600.00,1150
1777324655152,56370.00,14989.00,260000.00,4800.00,575
1777324655194,56440.00,14946.00,260000.00,4800.00,575
1777324655238,112120.00,14810.00,260000.00,9600.00,1150
1777324655281,57910.00,14822.00,260000.00,4800.00,575
1777324655327,55790.00,14873.00,260000.00,4800.00,575
1777324655371,55470.00,14803.00,260000.00,4800.00,575
1777324655420,112520.00,14662.00,260000.00,9600.00,1150
1777324655469,54310.00,14669.00,260000.00,4800.00,575
1777324655512,111720.00,14587.00,260000.00,9600.00,1150
1777324655557,57040.00,14553.00,260000.00,2640.00,575
1777324655598,57660.00,14413.00,260000.00,4800.00,575
1777324655642,113160.00,14522.00,260000.00,9600.00,1150
1777324655689,57480.00,14447.00,260000.00,4800.00,575
1777324655733,56020.00,14387.00,260000.00,4800.00,575
1777324655778,113540.00,14280.00,260000.00,9600.00,1150
1777324655822,57700.00,14222.00,260000.00,4800.00,575
1777324655867,56770.00,14144.00,260000.00,4800.00,575
1777324655910,114330.00,14079.00,260000.00,9600.00,1150
1777324655955,55170.00,14181.00,260000.00,4800.00,575
1777324655999,55440.00,14113.00,260000.00,4800.00,575
1777324656052,113590.00,14017.00,260000.00,9600.00,1150
1777324656098,55920.00,14027.00,260000.00,4800.00,575
1777324656142,24620.00,13902.00,260000.00,4530.00,0
1777324656185,56560.00,13898.00,260000.00,3387.00,575
1777324656229,56920.00,13777.00,260000.00,3261.00,575
1777324656274,24250.00,13886.00,260000.00,4530.00,0
1777324656317,11870.00,14020.00,260000.00,2265.00,0
1777324656360,12120.00,14126.00,260000.00,2265.00,0
1777324656405,24160.00,14061.00,260000.00,4530.00,0
1777324656448,11900.00,13834.00,260000.00,2265.00,0
1777324656492,56490.00,13641.00,260000.00,3324.00,575
1777324656534,111430.00,13466.00,260000.00,6585.00,1150
1777324656577,55660.00,13378.00,260000.00,3423.00,575
1777324656619,56630.00,13330.00,260000.00,3342.00,575
1777324656659,113500.00,13343.00,259453.07,6657.00,1150
1777324656703,56660.00,13358.00,260000.00,3378.00,575
1777324656744,57870.00,13191.00,260000.00,3279.00,575
1777324656784,57560.00,13172.00,260000.00,3414.00,575
1777324656825,112590.00,13072.00,259871.79,6630.00,1150
1777324656874,56650.00,13110.00,260000.00,3144.00,575
1777324656916,57030.00,12971.00,260000.00,3324.00,575
1777324656959,112670.00,12936.00,260000.00,6540.00,1150
1777324657007,57280.00,12996.00,260000.00,3315.00,575
1777324657055,58590.00,12950.00,260000.00,3261.00,575
1777324657100,113770.00,12737.00,260000.00,6594.00,1150
1777324657151,56140.00,12782.00,260000.00,3270.00,575
1777324657194,112750.00,12733.00,260000.00,6630.00,1150
1777324657239,56890.00,12781.00,260000.00,3387.00,575
1777324657287,56880.00,12578.00,260000.00,3189.00,575
1777324657333,113200.00,12597.00,260000.00,6729.00,1150
1777324657375,55470.00,12572.00,260000.00,3234.00,575
1777324657413,55620.00,12589.00,260000.00,3342.00,575
1777324657452,112690.00,12478.00,260000.00,6639.00,1150
1777324657492,56180.00,12462.00,260000.00,3171.00,575
1777324657533,58370.00,12501.00,260000.00,3342.00,575
1777324657575,57390.00,12394.00,260000.00,3342.00,575
1777324657616,56270.00,12248.00,260000.00,3279.00,575
1777324657656,113780.00,12182.00,260000.00,6594.00,1150
1777324657696,56920.00,12188.00,260000.00,3324.00,575
1777324657734,56760.00,12162.00,260000.00,3360.00,575
1777324657775,57980.00,12242.00,260000.00,3333.00,575
1777324657816,112440.00,12142.00,260000.00,6594.00,1150
1777324657855,55200.00,12109.00,260000.00,3261.00,575
1777324657897,55800.00,12106.00,260000.00,3486.00,575
1777324657943,56020.00,12051.00,260000.00,3378.00,575
1777324657987,114200.00,12080.00,260000.00,6738.00,1150
1777324658031,57400.00,12051.00,260000.00,3315.00,575
1777324658073,55170.00,12109.00,260000.00,3279.00,575
1777324658117,113690.00,12051.00,260000.00,6756.00,1150
1777324658159,57750.00,12160.00,260000.00,3342.00,575
1777324658198,56010.00,12160.00,260000.00,3378.00,575
1777324658236,57200.00,12051.00,260000.00,3342.00,575
1777324658272,56900.00,12080.00,260000.00,3423.00,575
1777324658310,55520.00,12109.00,260000.00,3261.00,575
1777324658352,113830.00,12051.00,260000.00,6639.00,1150
1777324658395,57090.00,12022.00,260000.00,3369.00,575
1777324658440,56110.00,12109.00,260000.00,3270.00,575
1777324658486,114220.00,12051.00,260000.00,6513.00,1150
1777324658526,55330.00,12160.00,260000.00,3279.00,575
1777324658572,55090.00,12131.00,260000.00,3324.00,575
1777324658613,113910.00,12080.00,260000.00,6657.00,1150
1777324658654,55740.00,12102.00,260000.00,3234.00,575
1777324658692,55930.00,12160.00,260000.00,3405.00,575
1777324658729,56350.00,12160.00,260000.00,3351.00,575
1777324658783,112470.00,12029.00,260000.00,6738.00,1150
1777324658827,57540.00,12109.00,260000.00,3171.00,575
1777324658867,57140.00,12051.00,260000.00,3216.00,575
1777324658908,55990.00,12109.00,260000.00,3405.00,575
1777324658950,112830.00,12058.00,260000.00,6819.00,1150
1777324658994,56780.00,12051.00,260000.00,3198.00,575
1777324659035,56690.00,12109.00,260000.00,3324.00,575
1777324659078,56340.00,12051.00,260000.00,3306.00,575
1777324659115,112980.00,12058.00,260000.00,6630.00,1150
1777324659154,56010.00,12109.00,260000.00,3288.00,575
1777324659199,57340.00,12080.00,260000.00,3306.00,575
1777324659239,57030.00,12058.00,260000.00,3360.00,575
1777324659281,115580.00,12051.00,260000.00,6720.00,1150
1777324659330,57460.00,12051.00,260000.00,3396.00,575
1777324659373,55800.00,12131.00,260000.00,3324.00,575
1777324659420,113810.00,12029.00,260000.00,6666.00,1150
1777324659462,56420.00,12051.00,260000.00,3378.00,575
1777324659502,57790.00,12109.00,260000.00,3369.00,575
1777324659545,114260.00,12058.00,260000.00,6567.00,1150
1777324659587,56160.00,12022.00,260000.00,3198.00,575
1777324659633,57970.00,12109.00,260000.00,3306.00,575
1777324659674,113220.00,12051.00,260000.00,6693.00,1150
1777324659713,56020.00,12022.00,260000.00,3306.00,575
1777324659758,56430.00,12109.00,260000.00,3297.00,575
1777324659808,56630.00,12051.00,260000.00,3279.00,565
1777324659853,109490.00,12080.00,260000.00,6531.00,1130
1777324659897,58750.00,12106.00,260000.00,3261.00,565
1777324659941,113580.00,12080.00,260000.00,6567.00,1130
1777324659983,55720.00,12106.00,260000.00,3369.00,565
1777324660024,55330.00,12080.00,260000.00,3369.00,565
1777324660067,56760.00,12053.00,260000.00,3342.00,565
1777324660109,114750.00,12080.00,260000.00,6666.00,1130
1777324660153,56020.00,12084.00,260000.00,3324.00,565
1777324660192,54600.00,12053.00,260000.00,3315.00,561
1777324660229,108600.00,12109.00,259940.00,6612.00,1122
1777324660268,55810.00,12138.00,260000.00,3351.00,565
1777324660310,57170.00,12082.00,260000.00,3315.00,551
1777324660351,55610.00,12109.00,260000.00,3369.00,565
1777324660392,55220.00,12133.00,260000.00,3297.00,551
1777324660436,112000.00,12135.00,260000.00,6666.00,1131
1777324660479,55720.00,12160.00,260000.00,3324.00,565
1777324660520,55200.00,12133.00,260000.00,3423.00,566
1777324660560,54650.00,12080.00,260000.00,3234.00,566
1777324660600,110920.00,12081.00,260000.00,6612.00,1131
1777324660646,55810.00,12105.00,260000.00,3171.00,566
1777324660687,57160.00,12138.00,260000.00,3207.00,566
1777324660730,56910.00,12052.00,260000.00,3270.00,566
1777324660775,112870.00,12109.00,260000.00,6747.00,1131
1777324660819,55950.00,12083.00,260000.00,3369.00,565
1777324660860,55270.00,12082.00,260000.00,3288.00,565
1777324660903,54860.00,12082.00,260000.00,3342.00,566
1777324660945,110660.00,12058.00,260000.00,6558.00,1131
1777324660988,55590.00,12109.00,260000.00,3441.00,555
1777324661031,55140.00,12084.00,260000.00,3198.00,570
1777324661071,114250.00,12151.00,260000.00,6882.00,1140
1777324661114,56910.00,12104.00,260000.00,3324.00,570
1777324661155,56220.00,12160.00,260000.00,3360.00,570
1777324661196,112550.00,12080.00,260000.00,6666.00,1140
1777324661237,56540.00,12133.00,260000.00,3324.00,570
1777324661280,56420.00,12132.00,260000.00,3351.00,570
1777324661323,56180.00,12078.00,260000.00,3333.00,570
1777324661365,57140.00,12069.00,260000.00,3342.00,570
1777324661407,113210.00,12093.00,260000.00,6612.00,1140
1777324661449,12120.00,12050.00,260000.00,2265.00,0
1777324661485,11950.00,12080.00,260000.00,2265.00,0
1777324661528,23900.00,12109.00,260000.00,4530.00,0
1777324661724,12070.00,12054.00,260000.00,2265.00,0
1777324661753,24230.00,11709.00,260000.00,4530.00,0
1777324661781,12200.00,11840.00,260000.00,2265.00,0
1777324661807,11960.00,11869.00,259552.48,2265.00,0
1777324661854,11760.00,11818.00,260000.00,2265.00,0
1777324661881,53790.00,11795.00,260000.00,3333.00,551
1777324661908,56240.00,11815.00,259327.08,3324.00,565
1777324661958,57040.00,11840.00,260000.00,4008.00,565
1777324661988,54950.00,11760.00,260000.00,4080.00,566
1777324662017,56040.00,11789.00,260000.00,3963.00,570
1777324662045,57040.00,11840.00,259673.66,3963.00,575
1777324662073,56940.00,11869.00,259054.47,3900.00,575
1777324662123,57000.00,11760.00,260000.00,3909.00,575
1777324662153,57070.00,11811.00,260000.00,3945.00,575
1777324662182,55730.00,11811.00,260000.00,3999.00,575
1777324662212,56600.00,11789.00,260000.00,3387.00,575
1777324662241,57090.00,11811.00,259704.41,3243.00,575
1777324662270,54720.00,11840.00,258827.18,3468.00,575
1777324662321,56660.00,11840.00,260000.00,3288.00,575
1777324662351,56530.00,11818.00,260000.00,3252.00,575
1777324662382,56960.00,11840.00,260000.00,3342.00,575
1777324662412,56050.00,11840.00,260000.00,3306.00,575
1777324662441,57430.00,11869.00,260000.00,3243.00,575
1777324662471,55540.00,11818.00,259289.81,3378.00,575
1777324662503,55180.00,11796.00,258988.42,3342.00,575
1777324662554,56800.00,11789.00,260000.00,3324.00,575
1777324662586,56640.00,11789.00,260000.00,3288.00,575
1777324662616,57020.00,11840.00,260000.00,3369.00,575
1777324662649,55890.00,11840.00,260000.00,3342.00,575
1777324662681,55720.00,11818.00,260000.00,3324.00,575
1777324662712,56060.00,11789.00,260000.00,3315.00,575
1777324662744,55350.00,11809.00,260000.00,3324.00,575
1777324662775,56390.00,11840.00,260000.00,3306.00,575
1777324662807,57820.00,11869.00,260000.00,3432.00,575
1777324662839,57240.00,11818.00,260000.00,3324.00,575
1777324662870,57420.00,11789.00,259300.75,3216.00,575
1777324662902,56350.00,11811.00,259255.10,3207.00,575
1777324662933,56840.00,11811.00,258774.93,3360.00,575
1777324662987,57300.00,11840.00,260000.00,3324.00,575
1777324663019,56990.00,11818.00,260000.00,3315.00,575
1777324663052,57020.00,11731.00,260000.00,3306.00,575
1777324663084,55630.00,11788.00,260000.00,3324.00,575
1777324663116,57830.00,11840.00,260000.00,3252.00,575
1777324663147,57080.00,11731.00,260000.00,3279.00,575
1777324663180,56760.00,11731.00,260000.00,3315.00,575
1777324663214,56470.00,11760.00,260000.00,3315.00,575
1777324663247,57090.00,11815.00,260000.00,3405.00,575
1777324663279,55700.00,11840.00,260000.00,3279.00,575
1777324663313,58040.00,11840.00,260000.00,3324.00,575
1777324663345,56960.00,11869.00,260000.00,3225.00,575
1777324663378,57500.00,11818.00,260000.00,3297.00,575
1777324663410,56550.00,11789.00,260000.00,3423.00,575
1777324663447,56270.00,11811.00,260000.00,3315.00,575
1777324663480,57510.00,11811.00,260000.00,3342.00,575
1777324663514,55800.00,11731.00,260000.00,3414.00,575
1777324663548,55740.00,11789.00,260000.00,3387.00,575
1777324663581,56460.00,11840.00,260000.00,3234.00,575
1777324663613,56110.00,11840.00,260000.00,3360.00,575
1777324663646,56290.00,11818.00,260000.00,3270.00,575
1777324663680,56450.00,11789.00,260000.00,3333.00,575
1777324663713,56280.00,11760.00,260000.00,3261.00,575
1777324663747,55340.00,11811.00,260000.00,3243.00,575
1777324663780,57640.00,11811.00,260000.00,3297.00,575
1777324663813,56030.00,11731.00,260000.00,3333.00,575
1777324663847,55640.00,11760.00,260000.00,3441.00,575
1777324663881,55400.00,11805.00,260000.00,3270.00,575
1777324663914,55870.00,11840.00,260000.00,3279.00,575
1777324663948,55530.00,11840.00,260000.00,3405.00,575
1777324663982,57880.00,11818.00,260000.00,3387.00,575
1777324664016,57640.00,11731.00,260000.00,3351.00,575
1777324664056,56310.00,11760.00,260000.00,3243.00,575
1777324664091,56070.00,11816.00,260000.00,3270.00,575
1777324664124,56570.00,11840.00,260000.00,3297.00,575
1777324664155,57040.00,11760.00,260000.00,3324.00,575
1777324664190,57000.00,11789.00,260000.00,3324.00,575
1777324664225,57080.00,11760.00,260000.00,3279.00,575
1777324664265,58440.00,11760.00,260000.00,3423.00,575
1777324664302,114440.00,11761.00,260000.00,6558.00,1150
1777324664341,55960.00,11840.00,260000.00,3288.00,575
1777324664377,57520.00,11840.00,260000.00,3387.00,575
1777324664413,56660.00,11811.00,260000.00,3279.00,575
1777324664448,55900.00,11818.00,260000.00,3315.00,575
1777324664484,56550.00,11760.00,260000.00,3414.00,575
1777324664520,56150.00,11793.00,260000.00,3342.00,575
1777324664555,56990.00,11811.00,260000.00,3324.00,575
1777324664591,55520.00,11789.00,260000.00,3459.00,575
1777324664628,111400.00,11751.00,260000.00,6432.00,1150
1777324664666,57330.00,11869.00,260000.00,3243.00,575
1777324664701,57090.00,11818.00,260000.00,3360.00,575
1777324664738,57160.00,11731.00,260000.00,3333.00,575
1777324664773,56630.00,11796.00,260000.00,3243.00,575
1777324664809,56310.00,11869.00,260000.00,3396.00,575
1777324664846,56410.00,11840.00,260000.00,3432.00,575
1777324664882,54920.00,11814.00,260000.00,3207.00,575
1777324664926,112280.00,11731.00,260000.00,6405.00,1150
1777324664965,57340.00,11814.00,260000.00,3261.00,575
1777324665002,56430.00,11787.00,260000.00,3369.00,575
1777324665040,56120.00,11811.00,260000.00,3207.00,575
1777324665075,56080.00,11811.00,260000.00,3360.00,575
1777324665110,57570.00,11811.00,260000.00,3270.00,575
1777324665147,56860.00,11814.00,260000.00,3306.00,575
1777324665184,56240.00,11787.00,260000.00,3342.00,575
1777324665223,113340.00,11757.00,259975.88,6549.00,1150
1777324665261,56100.00,11760.00,260000.00,3324.00,575
1777324665299,55770.00,11787.00,260000.00,3279.00,575
1777324665348,56250.00,11731.00,260000.00,3315.00,575
1777324665388,56860.00,11787.00,260000.00,3279.00,575
1777324665427,113610.00,11784.00,260000.00,6549.00,1150
1777324665467,55890.00,11710.00,260000.00,3351.00,575
1777324665504,55820.00,11787.00,260000.00,3333.00,575
1777324665540,56870.00,11787.00,260000.00,3261.00,575
1777324665580,57020.00,11758.00,260000.00,3306.00,575
1777324665618,112260.00,11798.00,259844.78,6648.00,1150
1777324665661,56790.00,11894.00,260000.00,3342.00,575
1777324665700,57630.00,11811.00,260000.00,3270.00,575
1777324665743,55910.00,11811.00,260000.00,3432.00,575
1777324665783,55150.00,11840.00,260000.00,3279.00,575
1777324665822,112740.00,11785.00,260000.00,6738.00,1150
1777324665862,57770.00,11782.00,260000.00,3333.00,575
1777324665902,55940.00,11867.00,260000.00,3279.00,575
1777324665942,56390.00,11811.00,260000.00,3315.00,575
1777324665985,114450.00,11760.00,260000.00,6711.00,1150
1777324666028,56900.00,11865.00,260000.00,3135.00,575
1777324666066,55870.00,11839.00,260000.00,3396.00,575
1777324666103,55640.00,11816.00,260000.00,3306.00,575
1777324666142,55930.00,11788.00,260000.00,3261.00,575
1777324666191,114090.00,11731.00,260000.00,6612.00,1150
1777324666235,56550.00,11816.00,260000.00,3216.00,575
1777324666275,56370.00,11759.00,260000.00,3369.00,575
1777324666315,112230.00,11788.00,260000.00,6477.00,1150
1777324666356,57430.00,11868.00,260000.00,3252.00,575
1777324666401,56380.00,11811.00,260000.00,3342.00,575
1777324666443,56720.00,11816.00,260000.00,3351.00,575
1777324666486,113030.00,11744.00,260000.00,6657.00,1150
1777324666528,55700.00,11840.00,260000.00,3297.00,575
1777324666571,55250.00,11786.00,260000.00,3342.00,575
1777324666614,56670.00,11840.00,260000.00,3423.00,575
1777324666655,112170.00,11920.00,260000.00,6567.00,1150
1777324666697,56100.00,12022.00,260000.00,3486.00,575
1777324666740,56420.00,12160.00,260000.00,3225.00,575
1777324666781,113030.00,11997.00,260000.00,6540.00,1150
1777324666827,55890.00,12038.00,260000.00,3378.00,575
1777324666870,56510.00,12080.00,260000.00,3297.00,575
1777324666910,56620.00,11995.00,260000.00,3315.00,575
1777324666949,113870.00,12012.00,260000.00,6810.00,1150
1777324666993,56230.00,12107.00,260000.00,3315.00,575
1777324667040,57330.00,12069.00,260000.00,3261.00,575
1777324667082,113740.00,12000.00,260000.00,6675.00,1150
1777324667124,57340.00,12022.00,260000.00,3378.00,575
1777324667164,56980.00,12109.00,260000.00,3270.00,575
1777324667202,57820.00,12024.00,260000.00,3396.00,575
1777324667247,114590.00,12032.00,260000.00,6693.00,1150
1777324667291,56400.00,12109.00,260000.00,3342.00,575
1777324667332,57090.00,12071.00,260000.00,3351.00,575
1777324667373,55890.00,12043.00,260000.00,3360.00,575
1777324667412,111910.00,11971.00,260000.00,6477.00,1150
1777324667456,54910.00,12080.00,260000.00,3432.00,575
1777324667499,55460.00,12029.00,260000.00,3450.00,575
1777324667541,55780.00,11971.00,260000.00,3279.00,575
1777324667584,112950.00,12029.00,260000.00,6396.00,1150
1777324667627,54530.00,12022.00,260000.00,3360.00,575
1777324667671,55960.00,12053.00,260000.00,3243.00,575
1777324667711,113480.00,12000.00,260000.00,6594.00,1150
1777324667752,57290.00,12022.00,260000.00,3297.00,575
1777324667794,57290.00,12080.00,260000.00,3333.00,575
1777324667835,56660.00,11971.00,260000.00,3369.00,575
1777324667880,111350.00,12000.00,260000.00,6630.00,1150
1777324667924,57870.00,12051.00,260000.00,3432.00,575
1777324667967,55760.00,12029.00,260000.00,3306.00,575
1777324668009,112050.00,12079.00,260000.00,6567.00,1150
1777324668059,56140.00,12051.00,260000.00,3297.00,575
1777324668101,55760.00,12109.00,260000.00,3396.00,575
1777324668144,111230.00,12000.00,260000.00,6621.00,1150
1777324668188,55650.00,12109.00,260000.00,3333.00,575
1777324668229,57150.00,12051.00,260000.00,3297.00,575
1777324668270,56410.00,12002.00,260000.00,3270.00,575
1777324668312,112130.00,12000.00,260000.00,6531.00,1150
1777324668358,55820.00,12022.00,260000.00,3261.00,575
1777324668398,56570.00,12080.00,260000.00,3270.00,575
1777324668437,112100.00,12000.00,260000.00,6729.00,1150
1777324668480,56760.00,12051.00,260000.00,3234.00,575
1777324668520,56620.00,12080.00,260000.00,3297.00,575
1777324668562,56910.00,12051.00,260000.00,3207.00,575
1777324668604,113960.00,12060.00,260000.00,6576.00,1150
1777324668646,57390.00,12051.00,260000.00,3405.00,575
1777324668693,57070.00,12051.00,260000.00,3405.00,575
1777324668736,113920.00,12051.00,260000.00,6621.00,1150
1777324668777,55830.00,12109.00,260000.00,3279.00,575
1777324668817,56060.00,12109.00,260000.00,3333.00,575
1777324668863,56040.00,12080.00,260000.00,3963.00,575
1777324668901,56370.00,12042.00,260000.00,3297.00,575
1777324668940,57580.00,12000.00,260000.00,3378.00,575
1777324668982,113180.00,11971.00,260000.00,6603.00,1150
1777324669022,56250.00,12109.00,260000.00,3144.00,575
1777324669061,56910.00,12080.00,260000.00,3333.00,575
1777324669100,113340.00,12051.00,260000.00,6558.00,1150
1777324669144,57730.00,12160.00,260000.00,3288.00,575
1777324669184,55370.00,12051.00,260000.00,3387.00,575
1777324669223,56720.00,12109.00,260000.00,3324.00,575
1777324669263,114510.00,12109.00,260000.00,6603.00,1150
1777324669304,56660.00,12102.00,260000.00,3189.00,575
1777324669344,56410.00,12080.00,260000.00,3297.00,575
1777324669386,55440.00,12109.00,260000.00,3252.00,575
1777324669428,57820.00,12051.00,260000.00,3234.00,575
1777324669469,114580.00,12080.00,260000.00,6927.00,1150
1777324669509,55870.00,12109.00,260000.00,3288.00,575
1777324669550,56160.00,12080.00,260000.00,3216.00,575
1777324669590,57130.00,12109.00,260000.00,3198.00,575
1777324669631,115090.00,12080.00,260000.00,6702.00,1150
1777324669673,57340.00,12022.00,260000.00,3189.00,575
1777324669714,56150.00,12080.00,260000.00,3288.00,575
1777324669760,56050.00,12016.00,260000.00,3225.00,575
1777324669803,113910.00,12029.00,260000.00,6729.00,1150
1777324669845,56780.00,12022.00,260000.00,3279.00,575
1777324669885,56460.00,12080.00,260000.00,3324.00,575
1777324669926,57130.00,12109.00,260000.00,3288.00,575
1777324669967,114830.00,11971.00,260000.00,6756.00,1150
1777324670013,56790.00,12080.00,260000.00,3342.00,575
1777324670055,55650.00,12051.00,260000.00,3360.00,575
1777324670096,113940.00,12056.00,260000.00,6621.00,1150
1777324670139,56090.00,12109.00,260000.00,3270.00,575
1777324670182,56610.00,12051.00,260000.00,3342.00,575
1777324670224,56390.00,12109.00,260000.00,3207.00,575
1777324670266,110140.00,11971.00,260000.00,6711.00,1150
1777324670307,58310.00,12080.00,260000.00,3333.00,575
1777324670353,55500.00,12109.00,260000.00,3153.00,575
1777324670395,112570.00,12080.00,260000.00,6540.00,1150
1777324670439,57920.00,12160.00,260000.00,3279.00,575
1777324670483,57790.00,12051.00,260000.00,3180.00,575
1777324670526,111310.00,12080.00,260000.00,6540.00,1150
1777324670570,56010.00,12051.00,260000.00,3342.00,575
1777324670612,56420.00,12079.00,260000.00,3279.00,575
1777324670656,56380.00,12029.00,260000.00,3234.00,575
1777324670698,112480.00,12029.00,260000.00,6594.00,1150
1777324670740,56740.00,12109.00,260000.00,3477.00,575
1777324670785,56180.00,12051.00,260000.00,3324.00,575
1777324670826,112380.00,12109.00,260000.00,6531.00,1150
1777324670868,56320.00,12080.00,260000.00,3360.00,575
1777324670909,56330.00,12080.00,260000.00,3324.00,575
1777324670949,57350.00,12109.00,260000.00,3378.00,575
1777324670993,111900.00,12051.00,260000.00,6648.00,1150
1777324671037,57320.00,12080.00,260000.00,3405.00,575
1777324671077,56740.00,12051.00,260000.00,3378.00,575
1777324671117,56630.00,12080.00,260000.00,3342.00,575
1777324671158,114950.00,12080.00,260000.00,6648.00,1150
1777324671205,56360.00,12102.00,260000.00,3306.00,575
1777324671242,56120.00,12080.00,260000.00,3315.00,575
1777324671285,56440.00,12051.00,260000.00,3306.00,575
1777324671326,112680.00,12080.00,260000.00,6675.00,1150
1777324671370,57500.00,12080.00,260000.00,3297.00,575
1777324671416,56000.00,12051.00,260000.00,3279.00,575
1777324671460,114340.00,12080.00,260000.00,8016.00,1150
1777324671503,57250.00,12102.00,260000.00,4035.00,575
1777324671545,58060.00,12080.00,260000.00,3873.00,575
1777324671589,56010.00,12051.00,260000.00,4035.00,575
1777324671632,114460.00,12051.00,260000.00,7908.00,1150
1777324671677,56760.00,12102.00,260000.00,3981.00,570
1777324671718,55910.00,12080.00,260000.00,3999.00,570
1777324671759,111670.00,12080.00,260000.00,8025.00,1140
1777324671803,55990.00,12133.00,260000.00,3954.00,570
1777324671842,57370.00,12071.00,260000.00,3918.00,570
1777324671884,113290.00,12052.00,260000.00,7890.00,1140
1777324671931,55990.00,12104.00,260000.00,3990.00,570
1777324671979,56950.00,12035.00,260000.00,3900.00,570
1777324672023,112730.00,12029.00,260000.00,7944.00,1140
1777324672075,57010.00,12053.00,260000.00,3954.00,565
1777324672115,115100.00,12058.00,260000.00,7746.00,1131
1777324672157,55340.00,12025.00,260000.00,4017.00,565
1777324672197,57400.00,12109.00,260000.00,3954.00,565
1777324672237,55430.00,12109.00,260000.00,4008.00,565
1777324672284,112530.00,11982.00,260000.00,7908.00,1131
1777324672328,55960.00,12109.00,260000.00,3990.00,565
1777324672369,55680.00,12053.00,260000.00,3963.00,565
1777324672412,111170.00,12109.00,260000.00,8007.00,1131
1777324672456,55310.00,12083.00,260000.00,4017.00,565
1777324672504,55270.00,12080.00,260000.00,3999.00,565
1777324672546,111000.00,12053.00,260000.00,7962.00,1131
1777324672592,56270.00,12160.00,260000.00,4044.00,565
1777324672640,55910.00,12111.00,260000.00,3999.00,565
1777324672686,111630.00,12053.00,260000.00,7989.00,1131
1777324672733,54600.00,12105.00,260000.00,4098.00,565
1777324672777,111990.00,12040.00,260000.00,7953.00,1131
1777324672820,55490.00,12054.00,260000.00,4035.00,565
1777324672863,55810.00,12163.00,260000.00,4026.00,565
1777324672919,111620.00,12031.00,260000.00,7962.00,1131
1777324672967,55200.00,12109.00,260000.00,3972.00,565
1777324673013,112870.00,12080.00,260000.00,7971.00,1131
1777324673057,55830.00,12083.00,260000.00,3999.00,565
1777324673098,54510.00,12053.00,260000.00,4053.00,565
1777324673140,112570.00,12109.00,260000.00,7773.00,1130
1777324673297,55840.00,11815.00,260000.00,3981.00,565
1777324673323,12090.00,11829.00,260000.00,2265.00,0
1777324673350,11970.00,11840.00,260000.00,2265.00,0
1777324673376,12110.00,11827.00,260000.00,2265.00,0
1777324673403,12040.00,11907.00,258637.24,2265.00,0
1777324673450,12140.00,11818.00,260000.00,2265.00,0
1777324673478,51560.00,11840.00,260000.00,4101.00,492
1777324673506,51320.00,11869.00,259499.57,4031.00,486
1777324673535,51800.00,11869.00,258496.47,4145.00,496
1777324673585,54490.00,11840.00,260000.00,4350.00,525
1777324673615,54510.00,11816.00,260000.00,4350.00,525
1777324673645,54230.00,11811.00,260000.00,4350.00,525
1777324673675,57950.00,11840.00,260000.00,4800.00,575
1777324673705,56060.00,11840.00,259485.85,4800.00,575
1777324673736,57560.00,11891.00,259157.11,4800.00,575
1777324673784,56650.00,11806.00,260000.00,4800.00,575
1777324673814,56550.00,11840.00,260000.00,4800.00,575
1777324673844,55920.00,11869.00,260000.00,4800.00,575
1777324673875,56100.00,11869.00,260000.00,4800.00,575
1777324673905,56850.00,11920.00,260000.00,4800.00,575
1777324673936,54900.00,11949.00,259376.71,4800.00,575
1777324673967,56820.00,11949.00,258913.60,4800.00,575
1777324673998,55800.00,11898.00,258597.40,4800.00,575
1777324674050,56330.00,11869.00,260000.00,4800.00,575
1777324674083,56160.00,11869.00,260000.00,4800.00,575
1777324674114,56740.00,11846.00,260000.00,4800.00,575
1777324674146,55060.00,11840.00,260000.00,4800.00,575
1777324674178,56390.00,11869.00,260000.00,4800.00,575
1777324674209,56470.00,11869.00,260000.00,4800.00,575
1777324674241,55840.00,11811.00,260000.00,4800.00,575
1777324674272,57180.00,11891.00,260000.00,4800.00,575
1777324674304,56750.00,11869.00,260000.00,4800.00,575
1777324674336,56090.00,11811.00,259875.31,4800.00,575
1777324674370,56750.00,11811.00,259976.45,4800.00,575
1777324674402,56340.00,11840.00,259672.74,4800.00,575
1777324674435,56140.00,11916.00,258817.73,4800.00,575
1777324674467,56860.00,11920.00,259256.59,4800.00,575
1777324674499,57250.00,11840.00,259169.72,4800.00,575
1777324674533,56300.00,11869.00,259267.76,4800.00,575
1777324674565,56310.00,11869.00,258872.03,4800.00,575
1777324674598,55610.00,11920.00,258857.61,4800.00,575
1777324674630,56980.00,11949.00,259033.55,4800.00,575
1777324674684,56770.00,11817.00,260000.00,4800.00,575
1777324674718,55390.00,11840.00,260000.00,4800.00,575
1777324674752,57150.00,11869.00,260000.00,4800.00,575
1777324674785,54880.00,11811.00,260000.00,4800.00,575
1777324674819,55990.00,11798.00,260000.00,4800.00,575
1777324674854,56670.00,11811.00,260000.00,4800.00,575
1777324674889,56390.00,11840.00,260000.00,4800.00,575
1777324674924,57700.00,11840.00,260000.00,4800.00,575
1777324674959,57390.00,11869.00,260000.00,4800.00,575
1777324674993,55970.00,11818.00,260000.00,4800.00,575
1777324675028,114990.00,11760.00,258988.80,9600.00,1150
1777324675064,56540.00,11862.00,260000.00,4800.00,575
1777324675099,56360.00,11920.00,260000.00,4800.00,575
1777324675133,58650.00,11840.00,260000.00,4800.00,575
1777324675167,55600.00,11869.00,260000.00,4800.00,575
1777324675202,55530.00,11869.00,260000.00,4800.00,575
1777324675237,56420.00,11850.00,260000.00,4800.00,575
1777324675272,56640.00,11891.00,260000.00,4800.00,575
1777324675307,58450.00,11811.00,260000.00,4800.00,575
1777324675343,57090.00,11840.00,260000.00,4800.00,575
1777324675378,56310.00,11869.00,260000.00,4800.00,575
1777324675413,56590.00,11831.00,260000.00,4800.00,575
1777324675449,56000.00,11811.00,260000.00,4800.00,575
1777324675483,56640.00,11811.00,260000.00,4800.00,575
1777324675518,57320.00,11840.00,260000.00,4800.00,575
1777324675554,55760.00,11818.00,260000.00,4800.00,575
1777324675589,57230.00,11879.00,260000.00,4800.00,575
1777324675625,112620.00,11840.00,259177.51,9600.00,1150
1777324675662,56120.00,11862.00,260000.00,4800.00,575
1777324675697,57640.00,11891.00,260000.00,4800.00,575
1777324675733,57440.00,11840.00,260000.00,4800.00,575
1777324675768,56380.00,11869.00,260000.00,4800.00,575
1777324675804,57360.00,11869.00,260000.00,4800.00,575
1777324675840,57000.00,11891.00,260000.00,4800.00,575
1777324675875,54900.00,11811.00,260000.00,4800.00,575
1777324675910,56790.00,11840.00,260000.00,4800.00,575
1777324675947,55260.00,11840.00,260000.00,4800.00,575
1777324675983,58220.00,11869.00,260000.00,4800.00,575
1777324676020,55900.00,11789.00,260000.00,4800.00,575
1777324676059,115600.00,11760.00,260000.00,9600.00,1150
1777324676097,57320.00,11869.00,260000.00,4800.00,575
1777324676134,56320.00,11880.00,260000.00,4800.00,575
1777324676172,58260.00,11891.00,260000.00,4800.00,575
1777324676209,55400.00,11886.00,260000.00,4800.00,575
1777324676245,58050.00,11840.00,260000.00,4800.00,575
1777324676283,58040.00,11869.00,260000.00,4800.00,575
1777324676320,57020.00,11811.00,260000.00,4800.00,575
1777324676358,113580.00,11731.00,259710.96,9600.00,1150
1777324676421,56400.00,11811.00,260000.00,4800.00,575
1777324676457,114200.00,11840.00,259295.96,9600.00,1150
1777324676495,56690.00,11898.00,260000.00,4800.00,575
1777324676533,56180.00,11811.00,260000.00,4800.00,575
1777324676570,56290.00,11860.00,260000.00,4800.00,575
1777324676610,55840.00,11869.00,260000.00,4800.00,575
1777324676649,55940.00,11891.00,260000.00,4800.00,575
1777324676690,58960.00,11811.00,260000.00,4800.00,575
1777324676730,112050.00,11840.00,260000.00,9600.00,1150
1777324676771,58110.00,11862.00,260000.00,4800.00,575
1777324676811,56300.00,11811.00,260000.00,4800.00,575
1777324676851,55960.00,11840.00,260000.00,4800.00,575
1777324676889,111090.00,11811.00,260000.00,9600.00,1150
1777324676930,56830.00,11782.00,260000.00,4800.00,575
1777324676972,55970.00,11868.00,260000.00,4800.00,575
1777324677012,57410.00,11811.00,260000.00,4800.00,575
1777324677051,57230.00,11891.00,260000.00,4800.00,575
1777324677091,112760.00,11840.00,260000.00,9600.00,1150
1777324677139,55090.00,11756.00,260000.00,4800.00,575
1777324677179,57310.00,11787.00,260000.00,4800.00,575
1777324677219,112770.00,11787.00,259768.31,9600.00,1150
1777324677261,56250.00,11862.00,260000.00,4800.00,575
1777324677301,54920.00,11920.00,260000.00,4800.00,575
1777324677347,56990.00,11805.00,260000.00,4800.00,575
1777324677387,112220.00,11840.00,260000.00,9600.00,1150
1777324677426,57000.00,11920.00,260000.00,4800.00,575
1777324677463,56500.00,11865.00,260000.00,4800.00,575
1777324677504,56880.00,11831.00,260000.00,4800.00,575
1777324677543,57250.00,11867.00,260000.00,4800.00,575
1777324677585,111840.00,11785.00,260000.00,9600.00,1150
1777324677627,56160.00,11809.00,260000.00,4800.00,575
1777324677667,57010.00,11867.00,260000.00,4800.00,575
1777324677706,56430.00,11891.00,260000.00,4800.00,575
1777324677745,56640.00,11811.00,260000.00,4800.00,575
1777324677786,114020.00,11840.00,260000.00,9600.00,1150
1777324677829,57750.00,11782.00,260000.00,4800.00,575
1777324677869,56980.00,11840.00,260000.00,4800.00,575
1777324677910,56420.00,11838.00,260000.00,4800.00,575
1777324677953,113320.00,11731.00,260000.00,9600.00,1150
1777324677994,57590.00,11867.00,260000.00,4800.00,575
1777324678036,56380.00,11891.00,260000.00,4800.00,575
1777324678078,56800.00,11823.00,260000.00,4800.00,575
1777324678121,111840.00,11787.00,260000.00,9600.00,1150
1777324678168,54850.00,11756.00,260000.00,4800.00,575
1777324678211,57020.00,11894.00,260000.00,4800.00,575
1777324678255,112870.00,11945.00,260000.00,9600.00,1150
1777324678299,56330.00,12134.00,260000.00,4800.00,575
1777324678341,56500.00,12051.00,260000.00,4800.00,575
1777324678382,113790.00,11984.00,260000.00,9600.00,1150
1777324678426,56940.00,11955.00,260000.00,4800.00,575
1777324678467,56790.00,12080.00,260000.00,4800.00,575
1777324678509,56290.00,12029.00,260000.00,4800.00,575
1777324678553,113390.00,11971.00,260000.00,9600.00,1150
1777324678598,56180.00,12022.00,260000.00,4800.00,575
1777324678640,56290.00,12000.00,260000.00,4800.00,575
1777324678681,57500.00,12029.00,260000.00,4800.00,575
1777324678724,113990.00,12000.00,260000.00,9600.00,1150
1777324678771,55850.00,11971.00,260000.00,4800.00,575
1777324678822,113880.00,11971.00,260000.00,9600.00,1150
1777324678871,55470.00,12029.00,260000.00,4800.00,575
1777324678912,117810.00,11972.00,260000.00,9600.00,1150
1777324678956,56630.00,12080.00,260000.00,4800.00,575
1777324679000,57550.00,11971.00,260000.00,4800.00,575
1777324679043,113280.00,12000.00,260000.00,9600.00,1150
1777324679089,58200.00,12022.00,260000.00,4800.00,575
1777324679132,56910.00,12080.00,260000.00,4800.00,575
1777324679177,112490.00,12000.00,260000.00,9600.00,1150
1777324679222,57470.00,12022.00,260000.00,4800.00,575
1777324679265,55610.00,12000.00,260000.00,4800.00,575
1777324679308,111610.00,12029.00,260000.00,9600.00,1150
1777324679351,57180.00,12109.00,260000.00,4800.00,575
1777324679393,57240.00,12000.00,260000.00,4800.00,575
1777324679434,57150.00,12007.00,260000.00,4800.00,575
1777324679475,113480.00,11971.00,260000.00,9600.00,1150
1777324679518,56630.00,12080.00,260000.00,4800.00,575
1777324679556,57240.00,12029.00,260000.00,4800.00,575
1777324679595,54700.00,12000.00,260000.00,4800.00,575
1777324679637,115220.00,11971.00,260000.00,9600.00,1150
1777324679679,55930.00,12109.00,260000.00,4800.00,575
1777324679717,57020.00,12051.00,260000.00,4800.00,575
1777324679757,57970.00,12080.00,260000.00,4800.00,575
1777324679798,55550.00,12109.00,260000.00,4800.00,575
1777324679844,113960.00,12000.00,260000.00,9600.00,1150
1777324679885,56770.00,12109.00,260000.00,4800.00,575
1777324679926,56760.00,12051.00,260000.00,4800.00,575
1777324679968,57240.00,12080.00,260000.00,4800.00,575
1777324680012,113410.00,12080.00,260000.00,9600.00,1150
1777324680054,56590.00,12000.00,260000.00,4800.00,575
1777324680098,56390.00,12029.00,260000.00,4800.00,575
1777324680143,114850.00,11971.00,260000.00,9600.00,1150
1777324680186,56720.00,12080.00,260000.00,4800.00,575
1777324680229,54980.00,12000.00,260000.00,4800.00,575
1777324680271,111790.00,12000.00,260000.00,9600.00,1150
1777324680316,57310.00,12022.00,260000.00,4800.00,575
1777324680360,55530.00,12080.00,260000.00,4800.00,575
1777324680403,112820.00,12000.00,260000.00,9600.00,1150
1777324680445,55700.00,12051.00,260000.00,4800.00,575
1777324680487,57160.00,12080.00,260000.00,4800.00,575
1777324680530,56790.00,12051.00,260000.00,4800.00,575
1777324680574,112710.00,12080.00,260000.00,9600.00,1150
1777324680617,57310.00,12022.00,260000.00,4800.00,575
1777324680662,56410.00,12058.00,260000.00,4800.00,575
1777324680712,23700.00,11971.00,260000.00,4530.00,0
1777324680755,11860.00,12029.00,260000.00,2265.00,0
1777324680795,24140.00,12016.00,260000.00,4530.00,0
1777324680834,12090.00,12109.00,260000.00,2265.00,0
1777324680874,55300.00,12109.00,260000.00,4800.00,575
1777324680918,57290.00,12051.00,260000.00,4800.00,575
1777324680959,112520.00,12080.00,260000.00,9600.00,1150
1777324681004,55530.00,12160.00,260000.00,4800.00,575
1777324681045,57760.00,12109.00,260000.00,4800.00,575
1777324681088,56110.00,12058.00,260000.00,4800.00,575
1777324681130,113590.00,11971.00,260000.00,9600.00,1150
1777324681176,56980.00,12109.00,260000.00,4800.00,575
1777324681218,56930.00,12051.00,260000.00,4800.00,575
1777324681260,114130.00,12080.00,260000.00,9600.00,1150
1777324681304,57320.00,12102.00,260000.00,4800.00,575
1777324681345,56150.00,12080.00,260000.00,4800.00,575
1777324681386,58110.00,12160.00,260000.00,4800.00,575
1777324681428,56790.00,12109.00,260000.00,4800.00,575
1777324681470,114040.00,12080.00,260000.00,9600.00,1150
1777324681513,57400.00,12022.00,260000.00,4800.00,575
1777324681556,56960.00,12000.00,260000.00,4800.00,575
1777324681597,54620.00,12029.00,259882.90,4800.00,575
1777324681638,112530.00,12000.00,260000.00,9600.00,1150
1777324681680,56950.00,12071.00,260000.00,4800.00,575
1777324681722,55950.00,12080.00,260000.00,4800.00,575
1777324681764,113010.00,12029.00,260000.00,9600.00,1150
1777324681807,57050.00,12109.00,260000.00,4800.00,570
1777324681847,56220.00,12052.00,260000.00,4800.00,570
1777324681888,112710.00,12109.00,260000.00,9600.00,1141
1777324681930,55820.00,12138.00,260000.00,4800.00,574
1777324681970,44770.00,12051.00,260000.00,4098.00,417
1777324682010,56150.00,12109.00,260000.00,3963.00,570
1777324682050,56820.00,12081.00,260000.00,3414.00,570
1777324682089,23970.00,12052.00,260000.00,4530.00,0
1777324682131,56230.00,12138.00,260000.00,4800.00,570
1777324682181,57090.00,12052.00,260000.00,4800.00,570
1777324682223,110520.00,12080.00,260000.00,9600.00,1140
1777324682264,11900.00,12082.00,260000.00,2265.00,0
1777324682307,12030.00,12080.00,260000.00,2265.00,0
1777324682349,55990.00,12109.00,260000.00,4800.00,570
1777324682391,24010.00,12052.00,260000.00,4530.00,0
1777324682433,55340.00,12080.00,260000.00,4800.00,566
1777324682475,55640.00,12052.00,260000.00,4800.00,566
1777324682516,112220.00,12080.00,260000.00,9600.00,1132
1777324682560,56030.00,12160.00,260000.00,4800.00,566
1777324682601,53560.00,12132.00,260000.00,4800.00,553
1777324682642,55730.00,12080.00,260000.00,4800.00,566
1777324682681,108490.00,12052.00,260000.00,9600.00,1106
1777324682723,55040.00,12110.00,260000.00,4800.00,553
1777324682764,56170.00,12160.00,260000.00,4800.00,553
1777324682809,54030.00,12033.00,259751.02,4800.00,553
1777324682854,109040.00,12029.00,260000.00,9600.00,1106
1777324682897,54010.00,12059.00,260000.00,4800.00,553
1777324682939,53930.00,12109.00,260000.00,4800.00,553
1777324682983,110660.00,12033.00,260000.00,9600.00,1104
1777324683026,55370.00,12060.00,260000.00,4800.00,552
1777324683068,55130.00,12109.00,260000.00,4800.00,552
1777324683112,111340.00,12055.00,260000.00,9600.00,1104
1777324683156,54980.00,12138.00,260000.00,4800.00,553
1777324683195,55200.00,12055.00,260000.00,4800.00,553
1777324683234,55190.00,12084.00,260000.00,4800.00,553
1777324683275,110680.00,12160.00,260000.00,9600.00,1106
1777324683317,55420.00,12110.00,260000.00,4800.00,553
1777324683358,56160.00,12160.00,260000.00,4800.00,566
1777324683399,57320.00,12160.00,260000.00,4800.00,566
1777324683442,115290.00,12052.00,260000.00,9600.00,1132
1777324683488,54780.00,12160.00,260000.00,4800.00,570
1777324683530,56320.00,12081.00,260000.00,4800.00,566
1777324683573,56720.00,12160.00,260000.00,4800.00,570
1777324683617,113390.00,12052.00,260000.00,9600.00,1141
1777324683660,54910.00,12103.00,260000.00,4800.00,566
1777324683701,57590.00,12081.00,260000.00,4800.00,566
1777324683746,112470.00,12132.00,260000.00,9600.00,1132
1777324683790,57190.00,12160.00,260000.00,4800.00,570
1777324683836,56390.00,12132.00,260000.00,4800.00,570
1777324683878,114440.00,12080.00,260000.00,9600.00,1141
1777324683921,56090.00,12103.00,260000.00,4800.00,570
1777324683965,56850.00,12080.00,260000.00,4800.00,570
1777324684009,110850.00,12081.00,260000.00,9600.00,1141
1777324684053,55750.00,12103.00,260000.00,4800.00,570
1777324684097,56470.00,12110.00,260000.00,4800.00,570
1777324684140,113190.00,12080.00,260000.00,9600.00,1141
1777324684183,55730.00,12103.00,260000.00,4800.00,566
1777324684227,55540.00,12110.00,260000.00,4800.00,570
1777324684270,112420.00,12109.00,260000.00,9600.00,1141
1777324684314,55180.00,12103.00,260000.00,4800.00,570
1777324684358,55400.00,12080.00,260000.00,4800.00,570
1777324684402,112500.00,12052.00,260000.00,9600.00,1140
1777324684444,56700.00,12160.00,260000.00,4800.00,570
1777324684495,56640.00,12132.00,260000.00,4800.00,570
1777324684540,113880.00,12080.00,260000.00,9600.00,1141
1777324684585,56690.00,12052.00,260000.00,4800.00,570
1777324684629,56260.00,12109.00,260000.00,4800.00,570
1777324684677,109990.00,11972.00,260000.00,9600.00,1132
1777324684725,56330.00,12080.00,260000.00,4800.00,566
1777324684767,57670.00,12080.00,260000.00,4800.00,566
1777324684812,110540.00,12080.00,260000.00,9600.00,1132
1777324684856,54710.00,12134.00,260000.00,4800.00,566
1777324684896,56380.00,12080.00,260000.00,4800.00,566
1777324684937,56020.00,12052.00,260000.00,4800.00,566
1777324684979,110870.00,12080.00,260000.00,9600.00,1132
1777324685024,55250.00,12160.00,260000.00,4800.00,566
1777324685065,111630.00,12138.00,260000.00,9600.00,1132
1777324685106,55630.00,12160.00,260000.00,4800.00,566
1777324685148,55810.00,12132.00,260000.00,4800.00,570
1777324685191,56940.00,12080.00,260000.00,4800.00,570
1777324685234,111720.00,12081.00,260000.00,9600.00,1132
1777324685278,56500.00,12105.00,260000.00,4800.00,570
1777324685319,55670.00,12138.00,260000.00,4800.00,570
1777324685363,112740.00,12052.00,260000.00,9600.00,1140
1777324685406,55800.00,12189.00,260000.00,4800.00,570
1777324685448,56080.00,12110.00,260000.00,4800.00,570
1777324685490,56260.00,12109.00,260000.00,4800.00,570
1777324685545,113910.00,12052.00,260000.00,9600.00,1140
1777324685590,54490.00,12160.00,260000.00,4800.00,570
1777324685633,112030.00,12052.00,260000.00,9600.00,1140
1777324685681,55770.00,12160.00,260000.00,4800.00,570
1777324685726,55720.00,12132.00,260000.00,4800.00,570
1777324685768,111940.00,12080.00,260000.00,9600.00,1141
1777324685810,56030.00,12103.00,260000.00,4800.00,570
1777324685853,55700.00,12080.00,260000.00,4800.00,570
1777324685897,110740.00,12052.00,260000.00,9600.00,1140
1777324685940,55960.00,12053.00,260000.00,4800.00,570
1777324685983,56550.00,12132.00,260000.00,4800.00,570
1777324686027,113550.00,12020.00,260000.00,9600.00,1140
1777324686073,55880.00,12109.00,260000.00,4800.00,570
1777324686116,56720.00,12081.00,260000.00,4800.00,570
1777324686159,112040.00,12058.00,260000.00,9600.00,1140
1777324686202,55580.00,12053.00,260000.00,4800.00,570
1777324686399,55400.00,11681.00,260000.00,4800.00,566
1777324686430,23970.00,11732.00,259022.28,4530.00,0
1777324686483,12110.00,11738.00,260000.00,2265.00,0
1777324686515,12010.00,11805.00,260000.00,2265.00,0
1777324686547,12000.00,11776.00,260000.00,2265.00,0
1777324686579,12110.00,11747.00,260000.00,2265.00,0
1777324686613,55970.00,11776.00,260000.00,4800.00,549
1777324686644,54190.00,11840.00,260000.00,4800.00,553
1777324686677,56670.00,11760.00,260000.00,4800.00,566
1777324686709,55630.00,11789.00,260000.00,4800.00,566
1777324686742,57340.00,11789.00,260000.00,4800.00,570
1777324686775,56930.00,11840.00,260000.00,4800.00,570
1777324686807,56500.00,11760.00,260000.00,4800.00,570
1777324686840,56420.00,11788.00,260000.00,4800.00,575
1777324686873,57120.00,11759.00,260000.00,4800.00,575
1777324686905,56700.00,11707.00,260000.00,4800.00,575
1777324686939,55970.00,11731.00,260000.00,4800.00,575
1777324686974,55500.00,11755.00,260000.00,4800.00,575
1777324687008,56490.00,11760.00,260000.00,4800.00,575
1777324687041,57950.00,11788.00,260000.00,4800.00,575
1777324687075,56830.00,11788.00,260000.00,4800.00,575
1777324687108,57060.00,11706.00,260000.00,4800.00,575
1777324687143,56440.00,11760.00,260000.00,4800.00,575
1777324687178,56500.00,11759.00,260000.00,4800.00,575
1777324687213,56320.00,11731.00,260000.00,4800.00,575
1777324687248,57230.00,11707.00,260000.00,4800.00,575
1777324687283,58090.00,11693.00,260000.00,4800.00,575
1777324687318,57780.00,11760.00,260000.00,4800.00,575
1777324687353,55970.00,11760.00,260000.00,4800.00,575
1777324687388,56670.00,11759.00,260000.00,4800.00,575
1777324687424,57160.00,11651.00,260000.00,4800.00,575
1777324687459,55910.00,11678.00,260000.00,4800.00,575
1777324687495,113830.00,11707.00,259309.43,9600.00,1150
1777324687537,56820.00,11734.00,260000.00,4800.00,575
1777324687573,57270.00,11731.00,260000.00,4800.00,575
1777324687608,57270.00,11760.00,260000.00,4800.00,575
1777324687642,55870.00,11760.00,260000.00,4800.00,575
1777324687677,56040.00,11787.00,260000.00,4800.00,575
1777324687711,56480.00,11729.00,260000.00,4800.00,575
1777324687748,56790.00,11675.00,260000.00,4800.00,575
1777324687783,53720.00,11675.00,260000.00,4800.00,575
1777324687819,56560.00,11760.00,260000.00,4800.00,575
1777324687855,57650.00,11760.00,260000.00,4800.00,575
1777324687892,112620.00,11729.00,259427.00,9600.00,1150
1777324687933,55870.00,11702.00,260000.00,4800.00,575
1777324687972,57070.00,11775.00,260000.00,4800.00,575
1777324688009,55780.00,11728.00,260000.00,4800.00,575
1777324688049,56830.00,11704.00,260000.00,4800.00,575
1777324688087,56010.00,11675.00,260000.00,4800.00,575
1777324688125,112940.00,11760.00,259511.59,9600.00,1150
1777324688168,56410.00,11760.00,260000.00,4800.00,575
1777324688205,57850.00,11755.00,260000.00,4800.00,575
1777324688240,55070.00,11760.00,260000.00,4800.00,575
1777324688276,56990.00,11760.00,260000.00,4800.00,575
1777324688313,56890.00,11729.00,260000.00,4800.00,575
1777324688351,57490.00,11651.00,260000.00,4800.00,575
1777324688389,56270.00,11651.00,260000.00,4800.00,575
1777324688427,112500.00,11707.00,260000.00,9600.00,1150
1777324688466,55960.00,11734.00,260000.00,4800.00,575
1777324688509,55450.00,11679.00,260000.00,4800.00,575
1777324688547,58520.00,11707.00,260000.00,4800.00,575
1777324688584,55320.00,11760.00,260000.00,4800.00,575
1777324688622,112600.00,11759.00,259290.10,9600.00,1150
1777324688662,56880.00,11702.00,260000.00,4800.00,575
1777324688700,56950.00,11787.00,260000.00,4800.00,575
1777324688744,55470.00,11731.00,260000.00,4800.00,575
1777324688783,56300.00,11680.00,260000.00,4800.00,575
1777324688823,111480.00,11708.00,259701.70,9600.00,1150
1777324688865,56080.00,11730.00,260000.00,4800.00,575
1777324688906,55300.00,11736.00,260000.00,4800.00,575
1777324688946,54900.00,11708.00,260000.00,4800.00,575
1777324688988,113920.00,11679.00,260000.00,9600.00,1150
1777324689029,56900.00,11736.00,260000.00,4800.00,575
1777324689068,57350.00,11760.00,260000.00,4800.00,575
1777324689108,57060.00,11731.00,260000.00,4800.00,575
1777324689147,55490.00,11731.00,260000.00,4800.00,575
1777324689188,113190.00,11736.00,260000.00,9600.00,1150
1777324689228,56630.00,11702.00,260000.00,4800.00,575
1777324689267,56580.00,11760.00,260000.00,4800.00,575
1777324689307,57700.00,11736.00,260000.00,4800.00,575
1777324689351,56670.00,11651.00,260000.00,4800.00,575
1777324689391,111570.00,11708.00,260000.00,9600.00,1150
1777324689430,56510.00,11678.00,260000.00,4800.00,575
1777324689469,57200.00,11679.00,260000.00,4800.00,575
1777324689508,55350.00,11760.00,260000.00,4800.00,575
1777324689548,57430.00,11760.00,259864.82,4800.00,575
1777324689589,112560.00,11651.00,260000.00,9600.00,1150
1777324689632,57210.00,11760.00,260000.00,4800.00,575
1777324689671,56600.00,11759.00,260000.00,4800.00,575
1777324689710,57810.00,11705.00,260000.00,4800.00,575
1777324689753,111270.00,11707.00,260000.00,9600.00,1150
1777324689800,56830.00,11702.00,260000.00,4800.00,575
1777324689841,55500.00,11734.00,260000.00,4800.00,575
1777324689883,113250.00,11678.00,260000.00,9600.00,1150
1777324689924,55860.00,11729.00,260000.00,4800.00,575
1777324689964,56590.00,11787.00,260000.00,4800.00,575
1777324690008,56630.00,11705.00,260000.00,4800.00,575
1777324690050,114020.00,11707.00,260000.00,9600.00,1150
1777324690092,56240.00,11676.00,260000.00,4800.00,575
1777324690134,56830.00,11678.00,260000.00,4800.00,575
1777324690173,56470.00,11708.00,260000.00,4800.00,575
1777324690220,114180.00,11679.00,260000.00,9600.00,1150
1777324690263,57260.00,11734.00,260000.00,4800.00,575
1777324690303,56710.00,11679.00,260000.00,4800.00,575
1777324690344,113580.00,11708.00,259842.43,9600.00,1150
1777324690386,55290.00,11736.00,260000.00,4800.00,575
1777324690425,57660.00,11679.00,260000.00,4800.00,575
1777324690463,56070.00,11760.00,260000.00,4800.00,575
1777324690503,57130.00,11760.00,260000.00,4800.00,575
1777324690543,56980.00,11731.00,260000.00,4800.00,575
1777324690584,113640.00,11727.00,260000.00,9600.00,1150
1777324690627,55900.00,11730.00,260000.00,4800.00,575
1777324690668,56820.00,11707.00,260000.00,4800.00,575
1777324690707,113690.00,11708.00,259630.92,9600.00,1150
1777324690748,56850.00,11788.00,260000.00,4800.00,575
1777324690787,57350.00,11811.00,260000.00,4800.00,575
1777324690827,57020.00,11731.00,260000.00,4800.00,575
1777324690870,56770.00,11760.00,260000.00,4800.00,575
1777324690912,112440.00,11731.00,260000.00,9600.00,1150
1777324690953,55880.00,11760.00,260000.00,4800.00,575
1777324690994,57060.00,11759.00,260000.00,4800.00,575
1777324691038,56830.00,11731.00,260000.00,4800.00,575
1777324691080,112330.00,11680.00,260000.00,9600.00,1150
1777324691123,55430.00,11702.00,260000.00,4800.00,575
1777324691165,56090.00,11760.00,260000.00,4800.00,575
1777324691207,112040.00,11707.00,260000.00,9600.00,1150
1777324691249,56730.00,11730.00,260000.00,4800.00,575
1777324691290,56660.00,11839.00,260000.00,4800.00,575
1777324691331,56270.00,11919.00,260000.00,4800.00,575
1777324691372,57070.00,12028.00,260000.00,4800.00,575
1777324691413,55980.00,12051.00,260000.00,4800.00,575
1777324691455,113180.00,11917.00,260000.00,9600.00,1150
1777324691495,57330.00,12080.00,260000.00,4800.00,575
1777324691537,54990.00,11984.00,260000.00,4800.00,575
1777324691579,113640.00,12013.00,260000.00,9600.00,1150
1777324691621,56940.00,12093.00,260000.00,4800.00,575
1777324691664,56330.00,12051.00,260000.00,4800.00,575
1777324691705,114140.00,12027.00,260000.00,9600.00,1150
1777324691746,56980.00,12022.00,260000.00,4800.00,575
1777324691787,56630.00,12080.00,260000.00,4800.00,575
1777324691827,56910.00,12080.00,260000.00,4800.00,575
1777324691873,113930.00,12000.00,260000.00,9600.00,1150
1777324691917,56260.00,12109.00,260000.00,4800.00,575
1777324691959,57820.00,12051.00,260000.00,4800.00,575
1777324692002,58940.00,12029.00,260000.00,4800.00,575
1777324692047,114590.00,12000.00,260000.00,9600.00,1150
1777324692092,57660.00,12022.00,260000.00,4800.00,575
1777324692132,56100.00,12000.00,260000.00,4800.00,575
1777324692172,113160.00,12000.00,260000.00,9600.00,1150
1777324692213,57170.00,12109.00,260000.00,4800.00,575
1777324692252,57700.00,12080.00,260000.00,4800.00,575
1777324692295,56800.00,12051.00,260000.00,4800.00,575
1777324692338,112530.00,12080.00,260000.00,9600.00,1150
1777324692380,56350.00,12051.00,260000.00,4800.00,575
1777324692422,56030.00,12109.00,260000.00,4800.00,575
1777324692465,55430.00,12080.00,260000.00,4800.00,575
1777324692509,115490.00,12051.00,260000.00,9600.00,1150
1777324692554,56770.00,12080.00,260000.00,4800.00,575
1777324692597,56430.00,12029.00,260000.00,4800.00,575
1777324692641,111970.00,12029.00,260000.00,9600.00,1150
1777324692684,55840.00,12022.00,260000.00,4800.00,575
1777324692726,56660.00,12080.00,260000.00,4800.00,575
1777324692771,112930.00,12051.00,260000.00,9600.00,1150
1777324692816,56920.00,12109.00,260000.00,4800.00,575
1777324692856,55750.00,12051.00,260000.00,4800.00,575
1777324692898,113530.00,12080.00,260000.00,9600.00,1150
1777324692939,57630.00,12080.00,260000.00,4800.00,575
1777324692980,54990.00,12051.00,260000.00,4800.00,575
1777324693021,55880.00,12080.00,260000.00,4800.00,575
1777324693061,112990.00,12051.00,260000.00,9600.00,1150
1777324693105,56460.00,12102.00,260000.00,4800.00,575
1777324693147,56820.00,12131.00,260000.00,4800.00,575
1777324693190,55800.00,12000.00,260000.00,4800.00,575
1777324693231,113620.00,12029.00,260000.00,9600.00,1150
1777324693272,56710.00,12022.00,260000.00,4800.00,575
1777324693314,59340.00,12051.00,260000.00,4800.00,575
1777324693355,56850.00,12080.00,260000.00,4800.00,575
1777324693399,113020.00,12051.00,260000.00,9600.00,1150
1777324693443,56930.00,12160.00,260000.00,4800.00,575
1777324693486,56300.00,12051.00,260000.00,4800.00,575
1777324693530,113040.00,12080.00,260000.00,9600.00,1150
1777324693583,58750.00,12022.00,260000.00,4800.00,575
1777324693624,56280.00,12109.00,260000.00,4800.00,575
1777324693666,113260.00,12029.00,260000.00,9600.00,1150
1777324693710,55890.00,12022.00,260000.00,4800.00,575
1777324693753,56650.00,12080.00,260000.00,4800.00,575
1777324693796,110960.00,12074.00,260000.00,9600.00,1150
1777324693839,56220.00,12160.00,260000.00,4800.00,575
1777324693881,55100.00,12051.00,260000.00,4800.00,575
1777324693923,111070.00,12080.00,260000.00,9600.00,1150
1777324694120,57160.00,11651.00,260000.00,4800.00,575
1777324694145,11950.00,11731.00,260000.00,2265.00,0
1777324694173,12190.00,11760.00,260000.00,2265.00,0
1777324694201,12000.00,11738.00,260000.00,2265.00,0
1777324694229,11840.00,11760.00,259136.59,2265.00,0
1777324694278,11970.00,11709.00,260000.00,2265.00,0
1777324694306,11990.00,11760.00,260000.00,2265.00,0
1777324694334,11980.00,11789.00,260000.00,2265.00,0
1777324694363,55760.00,11789.00,259155.09,3360.00,575
1777324694392,57010.00,11840.00,258528.34,3369.00,575
1777324694442,55750.00,11709.00,260000.00,3963.00,575
1777324694472,56260.00,11760.00,260000.00,3288.00,575
1777324694502,56960.00,11760.00,260000.00,4008.00,575
1777324694532,56230.00,11760.00,259263.74,3972.00,575
1777324694561,56500.00,11760.00,258589.82,3261.00,575
1777324694612,56700.00,11738.00,260000.00,3306.00,575
1777324694641,56380.00,11680.00,260000.00,3855.00,575
1777324694671,56000.00,11760.00,260000.00,3864.00,575
1777324694700,56020.00,11747.00,260000.00,4017.00,575
1777324694730,56250.00,11746.00,259288.83,3342.00,575
1777324694760,56180.00,11785.00,258605.38,3324.00,575
1777324694792,57540.00,11762.00,258516.18,3252.00,575
1777324694842,56330.00,11760.00,260000.00,3234.00,575
1777324694876,55920.00,11789.00,260000.00,3342.00,575
1777324694908,55840.00,11738.00,260000.00,3342.00,575
1777324694940,57060.00,11709.00,260000.00,3360.00,575
1777324694971,55730.00,11731.00,260000.00,3261.00,575
1777324695000,57010.00,11727.00,260000.00,3954.00,575
1777324695028,56890.00,11742.00,260000.00,3981.00,575
1777324695058,56650.00,11825.00,258767.87,3981.00,575
1777324695111,55080.00,11709.00,260000.00,4116.00,575
1777324695142,56900.00,11760.00,260000.00,4008.00,575
1777324695174,56760.00,11760.00,260000.00,4017.00,575
1777324695205,56230.00,11789.00,260000.00,3990.00,575
1777324695236,56960.00,11738.00,260000.00,3954.00,575
1777324695268,56800.00,11760.00,260000.00,3990.00,575
1777324695300,56140.00,11789.00,260000.00,3981.00,575
1777324695331,57850.00,11760.00,260000.00,3945.00,575
1777324695363,57400.00,11709.00,260000.00,4026.00,575
1777324695395,56820.00,11731.00,260000.00,3999.00,575
1777324695427,56300.00,11731.00,260000.00,3936.00,575
1777324695459,55810.00,11731.00,259753.37,4053.00,575
1777324695491,58000.00,11731.00,259550.34,3927.00,575
1777324695524,56010.00,11789.00,259439.34,4071.00,575
1777324695559,58560.00,11789.00,259522.92,3837.00,575
1777324695594,56060.00,11840.00,260000.00,4071.00,575
1777324695626,56430.00,11760.00,260000.00,4062.00,575
1777324695660,54660.00,11789.00,259833.34,4116.00,575
1777324695694,55970.00,11731.00,260000.00,4035.00,575
1777324695729,57130.00,11709.00,260000.00,3981.00,575
1777324695764,56830.00,11680.00,260000.00,3999.00,575
1777324695798,56510.00,11760.00,260000.00,4017.00,575
1777324695832,56350.00,11760.00,260000.00,3981.00,575
1777324695865,57050.00,11760.00,260000.00,3918.00,575
1777324695899,53590.00,11789.00,260000.00,4125.00,575
1777324695935,57150.00,11709.00,260000.00,3936.00,575
1777324695973,57670.00,11680.00,260000.00,3873.00,575
1777324696007,57330.00,11709.00,260000.00,3900.00,575
1777324696040,58060.00,11760.00,260000.00,3828.00,575
1777324696073,57340.00,11760.00,260000.00,4008.00,575
1777324696105,56800.00,11738.00,260000.00,3954.00,575
1777324696141,58070.00,11709.00,260000.00,3864.00,575
1777324696177,57860.00,11731.00,260000.00,3882.00,575
1777324696212,56530.00,11731.00,260000.00,4044.00,575
1777324696247,55390.00,11709.00,260000.00,4053.00,575
1777324696282,56920.00,11709.00,260000.00,3954.00,575
1777324696316,56900.00,11709.00,260000.00,4017.00,575
1777324696351,56350.00,11709.00,260000.00,3981.00,575
1777324696388,114050.00,11680.00,259765.66,7953.00,1150
1777324696426,56420.00,11782.00,260000.00,4008.00,575
1777324696469,56160.00,11811.00,260000.00,4008.00,575
1777324696505,55000.00,11760.00,260000.00,4053.00,575
1777324696541,55450.00,11731.00,260000.00,4053.00,575
1777324696577,55760.00,11731.00,260000.00,3936.00,575
1777324696613,57800.00,11680.00,260000.00,3900.00,575
1777324696650,57080.00,11709.00,260000.00,3882.00,575
1777324696694,112610.00,11651.00,260000.00,5280.00,1150
1777324696728,57010.00,11738.00,260000.00,4800.00,575
1777324696767,56000.00,11709.00,260000.00,4800.00,575
1777324696805,55750.00,11709.00,260000.00,4800.00,575
1777324696843,56980.00,11680.00,260000.00,4800.00,575
1777324696880,56730.00,11731.00,260000.00,4800.00,575
1777324696917,115470.00,11680.00,259904.50,9600.00,1150
1777324696953,56760.00,11789.00,260000.00,4800.00,575
1777324696986,57540.00,11731.00,260000.00,4800.00,575
1777324697020,56590.00,11760.00,260000.00,4800.00,575
1777324697057,56700.00,11811.00,260000.00,4800.00,575
1777324697094,55830.00,11789.00,260000.00,4800.00,575
1777324697133,56690.00,11789.00,260000.00,4800.00,575
1777324697170,55810.00,11731.00,260000.00,4800.00,575
1777324697206,56200.00,11651.00,260000.00,4800.00,575
1777324697243,56800.00,11709.00,260000.00,4800.00,575
1777324697280,55910.00,11709.00,260000.00,4800.00,575
1777324697325,113850.00,11651.00,260000.00,9600.00,1150
1777324697365,55790.00,11738.00,260000.00,4800.00,575
1777324697403,58130.00,11709.00,260000.00,4800.00,575
1777324697442,58620.00,11680.00,260000.00,4800.00,575
1777324697481,55680.00,11731.00,260000.00,4800.00,575
1777324697518,56470.00,11731.00,260000.00,4800.00,575
1777324697559,113230.00,11680.00,260000.00,9600.00,1150
1777324697600,56320.00,11702.00,260000.00,4800.00,575
1777324697641,57080.00,11760.00,260000.00,4800.00,575
1777324697682,56080.00,11709.00,260000.00,4800.00,575
1777324697724,112390.00,11651.00,260000.00,9600.00,1150
1777324697766,56790.00,11789.00,260000.00,4800.00,575
1777324697806,55470.00,11651.00,260000.00,4800.00,575
1777324697846,55350.00,11709.00,260000.00,4800.00,575
1777324697887,113030.00,11709.00,260000.00,9600.00,1150
1777324697933,57070.00,11680.00,260000.00,4800.00,575
1777324697974,56140.00,11709.00,260000.00,4800.00,575
1777324698016,112940.00,11651.00,260000.00,9600.00,1150
1777324698057,55270.00,11731.00,260000.00,4800.00,575
1777324698099,57230.00,11738.00,260000.00,4800.00,575
1777324698144,57130.00,11680.00,260000.00,4800.00,575
1777324698185,112860.00,11709.00,260000.00,9600.00,1150
1777324698229,56170.00,11702.00,260000.00,4800.00,575
1777324698271,55450.00,11738.00,260000.00,4800.00,575
1777324698312,112350.00,11680.00,260000.00,9600.00,1150
1777324698356,57270.00,11731.00,260000.00,4800.00,575
1777324698397,55840.00,11789.00,260000.00,4800.00,575
1777324698439,57250.00,11709.00,260000.00,4800.00,575
1777324698483,113700.00,11709.00,260000.00,9600.00,1150
1777324698527,55650.00,11702.00,260000.00,4800.00,575
1777324698566,57170.00,11709.00,260000.00,4800.00,575
1777324698605,56510.00,11709.00,260000.00,4800.00,575
1777324698646,113910.00,11680.00,260000.00,9600.00,1150
1777324698687,57770.00,11680.00,260000.00,4800.00,575
1777324698727,57040.00,11760.00,260000.00,4800.00,575
1777324698768,56390.00,11760.00,260000.00,4800.00,575
1777324698813,57050.00,11760.00,260000.00,4800.00,575
1777324698857,113420.00,11651.00,260000.00,9600.00,1150
1777324698902,56880.00,11702.00,260000.00,4800.00,575
1777324698946,112640.00,11731.00,260000.00,9600.00,1150
1777324698991,57410.00,11760.00,260000.00,4800.00,575
1777324699036,55570.00,11869.00,260000.00,4800.00,575
1777324699081,112270.00,11978.00,260000.00,9600.00,1150
1777324699126,55860.00,12080.00,260000.00,4800.00,575
1777324699168,56170.00,12013.00,260000.00,4800.00,575
1777324699210,56450.00,12004.00,260000.00,4800.00,575
1777324699254,112750.00,11904.00,260000.00,9600.00,1150
1777324699297,55530.00,12064.00,260000.00,4800.00,575
1777324699339,113040.00,11971.00,260000.00,9600.00,1150
1777324699383,54500.00,12042.00,260000.00,4800.00,575
1777324699436,56390.00,11971.00,260000.00,4800.00,575
1777324699480,115000.00,12029.00,260000.00,9600.00,1150
1777324699525,56980.00,12018.00,260000.00,4800.00,575
1777324699569,55970.00,12029.00,260000.00,4800.00,575
1777324699619,115640.00,11971.00,260000.00,9600.00,1150
1777324699666,57440.00,12043.00,260000.00,4800.00,575
1777324699710,56940.00,12046.00,260000.00,4800.00,575
1777324699753,24220.00,11981.00,260000.00,4530.00,0
1777324699798,12020.00,12061.00,260000.00,2265.00,0
1777324699855,23860.00,12000.00,260000.00,4530.00,0
1777324699899,12210.00,12080.00,260000.00,2265.00,0
1777324699943,23680.00,11987.00,260000.00,4530.00,0
1777324699988,11820.00,12109.00,260000.00,2265.00,0
1777324700039,56780.00,12034.00,260000.00,3432.00,575
1777324700087,24160.00,11928.00,260000.00,4530.00,0
1777324700144,11850.00,12080.00,260000.00,2265.00,0
1777324700185,24060.00,12000.00,260000.00,4530.00,0
1777324700230,12120.00,12029.00,260000.00,2265.00,0
1777324700273,23540.00,12000.00,260000.00,4530.00,0
1777324700314,57660.00,12080.00,260000.00,3387.00,575
1777324700353,11970.00,12000.00,260000.00,2265.00,0
1777324700396,57250.00,12029.00,260000.00,3261.00,575
1777324700440,112600.00,12029.00,260000.00,6639.00,1150
1777324700483,56390.00,11971.00,260000.00,3261.00,575
1777324700522,56000.00,12029.00,260000.00,3378.00,575
1777324700561,55080.00,12000.00,260000.00,3360.00,575
1777324700603,113340.00,11971.00,260000.00,6711.00,1150
1777324700648,57220.00,12080.00,260000.00,3351.00,575
1777324700690,57520.00,12000.00,260000.00,3279.00,575
1777324700735,56720.00,12029.00,260000.00,3342.00,575
1777324700774,54840.00,11971.00,260000.00,3234.00,575
1777324700815,112900.00,12000.00,260000.00,6711.00,1150
1777324700855,56890.00,12029.00,260000.00,3387.00,575
1777324700901,113360.00,11971.00,260000.00,6522.00,1150
1777324700942,57010.00,12109.00,260000.00,3315.00,575
1777324700984,58210.00,12051.00,260000.00,3270.00,575
1777324701022,56260.00,12080.00,260000.00,3234.00,575
1777324701060,56900.00,12029.00,260000.00,3324.00,575
1777324701107,114710.00,11971.00,260000.00,6675.00,1150
1777324701148,55370.00,12080.00,260000.00,3288.00,575
1777324701188,57610.00,12109.00,260000.00,3342.00,575
1777324701226,57880.00,12051.00,260000.00,3333.00,575
1777324701265,113950.00,12080.00,260000.00,6585.00,1150
1777324701304,56520.00,12051.00,260000.00,3207.00,575
1777324701342,58310.00,12051.00,260000.00,3279.00,575
1777324701383,56840.00,12080.00,260000.00,3414.00,575
1777324701422,55230.00,12058.00,260000.00,3360.00,575
1777324701461,54650.00,12000.00,260000.00,3315.00,575
1777324701502,112480.00,11971.00,260000.00,6603.00,1150
1777324701543,54250.00,12109.00,260000.00,3288.00,575
1777324701586,55790.00,12051.00,260000.00,3387.00,575
1777324701625,56810.00,12080.00,260000.00,3288.00,575
1777324701664,55860.00,12080.00,260000.00,3315.00,575
1777324701704,113260.00,12051.00,260000.00,6765.00,1150
1777324701749,56360.00,12080.00,260000.00,4755.00,575
1777324701792,112390.00,12029.00,260000.00,9492.00,1150
1777324701836,55040.00,12051.00,260000.00,4746.00,575
1777324701880,57240.00,12109.00,260000.00,4773.00,575
1777324701924,56560.00,12051.00,260000.00,4764.00,575
1777324701966,113120.00,12000.00,260000.00,9510.00,1150
1777324702009,57310.00,11971.00,260000.00,3432.00,575
1777324702050,55620.00,12029.00,260000.00,3243.00,575
1777324702090,55380.00,12000.00,260000.00,3351.00,575
1777324702135,112990.00,11971.00,260000.00,6720.00,1149
1777324702182,54890.00,12109.00,260000.00,3369.00,574
1777324702227,113040.00,12080.00,260000.00,6558.00,1149
1777324702270,56450.00,12109.00,260000.00,3261.00,574
1777324702310,56900.00,12086.00,260000.00,3360.00,574
1777324702348,55730.00,12029.00,260000.00,3252.00,574
1777324702388,114600.00,12029.00,259856.51,6738.00,1149
1777324702428,56440.00,12051.00,260000.00,3306.00,574
1777324702468,55970.00,12109.00,260000.00,3405.00,575
1777324702511,56390.00,12109.00,260000.00,3261.00,575
1777324702552,55470.00,12051.00,260000.00,3306.00,575
1777324702596,112170.00,12058.00,260000.00,6657.00,1150
1777324702639,57490.00,12022.00,260000.00,3450.00,575
1777324702680,56940.00,12109.00,260000.00,3360.00,575
1777324702722,113070.00,12080.00,260000.00,6693.00,1150
1777324702765,56670.00,12022.00,260000.00,3297.00,575
1777324702806,57590.00,12109.00,260000.00,3252.00,575
1777324702847,56640.00,12051.00,260000.00,3324.00,575
1777324702888,114400.00,12080.00,260000.00,6738.00,1150
1777324702927,57440.00,12138.00,260000.00,3414.00,575
1777324702967,55740.00,12051.00,260000.00,3360.00,575
1777324703009,57350.00,12109.00,260000.00,3288.00,575
1777324703049,56330.00,12029.00,260000.00,3405.00,575
1777324703089,111990.00,11971.00,260000.00,6639.00,1150
1777324703132,55360.00,12109.00,260000.00,3288.00,575
1777324703171,57110.00,12080.00,260000.00,3252.00,575
1777324703208,56780.00,12029.00,260000.00,3279.00,575
1777324703248,57690.00,12080.00,260000.00,3270.00,575
1777324703293,112170.00,12080.00,260000.00,6648.00,1122
1777324703338,55910.00,12043.00,260000.00,3351.00,561
1777324703381,56120.00,12029.00,260000.00,3315.00,560
1777324703421,110870.00,12003.00,260000.00,6684.00,1121
1777324703460,56210.00,12109.00,260000.00,3405.00,560
1777324703496,55250.00,12134.00,260000.00,3360.00,560
1777324703534,56330.00,12054.00,260000.00,3405.00,560
1777324703570,56160.00,12109.00,260000.00,3378.00,560
1777324703607,110420.00,12080.00,259826.87,6657.00,1121
1777324703651,55510.00,12189.00,260000.00,3279.00,560
1777324703690,54460.00,12080.00,260000.00,3261.00,560
1777324703732,56510.00,12080.00,260000.00,3351.00,560
1777324703773,55660.00,12083.00,260000.00,3270.00,560
1777324703822,110360.00,12054.00,260000.00,6729.00,1121
1777324703870,55410.00,12107.00,260000.00,3441.00,560
1777324703911,110810.00,12080.00,260000.00,6486.00,1121
1777324703950,54830.00,12136.00,260000.00,3261.00,565
1777324703988,58080.00,12111.00,260000.00,3207.00,565
1777324704032,56210.00,12082.00,260000.00,3270.00,565
1777324704077,56500.00,12082.00,260000.00,3234.00,565
1777324704120,114250.00,12058.00,260000.00,6594.00,1130
1777324704167,55590.00,12026.00,260000.00,3315.00,550
1777324704208,110430.00,12109.00,260000.00,6459.00,1130
1777324704248,55170.00,12145.00,260000.00,3342.00,565
1777324704291,55390.00,12111.00,260000.00,3396.00,565
1777324704333,55580.00,12109.00,260000.00,3207.00,565
1777324704371,109670.00,12031.00,260000.00,6585.00,1131
1777324704412,54550.00,12054.00,260000.00,3315.00,565
1777324704453,55960.00,12133.00,260000.00,3396.00,565
1777324704492,56430.00,12133.00,260000.00,3306.00,565
1777324704532,56830.00,12053.00,260000.00,3288.00,565
1777324704572,112980.00,12080.00,260000.00,6657.00,1131
1777324704613,55800.00,12134.00,260000.00,3306.00,565
1777324704657,56540.00,12053.00,260000.00,3342.00,565
1777324704697,55550.00,12109.00,260000.00,3270.00,570
1777324704738,112590.00,12081.00,260000.00,6630.00,1140
1777324704777,56100.00,12106.00,260000.00,3297.00,570
1777324704816,56360.00,12126.00,260000.00,3342.00,575
1777324704859,57250.00,12131.00,260000.00,3180.00,575
1777324704905,56340.00,12080.00,260000.00,3342.00,575
1777324704946,113070.00,12051.00,260000.00,6675.00,1150
1777324704986,55730.00,12080.00,260000.00,3216.00,575
1777324705027,56010.00,12093.00,260000.00,3405.00,575
1777324705067,55990.00,12080.00,260000.00,3441.00,575
1777324705113,114010.00,12026.00,260000.00,6639.00,1150
1777324705156,55900.00,12102.00,260000.00,3288.00,575
1777324705199,114440.00,12160.00,260000.00,6675.00,1150
1777324705241,56310.00,12160.00,260000.00,3963.00,575
1777324705287,55920.00,12131.00,260000.00,3306.00,575
1777324705328,56790.00,12080.00,260000.00,3333.00,575
1777324705372,113860.00,12051.00,260000.00,6675.00,1150
1777324705416,55280.00,12160.00,260000.00,3261.00,575
1777324705458,57540.00,12131.00,260000.00,3270.00,575
1777324705504,111490.00,12051.00,260000.00,6657.00,1150
1777324705549,58080.00,12051.00,260000.00,3450.00,575
1777324705591,57120.00,12109.00,260000.00,3279.00,575
1777324705636,57430.00,12029.00,260000.00,3288.00,570
1777324705678,113100.00,12029.00,260000.00,6639.00,1140
1777324705721,54050.00,12083.00,260000.00,3117.00,565
1777324705766,111330.00,12082.00,260000.00,6747.00,1131
1777324705812,55670.00,12189.00,260000.00,3288.00,570
1777324705856,55460.00,12080.00,260000.00,3297.00,570
1777324705899,113190.00,12109.00,260000.00,6666.00,1140
1777324705948,58020.00,12024.00,260000.00,3369.00,570
1777324705994,56000.00,12109.00,260000.00,3306.00,570
1777324706038,111580.00,12080.00,260000.00,6513.00,1140
1777324706210,12180.00,11688.00,260000.00,2265.00,0
1777324706237,12080.00,11789.00,260000.00,2265.00,0
1777324706263,12090.00,11840.00,260000.00,2265.00,0
1777324706290,11800.00,11824.00,260000.00,2265.00,0
1777324706318,11760.00,11789.00,259920.35,2265.00,0
1777324706346,11940.00,11827.00,258839.30,2265.00,0
1777324706394,12170.00,11789.00,260000.00,2265.00,0
1777324706422,12160.00,11840.00,260000.00,2265.00,0
1777324706449,11930.00,11869.00,259974.13,2265.00,0
1777324706497,12280.00,11869.00,260000.00,2265.00,0
1777324706525,12030.00,11747.00,260000.00,2265.00,0
1777324706553,53160.00,11783.00,260000.00,4176.00,487
1777324706582,50510.00,11811.00,259988.18,3988.00,483
1777324706612,55360.00,11811.00,258742.04,4800.00,562
1777324706662,57660.00,11840.00,260000.00,4800.00,575
1777324706692,56420.00,11869.00,260000.00,4800.00,575
1777324706722,56790.00,11818.00,260000.00,4800.00,575
1777324706753,56820.00,11840.00,260000.00,4800.00,575
1777324706784,57670.00,11840.00,260000.00,4800.00,575
1777324706814,56330.00,11818.00,259775.91,4800.00,575
1777324706846,55890.00,11789.00,259024.18,4800.00,575
1777324706877,55920.00,11840.00,258812.58,4800.00,575
1777324706930,57180.00,11840.00,260000.00,4800.00,575
1777324706961,55200.00,11840.00,260000.00,4800.00,575
1777324706992,56120.00,11818.00,260000.00,4800.00,575
1777324707024,55970.00,11789.00,260000.00,4800.00,575
1777324707055,56680.00,11840.00,260000.00,4800.00,575
1777324707086,57020.00,11869.00,260000.00,4800.00,575
1777324707119,57630.00,11869.00,260000.00,4800.00,575
1777324707151,55860.00,11845.00,260000.00,4800.00,575
1777324707182,56860.00,11811.00,260000.00,4800.00,575
1777324707214,55790.00,11811.00,260000.00,4800.00,575
1777324707247,57570.00,11801.00,259944.41,4800.00,575
1777324707281,56370.00,11787.00,260000.00,4800.00,575
1777324707315,57360.00,11811.00,260000.00,4800.00,575
1777324707347,57020.00,11840.00,260000.00,4800.00,575
1777324707378,57130.00,11840.00,259806.94,4800.00,575
1777324707411,55930.00,11817.00,259860.07,4800.00,575
1777324707444,56080.00,11788.00,259825.79,4800.00,575
1777324707477,55600.00,11840.00,259284.90,4800.00,575
1777324707515,56640.00,11840.00,259960.33,4800.00,575
1777324707549,56960.00,11840.00,260000.00,4800.00,575
1777324707583,54960.00,11811.00,260000.00,4800.00,575
1777324707618,56560.00,11818.00,260000.00,4800.00,575
1777324707652,56950.00,11813.00,260000.00,4800.00,575
1777324707687,56810.00,11840.00,260000.00,4800.00,575
1777324707721,57380.00,11869.00,260000.00,4800.00,575
1777324707756,57400.00,11789.00,260000.00,4800.00,575
1777324707790,56540.00,11731.00,260000.00,4800.00,575
1777324707824,56880.00,11760.00,260000.00,4800.00,575
1777324707871,56960.00,11823.00,260000.00,4800.00,575
1777324707904,56290.00,11743.00,260000.00,4800.00,575
1777324707939,56800.00,11722.00,260000.00,4800.00,575
1777324707977,113520.00,11760.00,259246.47,9600.00,1150
1777324708016,55210.00,11840.00,260000.00,4800.00,575
1777324708062,57160.00,11869.00,260000.00,4800.00,575
1777324708095,57180.00,11811.00,260000.00,4800.00,575
1777324708131,56250.00,11731.00,260000.00,4800.00,575
1777324708166,55070.00,11789.00,260000.00,4800.00,575
1777324708202,57910.00,11789.00,260000.00,4800.00,575
1777324708239,56260.00,11731.00,260000.00,4800.00,575
1777324708275,56800.00,11731.00,260000.00,4800.00,575
1777324708312,112580.00,11779.00,259755.30,9600.00,1150
1777324708349,56060.00,11782.00,260000.00,4800.00,575
1777324708381,55370.00,11811.00,260000.00,4800.00,575
1777324708413,56760.00,11837.00,260000.00,4800.00,575
1777324708449,56480.00,11783.00,260000.00,4800.00,575
1777324708486,56040.00,11757.00,260000.00,4800.00,575
1777324708523,56340.00,11786.00,260000.00,4800.00,575
1777324708561,56250.00,11777.00,260000.00,4800.00,575
1777324708598,56030.00,11757.00,260000.00,4800.00,575
1777324708636,53270.00,11651.00,260000.00,4800.00,575
1777324708672,113150.00,11706.00,259296.29,9600.00,1150
1777324708707,56900.00,11786.00,260000.00,4800.00,575
1777324708741,57190.00,11840.00,260000.00,4800.00,575
1777324708781,55440.00,11811.00,260000.00,4800.00,575
1777324708819,56440.00,11837.00,260000.00,4800.00,575
1777324708857,55750.00,11812.00,260000.00,4800.00,575
1777324708894,57290.00,11786.00,260000.00,4800.00,575
1777324708932,58090.00,11737.00,260000.00,4800.00,575
1777324708972,114590.00,11678.00,259830.17,9600.00,1150
1777324709012,57680.00,11787.00,260000.00,4800.00,575
1777324709051,56780.00,11778.00,260000.00,4800.00,575
1777324709088,56010.00,11811.00,260000.00,4800.00,575
1777324709127,57320.00,11840.00,260000.00,4800.00,575
1777324709165,56480.00,11814.00,260000.00,4800.00,575
1777324709204,56840.00,11731.00,259651.43,4800.00,575
1777324709244,112570.00,11761.00,260000.00,9600.00,1150
1777324709285,55620.00,11787.00,260000.00,4800.00,575
1777324709325,56270.00,11731.00,260000.00,4800.00,575
1777324709365,56840.00,11787.00,260000.00,4800.00,575
1777324709401,58240.00,11705.00,260000.00,4800.00,575
1777324709440,113750.00,11678.00,260000.00,9600.00,1150
1777324709478,57060.00,11729.00,260000.00,4800.00,575
1777324709516,56950.00,11787.00,260000.00,4800.00,575
1777324709556,56470.00,11787.00,260000.00,4800.00,575
1777324709596,54990.00,11709.00,260000.00,4800.00,575
1777324709636,57280.00,11707.00,260000.00,4800.00,575
1777324709677,111690.00,11719.00,260000.00,9600.00,1150
1777324709718,57660.00,11734.00,260000.00,4800.00,575
1777324709758,56510.00,11783.00,260000.00,4800.00,575
1777324709799,56460.00,11708.00,260000.00,4800.00,575
1777324709840,113260.00,11680.00,260000.00,9600.00,1150
1777324709881,57800.00,11866.00,260000.00,4800.00,575
1777324709920,56710.00,11811.00,260000.00,4800.00,575
1777324709960,55860.00,11811.00,260000.00,4800.00,575
1777324710001,112010.00,11760.00,260000.00,9600.00,1150
1777324710049,55260.00,11734.00,260000.00,4800.00,575
1777324710090,55810.00,11869.00,260000.00,4800.00,575
1777324710130,56170.00,11811.00,260000.00,4800.00,575
1777324710171,114330.00,11731.00,260000.00,9600.00,1150
1777324710213,56110.00,11840.00,260000.00,4800.00,575
1777324710258,56260.00,11731.00,260000.00,4800.00,575
1777324710299,114600.00,11789.00,260000.00,9600.00,1150
1777324710343,57840.00,11782.00,260000.00,4800.00,575
1777324710384,56900.00,11811.00,260000.00,4800.00,575
1777324710425,56150.00,11760.00,260000.00,4800.00,575
1777324710470,112570.00,11731.00,260000.00,9600.00,1150
1777324710513,57560.00,11840.00,260000.00,4800.00,575
1777324710554,56290.00,11731.00,260000.00,4800.00,575
1777324710596,54960.00,11760.00,260000.00,4800.00,575
1777324710638,115270.00,11789.00,260000.00,9600.00,1150
1777324710680,56230.00,11782.00,260000.00,4800.00,575
1777324710722,57280.00,11785.00,260000.00,4800.00,575
1777324710764,55960.00,11731.00,260000.00,4800.00,575
1777324710807,111920.00,11680.00,260000.00,9600.00,1150
1777324710849,54610.00,11788.00,260000.00,4800.00,575
1777324710888,56040.00,11731.00,260000.00,4800.00,575
1777324710926,57860.00,11742.00,260000.00,4800.00,575
1777324710965,112610.00,11760.00,260000.00,9600.00,1150
1777324711006,56780.00,11782.00,260000.00,4800.00,575
1777324711047,55850.00,11840.00,260000.00,4800.00,575
1777324711088,55520.00,11860.00,260000.00,4800.00,575
1777324711130,111070.00,11911.00,260000.00,9600.00,1150
1777324711171,55760.00,12042.00,260000.00,4800.00,575
1777324711211,55720.00,12151.00,260000.00,4800.00,575
1777324711252,56770.00,12051.00,260000.00,4800.00,575
1777324711292,113080.00,12013.00,260000.00,9600.00,1150
1777324711335,56750.00,12022.00,260000.00,4800.00,575
1777324711376,55320.00,12013.00,260000.00,4800.00,575
1777324711419,56790.00,12013.00,260000.00,4800.00,575
1777324711461,56680.00,11971.00,260000.00,4800.00,575
1777324711501,114740.00,12000.00,260000.00,9600.00,1150
1777324711542,57000.00,12022.00,260000.00,4800.00,575
1777324711583,56930.00,12000.00,260000.00,4800.00,575
1777324711624,56060.00,12029.00,260000.00,4800.00,575
1777324711665,113750.00,11997.00,260000.00,9600.00,1150
1777324711706,58050.00,12022.00,260000.00,4800.00,575
1777324711750,57780.00,12029.00,260000.00,4800.00,575
1777324711793,112140.00,11971.00,260000.00,9600.00,1150
1777324711837,57060.00,12029.00,260000.00,4800.00,575
1777324711877,56370.00,12000.00,260000.00,4800.00,575
1777324711919,56970.00,11971.00,260000.00,4800.00,575
1777324711963,114380.00,12000.00,260000.00,9600.00,1150
1777324712007,55870.00,12022.00,260000.00,4800.00,575
1777324712051,58680.00,12029.00,260000.00,4800.00,575
1777324712095,111870.00,11971.00,260000.00,9600.00,1150
1777324712138,56460.00,12080.00,260000.00,4800.00,575
1777324712180,56140.00,12000.00,260000.00,4800.00,575
1777324712223,56640.00,12029.00,260000.00,4800.00,575
1777324712267,112630.00,11971.00,260000.00,9600.00,1150
1777324712309,57390.00,11991.00,260000.00,4800.00,575
1777324712361,57210.00,11971.00,260000.00,4800.00,575
1777324712404,111740.00,11949.00,260000.00,9600.00,1150
1777324712448,56600.00,11942.00,260000.00,4800.00,575
1777324712489,56400.00,12000.00,260000.00,4800.00,575
1777324712531,113220.00,11971.00,260000.00,9600.00,1150
1777324712573,57490.00,11971.00,260000.00,4800.00,575
1777324712619,57360.00,12029.00,260000.00,4800.00,575
1777324712664,112430.00,11971.00,260000.00,9600.00,1150
1777324712706,56590.00,12080.00,260000.00,4800.00,575
1777324712745,58560.00,12000.00,260000.00,4800.00,575
1777324712786,56130.00,12000.00,260000.00,4800.00,575
1777324712828,111800.00,12029.00,260000.00,9600.00,1150
1777324712870,11920.00,12022.00,260000.00,2265.00,0
1777324712913,11910.00,12109.00,260000.00,2265.00,0
1777324712957,11780.00,12096.00,260000.00,2265.00,0
1777324713000,24150.00,12080.00,260000.00,4530.00,0
1777324713041,11990.00,12003.00,260000.00,2265.00,0
1777324713083,11940.00,12080.00,260000.00,2265.00,0
1777324713126,11870.00,12029.00,260000.00,2265.00,0
1777324713170,23670.00,11987.00,260000.00,4530.00,0
1777324713212,12150.00,12080.00,260000.00,2265.00,0
1777324713255,12090.00,12096.00,260000.00,2265.00,0
1777324713297,24110.00,12080.00,260000.00,4530.00,0
