Timestamp,SystemTPS,LeaderId
1777324461312,0.00,1
1777324461374,32.00,1
1777324461422,179.00,1
1777324461459,327.00,1
1777324461510,441.00,1
1777324461542,547.00,1
1777324461570,627.00,1
1777324461597,707.00,1
1777324461624,787.00,1
1777324461657,866.00,1
1777324461707,2014.00,1
1777324461748,2094.00,1
1777324461784,2161.00,1
1777324461817,2241.00,1
1777324461852,2330.00,1
1777324461905,3454.00,1
1777324461956,3614.00,1
1777324461984,3681.00,1
1777324462013,3774.00,1
1777324462045,3854.00,1
1777324462078,3921.00,1
1777324462113,4787.00,1
1777324462147,4867.00,1
1777324462181,4960.00,1
1777324462214,5040.00,1
1777324462246,5120.00,1
1777324462283,5200.00,1
1777324462316,5987.00,1
1777324462351,6067.00,1
1777324462396,6160.00,1
1777324462437,6294.00,1
1777324462473,6387.00,1
1777324462510,6467.00,1
1777324462543,7280.00,1
1777324462574,7360.00,1
1777324462604,7440.00,1
1777324462633,7520.00,1
1777324462667,7600.00,1
1777324462694,7680.00,1
1777324462721,8589.00,1
1777324462770,8680.00,1
1777324462798,8747.00,1
1777324462843,8840.00,1
1777324462872,8913.00,1
1777324462900,8994.00,1
1777324462929,9794.00,1
1777324462978,9874.00,1
1777324463007,9941.00,1
1777324463036,10021.00,1
1777324463066,10114.00,1
1777324463094,10194.00,1
1777324463143,11000.00,1
1777324463172,11080.00,1
1777324463200,11160.00,1
1777324463229,11240.00,1
1777324463287,11320.00,1
1777324463326,11480.00,1
1777324463371,12380.00,1
1777324463396,12447.00,1
1777324463423,12540.00,1
1777324463452,12620.00,1
1777324463501,12700.00,1
1777324463527,12780.00,1
1777324463553,12847.00,1
1777324463601,13674.00,1
1777324463628,13754.00,1
1777324463659,13834.00,1
1777324463687,13914.00,1
1777324463716,13994.00,1
1777324463767,14485.00,1
1777324463799,14928.00,1
1777324463832,15008.00,1
1777324463859,15059.00,1
1777324463887,15168.00,1
1777324463922,15248.00,1
1777324463974,15328.00,1
1777324464002,16171.00,1
1777324464033,16251.00,1
1777324464067,16331.00,1
1777324464094,16411.00,1
1777324464121,16491.00,1
1777324464149,16571.00,1
1777324464197,17400.00,1
1777324464225,17480.00,1
1777324464257,17560.00,1
1777324464287,17640.00,1
1777324464316,17720.00,1
1777324464366,17800.00,1
1777324464395,17851.00,1
1777324464427,18711.00,1
1777324464457,18791.00,1
1777324464486,18871.00,1
1777324464537,18980.00,1
1777324464566,19060.00,1
1777324464597,19140.00,1
1777324464627,19947.00,1
1777324464656,20027.00,1
1777324464686,20107.00,1
1777324464716,20187.00,1
1777324464745,20267.00,1
1777324464775,20347.00,1
1777324464826,21200.00,1
1777324464860,21280.00,1
1777324464895,21360.00,1
1777324464933,21440.00,1
1777324464971,21491.00,1
1777324465007,21591.00,1
1777324465041,22439.00,1
1777324465073,22519.00,1
1777324465122,22599.00,1
1777324465147,22679.00,1
1777324465178,22781.00,1
1777324465203,22890.00,1
1777324465251,23794.00,1
1777324465279,23874.00,1
1777324465307,23954.00,1
1777324465356,24034.00,1
1777324465385,24085.00,1
1777324465415,24165.00,1
1777324465444,24245.00,1
1777324465473,25051.00,1
1777324465504,25131.00,1
1777324465535,25211.00,1
1777324465586,25320.00,1
1777324465615,25400.00,1
1777324465646,25480.00,1
1777324465689,26365.00,1
1777324465720,26445.00,1
1777324465751,26525.00,1
1777324465780,26605.00,1
1777324465810,26705.00,1
1777324465840,26765.00,1
1777324465871,26845.00,1
1777324465922,27674.00,1
1777324465953,27725.00,1
1777324465989,27805.00,1
1777324466020,27885.00,1
1777324466054,27994.00,1
1777324466087,28800.00,1
1777324466119,28880.00,1
1777324466150,28960.00,1
1777324466185,29040.00,1
1777324466217,29120.00,1
1777324466250,29171.00,1
1777324466283,29251.00,1
1777324466319,30108.00,1
1777324466352,30188.00,1
1777324466391,30246.00,1
1777324466427,30198.00,1
1777324466460,30150.00,1
1777324466494,30069.00,1
1777324466528,30780.00,1
1777324466563,30767.00,1
1777324466598,30796.00,1
1777324466632,30796.00,1
1777324466666,30796.00,1
1777324466702,30767.00,1
1777324466740,30181.00,1
1777324466810,30172.00,1
1777324466842,30172.00,1
1777324466871,30172.00,1
1777324466899,30239.00,1
1777324466931,30003.00,1
1777324466961,30057.00,1
1777324467010,29977.00,1
1777324467039,29977.00,1
1777324467068,29961.00,1
1777324467097,29961.00,1
1777324467128,29961.00,1
1777324467178,29992.00,1
1777324467208,29963.00,1
1777324467238,29950.00,1
1777324467270,29963.00,1
1777324467305,29963.00,1
1777324467335,29963.00,1
1777324467366,30112.00,1
1777324467397,30099.00,1
1777324467426,30045.00,1
1777324467475,30061.00,1
1777324467505,30061.00,1
1777324467535,30061.00,1
1777324467566,29944.00,1
1777324467593,29944.00,1
1777324467643,29883.00,1
1777324467674,29914.00,1
1777324467704,29864.00,1
1777324467736,29835.00,1
1777324467770,29967.00,1
1777324467801,29980.00,1
1777324467833,29980.00,1
1777324467864,29980.00,1
1777324467903,29938.00,1
1777324467939,29872.00,1
1777324467970,29938.00,1
1777324468004,29949.00,1
1777324468062,29866.00,1
1777324468093,29852.00,1
1777324468128,29885.00,1
1777324468164,29956.00,1
1777324468209,29988.00,1
1777324468268,29892.00,1
1777324468300,29959.00,1
1777324468339,29863.00,1
1777324468400,29876.00,1
1777324468426,29820.00,1
1777324468454,29820.00,1
1777324468484,29820.00,1
1777324468514,29833.00,1
1777324468545,29833.00,1
1777324468576,29833.00,1
1777324468608,29889.00,1
1777324468659,29762.00,1
1777324468690,29739.00,1
1777324468725,29695.00,1
1777324468757,29762.00,1
1777324468788,29791.00,1
1777324468818,29803.00,1
1777324468848,29812.00,1
1777324468879,29812.00,1
1777324468913,29812.00,1
1777324468946,29812.00,1
1777324468978,29834.00,1
1777324469011,29816.00,1
1777324469044,29834.00,1
1777324469076,29824.00,1
1777324469108,29776.00,1
1777324469143,29776.00,1
1777324469201,29747.00,1
1777324469232,29772.00,1
1777324469269,29815.00,1
1777324469309,29768.00,1
1777324469346,29790.00,1
1777324469380,29848.00,1
1777324469415,29877.00,1
1777324469450,29877.00,1
1777324469483,29889.00,1
1777324469517,29889.00,1
1777324469550,29831.00,1
1777324469584,29831.00,1
1777324469616,29831.00,1
1777324469648,29831.00,1
1777324469681,29831.00,1
1777324469712,29835.00,1
1777324469746,29835.00,1
1777324469778,29835.00,1
1777324469811,29835.00,1
1777324469844,29864.00,1
1777324469877,29864.00,1
1777324469909,29897.00,1
1777324469944,29899.00,1
1777324470010,29899.00,1
1777324470034,29820.00,1
1777324470060,29819.00,1
1777324470088,29819.00,1
1777324470119,29827.00,1
1777324470169,29754.00,1
1777324470198,29725.00,1
1777324470230,29725.00,1
1777324470260,29734.00,1
1777324470290,29725.00,1
1777324470323,29635.00,1
1777324470352,29686.00,1
1777324470384,29715.00,1
1777324470434,29635.00,1
1777324470464,29635.00,1
1777324470495,29635.00,1
1777324470527,29641.00,1
1777324470559,29641.00,1
1777324470590,29692.00,1
1777324470620,29692.00,1
1777324470651,29692.00,1
1777324470683,29721.00,1
1777324470715,29721.00,1
1777324470746,29763.00,1
1777324470797,29683.00,1
1777324470827,29683.00,1
1777324470857,29683.00,1
1777324470887,29683.00,1
1777324470917,29734.00,1
1777324470947,29736.00,1
1777324470999,29656.00,1
1777324471032,29643.00,1
1777324471063,29707.00,1
1777324471094,29707.00,1
1777324471122,29707.00,1
1777324471152,29740.00,1
1777324471183,29740.00,1
1777324471211,29740.00,1
1777324471264,29689.00,1
1777324471294,29672.00,1
1777324471324,29711.00,1
1777324471355,29711.00,1
1777324471386,29657.00,1
1777324471418,29657.00,1
1777324471448,29657.00,1
1777324471478,29686.00,1
1777324471530,29715.00,1
1777324471561,29657.00,1
1777324471593,29714.00,1
1777324471624,29714.00,1
1777324471656,29714.00,1
1777324471689,29738.00,1
1777324471720,29706.00,1
1777324471752,29665.00,1
1777324471785,29763.00,1
1777324471818,29917.00,1
1777324471848,29917.00,1
1777324471877,29917.00,1
1777324471931,29837.00,1
1777324471964,29837.00,1
1777324472059,29800.00,1
1777324472089,29669.00,1
1777324472122,29749.00,1
1777324472151,29749.00,1
1777324472180,29800.00,1
1777324472210,29829.00,1
1777324472260,29749.00,1
1777324472288,29720.00,1
1777324472320,29720.00,1
1777324472350,29749.00,1
1777324472379,29732.00,1
1777324472422,29720.00,1
1777324472451,29692.00,1
1777324472481,29743.00,1
1777324472512,29743.00,1
1777324472544,29743.00,1
1777324472576,29692.00,1
1777324472609,29692.00,1
1777324472642,29675.00,1
1777324472675,29675.00,1
1777324472711,29675.00,1
1777324472760,29624.00,1
1777324472790,29595.00,1
1777324472820,29595.00,1
1777324472859,29667.00,1
1777324472890,29696.00,1
1777324472922,29696.00,1
1777324472957,29725.00,1
1777324472994,29725.00,1
1777324473031,29725.00,1
1777324473068,29752.00,1
1777324473102,29752.00,1
1777324473137,29672.00,1
1777324473171,29701.00,1
1777324473211,29781.00,1
1777324473246,29752.00,1
1777324473282,29800.00,1
1777324473317,29858.00,1
1777324473352,29798.00,1
1777324473388,29838.00,1
1777324473425,29771.00,1
1777324473461,29771.00,1
1777324473497,29686.00,1
1777324473533,29671.00,1
1777324473569,29671.00,1
1777324473609,29664.00,1
1777324473647,29716.00,1
1777324473685,29805.00,1
1777324473721,29805.00,1
1777324473756,29747.00,1
1777324473794,29747.00,1
1777324473832,29725.00,1
1777324473866,29725.00,1
1777324473905,29780.00,1
1777324473941,29809.00,1
1777324473976,29838.00,1
1777324474056,29884.00,1
1777324474081,29729.00,1
1777324474107,29720.00,1
1777324474134,29718.00,1
1777324474184,29749.00,1
1777324474214,29749.00,1
1777324474242,29800.00,1
1777324474271,29800.00,1
1777324474301,29716.00,1
1777324474331,29694.00,1
1777324474382,29636.00,1
1777324474412,29607.00,1
1777324474442,29607.00,1
1777324474471,29607.00,1
1777324474501,29607.00,1
1777324474531,29576.00,1
1777324474582,29605.00,1
1777324474613,29605.00,1
1777324474645,29605.00,1
1777324474675,29605.00,1
1777324474705,29605.00,1
1777324474737,29677.00,1
1777324474767,29648.00,1
1777324474798,29648.00,1
1777324474830,29619.00,1
1777324474860,29619.00,1
1777324474911,29677.00,1
1777324474941,29677.00,1
1777324474971,29677.00,1
1777324475002,29757.00,1
1777324475031,29757.00,1
1777324475062,29757.00,1
1777324475093,29757.00,1
1777324475145,29797.00,1
1777324475176,29848.00,1
1777324475212,29836.00,1
1777324475245,29797.00,1
1777324475277,29797.00,1
1777324475309,29797.00,1
1777324475339,29768.00,1
1777324475371,29655.00,1
1777324475404,29655.00,1
1777324475436,29735.00,1
1777324475470,29735.00,1
1777324475503,29735.00,1
1777324475536,29764.00,1
1777324475569,29802.00,1
1777324475601,29780.00,1
1777324475634,29756.00,1
1777324475665,29756.00,1
1777324475696,29756.00,1
1777324475729,29756.00,1
1777324475761,29698.00,1
1777324475794,29697.00,1
1777324475828,29726.00,1
1777324475864,29726.00,1
1777324475897,29754.00,1
1777324475932,29704.00,1
1777324475965,29704.00,1
1777324476055,29765.00,1
1777324476084,29634.00,1
1777324476112,29634.00,1
1777324476139,29634.00,1
1777324476167,29634.00,1
1777324476193,29513.00,1
1777324476241,29484.00,1
1777324476337,29324.00,1
1777324476387,29353.00,1
1777324476421,28943.00,1
1777324476452,28949.00,1
1777324476503,28950.00,1
1777324476534,29001.00,1
1777324476564,29030.00,1
1777324476594,29030.00,1
1777324476621,29241.00,1
1777324476648,29241.00,1
1777324476698,29167.00,1
1777324476728,29152.00,1
1777324476760,29183.00,1
1777324476793,29183.00,1
1777324476822,29126.00,1
1777324476852,29140.00,1
1777324476881,29131.00,1
1777324476934,29140.00,1
1777324476965,29111.00,1
1777324476997,29111.00,1
1777324477030,29191.00,1
1777324477065,29405.00,1
1777324477097,29406.00,1
1777324477126,29326.00,1
1777324477154,29326.00,1
1777324477182,29326.00,1
1777324477211,29317.00,1
1777324477265,29388.00,1
1777324477297,29359.00,1
1777324477331,29330.00,1
1777324477362,29328.00,1
1777324477394,29337.00,1
1777324477425,29388.00,1
1777324477457,29412.00,1
1777324477489,29412.00,1
1777324477522,29392.00,1
1777324477552,29406.00,1
1777324477582,29412.00,1
1777324477614,29412.00,1
1777324477647,29441.00,1
1777324477676,29381.00,1
1777324477728,29301.00,1
1777324477759,29352.00,1
1777324477793,29381.00,1
1777324477827,29381.00,1
1777324477860,29381.00,1
1777324477892,29383.00,1
1777324477925,29412.00,1
1777324477964,29383.00,1
1777324478000,29412.00,1
1777324478035,29412.00,1
1777324478108,29141.00,1
1777324478135,29187.00,1
1777324478162,29216.00,1
1777324478212,29165.00,1
1777324478240,29194.00,1
1777324478268,29194.00,1
1777324478296,29194.00,1
1777324478325,29366.00,1
1777324478375,29309.00,1
1777324478404,29309.00,1
1777324478433,29325.00,1
1777324478462,29360.00,1
1777324478512,29338.00,1
1777324478542,29256.00,1
1777324478571,29280.00,1
1777324478600,29258.00,1
1777324478630,29229.00,1
1777324478681,29200.00,1
1777324478711,29200.00,1
1777324478742,29234.00,1
1777324478772,29240.00,1
1777324478803,29257.00,1
1777324478834,29291.00,1
1777324478865,29291.00,1
1777324478896,29269.00,1
1777324478927,29240.00,1
1777324478958,29325.00,1
1777324479010,29296.00,1
1777324479040,29376.00,1
1777324479071,29405.00,1
1777324479101,29405.00,1
1777324479131,29411.00,1
1777324479163,29400.00,1
1777324479194,29467.00,1
1777324479224,29429.00,1
1777324479276,29400.00,1
1777324479307,29371.00,1
1777324479338,29371.00,1
1777324479369,29371.00,1
1777324479400,29448.00,1
1777324479431,29448.00,1
1777324479463,29477.00,1
1777324479497,29477.00,1
1777324479528,29477.00,1
1777324479561,29477.00,1
1777324479593,29580.00,1
1777324479624,29560.00,1
1777324479657,29537.00,1
1777324479690,29508.00,1
1777324479744,29508.00,1
1777324479777,29509.00,1
1777324479811,29378.00,1
1777324479843,29320.00,1
1777324479874,29320.00,1
1777324479908,29371.00,1
1777324479941,29371.00,1
1777324479974,29400.00,1
1777324480007,29396.00,1
1777324480042,29360.00,1
1777324480075,29346.00,1
1777324480108,29346.00,1
1777324480140,29397.00,1
1777324480174,29368.00,1
1777324480208,29368.00,1
1777324480263,29351.00,1
1777324480296,29271.00,1
1777324480333,29300.00,1
1777324480371,29401.00,1
1777324480408,29409.00,1
1777324480445,29426.00,1
1777324480509,29274.00,1
1777324480533,29317.00,1
1777324480559,29346.00,1
1777324480586,29287.00,1
1777324480634,29200.00,1
1777324480661,29200.00,1
1777324480689,29200.00,1
1777324480717,29171.00,1
1777324480766,29211.00,1
1777324480794,29229.00,1
1777324480822,29229.00,1
1777324480850,29197.00,1
1777324480899,29168.00,1
1777324480927,29139.00,1
1777324480956,29139.00,1
1777324480985,29139.00,1
1777324481014,29219.00,1
1777324481064,29480.00,1
1777324481093,29464.00,1
1777324481123,29464.00,1
1777324481151,29464.00,1
1777324481181,29464.00,1
1777324481231,29435.00,1
1777324481261,29480.00,1
1777324481291,29560.00,1
1777324481321,29589.00,1
1777324481350,29609.00,1
1777324481381,29640.00,1
1777324481411,29618.00,1
1777324481463,29509.00,1
1777324481516,29840.00,1
1777324481544,29869.00,1
1777324481573,29869.00,1
1777324481604,29869.00,1
1777324481636,29869.00,1
1777324481681,29840.00,1
1777324481711,29648.00,1
1777324481747,29744.00,1
1777324481778,29744.00,1
1777324481831,29688.00,1
1777324481864,29664.00,1
1777324481896,29726.00,1
1777324481929,29777.00,1
1777324481960,29806.00,1
1777324481992,29806.00,1
1777324482028,29806.00,1
1777324482061,29748.00,1
1777324482094,29748.00,1
1777324482130,29699.00,1
1777324482163,29690.00,1
1777324482197,29677.00,1
1777324482231,29677.00,1
1777324482267,29728.00,1
1777324482303,29728.00,1
1777324482336,29771.00,1
1777324482371,29771.00,1
1777324482404,29731.00,1
1777324482461,29800.00,1
1777324482493,29800.00,1
1777324482527,29819.00,1
1777324482560,29852.00,1
1777324482594,29801.00,1
1777324482626,29801.00,1
1777324482659,29801.00,1
1777324482690,29772.00,1
1777324482725,29823.00,1
1777324482755,29756.00,1
1777324482787,29756.00,1
1777324482818,29756.00,1
1777324482849,29756.00,1
1777324482925,29734.00,1
1777324482951,29660.00,1
1777324482980,29660.00,1
1777324483030,29631.00,1
1777324483058,29711.00,1
1777324483087,29762.00,1
1777324483114,29664.00,1
1777324483162,29605.00,1
1777324483192,29605.00,1
1777324483223,29605.00,1
1777324483251,29605.00,1
1777324483278,29605.00,1
1777324483326,29576.00,1
1777324483354,29547.00,1
1777324483383,29645.00,1
1777324483413,29614.00,1
1777324483447,29614.00,1
1777324483477,29614.00,1
1777324483528,29643.00,1
1777324483557,29585.00,1
1777324483587,29714.00,1
1777324483616,29712.00,1
1777324483648,29714.00,1
1777324483681,29765.00,1
1777324483711,29765.00,1
1777324483743,29765.00,1
1777324483775,29765.00,1
1777324483827,29665.00,1
1777324483859,29636.00,1
1777324483892,29607.00,1
1777324483924,29607.00,1
1777324483957,29607.00,1
1777324483986,29607.00,1
1777324484017,29660.00,1
1777324484049,29651.00,1
1777324484081,29637.00,1
1777324484113,29666.00,1
1777324484144,29666.00,1
1777324484174,29666.00,1
1777324484205,29703.00,1
1777324484258,29674.00,1
1777324484290,29674.00,1
1777324484322,29703.00,1
1777324484355,29703.00,1
1777324484387,29703.00,1
1777324484420,29749.00,1
1777324484453,29749.00,1
1777324484487,29749.00,1
1777324484519,29720.00,1
1777324484552,29691.00,1
1777324484585,29691.00,1
1777324484619,29691.00,1
1777324484652,29671.00,1
1777324484686,29700.00,1
1777324484719,29729.00,1
1777324484751,29780.00,1
1777324484784,29780.00,1
1777324484817,29780.00,1
1777324484851,29769.00,1
1777324484885,29676.00,1
1777324484920,29660.00,1
1777324484954,29660.00,1
1777324484991,29689.00,1
1777324485027,29689.00,1
1777324485063,29660.00,1
1777324485097,29631.00,1
1777324485133,29631.00,1
1777324485232,29689.00,1
1777324485262,29485.00,1
1777324485289,29514.00,1
1777324485318,29514.00,1
1777324485348,29463.00,1
1777324485377,29485.00,1
1777324485407,29485.00,1
1777324485457,29434.00,1
1777324485487,29528.00,1
1777324485517,29528.00,1
1777324485548,29528.00,1
1777324485579,29561.00,1
1777324485609,29535.00,1
1777324485639,29579.00,1
1777324485691,29576.00,1
1777324485722,29547.00,1
1777324485752,29547.00,1
1777324485783,29547.00,1
1777324485814,29547.00,1
1777324485845,29547.00,1
1777324485875,29547.00,1
1777324485906,29644.00,1
1777324485936,29601.00,1
1777324485988,29600.00,1
1777324486020,29571.00,1
1777324486052,29571.00,1
1777324486084,29571.00,1
1777324486117,29643.00,1
1777324486149,29643.00,1
1777324486183,29643.00,1
1777324486216,29672.00,1
1777324486249,29701.00,1
1777324486282,29701.00,1
1777324486316,29611.00,1
1777324486348,29611.00,1
1777324486382,29582.00,1
1777324486416,29553.00,1
1777324486450,29553.00,1
1777324486484,29602.00,1
1777324486517,29697.00,1
1777324486550,29706.00,1
1777324486586,29661.00,1
1777324486620,29626.00,1
1777324486652,29597.00,1
1777324486687,29677.00,1
1777324486722,29677.00,1
1777324486755,29666.00,1
1777324486788,29634.00,1
1777324486822,29666.00,1
1777324486855,29695.00,1
1777324486890,29695.00,1
1777324486924,29637.00,1
1777324486960,29554.00,1
1777324486997,29574.00,1
1777324487032,29583.00,1
1777324487069,29692.00,1
1777324487103,29663.00,1
1777324487138,29634.00,1
1777324487174,29627.00,1
1777324487209,29627.00,1
1777324487244,29614.00,1
1777324487278,29632.00,1
1777324487314,29621.00,1
1777324487350,29589.00,1
1777324487387,29662.00,1
1777324487467,29506.00,1
1777324487496,29524.00,1
1777324487525,29524.00,1
1777324487555,29524.00,1
1777324487586,29362.00,1
1777324487615,29362.00,1
1777324487647,29362.00,1
1777324487680,29391.00,1
1777324487710,29420.00,1
1777324487742,29420.00,1
1777324487773,29405.00,1
1777324487804,29405.00,1
1777324487857,29376.00,1
1777324487889,29376.00,1
1777324487921,29456.00,1
1777324487953,29456.00,1
1777324487984,29648.00,1
1777324488016,29648.00,1
1777324488047,29677.00,1
1777324488077,29677.00,1
1777324488109,29677.00,1
1777324488143,29677.00,1
1777324488175,29694.00,1
1777324488206,29689.00,1
1777324488241,29689.00,1
1777324488281,29631.00,1
1777324488314,29631.00,1
1777324488346,29689.00,1
1777324488377,29689.00,1
1777324488409,29677.00,1
1777324488444,29677.00,1
1777324488477,29677.00,1
1777324488510,29677.00,1
1777324488545,29648.00,1
1777324488577,29648.00,1
1777324488610,29654.00,1
1777324488643,29680.00,1
1777324488676,29709.00,1
1777324488708,29709.00,1
1777324488740,29709.00,1
1777324488774,29709.00,1
1777324488808,29709.00,1
1777324488841,29654.00,1
1777324488875,29660.00,1
1777324488910,29660.00,1
1777324488944,29660.00,1
1777324488977,29689.00,1
1777324489011,29689.00,1
1777324489043,29700.00,1
1777324489083,29671.00,1
1777324489114,29642.00,1
1777324489148,29642.00,1
1777324489182,29638.00,1
1777324489219,29620.00,1
1777324489254,29668.00,1
1777324489312,29617.00,1
1777324489344,29617.00,1
1777324489382,29668.00,1
1777324489416,29639.00,1
1777324489460,29639.00,1
1777324489491,29429.00,1
1777324489524,29429.00,1
1777324489559,29458.00,1
1777324489601,29349.00,1
1777324489644,29400.00,1
1777324489682,29600.00,1
1777324489718,29571.00,1
1777324489754,29571.00,1
1777324489791,29571.00,1
1777324489828,29600.00,1
1777324489866,29520.00,1
1777324489903,29520.00,1
1777324489942,29593.00,1
1777324489979,29629.00,1
1777324490023,29571.00,1
1777324490061,29600.00,1
1777324490099,29548.00,1
1777324490210,29461.00,1
1777324490312,29140.00,1
1777324490367,29089.00,1
1777324490476,29009.00,1
1777324490506,29029.00,1
1777324490534,29029.00,1
1777324490563,29029.00,1
1777324490593,29029.00,1
1777324490642,29000.00,1
1777324490670,28987.00,1
1777324490697,29037.00,1
1777324490726,29097.00,1
1777324490774,29046.00,1
1777324490802,29046.00,1
1777324490830,29046.00,1
1777324490858,29046.00,1
1777324490886,29017.00,1
1777324490936,29032.00,1
1777324490964,29061.00,1
1777324490995,29100.00,1
1777324491024,29141.00,1
1777324491055,29141.00,1
1777324491105,29061.00,1
1777324491136,29041.00,1
1777324491167,29041.00,1
1777324491196,29041.00,1
1777324491225,29041.00,1
1777324491255,29092.00,1
1777324491306,29012.00,1
1777324491335,28983.00,1
1777324491365,28971.00,1
1777324491396,29000.00,1
1777324491425,29001.00,1
1777324491455,29051.00,1
1777324491506,29029.00,1
1777324491536,29029.00,1
1777324491567,29127.00,1
1777324491597,29176.00,1
1777324491628,29153.00,1
1777324491661,29122.00,1
1777324491693,29149.00,1
1777324491725,29149.00,1
1777324491757,29149.00,1
1777324491789,29013.00,1
1777324491821,29013.00,1
1777324491853,29042.00,1
1777324491885,29042.00,1
1777324491918,29071.00,1
1777324491949,29071.00,1
1777324492002,29092.00,1
1777324492034,29092.00,1
1777324492066,29012.00,1
1777324492099,29041.00,1
1777324492132,29041.00,1
1777324492163,29041.00,1
1777324492196,29159.00,1
1777324492228,29159.00,1
1777324492260,29101.00,1
1777324492293,29130.00,1
1777324492326,29130.00,1
1777324492362,29130.00,1
1777324492394,29065.00,1
1777324492425,29094.00,1
1777324492456,29174.00,1
1777324492487,29174.00,1
1777324492520,29174.00,1
1777324492554,29174.00,1
1777324492587,29174.00,1
1777324492620,29393.00,1
1777324492653,29335.00,1
1777324492687,29335.00,1
1777324492720,29335.00,1
1777324492754,29299.00,1
1777324492787,29313.00,1
1777324492822,29312.00,1
1777324492859,29363.00,1
1777324492892,29363.00,1
1777324492927,29334.00,1
1777324492963,29334.00,1
1777324493001,29283.00,1
1777324493036,29349.00,1
1777324493073,29320.00,1
1777324493108,29291.00,1
1777324493197,29184.00,1
1777324493225,29211.00,1
1777324493252,29012.00,1
1777324493280,29063.00,1
1777324493328,29041.00,1
1777324493356,29041.00,1
1777324493386,29058.00,1
1777324493414,29092.00,1
1777324493463,29081.00,1
1777324493492,29052.00,1
1777324493522,29081.00,1
1777324493551,29132.00,1
1777324493580,29132.00,1
1777324493630,29110.00,1
1777324493660,29024.00,1
1777324493689,29024.00,1
1777324493719,29024.00,1
1777324493748,29054.00,1
1777324493777,29075.00,1
1777324493829,29024.00,1
1777324493861,29073.00,1
1777324493890,29161.00,1
1777324493920,29161.00,1
1777324493951,29212.00,1
1777324493981,29212.00,1
1777324494011,29212.00,1
1777324494059,29132.00,1
1777324494087,29088.00,1
1777324494116,29116.00,1
1777324494147,29146.00,1
1777324494178,29146.00,1
1777324494230,29066.00,1
1777324494263,29117.00,1
1777324494294,29199.00,1
1777324494324,29228.00,1
1777324494354,29279.00,1
1777324494386,29199.00,1
1777324494418,29228.00,1
1777324494449,29199.00,1
1777324494482,29176.00,1
1777324494513,29128.00,1
1777324494543,29152.00,1
1777324494595,29210.00,1
1777324494625,29159.00,1
1777324494655,29130.00,1
1777324494686,29181.00,1
1777324494718,29157.00,1
1777324494750,29128.00,1
1777324494782,29128.00,1
1777324494815,29099.00,1
1777324494848,29128.00,1
1777324494880,29128.00,1
1777324494911,29179.00,1
1777324494945,29222.00,1
1777324494980,29222.00,1
1777324495014,29251.00,1
1777324495050,29251.00,1
1777324495082,29193.00,1
1777324495116,29273.00,1
1777324495150,29203.00,1
1777324495183,29283.00,1
1777324495217,29290.00,1
1777324495254,29268.00,1
1777324495289,29232.00,1
1777324495325,29279.00,1
1777324495363,29654.00,1
1777324495396,29763.00,1
1777324495430,29843.00,1
1777324495465,29789.00,1
1777324495501,29709.00,1
1777324495535,29654.00,1
1777324495569,29891.00,1
1777324495605,29825.00,1
1777324495642,30000.00,1
1777324495678,30013.00,1
1777324495716,29894.00,1
1777324495801,29615.00,1
1777324495828,29586.00,1
1777324495857,29558.00,1
1777324495887,29622.00,1
1777324495916,29644.00,1
1777324495966,29615.00,1
1777324495996,29651.00,1
1777324496026,29651.00,1
1777324496055,29651.00,1
1777324496085,29651.00,1
1777324496137,29651.00,1
1777324496167,29622.00,1
1777324496198,29622.00,1
1777324496228,29596.00,1
1777324496258,29596.00,1
1777324496287,29625.00,1
1777324496318,29625.00,1
1777324496349,29625.00,1
1777324496401,29625.00,1
1777324496432,29625.00,1
1777324496463,29600.00,1
1777324496494,29625.00,1
1777324496524,29625.00,1
1777324496553,29625.00,1
1777324496585,29625.00,1
1777324496616,29625.00,1
1777324496648,29577.00,1
1777324496681,29576.00,1
1777324496713,29605.00,1
1777324496766,29556.00,1
1777324496798,29547.00,1
1777324496830,29542.00,1
1777324496862,29621.00,1
1777324496894,29590.00,1
1777324496927,29606.00,1
1777324496959,29589.00,1
1777324496991,29621.00,1
1777324497024,29650.00,1
1777324497057,29665.00,1
1777324497089,29636.00,1
1777324497122,29607.00,1
1777324497155,29607.00,1
1777324497191,29607.00,1
1777324497227,29636.00,1
1777324497260,29605.00,1
1777324497293,29605.00,1
1777324497329,29605.00,1
1777324497364,29576.00,1
1777324497398,29547.00,1
1777324497434,29554.00,1
1777324497470,29560.00,1
1777324497504,29560.00,1
1777324497540,29560.00,1
1777324497574,29502.00,1
1777324497610,29502.00,1
1777324497646,29560.00,1
1777324497684,29637.00,1
1777324497719,29637.00,1
1777324497755,29579.00,1
1777324497789,29579.00,1
1777324497829,29579.00,1
1777324497864,29608.00,1
1777324497900,29629.00,1
1777324497935,29571.00,1
1777324497971,29571.00,1
1777324498006,29600.00,1
1777324498039,29600.00,1
1777324498073,29600.00,1
1777324498108,29577.00,1
1777324498145,29599.00,1
1777324498183,29670.00,1
1777324498219,29657.00,1
1777324498290,29468.00,1
1777324498316,29537.00,1
1777324498345,29595.00,1
1777324498374,29595.00,1
1777324498403,29595.00,1
1777324498433,29595.00,1
1777324498462,29646.00,1
1777324498513,29629.00,1
1777324498544,29629.00,1
1777324498574,29629.00,1
1777324498604,29629.00,1
1777324498635,29680.00,1
1777324498665,29680.00,1
1777324498696,29680.00,1
1777324498728,29725.00,1
1777324498780,29696.00,1
1777324498811,29696.00,1
1777324498842,29725.00,1
1777324498873,29725.00,1
1777324498906,29725.00,1
1777324498936,29686.00,1
1777324498966,29686.00,1
1777324498996,29686.00,1
1777324499027,29686.00,1
1777324499079,29686.00,1
1777324499114,29689.00,1
1777324499145,29624.00,1
1777324499177,29624.00,1
1777324499208,29653.00,1
1777324499242,29653.00,1
1777324499278,29653.00,1
1777324499314,29595.00,1
1777324499347,29595.00,1
1777324499379,29641.00,1
1777324499412,29670.00,1
1777324499446,29699.00,1
1777324499479,29731.00,1
1777324499510,29731.00,1
1777324499541,29699.00,1
1777324499573,29713.00,1
1777324499606,29713.00,1
1777324499638,29684.00,1
1777324499670,29684.00,1
1777324499703,29655.00,1
1777324499735,29684.00,1
1777324499768,29684.00,1
1777324499801,29696.00,1
1777324499834,29725.00,1
1777324499866,29725.00,1
1777324499898,29725.00,1
1777324499929,29725.00,1
1777324499962,29725.00,1
1777324499995,29737.00,1
1777324500030,29708.00,1
1777324500063,29708.00,1
1777324500096,29708.00,1
1777324500130,29708.00,1
1777324500164,29737.00,1
1777324500198,29726.00,1
1777324500232,29726.00,1
1777324500265,29745.00,1
1777324500299,29777.00,1
1777324500333,29748.00,1
1777324500368,29748.00,1
1777324500403,29748.00,1
1777324500437,29704.00,1
1777324500470,29704.00,1
1777324500504,29704.00,1
1777324500538,29733.00,1
1777324500574,29704.00,1
1777324500608,29675.00,1
1777324500642,29660.00,1
1777324500677,29689.00,1
1777324500712,29718.00,1
1777324500748,29766.00,1
1777324500787,29740.00,1
1777324500825,29820.00,1
1777324500862,30027.00,1
1777324500900,29925.00,1
1777324500937,29867.00,1
1777324500971,29947.00,1
1777324501007,29952.00,1
1777324501043,29901.00,1
1777324501078,29901.00,1
1777324501115,29872.00,1
1777324501152,29872.00,1
1777324501187,29923.00,1
1777324501222,29981.00,1
1777324501259,30016.00,1
1777324501294,29958.00,1
1777324501330,29930.00,1
1777324501369,29907.00,1
1777324501406,29987.00,1
1777324501448,29936.00,1
1777324501488,29920.00,1
1777324501586,30029.00,1
1777324501613,29869.00,1
1777324501639,29869.00,1
1777324501667,29686.00,1
1777324501694,29686.00,1
1777324501744,29657.00,1
1777324501772,29703.00,1
1777324501800,29708.00,1
1777324501829,29684.00,1
1777324501858,29702.00,1
1777324501908,29638.00,1
1777324501937,29638.00,1
1777324501966,29678.00,1
1777324501995,29689.00,1
1777324502023,29689.00,1
1777324502073,29609.00,1
1777324502102,29627.00,1
1777324502131,29627.00,1
1777324502161,29678.00,1
1777324502191,29707.00,1
1777324502241,29656.00,1
1777324502271,29656.00,1
1777324502300,29776.00,1
1777324502330,29800.00,1
1777324502360,29829.00,1
1777324502390,29829.00,1
1777324502440,29800.00,1
1777324502470,29800.00,1
1777324502501,29771.00,1
1777324502532,29752.00,1
1777324502563,29781.00,1
1777324502594,29781.00,1
1777324502625,29781.00,1
1777324502656,29807.00,1
1777324502688,29752.00,1
1777324502741,29737.00,1
1777324502773,29737.00,1
1777324502805,29737.00,1
1777324502838,29760.00,1
1777324502869,29788.00,1
1777324502902,29788.00,1
1777324502935,29821.00,1
1777324502967,29821.00,1
1777324503000,29792.00,1
1777324503033,29792.00,1
1777324503066,29763.00,1
1777324503099,29763.00,1
1777324503133,29792.00,1
1777324503167,29694.00,1
1777324503200,29665.00,1
1777324503234,29665.00,1
1777324503269,29745.00,1
1777324503310,29716.00,1
1777324503344,29687.00,1
1777324503378,29872.00,1
1777324503413,29872.00,1
1777324503448,29831.00,1
1777324503481,29792.00,1
1777324503516,29843.00,1
1777324503551,29843.00,1
1777324503586,29714.00,1
1777324503621,29725.00,1
1777324503660,29805.00,1
1777324503695,29747.00,1
1777324503730,29747.00,1
1777324503766,29747.00,1
1777324503803,29805.00,1
1777324503839,29805.00,1
1777324503875,29747.00,1
1777324503911,29747.00,1
1777324503947,29776.00,1
1777324503984,29817.00,1
1777324504021,29817.00,1
1777324504058,29759.00,1
1777324504099,29842.00,1
1777324504135,29897.00,1
1777324504174,29868.00,1
1777324504212,29732.00,1
1777324504250,29761.00,1
1777324504290,29761.00,1
1777324504330,29732.00,1
1777324504368,29761.00,1
1777324504408,29841.00,1
1777324504445,29812.00,1
1777324504484,29783.00,1
1777324504524,29782.00,1
1777324504564,29841.00,1
1777324504604,29783.00,1
1777324504643,29856.00,1
1777324504682,29885.00,1
1777324504721,29776.00,1
1777324504804,29553.00,1
1777324504830,29524.00,1
1777324504858,29524.00,1
1777324504907,29502.00,1
1777324504935,29532.00,1
1777324504963,29553.00,1
1777324504991,29553.00,1
1777324505040,29535.00,1
1777324505070,29521.00,1
1777324505098,29557.00,1
1777324505127,29560.00,1
1777324505155,29556.00,1
1777324505204,29578.00,1
1777324505233,29561.00,1
1777324505261,29561.00,1
1777324505291,29561.00,1
1777324505320,29590.00,1
1777324505371,29561.00,1
1777324505401,29532.00,1
1777324505431,29532.00,1
1777324505460,29434.00,1
1777324505491,29463.00,1
1777324505521,29463.00,1
1777324505551,29492.00,1
1777324505603,29521.00,1
1777324505633,29521.00,1
1777324505664,29641.00,1
1777324505694,29641.00,1
1777324505725,29641.00,1
1777324505757,29692.00,1
1777324505788,29692.00,1
1777324505819,29641.00,1
1777324505850,29554.00,1
1777324505884,29528.00,1
1777324505936,29610.00,1
1777324505968,29610.00,1
1777324505999,29552.00,1
1777324506030,29581.00,1
1777324506062,29552.00,1
1777324506094,29583.00,1
1777324506126,29612.00,1
1777324506160,29663.00,1
1777324506191,29603.00,1
1777324506224,29612.00,1
1777324506257,29612.00,1
1777324506288,29660.00,1
1777324506321,29612.00,1
1777324506353,29612.00,1
1777324506387,29612.00,1
1777324506420,29583.00,1
1777324506455,29634.00,1
1777324506488,29634.00,1
1777324506524,29472.00,1
1777324506558,29608.00,1
1777324506591,29688.00,1
1777324506624,29637.00,1
1777324506659,29637.00,1
1777324506691,29579.00,1
1777324506724,29915.00,1
1777324506760,29944.00,1
1777324506796,29973.00,1
1777324506831,30004.00,1
1777324506866,29973.00,1
1777324506901,29944.00,1
1777324506939,29893.00,1
1777324506975,29893.00,1
1777324507009,29871.00,1
1777324507043,29871.00,1
1777324507083,30002.00,1
1777324507119,29922.00,1
1777324507155,29833.00,1
1777324507190,29889.00,1
1777324507226,29889.00,1
1777324507261,29889.00,1
1777324507297,29831.00,1
1777324507335,29831.00,1
1777324507371,29836.00,1
1777324507407,29797.00,1
1777324507444,29848.00,1
1777324507485,29821.00,1
1777324507523,29877.00,1
1777324507560,29876.00,1
1777324507597,29830.00,1
1777324507634,29830.00,1
1777324507672,29808.00,1
1777324507709,29808.00,1
1777324507750,29881.00,1
1777324507838,29661.00,1
1777324507863,29691.00,1
1777324507888,29691.00,1
1777324507915,29720.00,1
1777324507944,29749.00,1
1777324507993,29618.00,1
1777324508023,29647.00,1
1777324508051,29647.00,1
1777324508080,29647.00,1
1777324508109,29646.00,1
1777324508160,29618.00,1
1777324508189,29623.00,1
1777324508220,29695.00,1
1777324508250,29695.00,1
1777324508279,29775.00,1
1777324508330,29753.00,1
1777324508361,29753.00,1
1777324508391,29754.00,1
1777324508422,29703.00,1
1777324508452,29745.00,1
1777324508482,29745.00,1
1777324508514,29774.00,1
1777324508545,29774.00,1
1777324508577,29774.00,1
1777324508629,29728.00,1
1777324508659,29648.00,1
1777324508688,29677.00,1
1777324508718,29677.00,1
1777324508750,29677.00,1
1777324508782,29677.00,1
1777324508812,29617.00,1
1777324508842,29656.00,1
1777324508872,29685.00,1
1777324508922,29605.00,1
1777324508952,29656.00,1
1777324508981,29656.00,1
1777324509010,29627.00,1
1777324509040,29701.00,1
1777324509091,29592.00,1
1777324509121,29592.00,1
1777324509152,29563.00,1
1777324509183,29613.00,1
1777324509215,29643.00,1
1777324509246,29627.00,1
1777324509276,29630.00,1
1777324509308,29608.00,1
1777324509342,29579.00,1
1777324509376,29659.00,1
1777324509407,29659.00,1
1777324509438,29659.00,1
1777324509469,29805.00,1
1777324509522,29776.00,1
1777324509555,29696.00,1
1777324509588,29725.00,1
1777324509621,29725.00,1
1777324509653,29687.00,1
1777324509685,29737.00,1
1777324509718,29766.00,1
1777324509752,29780.00,1
1777324509784,29860.00,1
1777324509819,29737.00,1
1777324509856,29737.00,1
1777324509892,29895.00,1
1777324509928,29895.00,1
1777324509963,29837.00,1
1777324510002,29837.00,1
1777324510036,29866.00,1
1777324510074,29917.00,1
1777324510110,29850.00,1
1777324510146,29746.00,1
1777324510181,29712.00,1
1777324510217,29771.00,1
1777324510253,29770.00,1
1777324510290,29889.00,1
1777324510329,29887.00,1
1777324510365,29887.00,1
1777324510402,29945.00,1
1777324510443,30007.00,1
1777324510480,29916.00,1
1777324510517,29931.00,1
1777324510562,29913.00,1
1777324510602,29855.00,1
1777324510638,29884.00,1
1777324510674,29964.00,1
1777324510708,29913.00,1
1777324510797,29573.00,1
1777324510821,29653.00,1
1777324510868,29605.00,1
1777324510896,29544.00,1
1777324510924,29574.00,1
1777324510952,29574.00,1
1777324511000,29656.00,1
1777324511028,29656.00,1
1777324511058,29656.00,1
1777324511087,29656.00,1
1777324511117,29628.00,1
1777324511147,29628.00,1
1777324511197,29616.00,1
1777324511228,29594.00,1
1777324511258,29594.00,1
1777324511288,29594.00,1
1777324511320,29594.00,1
1777324511349,29565.00,1
1777324511401,29488.00,1
1777324511433,29450.00,1
1777324511464,29450.00,1
1777324511495,29530.00,1
1777324511528,29501.00,1
1777324511558,29545.00,1
1777324511590,29545.00,1
1777324511622,29545.00,1
1777324511654,29600.00,1
1777324511687,29629.00,1
1777324511720,29629.00,1
1777324511751,29629.00,1
1777324511784,29629.00,1
1777324511817,29629.00,1
1777324511850,29524.00,1
1777324511884,29524.00,1
1777324511917,29553.00,1
1777324511950,29553.00,1
1777324511984,29529.00,1
1777324512017,29554.00,1
1777324512051,29608.00,1
1777324512084,29528.00,1
1777324512117,29557.00,1
1777324512151,29582.00,1
1777324512184,29607.00,1
1777324512217,29607.00,1
1777324512252,29607.00,1
1777324512285,29605.00,1
1777324512319,29605.00,1
1777324512354,29605.00,1
1777324512387,29545.00,1
1777324512418,29545.00,1
1777324512452,29567.00,1
1777324512487,29499.00,1
1777324512520,29499.00,1
1777324512555,29523.00,1
1777324512588,29557.00,1
1777324512622,29497.00,1
1777324512656,29497.00,1
1777324512691,29516.00,1
1777324512726,29465.00,1
1777324512762,29545.00,1
1777324512796,29549.00,1
1777324512832,29760.00,1
1777324512866,29727.00,1
1777324512902,29793.00,1
1777324512937,29673.00,1
1777324512972,29673.00,1
1777324513008,29702.00,1
1777324513043,29701.00,1
1777324513082,29752.00,1
1777324513117,29711.00,1
1777324513152,29711.00,1
1777324513186,29769.00,1
1777324513220,29817.00,1
1777324513260,29817.00,1
1777324513296,29708.00,1
1777324513332,29821.00,1
1777324513365,29850.00,1
1777324513400,29850.00,1
1777324513433,29824.00,1
1777324513470,29811.00,1
1777324513506,29753.00,1
1777324513541,29703.00,1
1777324513579,29754.00,1
1777324513614,29812.00,1
1777324513648,29841.00,1
1777324513685,29771.00,1
1777324513720,29771.00,1
1777324513755,29743.00,1
1777324513789,29743.00,1
1777324513828,29692.00,1
1777324513872,29652.00,1
1777324513907,29681.00,1
1777324513951,29835.00,1
1777324513992,29777.00,1
1777324514031,29755.00,1
1777324514069,29755.00,1
1777324514104,29672.00,1
1777324514136,29672.00,1
1777324514173,29660.00,1
1777324514214,29769.00,1
1777324514251,29769.00,1
1777324514296,29720.00,1
1777324514336,29749.00,1
1777324514374,29733.00,1
1777324514414,29704.00,1
1777324514456,29762.00,1
1777324514497,29724.00,1
1777324514537,29734.00,1
1777324514578,29692.00,1
1777324514620,29685.00,1
1777324514658,29714.00,1
1777324514770,29734.00,1
1777324514803,29393.00,1
1777324514834,29473.00,1
1777324514863,29524.00,1
1777324514892,29495.00,1
1777324514920,29464.00,1
1777324514951,29464.00,1
1777324515001,29515.00,1
1777324515031,29486.00,1
1777324515065,29464.00,1
1777324515096,29406.00,1
1777324515130,29423.00,1
1777324515165,29452.00,1
1777324515198,29450.00,1
1777324515231,29450.00,1
1777324515266,29461.00,1
1777324515299,29501.00,1
1777324515337,29544.00,1
1777324515372,29544.00,1
1777324515408,29552.00,1
1777324515443,29472.00,1
1777324515477,29501.00,1
1777324515512,29472.00,1
1777324515547,29383.00,1
1777324515581,29412.00,1
1777324515616,29441.00,1
1777324515651,29402.00,1
1777324515689,29429.00,1
1777324515724,29427.00,1
1777324515760,29507.00,1
1777324515795,29531.00,1
1777324515829,29680.00,1
1777324515865,29680.00,1
1777324515901,29709.00,1
1777324515938,29603.00,1
1777324515973,29753.00,1
1777324516008,29833.00,1
1777324516043,29794.00,1
1777324516079,29794.00,1
1777324516116,29736.00,1
1777324516156,29736.00,1
1777324516195,29752.00,1
1777324516231,29781.00,1
1777324516269,29699.00,1
1777324516304,29648.00,1
1777324516340,29677.00,1
1777324516375,29677.00,1
1777324516410,29788.00,1
1777324516446,29708.00,1
1777324516483,29720.00,1
1777324516521,29749.00,1
1777324516562,29829.00,1
1777324516604,29754.00,1
1777324516643,29748.00,1
1777324516682,29760.00,1
1777324516720,29702.00,1
1777324516758,29753.00,1
1777324516794,29811.00,1
1777324516831,29804.00,1
1777324516868,29741.00,1
1777324516908,29789.00,1
1777324516947,29818.00,1
1777324516986,29789.00,1
1777324517027,29798.00,1
1777324517066,29824.00,1
1777324517104,29745.00,1
1777324517145,29687.00,1
1777324517184,29745.00,1
1777324517226,29789.00,1
1777324517265,29760.00,1
1777324517304,29750.00,1
1777324517343,29750.00,1
1777324517382,29692.00,1
1777324517423,29743.00,1
1777324517459,29816.00,1
1777324517498,29758.00,1
1777324517538,29755.00,1
1777324517577,29784.00,1
1777324517616,29755.00,1
1777324517658,29754.00,1
1777324517697,29812.00,1
1777324517738,29752.00,1
1777324517777,29672.00,1
1777324517814,29701.00,1
1777324517853,29752.00,1
1777324517893,29746.00,1
1777324517933,29804.00,1
1777324517973,29792.00,1
1777324518010,29734.00,1
1777324518052,29785.00,1
1777324518093,29702.00,1
1777324518135,29622.00,1
1777324518174,29675.00,1
1777324518216,29675.00,1
1777324518268,29668.00,1
1777324518328,29761.00,1
1777324518420,29582.00,1
1777324518445,29611.00,1
1777324518469,29720.00,1
1777324518494,29662.00,1
1777324518539,29633.00,1
1777324518723,29139.00,1
1777324518876,28020.00,1
1777324518904,28007.00,1
1777324518931,27927.00,1
1777324518958,27960.00,1
1777324518985,28049.00,1
1777324519012,28049.00,1
1777324519060,28200.00,1
1777324519089,28216.00,1
1777324519118,28217.00,1
1777324519146,28216.00,1
1777324519174,28267.00,1
1777324519214,28200.00,1
1777324519242,28200.00,1
1777324519292,28188.00,1
1777324519323,28159.00,1
1777324519354,28159.00,1
1777324519384,28188.00,1
1777324519415,28239.00,1
1777324519445,28159.00,1
1777324519475,28175.00,1
1777324519507,28148.00,1
1777324519559,28148.00,1
1777324519589,28125.00,1
1777324519620,28177.00,1
1777324519650,28119.00,1
1777324519681,28148.00,1
1777324519712,28181.00,1
1777324519747,28261.00,1
1777324519779,28290.00,1
1777324519810,28341.00,1
1777324519842,28210.00,1
1777324519889,28239.00,1
1777324519924,28277.00,1
1777324519963,28226.00,1
1777324519995,28306.00,1
1777324520035,28335.00,1
1777324520073,28306.00,1
1777324520108,28241.00,1
1777324520148,28408.00,1
1777324520185,28466.00,1
1777324520218,28466.00,1
1777324520253,28408.00,1
1777324520290,28408.00,1
1777324520326,28437.00,1
1777324520360,28477.00,1
1777324520396,28477.00,1
1777324520431,28448.00,1
1777324520467,28419.00,1
1777324520503,28419.00,1
1777324520539,28413.00,1
1777324520578,28437.00,1
1777324520613,28379.00,1
1777324520649,28379.00,1
1777324520685,28299.00,1
1777324520721,28357.00,1
1777324520758,28453.00,1
1777324520794,28395.00,1
1777324520830,28395.00,1
1777324520864,28395.00,1
1777324520899,28424.00,1
1777324520933,28453.00,1
1777324520968,28477.00,1
1777324521008,28470.00,1
1777324521046,28499.00,1
1777324521084,28528.00,1
1777324521121,28557.00,1
1777324521156,28528.00,1
1777324521196,28444.00,1
1777324521235,28473.00,1
1777324521279,28495.00,1
1777324521319,28473.00,1
1777324521358,28502.00,1
1777324521397,28491.00,1
1777324521436,28520.00,1
1777324521479,28629.00,1
1777324521517,28571.00,1
1777324521555,28491.00,1
1777324521594,28520.00,1
1777324521633,28400.00,1
1777324521678,28422.00,1
1777324521716,28509.00,1
1777324521754,28400.00,1
1777324521789,28371.00,1
1777324521824,28431.00,1
1777324521861,28470.00,1
1777324521895,28489.00,1
1777324521931,28569.00,1
1777324521966,28511.00,1
1777324522003,28521.00,1
1777324522044,28364.00,1
1777324522087,28364.00,1
1777324522128,28364.00,1
1777324522169,28393.00,1
1777324522208,28410.00,1
1777324522247,28471.00,1
1777324522289,28500.00,1
1777324522329,28442.00,1
1777324522370,28522.00,1
1777324522473,27997.00,1
1777324522506,28019.00,1
1777324522536,28099.00,1
1777324522566,28099.00,1
1777324522596,28099.00,1
1777324522631,28106.00,1
1777324522683,28175.00,1
1777324522712,28146.00,1
1777324522738,28226.00,1
1777324522766,28284.00,1
1777324522795,28255.00,1
1777324522844,28175.00,1
1777324522872,28229.00,1
1777324522900,28200.00,1
1777324522928,28251.00,1
1777324522978,28280.00,1
1777324523007,28251.00,1
1777324523037,28229.00,1
1777324523065,28229.00,1
1777324523094,28169.00,1
1777324523142,28146.00,1
1777324523172,28169.00,1
1777324523204,28169.00,1
1777324523236,28147.00,1
1777324523266,28227.00,1
1777324523296,28268.00,1
1777324523328,28348.00,1
1777324523382,28326.00,1
1777324523414,28406.00,1
1777324523446,28377.00,1
1777324523479,28297.00,1
1777324523513,28549.00,1
1777324523545,28600.00,1
1777324523577,28680.00,1
1777324523608,28760.00,1
1777324523642,28811.00,1
1777324523674,28891.00,1
1777324523709,28929.00,1
1777324523741,29318.00,1
1777324523774,29427.00,1
1777324523809,29507.00,1
1777324523843,29558.00,1
1777324523876,29580.00,1
1777324523910,29580.00,1
1777324523943,29904.00,1
1777324523977,29891.00,1
1777324524016,29891.00,1
1777324524050,29920.00,1
1777324524084,29933.00,1
1777324524119,29920.00,1
1777324524156,29866.00,1
1777324524192,29836.00,1
1777324524228,29879.00,1
1777324524264,29945.00,1
1777324524298,29996.00,1
1777324524332,29967.00,1
1777324524368,29800.00,1
1777324524406,29800.00,1
1777324524439,29829.00,1
1777324524475,29829.00,1
1777324524511,29829.00,1
1777324524548,29771.00,1
1777324524583,29890.00,1
1777324524618,29919.00,1
1777324524654,29919.00,1
1777324524690,29919.00,1
1777324524729,29861.00,1
1777324524766,29890.00,1
1777324524801,29881.00,1
1777324524840,29881.00,1
1777324524876,29823.00,1
1777324524912,29852.00,1
1777324524949,29881.00,1
1777324524985,29853.00,1
1777324525023,29853.00,1
1777324525067,29846.00,1
1777324525105,29933.00,1
1777324525144,29882.00,1
1777324525182,29795.00,1
1777324525218,29830.00,1
1777324525257,29888.00,1
1777324525297,29881.00,1
1777324525333,29910.00,1
1777324525371,29939.00,1
1777324525408,29928.00,1
1777324525449,29848.00,1
1777324525488,29848.00,1
1777324525530,29957.00,1
1777324525570,29877.00,1
1777324525608,29848.00,1
1777324525648,29829.00,1
1777324525687,29771.00,1
1777324525730,29822.00,1
1777324525772,29880.00,1
1777324525811,29800.00,1
1777324525850,29920.00,1
1777324525969,29949.00,1
1777324526001,29818.00,1
1777324526027,29519.00,1
1777324526057,29519.00,1
1777324526088,29570.00,1
1777324526117,29570.00,1
1777324526150,29599.00,1
1777324526179,29599.00,1
1777324526229,29526.00,1
1777324526260,29475.00,1
1777324526293,29475.00,1
1777324526325,29526.00,1
1777324526356,29526.00,1
1777324526387,29555.00,1
1777324526417,29555.00,1
1777324526448,29524.00,1
1777324526477,29546.00,1
1777324526511,29575.00,1
1777324526543,29575.00,1
1777324526576,29575.00,1
1777324526609,29575.00,1
1777324526641,29597.00,1
1777324526692,29489.00,1
1777324526724,29540.00,1
1777324526755,29540.00,1
1777324526786,29569.00,1
1777324526818,29569.00,1
1777324526850,29540.00,1
1777324526883,29464.00,1
1777324526917,29442.00,1
1777324526951,29413.00,1
1777324526986,29442.00,1
1777324527019,29442.00,1
1777324527053,29493.00,1
1777324527087,29614.00,1
1777324527121,29643.00,1
1777324527155,29585.00,1
1777324527189,29563.00,1
1777324527225,29534.00,1
1777324527259,29563.00,1
1777324527294,29600.00,1
1777324527328,29629.00,1
1777324527364,29549.00,1
1777324527399,29520.00,1
1777324527435,29600.00,1
1777324527471,29680.00,1
1777324527510,29786.00,1
1777324527545,29699.00,1
1777324527581,29648.00,1
1777324527617,29648.00,1
1777324527652,29677.00,1
1777324527688,29728.00,1
1777324527725,29805.00,1
1777324527760,29776.00,1
1777324527794,29776.00,1
1777324527829,29805.00,1
1777324527863,29834.00,1
1777324527899,29834.00,1
1777324527934,29793.00,1
1777324527973,29844.00,1
1777324528007,29931.00,1
1777324528044,29931.00,1
1777324528083,29851.00,1
1777324528119,29793.00,1
1777324528156,29782.00,1
1777324528192,29760.00,1
1777324528229,29760.00,1
1777324528266,29702.00,1
1777324528307,29753.00,1
1777324528346,29761.00,1
1777324528384,29812.00,1
1777324528420,29783.00,1
1777324528457,29783.00,1
1777324528495,29812.00,1
1777324528532,29761.00,1
1777324528572,29785.00,1
1777324528613,29827.00,1
1777324528653,29872.00,1
1777324528692,29763.00,1
1777324528731,29789.00,1
1777324528774,29814.00,1
1777324528814,29756.00,1
1777324528853,29785.00,1
1777324528894,29734.00,1
1777324528934,29705.00,1
1777324528977,29756.00,1
1777324529016,29745.00,1
1777324529055,29687.00,1
1777324529094,29716.00,1
1777324529134,29716.00,1
1777324529177,29687.00,1
1777324529215,29889.00,1
1777324529255,29869.00,1
1777324529295,29811.00,1
1777324529339,29949.00,1
1777324529379,29920.00,1
1777324529419,29977.00,1
1777324529459,29955.00,1
1777324529499,29897.00,1
1777324529539,29977.00,1
1777324529579,30035.00,1
1777324529617,29788.00,1
1777324529658,29788.00,1
1777324529701,29897.00,1
1777324529741,29846.00,1
1777324529782,29737.00,1
1777324529821,29784.00,1
1777324529867,29755.00,1
1777324529911,29864.00,1
1777324529954,29806.00,1
1777324529994,29835.00,1
1777324530036,29857.00,1
1777324530077,29748.00,1
1777324530117,29777.00,1
1777324530159,29777.00,1
1777324530204,29748.00,1
1777324530245,29889.00,1
1777324530285,29809.00,1
1777324530326,29831.00,1
1777324530367,29889.00,1
1777324530445,29780.00,1
1777324530470,29543.00,1
1777324530499,29492.00,1
1777324530529,29514.00,1
1777324530558,29543.00,1
1777324530588,29543.00,1
1777324530620,29543.00,1
1777324530650,29594.00,1
1777324530702,29550.00,1
1777324530732,29563.00,1
1777324530762,29572.00,1
1777324530792,29601.00,1
1777324530822,29601.00,1
1777324530853,29652.00,1
1777324530904,29614.00,1
1777324530935,29665.00,1
1777324530967,29745.00,1
1777324530998,29665.00,1
1777324531029,29665.00,1
1777324531060,29665.00,1
1777324531091,29665.00,1
1777324531122,29906.00,1
1777324531154,29906.00,1
1777324531185,29906.00,1
1777324531218,29906.00,1
1777324531250,29935.00,1
1777324531282,29919.00,1
1777324531314,29945.00,1
1777324531368,29865.00,1
1777324531401,29865.00,1
1777324531435,29865.00,1
1777324531467,29865.00,1
1777324531501,29865.00,1
1777324531535,29910.00,1
1777324531567,29910.00,1
1777324531601,29910.00,1
1777324531635,29959.00,1
1777324531669,29968.00,1
1777324531704,29968.00,1
1777324531737,29922.00,1
1777324531773,29841.00,1
1777324531808,29894.00,1
1777324531846,29977.00,1
1777324531881,30128.00,1
1777324531923,30203.00,1
1777324531959,29956.00,1
1777324531997,30009.00,1
1777324532034,30117.00,1
1777324532071,30170.00,1
1777324532110,30089.00,1
1777324532147,30172.00,1
1777324532188,29765.00,1
1777324532225,29924.00,1
1777324532266,29948.00,1
1777324532306,30106.00,1
1777324532345,30109.00,1
1777324532385,29772.00,1
1777324532431,29854.00,1
1777324532470,29983.00,1
1777324532511,29956.00,1
1777324532552,30144.00,1
1777324532591,29794.00,1
1777324532625,29953.00,1
1777324532664,30111.00,1
1777324532701,30164.00,1
1777324532739,30193.00,1
1777324532780,30195.00,1
1777324532826,29821.00,1
1777324532865,29950.00,1
1777324532904,30003.00,1
1777324532942,30191.00,1
1777324532981,30030.00,1
1777324533025,29743.00,1
1777324533065,30006.00,1
1777324533105,30034.00,1
1777324533145,30113.00,1
1777324533190,30211.00,1
1777324533230,29848.00,1
1777324533271,30035.00,1
1777324533311,29932.00,1
1777324533356,29956.00,1
1777324533399,30219.00,1
1777324533441,29824.00,1
1777324533482,29982.00,1
1777324533527,29930.00,1
1777324533569,30132.00,1
1777324533610,30141.00,1
1777324533656,29779.00,1
1777324533699,30042.00,1
1777324533742,30071.00,1
1777324533784,30069.00,1
1777324533834,30155.00,1
1777324533876,29928.00,1
1777324533920,29956.00,1
1777324533966,30092.00,1
1777324534010,30087.00,1
1777324534053,30090.00,1
1777324534101,29751.00,1
1777324534145,30006.00,1
1777324534191,30062.00,1
1777324534235,30115.00,1
1777324534281,29903.00,1
1777324534329,30064.00,1
1777324534374,30063.00,1
1777324534422,30141.00,1
1777324534474,30249.00,1
1777324534521,29871.00,1
1777324534569,30024.00,1
1777324534617,30009.00,1
1777324534666,30265.00,1
1777324534713,29910.00,1
1777324534764,29996.00,1
1777324534812,30099.00,1
1777324534863,30236.00,1
1777324534919,29858.00,1
1777324535052,29729.00,1
1777324535086,29916.00,1
1777324535119,29559.00,1
1777324535152,29612.00,1
1777324535186,29644.00,1
1777324535221,29668.00,1
1777324535254,29696.00,1
1777324535289,29801.00,1
1777324535324,29454.00,1
1777324535359,29532.00,1
1777324535394,29615.00,1
1777324535430,29748.00,1
1777324535468,29856.00,1
1777324535504,29934.00,1
1777324535541,29641.00,1
1777324535578,29695.00,1
1777324535616,29628.00,1
1777324535655,29681.00,1
1777324535693,29826.00,1
1777324535730,29655.00,1
1777324535770,29595.00,1
1777324535815,29647.00,1
1777324535854,29868.00,1
1777324535892,29868.00,1
1777324535936,29896.00,1
1777324535984,29547.00,1
1777324536027,29678.00,1
1777324536066,29754.00,1
1777324536115,29761.00,1
1777324536153,29740.00,1
1777324536189,29693.00,1
1777324536229,29746.00,1
1777324536274,29821.00,1
1777324536316,29913.00,1
1777324536358,29966.00,1
1777324536398,29615.00,1
1777324536443,29738.00,1
1777324536485,29868.00,1
1777324536529,29860.00,1
1777324536571,29914.00,1
1777324536616,29727.00,1
1777324536657,29779.00,1
1777324536701,29804.00,1
1777324536750,29940.00,1
1777324536802,29683.00,1
1777324536852,29763.00,1
1777324536899,29736.00,1
1777324536947,29687.00,1
1777324536989,29683.00,1
1777324537033,29726.00,1
1777324537082,29705.00,1
1777324537126,29758.00,1
1777324537176,29786.00,1
1777324537225,29764.00,1
1777324537272,29812.00,1
1777324537319,29746.00,1
1777324537363,29815.00,1
1777324537412,29867.00,1
1777324537458,29693.00,1
1777324537504,29738.00,1
1777324537552,29716.00,1
1777324537599,29843.00,1
1777324537652,29667.00,1
1777324537701,29667.00,1
1777324537751,29850.00,1
1777324537798,29800.00,1
1777324537863,29694.00,1
1777324537916,29722.00,1
1777324537964,29744.00,1
1777324538015,29799.00,1
1777324538073,29628.00,1
1777324538123,29736.00,1
1777324538174,29863.00,1
1777324538223,29758.00,1
1777324538288,29709.00,1
1777324538336,29678.00,1
1777324538387,29651.00,1
1777324538439,29814.00,1
1777324538491,29780.00,1
1777324538543,29965.00,1
1777324538592,29697.00,1
1777324538643,29832.00,1
1777324538706,29695.00,1
1777324538759,29803.00,1
1777324538812,29720.00,1
1777324538862,29745.00,1
1777324538914,29766.00,1
1777324538965,29633.00,1
1777324539020,29791.00,1
1777324539075,29900.00,1
1777324539127,29676.00,1
1777324539226,29482.00,1
1777324539255,29557.00,1
1777324539286,29599.00,1
1777324539319,29408.00,1
1777324539352,29433.00,1
1777324539386,29508.00,1
1777324539418,29541.00,1
1777324539451,29433.00,1
1777324539486,29408.00,1
1777324539519,29516.00,1
1777324539553,29401.00,1
1777324539588,29523.00,1
1777324539622,29559.00,1
1777324539656,29426.00,1
1777324539691,29451.00,1
1777324539725,29345.00,1
1777324539761,29401.00,1
1777324539797,29433.00,1
1777324539835,29483.00,1
1777324539870,29566.00,1
1777324539904,29553.00,1
1777324539941,29627.00,1
1777324539978,29769.00,1
1777324540015,29933.00,1
1777324540053,29850.00,1
1777324540089,29682.00,1
1777324540127,29624.00,1
1777324540166,29733.00,1
1777324540208,29712.00,1
1777324540248,29750.00,1
1777324540287,29790.00,1
1777324540327,29748.00,1
1777324540367,29793.00,1
1777324540408,29936.00,1
1777324540447,29869.00,1
1777324540485,29731.00,1
1777324540525,29721.00,1
1777324540564,29687.00,1
1777324540608,29817.00,1
1777324540646,29896.00,1
1777324540685,29891.00,1
1777324540727,29767.00,1
1777324540768,29889.00,1
1777324540813,29882.00,1
1777324540854,29766.00,1
1777324540897,29817.00,1
1777324540941,29753.00,1
1777324540985,29946.00,1
1777324541028,29727.00,1
1777324541071,29790.00,1
1777324541116,29841.00,1
1777324541158,29765.00,1
1777324541211,29664.00,1
1777324541260,29805.00,1
1777324541304,29703.00,1
1777324541352,29845.00,1
1777324541399,29824.00,1
1777324541444,29867.00,1
1777324541487,29825.00,1
1777324541529,29887.00,1
1777324541577,29873.00,1
1777324541638,29674.00,1
1777324541688,29712.00,1
1777324541732,29715.00,1
1777324541779,29802.00,1
1777324541824,29907.00,1
1777324541869,29802.00,1
1777324541917,29961.00,1
1777324541962,29802.00,1
1777324542010,29880.00,1
1777324542056,29918.00,1
1777324542101,29754.00,1
1777324542152,29718.00,1
1777324542201,29713.00,1
1777324542251,29804.00,1
1777324542300,29679.00,1
1777324542350,29705.00,1
1777324542398,29676.00,1
1777324542452,29724.00,1
1777324542602,29310.00,1
1777324542643,29157.00,1
1777324542688,29017.00,1
1777324542732,28992.00,1
1777324542773,29017.00,1
1777324542814,29125.00,1
1777324542855,28967.00,1
1777324542899,29027.00,1
1777324542939,28967.00,1
1777324542977,29047.00,1
1777324543020,28959.00,1
1777324543065,29042.00,1
1777324543107,29043.00,1
1777324543148,28910.00,1
1777324543188,29049.00,1
1777324543227,29126.00,1
1777324543272,29043.00,1
1777324543319,28955.00,1
1777324543360,28846.00,1
1777324543406,28806.00,1
1777324543445,28972.00,1
1777324543492,29022.00,1
1777324543536,28961.00,1
1777324543577,28869.00,1
1777324543618,28828.00,1
1777324543664,28959.00,1
1777324543705,29002.00,1
1777324543746,29009.00,1
1777324543793,28919.00,1
1777324543835,28984.00,1
1777324543877,29080.00,1
1777324543920,28978.00,1
1777324543968,29085.00,1
1777324544013,29045.00,1
1777324544060,28948.00,1
1777324544102,29004.00,1
1777324544155,28847.00,1
1777324544200,29119.00,1
1777324544243,29127.00,1
1777324544287,29294.00,1
1777324544339,29189.00,1
1777324544384,29180.00,1
1777324544430,29264.00,1
1777324544474,29208.00,1
1777324544520,29375.00,1
1777324544575,29242.00,1
1777324544622,29425.00,1
1777324544665,29350.00,1
1777324544709,29399.00,1
1777324544757,29336.00,1
1777324544804,29396.00,1
1777324544848,29217.00,1
1777324544895,29250.00,1
1777324544941,29277.00,1
1777324544997,29219.00,1
1777324545042,29299.00,1
1777324545090,29384.00,1
1777324545134,29417.00,1
1777324545184,29375.00,1
1777324545234,29347.00,1
1777324545281,29277.00,1
1777324545329,29277.00,1
1777324545378,29376.00,1
1777324545541,29354.00,1
1777324545577,28848.00,1
1777324545610,28823.00,1
1777324545703,28540.00,1
1777324545737,28634.00,1
1777324545771,28620.00,1
1777324545806,28565.00,1
1777324545839,28492.00,1
1777324545875,28429.00,1
1777324545911,28468.00,1
1777324545953,28696.00,1
1777324545989,28592.00,1
1777324546025,28567.00,1
1777324546061,28546.00,1
1777324546098,28491.00,1
1777324546134,28476.00,1
1777324546169,28571.00,1
1777324546206,28586.00,1
1777324546242,28490.00,1
1777324546289,28543.00,1
1777324546327,28489.00,1
1777324546364,28462.00,1
1777324546403,28525.00,1
1777324546438,28478.00,1
1777324546476,28374.00,1
1777324546870,27145.00,1
1777324547295,24424.00,1
1777324547473,23410.00,1
1777324547505,23543.00,1
1777324547536,23677.00,1
1777324547575,23810.00,1
1777324547610,24100.00,1
1777324547645,24223.00,1
1777324547679,24198.00,1
1777324547716,24115.00,1
1777324547751,24115.00,1
1777324547786,24115.00,1
1777324547820,24190.00,1
1777324547856,24222.00,1
1777324547893,24064.00,1
1777324547929,24114.00,1
1777324547963,24114.00,1
1777324547999,24114.00,1
1777324548035,24016.00,1
1777324548072,24151.00,1
1777324548110,24126.00,1
1777324548149,24259.00,1
1777324548185,24101.00,1
1777324548222,24101.00,1
1777324548260,24097.00,1
1777324548296,24164.00,1
1777324548341,24139.00,1
1777324548378,24103.00,1
1777324548420,24117.00,1
1777324548458,24172.00,1
1777324548496,24149.00,1
1777324548534,24066.00,1
1777324548572,24133.00,1
1777324548609,24066.00,1
1777324548652,24126.00,1
1777324548691,24127.00,1
1777324548731,24060.00,1
1777324548773,24017.00,1
1777324548813,23998.00,1
1777324548862,24081.00,1
1777324548902,24112.00,1
1777324548943,24001.00,1
1777324548987,24062.00,1
1777324549025,24199.00,1
1777324549063,24138.00,1
1777324549105,24034.00,1
1777324549145,24128.00,1
1777324549188,24029.00,1
1777324549228,24128.00,1
1777324549267,24022.00,1
1777324549308,23973.00,1
1777324549357,24057.00,1
1777324549398,24154.00,1
1777324549439,24046.00,1
1777324549485,24129.00,1
1777324549530,24116.00,1
1777324549571,24116.00,1
1777324549611,23983.00,1
1777324549655,24140.00,1
1777324549695,24116.00,1
1777324549739,24058.00,1
1777324549781,23962.00,1
1777324549826,24068.00,1
1777324549868,23990.00,1
1777324549911,23940.00,1
1777324549959,24229.00,1
1777324550002,24214.00,1
1777324550044,24106.00,1
1777324550088,24056.00,1
1777324550129,24131.00,1
1777324550172,24106.00,1
1777324550216,24159.00,1
1777324550257,24184.00,1
1777324550297,24159.00,1
1777324550338,24292.00,1
1777324550381,24292.00,1
1777324550425,24177.00,1
1777324550468,24292.00,1
1777324550512,24509.00,1
1777324550556,24692.00,1
1777324550599,24451.00,1
1777324550646,24667.00,1
1777324550690,24825.00,1
1777324550735,24850.00,1
1777324550790,24909.00,1
1777324550837,24920.00,1
1777324550887,25054.00,1
1777324550933,25000.00,1
1777324550979,24970.00,1
1777324551023,24945.00,1
1777324551066,24983.00,1
1777324551117,25042.00,1
1777324551163,24983.00,1
1777324551211,25067.00,1
1777324551256,25092.00,1
1777324551301,24958.00,1
1777324551349,25015.00,1
1777324551395,24983.00,1
1777324551444,25042.00,1
1777324551489,25135.00,1
1777324551535,25218.00,1
1777324551585,25510.00,1
1777324551634,25643.00,1
1777324551686,26083.00,1
1777324551734,26241.00,1
1777324551786,26483.00,1
1777324551834,26641.00,1
1777324551886,27165.00,1
1777324551938,27084.00,1
1777324551990,27295.00,1
1777324552042,27566.00,1
1777324552092,28163.00,1
1777324552145,28379.00,1
1777324552195,28484.00,1
1777324552248,28776.00,1
1777324552299,29214.00,1
1777324552358,29348.00,1
1777324552410,29481.00,1
1777324552464,29723.00,1
1777324552519,30110.00,1
1777324552573,30052.00,1
1777324552629,29977.00,1
1777324552685,30002.00,1
1777324552739,30002.00,1
1777324552794,29979.00,1
1777324552849,30054.00,1
1777324552901,30054.00,1
1777324552957,30004.00,1
1777324553013,30135.00,1
1777324553066,30052.00,1
1777324553127,30135.00,1
1777324553298,29518.00,1
1777324553398,28975.00,1
1777324553434,28975.00,1
1777324553475,29083.00,1
1777324553513,29023.00,1
1777324553548,29105.00,1
1777324553580,29105.00,1
1777324553610,29131.00,1
1777324553647,29023.00,1
1777324553684,28973.00,1
1777324553718,29020.00,1
1777324553755,29037.00,1
1777324553791,29037.00,1
1777324553828,29067.00,1
1777324553866,29037.00,1
1777324553906,29095.00,1
1777324553942,29143.00,1
1777324553982,29010.00,1
1777324554019,28960.00,1
1777324554056,29010.00,1
1777324554093,29010.00,1
1777324554132,28960.00,1
1777324554175,29026.00,1
1777324554214,29051.00,1
1777324554258,29026.00,1
1777324554297,29051.00,1
1777324554339,29026.00,1
1777324554379,28972.00,1
1777324554418,28997.00,1
1777324554458,28864.00,1
1777324554499,28996.00,1
1777324554541,28972.00,1
1777324554585,29166.00,1
1777324554621,29198.00,1
1777324554657,29065.00,1
1777324554696,29090.00,1
1777324554740,29148.00,1
1777324554781,29195.00,1
1777324554823,29062.00,1
1777324554865,29012.00,1
1777324554905,29062.00,1
1777324554948,29031.00,1
1777324554988,29025.00,1
1777324555027,29025.00,1
1777324555070,28994.00,1
1777324555110,28996.00,1
1777324555155,28995.00,1
1777324555200,28931.00,1
1777324555249,28960.00,1
1777324555287,29045.00,1
1777324555326,29045.00,1
1777324555366,29010.00,1
1777324555406,29020.00,1
1777324555446,29051.00,1
1777324555490,28911.00,1
1777324555533,28893.00,1
1777324555577,28989.00,1
1777324555618,28945.00,1
1777324555658,29053.00,1
1777324555702,29124.00,1
1777324555745,29154.00,1
1777324555790,29021.00,1
1777324555834,29044.00,1
1777324555878,28955.00,1
1777324555921,29044.00,1
1777324555978,28955.00,1
1777324556023,29013.00,1
1777324556070,29097.00,1
1777324556113,29045.00,1
1777324556156,28994.00,1
1777324556205,29076.00,1
1777324556251,28991.00,1
1777324556297,28934.00,1
1777324556345,28952.00,1
1777324556396,28935.00,1
1777324556443,29016.00,1
1777324556488,28999.00,1
1777324556536,29070.00,1
1777324556587,28968.00,1
1777324556633,28968.00,1
1777324556681,29043.00,1
1777324556726,28987.00,1
1777324556775,29068.00,1
1777324556820,29043.00,1
1777324556867,29003.00,1
1777324556914,29044.00,1
1777324556961,29112.00,1
1777324557009,29082.00,1
1777324557057,28984.00,1
1777324557110,29138.00,1
1777324557163,29005.00,1
1777324557221,28852.00,1
1777324557270,28862.00,1
1777324557324,29088.00,1
1777324557377,29138.00,1
1777324557434,28897.00,1
1777324557488,28872.00,1
1777324557538,29029.00,1
1777324557590,29056.00,1
1777324557644,29056.00,1
1777324557760,28948.00,1
1777324557791,28669.00,1
1777324557819,28560.00,1
1777324557848,28694.00,1
1777324557877,28694.00,1
1777324557904,28827.00,1
1777324557953,28769.00,1
1777324557982,28648.00,1
1777324558010,28732.00,1
1777324558039,28757.00,1
1777324558067,28865.00,1
1777324558122,28732.00,1
1777324558158,28691.00,1
1777324558193,28897.00,1
1777324558227,29030.00,1
1777324558267,29119.00,1
1777324558303,29252.00,1
1777324558339,29214.00,1
1777324558380,29480.00,1
1777324558417,29733.00,1
1777324558454,29619.00,1
1777324558492,29650.00,1
1777324558530,29650.00,1
1777324558567,29565.00,1
1777324558604,29592.00,1
1777324558647,29679.00,1
1777324558694,29646.00,1
1777324558734,29677.00,1
1777324558774,29677.00,1
1777324558819,29698.00,1
1777324558859,29853.00,1
1777324558904,29639.00,1
1777324558946,29695.00,1
1777324558991,29716.00,1
1777324559030,29734.00,1
1777324559070,29650.00,1
1777324559114,29598.00,1
1777324559159,29580.00,1
1777324559200,29598.00,1
1777324559242,29598.00,1
1777324559287,29810.00,1
1777324559326,29650.00,1
1777324559365,29625.00,1
1777324559404,29677.00,1
1777324559447,29707.00,1
1777324559487,29823.00,1
1777324559537,29747.00,1
1777324559584,29848.00,1
1777324559625,29746.00,1
1777324559667,29751.00,1
1777324559710,29739.00,1
1777324559757,29624.00,1
1777324559801,29632.00,1
1777324559846,29636.00,1
1777324559896,29726.00,1
1777324559939,29671.00,1
1777324559985,29701.00,1
1777324560032,29800.00,1
1777324560077,29617.00,1
1777324560127,29699.00,1
1777324560174,29671.00,1
1777324560218,29932.00,1
1777324560259,29751.00,1
1777324560300,29792.00,1
1777324560343,29809.00,1
1777324560387,29690.00,1
1777324560431,29690.00,1
1777324560473,29665.00,1
1777324560519,29823.00,1
1777324560568,29696.00,1
1777324560613,29658.00,1
1777324560662,29735.00,1
1777324560709,29627.00,1
1777324560755,29734.00,1
1777324560806,29759.00,1
1777324560855,29843.00,1
1777324560899,29689.00,1
1777324560946,29849.00,1
1777324560994,29723.00,1
1777324561040,29716.00,1
1777324561089,29579.00,1
1777324561135,29616.00,1
1777324561184,29690.00,1
1777324561230,29658.00,1
1777324561280,29616.00,1
1777324561330,29646.00,1
1777324561380,29713.00,1
1777324561484,29537.00,1
1777324561593,29386.00,1
1777324561620,29441.00,1
1777324561651,29269.00,1
1777324561684,29341.00,1
1777324561718,29341.00,1
1777324561752,29272.00,1
1777324561786,29265.00,1
1777324561820,29332.00,1
1777324561854,29263.00,1
1777324562027,29233.00,1
1777324562063,28538.00,1
1777324562099,28405.00,1
1777324562133,28380.00,1
1777324562169,28513.00,1
1777324562210,28488.00,1
1777324562244,28566.00,1
1777324562281,28468.00,1
1777324562321,28576.00,1
1777324562357,28393.00,1
1777324562393,28443.00,1
1777324562428,28551.00,1
1777324562465,28417.00,1
1777324562502,28383.00,1
1777324562538,28501.00,1
1777324562576,28449.00,1
1777324562619,28361.00,1
1777324562657,28380.00,1
1777324562694,28532.00,1
1777324562730,28666.00,1
1777324562768,28753.00,1
1777324562808,28599.00,1
1777324562842,28691.00,1
1777324562879,28731.00,1
1777324562920,28674.00,1
1777324562962,28783.00,1
1777324563001,28724.00,1
1777324563038,28649.00,1
1777324563081,28722.00,1
1777324563117,28779.00,1
1777324563155,28859.00,1
1777324563195,28772.00,1
1777324563237,28819.00,1
1777324563279,28773.00,1
1777324563323,28789.00,1
1777324563365,28772.00,1
1777324563408,28678.00,1
1777324563455,28773.00,1
1777324563496,28762.00,1
1777324563537,28759.00,1
1777324563583,28792.00,1
1777324563627,28810.00,1
1777324563671,28887.00,1
1777324563715,28676.00,1
1777324563773,28712.00,1
1777324563822,28880.00,1
1777324563868,28754.00,1
1777324563911,28754.00,1
1777324563957,28888.00,1
1777324564000,28907.00,1
1777324564045,28795.00,1
1777324564090,28966.00,1
1777324564130,28941.00,1
1777324564172,28775.00,1
1777324564217,28835.00,1
1777324564258,28922.00,1
1777324564299,28768.00,1
1777324564344,28797.00,1
1777324564387,28808.00,1
1777324564429,28726.00,1
1777324564471,28711.00,1
1777324564516,28774.00,1
1777324564560,28724.00,1
1777324564611,28657.00,1
1777324564657,28778.00,1
1777324564700,28800.00,1
1777324564769,28723.00,1
1777324564823,28664.00,1
1777324564871,28781.00,1
1777324564917,28780.00,1
1777324564961,28773.00,1
1777324565006,28664.00,1
1777324565071,28807.00,1
1777324565116,28734.00,1
1777324565165,28761.00,1
1777324565210,28709.00,1
1777324565260,28736.00,1
1777324565312,28714.00,1
1777324565367,28698.00,1
1777324565413,28623.00,1
1777324565462,28707.00,1
1777324565509,28657.00,1
1777324565562,28741.00,1
1777324565609,28766.00,1
1777324565674,28783.00,1
1777324565726,28922.00,1
1777324565775,28838.00,1
1777324565826,28869.00,1
1777324565881,28672.00,1
1777324565932,28666.00,1
1777324565986,28792.00,1
1777324566035,28818.00,1
1777324566094,28750.00,1
1777324566146,28781.00,1
1777324566200,28781.00,1
1777324566257,28831.00,1
1777324566310,28783.00,1
1777324566366,28733.00,1
1777324566418,28808.00,1
1777324566472,28916.00,1
1777324566528,28809.00,1
1777324566582,28994.00,1
1777324566638,29027.00,1
1777324566701,29027.00,1
1777324566760,29038.00,1
1777324566817,29013.00,1
1777324566875,29121.00,1
1777324566946,29255.00,1
1777324567015,29698.00,1
1777324567074,29782.00,1
1777324567131,29698.00,1
1777324567196,29928.00,1
1777324567264,29876.00,1
1777324567332,29900.00,1
1777324567393,29820.00,1
1777324567450,29916.00,1
1777324567507,29957.00,1
1777324567574,29851.00,1
1777324567639,29953.00,1
1777324567702,29865.00,1
1777324567762,29856.00,1
1777324567821,29911.00,1
1777324567876,29790.00,1
1777324567932,29873.00,1
1777324567991,29893.00,1
1777324568049,30006.00,1
1777324568106,30009.00,1
1777324568159,29900.00,1
1777324568215,30009.00,1
1777324568273,30104.00,1
1777324568328,29974.00,1
1777324568387,29969.00,1
1777324568444,29925.00,1
1777324568500,29904.00,1
1777324568557,29887.00,1
1777324568623,29793.00,1
1777324568680,29927.00,1
1777324568737,30124.00,1
1777324568806,29896.00,1
1777324568863,29896.00,1
1777324568920,30030.00,1
1777324568982,30052.00,1
1777324569043,30011.00,1
1777324569098,29865.00,1
1777324569155,29947.00,1
1777324569219,29892.00,1
1777324569275,29867.00,1
1777324569332,29759.00,1
1777324569392,29842.00,1
1777324569461,29696.00,1
1777324569518,29706.00,1
1777324569575,29768.00,1
1777324569640,29818.00,1
1777324569696,29606.00,1
1777324569754,29556.00,1
1777324569810,29722.00,1
1777324569887,29689.00,1
1777324569942,29586.00,1
1777324569999,29618.00,1
1777324570057,29561.00,1
1777324570112,29747.00,1
1777324570166,29715.00,1
1777324570228,29790.00,1
1777324570309,29607.00,1
1777324570362,29666.00,1
1777324570418,29749.00,1
1777324570478,29749.00,1
1777324570533,29676.00,1
1777324570590,29574.00,1
1777324570651,29599.00,1
1777324570719,29491.00,1
1777324570775,29549.00,1
1777324570830,29549.00,1
1777324570885,29682.00,1
1777324570938,29616.00,1
1777324570998,29501.00,1
1777324571057,29634.00,1
1777324571112,29526.00,1
1777324571168,29634.00,1
1777324571223,29662.00,1
1777324571274,29603.00,1
1777324571328,29662.00,1
1777324571382,29662.00,1
1777324571435,29747.00,1
1777324571490,29772.00,1
1777324571560,29506.00,1
1777324571619,29506.00,1
1777324571675,29479.00,1
1777324571737,29587.00,1
1777324571792,29504.00,1
1777324571850,29479.00,1
1777324571904,29675.00,1
1777324571958,29675.00,1
1777324572010,29592.00,1
1777324572064,29542.00,1
1777324572118,29682.00,1
1777324572189,29574.00,1
1777324572243,29599.00,1
1777324572299,29599.00,1
1777324572353,29899.00,1
1777324572406,29740.00,1
1777324572462,29715.00,1
1777324572515,29607.00,1
1777324572577,29715.00,1
1777324572633,29715.00,1
1777324572688,29715.00,1
1777324572740,29651.00,1
1777324572792,29592.00,1
1777324572842,29700.00,1
1777324572896,29809.00,1
1777324572952,29851.00,1
1777324573004,29693.00,1
1777324573058,29668.00,1
1777324573111,29560.00,1
1777324573165,29693.00,1
1777324573218,29798.00,1
1777324573269,29648.00,1
1777324573333,29748.00,1
1777324573388,29798.00,1
1777324573458,29652.00,1
1777324573516,29753.00,1
1777324573573,29735.00,1
1777324573633,29735.00,1
1777324573698,29600.00,1
1777324573754,29550.00,1
1777324573810,29702.00,1
1777324573869,29710.00,1
1777324573924,29601.00,1
1777324573979,29576.00,1
1777324574037,29626.00,1
1777324574090,29566.00,1
1777324574147,29566.00,1
1777324574199,29483.00,1
1777324574256,29541.00,1
1777324574313,29626.00,1
1777324574370,29626.00,1
1777324574431,29734.00,1
1777324574506,29626.00,1
1777324574563,29689.00,1
1777324574619,29665.00,1
1777324574676,29773.00,1
1777324574730,29651.00,1
1777324574785,29626.00,1
1777324574841,29842.00,1
1777324574889,29734.00,1
1777324574946,29705.00,1
1777324575001,29872.00,1
1777324575074,29813.00,1
1777324575131,29738.00,1
1777324575187,29748.00,1
1777324575246,29882.00,1
1777324575307,29773.00,1
1777324575552,28549.00,1
1777324575593,28766.00,1
1777324575632,28816.00,1
1777324575667,28874.00,1
1777324575705,28874.00,1
1777324575742,28791.00,1
1777324575781,28952.00,1
1777324575819,28844.00,1
1777324575857,28710.00,1
1777324575901,28844.00,1
1777324575940,28927.00,1
1777324575978,28775.00,1
1777324576016,28716.00,1
1777324576055,28800.00,1
1777324576096,28908.00,1
1777324576135,28850.00,1
1777324576173,28919.00,1
1777324576213,28811.00,1
1777324576254,28811.00,1
1777324576295,28865.00,1
1777324576339,28869.00,1
1777324576376,28761.00,1
1777324576416,28811.00,1
1777324576457,28677.00,1
1777324576505,28869.00,1
1777324576547,28894.00,1
1777324576590,28811.00,1
1777324576632,28927.00,1
1777324576677,28902.00,1
1777324576718,28869.00,1
1777324576760,28819.00,1
1777324576804,29029.00,1
1777324576845,28971.00,1
1777324576886,28863.00,1
1777324576931,28974.00,1
1777324576973,28894.00,1
1777324577012,28916.00,1
1777324577051,28808.00,1
1777324577094,28783.00,1
1777324577134,28916.00,1
1777324577177,28891.00,1
1777324577219,28808.00,1
1777324577260,28874.00,1
1777324577306,28902.00,1
1777324577349,28869.00,1
1777324577391,28819.00,1
1777324577436,28819.00,1
1777324577476,28858.00,1
1777324577517,28905.00,1
1777324577561,28955.00,1
1777324577603,28797.00,1
1777324577644,28933.00,1
1777324577689,28825.00,1
1777324577738,28883.00,1
1777324577783,28825.00,1
1777324577830,28958.00,1
1777324577872,28837.00,1
1777324577913,28892.00,1
1777324577957,28787.00,1
1777324578005,28895.00,1
1777324578048,28837.00,1
1777324578096,28961.00,1
1777324578139,28828.00,1
1777324578184,28901.00,1
1777324578232,28886.00,1
1777324578277,28938.00,1
1777324578322,28829.00,1
1777324578379,28854.00,1
1777324578422,28829.00,1
1777324578468,29020.00,1
1777324578516,28941.00,1
1777324578562,28916.00,1
1777324578614,28883.00,1
1777324578662,28847.00,1
1777324578717,29049.00,1
1777324578766,29076.00,1
1777324578817,28993.00,1
1777324578872,28943.00,1
1777324578930,28968.00,1
1777324578978,28933.00,1
1777324579028,28933.00,1
1777324579075,28933.00,1
1777324579126,28938.00,1
1777324579174,28984.00,1
1777324579220,29014.00,1
1777324579270,29092.00,1
1777324579325,28934.00,1
1777324579376,28941.00,1
1777324579426,29124.00,1
1777324579473,29041.00,1
1777324579523,29208.00,1
1777324579574,29088.00,1
1777324579622,28955.00,1
1777324579673,28980.00,1
1777324579724,29113.00,1
1777324579776,29024.00,1
1777324579826,28924.00,1
1777324579877,29057.00,1
1777324579928,29032.00,1
1777324579984,28924.00,1
1777324580036,28976.00,1
1777324580086,29134.00,1
1777324580140,29084.00,1
1777324580195,28976.00,1
1777324580248,28953.00,1
1777324580300,29111.00,1
1777324580350,29295.00,1
1777324580407,29511.00,1
1777324580463,29974.00,1
1777324580516,30132.00,1
1777324580570,30132.00,1
1777324580625,30066.00,1
1777324580678,30091.00,1
1777324580733,30041.00,1
1777324580785,30041.00,1
1777324580841,30159.00,1
1777324580894,30051.00,1
1777324580945,30043.00,1
1777324581008,30001.00,1
1777324581063,30135.00,1
1777324581114,30077.00,1
1777324581168,30077.00,1
1777324581224,30160.00,1
1777324581399,29266.00,1
1777324581435,29375.00,1
1777324581466,29480.00,1
1777324581498,29400.00,1
1777324581530,29425.00,1
1777324581563,29425.00,1
1777324581596,29533.00,1
1777324581629,29558.00,1
1777324581662,29425.00,1
1777324581696,29400.00,1
1777324581730,29400.00,1
1777324581765,29508.00,1
1777324581799,29400.00,1
1777324581833,29440.00,1
1777324581867,29440.00,1
1777324581901,29331.00,1
1777324581936,29390.00,1
1777324581971,29390.00,1
1777324582007,29390.00,1
1777324582041,29408.00,1
1777324582077,29302.00,1
1777324582113,29277.00,1
1777324582153,29361.00,1
1777324582189,29386.00,1
1777324582225,29519.00,1
1777324582263,29544.00,1
1777324582298,29411.00,1
1777324582335,29361.00,1
1777324582372,29411.00,1
1777324582408,29302.00,1
1777324582446,29334.00,1
1777324582491,29322.00,1
1777324582530,29427.00,1
1777324582568,29322.00,1
1777324582606,29322.00,1
1777324582644,29347.00,1
1777324582682,29411.00,1
1777324582725,29386.00,1
1777324582765,29411.00,1
1777324582804,29302.00,1
1777324582844,29334.00,1
1777324582884,29334.00,1
1777324582928,29411.00,1
1777324582967,29494.00,1
1777324583007,29386.00,1
1777324583048,29411.00,1
1777324583093,29333.00,1
1777324583134,29391.00,1
1777324583176,29337.00,1
1777324583219,29282.00,1
1777324583263,29336.00,1
1777324583305,29363.00,1
1777324583345,29302.00,1
1777324583389,29462.00,1
1777324583431,29519.00,1
1777324583474,29406.00,1
1777324583519,29352.00,1
1777324583566,29383.00,1
1777324583608,29363.00,1
1777324583649,29388.00,1
1777324583697,29384.00,1
1777324583737,29289.00,1
1777324583785,29323.00,1
1777324583830,29506.00,1
1777324583873,29340.00,1
1777324583916,29398.00,1
1777324583965,29371.00,1
1777324584008,29302.00,1
1777324584054,29346.00,1
1777324584097,29464.00,1
1777324584147,29242.00,1
1777324584195,29324.00,1
1777324584240,29283.00,1
1777324584286,29422.00,1
1777324584331,29525.00,1
1777324584389,29296.00,1
1777324584440,29290.00,1
1777324584486,29366.00,1
1777324584532,29345.00,1
1777324584577,29331.00,1
1777324584624,29493.00,1
1777324584669,29481.00,1
1777324584714,29262.00,1
1777324584761,29456.00,1
1777324584809,29392.00,1
1777324584856,29352.00,1
1777324584902,29289.00,1
1777324584949,29337.00,1
1777324584997,29456.00,1
1777324585042,29375.00,1
1777324585092,29533.00,1
1777324585138,29375.00,1
1777324585186,29483.00,1
1777324585237,29416.00,1
1777324585287,29366.00,1
1777324585335,29391.00,1
1777324585382,29282.00,1
1777324585452,29225.00,1
1777324585503,29341.00,1
1777324585553,29257.00,1
1777324585603,29282.00,1
1777324585653,29257.00,1
1777324585704,29270.00,1
1777324585762,29429.00,1
1777324585812,29320.00,1
1777324585866,29274.00,1
1777324585920,29263.00,1
1777324585973,29263.00,1
1777324586027,29580.00,1
1777324586082,29406.00,1
1777324586135,29489.00,1
1777324586186,29381.00,1
1777324586241,29406.00,1
1777324586296,29623.00,1
1777324586348,29867.00,1
1777324586404,29969.00,1
1777324586457,29867.00,1
1777324586515,29983.00,1
1777324586570,30033.00,1
1777324586625,30131.00,1
1777324586678,30033.00,1
1777324586733,30068.00,1
1777324586788,30068.00,1
1777324586843,30043.00,1
1777324586899,30056.00,1
1777324586952,30065.00,1
1777324587012,30015.00,1
1777324587069,30015.00,1
1777324587131,30014.00,1
1777324587189,29880.00,1
1777324587244,29989.00,1
1777324587313,30014.00,1
1777324587367,29865.00,1
1777324587424,29949.00,1
1777324587478,29920.00,1
1777324587556,29788.00,1
1777324587614,29832.00,1
1777324587672,29832.00,1
1777324587730,29857.00,1
1777324587787,29936.00,1
1777324587844,29852.00,1
1777324587900,29936.00,1
1777324587978,29859.00,1
1777324588034,29917.00,1
1777324588091,29927.00,1
1777324588150,29899.00,1
1777324588205,29776.00,1
1777324588261,29803.00,1
1777324588313,29801.00,1
1777324588369,29867.00,1
1777324588424,29781.00,1
1777324588476,29831.00,1
1777324588531,29885.00,1
1777324588609,29814.00,1
1777324588665,29978.00,1
1777324588719,29925.00,1
1777324588780,29849.00,1
1777324588837,29771.00,1
1777324588965,29496.00,1
1777324588992,29492.00,1
1777324589022,29343.00,1
1777324589054,29387.00,1
1777324589085,29412.00,1
1777324589117,29446.00,1
1777324589150,29580.00,1
1777324589182,29479.00,1
1777324589216,29418.00,1
1777324589249,29492.00,1
1777324589282,29399.00,1
1777324589315,29334.00,1
1777324589350,29463.00,1
1777324589384,29467.00,1
1777324589417,29412.00,1
1777324589452,29421.00,1
1777324589486,29519.00,1
1777324589521,29456.00,1
1777324589555,29395.00,1
1777324589591,29370.00,1
1777324589626,29361.00,1
1777324589660,29393.00,1
1777324589696,29428.00,1
1777324589731,29330.00,1
1777324589767,29368.00,1
1777324589803,29368.00,1
1777324589843,29414.00,1
1777324589880,29421.00,1
1777324589917,29396.00,1
1777324589953,29494.00,1
1777324589989,29419.00,1
1777324590026,29411.00,1
1777324590062,29282.00,1
1777324590100,29354.00,1
1777324590138,29354.00,1
1777324590178,29429.00,1
1777324590215,29379.00,1
1777324590253,29270.00,1
1777324590292,29352.00,1
1777324590330,29352.00,1
1777324590368,29327.00,1
1777324590410,29515.00,1
1777324590448,29484.00,1
1777324590488,29384.00,1
1777324590527,29393.00,1
1777324590568,29473.00,1
1777324590612,29476.00,1
1777324590652,29501.00,1
1777324590692,29476.00,1
1777324590733,29317.00,1
1777324590775,29401.00,1
1777324590816,29559.00,1
1777324590861,29401.00,1
1777324590901,29425.00,1
1777324590943,29400.00,1
1777324590985,29508.00,1
1777324591025,29400.00,1
1777324591071,29375.00,1
1777324591117,29450.00,1
1777324591159,29400.00,1
1777324591201,29518.00,1
1777324591246,29483.00,1
1777324591289,29375.00,1
1777324591332,29375.00,1
1777324591377,29346.00,1
1777324591420,29452.00,1
1777324591460,29479.00,1
1777324591499,29321.00,1
1777324591542,29346.00,1
1777324591582,29508.00,1
1777324591624,29400.00,1
1777324591668,29400.00,1
1777324591712,29400.00,1
1777324591754,29400.00,1
1777324591796,29566.00,1
1777324591841,29616.00,1
1777324591882,29468.00,1
1777324591923,29458.00,1
1777324591967,29541.00,1
1777324592016,29475.00,1
1777324592061,29367.00,1
1777324592108,29550.00,1
1777324592153,29417.00,1
1777324592198,29529.00,1
1777324592242,29472.00,1
1777324592287,29446.00,1
1777324592339,29392.00,1
1777324592391,29487.00,1
1777324592445,29606.00,1
1777324592497,29987.00,1
1777324592552,30132.00,1
1777324592613,30265.00,1
1777324592681,30122.00,1
1777324592738,30300.00,1
1777324592796,30404.00,1
1777324592851,30671.00,1
1777324592909,30518.00,1
1777324592965,30652.00,1
1777324593022,30835.00,1
1777324593078,30770.00,1
1777324593136,30908.00,1
1777324593193,31124.00,1
1777324593252,31258.00,1
1777324593312,31414.00,1
1777324593368,31164.00,1
1777324593431,31131.00,1
1777324593488,31181.00,1
1777324593544,30958.00,1
1777324593600,30764.00,1
1777324593658,30702.00,1
1777324593715,30560.00,1
1777324593772,30464.00,1
1777324593834,30410.00,1
1777324593892,30345.00,1
1777324593952,30475.00,1
1777324594011,30451.00,1
1777324594071,30413.00,1
1777324594131,30362.00,1
1777324594190,29993.00,1
1777324594253,29875.00,1
1777324594315,29899.00,1
1777324594375,29940.00,1
1777324594433,29583.00,1
1777324594493,29573.00,1
1777324594551,29539.00,1
1777324594608,29279.00,1
1777324594671,29227.00,1
1777324594729,29143.00,1
1777324594787,29234.00,1
1777324594846,28828.00,1
1777324594903,28833.00,1
1777324594960,28796.00,1
1777324595018,28804.00,1
1777324595083,28457.00,1
1777324595141,28416.00,1
1777324595202,28319.00,1
1777324595262,28036.00,1
1777324595324,27978.00,1
1777324595383,28060.00,1
1777324595441,27874.00,1
1777324595502,27636.00,1
1777324595563,27567.00,1
1777324595759,27515.00,1
1777324595794,26322.00,1
1777324595842,26636.00,1
1777324595885,26846.00,1
1777324595924,26862.00,1
1777324595960,26848.00,1
1777324595996,26594.00,1
1777324596031,26682.00,1
1777324596066,26700.00,1
1777324596102,26554.00,1
1777324596139,26541.00,1
1777324596174,26506.00,1
1777324596211,26405.00,1
1777324596246,26307.00,1
1777324596283,26254.00,1
1777324596318,26242.00,1
1777324596353,26100.00,1
1777324596389,26172.00,1
1777324596427,26136.00,1
1777324596464,25938.00,1
1777324596501,25948.00,1
1777324596536,25828.00,1
1777324597161,18978.00,1
1777324597202,19208.00,1
1777324597816,17816.00,1
1777324598270,14927.00,1
1777324598310,14713.00,1
1777324598353,14765.00,1
1777324598400,14943.00,1
1777324598441,15306.00,1
1777324598482,15522.00,1
1777324598527,15712.00,1
1777324598576,15915.00,1
1777324598617,16158.00,1
1777324598659,16529.00,1
1777324598706,16753.00,1
1777324598752,16956.00,1
1777324598797,17169.00,1
1777324598843,17608.00,1
1777324598890,17880.00,1
1777324598937,18066.00,1
1777324598985,18032.00,1
1777324599029,18267.00,1
1777324599214,18175.00,1
1777324599246,17708.00,1
1777324599279,17743.00,1
1777324599313,18143.00,1
1777324599342,18117.00,1
1777324599373,18217.00,1
1777324599405,18161.00,1
1777324599436,18331.00,1
1777324599470,18172.00,1
1777324599505,18115.00,1
1777324599538,18223.00,1
1777324599571,18153.00,1
1777324599604,18247.00,1
1777324599640,18130.00,1
1777324599675,18336.00,1
1777324599710,18256.00,1
1777324599749,18184.00,1
1777324599782,18286.00,1
1777324599819,18214.00,1
1777324599854,18313.00,1
1777324599890,18333.00,1
1777324599924,18225.00,1
1777324599961,18369.00,1
1777324599997,18288.00,1
1777324600034,18226.00,1
1777324600071,18341.00,1
1777324600108,18318.00,1
1777324600144,18418.00,1
1777324600182,18379.00,1
1777324600218,18252.00,1
1777324600256,18397.00,1
1777324600292,18370.00,1
1777324600329,18517.00,1
1777324600367,18442.00,1
1777324600403,18329.00,1
1777324600440,18486.00,1
1777324600478,18422.00,1
1777324600514,18573.00,1
1777324600552,18521.00,1
1777324600588,18430.00,1
1777324600627,18581.00,1
1777324600669,18724.00,1
1777324600707,18944.00,1
1777324600747,19120.00,1
1777324600786,19040.00,1
1777324600826,18794.00,1
1777324600869,18877.00,1
1777324600910,18432.00,1
1777324600950,18490.00,1
1777324600988,18488.00,1
1777324601026,18473.00,1
1777324601067,18505.00,1
1777324601108,18559.00,1
1777324601147,18515.00,1
1777324601188,18585.00,1
1777324601230,18470.00,1
1777324601271,18481.00,1
1777324601311,18527.00,1
1777324601355,18525.00,1
1777324601398,18534.00,1
1777324601441,18556.00,1
1777324601483,18445.00,1
1777324601525,18502.00,1
1777324601566,18630.00,1
1777324601607,18776.00,1
1777324601647,18876.00,1
1777324601688,19028.00,1
1777324601731,19195.00,1
1777324601778,19510.00,1
1777324601821,19648.00,1
1777324601864,19817.00,1
1777324601907,19962.00,1
1777324601949,20110.00,1
1777324601989,20462.00,1
1777324602032,20604.00,1
1777324602076,20749.00,1
1777324602122,20897.00,1
1777324602168,20907.00,1
1777324602217,20880.00,1
1777324602263,21038.00,1
1777324602308,21200.00,1
1777324602353,21361.00,1
1777324602397,21604.00,1
1777324602440,21802.00,1
1777324602485,22007.00,1
1777324602528,22165.00,1
1777324602571,22309.00,1
1777324602623,22656.00,1
1777324602667,22796.00,1
1777324602712,22976.00,1
1777324602756,23126.00,1
1777324602806,23295.00,1
1777324602851,23442.00,1
1777324602897,23582.00,1
1777324602941,23742.00,1
1777324602987,23903.00,1
1777324603033,24135.00,1
1777324603079,24380.00,1
1777324603125,24537.00,1
1777324603172,24699.00,1
1777324603217,24769.00,1
1777324603267,25147.00,1
1777324603314,25113.00,1
1777324603362,24986.00,1
1777324603409,24684.00,1
1777324603471,24515.00,1
1777324603520,23954.00,1
1777324603568,23722.00,1
1777324603617,23514.00,1
1777324603666,23279.00,1
1777324603717,23022.00,1
1777324603765,22732.00,1
1777324603815,22552.00,1
1777324603867,22241.00,1
1777324603916,21980.00,1
1777324603966,21610.00,1
1777324604018,21570.00,1
1777324604074,21634.00,1
1777324604125,21849.00,1
1777324604176,22049.00,1
1777324604226,22232.00,1
1777324604285,21901.00,1
1777324604337,21651.00,1
1777324604392,21693.00,1
1777324604450,21665.00,1
1777324604502,21611.00,1
1777324604555,21650.00,1
1777324604609,21594.00,1
1777324604661,21683.00,1
1777324604713,21614.00,1
1777324604766,21617.00,1
1777324604817,21542.00,1
1777324604869,21629.00,1
1777324604919,21564.00,1
1777324604970,21574.00,1
1777324605021,21635.00,1
1777324605073,21580.00,1
1777324605130,21608.00,1
1777324605181,21498.00,1
1777324605233,21592.00,1
1777324605285,21518.00,1
1777324605339,21554.00,1
1777324605392,21549.00,1
1777324605444,21487.00,1
1777324605496,21530.00,1
1777324605547,21459.00,1
1777324605605,21502.00,1
1777324605660,21385.00,1
1777324605711,21490.00,1
1777324605761,21504.00,1
1777324605811,21395.00,1
1777324605861,21404.00,1
1777324605913,21429.00,1
1777324605969,21467.00,1
1777324606022,21385.00,1
1777324606075,21415.00,1
1777324606125,21445.00,1
1777324606178,21362.00,1
1777324606229,21349.00,1
1777324606280,21400.00,1
1777324606336,21424.00,1
1777324606393,21341.00,1
1777324606446,21328.00,1
1777324606499,21388.00,1
1777324606555,21277.00,1
1777324606608,21317.00,1
1777324606666,21388.00,1
1777324606719,21188.00,1
1777324606770,21290.00,1
1777324606833,21318.00,1
1777324606883,21308.00,1
1777324606933,21234.00,1
1777324606984,21265.00,1
1777324607043,21264.00,1
1777324607096,21263.00,1
1777324607146,21318.00,1
1777324607197,21200.00,1
1777324607249,21144.00,1
1777324607299,21193.00,1
1777324607350,21218.00,1
1777324607399,21251.00,1
1777324607462,21285.00,1
1777324607511,21093.00,1
1777324607562,21159.00,1
1777324607612,21183.00,1
1777324607673,21203.00,1
1777324607723,21177.00,1
1777324607775,21233.00,1
1777324607826,21250.00,1
1777324607883,21090.00,1
1777324607933,21090.00,1
1777324608112,21128.00,1
1777324608141,20559.00,1
1777324608176,20931.00,1
1777324608210,21175.00,1
1777324608245,21108.00,1
1777324608277,21054.00,1
1777324608308,21146.00,1
1777324608342,21135.00,1
1777324608375,21071.00,1
1777324608408,21174.00,1
1777324608441,21107.00,1
1777324608477,21257.00,1
1777324608511,21169.00,1
1777324608546,21132.00,1
1777324608581,21073.00,1
1777324608621,21222.00,1
1777324608655,21156.00,1
1777324608692,21123.00,1
1777324608728,21132.00,1
1777324608764,21263.00,1
1777324608799,21157.00,1
1777324608836,21141.00,1
1777324608874,21276.00,1
1777324608911,21212.00,1
1777324608953,21170.00,1
1777324608989,21200.00,1
1777324609028,21307.00,1
1777324609069,21315.00,1
1777324609109,21237.00,1
1777324609149,21183.00,1
1777324609189,21329.00,1
1777324609227,21275.00,1
1777324609268,21266.00,1
1777324609308,21237.00,1
1777324609349,21378.00,1
1777324609388,21265.00,1
1777324609429,21293.00,1
1777324609471,21246.00,1
1777324609512,21394.00,1
1777324609555,21331.00,1
1777324609594,21260.00,1
1777324609637,21299.00,1
1777324609682,21257.00,1
1777324609726,21424.00,1
1777324609767,21368.00,1
1777324609808,21292.00,1
1777324609853,21329.00,1
1777324609897,21304.00,1
1777324609940,21282.00,1
1777324609983,21427.00,1
1777324610024,21413.00,1
1777324610068,21398.00,1
1777324610110,21317.00,1
1777324610154,21338.00,1
1777324610197,21484.00,1
1777324610250,21437.00,1
1777324610294,21456.00,1
1777324610338,21449.00,1
1777324610381,21426.00,1
1777324610426,21393.00,1
1777324610467,21366.00,1
1777324610511,21524.00,1
1777324610557,21491.00,1
1777324610601,21464.00,1
1777324610647,21438.00,1
1777324610689,21407.00,1
1777324610735,21411.00,1
1777324610781,21384.00,1
1777324610826,21540.00,1
1777324610875,21517.00,1
1777324610922,21517.00,1
1777324610964,21495.00,1
1777324611007,21482.00,1
1777324611053,21429.00,1
1777324611097,21423.00,1
1777324611144,21571.00,1
1777324611191,21580.00,1
1777324611236,21554.00,1
1777324611282,21543.00,1
1777324611327,21528.00,1
1777324611373,21515.00,1
1777324611418,21460.00,1
1777324611463,21616.00,1
1777324611507,21584.00,1
1777324611553,21592.00,1
1777324611614,21544.00,1
1777324611661,21511.00,1
1777324611714,21588.00,1
1777324611765,21515.00,1
1777324611815,21495.00,1
1777324611861,21512.00,1
1777324611907,21479.00,1
1777324611953,21578.00,1
1777324612001,21646.00,1
1777324612048,21619.00,1
1777324612095,21626.00,1
1777324612144,21589.00,1
1777324612192,21586.00,1
1777324612240,21640.00,1
1777324612286,21596.00,1
1777324612334,21575.00,1
1777324612385,21549.00,1
1777324612434,21728.00,1
1777324612483,21742.00,1
1777324612531,21738.00,1
1777324612592,21512.00,1
1777324612642,21692.00,1
1777324612693,21741.00,1
1777324612743,21748.00,1
1777324612801,21518.00,1
1777324612852,21687.00,1
1777324612906,21717.00,1
1777324612960,21530.00,1
1777324613011,21700.00,1
1777324613062,21902.00,1
1777324613113,22115.00,1
1777324613164,22108.00,1
1777324613225,21560.00,1
1777324613276,21535.00,1
1777324613328,21636.00,1
1777324613379,21572.00,1
1777324613431,21658.00,1
1777324613482,21509.00,1
1777324613533,21589.00,1
1777324613584,21549.00,1
1777324613645,21569.00,1
1777324613695,21479.00,1
1777324613747,21565.00,1
1777324613798,21515.00,1
1777324613850,21495.00,1
1777324613903,21437.00,1
1777324613958,21457.00,1
1777324614009,21535.00,1
1777324614062,21432.00,1
1777324614113,21452.00,1
1777324614165,21478.00,1
1777324614218,21408.00,1
1777324614272,21429.00,1
1777324614324,21450.00,1
1777324614376,21475.00,1
1777324614427,21343.00,1
1777324614626,20846.00,1
1777324614659,20705.00,1
1777324614694,20855.00,1
1777324614735,21024.00,1
1777324614777,21298.00,1
1777324614814,21415.00,1
1777324614849,21372.00,1
1777324614884,21301.00,1
1777324614919,21287.00,1
1777324614953,21240.00,1
1777324614988,21388.00,1
1777324615022,21339.00,1
1777324615058,21331.00,1
1777324615091,21323.00,1
1777324615129,21275.00,1
1777324615164,21378.00,1
1777324615201,21375.00,1
1777324615236,21326.00,1
1777324615274,21311.00,1
1777324615309,21234.00,1
1777324615346,21398.00,1
1777324615381,21335.00,1
1777324615417,21325.00,1
1777324615454,21273.00,1
1777324615493,21265.00,1
1777324615530,21242.00,1
1777324615569,21401.00,1
1777324615605,21353.00,1
1777324615645,21366.00,1
1777324615683,21317.00,1
1777324615720,21298.00,1
1777324615758,21299.00,1
1777324615796,21251.00,1
1777324615836,21406.00,1
1777324615876,21395.00,1
1777324615917,21381.00,1
1777324615955,21325.00,1
1777324615994,21313.00,1
1777324616033,21320.00,1
1777324616072,21273.00,1
1777324616113,21409.00,1
1777324616155,21397.00,1
1777324616194,21358.00,1
1777324616237,21358.00,1
1777324616277,21349.00,1
1777324616317,21355.00,1
1777324616356,21300.00,1
1777324616396,21318.00,1
1777324616437,21307.00,1
1777324616477,21396.00,1
1777324616518,21397.00,1
1777324616566,21385.00,1
1777324616607,21396.00,1
1777324616649,21385.00,1
1777324616690,21332.00,1
1777324616731,21464.00,1
1777324616777,21459.00,1
1777324616820,21458.00,1
1777324616862,21434.00,1
1777324616903,21391.00,1
1777324616943,21455.00,1
1777324616986,21396.00,1
1777324617030,21406.00,1
1777324617073,21372.00,1
1777324617115,21356.00,1
1777324617157,21494.00,1
1777324617201,21476.00,1
1777324617243,21482.00,1
1777324617286,21442.00,1
1777324617329,21435.00,1
1777324617370,21368.00,1
1777324617415,21402.00,1
1777324617456,21392.00,1
1777324617498,21519.00,1
1777324617540,21520.00,1
1777324617583,21468.00,1
1777324617631,21478.00,1
1777324617675,21417.00,1
1777324617720,21402.00,1
1777324617762,21503.00,1
1777324617807,21525.00,1
1777324617851,21569.00,1
1777324617896,21483.00,1
1777324617944,21487.00,1
1777324617989,21444.00,1
1777324618045,21415.00,1
1777324618090,21444.00,1
1777324618137,21424.00,1
1777324618182,21622.00,1
1777324618233,21574.00,1
1777324618281,21580.00,1
1777324618328,21577.00,1
1777324618374,21524.00,1
1777324618422,21543.00,1
1777324618472,21550.00,1
1777324618523,21512.00,1
1777324618571,21531.00,1
1777324618622,21489.00,1
1777324618680,21532.00,1
1777324618728,21508.00,1
1777324618777,21525.00,1
1777324618825,21516.00,1
1777324618877,21506.00,1
1777324618926,21453.00,1
1777324618976,21685.00,1
1777324619026,21669.00,1
1777324619081,21651.00,1
1777324619131,21669.00,1
1777324619185,21673.00,1
1777324619235,21665.00,1
1777324619293,21683.00,1
1777324619343,21652.00,1
1777324619394,21664.00,1
1777324619445,21707.00,1
1777324619504,21666.00,1
1777324619559,21890.00,1
1777324619611,22090.00,1
1777324619662,22093.00,1
1777324619715,22124.00,1
1777324619769,22064.00,1
1777324619820,21632.00,1
1777324619871,21671.00,1
1777324619923,21608.00,1
1777324619974,21664.00,1
1777324620027,21585.00,1
1777324620078,21631.00,1
1777324620130,21575.00,1
1777324620182,21606.00,1
1777324620233,21540.00,1
1777324620284,21574.00,1
1777324620343,21499.00,1
1777324620395,21549.00,1
1777324620446,21505.00,1
1777324620496,21538.00,1
1777324620549,21618.00,1
1777324620599,21481.00,1
1777324620649,21504.00,1
1777324620699,21579.00,1
1777324620757,21467.00,1
1777324620809,21500.00,1
1777324620859,21516.00,1
1777324620910,21442.00,1
1777324620963,21455.00,1
1777324621017,21473.00,1
1777324621068,21430.00,1
1777324621118,21458.00,1
1777324621174,21485.00,1
1777324621225,21356.00,1
1777324621276,21405.00,1
1777324621328,21427.00,1
1777324621384,21351.00,1
1777324621436,21335.00,1
1777324621487,21388.00,1
1777324621542,21437.00,1
1777324621595,21283.00,1
1777324621648,21317.00,1
1777324621700,21354.00,1
1777324621751,21394.00,1
1777324621803,21301.00,1
1777324621854,21289.00,1
1777324621904,21327.00,1
1777324621957,21339.00,1
1777324622015,21242.00,1
1777324622068,21212.00,1
1777324622119,21239.00,1
1777324622172,21291.00,1
1777324622225,21265.00,1
1777324622279,21184.00,1
1777324622330,21236.00,1
1777324622383,21307.00,1
1777324622442,21154.00,1
1777324622494,21158.00,1
1777324622547,21188.00,1
1777324622610,21254.00,1
1777324622689,21081.00,1
1777324622751,21112.00,1
1777324622804,21129.00,1
1777324622861,21157.00,1
1777324622914,21141.00,1
1777324622967,21181.00,1
1777324623021,21209.00,1
1777324623073,21109.00,1
1777324623125,21094.00,1
1777324623177,21076.00,1
1777324623228,21129.00,1
1777324623279,21154.00,1
1777324623330,21096.00,1
1777324623380,21142.00,1
1777324623433,21117.00,1
1777324623490,21081.00,1
1777324623547,21135.00,1
1777324623600,21042.00,1
1777324623666,21023.00,1
1777324623723,21018.00,1
1777324623776,21020.00,1
1777324623829,21109.00,1
1777324623883,21078.00,1
1777324623935,21081.00,1
1777324623988,21031.00,1
1777324624041,21076.00,1
1777324624102,21105.00,1
1777324624153,21035.00,1
1777324624208,21066.00,1
1777324624261,20916.00,1
1777324624313,21110.00,1
1777324624365,21099.00,1
1777324624417,21086.00,1
1777324624469,20913.00,1
1777324624522,21096.00,1
1777324624575,21101.00,1
1777324624626,21088.00,1
1777324624677,21073.00,1
1777324624729,21075.00,1
1777324624781,21085.00,1
1777324624831,21045.00,1
1777324625022,20335.00,1
1777324625051,20323.00,1
1777324625086,20435.00,1
1777324625125,20909.00,1
1777324625158,20970.00,1
1777324625190,21072.00,1
1777324625222,20992.00,1
1777324625254,20926.00,1
1777324625286,21046.00,1
1777324625321,21011.00,1
1777324625356,20935.00,1
1777324625388,21032.00,1
1777324625424,20990.00,1
1777324625457,20920.00,1
1777324625492,21087.00,1
1777324625527,21008.00,1
1777324625562,20979.00,1
1777324625597,21078.00,1
1777324625631,20990.00,1
1777324625668,20967.00,1
1777324625703,21117.00,1
1777324625738,21046.00,1
1777324625775,21033.00,1
1777324625810,21132.00,1
1777324625859,21102.00,1
1777324625893,21022.00,1
1777324625937,21096.00,1
1777324625974,21196.00,1
1777324626013,21118.00,1
1777324626056,21081.00,1
1777324626093,21011.00,1
1777324626132,20970.00,1
1777324626173,21165.00,1
1777324626211,21110.00,1
1777324626249,21079.00,1
1777324626290,21181.00,1
1777324626330,21160.00,1
1777324626370,21154.00,1
1777324626411,21121.00,1
1777324626465,21063.00,1
1777324626502,21040.00,1
1777324626541,21228.00,1
1777324626578,21217.00,1
1777324626618,21096.00,1
1777324626661,21278.00,1
1777324626702,21183.00,1
1777324626745,21207.00,1
1777324626786,21192.00,1
1777324626827,21170.00,1
1777324626867,21314.00,1
1777324626905,21230.00,1
1777324626944,21239.00,1
1777324626985,21158.00,1
1777324627030,21279.00,1
1777324627078,21292.00,1
1777324627122,21276.00,1
1777324627167,21240.00,1
1777324627209,21268.00,1
1777324627254,21223.00,1
1777324627298,21175.00,1
1777324627344,21330.00,1
1777324627389,21315.00,1
1777324627434,21287.00,1
1777324627478,21279.00,1
1777324627522,21248.00,1
1777324627564,21211.00,1
1777324627606,21323.00,1
1777324627654,21337.00,1
1777324627695,21449.00,1
1777324627739,21346.00,1
1777324627790,21267.00,1
1777324627837,21251.00,1
1777324627883,21262.00,1
1777324627927,21429.00,1
1777324627973,21390.00,1
1777324628016,21373.00,1
1777324628060,21316.00,1
1777324628104,21318.00,1
1777324628147,21298.00,1
1777324628189,21432.00,1
1777324628231,21409.00,1
1777324628274,21371.00,1
1777324628317,21370.00,1
1777324628361,21334.00,1
1777324628406,21310.00,1
1777324628449,21433.00,1
1777324628498,21512.00,1
1777324628542,21391.00,1
1777324628590,21415.00,1
1777324628636,21385.00,1
1777324628681,21555.00,1
1777324628727,21510.00,1
1777324628774,21502.00,1
1777324628821,21429.00,1
1777324628868,21411.00,1
1777324628916,21455.00,1
1777324628962,21376.00,1
1777324629010,21610.00,1
1777324629057,21557.00,1
1777324629105,21548.00,1
1777324629152,21544.00,1
1777324629201,21510.00,1
1777324629250,21455.00,1
1777324629297,21402.00,1
1777324629347,21456.00,1
1777324629397,21432.00,1
1777324629450,21394.00,1
1777324629501,21438.00,1
1777324629551,21440.00,1
1777324629602,21441.00,1
1777324629654,21429.00,1
1777324629706,21434.00,1
1777324629757,21381.00,1
1777324629810,21476.00,1
1777324629861,21438.00,1
1777324629912,21635.00,1
1777324629964,21817.00,1
1777324630016,22051.00,1
1777324630069,22111.00,1
1777324630126,21659.00,1
1777324630184,21437.00,1
1777324630238,21542.00,1
1777324630294,21528.00,1
1777324630347,21542.00,1
1777324630401,21545.00,1
1777324630453,21455.00,1
1777324630511,21495.00,1
1777324630563,21409.00,1
1777324630618,21505.00,1
1777324630677,21426.00,1
1777324630751,21371.00,1
1777324630804,21331.00,1
1777324630857,21372.00,1
1777324630917,21484.00,1
1777324630971,21356.00,1
1777324631028,21410.00,1
1777324631086,21318.00,1
1777324631139,21384.00,1
1777324631198,21404.00,1
1777324631254,21295.00,1
1777324631309,21376.00,1
1777324631374,21268.00,1
1777324631427,21287.00,1
1777324631483,21393.00,1
1777324631534,21161.00,1
1777324631586,21305.00,1
1777324631638,21364.00,1
1777324631689,21262.00,1
1777324631740,21242.00,1
1777324631793,21282.00,1
1777324631844,21291.00,1
1777324631895,21204.00,1
1777324631947,21214.00,1
1777324631999,21296.00,1
1777324632051,21335.00,1
1777324632102,21313.00,1
1777324632154,21170.00,1
1777324632214,21224.00,1
1777324632266,21209.00,1
1777324632324,21257.00,1
1777324632385,21130.00,1
1777324632437,21176.00,1
1777324632489,21214.00,1
1777324632542,21236.00,1
1777324632594,21145.00,1
1777324632648,21133.00,1
1777324632699,21208.00,1
1777324632752,21193.00,1
1777324632804,21271.00,1
1777324632856,21255.00,1
1777324632913,21099.00,1
1777324632963,21067.00,1
1777324633014,21144.00,1
1777324633066,21191.00,1
1777324633116,21178.00,1
1777324633167,21184.00,1
1777324633218,21073.00,1
1777324633268,21106.00,1
1777324633318,21068.00,1
1777324633370,21141.00,1
1777324633422,21146.00,1
1777324633476,21038.00,1
1777324633529,21084.00,1
1777324633587,21059.00,1
1777324633651,21051.00,1
1777324633707,21108.00,1
1777324633760,21004.00,1
1777324633816,21037.00,1
1777324633866,21007.00,1
1777324633921,21052.00,1
1777324633973,21097.00,1
1777324634024,21050.00,1
1777324634227,20446.00,1
1777324634262,20461.00,1
1777324634296,20625.00,1
1777324634339,20774.00,1
1777324634374,20934.00,1
1777324634409,20960.00,1
1777324634442,21054.00,1
1777324634477,20995.00,1
1777324634510,21089.00,1
1777324634544,21005.00,1
1777324634580,20970.00,1
1777324634615,20915.00,1
1777324634651,21045.00,1
1777324634686,20996.00,1
1777324634722,21014.00,1
1777324634757,21116.00,1
1777324634794,21040.00,1
1777324634829,20952.00,1
1777324634869,21116.00,1
1777324634906,21068.00,1
1777324634945,21044.00,1
1777324634983,21010.00,1
1777324635021,21107.00,1
1777324635059,21096.00,1
1777324635092,21086.00,1
1777324635127,21186.00,1
1777324635163,21091.00,1
1777324635202,21039.00,1
1777324635238,21141.00,1
1777324635277,21116.00,1
1777324635319,21112.00,1
1777324635356,21211.00,1
1777324635396,21172.00,1
1777324635436,21146.00,1
1777324635473,21060.00,1
1777324635513,21245.00,1
1777324635551,21199.00,1
1777324635589,21105.00,1
1777324635629,21259.00,1
1777324635669,21222.00,1
1777324635708,21325.00,1
1777324635749,21348.00,1
1777324635791,21281.00,1
1777324635832,21222.00,1
1777324635871,21281.00,1
1777324635913,21277.00,1
1777324635955,21281.00,1
1777324635996,21217.00,1
1777324636038,21364.00,1
1777324636080,21315.00,1
1777324636123,21255.00,1
1777324636166,21217.00,1
1777324636208,21368.00,1
1777324636251,21368.00,1
1777324636293,21309.00,1
1777324636336,21459.00,1
1777324636386,21458.00,1
1777324636429,21415.00,1
1777324636474,21357.00,1
1777324636520,21392.00,1
1777324636565,21312.00,1
1777324636610,21282.00,1
1777324636660,21261.00,1
1777324636706,21415.00,1
1777324636751,21417.00,1
1777324636797,21411.00,1
1777324636842,21406.00,1
1777324636887,21387.00,1
1777324636933,21370.00,1
1777324636976,21335.00,1
1777324637019,21344.00,1
1777324637065,21497.00,1
1777324637112,21463.00,1
1777324637159,21434.00,1
1777324637205,21438.00,1
1777324637253,21436.00,1
1777324637305,21338.00,1
1777324637351,21368.00,1
1777324637394,21539.00,1
1777324637437,21534.00,1
1777324637485,21470.00,1
1777324637536,21427.00,1
1777324637584,21427.00,1
1777324637631,21383.00,1
1777324637680,21422.00,1
1777324637727,21390.00,1
1777324637772,21390.00,1
1777324637820,21548.00,1
1777324637876,21544.00,1
1777324637925,21544.00,1
1777324637971,21592.00,1
1777324638019,21510.00,1
1777324638066,21506.00,1
1777324638111,21512.00,1
1777324638158,21496.00,1
1777324638204,21485.00,1
1777324638252,21465.00,1
1777324638300,21474.00,1
1777324638348,21427.00,1
1777324638396,21413.00,1
1777324638443,21531.00,1
1777324638492,21626.00,1
1777324638541,21622.00,1
1777324638589,21605.00,1
1777324638638,21580.00,1
1777324638692,21478.00,1
1777324638741,21470.00,1
1777324638791,21490.00,1
1777324638841,21540.00,1
1777324638890,21721.00,1
1777324638941,21659.00,1
1777324638991,21663.00,1
1777324639040,21643.00,1
1777324639091,21634.00,1
1777324639144,21815.00,1
1777324639196,21989.00,1
1777324639248,22170.00,1
1777324639302,22041.00,1
1777324639358,21868.00,1
1777324639411,21572.00,1
1777324639464,21675.00,1
1777324639516,21563.00,1
1777324639570,21643.00,1
1777324639621,21514.00,1
1777324639674,21618.00,1
1777324639725,21506.00,1
1777324639777,21588.00,1
1777324639829,21526.00,1
1777324639881,21536.00,1
1777324639939,21586.00,1
1777324639994,21475.00,1
1777324640056,21415.00,1
1777324640108,21458.00,1
1777324640164,21442.00,1
1777324640216,21477.00,1
1777324640267,21418.00,1
1777324640325,21461.00,1
1777324640377,21510.00,1
1777324640438,21395.00,1
1777324640490,21468.00,1
1777324640544,21375.00,1
1777324640596,21397.00,1
1777324640648,21426.00,1
1777324640698,21314.00,1
1777324640750,21364.00,1
1777324640801,21367.00,1
1777324640852,21403.00,1
1777324640903,21307.00,1
1777324640956,21329.00,1
1777324641009,21371.00,1
1777324641062,21387.00,1
1777324641115,21284.00,1
1777324641169,21367.00,1
1777324641224,21378.00,1
1777324641275,21373.00,1
1777324641327,21267.00,1
1777324641378,21301.00,1
1777324641430,21319.00,1
1777324641481,21296.00,1
1777324641531,21313.00,1
1777324641582,21340.00,1
1777324641633,21345.00,1
1777324641684,21351.00,1
1777324641741,21210.00,1
1777324641801,21229.00,1
1777324641852,21263.00,1
1777324641903,21306.00,1
1777324641954,21318.00,1
1777324642004,21195.00,1
1777324642202,20736.00,1
1777324642232,20589.00,1
1777324642262,20727.00,1
1777324642304,20950.00,1
1777324642350,21131.00,1
1777324642383,21127.00,1
1777324642419,21148.00,1
1777324642452,21065.00,1
1777324642487,21191.00,1
1777324642521,21159.00,1
1777324642554,21103.00,1
1777324642590,21226.00,1
1777324642624,21259.00,1
1777324642660,21190.00,1
1777324642693,21106.00,1
1777324642730,21242.00,1
1777324642764,21178.00,1
1777324642801,21183.00,1
1777324642837,21274.00,1
1777324642873,21282.00,1
1777324642908,21219.00,1
1777324642944,21143.00,1
1777324642981,21273.00,1
1777324643020,21277.00,1
1777324643059,21237.00,1
1777324643095,21170.00,1
1777324643132,21192.00,1
1777324643168,21265.00,1
1777324643206,21258.00,1
1777324643244,21241.00,1
1777324643281,21225.00,1
1777324643322,21213.00,1
1777324643364,21189.00,1
1777324643402,21263.00,1
1777324643443,21313.00,1
1777324643486,21248.00,1
1777324643525,21174.00,1
1777324643566,21149.00,1
1777324643606,21161.00,1
1777324643645,21259.00,1
1777324643685,21323.00,1
1777324643727,21275.00,1
1777324643768,21216.00,1
1777324643809,21190.00,1
1777324643849,21336.00,1
1777324643885,21268.00,1
1777324643927,21312.00,1
1777324643967,21224.00,1
1777324644010,21234.00,1
1777324644049,21372.00,1
1777324644087,21345.00,1
1777324644125,21272.00,1
1777324644163,21253.00,1
1777324644202,21402.00,1
1777324644241,21324.00,1
1777324644283,21291.00,1
1777324644328,21268.00,1
1777324644377,21256.00,1
1777324644419,21418.00,1
1777324644464,21383.00,1
1777324644505,21355.00,1
1777324644547,21357.00,1
1777324644588,21365.00,1
1777324644628,21521.00,1
1777324644668,21435.00,1
1777324644708,21348.00,1
1777324644749,21337.00,1
1777324644800,21313.00,1
1777324644843,21473.00,1
1777324644886,21456.00,1
1777324644930,21433.00,1
1777324644974,21419.00,1
1777324645018,21361.00,1
1777324645061,21474.00,1
1777324645106,21481.00,1
1777324645151,21458.00,1
1777324645199,21421.00,1
1777324645244,21371.00,1
1777324645289,21369.00,1
1777324645332,21465.00,1
1777324645381,21477.00,1
1777324645433,21471.00,1
1777324645477,21493.00,1
1777324645522,21428.00,1
1777324645567,21428.00,1
1777324645618,21397.00,1
1777324645665,21603.00,1
1777324645713,21595.00,1
1777324645760,21536.00,1
1777324645806,21572.00,1
1777324645856,21527.00,1
1777324645902,21540.00,1
1777324645949,21503.00,1
1777324645996,21481.00,1
1777324646044,21517.00,1
1777324646092,21456.00,1
1777324646143,21476.00,1
1777324646191,21642.00,1
1777324646238,21640.00,1
1777324646289,21626.00,1
1777324646340,21614.00,1
1777324646393,21557.00,1
1777324646443,21602.00,1
1777324646491,21609.00,1
1777324646540,21602.00,1
1777324646591,21594.00,1
1777324646641,21594.00,1
1777324646705,21599.00,1
1777324646756,21603.00,1
1777324646808,21641.00,1
1777324646860,21637.00,1
1777324646913,21543.00,1
1777324646966,21605.00,1
1777324647024,21616.00,1
1777324647080,21608.00,1
1777324647134,21842.00,1
1777324647189,22040.00,1
1777324647250,22036.00,1
1777324647313,21812.00,1
1777324647369,21610.00,1
1777324647423,21534.00,1
1777324647480,21622.00,1
1777324647553,21443.00,1
1777324647609,21501.00,1
1777324647667,21469.00,1
1777324647727,21401.00,1
1777324647783,21476.00,1
1777324647839,21434.00,1
1777324647892,21490.00,1
1777324647947,21456.00,1
1777324648000,21473.00,1
1777324648054,21377.00,1
1777324648112,21460.00,1
1777324648175,21372.00,1
1777324648226,21391.00,1
1777324648278,21364.00,1
1777324648330,21372.00,1
1777324648389,21331.00,1
1777324648443,21291.00,1
1777324648498,21360.00,1
1777324648551,21427.00,1
1777324648604,21278.00,1
1777324648656,21370.00,1
1777324648713,21387.00,1
1777324648770,21267.00,1
1777324648826,21268.00,1
1777324648882,21224.00,1
1777324648935,21245.00,1
1777324648989,21350.00,1
1777324649044,21186.00,1
1777324649098,21234.00,1
1777324649152,21169.00,1
1777324649207,21203.00,1
1777324649261,21209.00,1
1777324649318,21175.00,1
1777324649373,21196.00,1
1777324649438,21209.00,1
1777324649492,21069.00,1
1777324649548,21122.00,1
1777324649602,21171.00,1
1777324649661,21052.00,1
1777324649716,21128.00,1
1777324649777,21192.00,1
1777324649829,20980.00,1
1777324649883,21095.00,1
1777324649937,21090.00,1
1777324649989,21130.00,1
1777324650043,21153.00,1
1777324650097,21038.00,1
1777324650149,21030.00,1
1777324650201,21086.00,1
1777324650252,21122.00,1
1777324650308,21087.00,1
1777324650361,20986.00,1
1777324650412,21141.00,1
1777324650464,20982.00,1
1777324650517,20987.00,1
1777324650569,21021.00,1
1777324650623,21085.00,1
1777324650673,21070.00,1
1777324650726,21068.00,1
1777324650779,21059.00,1
1777324650830,21077.00,1
1777324650881,20979.00,1
1777324650933,20992.00,1
1777324650984,20993.00,1
1777324651036,20961.00,1
1777324651088,21021.00,1
1777324651140,20986.00,1
1777324651193,21006.00,1
1777324651369,20538.00,1
1777324651397,20502.00,1
1777324651435,20694.00,1
1777324651475,20811.00,1
1777324651509,20899.00,1
1777324651542,21003.00,1
1777324651576,20999.00,1
1777324651608,20919.00,1
1777324651641,21015.00,1
1777324651677,20995.00,1
1777324651711,21106.00,1
1777324651746,21056.00,1
1777324651781,20945.00,1
1777324651816,21142.00,1
1777324651850,21048.00,1
1777324651889,21074.00,1
1777324651924,21176.00,1
1777324651963,21091.00,1
1777324651998,21025.00,1
1777324652033,21122.00,1
1777324652069,21089.00,1
1777324652105,21024.00,1
1777324652142,21168.00,1
1777324652177,21072.00,1
1777324652215,21104.00,1
1777324652250,21224.00,1
1777324652288,21162.00,1
1777324652323,21253.00,1
1777324652362,21184.00,1
1777324652398,21067.00,1
1777324652438,21091.00,1
1777324652477,21239.00,1
1777324652513,21148.00,1
1777324652552,21305.00,1
1777324652592,21200.00,1
1777324652630,21135.00,1
1777324652669,21301.00,1
1777324652707,21209.00,1
1777324652752,21167.00,1
1777324652791,21312.00,1
1777324652831,21232.00,1
1777324652865,21389.00,1
1777324652901,21498.00,1
1777324652935,21389.00,1
1777324652971,21284.00,1
1777324653007,21335.00,1
1777324653043,21220.00,1
1777324653076,21663.00,1
1777324653110,21772.00,1
1777324653147,21670.00,1
1777324653187,21750.00,1
1777324653229,21645.00,1
1777324653269,22136.00,1
1777324653314,21997.00,1
1777324653354,21992.00,1
1777324653394,22152.00,1
1777324653435,21974.00,1
1777324653474,22511.00,1
1777324653515,22408.00,1
1777324653555,22459.00,1
1777324653597,22453.00,1
1777324653636,22352.00,1
1777324653676,22227.00,1
1777324653717,22958.00,1
1777324653757,22866.00,1
1777324653800,22765.00,1
1777324653837,22903.00,1
1777324653878,22784.00,1
1777324653920,23207.00,1
1777324653964,23201.00,1
1777324654006,23252.00,1
1777324654047,23184.00,1
1777324654089,23072.00,1
1777324654134,23598.00,1
1777324654175,23552.00,1
1777324654216,23603.00,1
1777324654261,23616.00,1
1777324654302,23446.00,1
1777324654347,24000.00,1
1777324654392,24131.00,1
1777324654432,24042.00,1
1777324654471,23955.00,1
1777324654511,23795.00,1
1777324654554,24520.00,1
1777324654594,24472.00,1
1777324654633,24323.00,1
1777324654673,24432.00,1
1777324654716,24401.00,1
1777324654756,24825.00,1
1777324654795,24850.00,1
1777324654842,24837.00,1
1777324654886,24709.00,1
1777324654930,24682.00,1
1777324654974,25199.00,1
1777324655020,25197.00,1
1777324655065,25064.00,1
1777324655107,25173.00,1
1777324655151,25089.00,1
1777324655193,25606.00,1
1777324655237,25470.00,1
1777324655281,25482.00,1
1777324655326,25533.00,1
1777324655370,25791.00,1
1777324655419,25978.00,1
1777324655468,25985.00,1
1777324655511,25903.00,1
1777324655556,25869.00,1
1777324655597,26319.00,1
1777324655641,26428.00,1
1777324655688,26353.00,1
1777324655732,26293.00,1
1777324655776,26186.00,1
1777324655822,26688.00,1
1777324655866,26610.00,1
1777324655909,26545.00,1
1777324655954,26470.00,1
1777324655998,26579.00,1
1777324656051,27077.00,1
1777324656097,27087.00,1
1777324656141,26962.00,1
1777324656185,26958.00,1
1777324656228,27477.00,1
1777324656273,27586.00,1
1777324656316,27720.00,1
1777324656359,27826.00,1
1777324656404,27761.00,1
1777324656448,28249.00,1
1777324656491,28056.00,1
1777324656532,27778.00,1
1777324656576,27793.00,1
1777324656618,27745.00,1
1777324656657,28315.00,1
1777324656702,28219.00,1
1777324656743,28163.00,1
1777324656783,28144.00,1
1777324656823,28044.00,1
1777324656873,28657.00,1
1777324656915,28518.00,1
1777324656958,28483.00,1
1777324657006,28543.00,1
1777324657054,28497.00,1
1777324657098,28795.00,1
1777324657150,28840.00,1
1777324657193,28791.00,1
1777324657238,28719.00,1
1777324657286,29233.00,1
1777324657332,29252.00,1
1777324657374,29227.00,1
1777324657412,29244.00,1
1777324657450,29133.00,1
1777324657491,29636.00,1
1777324657532,29517.00,1
1777324657574,29459.00,1
1777324657615,29422.00,1
1777324657654,29356.00,1
1777324657695,29957.00,1
1777324657733,29931.00,1
1777324657774,29866.00,1
1777324657814,29779.00,1
1777324657855,29878.00,1
1777324657895,30208.00,1
1777324657942,30153.00,1
1777324657985,30182.00,1
1777324658030,30153.00,1
1777324658072,30211.00,1
1777324658115,30195.00,1
1777324658158,30304.00,1
1777324658197,30304.00,1
1777324658235,30195.00,1
1777324658271,30224.00,1
1777324658309,30241.00,1
1777324658350,30111.00,1
1777324658394,30082.00,1
1777324658438,30169.00,1
1777324658485,30111.00,1
1777324658526,30232.00,1
1777324658571,30203.00,1
1777324658611,30152.00,1
1777324658654,30123.00,1
1777324658691,30181.00,1
1777324658729,30292.00,1
1777324658782,30161.00,1
1777324658826,30241.00,1
1777324658866,30183.00,1
1777324658908,30241.00,1
1777324658949,30178.00,1
1777324658993,30171.00,1
1777324659034,30229.00,1
1777324659077,30171.00,1
1777324659114,30178.00,1
1777324659153,30205.00,1
1777324659198,30176.00,1
1777324659238,30154.00,1
1777324659279,30096.00,1
1777324659329,30147.00,1
1777324659372,30161.00,1
1777324659419,30161.00,1
1777324659461,30154.00,1
1777324659501,30241.00,1
1777324659543,30190.00,1
1777324659586,30213.00,1
1777324659632,30300.00,1
1777324659673,30242.00,1
1777324659713,30213.00,1
1777324659757,30300.00,1
1777324659807,30077.00,1
1777324659851,30106.00,1
1777324659896,30132.00,1
1777324659939,30106.00,1
1777324659982,30132.00,1
1777324660024,30200.00,1
1777324660066,30173.00,1
1777324660108,30200.00,1
1777324660152,30146.00,1
1777324660191,30173.00,1
1777324660228,30181.00,1
1777324660267,30210.00,1
1777324660309,30154.00,1
1777324660350,30181.00,1
1777324660391,30154.00,1
1777324660434,30223.00,1
1777324660478,30350.00,1
1777324660519,30323.00,1
1777324660559,30270.00,1
1777324660598,30271.00,1
1777324660645,30165.00,1
1777324660686,30198.00,1
1777324660729,30112.00,1
1777324660772,30169.00,1
1777324660818,30143.00,1
1777324660859,30300.00,1
1777324660902,30271.00,1
1777324660943,30276.00,1
1777324660988,30327.00,1
1777324661030,30302.00,1
1777324661069,30109.00,1
1777324661113,30113.00,1
1777324661154,30145.00,1
1777324661194,30140.00,1
1777324661236,30193.00,1
1777324661279,30227.00,1
1777324661322,30147.00,1
1777324661364,30164.00,1
1777324661405,30188.00,1
1777324661448,30119.00,1
1777324661484,30224.00,1
1777324661527,30224.00,1
1777324661723,30198.00,1
1777324661751,29196.00,1
1777324661780,29327.00,1
1777324661806,29356.00,1
1777324661853,29305.00,1
1777324661880,29267.00,1
1777324661907,29302.00,1
1777324661956,29468.00,1
1777324661986,29388.00,1
1777324662015,29417.00,1
1777324662043,29468.00,1
1777324662072,29497.00,1
1777324662122,29388.00,1
1777324662151,29439.00,1
1777324662181,29571.00,1
1777324662210,29491.00,1
1777324662240,29571.00,1
1777324662269,29600.00,1
1777324662320,29600.00,1
1777324662349,29578.00,1
1777324662381,29435.00,1
1777324662410,29480.00,1
1777324662439,29509.00,1
1777324662470,29458.00,1
1777324662501,29429.00,1
1777324662553,29429.00,1
1777324662585,29534.00,1
1777324662614,29585.00,1
1777324662648,29585.00,1
1777324662680,29563.00,1
1777324662711,29534.00,1
1777324662743,29534.00,1
1777324662774,29585.00,1
1777324662805,29605.00,1
1777324662837,29554.00,1
1777324662869,29525.00,1
1777324662900,29547.00,1
1777324662932,29547.00,1
1777324662985,29576.00,1
1777324663018,29457.00,1
1777324663050,29370.00,1
1777324663082,29404.00,1
1777324663114,29479.00,1
1777324663146,29370.00,1
1777324663179,29370.00,1
1777324663212,29399.00,1
1777324663245,29477.00,1
1777324663278,29528.00,1
1777324663311,29528.00,1
1777324663344,29557.00,1
1777324663377,29506.00,1
1777324663409,29477.00,1
1777324663446,29547.00,1
1777324663479,29547.00,1
1777324663512,29467.00,1
1777324663547,29525.00,1
1777324663579,29569.00,1
1777324663612,29576.00,1
1777324663645,29463.00,1
1777324663679,29434.00,1
1777324663712,29405.00,1
1777324663745,29456.00,1
1777324663779,29456.00,1
1777324663811,29376.00,1
1777324663845,29405.00,1
1777324663879,29477.00,1
1777324663912,29528.00,1
1777324663947,29528.00,1
1777324663981,29506.00,1
1777324664015,29419.00,1
1777324664055,29448.00,1
1777324664090,29405.00,1
1777324664123,29456.00,1
1777324664154,29376.00,1
1777324664188,29405.00,1
1777324664223,29347.00,1
1777324664263,29376.00,1
1777324664299,29360.00,1
1777324664339,29439.00,1
1777324664375,29462.00,1
1777324664411,29433.00,1
1777324664447,29440.00,1
1777324664483,29382.00,1
1777324664518,29477.00,1
1777324664554,29499.00,1
1777324664590,29477.00,1
1777324664626,29439.00,1
1777324664664,29557.00,1
1777324664700,29554.00,1
1777324664736,29467.00,1
1777324664772,29496.00,1
1777324664807,29605.00,1
1777324664845,29576.00,1
1777324664880,29550.00,1
1777324664924,29491.00,1
1777324664963,29574.00,1
1777324665001,29547.00,1
1777324665039,29518.00,1
1777324665074,29571.00,1
1777324665109,29571.00,1
1777324665146,29462.00,1
1777324665182,29435.00,1
1777324665220,29405.00,1
1777324665260,29408.00,1
1777324665299,29435.00,1
1777324665347,29419.00,1
1777324665387,29475.00,1
1777324665425,29472.00,1
1777324665466,29390.00,1
1777324665503,29475.00,1
1777324665539,29475.00,1
1777324665579,29446.00,1
1777324665615,29432.00,1
1777324665660,29477.00,1
1777324665699,29462.00,1
1777324665742,29476.00,1
1777324665782,29505.00,1
1777324665820,29450.00,1
1777324665861,29447.00,1
1777324665901,29532.00,1
1777324665941,29476.00,1
1777324665983,29518.00,1
1777324666027,29623.00,1
1777324666065,29569.00,1
1777324666102,29574.00,1
1777324666141,29546.00,1
1777324666190,29421.00,1
1777324666234,29468.00,1
1777324666274,29383.00,1
1777324666313,29440.00,1
1777324666355,29520.00,1
1777324666400,29511.00,1
1777324666442,29529.00,1
1777324666484,29444.00,1
1777324666527,29553.00,1
1777324666570,29473.00,1
1777324666613,29565.00,1
1777324666653,29680.00,1
1777324666696,29782.00,1
1777324666740,29855.00,1
1777324666780,29731.00,1
1777324666826,29863.00,1
1777324666869,30077.00,1
1777324666909,30059.00,1
1777324666948,30064.00,1
1777324666992,30144.00,1
1777324667039,30080.00,1
1777324667080,29971.00,1
1777324667123,30022.00,1
1777324667163,30109.00,1
1777324667201,30000.00,1
1777324667246,30161.00,1
1777324667290,30161.00,1
1777324667331,30203.00,1
1777324667372,30161.00,1
1777324667411,30103.00,1
1777324667455,30120.00,1
1777324667498,30012.00,1
1777324667540,29983.00,1
1777324667582,30041.00,1
1777324667626,30034.00,1
1777324667671,30149.00,1
1777324667710,30091.00,1
1777324667751,30142.00,1
1777324667793,30180.00,1
1777324667834,30091.00,1
1777324667879,30024.00,1
1777324667923,29995.00,1
1777324667966,30053.00,1
1777324668007,30053.00,1
1777324668058,30075.00,1
1777324668100,30094.00,1
1777324668143,30048.00,1
1777324668187,30128.00,1
1777324668228,30093.00,1
1777324668269,30048.00,1
1777324668310,30032.00,1
1777324668357,30083.00,1
1777324668397,30061.00,1
1777324668436,30061.00,1
1777324668479,30112.00,1
1777324668519,30099.00,1
1777324668561,30099.00,1
1777324668603,30077.00,1
1777324668645,30070.00,1
1777324668692,30099.00,1
1777324668735,29992.00,1
1777324668776,30101.00,1
1777324668817,30072.00,1
1777324668862,30043.00,1
1777324668900,30021.00,1
1777324668939,29971.00,1
1777324668980,29971.00,1
1777324669021,30109.00,1
1777324669060,30080.00,1
1777324669098,30051.00,1
1777324669143,30157.00,1
1777324669183,30099.00,1
1777324669222,30157.00,1
1777324669261,30157.00,1
1777324669303,30150.00,1
1777324669343,30140.00,1
1777324669385,30152.00,1
1777324669427,30089.00,1
1777324669467,30101.00,1
1777324669508,30152.00,1
1777324669549,30200.00,1
1777324669590,30229.00,1
1777324669630,30171.00,1
1777324669672,30142.00,1
1777324669713,30200.00,1
1777324669759,30128.00,1
1777324669801,30109.00,1
1777324669844,30102.00,1
1777324669885,30160.00,1
1777324669925,30160.00,1
1777324669966,30043.00,1
1777324670012,30212.00,1
1777324670054,30148.00,1
1777324670095,30161.00,1
1777324670139,30212.00,1
1777324670181,30171.00,1
1777324670223,30157.00,1
1777324670265,30019.00,1
1777324670307,30128.00,1
1777324670352,30128.00,1
1777324670394,30103.00,1
1777324670438,30243.00,1
1777324670482,30095.00,1
1777324670524,30112.00,1
1777324670569,30134.00,1
1777324670611,30127.00,1
1777324670655,30019.00,1
1777324670697,30077.00,1
1777324670740,30157.00,1
1777324670784,30099.00,1
1777324670825,30229.00,1
1777324670867,30142.00,1
1777324670908,30200.00,1
1777324670948,30229.00,1
1777324670992,30171.00,1
1777324671036,30148.00,1
1777324671076,30119.00,1
1777324671116,30112.00,1
1777324671157,30148.00,1
1777324671204,30170.00,1
1777324671242,30223.00,1
1777324671284,30194.00,1
1777324671325,30223.00,1
1777324671369,30223.00,1
1777324671415,30166.00,1
1777324671458,30074.00,1
1777324671502,30076.00,1
1777324671545,30063.00,1
1777324671588,30076.00,1
1777324671631,30025.00,1
1777324671676,30040.00,1
1777324671717,30069.00,1
1777324671758,30069.00,1
1777324671802,30069.00,1
1777324671841,30074.00,1
1777324671883,30100.00,1
1777324671930,30101.00,1
1777324671978,30020.00,1
1777324672021,30077.00,1
1777324672074,30149.00,1
1777324672113,30123.00,1
1777324672157,30090.00,1
1777324672197,30174.00,1
1777324672236,30145.00,1
1777324672283,30059.00,1
1777324672327,30212.00,1
1777324672369,30185.00,1
1777324672410,30241.00,1
1777324672455,30157.00,1
1777324672502,30140.00,1
1777324672544,30113.00,1
1777324672591,30220.00,1
1777324672639,30171.00,1
1777324672682,30113.00,1
1777324672732,30102.00,1
1777324672775,30128.00,1
1777324672819,30153.00,1
1777324672862,30208.00,1
1777324672916,30142.00,1
1777324672966,30200.00,1
1777324673011,30200.00,1
1777324673056,30203.00,1
1777324673096,30173.00,1
1777324673138,30236.00,1
1777324673296,29971.00,1
1777324673322,29626.00,1
1777324673349,29648.00,1
1777324673375,29635.00,1
1777324673402,29708.00,1
1777324673449,29626.00,1
1777324673476,29648.00,1
1777324673505,29677.00,1
1777324673534,29665.00,1
1777324673584,29636.00,1
1777324673614,29599.00,1
1777324673644,29607.00,1
1777324673674,29636.00,1
1777324673703,29636.00,1
1777324673735,29687.00,1
1777324673783,29530.00,1
1777324673813,29576.00,1
1777324673843,29605.00,1
1777324673873,29605.00,1
1777324673904,29656.00,1
1777324673935,29685.00,1
1777324673965,29757.00,1
1777324673997,29706.00,1
1777324674049,29677.00,1
1777324674081,29677.00,1
1777324674113,29629.00,1
1777324674145,29648.00,1
1777324674177,29600.00,1
1777324674208,29600.00,1
1777324674240,29571.00,1
1777324674271,29608.00,1
1777324674303,29629.00,1
1777324674335,29571.00,1
1777324674369,29571.00,1
1777324674401,29516.00,1
1777324674434,29592.00,1
1777324674466,29596.00,1
1777324674498,29516.00,1
1777324674532,29545.00,1
1777324674564,29545.00,1
1777324674596,29608.00,1
1777324674629,29608.00,1
1777324674682,29480.00,1
1777324674717,29528.00,1
1777324674750,29528.00,1
1777324674784,29499.00,1
1777324674818,29557.00,1
1777324674852,29571.00,1
1777324674887,29608.00,1
1777324674923,29608.00,1
1777324674957,29637.00,1
1777324674991,29528.00,1
1777324675026,29538.00,1
1777324675063,29616.00,1
1777324675098,29698.00,1
1777324675132,29618.00,1
1777324675166,29647.00,1
1777324675200,29618.00,1
1777324675236,29588.00,1
1777324675271,29639.00,1
1777324675306,29559.00,1
1777324675342,29588.00,1
1777324675377,29617.00,1
1777324675412,29508.00,1
1777324675447,29576.00,1
1777324675482,29576.00,1
1777324675517,29605.00,1
1777324675553,29583.00,1
1777324675587,29644.00,1
1777324675623,29554.00,1
1777324675660,29645.00,1
1777324675696,29674.00,1
1777324675731,29623.00,1
1777324675766,29652.00,1
1777324675803,29652.00,1
1777324675838,29622.00,1
1777324675874,29571.00,1
1777324675909,29600.00,1
1777324675945,29600.00,1
1777324675981,29629.00,1
1777324676018,29491.00,1
1777324676057,29520.00,1
1777324676097,29605.00,1
1777324676133,29576.00,1
1777324676170,29581.00,1
1777324676208,29622.00,1
1777324676244,29576.00,1
1777324676281,29629.00,1
1777324676319,29571.00,1
1777324676357,29491.00,1
1777324676420,29571.00,1
1777324676455,29600.00,1
1777324676494,29526.00,1
1777324676532,29485.00,1
1777324676569,29534.00,1
1777324676608,29543.00,1
1777324676648,29478.00,1
1777324676689,29456.00,1
1777324676729,29576.00,1
1777324676770,29598.00,1
1777324676809,29547.00,1
1777324676850,29576.00,1
1777324676888,29547.00,1
1777324676929,29482.00,1
1777324676971,29616.00,1
1777324677011,29559.00,1
1777324677050,29535.00,1
1777324677089,29538.00,1
1777324677138,29578.00,1
1777324677177,29513.00,1
1777324677217,29486.00,1
1777324677259,29535.00,1
1777324677300,29639.00,1
1777324677346,29465.00,1
1777324677385,29554.00,1
1777324677425,29687.00,1
1777324677463,29632.00,1
1777324677503,29598.00,1
1777324677542,29634.00,1
1777324677583,29431.00,1
1777324677626,29509.00,1
1777324677666,29567.00,1
1777324677705,29487.00,1
1777324677744,29511.00,1
1777324677784,29542.00,1
1777324677828,29484.00,1
1777324677868,29542.00,1
1777324677909,29513.00,1
1777324677951,29433.00,1
1777324677994,29585.00,1
1777324678035,29503.00,1
1777324678077,29505.00,1
1777324678119,29478.00,1
1777324678167,29474.00,1
1777324678210,29630.00,1
1777324678253,29681.00,1
1777324678298,29870.00,1
1777324678340,29720.00,1
1777324678381,29720.00,1
1777324678425,30079.00,1
1777324678466,30137.00,1
1777324678508,30124.00,1
1777324678551,30093.00,1
1777324678597,30146.00,1
1777324678640,30094.00,1
1777324678680,30123.00,1
1777324678721,30065.00,1
1777324678770,30065.00,1
1777324678821,30062.00,1
1777324678870,30115.00,1
1777324678910,30087.00,1
1777324678955,30144.00,1
1777324678999,30086.00,1
1777324679041,30063.00,1
1777324679088,30085.00,1
1777324679131,30092.00,1
1777324679175,30063.00,1
1777324679222,30085.00,1
1777324679264,30099.00,1
1777324679307,30128.00,1
1777324679350,30179.00,1
1777324679392,30099.00,1
1777324679433,30067.00,1
1777324679474,30043.00,1
1777324679517,30101.00,1
1777324679555,30101.00,1
1777324679594,30043.00,1
1777324679635,30043.00,1
1777324679678,30188.00,1
1777324679717,30159.00,1
1777324679756,30188.00,1
1777324679797,30217.00,1
1777324679843,30108.00,1
1777324679884,30191.00,1
1777324679925,30133.00,1
1777324679967,30162.00,1
1777324680010,30111.00,1
1777324680054,30082.00,1
1777324680097,30108.00,1
1777324680141,30050.00,1
1777324680185,30108.00,1
1777324680228,30079.00,1
1777324680270,30079.00,1
1777324680315,30094.00,1
1777324680359,30152.00,1
1777324680401,30043.00,1
1777324680444,30123.00,1
1777324680486,30152.00,1
1777324680529,30148.00,1
1777324680572,30126.00,1
1777324680617,30119.00,1
1777324680661,30155.00,1
1777324680711,30068.00,1
1777324680754,30065.00,1
1777324680794,30023.00,1
1777324680834,30145.00,1
1777324680873,30145.00,1
1777324680917,30087.00,1
1777324680958,30271.00,1
1777324681003,30300.00,1
1777324681044,30300.00,1
1777324681087,30249.00,1
1777324681129,30162.00,1
1777324681175,30245.00,1
1777324681218,30187.00,1
1777324681259,30216.00,1
1777324681303,30187.00,1
1777324681344,30212.00,1
1777324681385,30280.00,1
1777324681427,30229.00,1
1777324681469,30200.00,1
1777324681512,30091.00,1
1777324681555,30120.00,1
1777324681596,30101.00,1
1777324681636,30072.00,1
1777324681680,30143.00,1
1777324681721,30123.00,1
1777324681762,30101.00,1
1777324681806,30118.00,1
1777324681847,30061.00,1
1777324681887,30118.00,1
1777324681929,30147.00,1
1777324681969,30060.00,1
1777324682009,30133.00,1
1777324682049,30076.00,1
1777324682088,30076.00,1
1777324682130,30162.00,1
1777324682180,30076.00,1
1777324682221,30139.00,1
1777324682264,30083.00,1
1777324682307,30139.00,1
1777324682349,30168.00,1
1777324682390,30111.00,1
1777324682432,30152.00,1
1777324682474,30124.00,1
1777324682514,30152.00,1
1777324682559,30181.00,1
1777324682601,30204.00,1
1777324682641,30251.00,1
1777324682680,30172.00,1
1777324682722,30230.00,1
1777324682763,30280.00,1
1777324682808,30204.00,1
1777324682852,30150.00,1
1777324682896,30180.00,1
1777324682938,30230.00,1
1777324682982,30154.00,1
1777324683025,30181.00,1
1777324683067,30128.00,1
1777324683110,30103.00,1
1777324683155,30186.00,1
1777324683194,30103.00,1
1777324683233,30132.00,1
1777324683274,30226.00,1
1777324683317,30227.00,1
1777324683358,30277.00,1
1777324683399,30328.00,1
1777324683441,30169.00,1
1777324683487,30289.00,1
1777324683529,30261.00,1
1777324683572,30238.00,1
1777324683615,30181.00,1
1777324683659,30232.00,1
1777324683700,30142.00,1
1777324683744,30091.00,1
1777324683789,30221.00,1
1777324683835,30193.00,1
1777324683877,30209.00,1
1777324683921,30232.00,1
1777324683964,30209.00,1
1777324684007,30210.00,1
1777324684052,30232.00,1
1777324684096,30166.00,1
1777324684138,30194.00,1
1777324684182,30217.00,1
1777324684226,30166.00,1
1777324684268,30194.00,1
1777324684313,30214.00,1
1777324684357,30191.00,1
1777324684400,30163.00,1
1777324684444,30271.00,1
1777324684494,30141.00,1
1777324684538,30129.00,1
1777324684584,30152.00,1
1777324684629,30209.00,1
1777324684675,30072.00,1
1777324684725,30188.00,1
1777324684767,30188.00,1
1777324684810,30188.00,1
1777324684855,30213.00,1
1777324684895,30188.00,1
1777324684936,30160.00,1
1777324684977,30170.00,1
1777324685023,30250.00,1
1777324685064,30228.00,1
1777324685105,30250.00,1
1777324685148,30222.00,1
1777324685190,30104.00,1
1777324685232,30076.00,1
1777324685277,30129.00,1
1777324685318,30162.00,1
1777324685361,30076.00,1
1777324685406,30292.00,1
1777324685448,30155.00,1
1777324685489,30212.00,1
1777324685543,30155.00,1
1777324685589,30256.00,1
1777324685632,30148.00,1
1777324685680,30256.00,1
1777324685725,30228.00,1
1777324685766,30176.00,1
1777324685810,30065.00,1
1777324685852,30073.00,1
1777324685896,30061.00,1
1777324685940,30113.00,1
1777324685983,30090.00,1
1777324686025,30099.00,1
1777324686073,30159.00,1
1777324686116,30160.00,1
1777324686158,30137.00,1
1777324686201,30132.00,1
1777324686398,29801.00,1
1777324686429,29252.00,1
1777324686482,29258.00,1
1777324686514,29325.00,1
1777324686546,29296.00,1
1777324686578,29267.00,1
1777324686611,29296.00,1
1777324686643,29444.00,1
1777324686675,29364.00,1
1777324686708,29393.00,1
1777324686741,29393.00,1
1777324686773,29342.00,1
1777324686806,29364.00,1
1777324686838,29404.00,1
1777324686871,29347.00,1
1777324686904,29323.00,1
1777324686937,29347.00,1
1777324686972,29371.00,1
1777324687006,29376.00,1
1777324687039,29403.00,1
1777324687073,29403.00,1
1777324687107,29321.00,1
1777324687141,29375.00,1
1777324687177,29374.00,1
1777324687212,29346.00,1
1777324687247,29322.00,1
1777324687281,29261.00,1
1777324687317,29261.00,1
1777324687351,29328.00,1
1777324687387,29327.00,1
1777324687423,29219.00,1
1777324687458,29246.00,1
1777324687493,29323.00,1
1777324687536,29350.00,1
1777324687571,29294.00,1
1777324687607,29376.00,1
1777324687641,29376.00,1
1777324687675,29367.00,1
1777324687710,29309.00,1
1777324687747,29231.00,1
1777324687782,29255.00,1
1777324687818,29340.00,1
1777324687853,29340.00,1
1777324687890,29248.00,1
1777324687932,29221.00,1
1777324687971,29294.00,1
1777324688007,29247.00,1
1777324688048,29199.00,1
1777324688085,29194.00,1
1777324688123,29339.00,1
1777324688166,29339.00,1
1777324688205,29334.00,1
1777324688240,29339.00,1
1777324688275,29339.00,1
1777324688312,29357.00,1
1777324688350,29279.00,1
1777324688388,29279.00,1
1777324688425,29335.00,1
1777324688465,29362.00,1
1777324688508,29307.00,1
1777324688546,29227.00,1
1777324688583,29280.00,1
1777324688620,29279.00,1
1777324688661,29222.00,1
1777324688699,29307.00,1
1777324688743,29307.00,1
1777324688782,29256.00,1
1777324688820,29284.00,1
1777324688864,29306.00,1
1777324688905,29312.00,1
1777324688945,29239.00,1
1777324688986,29210.00,1
1777324689028,29267.00,1
1777324689068,29291.00,1
1777324689107,29262.00,1
1777324689146,29262.00,1
1777324689186,29361.00,1
1777324689227,29327.00,1
1777324689266,29385.00,1
1777324689306,29361.00,1
1777324689350,29276.00,1
1777324689389,29268.00,1
1777324689429,29182.00,1
1777324689468,29239.00,1
1777324689507,29320.00,1
1777324689547,29320.00,1
1777324689587,29222.00,1
1777324689631,29291.00,1
1777324689670,29290.00,1
1777324689709,29182.00,1
1777324689751,29238.00,1
1777324689799,29302.00,1
1777324689840,29442.00,1
1777324689881,29386.00,1
1777324689923,29437.00,1
1777324689963,29495.00,1
1777324690007,29339.00,1
1777324690048,29347.00,1
1777324690091,29316.00,1
1777324690133,29318.00,1
1777324690172,29348.00,1
1777324690218,29307.00,1
1777324690262,29302.00,1
1777324690302,29247.00,1
1777324690342,29276.00,1
1777324690385,29304.00,1
1777324690424,29259.00,1
1777324690462,29348.00,1
1777324690502,29400.00,1
1777324690542,29371.00,1
1777324690583,29311.00,1
1777324690626,29370.00,1
1777324690667,29279.00,1
1777324690706,29336.00,1
1777324690747,29388.00,1
1777324690786,29335.00,1
1777324690826,29307.00,1
1777324690869,29216.00,1
1777324690910,29239.00,1
1777324690953,29268.00,1
1777324690993,29267.00,1
1777324691037,29239.00,1
1777324691079,29308.00,1
1777324691122,29330.00,1
1777324691164,29388.00,1
1777324691206,29335.00,1
1777324691248,29358.00,1
1777324691290,29469.00,1
1777324691331,29549.00,1
1777324691371,29658.00,1
1777324691412,29681.00,1
1777324691453,29547.00,1
1777324691494,30032.00,1
1777324691536,29984.00,1
1777324691577,30013.00,1
1777324691620,30093.00,1
1777324691663,29995.00,1
1777324691703,30139.00,1
1777324691745,30134.00,1
1777324691786,30192.00,1
1777324691826,30140.00,1
1777324691872,30112.00,1
1777324691916,30181.00,1
1777324691958,30072.00,1
1777324692001,30101.00,1
1777324692045,30043.00,1
1777324692092,30043.00,1
1777324692132,29971.00,1
1777324692171,30000.00,1
1777324692212,30109.00,1
1777324692251,30080.00,1
1777324692294,30051.00,1
1777324692337,30125.00,1
1777324692379,30147.00,1
1777324692421,30205.00,1
1777324692464,30147.00,1
1777324692507,30147.00,1
1777324692553,30176.00,1
1777324692597,30125.00,1
1777324692639,30096.00,1
1777324692684,30118.00,1
1777324692725,30188.00,1
1777324692769,30060.00,1
1777324692815,30169.00,1
1777324692855,30111.00,1
1777324692896,30140.00,1
1777324692938,30140.00,1
1777324692979,30147.00,1
1777324693020,30176.00,1
1777324693060,30147.00,1
1777324693104,30147.00,1
1777324693146,30125.00,1
1777324693189,30151.00,1
1777324693229,30180.00,1
1777324693271,30173.00,1
1777324693313,30202.00,1
1777324693354,30231.00,1
1777324693397,30111.00,1
1777324693442,30220.00,1
1777324693485,30060.00,1
1777324693529,30089.00,1
1777324693582,30070.00,1
1777324693623,30157.00,1
1777324693665,30019.00,1
1777324693709,30070.00,1
1777324693752,30099.00,1
1777324693795,30146.00,1
1777324693838,30232.00,1
1777324693881,30123.00,1
1777324693921,30101.00,1
1777324694119,29723.00,1
1777324694145,29294.00,1
1777324694172,29323.00,1
1777324694200,29301.00,1
1777324694228,29323.00,1
1777324694277,29272.00,1
1777324694305,29323.00,1
1777324694333,29352.00,1
1777324694361,29405.00,1
1777324694391,29456.00,1
1777324694441,29325.00,1
1777324694471,29376.00,1
1777324694501,29376.00,1
1777324694530,29376.00,1
1777324694560,29376.00,1
1777324694610,29354.00,1
1777324694640,29296.00,1
1777324694669,29347.00,1
1777324694699,29334.00,1
1777324694729,29362.00,1
1777324694758,29401.00,1
1777324694790,29270.00,1
1777324694841,29268.00,1
1777324694874,29297.00,1
1777324694907,29246.00,1
1777324694939,29217.00,1
1777324694970,29239.00,1
1777324695000,29218.00,1
1777324695027,29262.00,1
1777324695057,29345.00,1
1777324695109,29229.00,1
1777324695141,29229.00,1
1777324695172,29280.00,1
1777324695204,29381.00,1
1777324695235,29330.00,1
1777324695267,29352.00,1
1777324695299,29381.00,1
1777324695330,29352.00,1
1777324695362,29301.00,1
1777324695394,29323.00,1
1777324695426,29246.00,1
1777324695458,29246.00,1
1777324695490,29246.00,1
1777324695523,29304.00,1
1777324695557,29304.00,1
1777324695592,29355.00,1
1777324695625,29400.00,1
1777324695658,29429.00,1
1777324695693,29371.00,1
1777324695727,29291.00,1
1777324695763,29320.00,1
1777324695796,29349.00,1
1777324695830,29399.00,1
1777324695863,29399.00,1
1777324695898,29428.00,1
1777324695934,29348.00,1
1777324695971,29319.00,1
1777324696006,29348.00,1
1777324696039,29358.00,1
1777324696072,29347.00,1
1777324696104,29325.00,1
1777324696140,29296.00,1
1777324696175,29267.00,1
1777324696211,29318.00,1
1777324696246,29296.00,1
1777324696281,29335.00,1
1777324696315,29335.00,1
1777324696350,29335.00,1
1777324696386,29306.00,1
1777324696425,29357.00,1
1777324696468,29335.00,1
1777324696503,29447.00,1
1777324696540,29418.00,1
1777324696575,29418.00,1
1777324696611,29367.00,1
1777324696649,29396.00,1
1777324696692,29278.00,1
1777324696727,29318.00,1
1777324696766,29289.00,1
1777324696804,29260.00,1
1777324696842,29260.00,1
1777324696879,29311.00,1
1777324696916,29234.00,1
1777324696952,29314.00,1
1777324696985,29285.00,1
1777324697020,29314.00,1
1777324697056,29365.00,1
1777324697093,29343.00,1
1777324697132,29417.00,1
1777324697169,29359.00,1
1777324697205,29279.00,1
1777324697242,29337.00,1
1777324697279,29337.00,1
1777324697324,29231.00,1
1777324697364,29330.00,1
1777324697402,29301.00,1
1777324697441,29272.00,1
1777324697480,29272.00,1
1777324697517,29323.00,1
1777324697557,29270.00,1
1777324697599,29292.00,1
1777324697640,29350.00,1
1777324697680,29241.00,1
1777324697721,29241.00,1
1777324697765,29345.00,1
1777324697805,29207.00,1
1777324697845,29265.00,1
1777324697885,29265.00,1
1777324697931,29236.00,1
1777324697973,29293.00,1
1777324698014,29235.00,1
1777324698056,29315.00,1
1777324698098,29322.00,1
1777324698143,29235.00,1
1777324698183,29300.00,1
1777324698228,29293.00,1
1777324698270,29329.00,1
1777324698311,29242.00,1
1777324698356,29293.00,1
1777324698396,29345.00,1
1777324698438,29207.00,1
1777324698481,29265.00,1
1777324698526,29258.00,1
1777324698565,29265.00,1
1777324698604,29248.00,1
1777324698645,29219.00,1
1777324698686,29219.00,1
1777324698726,29248.00,1
1777324698767,29248.00,1
1777324698812,29400.00,1
1777324698855,29291.00,1
1777324698902,29291.00,1
1777324698945,29269.00,1
1777324698990,29400.00,1
1777324699035,29535.00,1
1777324699079,29644.00,1
1777324699125,29746.00,1
1777324699167,29679.00,1
1777324699210,29909.00,1
1777324699253,29967.00,1
1777324699296,30063.00,1
1777324699338,30034.00,1
1777324699382,30054.00,1
1777324699435,30091.00,1
1777324699478,30120.00,1
1777324699524,30091.00,1
1777324699568,30149.00,1
1777324699616,30091.00,1
1777324699665,30093.00,1
1777324699709,30105.00,1
1777324699752,30016.00,1
1777324699797,30125.00,1
1777324699853,30012.00,1
1777324699898,29976.00,1
1777324699942,29963.00,1
1777324699987,30068.00,1
1777324700038,30009.00,1
1777324700085,30035.00,1
1777324700143,30173.00,1
1777324700184,30144.00,1
1777324700229,30144.00,1
1777324700271,29986.00,1
1777324700313,30066.00,1
1777324700353,29986.00,1
1777324700395,30015.00,1
1777324700438,29986.00,1
1777324700482,30051.00,1
1777324700521,30109.00,1
1777324700560,30051.00,1
1777324700602,30051.00,1
1777324700647,30109.00,1
1777324700689,30060.00,1
1777324700733,30089.00,1
1777324700773,30031.00,1
1777324700813,30017.00,1
1777324700854,30089.00,1
1777324700899,29983.00,1
1777324700942,30121.00,1
1777324700983,30063.00,1
1777324701021,30043.00,1
1777324701059,30041.00,1
1777324701106,29971.00,1
1777324701147,30080.00,1
1777324701187,30080.00,1
1777324701225,30051.00,1
1777324701263,30029.00,1
1777324701303,30051.00,1
1777324701341,30124.00,1
1777324701382,30153.00,1
1777324701421,30131.00,1
1777324701460,30073.00,1
1777324701501,30044.00,1
1777324701542,30145.00,1
1777324701585,30087.00,1
1777324701624,30116.00,1
1777324701663,30116.00,1
1777324701703,30087.00,1
1777324701748,30212.00,1
1777324701790,30183.00,1
1777324701835,30234.00,1
1777324701879,30292.00,1
1777324701923,30234.00,1
1777324701964,30009.00,1
1777324702008,29980.00,1
1777324702049,30038.00,1
1777324702089,30009.00,1
1777324702134,29980.00,1
1777324702181,30011.00,1
1777324702224,29960.00,1
1777324702269,30011.00,1
1777324702309,30017.00,1
1777324702346,29960.00,1
1777324702386,30123.00,1
1777324702427,30145.00,1
1777324702466,30203.00,1
1777324702509,30203.00,1
1777324702551,30145.00,1
1777324702594,30207.00,1
1777324702638,30120.00,1
1777324702679,30207.00,1
1777324702720,30178.00,1
1777324702763,30120.00,1
1777324702805,30225.00,1
1777324702846,30167.00,1
1777324702886,30196.00,1
1777324702926,30254.00,1
1777324702966,30167.00,1
1777324703008,30169.00,1
1777324703048,30089.00,1
1777324703087,30031.00,1
1777324703130,30169.00,1
1777324703170,30111.00,1
1777324703207,30089.00,1
1777324703247,30056.00,1
1777324703290,30056.00,1
1777324703336,30070.00,1
1777324703380,30027.00,1
1777324703419,30036.00,1
1777324703459,30115.00,1
1777324703495,30140.00,1
1777324703533,30060.00,1
1777324703570,30086.00,1
1777324703605,30080.00,1
1777324703650,30220.00,1
1777324703690,30140.00,1
1777324703731,30140.00,1
1777324703772,30143.00,1
1777324703820,30114.00,1
1777324703869,30215.00,1
1777324703910,30188.00,1
1777324703949,30215.00,1
1777324703987,30219.00,1
1777324704030,30190.00,1
1777324704076,30200.00,1
1777324704118,30205.00,1
1777324704166,30173.00,1
1777324704207,30227.00,1
1777324704248,30224.00,1
1777324704290,30114.00,1
1777324704332,30170.00,1
1777324704370,30092.00,1
1777324704411,30115.00,1
1777324704452,30143.00,1
1777324704491,30253.00,1
1777324704531,30173.00,1
1777324704570,30200.00,1
1777324704612,30254.00,1
1777324704656,30173.00,1
1777324704697,30209.00,1
1777324704737,30210.00,1
1777324704777,30235.00,1
1777324704816,30255.00,1
1777324704858,30260.00,1
1777324704904,30301.00,1
1777324704944,30272.00,1
1777324704985,30301.00,1
1777324705026,30314.00,1
1777324705067,30301.00,1
1777324705111,30146.00,1
1777324705155,30222.00,1
1777324705197,30280.00,1
1777324705240,30280.00,1
1777324705286,30191.00,1
1777324705328,30146.00,1
1777324705370,30077.00,1
1777324705415,30202.00,1
1777324705457,30169.00,1
1777324705502,30093.00,1
1777324705548,30174.00,1
1777324705590,30232.00,1
1777324705634,30094.00,1
1777324705676,30152.00,1
1777324705721,30177.00,1
1777324705764,30196.00,1
1777324705811,30274.00,1
1777324705854,30194.00,1
1777324705897,30194.00,1
1777324705947,30138.00,1
1777324705993,30170.00,1
1777324706036,30164.00,1
1777324706210,29778.00,1
1777324706236,29384.00,1
1777324706262,29435.00,1
1777324706289,29413.00,1
1777324706317,29384.00,1
1777324706345,29422.00,1
1777324706393,29384.00,1
1777324706421,29435.00,1
1777324706448,29606.00,1
1777324706496,29606.00,1
1777324706524,29484.00,1
1777324706551,29513.00,1
1777324706581,29548.00,1
1777324706610,29548.00,1
1777324706660,29468.00,1
1777324706691,29497.00,1
1777324706721,29446.00,1
1777324706751,29468.00,1
1777324706782,29468.00,1
1777324706813,29446.00,1
1777324706844,29417.00,1
1777324706876,29528.00,1
1777324706928,29528.00,1
1777324706959,29528.00,1
1777324706991,29506.00,1
1777324707022,29477.00,1
1777324707054,29528.00,1
1777324707085,29557.00,1
1777324707117,29557.00,1
1777324707150,29462.00,1
1777324707180,29499.00,1
1777324707213,29499.00,1
1777324707245,29419.00,1
1777324707280,29454.00,1
1777324707313,29426.00,1
1777324707345,29455.00,1
1777324707377,29455.00,1
1777324707410,29432.00,1
1777324707443,29403.00,1
1777324707475,29448.00,1
1777324707513,29464.00,1
1777324707548,29464.00,1
1777324707581,29435.00,1
1777324707616,29442.00,1
1777324707650,29413.00,1
1777324707685,29464.00,1
1777324707719,29557.00,1
1777324707754,29477.00,1
1777324707789,29419.00,1
1777324707823,29448.00,1
1777324707870,29477.00,1
1777324707903,29373.00,1
1777324707938,29324.00,1
1777324707974,29400.00,1
1777324708014,29480.00,1
1777324708061,29509.00,1
1777324708093,29451.00,1
1777324708130,29371.00,1
1777324708164,29500.00,1
1777324708200,29471.00,1
1777324708237,29442.00,1
1777324708274,29442.00,1
1777324708310,29447.00,1
1777324708347,29483.00,1
1777324708380,29379.00,1
1777324708412,29379.00,1
1777324708448,29299.00,1
1777324708484,29325.00,1
1777324708522,29354.00,1
1777324708559,29368.00,1
1777324708596,29467.00,1
1777324708634,29361.00,1
1777324708670,29416.00,1
1777324708706,29496.00,1
1777324708740,29547.00,1
1777324708779,29411.00,1
1777324708817,29411.00,1
1777324708855,29412.00,1
1777324708893,29386.00,1
1777324708930,29303.00,1
1777324708969,29278.00,1
1777324709010,29414.00,1
1777324709049,29385.00,1
1777324709087,29438.00,1
1777324709125,29467.00,1
1777324709163,29441.00,1
1777324709202,29408.00,1
1777324709241,29398.00,1
1777324709284,29464.00,1
1777324709323,29408.00,1
1777324709363,29464.00,1
1777324709400,29382.00,1
1777324709438,29350.00,1
1777324709477,29401.00,1
1777324709515,29459.00,1
1777324709554,29432.00,1
1777324709595,29377.00,1
1777324709634,29347.00,1
1777324709674,29320.00,1
1777324709717,29370.00,1
1777324709757,29376.00,1
1777324709797,29320.00,1
1777324709837,29320.00,1
1777324709879,29471.00,1
1777324709919,29403.00,1
1777324709959,29448.00,1
1777324709999,29366.00,1
1777324710047,29371.00,1
1777324710089,29475.00,1
1777324710129,29435.00,1
1777324710169,29398.00,1
1777324710212,29523.00,1
1777324710257,29366.00,1
1777324710297,29440.00,1
1777324710342,29422.00,1
1777324710382,29462.00,1
1777324710424,29411.00,1
1777324710468,29382.00,1
1777324710512,29518.00,1
1777324710553,29409.00,1
1777324710595,29438.00,1
1777324710636,29438.00,1
1777324710679,29460.00,1
1777324710721,29425.00,1
1777324710763,29371.00,1
1777324710805,29320.00,1
1777324710848,29400.00,1
1777324710887,29371.00,1
1777324710926,29363.00,1
1777324710964,29336.00,1
1777324711006,29409.00,1
1777324711046,29467.00,1
1777324711087,29487.00,1
1777324711128,29609.00,1
1777324711170,29740.00,1
1777324711210,29849.00,1
1777324711251,29682.00,1
1777324711291,29711.00,1
1777324711334,30018.00,1
1777324711375,30076.00,1
1777324711418,30063.00,1
1777324711460,30034.00,1
1777324711500,30063.00,1
1777324711541,29933.00,1
1777324711582,29978.00,1
1777324711623,30007.00,1
1777324711663,29949.00,1
1777324711706,30000.00,1
1777324711749,30029.00,1
1777324711792,29971.00,1
1777324711836,30029.00,1
1777324711877,29971.00,1
1777324711918,29971.00,1
1777324711961,30067.00,1
1777324712007,30118.00,1
1777324712050,30096.00,1
1777324712094,30067.00,1
1777324712138,30125.00,1
1777324712179,30189.00,1
1777324712222,30218.00,1
1777324712265,30109.00,1
1777324712309,30180.00,1
1777324712360,30160.00,1
1777324712402,29911.00,1
1777324712447,29904.00,1
1777324712488,29962.00,1
1777324712530,29933.00,1
1777324712572,29933.00,1
1777324712618,30036.00,1
1777324712662,29978.00,1
1777324712705,30036.00,1
1777324712744,30007.00,1
1777324712785,30007.00,1
1777324712826,30077.00,1
1777324712870,30070.00,1
1777324712912,30157.00,1
1777324712956,30115.00,1
1777324712998,30086.00,1
1777324713041,30046.00,1
1777324713082,30101.00,1
1777324713125,30101.00,1
1777324713168,30059.00,1
1777324713212,30140.00,1
1777324713254,30127.00,1
1777324713296,30089.00,1
